sample_index,utc_time,utc_datetime,elapsed_min,elapsed_h,dt_s,session_id,trial_id,split,episode_number,step_number,ph_measured,acid_flow,acetate_flow,water_flow,total_flow,valid_for_model,uninformative_flat_ph_trial,total_buffer_mol_l,ph_equilibrium_charge_balance,cumulative_transport_volume_ml,transport_delayed_volume_coordinate_ml,theta_transport_s,ph_equilibrium_transport_delayed,prediction_equilibrium_baseline,residual_equilibrium_baseline,prediction_static_calibrated,residual_static_calibrated,prediction_transport_delay_calibrated,residual_transport_delay_calibrated,prediction_transport_delay_dynamic,residual_transport_delay_dynamic
0,2026-05-11T19:46:07.807Z,2026-05-11 19:46:07.807000+00:00,0.0,0.0,,0,0,train,1,0,4.414143562316895,8.549332618713379,3.926202774047852,4.3504838943481445,16.826019287109375,True,False,0.07414430698007636,4.423065365111247,0.0,0.0,0.0,4.423065365111247,4.423065365111247,-0.00892180279435184,4.15497492271976,0.2591686395971351,4.15497492271976,0.2591686395971351,4.15497492271976,0.2591686395971351
1,2026-05-11T19:48:30.329Z,2026-05-11 19:48:30.329000+00:00,2.3753666666666664,0.03958944444444444,142.522,0,0,train,1,1,4.619248390197754,7.116000175476074,6.097648143768311,7.160530090332031,20.374178409576416,True,False,0.06485487686234068,4.69347214830501,39.96796534729004,39.96796534729004,0.0,4.69347214830501,4.69347214830501,-0.07422375810725601,4.368843177842583,0.25040521235517055,4.368843177842583,0.25040521235517055,4.368843177842583,0.25040521235517055
2,2026-05-11T19:50:50.952Z,2026-05-11 19:50:50.952000+00:00,4.719083333333333,0.07865138888888888,140.623,0,0,train,1,2,4.845854759216309,6.221703052520752,9.732967376708984,8.711876869,24.666547298229737,True,False,0.06468140934493402,4.954649299351862,87.71926685545444,87.71926685545444,0.0,4.954649299351862,4.954649299351862,-0.10879454013555367,4.575411596402982,0.2704431628133266,4.575411596402982,0.2704431628133266,4.575411596402982,0.2704431628133266
3,2026-05-11T19:53:12.043Z,2026-05-11 19:53:12.043000+00:00,7.0706,0.11784333333333333,141.091,0,0,train,1,3,4.805054664611816,4.207277774810791,5.855237007141113,3.0271997451782227,13.089714527130127,True,False,0.07687344717179309,4.90383304682413,145.7230639363633,145.7230639363633,0.0,4.90383304682413,4.90383304682413,-0.09877838221231361,4.535220358847379,0.26983430576443723,4.535220358847379,0.26983430576443723,4.535220358847379,0.26983430576443723
4,2026-05-11T19:55:33.210Z,2026-05-11 19:55:33.210000+00:00,9.423383333333334,0.1570563888888889,141.167,0,0,train,1,4,4.993066787719727,2.5869803428649902,6.577486038208008,4.8657331466674805,14.030199527740479,True,False,0.0653195727042444,5.165490970579203,176.52032611388628,176.52032611388628,0.0,5.165490970579203,5.165490970579203,-0.17242418285947636,4.742169026819436,0.2508977609002905,4.742169026819436,0.2508977609002905,4.742169026819436,0.2508977609002905
5,2026-05-11T19:57:54.609Z,2026-05-11 19:57:54.609000+00:00,11.780033333333334,0.1963338888888889,141.399,0,0,train,1,5,4.670523643493652,7.768003463745117,7.414762974,7.852952003479004,23.03571844122412,True,False,0.0659096718710298,4.740267423435141,209.58459583093588,209.58459583093588,0.0,4.740267423435141,4.740267423435141,-0.06974377994148906,4.405854171878566,0.26466947161508614,4.405854171878566,0.26466947161508614,4.405854171878566,0.26466947161508614
6,2026-05-11T20:00:15.871Z,2026-05-11 20:00:15.871000+00:00,14.1344,0.23557333333333333,141.262,0,0,train,1,6,4.743302345275879,8.820981979370117,9.993937492370604,3.0263543128967285,21.84127378463745,True,False,0.08614387447024549,4.8145299840991145,263.8191234716726,263.8191234716726,0.0,4.8145299840991145,4.8145299840991145,-0.07122763882323557,4.46458940064232,0.27871294463355856,4.46458940064232,0.27871294463355856,4.46458940064232,0.27871294463355856
7,2026-05-11T20:02:37.094Z,2026-05-11 20:02:37.094000+00:00,16.488116666666667,0.27480194444444445,141.223,0,0,train,1,7,4.902092933654785,3.8793654441833496,7.435241699,2.0945754051208496,13.409182548304198,True,False,0.08437954440865048,5.042741416058761,315.2272935998035,315.2272935998035,0.0,5.042741416058761,5.042741416058761,-0.14064848240397598,4.645084801592811,0.2570081320619746,4.645084801592811,0.2570081320619746,4.645084801592811,0.2570081320619746
8,2026-05-11T20:04:58.331Z,2026-05-11 20:04:58.331000+00:00,18.842066666666664,0.3140344444444444,141.237,0,0,train,1,8,4.618697166442871,5.235406398773193,4.867502212524414,5.546240329742432,15.649148941040039,True,False,0.0645588373486729,4.728858781063189,346.79183885938414,346.79183885938414,0.0,4.728858781063189,4.728858781063189,-0.11016161462031793,4.396830927681096,0.22186623876177514,4.396830927681096,0.22186623876177514,4.396830927681096,0.22186623876177514
9,2026-05-11T20:07:19.569Z,2026-05-11 20:07:19.569000+00:00,21.196033333333332,0.35326722222222223,141.238,0,0,train,1,9,5.189899444580078,1.6605889797210691,8.562686920166016,9.065704345703123,19.28898024559021,True,False,0.053000603296404436,5.472550660107976,383.62941382829433,383.62941382829433,0.0,5.472550660107976,5.472550660107976,-0.2826512155278982,4.985026544084518,0.20487290049555984,4.985026544084518,0.20487290049555984,4.985026544084518,0.20487290049555984
10,2026-05-11T20:09:40.352Z,2026-05-11 20:09:40.352000+00:00,23.542416666666668,0.39237361111111113,140.783,0,0,train,1,10,4.953369141,2.5687642097473145,5.994353771209717,1.7615255117416382,10.32464349269867,True,False,0.08293863112089686,5.128203715134962,428.8887555935431,428.8887555935431,0.0,5.128203715134962,5.128203715134962,-0.1748345741349624,4.7126780496849445,0.24069109131505506,4.7126780496849445,0.24069109131505506,4.7126780496849445,0.24069109131505506
11,2026-05-11T20:12:01.263Z,2026-05-11 20:12:01.263000+00:00,25.890933333333333,0.43151555555555554,140.911,0,0,train,1,11,4.251494407653809,6.424426078796387,2.2115581035614014,7.750305652618408,16.386289834976196,True,False,0.05270249867010444,4.299034116326978,453.1363529135375,453.1363529135375,0.0,4.299034116326978,4.299034116326978,-0.04753970867316948,4.056876988766718,0.1946174188870904,4.056876988766718,0.1946174188870904,4.056876988766718,0.1946174188870904
12,2026-05-11T20:14:21.480Z,2026-05-11 20:14:21.480000+00:00,28.227883333333335,0.47046472222222224,140.217,0,0,train,1,12,4.067340850830078,6.418696880340576,1.307341456413269,7.155996799468994,14.88203513622284,True,False,0.051915200213099116,4.0739421926136306,491.43029294338515,491.43029294338515,0.0,4.0739421926136306,4.0739421926136306,-0.006601341783552428,3.878848847614956,0.18849200321512205,3.878848847614956,0.18849200321512205,3.878848847614956,0.18849200321512205
13,2026-05-11T20:16:42.488Z,2026-05-11 20:16:42.488000+00:00,30.578016666666667,0.5096336111111112,141.008,0,0,train,1,13,5.113813400268555,2.360363245010376,9.187598228,8.145929336547852,19.693890809558226,True,False,0.05863727784763432,5.350426320313486,526.4050597848603,526.4050597848603,0.0,5.350426320313486,5.350426320313486,-0.23661292004493095,4.8884368093471355,0.22537659092141915,4.8884368093471355,0.22537659092141915,4.8884368093471355,0.22537659092141915
14,2026-05-11T20:19:03.252Z,2026-05-11 20:19:03.252000+00:00,32.924083333333336,0.5487347222222223,140.764,0,0,train,1,14,5.118224143981934,1.1490943431854248,6.300748825073242,8.297214508,15.747057676258667,True,False,0.04730942961802037,5.499259214698434,572.6082405501379,572.6082405501379,0.0,5.499259214698434,5.499259214698434,-0.3810350707165,5.006150688603558,0.11207345537837554,5.006150688603558,0.11207345537837554,5.006150688603558,0.11207345537837554
15,2026-05-11T20:21:23.783Z,2026-05-11 20:21:23.783000+00:00,35.26626666666667,0.5877711111111111,140.531,0,0,train,1,15,4.189741134643555,9.768297195,2.7110466957092285,5.772246837615967,18.251590728325198,True,False,0.06837400682748249,4.205640991120131,609.4907365885097,609.4907365885097,0.0,4.205640991120131,4.205640991120131,-0.01589985647657599,3.9830111467469815,0.20672998789657315,3.9830111467469815,0.20672998789657315,3.9830111467469815,0.20672998789657315
16,2026-05-11T20:23:44.271Z,2026-05-11 20:23:44.271000+00:00,37.607733333333336,0.6267955555555556,140.488,0,0,train,1,16,4.790167808532715,2.717064380645752,4.586766242980957,8.125826835632324,15.429657459259033,True,False,0.047336310886434,4.987810590406428,652.2262278925255,652.2262278925255,0.0,4.987810590406428,4.987810590406428,-0.19764278187371342,4.601639294435166,0.18852851409754923,4.601639294435166,0.18852851409754923,4.601639294435166,0.18852851409754923
17,2026-05-11T20:26:05.085Z,2026-05-11 20:26:05.085000+00:00,39.95463333333333,0.6659105555555555,140.814,0,0,train,1,17,4.327580451965332,6.713934421539307,2.7263143062591557,4.685109615325928,14.12535834312439,True,False,0.06683192382438613,4.369947726639729,688.4380909836605,688.4380909836605,0.0,4.369947726639729,4.369947726639729,-0.042367274674396604,4.11296348897548,0.21461696298985178,4.11296348897548,0.21461696298985178,4.11296348897548,0.21461696298985178
18,2026-05-11T20:28:25.695Z,2026-05-11 20:28:25.695000+00:00,42.29813333333333,0.7049688888888889,140.61,0,0,train,1,18,4.789616584777832,6.364859580993652,8.544281005859375,3.0984294414520264,18.007570028305054,True,False,0.08279373931862108,4.888164053903471,721.5408682607724,721.5408682607724,0.0,4.888164053903471,4.888164053903471,-0.09854746912563872,4.5228275477799444,0.2667890369978876,4.5228275477799444,0.2667890369978876,4.5228275477799444,0.2667890369978876
19,2026-05-11T20:30:46.486Z,2026-05-11 20:30:46.486000+00:00,44.64465,0.7440775,140.791,0,0,train,1,19,5.087900161743164,2.196958541870117,7.608425140380859,5.5309882164001465,15.336371898651123,True,False,0.06393548452690684,5.29966882536137,763.7959314583574,763.7959314583574,0.0,5.29966882536137,5.29966882536137,-0.2117686636182059,4.8482920439251975,0.23960811781796654,4.8482920439251975,0.23960811781796654,4.8482920439251975,0.23960811781796654
20,2026-05-12T13:21:36.495Z,2026-05-12 13:21:36.495000+00:00,1055.4781333333333,17.59130222222222,60650.009,1,1,train,1,0,4.8419952392578125,8.163414001464844,7.909221172332764,2.349125385284424,18.42176055908203,True,False,0.08724809511148329,4.746618817005707,0.0,0.0,0.0,4.746618817005707,4.746618817005707,0.09537642225210519,4.410877571974124,0.4311176672836883,4.410877571974124,0.4311176672836883,4.410877571974124,0.4311176672836883
21,2026-05-12T13:24:00.581Z,2026-05-12 13:24:00.581000+00:00,1057.8795666666667,17.63132611111111,144.086,1,1,train,1,1,4.887206077575684,3.049386978149414,4.935805320739746,2.1768593788146973,10.162051677703857,True,False,0.07857854449224211,4.969396712870982,44.2386298652649,44.2386298652649,0.0,4.969396712870982,4.969396712870982,-0.0821906352952988,4.587075518290063,0.3001305592856207,4.587075518290063,0.3001305592856207,4.587075518290063,0.3001305592856207
22,2026-05-12T13:26:21.283Z,2026-05-12 13:26:21.283000+00:00,1060.2246,17.67041,140.702,1,1,train,1,2,5.218570709228516,1.0759644508361816,6.213901519775391,4.809741020202637,12.099606990814209,True,False,0.06024878308978052,5.5217386277216995,68.06897978453637,68.06897978453637,0.0,5.5217386277216995,5.5217386277216995,-0.3031679184931839,5.023929949843563,0.19464075938495284,5.023929949843563,0.19464075938495284,5.023929949843563,0.19464075938495284
23,2026-05-12T13:28:42.658Z,2026-05-12 13:28:42.658000+00:00,1062.58085,17.709680833333334,141.375,1,1,train,1,3,4.871767997741699,6.396834850311279,8.592846870422363,6.241216659545898,21.23089838027954,True,False,0.07060314383425671,4.888496968395388,96.57867875664235,96.57867875664235,0.0,4.888496968395388,4.888496968395388,-0.016728970653688613,4.5230908541979655,0.3486771435437337,4.5230908541979655,0.3486771435437337,4.5230908541979655,0.3486771435437337
24,2026-05-12T13:31:01.831Z,2026-05-12 13:31:01.831000+00:00,1064.9004,17.74834,139.173,1,1,train,1,4,4.835929870605469,1.7671830654144287,3.2878217697143555,8.654005051,13.709009886128785,True,False,0.036873595373533144,5.030110045845827,145.82480909461975,145.82480909461975,0.0,5.030110045845827,5.030110045845827,-0.19418017524035847,4.635094485982589,0.20083538462287986,4.635094485982589,0.20083538462287986,4.635094485982589,0.20083538462287986
25,2026-05-12T13:33:20.143Z,2026-05-12 13:33:20.143000+00:00,1067.2056,17.78676,138.312,1,1,train,1,5,4.692578315734863,9.40855312347412,8.54344368,4.960746765136719,22.912743568610836,True,False,0.07834939866418852,4.718534994381752,177.42681868412382,177.42681868412382,0.0,4.718534994381752,4.718534994381752,-0.025956678646888776,4.388665710012583,0.30391260572227985,4.388665710012583,0.30391260572227985,4.388665710012583,0.30391260572227985
26,2026-05-12T13:35:41.312Z,2026-05-12 13:35:41.312000+00:00,1069.5584166666665,17.82597361111111,141.169,1,1,train,1,6,4.618144989013672,4.251001358032227,3.6455094814300537,8.510936737060547,16.407447576522827,True,False,0.04812760060718573,4.69400145298998,231.33630363141089,231.33630363141089,0.0,4.69400145298998,4.69400145298998,-0.07585646397630796,4.369261811828261,0.24888317718541053,4.369261811828261,0.24888317718541053,4.369261811828261,0.24888317718541053
27,2026-05-12T13:38:03.077Z,2026-05-12 13:38:03.077000+00:00,1071.9211666666665,17.865352777777776,141.765,1,1,train,1,7,4.325926780700684,8.786769867,3.122873544692993,5.473313808441162,17.382957220134156,True,False,0.0685133332658635,4.3123200056608075,270.1030003928402,270.1030003928402,0.0,4.3123200056608075,4.3123200056608075,0.013606775039876062,4.067384972094729,0.25854180860595477,4.067384972094729,0.25854180860595477,4.067384972094729,0.25854180860595477
28,2026-05-12T13:40:24.077Z,2026-05-12 13:40:24.077000+00:00,1074.2711666666667,17.904519444444443,141.0,1,1,train,1,8,4.607117652893066,6.329463005065918,5.166192054748535,6.474543571472168,17.97019863128662,True,False,0.06397066218177574,4.672386994036578,310.95294986015546,310.95294986015546,0.0,4.672386994036578,4.672386994036578,-0.06526934114351146,4.352166654054518,0.25495099883854877,4.352166654054518,0.25495099883854877,4.352166654054518,0.25495099883854877
29,2026-05-12T13:42:45.457Z,2026-05-12 13:42:45.457000+00:00,1076.6275,17.943791666666666,141.38,1,1,train,1,9,5.171705246,1.5641522407531738,7.235342502593994,7.955297470092773,16.75479221343994,True,False,0.05251927109122015,5.425392403284964,353.2967279016772,353.2967279016772,0.0,5.425392403284964,5.425392403284964,-0.25368715728496394,4.94772846308873,0.22397678291127043,4.94772846308873,0.22397678291127043,4.94772846308873,0.22397678291127043
30,2026-05-12T13:45:06.960Z,2026-05-12 13:45:06.960000+00:00,1078.9858833333333,17.983098055555555,141.503,1,1,train,1,10,4.368380546569824,3.3075551986694336,1.660105586051941,7.472054481506348,12.439715266227722,True,False,0.03993387853665715,4.462313253920476,392.810950611317,392.810950611317,0.0,4.462313253920476,4.462313253920476,-0.09393270735065151,4.186016590379664,0.18236395619016044,4.186016590379664,0.18236395619016044,4.186016590379664,0.18236395619016044
31,2026-05-12T13:47:27.965Z,2026-05-12 13:47:27.965000+00:00,1081.3359666666668,18.02226611111111,141.005,1,1,train,1,11,4.169893264770508,7.915419578552246,1.7931630611419678,2.0687265396118164,11.77730917930603,True,False,0.08243464183442864,4.117808068540203,422.04531812989103,422.04531812989103,0.0,4.117808068540203,4.117808068540203,0.05208519623030483,3.9135429415760825,0.2563503231944253,3.9135429415760825,0.2563503231944253,3.9135429415760825,0.2563503231944253
32,2026-05-12T13:49:51.054Z,2026-05-12 13:49:51.054000+00:00,1083.7207833333334,18.062013055555557,143.089,1,1,train,1,12,4.016615867614746,9.095129967,1.406910419464111,2.13208556175232,12.63412594821643,True,False,0.0831243920593232,3.9544379735716753,450.13204134918635,450.13204134918635,0.0,3.9544379735716753,3.9544379735716753,0.062177894043070836,3.7843314005877318,0.23228446702701433,3.7843314005877318,0.23228446702701433,3.7843314005877318,0.23228446702701433
33,2026-05-12T13:52:13.493Z,2026-05-12 13:52:13.493000+00:00,1086.0947666666666,18.101579444444443,142.439,1,1,train,1,13,4.113655090332031,6.596598148345947,1.4997410774230957,9.336196899414062,17.432536125183105,True,False,0.0464438402285772,4.121365677812501,480.12524578148634,480.12524578148634,0.0,4.121365677812501,4.121365677812501,-0.007710587480469933,3.916356701195899,0.19729838913613218,3.916356701195899,0.19729838913613218,3.916356701195899,0.19729838913613218
34,2026-05-12T13:54:35.522Z,2026-05-12 13:54:35.522000+00:00,1088.4619166666666,18.141031944444443,142.029,1,1,train,1,14,5.025596618652344,2.5937695503234863,8.060962677001953,4.796279430389404,15.451011657714844,True,False,0.06895815279516294,5.252646582879389,521.3906736702136,521.3906736702136,0.0,5.252646582879389,5.252646582879389,-0.22704996422704493,4.811101538447465,0.21449508020487862,4.811101538447465,0.21449508020487862,4.811101538447465,0.21449508020487862
35,2026-05-12T13:56:57.013Z,2026-05-12 13:56:57.013000+00:00,1090.8201,18.180335,141.491,1,1,train,1,15,5.144688606262207,2.6386256217956543,9.893185616,1.616839886,14.148651123795654,True,False,0.08857248035976556,5.3340950575185335,557.8269918445758,557.8269918445758,0.0,5.3340950575185335,5.3340950575185335,-0.1894064512563265,4.87552020038986,0.2691684058723469,4.87552020038986,0.2691684058723469,4.87552020038986,0.2691684058723469
36,2026-05-12T13:59:18.578Z,2026-05-12 13:59:18.578000+00:00,1093.1795166666666,18.21965861111111,141.565,1,1,train,1,16,5.101132392883301,2.3411550521850586,8.106987953186035,2.909078836,13.357221841371093,True,False,0.07822092894354904,5.2995895022692245,591.2095551169114,591.2095551169114,0.0,5.2995895022692245,5.2995895022692245,-0.19845710938592376,4.848229306256018,0.252903086627283,4.848229306256018,0.252903086627283,4.848229306256018,0.252903086627283
37,2026-05-12T14:01:39.706Z,2026-05-12 14:01:39.706000+00:00,1095.5316500000001,18.258860833333337,141.128,1,1,train,1,17,4.335300445556641,9.832083702087402,3.861116647720337,9.266672134399414,22.959872484207153,True,False,0.05963970557426461,4.355651887108808,622.6275218507284,622.6275218507284,0.0,4.355651887108808,4.355651887108808,-0.02035144155216706,4.101656722851189,0.23364372270545175,4.101656722851189,0.23364372270545175,4.101656722851189,0.23364372270545175
38,2026-05-12T14:04:01.828Z,2026-05-12 14:04:01.828000+00:00,1097.90035,18.298339166666665,142.122,1,1,train,1,18,4.927454948425293,5.234331607818604,9.27167510986328,1.112860918045044,15.618867635726929,True,False,0.09287489372469318,5.008495787175126,677.0125718040699,677.0125718040699,0.0,5.008495787175126,5.008495787175126,-0.08104083874983292,4.617999486615047,0.30945546181024586,4.617999486615047,0.30945546181024586,4.617999486615047,0.30945546181024586
39,2026-05-12T14:06:23.735Z,2026-05-12 14:06:23.735000+00:00,1100.2654666666667,18.337757777777778,141.907,1,1,train,1,19,5.037725448608398,2.7481374740600586,8.593023300170898,9.474826813,20.815987587230957,True,False,0.0544829339790148,5.255348687036941,713.9530159637883,713.9530159637883,0.0,5.255348687036941,5.255348687036941,-0.21762323842854236,4.8132386679029855,0.22448678070541295,4.8132386679029855,0.22448678070541295,4.8132386679029855,0.22448678070541295
40,2026-05-12T14:08:45.405Z,2026-05-12 14:08:45.405000+00:00,1102.6266333333333,18.377110555555554,141.67,1,1,train,1,20,4.972665786743164,2.798015594482422,7.081581592559815,7.36138105392456,17.240978240966797,True,False,0.0573029966685245,5.163536304753556,763.1030319885051,763.1030319885051,0.0,5.163536304753556,5.163536304753556,-0.19087051801039223,4.7406230560988,0.23204273064436443,4.7406230560988,0.23204273064436443,4.7406230560988,0.23204273064436443
41,2026-05-12T14:11:06.405Z,2026-05-12 14:11:06.405000+00:00,1104.9766333333332,18.41627722222222,141.0,1,1,train,1,21,4.567420006,3.407503128051758,3.0750389099121094,2.7852180004119877,9.267760038375854,True,False,0.06994723656116492,4.715893313351654,803.6193308547771,803.6193308547771,0.0,4.715893313351654,4.715893313351654,-0.14847330735165443,4.386576369997421,0.1808436360025789,4.386576369997421,0.1808436360025789,4.386576369997421,0.1808436360025789
42,2026-05-12T14:13:28.000Z,2026-05-12 14:13:28+00:00,1107.33655,18.455609166666665,141.595,1,1,train,1,22,4.763151168823242,1.8840086460113523,3.156545162200928,1.175512194633484,6.216066002845764,True,False,0.08108912945751663,4.9843663243210745,825.4904722320076,825.4904722320076,0.0,4.9843663243210745,4.9843663243210745,-0.22121515549783233,4.598915179421654,0.1642359894015879,4.598915179421654,0.1642359894015879,4.598915179421654,0.1642359894015879
43,2026-05-12T14:15:48.903Z,2026-05-12 14:15:48.903000+00:00,1109.6849333333334,18.49474888888889,140.903,1,1,train,1,23,4.567420006,7.6740570068359375,5.443904876708984,9.056580543518066,22.17454242706299,True,False,0.05915775681366514,4.611624899203194,840.0881780319905,840.0881780319905,0.0,4.611624899203194,4.611624899203194,-0.04420489320319376,4.304109119971463,0.2633108860285365,4.304109119971463,0.2633108860285365,4.304109119971463,0.2633108860285365
44,2026-05-12T14:18:10.664Z,2026-05-12 14:18:10.664000+00:00,1112.0476166666667,18.534126944444445,141.761,1,1,train,1,24,4.65343189239502,9.119361877441406,8.345041275024414,9.212096214294434,26.676499366760254,True,False,0.06546737228283786,4.7219683315987755,892.4795998487051,892.4795998487051,0.0,4.7219683315987755,4.7219683315987755,-0.06853643920375507,4.39138118124145,0.26205071115357015,4.39138118124145,0.26205071115357015,4.39138118124145,0.26205071115357015
45,2026-05-12T14:20:31.995Z,2026-05-12 14:20:31.995000+00:00,1114.4031333333332,18.573385555555554,141.331,1,1,train,1,25,4.345775604248047,9.048858642578123,3.539415121078491,3.339630603790283,15.927904367446898,True,False,0.07903283114497003,4.353541560318699,955.3165387154316,955.3165387154316,0.0,4.353541560318699,4.353541560318699,-0.0077659560706520026,4.099987637841528,0.24578796640651923,4.099987637841528,0.24578796640651923,4.099987637841528,0.24578796640651923
46,2026-05-12T14:22:53.376Z,2026-05-12 14:22:53.376000+00:00,1116.7594833333335,18.61265805555556,141.381,1,1,train,1,26,4.328131675720215,3.804446220397949,1.855440974235535,9.726368904,15.386256098633483,True,False,0.036785343740223866,4.450055028487928,992.8482561716652,992.8482561716652,0.0,4.450055028487928,4.450055028487928,-0.12192335276771349,4.17632139984784,0.15181027587237494,4.17632139984784,0.15181027587237494,4.17632139984784,0.15181027587237494
47,2026-05-12T14:25:14.335Z,2026-05-12 14:25:14.335000+00:00,1119.1088000000002,18.651813333333337,140.959,1,1,train,1,27,4.867908477783203,4.621294021606445,7.777799606323242,4.400923728942871,16.80001735687256,True,False,0.07380405248722831,4.986352874530159,1028.9954440617864,1028.9954440617864,0.0,4.986352874530159,4.986352874530159,-0.1184443967469555,4.600486367917419,0.26742210986578385,4.600486367917419,0.26742210986578385,4.600486367917419,0.26742210986578385
48,2026-05-12T14:27:35.593Z,2026-05-12 14:27:35.593000+00:00,1121.4631,18.691051666666667,141.258,1,1,train,1,28,4.827108383178711,2.9393019676208496,5.055250644683838,6.315067291259766,14.309619903564453,True,False,0.05586837851865853,4.995836074936932,1068.5477249250714,1068.5477249250714,0.0,4.995836074936932,4.995836074936932,-0.168727691758221,4.607986754927028,0.21912162825168302,4.607986754927028,0.21912162825168302,4.607986754927028,0.21912162825168302
49,2026-05-12T14:29:57.389Z,2026-05-12 14:29:57.389000+00:00,1123.8263666666667,18.730439444444446,141.796,1,1,train,1,29,4.637993812561035,4.788331031799316,4.447020530700684,1.4427543878555298,10.67810595035553,True,False,0.08648866761049985,4.728260976619935,1102.365172655835,1102.365172655835,0.0,4.728260976619935,4.728260976619935,-0.09026716405889967,4.396358116342292,0.2416356962187436,4.396358116342292,0.2416356962187436,4.396358116342292,0.2416356962187436
50,2026-05-12T14:32:18.768Z,2026-05-12 14:32:18.768000+00:00,1126.1826833333332,18.769711388888886,141.379,1,2,train,2,0,4.604361534118652,8.834828377,6.996333599090576,4.639993667602539,20.471155643693116,True,False,0.07733399252898523,4.659171461817782,0.0,0.0,0.0,4.659171461817782,4.659171461817782,-0.054809927699129624,4.341714317087334,0.26264721703131855,4.341714317087334,0.26264721703131855,4.341714317087334,0.26264721703131855
51,2026-05-12T14:34:40.909Z,2026-05-12 14:34:40.909000+00:00,1128.5517,18.809195,142.141,1,2,train,2,1,4.560252189636231,5.993945121765137,4.859119415283203,7.390170574188232,18.243235111236572,True,False,0.059490898795486136,4.669476702812655,48.496508905836386,48.496508905836386,0.0,4.669476702812655,4.669476702812655,-0.10922451317642334,4.349864866730219,0.21038732290601203,4.349864866730219,0.21038732290601203,4.349864866730219,0.21038732290601203
52,2026-05-12T14:37:02.605Z,2026-05-12 14:37:02.605000+00:00,1130.9133,18.848554999999998,141.696,1,2,train,2,2,4.470381736755371,8.788537025,5.004181385040283,9.226182938,23.01890134804028,True,False,0.059919099532587075,4.516370923957488,91.57973294453268,91.57973294453268,0.0,4.516370923957488,4.516370923957488,-0.04598918720211653,4.228771507361671,0.24161022939370014,4.228771507361671,0.24161022939370014,4.228771507361671,0.24161022939370014
53,2026-05-12T14:39:24.168Z,2026-05-12 14:39:24.168000+00:00,1133.2726833333334,18.887878055555557,141.563,1,2,train,2,3,4.853573799133301,6.068652629852295,9.204799652,9.646328926086426,24.91978120793872,True,False,0.061290475042319464,4.941260826720923,145.89014513674312,145.89014513674312,0.0,4.941260826720923,4.941260826720923,-0.08768702758762181,4.564822478606011,0.2887513205272896,4.564822478606011,0.2887513205272896,4.564822478606011,0.2887513205272896
54,2026-05-12T14:41:45.518Z,2026-05-12 14:41:45.518000+00:00,1135.6285166666667,18.927141944444443,141.35,1,2,train,2,4,4.454943656921387,7.181658744812012,3.965494155883789,3.490147829055786,14.637300729751587,True,False,0.07615579611641266,4.502854026246169,204.59699636577875,204.59699636577875,0.0,4.502854026246169,4.502854026246169,-0.04791036932478221,4.218080816491975,0.23686284042941175,4.218080816491975,0.23686284042941175,4.218080816491975,0.23686284042941175
55,2026-05-12T14:44:07.194Z,2026-05-12 14:44:07.194000+00:00,1137.9897833333334,18.966496388888892,141.676,1,2,train,2,5,4.212347984313965,6.720005989074707,2.10981822,2.2132785320281982,11.043102741102906,True,False,0.07995781997218698,4.258520740100368,239.15956666891685,239.15956666891685,0.0,4.258520740100368,4.258520740100368,-0.04617275578640356,4.024834430586841,0.18751355372712375,4.024834430586841,0.18751355372712375,4.024834430586841,0.18751355372712375
56,2026-05-12T14:46:29.068Z,2026-05-12 14:46:29.068000+00:00,1140.35435,19.005905833333333,141.874,1,2,train,2,6,4.425170898,3.9526641368865967,2.5090510845184326,8.314724922180176,14.776440143585205,True,False,0.043729850753059823,4.563760913241724,265.2717193071041,265.2717193071041,0.0,4.563760913241724,4.563760913241724,-0.1385900152417241,4.266252868586425,0.15891802941357547,4.266252868586425,0.15891802941357547,4.266252868586425,0.15891802941357547
57,2026-05-12T14:48:51.658Z,2026-05-12 14:48:51.658000+00:00,1142.73085,19.045514166666667,142.59,1,2,train,2,7,4.793475151062012,7.425939559936523,9.599676132202148,7.379024505615234,24.404640197753906,True,False,0.06976384635945435,4.871845204640053,300.3879293083343,300.3879293083343,0.0,4.871845204640053,4.871845204640053,-0.07837005357804117,4.509920756846824,0.28355439421518813,4.509920756846824,0.28355439421518813,4.509920756846824,0.28355439421518813
58,2026-05-12T14:51:13.162Z,2026-05-12 14:51:13.162000+00:00,1145.08925,19.084820833333332,141.504,1,2,train,2,8,4.4554948806762695,6.393741130828857,3.7063279151916495,3.857410430908203,13.957479476928711,True,False,0.07236313019636256,4.5239617318108705,357.94383275071715,357.94383275071715,0.0,4.5239617318108705,4.5239617318108705,-0.06846685113460094,4.234775176394678,0.22071970428159116,4.234775176394678,0.22071970428159116,4.234775176394678,0.22071970428159116
59,2026-05-12T14:53:35.106Z,2026-05-12 14:53:35.106000+00:00,1147.4549833333333,19.12424972222222,141.944,1,2,train,2,9,4.767561912536621,6.490094661712647,8.302104949951172,3.8765311241149902,18.66873073577881,True,False,0.0792351650523001,4.867239366257201,390.9635071986033,390.9635071986033,0.0,4.867239366257201,4.867239366257201,-0.09967745372058001,4.506277939138318,0.261283973398303,4.506277939138318,0.261283973398303,4.506277939138318,0.261283973398303
60,2026-05-12T14:55:56.695Z,2026-05-12 14:55:56.695000+00:00,1149.8148,19.163580000000003,141.589,1,2,train,2,10,4.378856658935547,4.671301842,2.4536473751068115,1.6579327583312988,8.78288197543811,True,False,0.08112313517399171,4.481157052830006,435.01828913440636,435.01828913440636,0.0,4.481157052830006,4.481157052830006,-0.10230039389445889,4.200920396952366,0.1779362619831808,4.200920396952366,0.1779362619831808,4.200920396952366,0.1779362619831808
61,2026-05-12T14:58:17.999Z,2026-05-12 14:58:17.999000+00:00,1152.1698666666666,19.20283111111111,141.304,1,2,train,2,11,4.0662384033203125,8.486347198486328,1.842304229736328,7.040344715118408,17.368996143341064,True,False,0.059466024075216686,4.100582139962794,455.7025617120281,455.7025617120281,0.0,4.100582139962794,4.100582139962794,-0.034343736642481915,3.8999187297711555,0.166319673549157,3.8999187297711555,0.166319673549157,3.8999187297711555,0.166319673549157
62,2026-05-12T15:00:39.600Z,2026-05-12 15:00:39.600000+00:00,1154.5298833333334,19.242164722222224,141.601,1,2,train,2,12,4.496295928955078,5.389996528625488,3.587766170501709,2.4772002696990967,11.454962968826294,True,False,0.07837443668355293,4.583837690203224,496.6936820935821,496.6936820935821,0.0,4.583837690203224,4.583837690203224,-0.08754176124814617,4.282131853597571,0.21416407535750714,4.282131853597571,0.21416407535750714,4.282131853597571,0.21416407535750714
63,2026-05-12T15:03:00.933Z,2026-05-12 15:03:00.933000+00:00,1156.8854333333334,19.281423888888888,141.333,1,2,train,2,13,4.931865692138672,2.319996118545532,5.883328914642334,9.158088684082031,17.361413717269897,True,False,0.047250328612512604,5.164446167249677,523.6764201148009,523.6764201148009,0.0,5.164446167249677,5.164446167249677,-0.2325804751110052,4.7413426782256884,0.19052301391298343,4.7413426782256884,0.19052301391298343,4.7413426782256884,0.19052301391298343
64,2026-05-12T15:05:23.209Z,2026-05-12 15:05:23.209000+00:00,1159.2567000000001,19.320945000000002,142.276,1,2,train,2,14,4.642955780029297,8.354703903198242,7.741885662078857,3.4639968872070312,19.56058645248413,True,False,0.08229093541943823,4.72731177719889,564.8449617487724,564.8449617487724,0.0,4.72731177719889,4.72731177719889,-0.08435599716959352,4.395607382127918,0.24734839790137908,4.395607382127918,0.24734839790137908,4.395607382127918,0.24734839790137908
65,2026-05-12T15:07:45.645Z,2026-05-12 15:07:45.645000+00:00,1161.6306333333334,19.360510555555557,142.436,1,2,train,2,15,4.440056800842285,6.315206527709961,3.978550672531128,9.969668388,20.26342558824109,True,False,0.05079968910199753,4.560329334665905,611.280489947873,611.280489947873,0.0,4.560329334665905,4.560329334665905,-0.12027253382361991,4.263538788289846,0.17651801255243882,4.263538788289846,0.17651801255243882,4.263538788289846,0.17651801255243882
66,2026-05-12T15:10:07.556Z,2026-05-12 15:10:07.556000+00:00,1163.9958166666665,19.399930277777777,141.911,1,2,train,2,16,4.5767927169799805,8.860002517700195,6.578691482543945,3.931365966796875,19.370059967041016,True,False,0.07970390399675448,4.631226485045645,659.207206425421,659.207206425421,0.0,4.631226485045645,4.631226485045645,-0.0544337680656648,4.319612270122698,0.2571804468572827,4.319612270122698,0.2571804468572827,4.319612270122698,0.2571804468572827
67,2026-05-12T15:12:29.770Z,2026-05-12 15:12:29.770000+00:00,1166.36605,19.43943416666667,142.214,1,2,train,2,17,4.197461128234863,6.807454109191895,2.1034352779388428,1.0485353469848633,9.9594247341156,True,False,0.08947192860052303,4.251451645891479,705.1187682279672,705.1187682279672,0.0,4.251451645891479,4.251451645891479,-0.053990517656616,4.019243391686494,0.17821773654836903,4.019243391686494,0.17821773654836903,4.019243391686494,0.17821773654836903
68,2026-05-12T15:14:51.128Z,2026-05-12 15:14:51.128000+00:00,1168.7220166666666,19.478700277777776,141.358,1,2,train,2,18,4.352943420410156,5.532317161560059,2.561502456665039,2.992248058319092,11.08606767654419,True,False,0.07300893206118464,4.426616918801823,728.582840920719,728.582840920719,0.0,4.426616918801823,4.426616918801823,-0.07367349839166693,4.157783892900935,0.1951595275092215,4.157783892900935,0.1951595275092215,4.157783892900935,0.1951595275092215
69,2026-05-12T15:17:13.116Z,2026-05-12 15:17:13.116000+00:00,1171.0884833333332,19.518141388888886,141.988,1,2,train,2,19,4.843097686767578,6.219867706298828,9.886786460876465,6.341348648071289,22.448002815246582,True,False,0.07175094506062574,4.961552986805224,754.8176505416717,754.8176505416717,0.0,4.961552986805224,4.961552986805224,-0.11845530003764626,4.580871812940916,0.2622258738266625,4.580871812940916,0.2622258738266625,4.580871812940916,0.2622258738266625
70,2026-05-12T15:19:34.334Z,2026-05-12 15:19:34.334000+00:00,1173.4421166666666,19.55736861111111,141.218,1,2,train,2,20,4.722351074,1.3204381465911863,2.331531047821045,1.7338905334472656,5.385859727859497,True,False,0.06780661545122776,5.007196038164305,807.6520182343966,807.6520182343966,0.0,5.007196038164305,5.007196038164305,-0.2848449641643054,4.616971498153521,0.10537957584647906,4.616971498153521,0.10537957584647906,4.616971498153521,0.10537957584647906
71,2026-05-12T15:21:55.987Z,2026-05-12 15:21:55.987000+00:00,1175.8029999999999,19.596716666666666,141.653,1,2,train,2,21,4.517247200012207,7.322654724121094,4.923448563,5.513732433319092,17.759835720440186,True,False,0.06895392209640083,4.5882768279689445,820.3674047015712,820.3674047015712,0.0,4.5882768279689445,4.5882768279689445,-0.0710296279567375,4.285642825611627,0.2316043744005798,4.285642825611627,0.2316043744005798,4.285642825611627,0.2316043744005798
72,2026-05-12T15:24:17.907Z,2026-05-12 15:24:17.907000+00:00,1178.1683333333335,19.63613888888889,141.92,1,2,train,2,22,3.930053711,8.417365074157715,1.214712142944336,8.550868988,18.18294620510205,True,False,0.05297313817273098,3.928011877932297,862.3753361256524,862.3753361256524,0.0,3.928011877932297,3.928011877932297,0.0020418330677030028,3.763430656540742,0.16662305445925796,3.763430656540742,0.16662305445925796,3.763430656540742,0.16662305445925796
73,2026-05-12T15:26:39.779Z,2026-05-12 15:26:39.779000+00:00,1180.5328666666667,19.675547777777776,141.872,1,2,train,2,23,4.512285232543945,3.695390939712525,2.7524333000183105,3.100379467010498,9.548203706741333,True,False,0.06752918598896741,4.632668793060843,905.3695185258231,905.3695185258231,0.0,4.632668793060843,4.632668793060843,-0.12038356051689725,4.320753010361965,0.19153222218197996,4.320753010361965,0.19153222218197996,4.320753010361965,0.19153222218197996
74,2026-05-12T15:29:01.672Z,2026-05-12 15:29:01.672000+00:00,1182.89775,19.714962500000002,141.893,1,2,train,2,24,4.772523880004883,5.554773807525635,7.206357002258301,9.81508445739746,22.576215267181396,True,False,0.05652466836783995,4.873467699697497,927.9499063351673,927.9499063351673,0.0,4.873467699697497,4.873467699697497,-0.10094381969261423,4.5112040093702355,0.26131987063464734,4.5112040093702355,0.26131987063464734,4.5112040093702355,0.26131987063464734
75,2026-05-12T15:31:23.818Z,2026-05-12 15:31:23.818000+00:00,1185.26685,19.7544475,142.146,1,2,train,2,25,5.149650573730469,1.4570271968841553,7.035609245300293,8.114689826965332,16.60732626914978,True,False,0.05113789122069939,5.444048857876581,981.4352179246467,981.4352179246467,0.0,5.444048857876581,5.444048857876581,-0.29439828414611213,4.962484096594522,0.18716647713594714,4.962484096594522,0.18716647713594714,4.962484096594522,0.18716647713594714
76,2026-05-12T15:33:46.786Z,2026-05-12 15:33:46.786000+00:00,1187.64965,19.794160833333333,142.968,1,2,train,2,26,4.904297828674316,2.913615703582764,6.170339107513428,4.517364978790283,13.601319789886475,True,False,0.0667873041103757,5.086121536120309,1021.0071549587768,1021.0071549587768,0.0,5.086121536120309,5.086121536120309,-0.18182370744599297,4.679394704898505,0.22490312377581123,4.679394704898505,0.22490312377581123,4.679394704898505,0.22490312377581123
77,2026-05-12T15:36:09.161Z,2026-05-12 15:36:09.161000+00:00,1190.0225666666668,19.833709444444445,142.375,1,2,train,2,27,5.111607551574707,2.077772617340088,8.441777229309082,6.848407269,17.36795711564917,True,False,0.06056872306053006,5.369029194723838,1053.2819533768616,1053.2819533768616,0.0,5.369029194723838,5.369029194723838,-0.2574216431491312,4.90315006558805,0.20845748598665725,4.90315006558805,0.20845748598665725,4.90315006558805,0.20845748598665725
78,2026-05-12T15:38:31.252Z,2026-05-12 15:38:31.252000+00:00,1192.39075,19.873179166666667,142.091,1,2,train,2,28,4.479203224182129,8.029460906982422,4.680170536,4.752354621887207,17.461986064869627,True,False,0.07278456984083793,4.526338452174521,1094.41245995219,1094.41245995219,0.0,4.526338452174521,4.526338452174521,-0.047135227992392004,4.236654955559555,0.24254826862257417,4.236654955559555,0.24254826862257417,4.236654955559555,0.24254826862257417
79,2026-05-12T15:40:53.322Z,2026-05-12 15:40:53.322000+00:00,1194.7585833333333,19.912643055555556,142.07,1,2,train,2,29,4.419105529785156,4.373124122619629,2.3989381790161133,5.145124435424805,11.917186737060547,True,False,0.056826014822573115,4.500282676794952,1135.7595326227904,1135.7595326227904,0.0,4.500282676794952,4.500282676794952,-0.08117714700979572,4.216047102640763,0.20305842714439315,4.216047102640763,0.20305842714439315,4.216047102640763,0.20305842714439315
80,2026-05-12T15:43:15.106Z,2026-05-12 15:43:15.106000+00:00,1197.12165,19.9520275,141.784,1,3,train,3,0,4.013307571411133,6.323430538,1.245916485786438,4.5049028396606445,12.074249863447083,True,False,0.06268999821431112,4.058920187300633,0.0,0.0,0.0,4.058920187300633,4.058920187300633,-0.045612615889500496,3.8669677474931654,0.1463398239179674,3.8669677474931654,0.1463398239179674,3.8669677474931654,0.1463398239179674
81,2026-05-12T15:45:37.754Z,2026-05-12 15:45:37.754000+00:00,1199.4991166666666,19.991651944444445,142.648,1,3,train,3,1,4.808362961,3.23929214477539,5.761162757873535,7.821721076965332,16.822175979614258,True,False,0.05350351175469817,5.010404035335842,28.706126575349987,28.706126575349987,0.0,5.010404035335842,5.010404035335842,-0.20204107433584184,4.619508744998486,0.18885421600151453,4.619508744998486,0.18885421600151453,4.619508744998486,0.18885421600151453
82,2026-05-12T15:48:00.440Z,2026-05-12 15:48:00.440000+00:00,1201.8772166666668,20.031286944444446,142.686,1,3,train,3,2,4.669971466064453,6.256481170654297,5.423519134521484,6.229099273681641,17.909099578857422,True,False,0.06521824424363915,4.698487043926574,68.71094327247066,68.71094327247066,0.0,4.698487043926574,4.698487043926574,-0.028515577862120445,4.372809524261632,0.2971619418028215,4.372809524261632,0.2971619418028215,4.372809524261632,0.2971619418028215
83,2026-05-12T15:50:21.660Z,2026-05-12 15:50:21.660000+00:00,1204.2308833333334,20.070514722222224,141.22,1,3,train,3,3,4.4637651443481445,8.331745147705078,4.553992271,8.414236068725586,21.299973487430663,True,False,0.06049649510741921,4.4986525005496665,110.8629939812414,110.8629939812414,0.0,4.4986525005496665,4.4986525005496665,-0.034887356201521946,4.214757774965606,0.24900736938253853,4.214757774965606,0.24900736938253853,4.214757774965606,0.24900736938253853
84,2026-05-12T15:52:43.613Z,2026-05-12 15:52:43.613000+00:00,1206.5967666666666,20.10994611111111,141.953,1,3,train,3,4,4.228887557983398,8.030882835388184,2.735448837280273,7.576201438903809,18.342533111572266,True,False,0.05869599148154734,4.294245854233084,161.25624625559547,161.25624625559547,0.0,4.294245854233084,4.294245854233084,-0.06535829624968592,4.053089889763518,0.17579766821988052,4.053089889763518,0.17579766821988052,4.053089889763518,0.17579766821988052
85,2026-05-12T15:55:05.414Z,2026-05-12 15:55:05.414000+00:00,1208.9601166666666,20.149335277777777,141.801,1,3,train,3,5,4.459354400634766,9.446430206298828,5.658636569976807,8.926506042480469,24.031572818756104,True,False,0.06285509021900751,4.538297770933638,204.6060718848298,204.6060718848298,0.0,4.538297770933638,4.538297770933638,-0.07894337029887222,4.246113736900988,0.21324066373377804,4.246113736900988,0.21324066373377804,4.246113736900988,0.21324066373377804
86,2026-05-12T15:57:28.706Z,2026-05-12 15:57:28.706000+00:00,1211.3483166666667,20.18913861111111,143.292,1,3,train,3,6,4.930763244628906,4.809371948242188,9.95445156097412,2.764582872390747,17.528406381607056,True,False,0.08422798506490764,5.076125972872053,261.9982740905831,261.9982740905831,0.0,5.076125972872053,5.076125972872053,-0.1453627282431471,4.6714890834284155,0.25927416120049074,4.6714890834284155,0.25927416120049074,4.6714890834284155,0.25927416120049074
87,2026-05-12T15:59:51.516Z,2026-05-12 15:59:51.516000+00:00,1213.7284833333333,20.228808055555554,142.81,1,3,train,3,7,4.4306840896606445,8.223516464233398,4.436218262,1.5015095472335815,14.16124427346698,True,False,0.08939705072352389,4.492641603399561,303.7188026798715,303.7188026798715,0.0,4.492641603399561,4.492641603399561,-0.06195751373891678,4.21000367793434,0.22068041172630437,4.21000367793434,0.22068041172630437,4.21000367793434,0.22068041172630437
88,2026-05-12T16:02:13.404Z,2026-05-12 16:02:13.404000+00:00,1216.0932833333331,20.268221388888886,141.888,1,3,train,3,8,4.722351074,3.125374794006348,4.181918144226074,2.473954200744629,9.78124713897705,True,False,0.07470717010220272,4.886781639066828,337.2073131377662,337.2073131377662,0.0,4.886781639066828,4.886781639066828,-0.1644305650668283,4.521734177837531,0.2006168961624688,4.521734177837531,0.2006168961624688,4.521734177837531,0.2006168961624688
89,2026-05-12T16:04:35.577Z,2026-05-12 16:04:35.577000+00:00,1218.4628333333335,20.30771388888889,142.173,1,3,train,3,9,4.813324928283691,2.937996864318848,4.786731719970703,2.405787467956543,10.130516052246094,True,False,0.07625207387709393,4.972245365465158,360.3844672959293,360.3844672959293,0.0,4.972245365465158,4.972245365465158,-0.1589204371814663,4.589328554817371,0.22399637346632062,4.589328554817371,0.22399637346632062,4.589328554817371,0.22399637346632062
90,2026-05-12T16:06:57.964Z,2026-05-12 16:06:57.964000+00:00,1220.8359500000001,20.347265833333335,142.387,1,3,train,3,10,4.172650337219238,5.659758567810059,1.6289029121398926,4.344859600067139,11.63352108001709,True,False,0.06265223941932502,4.221492236606768,384.4253637814487,384.4253637814487,0.0,4.221492236606768,4.221492236606768,-0.04884189938753014,3.9955481037482468,0.17710223347099152,3.9955481037482468,0.17710223347099152,3.9955481037482468,0.17710223347099152
91,2026-05-12T16:09:20.287Z,2026-05-12 16:09:20.287000+00:00,1223.2079999999999,20.386799999999997,142.323,1,3,train,3,11,4.780243873596191,2.981888055801392,4.477949142456055,1.8164279460906985,9.276265144348145,True,False,0.08041854218454059,4.93684811318365,412.02065745930327,412.02065745930327,0.0,4.93684811318365,4.93684811318365,-0.15660423958745895,4.561332405859216,0.21891146773697567,4.561332405859216,0.21891146773697567,4.561332405859216,0.21891146773697567
92,2026-05-12T16:11:41.775Z,2026-05-12 16:11:41.775000+00:00,1225.5661333333333,20.42610222222222,141.488,1,3,train,3,12,4.894925117492676,4.2156829833984375,7.869575977325439,9.926755905151367,22.012014865875244,True,False,0.05490301107991434,5.031407333616514,433.8953275050288,433.8953275050288,0.0,5.031407333616514,5.031407333616514,-0.13648221612383793,4.636120527817161,0.2588045896755151,4.636120527817161,0.2588045896755151,4.636120527817161,0.2588045896755151
93,2026-05-12T16:14:04.844Z,2026-05-12 16:14:04.844000+00:00,1227.9506166666665,20.465843611111108,143.069,1,3,train,3,13,4.648469924926758,8.045789719,7.092952728271484,8.478935241699219,23.6176776889707,True,False,0.06409919995792464,4.705794052683997,486.3826100857939,486.3826100857939,0.0,4.705794052683997,4.705794052683997,-0.05732412775723894,4.378588732884507,0.26988119204225125,4.378588732884507,0.26988119204225125,4.378588732884507,0.26988119204225125
94,2026-05-12T16:16:26.813Z,2026-05-12 16:16:26.813000+00:00,1230.3167666666666,20.505279444444444,141.969,1,3,train,3,14,4.021027565002441,7.409592151641846,1.482351541519165,9.951426506,18.84337019916101,True,False,0.04718871199355261,4.066812755711932,542.2655781495519,542.2655781495519,0.0,4.066812755711932,4.066812755711932,-0.045785190709490386,3.8732100828910623,0.14781748211137913,3.8732100828910623,0.14781748211137913,3.8732100828910623,0.14781748211137913
95,2026-05-12T16:18:48.689Z,2026-05-12 16:18:48.689000+00:00,1232.6813666666667,20.544689444444444,141.876,1,3,train,3,15,4.003383636474609,9.056743621826172,1.710686445236206,9.847497940063477,20.614928007125854,True,False,0.052231228085494436,4.041824261292047,586.822611322488,586.822611322488,0.0,4.041824261292047,4.041824261292047,-0.038440624817437374,3.853446356417168,0.14993728005744122,3.853446356417168,0.14993728005744122,3.853446356417168,0.14993728005744122
96,2026-05-12T16:21:11.855Z,2026-05-12 16:21:11.855000+00:00,1235.0674666666666,20.58445777777778,143.166,1,3,train,3,16,3.941632270812988,9.695536613464355,1.3416810035705566,7.364595413208008,18.40181303024292,True,False,0.059978968370646535,3.909371620763599,636.011891040291,636.011891040291,0.0,3.909371620763599,3.909371620763599,0.03226065004938894,3.7486878337882024,0.19294443702478548,3.7486878337882024,0.19294443702478548,3.7486878337882024,0.19294443702478548
97,2026-05-12T16:23:34.427Z,2026-05-12 16:23:34.427000+00:00,1237.4436666666666,20.62406111111111,142.572,1,3,train,3,17,5.0085039138793945,3.5627453327178955,9.780977249145508,9.621156692504885,22.964879274368286,True,False,0.05810491064395313,5.1988390521312295,679.7382791627542,679.7382791627542,0.0,5.1988390521312295,5.1988390521312295,-0.190335138251835,4.768544459894704,0.23995945398469054,4.768544459894704,0.23995945398469054,4.768544459894704,0.23995945398469054
98,2026-05-12T16:25:57.310Z,2026-05-12 16:25:57.310000+00:00,1239.82505,20.66375083333333,142.883,1,3,train,3,18,4.077816963195801,6.377004146575928,1.47468364238739,8.523088455200195,16.374776244163513,True,False,0.047949893616176326,4.128485158805922,734.426459918747,734.426459918747,0.0,4.128485158805922,4.128485158805922,-0.050668195610120925,3.9219875916619564,0.15582937153384435,3.9219875916619564,0.15582937153384435,3.9219875916619564,0.15582937153384435
99,2026-05-12T16:28:19.492Z,2026-05-12 16:28:19.492000+00:00,1242.1947499999999,20.70324583333333,142.182,1,3,train,3,19,4.445570945739746,9.343351364135742,4.998967170715332,3.034790277481079,17.377108812332153,True,False,0.08253570078742124,4.4891287966010704,773.2297671845413,773.2297671845413,0.0,4.4891287966010704,4.4891287966010704,-0.043557850861324354,4.207225353175976,0.2383455925637703,4.207225353175976,0.2383455925637703,4.207225353175976,0.2383455925637703
100,2026-05-12T16:30:42.384Z,2026-05-12 16:30:42.384000+00:00,1244.5762833333333,20.742938055555555,142.892,1,3,train,3,20,4.094908714294434,6.308492183685303,1.5127555131912231,2.5563910007476807,10.377638697624207,True,False,0.07536635187219493,4.142498706772742,814.6139310580708,814.6139310580708,0.0,4.142498706772742,4.142498706772742,-0.04758999247830875,3.9330710897027448,0.16183762459168882,3.9330710897027448,0.16183762459168882,3.9330710897027448,0.16183762459168882
101,2026-05-12T16:33:05.343Z,2026-05-12 16:33:05.343000+00:00,1246.958933333333,20.782648888888886,142.959,1,3,train,3,21,4.3976030349731445,8.745513916015625,4.401782035827637,4.147047043,17.294342994843262,True,False,0.0760207887386266,4.462726749951201,839.3402119009651,839.3402119009651,0.0,4.462726749951201,4.462726749951201,-0.06512371497805614,4.18634362978876,0.2112594051843848,4.18634362978876,0.2112594051843848,4.18634362978876,0.2112594051843848
102,2026-05-12T16:35:28.904Z,2026-05-12 16:35:28.904000+00:00,1249.3516166666666,20.822526944444444,143.561,1,3,train,3,22,5.138624191,1.9713456630706787,7.977984905,5.381337642669678,15.330668210740356,True,False,0.06489821859884998,5.367311142112778,880.7200981456766,880.7200981456766,0.0,5.367311142112778,5.367311142112778,-0.22868695111277848,4.9017912353479325,0.2368329556520674,4.9017912353479325,0.2368329556520674,4.9017912353479325,0.2368329556520674
103,2026-05-12T16:37:50.432Z,2026-05-12 16:37:50.432000+00:00,1251.7104166666666,20.861840277777777,141.528,1,3,train,3,23,4.910914421081543,1.8790521621704104,4.597433567047119,1.762855887413025,8.239341616630554,True,False,0.07860440834429272,5.148767061979848,916.882078321171,916.882078321171,0.0,5.148767061979848,5.148767061979848,-0.23785264089830527,4.728941869169272,0.18197255191227057,4.728941869169272,0.18197255191227057,4.728941869169272,0.18197255191227057
104,2026-05-12T16:40:12.205Z,2026-05-12 16:40:12.205000+00:00,1254.0733,20.901221666666668,141.773,1,3,train,3,24,4.879487991333008,3.4123246669769287,6.176530361175537,3.865297317504883,13.454152345657349,True,False,0.07127059945361404,5.017949301106869,936.350681304747,936.350681304747,0.0,5.017949301106869,5.017949301106869,-0.13846130977386117,4.625476394203983,0.25401159712902466,4.625476394203983,0.25401159712902466,4.625476394203983,0.25401159712902466
105,2026-05-12T16:42:34.978Z,2026-05-12 16:42:34.978000+00:00,1256.4528500000001,20.940880833333335,142.773,1,3,train,3,25,4.415797233581543,6.550953388214111,3.4678773880004883,1.3320295810699463,11.350860357284546,True,False,0.08826494609974564,4.484471547301714,968.3655095188559,968.3655095188559,0.0,4.484471547301714,4.484471547301714,-0.0686743137201713,4.203541873902412,0.21225535967913078,4.203541873902412,0.21225535967913078,4.203541873902412,0.21225535967913078
106,2026-05-12T16:44:57.399Z,2026-05-12 16:44:57.399000+00:00,1258.8265333333334,20.980442222222223,142.421,1,3,train,3,26,4.619799613952637,5.963613510131836,5.786372184753418,5.041311264038086,16.79129695892334,True,False,0.06997664161159989,4.747341118812102,995.3088575679362,995.3088575679362,0.0,4.747341118812102,4.747341118812102,-0.12754150485946525,4.411448849902811,0.20835076404982544,4.411448849902811,0.20835076404982544,4.411448849902811,0.20835076404982544
107,2026-05-12T16:47:20.218Z,2026-05-12 16:47:20.218000+00:00,1261.2068499999998,21.020114166666662,142.819,1,3,train,3,27,5.121532440185547,1.5709567070007324,7.264969348907471,8.713197708129883,17.549123764038086,True,False,0.05034967087083236,5.425291066085119,1035.2774615742107,1035.2774615742107,0.0,5.425291066085119,5.425291066085119,-0.30375862589957237,4.947648314174365,0.17388412601118208,4.947648314174365,0.17388412601118208,4.947648314174365,0.17388412601118208
108,2026-05-12T16:49:42.725Z,2026-05-12 16:49:42.725000+00:00,1263.5819666666669,21.059699444444448,142.507,1,3,train,3,28,4.429581642150879,7.257782459259033,4.115303993225098,5.928508281707764,17.301594734191895,True,False,0.06573432465163642,4.514472845482777,1076.9586779115737,1076.9586779115737,0.0,4.514472845482777,4.514472845482777,-0.08489120333189781,4.227270292315665,0.20231134983521404,4.227270292315665,0.20231134983521404,4.227270292315665,0.20231134983521404
109,2026-05-12T16:52:04.560Z,2026-05-12 16:52:04.560000+00:00,1265.9458833333333,21.099098055555555,141.835,1,3,train,3,29,4.756534576416016,7.745972633361816,9.487553596496582,2.522180557250977,19.755706787109375,True,False,0.08723315452881342,4.848363541905648,1117.8582060636422,1117.8582060636422,0.0,4.848363541905648,4.848363541905648,-0.09182896548963271,4.491348803225412,0.26518577319060377,4.491348803225412,0.26518577319060377,4.491348803225412,0.26518577319060377
110,2026-05-12T16:54:25.586Z,2026-05-12 16:54:25.586000+00:00,1268.2963166666666,21.138271944444444,141.026,1,4,train,4,0,5.058677673339844,2.2797908782958984,7.243326187133789,2.210524082183838,11.733641147613525,True,False,0.08116080034854799,5.262203705507676,0.0,0.0,0.0,5.262203705507676,5.262203705507676,-0.20352603216783205,4.818660391507161,0.24001728183268245,4.818660391507161,0.24001728183268245,4.818660391507161,0.24001728183268245
111,2026-05-12T16:56:48.927Z,2026-05-12 16:56:48.927000+00:00,1270.6853333333333,21.17808888888889,143.341,1,4,train,4,1,4.677140235900879,1.650342345237732,2.4211604595184326,5.702972888946533,9.774475693702698,True,False,0.04165443684492735,4.926961317454788,28.03186426233451,28.03186426233451,0.0,4.926961317454788,4.926961317454788,-0.24982108155390925,4.553512810040229,0.12362742586064979,4.553512810040229,0.12362742586064979,4.553512810040229,0.12362742586064979
112,2026-05-12T16:59:11.222Z,2026-05-12 16:59:11.222000+00:00,1273.0569166666667,21.217615277777778,142.295,1,4,train,4,2,4.114206314086914,9.197636604309082,2.4440650939941406,7.301979064941406,18.94368076324463,True,False,0.06145427514219396,4.187200114911533,51.2128479095916,51.2128479095916,0.0,4.187200114911533,4.187200114911533,-0.07299380082461937,3.9684260169988024,0.1457802970881117,3.9684260169988024,0.1457802970881117,3.9684260169988024,0.1457802970881117
113,2026-05-12T17:01:34.011Z,2026-05-12 17:01:34.011000+00:00,1275.4367333333332,21.257278888888887,142.789,1,4,train,4,3,4.698642730712891,3.1678454875946045,4.217148303985596,9.215991973876951,16.600985765457153,True,False,0.04448527271763994,4.88477453577125,96.29533511797388,96.29533511797388,0.0,4.88477453577125,4.88477453577125,-0.18613180505835913,4.520146733637327,0.1784959970755633,4.520146733637327,0.1784959970755633,4.520146733637327,0.1784959970755633
114,2026-05-12T17:03:56.434Z,2026-05-12 17:03:56.434000+00:00,1277.81045,21.29684083333333,142.423,1,4,train,4,4,4.935725212097168,1.855609893798828,4.768946647644043,3.162666320800781,9.787222862243652,True,False,0.06768576372158178,5.170150811073309,135.7013717125356,135.7013717125356,0.0,5.170150811073309,5.170150811073309,-0.23442559897614146,4.745854555502758,0.18987065659440994,4.745854555502758,0.18987065659440994,4.745854555502758,0.18987065659440994
115,2026-05-12T17:46:23.537Z,2026-05-12 17:46:23.537000+00:00,1320.2621666666666,22.004369444444443,2547.103,2,5,train,1,0,4.787961959838867,7.543157101,7.981068134307861,7.851915836334228,23.37614107164209,True,False,0.0664105559071104,4.784937407173089,0.0,0.0,0.0,4.784937407173089,4.784937407173089,0.0030245526657779465,4.4411842452057355,0.3467777146331317,4.4411842452057355,0.3467777146331317,4.4411842452057355,0.3467777146331317
116,2026-05-12T17:48:48.799Z,2026-05-12 17:48:48.799000+00:00,1322.6832,22.044719999999998,145.262,2,5,train,1,1,4.897682189941406,4.324800491333008,7.176953315734863,8.691786766052246,20.193540573120117,True,False,0.056957588816188114,4.980314107636175,56.59441673914788,56.59441673914788,0.0,4.980314107636175,4.980314107636175,-0.08263191769476919,4.595710228341866,0.30197196159954043,4.595710228341866,0.30197196159954043,4.595710228341866,0.30197196159954043
117,2026-05-12T17:51:10.875Z,2026-05-12 17:51:10.875000+00:00,1325.0511333333334,22.084185555555557,142.076,2,5,train,1,2,5.083488464355469,1.6750736236572266,5.8752617835998535,8.555215835571289,16.10555124282837,True,False,0.04688032898358052,5.305258967781991,104.41137458025811,104.41137458025811,0.0,5.305258967781991,5.305258967781991,-0.22177050342652205,4.852713360547753,0.2307751038077157,4.852713360547753,0.2307751038077157,4.852713360547753,0.2307751038077157
118,2026-05-12T17:53:33.387Z,2026-05-12 17:53:33.387000+00:00,1327.4263333333333,22.12377222222222,142.512,2,5,train,1,3,4.312693595886231,1.9117560386657717,1.0327486991882324,3.4475693702697754,6.392074108123779,True,False,0.04606493429279536,4.493889334996816,142.66527989222405,142.66527989222405,0.0,4.493889334996816,4.493889334996816,-0.18119573911058495,4.210990525144365,0.10170307074186624,4.210990525144365,0.10170307074186624,4.210990525144365,0.10170307074186624
119,2026-05-12T17:55:56.645Z,2026-05-12 17:55:56.645000+00:00,1329.8139666666668,22.163566111111113,143.258,2,5,train,1,4,4.524414063,1.0617680549621582,1.356583833694458,6.921240329742432,9.339592218399048,True,False,0.02589354901269083,4.86734136804816,157.92720910191733,157.92720910191733,0.0,4.86734136804816,4.86734136804816,-0.3429273050481596,4.506358613686471,0.018055449313528982,4.506358613686471,0.018055449313528982,4.506358613686471,0.018055449313528982
120,2026-05-12T17:58:18.896Z,2026-05-12 17:58:18.896000+00:00,1332.1848166666668,22.20308027777778,142.251,2,5,train,1,5,4.214001655578613,5.605854511260986,1.7724813222885132,8.471328735351562,15.849664568901062,True,False,0.04655199989548472,4.26272653289767,180.0699813129087,180.0699813129087,0.0,4.26272653289767,4.26272653289767,-0.0487248773190565,4.028160847018941,0.18584080855967233,4.028160847018941,0.18584080855967233,4.028160847018941,0.18584080855967233
121,2026-05-12T18:00:40.073Z,2026-05-12 18:00:40.073000+00:00,1334.5377666666668,22.242296111111113,141.177,2,5,train,1,6,4.976525307,3.2838714122772217,7.913933277130127,2.570388078689575,13.768192768096924,True,False,0.0813309697068916,5.142191927107623,217.36344956030445,217.36344956030445,0.0,5.142191927107623,5.142191927107623,-0.1656666201076229,4.723741509157178,0.252783797842822,4.723741509157178,0.252783797842822,4.723741509157178,0.252783797842822
122,2026-05-12T18:03:01.602Z,2026-05-12 18:03:01.602000+00:00,1336.8965833333334,22.281609722222225,141.529,2,5,train,1,7,4.827659606933594,5.267858982086182,7.759117126464844,3.1691620349884038,16.19613814353943,True,False,0.08043260679242498,4.928442494378081,249.84009213157094,249.84009213157094,0.0,4.928442494378081,4.928442494378081,-0.10078288744448738,4.554684292206362,0.2729753147272316,4.554684292206362,0.2729753147272316,4.554684292206362,0.2729753147272316
123,2026-05-12T18:05:24.542Z,2026-05-12 18:05:24.542000+00:00,1339.2789166666666,22.321315277777778,142.94,2,5,train,1,8,4.784654617,4.264469146728516,5.835362434387207,2.391511917114258,12.49134349822998,True,False,0.08085464611990588,4.896482289557321,288.4246919021964,288.4246919021964,0.0,4.896482289557321,4.896482289557321,-0.11182767255732085,4.529406548957273,0.2552480680427269,4.529406548957273,0.2552480680427269,4.529406548957273,0.2552480680427269
124,2026-05-12T18:07:47.148Z,2026-05-12 18:07:47.148000+00:00,1341.6556833333334,22.360928055555558,142.606,2,5,train,1,9,4.267482757568359,7.439232349395752,2.753178596496582,4.622891426086426,14.81530237197876,True,False,0.06879650978416728,4.329803393093204,318.1137007506728,318.1137007506728,0.0,4.329803393093204,4.329803393093204,-0.0623206355248449,4.081212811469319,0.18626994609904024,4.081212811469319,0.18626994609904024,4.081212811469319,0.18626994609904024
125,2026-05-12T18:10:09.120Z,2026-05-12 18:10:09.120000+00:00,1344.0218833333333,22.40036472222222,141.972,2,5,train,1,10,4.783551216125488,3.407980204,5.189589023590088,9.268029213,17.865598440590087,True,False,0.04812360053977636,4.943065926660034,353.16966922324895,353.16966922324895,0.0,4.943065926660034,4.943065926660034,-0.15951471053454558,4.5662501557143305,0.21730106041115782,4.5662501557143305,0.21730106041115782,4.5662501557143305,0.21730106041115782
126,2026-05-12T18:12:31.942Z,2026-05-12 18:12:31.942000+00:00,1346.4022499999999,22.4400375,142.822,2,5,train,1,11,4.704707145690918,9.701196670532228,9.469735145568848,9.564570426940918,28.735502243041992,True,False,0.0667151444020545,4.749975640911868,395.69634423128156,395.69634423128156,0.0,4.749975640911868,4.749975640911868,-0.04526849522094967,4.4135325278265105,0.29117461786440746,4.4135325278265105,0.29117461786440746,4.4135325278265105,0.29117461786440746
127,2026-05-12T18:14:53.430Z,2026-05-12 18:14:53.430000+00:00,1348.7603833333335,22.479339722222225,141.488,2,5,train,1,12,4.4444684982299805,9.181890487670898,5.1043243408203125,3.7697055339813232,18.055920362472534,True,False,0.07912205272118786,4.505751894951924,463.4584899206736,463.4584899206736,0.0,4.505751894951924,4.505751894951924,-0.06128339672194372,4.220372778684473,0.22409571954550778,4.220372778684473,0.22409571954550778,4.220372778684473,0.22409571954550778
128,2026-05-12T18:17:15.559Z,2026-05-12 18:17:15.559000+00:00,1351.1291999999999,22.518819999999998,142.129,2,5,train,1,13,4.828210830688477,6.375922679901123,9.206503868103027,2.367205858230591,17.94963240623474,True,False,0.08681195355617227,4.919800597868789,506.2296550073046,506.2296550073046,0.0,4.919800597868789,4.919800597868789,-0.09158976718031209,4.547849303432911,0.2803615272555655,4.547849303432911,0.2803615272555655,4.547849303432911,0.2803615272555655
129,2026-05-12T18:19:37.929Z,2026-05-12 18:19:37.929000+00:00,1353.5020333333334,22.558367222222223,142.37,2,5,train,1,14,4.549225807189941,6.626776695251465,5.112069129943848,2.614516496658325,14.353362321853638,True,False,0.08178464085256451,4.647780390514492,548.8211411018985,548.8211411018985,0.0,4.647780390514492,4.647780390514492,-0.09855458332455047,4.332704970077468,0.2165208371124736,4.332704970077468,0.2165208371124736,4.332704970077468,0.2165208371124736
130,2026-05-12T18:22:00.204Z,2026-05-12 18:22:00.204000+00:00,1355.8732833333333,22.597888055555554,142.275,2,5,train,1,15,4.759291648864746,6.115901947021484,7.3441338539123535,2.449049234390259,15.909085035324097,True,False,0.08460597055737362,4.8397794890333055,582.856551507594,582.856551507594,0.0,4.8397794890333055,4.8397794890333055,-0.08048784016855937,4.484559563739602,0.27473208512514447,4.484559563739602,0.27473208512514447,4.484559563739602,0.27473208512514447
131,2026-05-12T18:24:21.438Z,2026-05-12 18:24:21.438000+00:00,1358.2271833333332,22.63711972222222,141.234,2,5,train,1,16,4.518900871276856,2.8598403930664062,2.369830369949341,8.639083862304688,13.868754625320435,True,False,0.03770829396222674,4.679347839533791,620.3049467722434,620.3049467722434,0.0,4.679347839533791,4.679347839533791,-0.1604469682569345,4.357672077635559,0.16122879364129705,4.357672077635559,0.16122879364129705,4.357672077635559,0.16122879364129705
132,2026-05-12T18:26:44.184Z,2026-05-12 18:26:44.184000+00:00,1360.6062833333333,22.676771388888888,142.746,2,5,train,1,17,4.290088653564453,9.556440353393556,3.5858449935913086,7.650800228118896,20.79308557510376,True,False,0.06320507506938053,4.335892083270201,653.3001009013433,653.3001009013433,0.0,4.335892083270201,4.335892083270201,-0.04580342970574769,4.08602843602118,0.2040602175432733,4.08602843602118,0.2040602175432733,4.08602843602118,0.2040602175432733
133,2026-05-12T18:29:06.206Z,2026-05-12 18:29:06.206000+00:00,1362.9733166666667,22.716221944444445,142.022,2,5,train,1,18,4.653983116149902,3.5640995502471924,4.003465652,9.872911453,17.440476655247192,True,False,0.04339081638557392,4.811106868628389,702.5180275604664,702.5180275604664,0.0,4.811106868628389,4.811106868628389,-0.15712375247848698,4.4618820139260515,0.1921011022238508,4.4618820139260515,0.1921011022238508,4.4618820139260515,0.1921011022238508
134,2026-05-12T18:31:28.845Z,2026-05-12 18:31:28.845000+00:00,1365.3506333333332,22.755843888888887,142.639,2,5,train,1,19,4.745508193969727,4.642705917358398,5.750741004943848,4.196063995361328,14.589510917663574,True,False,0.07123917299872515,4.853298405537955,743.9795633875965,743.9795633875965,0.0,4.853298405537955,4.853298405537955,-0.10779021156822832,4.495251851299299,0.2502563426704274,4.495251851299299,0.2502563426704274,4.495251851299299,0.2502563426704274
135,2026-05-12T18:33:51.356Z,2026-05-12 18:33:51.356000+00:00,1367.7258166666666,22.795430277777776,142.511,2,5,train,1,20,5.143586158752441,2.3970086574554443,9.010506629943848,1.0616852045059204,12.469200491905212,True,False,0.09148553906727903,5.3352117878418985,778.6323265607157,778.6323265607157,0.0,5.3352117878418985,5.3352117878418985,-0.19162562908945713,4.876403436982079,0.2671827217703626,4.876403436982079,0.2671827217703626,4.876403436982079,0.2671827217703626
136,2026-05-12T18:36:13.764Z,2026-05-12 18:36:13.764000+00:00,1370.0992833333332,22.834988055555552,142.408,2,5,train,1,21,4.898233413696289,4.552788734436035,8.627081871032715,9.771245002746582,22.951115608215332,True,False,0.0574258385973666,5.037892942803833,808.2275582882363,808.2275582882363,0.0,5.037892942803833,5.037892942803833,-0.13965952910754353,4.641250080796261,0.2569833329000284,4.641250080796261,0.2569833329000284,4.641250080796261,0.2569833329000284
137,2026-05-12T18:38:36.585Z,2026-05-12 18:38:36.585000+00:00,1372.4796333333334,22.874660555555558,142.821,2,5,train,1,22,4.229439735412598,6.014262199401856,2.104924201965332,3.06613564491272,11.185322046279907,True,False,0.0725878644152899,4.3055942429338945,862.8592463262517,862.8592463262517,0.0,4.3055942429338945,4.3055942429338945,-0.07615450752129682,4.06206547854584,0.16737425686675778,4.06206547854584,0.16737425686675778,4.06206547854584,0.16737425686675778
138,2026-05-12T18:40:59.198Z,2026-05-12 18:40:59.198000+00:00,1374.8565166666667,22.91427527777778,142.613,2,5,train,1,23,4.5437116622924805,5.491227626800537,3.9689435958862314,2.2319869995117188,11.692158222198486,True,False,0.08091039346975212,4.619534715565545,889.4454518760202,889.4454518760202,0.0,4.619534715565545,4.619534715565545,-0.07582305327306482,4.310365096999028,0.2333465652934521,4.310365096999028,0.2333465652934521,4.310365096999028,0.2333465652934521
139,2026-05-12T18:43:20.928Z,2026-05-12 18:43:20.928000+00:00,1377.2186833333333,22.953644722222222,141.73,2,5,train,1,24,4.700296401977539,4.161565304,5.031970024108887,1.3287742137908936,10.52230954189978,True,False,0.08737183877265993,4.842769466127766,917.0642782898901,917.0642782898901,0.0,4.842769466127766,4.842769466127766,-0.1424730641502272,4.486924375659247,0.2133720263182921,4.486924375659247,0.2133720263182921,4.486924375659247,0.2133720263182921
140,2026-05-12T18:45:43.466Z,2026-05-12 18:45:43.466000+00:00,1379.5943166666666,22.99323861111111,142.538,2,5,train,1,25,4.453841209411621,8.705640793,5.346917629241943,6.670559883117676,20.72311830535962,True,False,0.06781102252650621,4.549069976598865,942.0614275812786,942.0614275812786,0.0,4.549069976598865,4.549069976598865,-0.09522876718724405,4.254633614998112,0.199207594413509,4.254633614998112,0.199207594413509,4.254633614998112,0.199207594413509
141,2026-05-12T18:48:05.532Z,2026-05-12 18:48:05.532000+00:00,1381.9620833333333,23.03270138888889,142.066,2,5,train,1,26,4.932416915893555,4.965035438537598,9.921024322509766,3.1368625164031982,18.02292227745056,True,False,0.08259515039729215,5.0608397733914625,991.128936334099,991.128936334099,0.0,5.0608397733914625,5.0608397733914625,-0.12842285749790783,4.659399028690289,0.2730178872032658,4.659399028690289,0.2730178872032658,4.659399028690289,0.2730178872032658
142,2026-05-12T18:50:28.022Z,2026-05-12 18:50:28.022000+00:00,1384.3369166666666,23.072281944444445,142.49,2,5,train,1,27,4.393743515014648,7.588895797729492,3.9835362434387207,4.336717606,15.909149647168213,True,False,0.07274073283500779,4.480963767559407,1033.9303729226644,1033.9303729226644,0.0,4.480963767559407,4.480963767559407,-0.08722025254475874,4.2007675251084144,0.192975989906234,4.2007675251084144,0.192975989906234,4.2007675251084144,0.192975989906234
143,2026-05-12T18:52:50.405Z,2026-05-12 18:52:50.405000+00:00,1386.7099666666666,23.111832777777774,142.383,2,5,train,1,28,4.335851669311523,5.439786911010742,2.5176923274993896,8.414495468139648,16.37197470664978,True,False,0.0486042727349075,4.426965399228636,1071.683580492877,1071.683580492877,0.0,4.426965399228636,4.426965399228636,-0.09111372991711253,4.1580595106200855,0.17779215869143794,4.1580595106200855,0.17779215869143794,4.1580595106200855,0.17779215869143794
144,2026-05-12T18:55:12.452Z,2026-05-12 18:55:12.452000+00:00,1389.0774166666667,23.15129027777778,142.047,2,5,train,1,29,4.720697402954102,6.504141330718994,7.309062480926514,1.4453870058059692,15.258590817451477,True,False,0.09052738864880722,4.810969254626038,1110.443412012135,1110.443412012135,0.0,4.810969254626038,4.810969254626038,-0.09027185167193608,4.461773173214972,0.25892422973912943,4.461773173214972,0.25892422973912943,4.461773173214972,0.25892422973912943
145,2026-05-12T18:57:34.436Z,2026-05-12 18:57:34.436000+00:00,1391.4438166666666,23.190730277777778,141.984,2,6,train,2,0,5.1237382888793945,1.734874248504639,7.588912010192871,7.268160343170166,16.591946601867676,True,False,0.05619464962386015,5.401114052015454,0.0,0.0,0.0,5.401114052015454,5.401114052015454,-0.2773757631360594,4.928526398103738,0.19521189077565637,4.928526398103738,0.19521189077565637,4.928526398103738,0.19521189077565637
146,2026-05-12T18:59:55.970Z,2026-05-12 18:59:55.970000+00:00,1393.8027166666666,23.230045277777776,141.534,2,6,train,2,1,4.657842636108398,5.649968624,6.021924018859863,7.69212532,19.36401796285986,True,False,0.06027619198271002,4.788159098798391,39.13874283914566,39.13874283914566,0.0,4.788159098798391,4.788159098798391,-0.13031646268999264,4.443732323172972,0.2141103129354267,4.443732323172972,0.2141103129354267,4.443732323172972,0.2141103129354267
147,2026-05-12T19:02:17.828Z,2026-05-12 19:02:17.828000+00:00,1396.1670166666665,23.269450277777775,141.858,2,6,train,2,2,4.601604461669922,1.4128093719482422,1.9532058238983157,5.430089950561523,8.796105146408081,True,False,0.038267109587941675,4.901249402036155,84.92109050873523,84.92109050873523,0.0,4.901249402036155,4.901249402036155,-0.2996449403662327,4.533176920453804,0.06842754121611794,4.533176920453804,0.06842754121611794,4.533176920453804,0.06842754121611794
148,2026-05-12T19:04:40.691Z,2026-05-12 19:04:40.691000+00:00,1398.5480666666667,23.309134444444446,142.863,2,6,train,2,3,4.842546463012695,5.638144493103027,8.750115394592285,2.549004554748535,16.937264442443848,True,False,0.08495031731121308,4.951117660438479,105.8650566675902,105.8650566675902,0.0,4.951117660438479,4.951117660438479,-0.1085711974257837,4.572618377079087,0.26992808593360795,4.572618377079087,0.26992808593360795,4.572618377079087,0.26992808593360795
149,2026-05-12T19:07:02.830Z,2026-05-12 19:07:02.830000+00:00,1400.91705,23.3486175,142.139,2,6,train,2,4,4.651226043701172,8.275125503540039,8.169450759887695,8.868526458740234,25.31310272216797,True,False,0.06496468032354795,4.754888468495344,145.98915384399896,145.98915384399896,0.0,4.754888468495344,4.754888468495344,-0.1036624247941722,4.417418147301686,0.23380789639948585,4.417418147301686,0.23380789639948585,4.417418147301686,0.23380789639948585
150,2026-05-12T19:09:24.292Z,2026-05-12 19:09:24.292000+00:00,1403.27475,23.387912500000002,141.462,2,6,train,2,5,4.418003082275391,6.378178596496582,3.656946897506714,2.137426376342773,12.17255187034607,True,False,0.08244060572417997,4.519110099270805,205.66985613205438,205.66985613205438,0.0,4.519110099270805,4.519110099270805,-0.10110701699541469,4.230937956878268,0.1870651253971225,4.230937956878268,0.1870651253971225,4.230937956878268,0.1870651253971225
151,2026-05-12T19:11:46.284Z,2026-05-12 19:11:46.284000+00:00,1405.6412833333334,23.427354722222223,141.992,2,6,train,2,6,4.865151405334473,5.467805386,8.60830307,2.4208292961120605,16.49693775211206,True,False,0.08532558385993712,4.957340868507631,234.47660588495737,234.47660588495737,0.0,4.957340868507631,4.957340868507631,-0.0921894631731579,4.577540393588052,0.2876110117464208,4.577540393588052,0.2876110117464208,4.577540393588052,0.2876110117464208
152,2026-05-12T19:14:08.675Z,2026-05-12 19:14:08.675000+00:00,1408.0144666666667,23.46690777777778,142.391,2,6,train,2,7,4.662804604,9.544548034667969,9.349561691,3.549530267715454,22.44363999338342,True,False,0.08418469433317463,4.751401680690317,273.6268636093072,273.6268636093072,0.0,4.751401680690317,4.751401680690317,-0.08859707669031724,4.4146604013049435,0.24814420269505622,4.4146604013049435,0.24814420269505622,4.4146604013049435,0.24814420269505622
153,2026-05-12T19:16:31.256Z,2026-05-12 19:16:31.256000+00:00,1410.3908166666665,23.50651361111111,142.581,2,6,train,2,8,4.850265502929688,6.158670425415039,9.249773979187012,4.070502758026123,19.478947162628174,True,False,0.07910306586879763,4.9369087474541455,326.96080750758387,326.96080750758387,0.0,4.9369087474541455,4.9369087474541455,-0.08664324452445715,4.561380362295361,0.2888851406343278,4.561380362295361,0.2888851406343278,4.561380362295361,0.2888851406343278
154,2026-05-12T19:18:53.626Z,2026-05-12 19:18:53.626000+00:00,1412.76365,23.546060833333335,142.37,2,6,train,2,9,4.706361770629883,5.2391438484191895,6.073420524597168,6.661333560943604,17.97389793395996,True,False,0.06293884840439842,4.824588644833719,373.18110263330675,373.18110263330675,0.0,4.824588644833719,4.824588644833719,-0.11822687420383637,4.472544926738132,0.23381684389175117,4.472544926738132,0.23381684389175117,4.472544926738132,0.23381684389175117
155,2026-05-12T19:21:16.436Z,2026-05-12 19:21:16.436000+00:00,1415.1438166666667,23.585730277777778,142.81,2,6,train,2,10,4.304424285888672,7.571396827697754,3.112863779067993,9.827672958374023,20.51193356513977,True,False,0.052088022676339746,4.375682971949514,415.9619753657871,415.9619753657871,0.0,4.375682971949514,4.375682971949514,-0.07125868606084218,4.1174995693674665,0.18692471652120535,4.1174995693674665,0.18692471652120535,4.1174995693674665,0.18692471652120535
156,2026-05-12T19:23:38.614Z,2026-05-12 19:23:38.614000+00:00,1417.51345,23.625224166666666,142.178,2,6,train,2,11,4.534890174865723,1.284639835357666,1.4684510231018066,7.350613594055176,10.103704452514648,True,False,0.027248331257099204,4.819049495933523,464.56773687286113,464.56773687286113,0.0,4.819049495933523,4.819049495933523,-0.2841593210678006,4.468163941556627,0.06672623330909566,4.468163941556627,0.06672623330909566,4.468163941556627,0.06672623330909566
157,2026-05-12T19:26:00.338Z,2026-05-12 19:26:00.338000+00:00,1419.8755166666667,23.664591944444446,141.724,2,6,train,2,12,4.798438072,4.216410636901856,6.546890735626221,8.233444213867188,18.996745586395264,True,False,0.05665865936656192,4.95145192790175,488.43336036999756,488.43336036999756,0.0,4.95145192790175,4.95145192790175,-0.15301385590174998,4.572882753579815,0.2255553184201844,4.572882753579815,0.2255553184201844,4.572882753579815,0.2255553184201844
158,2026-05-12T19:28:21.883Z,2026-05-12 19:28:21.883000+00:00,1422.2346,23.70391,141.545,2,6,train,2,13,4.378856658935547,2.320890426635742,1.4332921504974363,3.843435049057007,7.5976176261901855,True,False,0.049412628561246875,4.551725127419354,533.2482662704361,533.2482662704361,0.0,4.551725127419354,4.551725127419354,-0.17286846848380755,4.25673360844635,0.12212305048919703,4.25673360844635,0.12212305048919703,4.25673360844635,0.12212305048919703
159,2026-05-12T19:30:44.037Z,2026-05-12 19:30:44.037000+00:00,1424.6038333333333,23.74339722222222,142.154,2,6,train,2,14,4.616490364074707,8.014825820922852,7.140639781951904,3.1232385635375977,18.278704166412354,True,False,0.08291323862401231,4.710252665806722,551.2487952043268,551.2487952043268,0.0,4.710252665806722,4.710252665806722,-0.09376230173201527,4.382115108212679,0.23437525586202845,4.382115108212679,0.23437525586202845,4.382115108212679,0.23437525586202845
160,2026-05-12T19:33:06.234Z,2026-05-12 19:33:06.234000+00:00,1426.9737833333334,23.78289638888889,142.197,2,6,train,2,15,4.94068718,2.79406213760376,6.997148036956787,8.972794532775879,18.764004707336426,True,False,0.05218081282367373,5.158968005198552,594.5684101435157,594.5684101435157,0.0,5.158968005198552,5.158968005198552,-0.2182808251985513,4.737009928339326,0.2036772516606744,4.737009928339326,0.2036772516606744,4.737009928339326,0.2036772516606744
161,2026-05-12T19:35:29.146Z,2026-05-12 19:35:29.146000+00:00,1429.3556500000002,23.82259416666667,142.912,2,6,train,2,16,4.740546226501465,5.081352233886719,6.269730567932129,4.455780982971191,15.806863784790039,True,False,0.07181110026861424,4.8516137860663955,639.2617674890968,639.2617674890968,0.0,4.8516137860663955,4.8516137860663955,-0.11106755956493064,4.493919463765699,0.24662676273576611,4.493919463765699,0.24662676273576611,4.493919463765699,0.24662676273576611
162,2026-05-12T19:37:50.915Z,2026-05-12 19:37:50.915000+00:00,1431.7184666666665,23.861974444444442,141.769,2,6,train,2,17,4.420207977294922,1.2416582107543943,1.198929786682129,8.027692794799805,10.468280792236328,True,False,0.023314124313961425,4.746128911585434,676.6104886875285,676.6104886875285,0.0,4.746128911585434,4.746128911585434,-0.3259209342905125,4.410490099381272,0.00971787791364953,4.410490099381272,0.00971787791364953,4.410490099381272,0.00971787791364953
163,2026-05-12T19:40:13.123Z,2026-05-12 19:40:13.123000+00:00,1434.0886,23.901476666666667,142.208,2,6,train,2,18,5.171705246,1.0721098184585571,6.397107124328613,3.045468807220459,10.51468575000763,True,False,0.07103604539756932,5.535888998006595,701.4217099359008,701.4217099359008,0.0,5.535888998006595,5.535888998006595,-0.3641837520065945,5.035121662441999,0.13658358355800093,5.035121662441999,0.13658358355800093,5.035121662441999,0.13658358355800093
164,2026-05-12T19:42:34.937Z,2026-05-12 19:42:34.937000+00:00,1436.4521666666667,23.940869444444445,141.814,2,6,train,2,19,4.680447578430176,6.685596466064453,6.858957290649414,6.761167049407959,20.305720806121826,True,False,0.06670314186842566,4.771558694896335,726.2738706850938,726.2738706850938,0.0,4.771558694896335,4.771558694896335,-0.0911111164661591,4.4306028470003165,0.2498447314298593,4.4306028470003165,0.2498447314298593,4.4306028470003165,0.2498447314298593
165,2026-05-12T19:44:56.678Z,2026-05-12 19:44:56.678000+00:00,1438.8145166666666,23.980241944444444,141.741,2,6,train,2,20,4.238812446594238,2.4034652709960938,1.0337040424346924,1.552214503288269,4.989383816719055,True,False,0.06888965531000214,4.394765591484838,774.2430902314358,774.2430902314358,0.0,4.394765591484838,4.394765591484838,-0.1559531448905993,4.1325922622910305,0.10622018430320779,4.1325922622910305,0.10622018430320779,4.1325922622910305,0.10622018430320779
166,2026-05-12T19:47:19.249Z,2026-05-12 19:47:19.249000+00:00,1441.1906999999999,24.019844999999997,142.571,2,6,train,2,21,4.370586395263672,8.03917408,4.065876007080078,9.923268318,22.02831840508008,True,False,0.054952220430445856,4.465156108406256,786.0987809003266,786.0987809003266,0.0,4.465156108406256,4.465156108406256,-0.094569713142584,4.1882650411073445,0.18232135415632733,4.1882650411073445,0.18232135415632733,4.1882650411073445,0.18232135415632733
167,2026-05-12T19:49:41.611Z,2026-05-12 19:49:41.611000+00:00,1443.5634,24.05939,142.362,2,6,train,2,22,4.828210830688477,5.967372417449951,9.666806221,6.792750358581543,22.426928997031496,True,False,0.0697116339045767,4.969782863440705,838.3653719800601,838.3653719800601,0.0,4.969782863440705,4.969782863440705,-0.14157203275222852,4.587380929817044,0.2408299008714323,4.587380929817044,0.2408299008714323,4.587380929817044,0.2408299008714323
168,2026-05-12T19:52:03.518Z,2026-05-12 19:52:03.518000+00:00,1445.9285166666666,24.09880861111111,141.907,2,6,train,2,23,4.593334197998047,6.287487506866455,5.229246616363525,9.281452178955078,20.79818630218506,True,False,0.05537374247878543,4.680622012008411,891.4076755330892,891.4076755330892,0.0,4.680622012008411,4.680622012008411,-0.0872878140103639,4.3586798372806905,0.23465436071735635,4.3586798372806905,0.23465436071735635,4.3586798372806905,0.23465436071735635
169,2026-05-12T19:54:25.656Z,2026-05-12 19:54:25.656000+00:00,1448.2974833333333,24.138291388888888,142.138,2,6,train,2,24,4.765908241271973,3.5648081302642822,5.365047931671143,3.621104001998901,12.550960063934326,True,False,0.07114878874960104,4.937831117458189,940.6778856100889,940.6778856100889,0.0,4.937831117458189,4.937831117458189,-0.17192287618621638,4.562109876773557,0.20379836449841537,4.562109876773557,0.20379836449841537,4.562109876773557,0.20379836449841537
170,2026-05-12T19:56:47.354Z,2026-05-12 19:56:47.354000+00:00,1450.6591166666667,24.177651944444445,141.698,2,6,train,2,25,4.570728302001953,4.845654487609863,4.221555709838867,7.144629001617432,16.211839199066162,True,False,0.055929559170381005,4.700741652432865,970.3186512624117,970.3186512624117,0.0,4.700741652432865,4.700741652432865,-0.13001335043091178,4.374592723564291,0.19613557843766216,4.374592723564291,0.19613557843766216,4.374592723564291,0.19613557843766216
171,2026-05-12T19:59:09.045Z,2026-05-12 19:59:09.045000+00:00,1453.0206333333333,24.217010555555554,141.691,2,6,train,2,26,4.658393859863281,3.593733310699463,3.8036744594573975,6.83250618,14.22991395015686,True,False,0.0519849086654197,4.785205901688319,1008.6031797283264,1008.6031797283264,0.0,4.785205901688319,4.785205901688319,-0.1268120418250378,4.44139660102316,0.216997258840121,4.44139660102316,0.216997258840121,4.44139660102316,0.216997258840121
172,2026-05-12T20:01:31.443Z,2026-05-12 20:01:31.443000+00:00,1455.3939333333333,24.256565555555554,142.398,2,6,train,2,27,4.14453125,9.536799430847168,2.546795129776001,3.582962989807129,15.666557550430298,True,False,0.07712986418188136,4.188779849544475,1042.3750345062338,1042.3750345062338,0.0,4.188779849544475,4.188779849544475,-0.04424859954447502,3.9696754497442166,0.1748558002557834,3.9696754497442166,0.1748558002557834,3.9696754497442166,0.1748558002557834
173,2026-05-12T20:03:53.561Z,2026-05-12 20:03:53.561000+00:00,1457.7625666666668,24.296042777777778,142.118,2,6,train,2,28,4.797885894775391,5.612346649169922,7.919260025024414,8.927486419677734,22.45909309387207,True,False,0.060250013736691865,4.909905532631645,1079.4833649387679,1079.4833649387679,0.0,4.909905532631645,4.909905532631645,-0.11201963785625413,4.540023167151862,0.2578627276235288,4.540023167151862,0.2578627276235288,4.540023167151862,0.2578627276235288
174,2026-05-12T20:06:15.936Z,2026-05-12 20:06:15.936000+00:00,1460.1354833333332,24.335591388888886,142.375,2,6,train,2,29,4.549777030944824,6.85363245,5.102411270141602,7.131011009216309,19.08705472935791,True,False,0.06263954229539637,4.632515105748867,1132.776921259435,1132.776921259435,0.0,4.632515105748867,4.632515105748867,-0.08273807480404294,4.320631457060459,0.22914557388436485,4.320631457060459,0.22914557388436485,4.320631457060459,0.22914557388436485
175,2026-05-12T20:08:37.316Z,2026-05-12 20:08:37.316000+00:00,1462.4918166666669,24.374863611111113,141.38,2,7,train,3,0,4.644610404968262,9.542545318603516,8.496578216552734,2.5826752185821533,20.621798753738403,True,False,0.08747599445895109,4.709968359508254,0.0,0.0,0.0,4.709968359508254,4.709968359508254,-0.06535795453999249,4.38189024664946,0.26272015831880147,4.38189024664946,0.26272015831880147,4.38189024664946,0.26272015831880147
176,2026-05-12T20:10:59.201Z,2026-05-12 20:10:59.201000+00:00,1464.8565666666666,24.41427611111111,141.885,2,7,train,3,1,4.017719268798828,8.793756484985352,1.7661807537078855,5.839504718780518,16.399441957473755,True,False,0.06439205227883217,4.066997767816091,48.765398602902884,48.765398602902884,0.0,4.066997767816091,4.066997767816091,-0.04927849901726322,3.873356411379667,0.1443628574191611,3.873356411379667,0.1443628574191611,3.873356411379667,0.1443628574191611
177,2026-05-12T20:13:21.120Z,2026-05-12 20:13:21.120000+00:00,1467.2218833333332,24.453698055555552,141.919,2,7,train,3,2,4.312142372131348,5.712976932525635,2.693763971328736,9.727528572,18.13426947585437,True,False,0.046358310242647915,4.435075872594215,87.55527198894819,87.55527198894819,0.0,4.435075872594215,4.435075872594215,-0.12293350046286733,4.164474189891181,0.14766818224016642,4.164474189891181,0.14766818224016642,4.164474189891181,0.14766818224016642
178,2026-05-12T20:15:42.890Z,2026-05-12 20:15:42.890000+00:00,1469.5847166666667,24.493078611111113,141.77,2,7,train,3,3,4.925249099731445,4.074304103851318,7.760206223,2.3196709156036377,14.154181242454957,True,False,0.0836114087005904,5.040029639518721,130.40352838214608,130.40352838214608,0.0,5.040029639518721,5.040029639518721,-0.11478053978727587,4.642940022123703,0.28230907760774215,4.642940022123703,0.28230907760774215,4.642940022123703,0.28230907760774215
179,2026-05-12T20:18:04.341Z,2026-05-12 20:18:04.341000+00:00,1471.9422333333334,24.532370555555556,141.451,2,7,train,3,4,4.793475151062012,3.311570882797241,5.202599525,5.206424713134766,13.720595120932007,True,False,0.06205394396346632,4.956511828685343,163.77224656425435,163.77224656425435,0.0,4.956511828685343,4.956511828685343,-0.16303667762333163,4.576884695169078,0.21659045589293413,4.576884695169078,0.21659045589293413,4.576884695169078,0.21659045589293413
180,2026-05-12T20:20:27.025Z,2026-05-12 20:20:27.025000+00:00,1474.3202999999999,24.572004999999997,142.684,2,7,train,3,5,5.117672920227051,1.6180973052978516,6.675900936126709,7.867712497711182,16.161710739135742,True,False,0.05131881380193597,5.375732033266719,196.40073646817206,196.40073646817206,0.0,5.375732033266719,5.375732033266719,-0.25805911303966855,4.908451428100501,0.2092214921265496,4.908451428100501,0.2092214921265496,4.908451428100501,0.2092214921265496
181,2026-05-12T20:22:49.168Z,2026-05-12 20:22:49.168000+00:00,1476.68935,24.61148916666667,142.143,2,7,train,3,6,5.138072967529297,2.0108442306518555,7.794434070587158,7.454750061035156,17.26002836227417,True,False,0.056809166795291854,5.34861622271892,234.6886372947216,234.6886372947216,0.0,5.34861622271892,5.34861622271892,-0.2105432551896227,4.88700517952787,0.2510677880014267,4.88700517952787,0.2510677880014267,4.88700517952787,0.2510677880014267
182,2026-05-12T20:25:10.893Z,2026-05-12 20:25:10.893000+00:00,1479.0514333333333,24.65085722222222,141.725,2,7,train,3,7,4.096011161804199,8.205654144,2.0521554946899414,7.715114593505859,17.9729242321958,True,False,0.057073682090722964,4.161368836303396,275.45826262211006,275.45826262211006,0.0,4.161368836303396,4.161368836303396,-0.0653576744991966,3.947995721507453,0.14801544029674618,3.947995721507453,0.14801544029674618,3.947995721507453,0.14801544029674618
183,2026-05-12T20:27:32.473Z,2026-05-12 20:27:32.473000+00:00,1481.4111,24.690185,141.58,2,7,train,3,8,4.418554306030273,3.118473052978516,2.122923851013184,3.8299639225006095,9.07136082649231,True,False,0.05777960996419134,4.593787038567966,317.86837283534805,317.86837283534805,0.0,4.593787038567966,4.593787038567966,-0.175232732537693,4.29000092311293,0.1285533829173433,4.29000092311293,0.1285533829173433,4.29000092311293,0.1285533829173433
184,2026-05-12T20:29:54.374Z,2026-05-12 20:29:54.374000+00:00,1483.7761166666667,24.729601944444443,141.901,2,7,train,3,9,4.5861663818359375,6.623647689819336,5.637491226196289,2.030766487121582,14.291905403137207,True,False,0.08579079255117508,4.690404358161881,339.32229237934945,339.32229237934945,0.0,4.690404358161881,4.690404358161881,-0.10423797632594312,4.366416822566858,0.21974955926907924,4.366416822566858,0.21974955926907924,4.366416822566858,0.21974955926907924
185,2026-05-12T20:32:17.416Z,2026-05-12 20:32:17.416000+00:00,1486.16015,24.769335833333333,143.042,2,7,train,3,10,4.555841445922852,2.8945183753967285,2.5017216205596924,1.1294678449630735,6.525707840919495,True,False,0.08269202556264107,4.697086871865643,373.3946712572753,373.3946712572753,0.0,4.697086871865643,4.697086871865643,-0.14124542594279177,4.3717021098987,0.18413933602415167,4.3717021098987,0.18413933602415167,4.3717021098987,0.18413933602415167
186,2026-05-12T20:34:39.218Z,2026-05-12 20:34:39.218000+00:00,1488.5235166666666,24.80872527777778,141.802,2,7,train,3,11,4.551981925964356,8.919845581054688,2.7343437671661377,4.778940200805664,16.43312954902649,True,False,0.07091886736151988,4.248418191944869,388.81731164490975,388.81731164490975,0.0,4.248418191944869,4.248418191944869,0.30356373401948744,4.016844193356873,0.5351377326074838,4.016844193356873,0.5351377326074838,4.016844193356873,0.5351377326074838
187,2026-05-12T20:37:01.024Z,2026-05-12 20:37:01.024000+00:00,1490.88695,24.848115833333335,141.806,2,7,train,3,12,4.550879478,6.321552276611328,2.450877904891968,3.098689556121826,11.871119737625122,True,False,0.07389724284979933,4.349801587946092,427.6559177920639,427.6559177920639,0.0,4.349801587946092,4.349801587946092,0.20107789005390764,4.097029644864835,0.45384983313516436,4.097029644864835,0.45384983313516436,4.097029644864835,0.45384983313516436
188,2026-05-12T20:39:22.506Z,2026-05-12 20:39:22.506000+00:00,1493.2449833333333,24.887416388888887,141.482,2,7,train,3,13,4.553636551,5.609539031982422,4.121610164642334,2.6237668991088867,12.354916095733643,True,False,0.07876337743795025,4.626673162053612,455.6484138373752,455.6484138373752,0.0,4.626673162053612,4.626673162053612,-0.07303661105361137,4.3160109875224055,0.23762556347759478,4.3160109875224055,0.23762556347759478,4.3160109875224055,0.23762556347759478
189,2026-05-12T20:41:43.731Z,2026-05-12 20:41:43.731000+00:00,1495.5987333333333,24.926645555555556,141.225,2,7,train,3,14,4.557495117,3.851474046707153,2.850994348526001,6.965711594,13.668179989233154,True,False,0.049037021757928956,4.630218203660799,484.72879759770825,484.72879759770825,0.0,4.630218203660799,4.630218203660799,-0.07272308666079841,4.318814807211808,0.238680309788192,4.318814807211808,0.238680309788192,4.318814807211808,0.238680309788192
190,2026-05-12T20:44:05.340Z,2026-05-12 20:44:05.340000+00:00,1497.9588833333332,24.96598138888889,141.609,2,7,train,3,15,4.559700965881348,4.512784481048584,9.559214592,8.438563346862793,22.510562419911377,True,False,0.06251287200448359,5.086239080344632,516.9877525992969,516.9877525992969,0.0,5.086239080344632,5.086239080344632,-0.5265381144632846,4.67948767216012,-0.11978670627877275,4.67948767216012,-0.11978670627877275,4.67948767216012,-0.11978670627877275
191,2026-05-12T20:46:26.478Z,2026-05-12 20:46:26.478000+00:00,1500.3111833333335,25.00518638888889,141.138,2,7,train,3,16,4.548673629760742,7.070611476898193,3.827148438,3.484979152679444,14.382739067577637,True,False,0.07576971162234686,4.494224235653803,569.9393485796544,569.9393485796544,0.0,4.494224235653803,4.494224235653803,0.05444939410693905,4.2112554024462705,0.3374182273144717,4.2112554024462705,0.3374182273144717,4.2112554024462705,0.3374182273144717
192,2026-05-12T20:48:48.719Z,2026-05-12 20:48:48.719000+00:00,1502.6818666666666,25.044697777777778,142.241,2,7,train,3,17,4.553084373474121,8.379892349243164,7.891027450561523,3.3917808532714844,19.662700653076172,True,False,0.08275017804972355,4.734282520718524,604.0362683748428,604.0362683748428,0.0,4.734282520718524,4.734282520718524,-0.18119814724440264,4.401120634184116,0.1519637392900055,4.401120634184116,0.1519637392900055,4.401120634184116,0.1519637392900055
193,2026-05-12T20:51:10.789Z,2026-05-12 20:51:10.789000+00:00,1505.0497,25.084161666666667,142.07,2,7,train,3,18,4.565215110778809,4.927229881286621,8.333495140075684,5.5010600090026855,18.76178503036499,True,False,0.07067944228068118,4.988494571337388,650.5942664045517,650.5942664045517,0.0,4.988494571337388,4.988494571337388,-0.4232794605585797,4.602180263883173,-0.03696515310436421,4.602180263883173,-0.03696515310436421,4.602180263883173,-0.03696515310436421
194,2026-05-12T20:53:32.949Z,2026-05-12 20:53:32.949000+00:00,1507.4190333333333,25.123650555555557,142.16,2,7,train,3,19,4.570728302001953,7.137866020202637,7.456635952,1.0926467180252075,15.687148690227843,True,False,0.09303476533816588,4.779285082345734,695.0471890698299,695.0471890698299,0.0,4.779285082345734,4.779285082345734,-0.20855678034378045,4.436713747705872,0.13401455429608156,4.436713747705872,0.13401455429608156,4.436713747705872,0.13401455429608156
195,2026-05-12T20:55:54.568Z,2026-05-12 20:55:54.568000+00:00,1509.77935,25.162989166666666,141.619,2,7,train,3,20,4.566868782043457,7.172682285308838,1.4326977729797363,6.776312828063965,15.381692886352539,True,False,0.05594559793820697,4.065268725334604,732.0738275758529,732.0738275758529,0.0,4.065268725334604,4.065268725334604,0.5016000567088534,3.87198888910755,0.6948798929359072,3.87198888910755,0.6948798929359072,3.87198888910755,0.6948798929359072
196,2026-05-12T20:58:16.503Z,2026-05-12 20:58:16.503000+00:00,1512.1449333333333,25.202415555555554,141.935,2,7,train,3,21,4.567971229553223,2.1303534507751465,1.1738219261169434,7.507896423339844,10.812071800231934,True,False,0.03056005766463011,4.503097339600416,768.4605039062603,768.4605039062603,0.0,4.503097339600416,4.503097339600416,0.06487388995280696,4.218273256200425,0.3496979733527974,4.218273256200425,0.3496979733527974,4.218273256200425,0.3496979733527974
197,2026-05-12T21:00:38.039Z,2026-05-12 21:00:38.039000+00:00,1514.5038666666667,25.24173111111111,141.536,2,7,train,3,22,4.578998565673828,3.3311359882354736,7.616665363311768,6.235091686248779,17.18289303779602,True,False,0.06371337659767841,5.119417064617118,793.9654604782207,793.9654604782207,0.0,5.119417064617118,5.119417064617118,-0.5404184989432901,4.7057285730762946,-0.12673000740246643,4.7057285730762946,-0.12673000740246643,4.7057285730762946,-0.12673000740246643
198,2026-05-12T21:02:59.059Z,2026-05-12 21:02:59.059000+00:00,1516.8542,25.280903333333335,141.02,2,7,train,3,23,4.558598518371582,2.907059669494629,1.9698972702026367,1.8399066925048828,6.716863632202148,True,False,0.07260765152825259,4.591625708078474,834.350986748054,834.350986748054,0.0,4.591625708078474,4.591625708078474,-0.03302718970689167,4.288291498611548,0.27030701976003435,4.288291498611548,0.27030701976003435,4.288291498611548,0.27030701976003435
199,2026-05-12T21:05:20.846Z,2026-05-12 21:05:20.846000+00:00,1519.2173166666666,25.32028861111111,141.787,2,7,train,3,24,4.573485374450684,9.455929756,5.500927448272705,1.6760663986206057,16.63292360289331,True,False,0.08992320028254652,4.525351141651764,850.2237191450381,850.2237191450381,0.0,4.525351141651764,4.525351141651764,0.04813423279891982,4.235874078777277,0.33761129567340653,4.235874078777277,0.33761129567340653,4.235874078777277,0.33761129567340653
200,2026-05-12T21:07:43.066Z,2026-05-12 21:07:43.066000+00:00,1521.5876500000002,25.35979416666667,142.22,2,7,train,3,25,4.582306861877441,1.846617579460144,8.586780548095703,4.173785209655762,14.607183337211609,True,False,0.07142648850704093,5.427609245619403,889.6492923917629,889.6492923917629,0.0,5.427609245619403,5.427609245619403,-0.845302383741962,4.949481792633016,-0.3671749307555743,4.949481792633016,-0.3671749307555743,4.949481792633016,-0.3671749307555743
201,2026-05-12T21:10:04.344Z,2026-05-12 21:10:04.344000+00:00,1523.9422833333333,25.399038055555554,141.278,2,7,train,3,26,4.5861663818359375,9.369320869,9.640662193,6.396867752075195,25.406850814075195,True,False,0.07482227215451913,4.772790584189565,924.0438531836726,924.0438531836726,0.0,4.772790584189565,4.772790584189565,-0.1866242023536273,4.431577164325258,0.15458921751067933,4.431577164325258,0.15458921751067933,4.431577164325258,0.15458921751067933
202,2026-05-12T21:12:26.482Z,2026-05-12 21:12:26.482000+00:00,1526.31125,25.43852083333333,142.138,2,7,train,3,27,4.582306861877441,6.637747764587402,9.825267791748049,9.773897171020508,26.236912727355957,True,False,0.06274753332228096,4.930661077951837,984.2318358671896,984.2318358671896,0.0,4.930661077951837,4.930661077951837,-0.3483542160743953,4.556438998919556,0.025867862957885457,4.556438998919556,0.025867862957885457,4.556438998919556,0.025867862957885457
203,2026-05-12T21:14:49.121Z,2026-05-12 21:14:49.121000+00:00,1528.6885666666667,25.47814277777778,142.639,2,7,train,3,28,4.585063934326172,7.704174518585205,9.803174018859863,7.864185810089111,25.37153434753418,True,False,0.06900390137085494,4.864989161009946,1046.6052857758118,1046.6052857758118,0.0,4.864989161009946,4.864989161009946,-0.2799252266837744,4.504498222430717,0.08056571189545458,4.504498222430717,0.08056571189545458,4.504498222430717,0.08056571189545458
204,2026-05-12T21:17:10.855Z,2026-05-12 21:17:10.855000+00:00,1531.0508,25.517513333333333,141.734,2,7,train,3,29,4.585615158081055,3.1202094554901123,9.280196189880373,8.964114189,21.364519834370483,True,False,0.05804205168899304,5.233605413935608,1106.5387699293685,1106.5387699293685,0.0,5.233605413935608,5.233605413935608,-0.6479902558545536,4.7960416293379105,-0.21042647125685576,4.7960416293379105,-0.21042647125685576,4.7960416293379105,-0.21042647125685576
205,2026-05-12T21:19:32.410Z,2026-05-12 21:19:32.410000+00:00,1533.41005,25.556834166666665,141.555,2,8,train,4,0,4.597192764282227,9.673283576965332,1.9706493616104128,8.322223663330078,19.966156601905823,False,True,,,0.0,0.0,0.0,,,,,,,,,
206,2026-05-12T21:21:54.384Z,2026-05-12 21:21:54.384000+00:00,1535.7762833333334,25.59627138888889,141.974,2,8,train,4,1,4.581754684448242,2.295010805130005,4.386499404907227,5.327077388763428,12.00858759880066,False,True,,,47.24458528998295,47.24458528998295,0.0,,,,,,,,,
207,2026-05-12T21:24:16.073Z,2026-05-12 21:24:16.073000+00:00,1538.1377666666667,25.635629444444444,141.689,2,8,train,4,2,4.571830749511719,2.172534704208374,4.306606769561768,8.992809295654297,15.471950769424438,False,True,,,75.60266476142405,75.60266476142405,0.0,,,,,,,,,
208,2026-05-12T21:26:37.098Z,2026-05-12 21:26:37.098000+00:00,1540.4881833333334,25.674803055555557,141.025,2,8,train,4,3,4.581203460693359,9.28447723388672,6.559344291687012,2.6919069290161133,18.535728454589844,False,True,,,111.96819571572541,111.96819571572541,0.0,,,,,,,,,
209,2026-05-12T21:28:59.397Z,2026-05-12 21:28:59.397000+00:00,1542.8598333333332,25.714330555555552,142.299,2,8,train,4,4,4.574036598205566,1.740973711013794,8.216662406921387,9.12351417541504,19.08115029335022,False,True,,,155.9284561050534,155.9284561050534,0.0,,,,,,,,,
210,2026-05-12T21:31:21.534Z,2026-05-12 21:31:21.534000+00:00,1545.2287833333332,25.753813055555554,142.137,2,8,train,4,5,4.585063934326172,6.323366641998291,6.031274795532227,5.825654983520508,18.180296421051025,False,True,,,201.13074709248542,201.13074709248542,0.0,,,,,,,,,
211,2026-05-12T21:33:44.159Z,2026-05-12 21:33:44.159000+00:00,1547.6058666666665,25.793431111111108,142.625,2,8,train,4,6,4.585063934326172,8.093380928,5.795618534088135,3.2466487884521484,17.135648250540285,False,True,,,244.34682671002545,244.34682671002545,0.0,,,,,,,,,
212,2026-05-12T21:36:06.105Z,2026-05-12 21:36:06.105000+00:00,1549.9716333333333,25.832860555555555,141.946,2,8,train,4,7,4.578447341918945,1.6989171504974363,6.477692127227783,6.137236118,14.31384539572522,False,True,,,284.88577215287864,284.88577215287864,0.0,,,,,,,,,
213,2026-05-12T21:38:27.624Z,2026-05-12 21:38:27.624000+00:00,1552.3302833333332,25.872171388888887,141.519,2,8,train,4,8,4.576241493225098,7.480860233306885,5.828138351,7.148883819580078,20.457882403886963,False,True,,,318.64712359550595,318.64712359550595,0.0,,,,,,,,,
214,2026-05-12T21:40:49.758Z,2026-05-12 21:40:49.758000+00:00,1554.6991833333334,25.911653055555558,142.134,2,8,train,4,9,4.590025901794434,1.8320579528808596,1.8685290813446045,7.313234806060791,11.013821840286255,False,True,,,367.10980122207377,367.10980122207377,0.0,,,,,,,,,
215,2026-05-12T21:43:12.005Z,2026-05-12 21:43:12.005000+00:00,1557.0699666666667,25.95116611111111,142.247,2,8,train,4,10,4.590577125549316,1.8762457370758057,8.476800918579102,1.3862676620483398,11.739314317703247,False,True,,,393.2211864773271,393.2211864773271,0.0,,,,,,,,,
216,2026-05-12T21:45:33.393Z,2026-05-12 21:45:33.393000+00:00,1559.4264333333333,25.990440555555555,141.388,2,8,train,4,11,4.590577125549316,1.0048768520355225,6.323449135,4.086383819580078,11.414709806615601,False,True,,,420.8844893565175,420.8844893565175,0.0,,,,,,,,,
217,2026-05-12T21:47:55.343Z,2026-05-12 21:47:55.343000+00:00,1561.7922666666666,26.02987111111111,141.95,2,8,train,4,12,4.587268829345703,8.275108337402344,7.275407314300537,2.365873098373413,17.916388750076294,False,True,,,447.8897903073356,447.8897903073356,0.0,,,,,,,,,
218,2026-05-12T21:50:17.410Z,2026-05-12 21:50:17.410000+00:00,1564.16005,26.069334166666668,142.067,2,8,train,4,13,4.587268829345703,9.913923263549805,3.864881992340088,5.737701416015625,19.516506671905518,False,True,,,490.31191698328706,490.31191698328706,0.0,,,,,,,,,
219,2026-05-12T21:52:39.223Z,2026-05-12 21:52:39.223000+00:00,1566.5236,26.108726666666666,141.813,2,8,train,4,14,4.596090316772461,8.838511467,8.579621315002441,1.7130650281906128,19.131197810193054,False,True,,,536.4401563276693,536.4401563276693,0.0,,,,,,,,,
220,2026-05-12T21:55:01.046Z,2026-05-12 21:55:01.046000+00:00,1568.8873166666667,26.148121944444444,141.823,2,8,train,4,15,4.585063934326172,2.966193914413452,3.66498065,2.9323601722717285,9.563534736685181,False,True,,,581.6608874449195,581.6608874449195,0.0,,,,,,,,,
221,2026-05-12T21:57:22.758Z,2026-05-12 21:57:22.758000+00:00,1571.2491833333333,26.18748638888889,141.712,2,8,train,4,16,4.588372230529785,9.496008873,3.157712936401367,1.1277177333831787,13.781439542784545,False,True,,,604.2486813550049,604.2486813550049,0.0,,,,,,,,,
222,2026-05-12T21:59:44.397Z,2026-05-12 21:59:44.397000+00:00,1573.6098333333332,26.226830555555555,141.639,2,8,train,4,17,4.596090316772461,8.959188461303711,3.319704532623291,3.809304237365722,16.088197231292725,False,True,,,636.7818366116793,636.7818366116793,0.0,,,,,,,,,
223,2026-05-12T22:02:05.838Z,2026-05-12 22:02:05.838000+00:00,1575.9671833333334,26.266119722222225,141.441,2,8,train,4,18,4.598296165466309,6.374973297119141,1.4010696411132812,5.901155471801758,13.67719841003418,False,True,,,674.7073483548672,674.7073483548672,0.0,,,,,,,,,
224,2026-05-12T22:04:27.366Z,2026-05-12 22:04:27.366000+00:00,1578.3259833333332,26.305433055555554,141.528,2,8,train,4,19,4.602155685424805,8.256122589111328,1.456078290939331,5.405181884765625,15.117382764816284,False,True,,,706.9691239644559,706.9691239644559,0.0,,,,,,,,,
225,2026-05-12T22:06:48.973Z,2026-05-12 22:06:48.973000+00:00,1580.6861,26.34476833333333,141.607,2,8,train,4,20,4.592782020568848,9.58723259,2.8734359741210938,5.014285564422607,17.4749541285437,False,True,,,742.6479109840782,742.6479109840782,0.0,,,,,,,,,
226,2026-05-12T22:09:11.284Z,2026-05-12 22:09:11.284000+00:00,1583.05795,26.384299166666665,142.311,2,8,train,4,21,4.592782020568848,9.813723564,6.222843647003174,7.816064834594727,23.8526320455979,False,True,,,784.0958809338646,784.0958809338646,0.0,,,,,,,,,
227,2026-05-12T22:11:32.197Z,2026-05-12 22:11:32.197000+00:00,1585.4065,26.42344166666667,140.913,2,8,train,4,22,4.6038103103637695,8.795659065246582,5.8894243240356445,2.6443545818328857,17.329437971115112,False,True,,,840.1149799245535,840.1149799245535,0.0,,,,,,,,,
228,2026-05-12T22:13:53.468Z,2026-05-12 22:13:53.468000+00:00,1587.7610166666666,26.46268361111111,141.271,2,8,train,4,23,4.594987869262695,7.970355033874512,6.606223583221436,3.653001070022583,18.22957968711853,False,True,,,880.9174304515102,880.9174304515102,0.0,,,,,,,,,
229,2026-05-12T22:16:15.287Z,2026-05-12 22:16:15.287000+00:00,1590.1246666666666,26.502077777777778,141.819,2,8,train,4,24,4.593334197998047,3.8334975242614746,8.577958106994629,1.9208967685699463,14.33235239982605,False,True,,,924.005776478968,924.005776478968,0.0,,,,,,,,,
230,2026-05-12T22:18:36.977Z,2026-05-12 22:18:36.977000+00:00,1592.4861666666666,26.54143611111111,141.69,2,8,train,4,25,4.592782020568848,6.1235527992248535,9.419863701,1.3190112113952637,16.862427711620118,False,True,,,957.8516266711572,957.8516266711572,0.0,,,,,,,,,
231,2026-05-12T22:20:58.914Z,2026-05-12 22:20:58.914000+00:00,1594.8517833333333,26.580863055555554,141.937,2,8,train,4,26,4.595539093017578,3.0525002479553223,5.901025295257568,2.8663370609283447,11.819862604141235,False,True,,,997.7416667062276,997.7416667062276,0.0,,,,,,,,,
232,2026-05-12T22:23:21.352Z,2026-05-12 22:23:21.352000+00:00,1597.22575,26.620429166666668,142.438,2,8,train,4,27,4.592782020568848,9.476270676,8.726006507873535,3.7495408058166495,21.951817989690184,False,True,,,1025.8016265330389,1025.8016265330389,0.0,,,,,,,,,
233,2026-05-12T22:25:42.908Z,2026-05-12 22:25:42.908000+00:00,1599.5850166666667,26.65975027777778,141.556,2,8,train,4,28,4.601053237915039,9.895938873291016,7.390047073364258,4.266472816467285,21.55245876312256,False,True,,,1077.5918189888487,1077.5918189888487,0.0,,,,,,,,,
234,2026-05-12T22:28:04.624Z,2026-05-12 22:28:04.624000+00:00,1601.94695,26.699115833333334,141.716,2,8,train,4,29,4.599950790405273,1.4398677349090576,3.707204580307007,2.795019626617432,7.942091941833496,False,True,,,1128.49728975676,1128.49728975676,0.0,,,,,,,,,
235,2026-05-12T22:30:26.019Z,2026-05-12 22:30:26.019000+00:00,1604.3035333333332,26.73839222222222,141.395,2,9,train,5,0,4.604912757873535,1.7228540182113647,8.488994598388672,5.0135698318481445,15.225418448448181,False,True,,,0.0,0.0,0.0,,,,,,,,,
236,2026-05-12T22:32:47.638Z,2026-05-12 22:32:47.638000+00:00,1606.6638500000001,26.777730833333337,141.619,2,9,train,5,1,4.590577125549316,3.515377759933472,1.6301560401916504,1.575680136680603,6.721213936805725,False,True,,,35.93680892084638,35.93680892084638,0.0,,,,,,,,,
237,2026-05-12T22:35:09.056Z,2026-05-12 22:35:09.056000+00:00,1609.0208166666666,26.81701361111111,141.418,2,9,train,5,2,4.609323501586914,5.818350315093994,5.144968032836914,7.941873550415039,18.905191898345947,False,True,,,51.77848612943291,51.77848612943291,0.0,,,,,,,,,
238,2026-05-12T22:37:30.413Z,2026-05-12 22:37:30.413000+00:00,1611.3767666666668,26.856279444444446,141.357,2,9,train,5,3,4.602155685424805,4.173156261444092,5.681988716125488,7.495442867279053,17.350587844848633,False,True,,,96.31817298234105,96.31817298234105,0.0,,,,,,,,,
239,2026-05-12T22:39:52.392Z,2026-05-12 22:39:52.392000+00:00,1613.7430833333335,26.89571805555556,141.979,2,9,train,5,4,4.6038103103637695,7.801742076873779,7.459996700286865,3.510404348373413,18.772143125534058,False,True,,,137.37515817607044,137.37515817607044,0.0,,,,,,,,,
240,2026-05-12T22:42:14.076Z,2026-05-12 22:42:14.076000+00:00,1616.1044833333333,26.93507472222222,141.684,2,9,train,5,5,4.596641540527344,6.238706588745117,4.696681022644043,5.638033390045166,16.573421001434326,False,True,,,181.70369695270657,181.70369695270657,0.0,,,,,,,,,
241,2026-05-12T22:44:36.576Z,2026-05-12 22:44:36.576000+00:00,1618.4794833333333,26.974658055555555,142.5,2,9,train,5,6,4.6038103103637695,1.3071341514587402,3.0424060821533203,1.2309598922729492,5.58050012588501,False,True,,,221.0655718311131,221.0655718311131,0.0,,,,,,,,,
242,2026-05-12T22:46:58.299Z,2026-05-12 22:46:58.299000+00:00,1620.8415333333332,27.014025555555556,141.723,2,9,train,5,7,4.596090316772461,4.200015068054199,7.532260417938232,5.874582290649414,17.606857776641846,False,True,,,234.2469921534598,234.2469921534598,0.0,,,,,,,,,
243,2026-05-12T22:49:21.053Z,2026-05-12 22:49:21.053000+00:00,1623.2207666666666,27.053679444444445,142.754,2,9,train,5,8,4.602706909179688,7.410916328430176,2.7594308853149414,3.1268696784973145,13.297216892242432,False,True,,,276.1378150709053,276.1378150709053,0.0,,,,,,,,,
244,2026-05-12T22:51:44.195Z,2026-05-12 22:51:44.195000+00:00,1625.6064666666668,27.093441111111115,143.142,2,9,train,5,9,4.600502014160156,1.2029705047607422,5.575952529907227,6.519660949707031,13.298583984375,False,True,,,307.86098541072806,307.86098541072806,0.0,,,,,,,,,
245,2026-05-12T22:54:06.071Z,2026-05-12 22:54:06.071000+00:00,1627.9710666666665,27.13285111111111,141.876,2,9,train,5,10,4.601604461669922,5.820002555847168,7.052996635437012,8.386407852172852,21.25940704345703,False,True,,,339.3068171001812,339.3068171001812,0.0,,,,,,,,,
246,2026-05-12T22:56:27.623Z,2026-05-12 22:56:27.623000+00:00,1630.3302666666668,27.172171111111115,141.552,2,9,train,5,11,4.607668876647949,9.726446151733398,1.8947441577911377,3.899412631988525,15.520602941513062,False,True,,,389.46201019710503,389.46201019710503,0.0,,,,,,,,,
247,2026-05-12T22:58:49.659Z,2026-05-12 22:58:49.659000+00:00,1632.6975333333332,27.211625555555553,142.036,2,9,train,5,12,4.602155685424805,3.651416778564453,4.073415756225586,7.582317352294922,15.307149887084961,False,True,,,426.2034161871175,426.2034161871175,0.0,,,,,,,,,
248,2026-05-12T23:01:11.492Z,2026-05-12 23:01:11.492000+00:00,1635.0614166666667,27.251023611111112,141.833,2,9,train,5,13,4.6038103103637695,5.594438552856445,7.493293285369873,5.222875118255615,18.310606956481934,False,True,,,462.38773268603285,462.38773268603285,0.0,,,,,,,,,
249,2026-05-12T23:03:33.612Z,2026-05-12 23:03:33.612000+00:00,1637.4300833333332,27.290501388888888,142.12,2,9,train,5,14,4.606015205383301,6.841993808746338,8.264070510864258,2.219604969024658,17.325669288635254,False,True,,,505.7594570302864,505.7594570302864,0.0,,,,,,,,,
250,2026-05-12T23:05:56.088Z,2026-05-12 23:05:56.088000+00:00,1639.8046833333333,27.330078055555553,142.476,2,9,train,5,15,4.611528396606445,2.878544330596924,9.103222846984863,1.574152588844299,13.555919766426086,False,True,,,546.9009913230797,546.9009913230797,0.0,,,,,,,,,
251,2026-05-12T23:08:18.272Z,2026-05-12 23:08:18.272000+00:00,1642.1744166666665,27.369573611111107,142.184,2,9,train,5,16,4.602706909179688,2.555204391479492,5.955127716064453,5.529056549072266,14.039388656616211,False,True,,,579.0249062575717,579.0249062575717,0.0,,,,,,,,,
252,2026-05-12T23:10:40.220Z,2026-05-12 23:10:40.220000+00:00,1644.5402166666668,27.409003611111114,141.948,2,9,train,5,17,4.601604461669922,8.315498352050781,2.356717348098755,4.011821746826172,14.684037446975708,False,True,,,612.2392919413944,612.2392919413944,0.0,,,,,,,,,
253,2026-05-12T23:13:00.777Z,2026-05-12 23:13:00.777000+00:00,1646.8828333333333,27.448047222222222,140.557,2,9,train,5,18,4.594987869262695,3.917249917984009,1.349490761756897,5.828430176,11.095170855740907,False,True,,,646.6383627986371,646.6383627986371,0.0,,,,,,,,,
254,2026-05-12T23:15:22.111Z,2026-05-12 23:15:22.111000+00:00,1649.2384,27.487306666666665,141.334,2,9,train,5,19,4.602706909179688,9.278496742248535,8.703334808,7.292832374572754,25.27466392482129,False,True,,,672.7737774273919,672.7737774273919,0.0,,,,,,,,,
255,2026-05-12T23:17:42.795Z,2026-05-12 23:17:42.795000+00:00,1651.5831333333333,27.526385555555557,140.684,2,9,train,5,20,4.614836692810059,2.236849308013916,9.139513016,1.1216877698898315,12.498050093903748,False,True,,,732.0361244207179,732.0361244207179,0.0,,,,,,,,,
256,2026-05-12T23:20:02.918Z,2026-05-12 23:20:02.918000+00:00,1653.9185166666668,27.565308611111114,140.123,2,9,train,5,21,4.606015205383301,8.640480041503906,9.591248512268066,9.203690528869627,27.4354190826416,False,True,,,761.2238623091858,761.2238623091858,0.0,,,,,,,,,
257,2026-05-12T23:22:23.580Z,2026-05-12 23:22:23.580000+00:00,1656.2628833333333,27.60438138888889,140.662,2,9,train,5,22,4.604912757873535,5.822964191436768,8.930428504943848,2.3932037353515625,17.146596431732178,False,True,,,825.5425442925614,825.5425442925614,0.0,,,,,,,,,
258,2026-05-12T23:24:44.154Z,2026-05-12 23:24:44.154000+00:00,1658.6057833333332,27.64342972222222,140.574,2,9,train,5,23,4.604361534118652,9.336367607,4.843417644500732,3.7927069664001465,17.97249221790088,False,True,,,865.7153050724667,865.7153050724667,0.0,,,,,,,,,
259,2026-05-12T23:27:04.854Z,2026-05-12 23:27:04.854000+00:00,1660.9507833333334,27.682513055555557,140.7,2,9,train,5,24,4.604912757873535,8.748619079589844,9.419809341430664,7.6280694007873535,25.79649782180786,False,True,,,907.8607993234442,907.8607993234442,0.0,,,,,,,,,
260,2026-05-12T23:29:25.571Z,2026-05-12 23:29:25.571000+00:00,1663.2960666666665,27.72160111111111,140.717,2,9,train,5,25,4.601053237915039,3.835585117340088,4.897727966308594,6.061033248901367,14.794346332550049,False,True,,,968.3608957232998,968.3608957232998,0.0,,,,,,,,,
261,2026-05-12T23:31:45.810Z,2026-05-12 23:31:45.810000+00:00,1665.6333833333333,27.76055638888889,140.239,2,9,train,5,26,4.604912757873535,3.201841354370117,4.140279293060303,1.5786179304122925,8.920738577842712,False,True,,,1002.9399679788079,1002.9399679788079,0.0,,,,,,,,,
262,2026-05-12T23:34:06.084Z,2026-05-12 23:34:06.084000+00:00,1667.9712833333333,27.799521388888888,140.274,2,9,train,5,27,4.601604461669922,4.049111366271973,6.523565292358398,1.9995683431625368,12.572245001792908,False,True,,,1023.7957626999464,1023.7957626999464,0.0,,,,,,,,,
263,2026-05-12T23:36:26.211Z,2026-05-12 23:36:26.211000+00:00,1670.3067333333333,27.838445555555555,140.127,2,9,train,5,28,4.596090316772461,8.351072311401367,2.42453408241272,9.145073890686035,19.920680284500122,False,True,,,1053.1576122893837,1053.1576122893837,0.0,,,,,,,,,
264,2026-05-12T23:38:46.676Z,2026-05-12 23:38:46.676000+00:00,1672.6478166666668,27.877463611111114,140.465,2,9,train,5,29,4.609874725341797,6.457474708557129,7.070789337158203,1.207836627960205,14.736100673675537,False,True,,,1099.7935848920888,1099.7935848920888,0.0,,,,,,,,,
265,2026-05-12T23:41:07.484Z,2026-05-12 23:41:07.484000+00:00,1674.9946166666666,27.916576944444444,140.808,2,10,train,6,0,4.601053237915039,6.9601263999938965,9.867917061,8.528712272644043,25.35675573363794,False,True,,,0.0,0.0,0.0,,,,,,,,,
266,2026-05-12T23:43:27.810Z,2026-05-12 23:43:27.810000+00:00,1677.3333833333334,27.95555638888889,140.326,2,10,train,6,1,4.615939140319824,3.5786707401275635,2.794595241546631,3.957703113555908,10.330969095230103,False,True,,,59.30353508464129,59.30353508464129,0.0,,,,,,,,,
267,2026-05-12T23:45:48.022Z,2026-05-12 23:45:48.022000+00:00,1679.67025,27.994504166666665,140.212,2,10,train,6,2,4.608772277832031,5.733865737915039,6.970927715301514,1.164964199066162,13.869757652282715,False,True,,,83.44563239764801,83.44563239764801,0.0,,,,,,,,,
268,2026-05-12T23:48:08.398Z,2026-05-12 23:48:08.398000+00:00,1682.00985,28.0334975,140.376,2,10,train,6,3,4.6038103103637695,2.9151618480682373,8.78195858,6.083753586,17.78087401406824,False,True,,,115.89531740092866,115.89531740092866,0.0,,,,,,,,,
269,2026-05-12T23:50:28.494Z,2026-05-12 23:50:28.494000+00:00,1684.3447833333335,28.072413055555558,140.096,2,10,train,6,4,4.609323501586914,7.623536109924316,2.051023483276367,2.864326477050781,12.538886070251465,False,True,,,157.41247283217706,157.41247283217706,0.0,,,,,,,,,
270,2026-05-12T23:52:48.978Z,2026-05-12 23:52:48.978000+00:00,1686.6861833333335,28.11143638888889,140.484,2,10,train,6,5,4.601604461669922,5.470940589904785,6.338641644,9.759559631347656,21.56914186525244,False,True,,,186.77102067706383,186.77102067706383,0.0,,,,,,,,,
271,2026-05-12T23:55:09.164Z,2026-05-12 23:55:09.164000+00:00,1689.0226166666666,28.150376944444442,140.186,2,10,train,6,6,4.604361534118652,1.0965633392333984,2.934919595718384,5.277831077575684,9.309314012527466,False,True,,,237.16588270243514,237.16588270243514,0.0,,,,,,,,,
272,2026-05-12T23:57:29.224Z,2026-05-12 23:57:29.224000+00:00,1691.35695,28.1892825,140.06,2,10,train,6,7,4.613734245300293,5.123155117034912,6.431890011,7.070981979370117,18.62602710740503,False,True,,,258.8969247123451,258.8969247123451,0.0,,,,,,,,,
273,2026-05-12T23:59:49.727Z,2026-05-12 23:59:49.727000+00:00,1693.6986666666667,28.22831111111111,140.503,2,10,train,6,8,4.619799613952637,8.438204765319824,7.929050445556641,1.6938496828079224,18.061104893684387,False,True,,,302.5138028235406,302.5138028235406,0.0,,,,,,,,,
274,2026-05-13T00:02:10.508Z,2026-05-13 00:02:10.508000+00:00,1696.0450166666667,28.267416944444445,140.781,2,10,train,6,9,4.606015205383301,8.817798614501953,1.2012004852294922,1.7742775678634644,11.79327666759491,False,True,,,344.8914762908369,344.8914762908369,0.0,,,,,,,,,
275,2026-05-13T00:04:31.101Z,2026-05-13 00:04:31.101000+00:00,1698.3882333333333,28.306470555555556,140.593,2,10,train,6,10,4.62035083770752,2.5716183185577397,2.101430654525757,1.4994916915893557,6.172540664672852,False,True,,,372.52567873295646,372.52567873295646,0.0,,,,,,,,,
276,2026-05-13T00:06:51.536Z,2026-05-13 00:06:51.536000+00:00,1700.7288166666667,28.345480277777778,140.435,2,10,train,6,11,4.600502014160156,4.168999195098877,9.681185722351074,4.237885475158691,18.088070392608643,False,True,,,386.973024537012,386.973024537012,0.0,,,,,,,,,
277,2026-05-13T00:09:12.293Z,2026-05-13 00:09:12.293000+00:00,1703.0747666666668,28.384579444444448,140.757,2,10,train,6,12,4.606015205383301,8.356901168823242,1.793717384338379,3.936431407928467,14.087049961090088,False,True,,,429.40673327455227,429.40673327455227,0.0,,,,,,,,,
278,2026-05-13T00:11:32.752Z,2026-05-13 00:11:32.752000+00:00,1705.4157500000001,28.423595833333334,140.459,2,10,train,6,13,4.617041588,8.838807106018066,8.286384582519531,7.180283069610596,24.305474758148193,False,True,,,462.38428244929815,462.38428244929815,0.0,,,,,,,,,
279,2026-05-13T00:13:53.237Z,2026-05-13 00:13:53.237000+00:00,1707.7571666666665,28.462619444444442,140.485,2,10,train,6,14,4.624761581420898,9.737529754638672,4.807708740234375,4.312875747680664,18.85811424255371,False,True,,,519.2935261392723,519.2935261392723,0.0,,,,,,,,,
280,2026-05-13T00:16:13.983Z,2026-05-13 00:16:13.983000+00:00,1710.1029333333333,28.501715555555556,140.746,2,10,train,6,15,4.614285469055176,8.150537490844727,2.8823812007904053,2.6563639640808105,13.689282655715942,False,True,,,563.5302619256468,563.5302619256468,0.0,,,,,,,,,
281,2026-05-13T00:18:34.631Z,2026-05-13 00:18:34.631000+00:00,1712.4470666666666,28.540784444444444,140.648,2,10,train,6,16,4.618144989013672,2.9467170238494877,5.681501388549805,1.1216145753860474,9.74983298778534,False,True,,,595.6197657083324,595.6197657083324,0.0,,,,,,,,,
282,2026-05-13T00:20:54.632Z,2026-05-13 00:20:54.632000+00:00,1714.7804166666667,28.57967361111111,140.001,2,10,train,6,17,4.609874725341797,5.946578502655029,9.510712623596191,3.1371777057647705,18.59446883201599,False,True,,,618.3695385103813,618.3695385103813,0.0,,,,,,,,,
283,2026-05-13T00:23:15.326Z,2026-05-13 00:23:15.326000+00:00,1717.1253166666668,28.61875527777778,140.694,2,10,train,6,18,4.597192764282227,7.675373077392578,5.905945777893066,6.379865646362305,19.96118450164795,False,True,,,661.9717084745756,661.9717084745756,0.0,,,,,,,,,
284,2026-05-13T00:25:35.830Z,2026-05-13 00:25:35.830000+00:00,1719.46705,28.657784166666666,140.504,2,10,train,6,19,4.610425949,8.910871505737305,2.4682936668396,8.030412673950195,19.4095778465271,False,True,,,708.7154795949014,708.7154795949014,0.0,,,,,,,,,
285,2026-05-13T00:27:56.529Z,2026-05-13 00:27:56.529000+00:00,1721.8120333333331,28.69686722222222,140.699,2,10,train,6,20,4.612079620361328,9.24110507965088,4.796757698059082,1.9014770984649656,15.939339876174929,False,True,,,754.2306161520434,754.2306161520434,0.0,,,,,,,,,
286,2026-05-13T00:30:17.156Z,2026-05-13 00:30:17.156000+00:00,1724.1558166666666,28.735930277777776,140.627,2,10,train,6,21,4.613183022,7.324322700500488,5.197127342224121,1.580772042274475,14.102222084999084,False,True,,,791.5889752981576,791.5889752981576,0.0,,,,,,,,,
287,2026-05-13T00:32:37.674Z,2026-05-13 00:32:37.674000+00:00,1726.4977833333332,28.774963055555553,140.518,2,10,train,6,22,4.602706909179688,2.934453010559082,1.7687329053878784,2.9349048137664795,7.63809072971344,False,True,,,824.6159093471559,824.6159093471559,0.0,,,,,,,,,
288,2026-05-13T00:34:57.889Z,2026-05-13 00:34:57.889000+00:00,1728.8346999999999,28.813911666666666,140.215,2,10,train,6,23,4.621453285217285,6.464269638061523,8.355550765991211,1.354412317276001,16.174232721328735,False,True,,,842.4654908749354,842.4654908749354,0.0,,,,,,,,,
289,2026-05-13T00:37:18.418Z,2026-05-13 00:37:18.418000+00:00,1731.17685,28.852947500000003,140.529,2,10,train,6,24,4.621453285217285,1.9532101154327397,1.395636796951294,5.057088851928711,8.405935764312744,False,True,,,880.3479700431956,880.3479700431956,0.0,,,,,,,,,
290,2026-05-13T00:39:39.516Z,2026-05-13 00:39:39.516000+00:00,1733.5284833333333,28.892141388888888,141.098,2,10,train,6,25,4.619248390197754,9.762156487,7.855429172515869,2.310025691986084,19.92761135150195,False,True,,,900.1156487844122,900.1156487844122,0.0,,,,,,,,,
291,2026-05-13T13:32:54.593Z,2026-05-13 13:32:54.593000+00:00,2506.7797666666665,41.77966277777777,46395.077,3,11,train,1,0,4.300564765930176,2.0,2.0,6.0,10.0,True,False,0.04,4.760753385474143,0.0,0.0,0.0,4.760753385474143,4.760753385474143,-0.46018861954396684,4.422056786709622,-0.12149202077944654,4.422056786709622,-0.12149202077944654,4.422056786709622,-0.12149202077944654
292,2026-05-13T13:35:17.721Z,2026-05-13 13:35:17.721000+00:00,2509.165233333333,41.81942055555555,143.128,3,11,train,1,1,3.895318031311035,5.409165859222412,1.5117745399475098,7.6568474769592285,14.57778787612915,True,False,0.047475930216427625,4.2096561557550425,23.854666666666663,23.854666666666663,0.0,4.2096561557550425,4.2096561557550425,-0.3143381244440073,3.986186792876702,-0.09086876156566692,3.986186792876702,-0.09086876156566692,3.986186792876702,-0.09086876156566692
293,2026-05-13T13:37:38.080Z,2026-05-13 13:37:38.080000+00:00,2511.5045499999997,41.85840916666666,140.359,3,11,train,1,2,4.508424758911133,4.432991027832031,6.061048984527588,2.132323265075684,12.626363277435303,True,False,0.08311213436345224,4.896122972674344,57.95672880842686,57.95672880842686,0.0,4.896122972674344,4.896122972674344,-0.387698213763211,4.529122360543465,-0.020697601632332585,4.529122360543465,-0.020697601632332585,4.529122360543465,-0.020697601632332585
294,2026-05-13T13:39:58.499Z,2026-05-13 13:39:58.499000+00:00,2513.844866666667,41.89741444444444,140.419,3,11,train,1,3,4.186433792114258,7.58273983,4.223146915435791,2.022603988647461,13.828490734083253,True,False,0.08537364613722939,4.5064996282345655,87.50641722599666,87.50641722599666,0.0,4.5064996282345655,4.5064996282345655,-0.3200658361203077,4.220964170699743,-0.03453037858548491,4.220964170699743,-0.03453037858548491,4.220964170699743,-0.03453037858548491
295,2026-05-13T13:42:18.727Z,2026-05-13 13:42:18.727000+00:00,2516.1820000000002,41.93636666666667,140.228,3,11,train,1,4,3.87050724,7.342101573944092,2.0451855659484863,5.228659629821777,14.615946769714355,True,False,0.06422633639679051,4.20737006112886,119.82544387031376,119.82544387031376,0.0,4.20737006112886,4.20737006112886,-0.33686282112886046,3.9843786907907535,-0.11387145079075367,3.9843786907907535,-0.11387145079075367,3.9843786907907535,-0.11387145079075367
296,2026-05-13T13:44:38.791Z,2026-05-13 13:44:38.791000+00:00,2518.5164,41.975273333333334,140.064,3,11,train,1,5,4.239914894104004,9.474337577819824,6.333772659301758,4.844608306884766,20.652718544006348,True,False,0.07654251523080614,4.585726863912815,153.94491000953496,153.94491000953496,0.0,4.585726863912815,4.585726863912815,-0.34581196980881135,4.283626025748587,-0.04371113164458329,4.283626025748587,-0.04371113164458329,4.283626025748587,-0.04371113164458329
297,2026-05-13T13:46:58.938Z,2026-05-13 13:46:58.938000+00:00,2520.8521833333334,42.014203055555555,140.147,3,11,train,1,6,4.416348457336426,7.453158855438232,8.384086608886719,2.580932378768921,18.418177843093872,True,False,0.08598703736734374,4.811428327437967,202.18518577264925,202.18518577264925,0.0,4.811428327437967,4.811428327437967,-0.395079870101541,4.462136259895351,-0.045787802558924895,4.462136259895351,-0.045787802558924895,4.462136259895351,-0.045787802558924895
298,2026-05-13T13:49:19.297Z,2026-05-13 13:49:19.297000+00:00,2523.1915,42.05319166666666,140.359,3,11,train,1,7,4.4554948806762695,5.668975830078125,7.238452434539795,3.943468570709229,16.85089683532715,True,False,0.07659787126319637,4.866454197289685,245.27113617062946,245.27113617062946,0.0,4.866454197289685,4.866454197289685,-0.41095931661341556,4.505656938751139,-0.05016205807486962,4.505656938751139,-0.05016205807486962,4.505656938751139,-0.05016205807486962
299,2026-05-13T13:51:39.514Z,2026-05-13 13:51:39.514000+00:00,2525.52845,42.09214083333333,140.217,3,11,train,1,8,4.545917510986328,5.075520038604736,8.446838379,3.952305793762207,17.474664211366942,True,False,0.0773826509856979,4.9814634605464265,284.65083952994723,284.65083952994723,0.0,4.9814634605464265,4.9814634605464265,-0.4355459495600984,4.596619266563957,-0.050701755577629015,4.596619266563957,-0.050701755577629015,4.596619266563957,-0.050701755577629015
300,2026-05-13T13:53:59.685Z,2026-05-13 13:53:59.685000+00:00,2527.864633333333,42.13107722222222,140.171,3,11,train,1,9,4.209038734436035,9.767338752746582,5.951909065246582,1.9870312213897705,17.706279039382935,True,False,0.08877781595461054,4.545472097413006,325.47485881613915,325.47485881613915,0.0,4.545472097413006,4.545472097413006,-0.3364333629769707,4.251788005377915,-0.04274927094188019,4.251788005377915,-0.04274927094188019,4.251788005377915,-0.04274927094188019
301,2026-05-13T13:56:20.048Z,2026-05-13 13:56:20.048000+00:00,2530.204016666667,42.17006694444445,140.363,3,11,train,1,10,4.072303771972656,2.596588134765625,1.709921956062317,9.487032890319824,13.793542981147766,True,False,0.03122120325948044,4.580100584702026,366.8966328962209,366.8966328962209,0.0,4.580100584702026,4.580100584702026,-0.5077968127293699,4.279176128066904,-0.20687235609424803,4.279176128066904,-0.20687235609424803,4.279176128066904,-0.20687235609424803
302,2026-05-13T13:58:40.429Z,2026-05-13 13:58:40.429000+00:00,2532.5437,42.20906166666667,140.381,3,11,train,1,11,4.324824333190918,8.935621262,7.854085445404053,4.446170330047607,21.235877037451658,True,False,0.0790629305198635,4.704406625852941,399.16915551682933,399.16915551682933,0.0,4.704406625852941,4.704406625852941,-0.3795822926620227,4.377491398890277,-0.052667065699359306,4.377491398890277,-0.052667065699359306,4.377491398890277,-0.052667065699359306
303,2026-05-13T14:01:00.729Z,2026-05-13 14:01:00.729000+00:00,2534.8820333333333,42.24803388888889,140.3,3,11,train,1,12,3.979675293,8.412832260131836,3.176182270050049,1.7354533672332764,13.324467897415161,True,False,0.08697543961534149,4.3381146671545325,448.8257146560705,448.8257146560705,0.0,4.3381146671545325,4.3381146671545325,-0.3584393741545324,4.087786306632235,-0.10811101363223452,4.087786306632235,-0.10811101363223452,4.087786306632235,-0.10811101363223452
304,2026-05-13T14:03:20.989Z,2026-05-13 14:03:20.989000+00:00,2537.2197,42.286995000000005,140.26,3,11,train,1,13,4.885552406311035,1.8670899868011477,8.915605545043945,9.862728118896484,20.645423650741577,True,False,0.0522280177644007,5.43919673304763,479.973879110928,479.973879110928,0.0,5.43919673304763,5.43919673304763,-0.5536443267365945,4.958646487720404,-0.07309408140936924,4.958646487720404,-0.07309408140936924,4.958646487720404,-0.07309408140936924
305,2026-05-13T14:05:41.347Z,2026-05-13 14:05:41.347000+00:00,2539.559,42.32598333333333,140.358,3,11,train,1,14,4.538198471069336,5.549419403076172,8.299148559570312,6.118420600891113,19.966988563537598,True,False,0.06935731904978315,4.935088771365873,528.2697186571078,528.2697186571078,0.0,4.935088771365873,4.935088771365873,-0.39689030029653694,4.559940919446454,-0.02174244837711825,4.559940919446454,-0.02174244837711825,4.559940919446454,-0.02174244837711825
306,2026-05-13T14:08:01.868Z,2026-05-13 14:08:01.868000+00:00,2541.9010166666662,42.365016944444434,140.521,3,11,train,1,15,4.781897545,2.8602161407470703,8.312158584594727,1.0527150630950928,12.22508978843689,True,False,0.09138889708531381,5.2234640816762115,575.0327386560556,575.0327386560556,0.0,5.2234640816762115,5.2234640816762115,-0.4415665366762118,4.788020717253823,-0.006123172253823306,4.788020717253823,-0.006123172253823306,4.788020717253823,-0.006123172253823306
307,2026-05-13T14:10:22.260Z,2026-05-13 14:10:22.260000+00:00,2544.2408833333334,42.40401472222222,140.392,3,11,train,1,16,4.388781547546387,8.928237915039062,9.144607543945312,9.202996253967283,27.27584171295166,True,False,0.06625953343321635,4.77084374572494,603.6378187490261,603.6378187490261,0.0,4.77084374572494,4.77084374572494,-0.382062198178553,4.430037384366643,-0.04125583682025624,4.430037384366643,-0.04125583682025624,4.430037384366643,-0.04125583682025624
308,2026-05-13T14:12:42.655Z,2026-05-13 14:12:42.655000+00:00,2546.5808,42.44301333333333,140.395,3,11,train,1,17,4.8761796951293945,1.8514130115509035,8.883493423461914,9.643140793,20.378047228012818,True,False,0.05267877885892819,5.441289454778044,667.4610153705236,667.4610153705236,0.0,5.441289454778044,5.441289454778044,-0.5651097596486494,4.96030164865851,-0.08412195352911578,4.96030164865851,-0.08412195352911578,4.96030164865851,-0.08412195352911578
309,2026-05-13T14:15:03.051Z,2026-05-13 14:15:03.051000+00:00,2548.9207333333334,42.482012222222224,140.396,3,11,train,1,18,4.597744941711426,5.104634761810303,8.88956356,2.187124490737915,16.181322812548217,True,False,0.08648364836376757,5.0011319157486565,715.1442873475917,715.1442873475917,0.0,5.0011319157486565,5.0011319157486565,-0.4033869740372307,4.612175304564853,-0.014430362853427248,4.612175304564853,-0.014430362853427248,4.612175304564853,-0.014430362853427248
310,2026-05-13T14:17:23.187Z,2026-05-13 14:17:23.187000+00:00,2551.2563333333333,42.520938888888885,140.136,3,11,train,1,19,4.495744705200195,2.2735037803649902,4.164804935455322,9.593246459960938,16.03155517578125,True,False,0.04016022553786059,5.023347638536227,752.9373849085792,752.9373849085792,0.0,5.023347638536227,5.023347638536227,-0.5276029333360315,4.6297460097548395,-0.1340013045546442,4.6297460097548395,-0.1340013045546442,4.6297460097548395,-0.1340013045546442
311,2026-05-13T14:19:43.500Z,2026-05-13 14:19:43.500000+00:00,2553.594883333333,42.55991472222222,140.313,3,11,train,1,20,4.130195617675781,8.890006065368652,4.594384670257568,1.1533818244934082,14.637772560119629,True,False,0.09212051000412605,4.474029686964904,790.4279782649024,790.4279782649024,0.0,4.474029686964904,4.474029686964904,-0.3438340692891231,4.195283270238356,-0.06508765256257476,4.195283270238356,-0.06508765256257476,4.195283270238356,-0.06508765256257476
312,2026-05-13T14:22:03.557Z,2026-05-13 14:22:03.557000+00:00,2555.929166666667,42.598819444444445,140.057,3,11,train,1,21,4.260867118835449,7.999597549438477,6.175517082214356,5.257735252380371,19.432849884033203,True,False,0.07294408548537015,4.6481495819840575,824.5966867891137,824.5966867891137,0.0,4.6481495819840575,4.6481495819840575,-0.38728246314860826,4.3329969684307255,-0.07212984959527624,4.3329969684307255,-0.07212984959527624,4.3329969684307255,-0.07212984959527624
313,2026-05-13T14:24:23.791Z,2026-05-13 14:24:23.791000+00:00,2558.2664,42.637773333333335,140.234,3,11,train,1,22,4.3386077880859375,6.521120548248291,6.200735569000244,7.388328552246094,20.11018466949463,True,False,0.06326076227706882,4.7386225664792185,870.0157912997389,870.0157912997389,0.0,4.7386225664792185,4.7386225664792185,-0.40001477839328103,4.404553233037702,-0.06594544495176446,4.404553233037702,-0.06594544495176446,4.404553233037702,-0.06594544495176446
314,2026-05-13T14:26:43.941Z,2026-05-13 14:26:43.941000+00:00,2560.602233333333,42.67670388888889,140.15,3,11,train,1,23,4.345775604248047,7.151160717010498,7.086976528167725,3.121375084,17.359512329178223,True,False,0.08201922366935661,4.756455533560129,916.9898309902335,916.9898309902335,0.0,4.756455533560129,4.756455533560129,-0.4106799293120824,4.418657559520238,-0.07288195527219088,4.418657559520238,-0.07288195527219088,4.418657559520238,-0.07288195527219088
315,2026-05-13T14:29:04.254Z,2026-05-13 14:29:04.254000+00:00,2562.940783333333,42.71567972222222,140.313,3,11,train,1,24,4.237709999084473,9.166446685791016,6.3685736656188965,2.041278123855591,17.576298475265503,True,False,0.08838618878298973,4.602348593378473,957.5859185476332,957.5859185476332,0.0,4.602348593378473,4.602348593378473,-0.36463859429400003,4.296772368587911,-0.05906236950343846,4.296772368587911,-0.05906236950343846,4.296772368587911,-0.05906236950343846
316,2026-05-13T14:31:24.670Z,2026-05-13 14:31:24.670000+00:00,2565.28105,42.75468416666667,140.416,3,11,train,1,25,4.157212257385254,7.9552483558654785,4.838144302368164,9.51248264312744,22.305875301361084,True,False,0.05735436285458388,4.54494297791704,998.7191439926812,998.7191439926812,0.0,4.54494297791704,4.54494297791704,-0.3877307205317857,4.251369517860638,-0.09415726047538442,4.251369517860638,-0.09415726047538442,4.251369517860638,-0.09415726047538442
317,2026-05-13T14:33:44.994Z,2026-05-13 14:33:44.994000+00:00,2567.6197833333335,42.79366305555556,140.324,3,11,train,1,26,4.582306861877441,2.3128554821014404,4.951000690460205,3.557969570159912,10.821825742721558,True,False,0.06712227996691873,5.090786376379755,1050.8866380891511,1050.8866380891511,0.0,5.090786376379755,5.090786376379755,-0.508479514502314,4.683084187961508,-0.10077732608406631,4.683084187961508,-0.10077732608406631,4.683084187961508,-0.10077732608406631
318,2026-05-13T14:36:05.537Z,2026-05-13 14:36:05.537000+00:00,2569.9621666666667,42.832702777777776,140.543,3,11,train,1,27,4.212899208068848,4.797491073608398,3.7779135704040527,6.544902801513672,15.120307445526123,True,False,0.05671448596470033,4.656922326392705,1076.2355023451398,1076.2355023451398,0.0,4.656922326392705,4.656922326392705,-0.444023118323857,4.33993544651606,-0.12703623844721257,4.33993544651606,-0.12703623844721257,4.33993544651606,-0.12703623844721257
319,2026-05-13T14:38:25.717Z,2026-05-13 14:38:25.717000+00:00,2572.2985,42.87164166666666,140.18,3,11,train,1,28,4.066789627075195,9.821391105651855,4.327126979827881,1.0353699922561646,15.1838880777359,True,False,0.09318112734396189,4.404890495947181,1111.5615806403707,1111.5615806403707,0.0,4.404890495947181,4.404890495947181,-0.33810086887198576,4.140600181415955,-0.07381055434075989,4.140600181415955,-0.07381055434075989,4.140600181415955,-0.07381055434075989
320,2026-05-13T14:40:46.005Z,2026-05-13 14:40:46.005000+00:00,2574.6366333333335,42.91061055555556,140.288,3,11,train,1,29,4.352391242980957,6.460755348205566,6.009022235870361,3.9218573570251465,16.391634941101074,True,False,0.07607403183930533,4.728947301861459,1147.0635354845276,1147.0635354845276,0.0,4.728947301861459,4.728947301861459,-0.37655605888050214,4.39690093993613,-0.04450969695517326,4.39690093993613,-0.04450969695517326,4.39690093993613,-0.04450969695517326
321,2026-05-13T14:43:06.264Z,2026-05-13 14:43:06.264000+00:00,2576.9742833333335,42.94957138888889,140.259,3,12,train,2,0,4.897130966186523,1.188876390457153,6.513851165771484,4.299782752990723,12.00251030921936,True,False,0.06417597117423031,5.498865378058773,0.0,0.0,0.0,5.498865378058773,5.498865378058773,-0.6017344118722496,5.0058391980635175,-0.10870823187699408,5.0058391980635175,-0.10870823187699408,5.0058391980635175,-0.10870823187699408
322,2026-05-13T14:45:26.686Z,2026-05-13 14:45:26.686000+00:00,2579.31465,42.9885775,140.422,3,12,train,2,1,4.239914894104004,8.400867462158203,5.926684856414795,8.766579627990723,23.09413194656372,True,False,0.06203979587422795,4.609197371464946,28.090275044020018,28.090275044020018,0.0,4.609197371464946,4.609197371464946,-0.369282477360942,4.3021891565907024,-0.06227426248669854,4.3021891565907024,-0.06227426248669854,4.3021891565907024,-0.06227426248669854
323,2026-05-13T14:47:47.070Z,2026-05-13 14:47:47.070000+00:00,2581.6543833333335,43.02757305555556,140.384,3,12,train,2,2,4.352943420410156,6.004016876220703,5.448150634765625,3.9401121139526367,15.392279624938965,True,False,0.07440202354712445,4.718254922225119,82.12438536379338,82.12438536379338,0.0,4.718254922225119,4.718254922225119,-0.3653115018149631,4.388444197287422,-0.035500776877265494,4.388444197287422,-0.035500776877265494,4.388444197287422,-0.035500776877265494
324,2026-05-13T14:50:07.564Z,2026-05-13 14:50:07.564000+00:00,2583.99595,43.06659916666667,140.494,3,12,train,2,3,4.060725212097168,2.151942014694214,1.4495530128479004,4.8586626052856445,8.460157632827759,True,False,0.042570070013439404,4.589494911177666,118.16643425756297,118.16643425756297,0.0,4.589494911177666,4.589494911177666,-0.528769699080498,4.286606223524087,-0.2258810114269192,4.286606223524087,-0.2258810114269192,4.286606223524087,-0.2258810114269192
325,2026-05-13T14:52:27.857Z,2026-05-13 14:52:27.857000+00:00,2586.3341666666665,43.10556944444444,140.293,3,12,train,2,4,4.469278335571289,7.0223822593688965,8.924671173095703,1.012295484542847,16.959348917007446,True,False,0.09403104748008528,4.864363874750051,137.94811583726806,137.94811583726806,0.0,4.864363874750051,4.864363874750051,-0.395085539178762,4.504003675364343,-0.03472533979305403,4.504003675364343,-0.03472533979305403,4.504003675364343,-0.03472533979305403
326,2026-05-13T14:54:47.891Z,2026-05-13 14:54:47.891000+00:00,2588.6680666666666,43.14446777777778,140.034,3,12,train,2,5,5.036071777,1.2410881519317627,9.475845336914062,4.738319396972656,15.455252885818481,True,False,0.06934168963795817,5.6429542390242045,177.52954027467175,177.52954027467175,0.0,5.6429542390242045,5.6429542390242045,-0.6068824620242044,5.119800959352732,-0.08372918235273197,5.119800959352732,-0.08372918235273197,5.119800959352732,-0.08372918235273197
327,2026-05-13T14:57:07.890Z,2026-05-13 14:57:07.890000+00:00,2591.0013833333337,43.183356388888896,139.999,3,12,train,2,6,4.456046104431152,1.400801658630371,2.6680917739868164,3.2151031494140625,7.28399658203125,True,False,0.05586072682481293,5.040138103474912,213.5915394207001,213.5915394207001,0.0,5.040138103474912,5.040138103474912,-0.5840919990437596,4.643025807682705,-0.186979703251553,4.643025807682705,-0.186979703251553,4.643025807682705,-0.186979703251553
328,2026-05-13T14:59:28.022Z,2026-05-13 14:59:28.022000+00:00,2593.3369166666666,43.22228194444445,140.132,3,12,train,2,7,3.840182304382324,7.569385528564453,2.0904858112335205,6.042367935180664,15.702239274978638,True,False,0.06151906852668385,4.203786073959155,230.60355623792015,230.60355623792015,0.0,4.203786073959155,4.203786073959155,-0.36360376957683105,3.981544068547501,-0.14136176416517676,3.981544068547501,-0.14136176416517676,3.981544068547501,-0.14136176416517676
329,2026-05-13T15:01:48.086Z,2026-05-13 15:01:48.086000+00:00,2595.671316666667,43.261188611111116,140.064,3,12,train,2,8,4.6109771728515625,5.438202857971191,9.956950187683104,1.379495620727539,16.774648666381836,True,False,0.0917763069250315,5.022867426440579,267.2588636014303,267.2588636014303,0.0,5.022867426440579,5.022867426440579,-0.4118902535890161,4.629366203738983,-0.01838903088742061,4.629366203738983,-0.01838903088742061,4.629366203738983,-0.01838903088742061
330,2026-05-13T15:04:08.380Z,2026-05-13 15:04:08.380000+00:00,2598.00955,43.30015916666667,140.294,3,12,train,2,9,4.373343467712402,6.662702083587647,6.716535568237305,8.868682861328125,22.247920513153076,True,False,0.06013702558814467,4.763992321653267,306.4819062681198,306.4819062681198,0.0,4.763992321653267,4.763992321653267,-0.39064885394086435,4.424618503619612,-0.051275035907210054,4.424618503619612,-0.051275035907210054,4.424618503619612,-0.051275035907210054
331,2026-05-13T15:06:28.766Z,2026-05-13 15:06:28.766000+00:00,2600.3493166666667,43.33915527777778,140.386,3,12,train,2,10,4.377754211425781,7.857167243957519,8.013490676879883,6.517296314239502,22.387954235076904,True,False,0.07088927266061515,4.768972915296212,358.5368490874449,358.5368490874449,0.0,4.768972915296212,4.768972915296212,-0.3912187038704307,4.428557720155942,-0.050803508730160374,4.428557720155942,-0.050803508730160374,4.428557720155942,-0.050803508730160374
332,2026-05-13T15:08:49.048Z,2026-05-13 15:08:49.048000+00:00,2602.68735,43.3781225,140.282,3,12,train,2,11,4.682653427124023,3.221418857574463,8.051958084106445,8.465297699,19.73867464068091,True,False,0.057113140303993684,5.158113165691494,410.8806323541959,410.8806323541959,0.0,5.158113165691494,5.158113165691494,-0.47545973856747015,4.7363338246128395,-0.053680397488816034,4.7363338246128395,-0.053680397488816034,4.7363338246128395,-0.053680397488816034
333,2026-05-13T15:11:09.253Z,2026-05-13 15:11:09.253000+00:00,2605.0241,43.41706833333333,140.205,3,12,train,2,12,4.331991195678711,6.122631072998047,5.759654998779297,8.033277512,19.91556358377734,True,False,0.05966331819731338,4.733996060724158,457.004980320807,457.004980320807,0.0,4.733996060724158,4.733996060724158,-0.40200486504544664,4.400894069234694,-0.06890287355598268,4.400894069234694,-0.06890287355598268,4.400894069234694,-0.06890287355598268
334,2026-05-13T15:13:29.567Z,2026-05-13 15:13:29.567000+00:00,2607.362666666667,43.45604444444445,140.314,3,12,train,2,13,4.151146889,5.147984027862549,3.055848836898804,1.5005385875701904,9.704371452331543,True,False,0.08453749843623644,4.534137028248879,503.57885346570924,503.57885346570924,0.0,4.534137028248879,4.534137028248879,-0.3829901392488795,4.242822951191049,-0.09167606219104929,4.242822951191049,-0.09167606219104929,4.242822951191049,-0.09167606219104929
335,2026-05-13T15:15:49.958Z,2026-05-13 15:15:49.958000+00:00,2609.7025166666667,43.495041944444445,140.391,3,12,train,2,14,4.100973129272461,8.727850914001465,4.683068275,9.471365928649902,22.882285117651367,True,False,0.058608303847487234,4.4906762599301455,526.2856270084472,526.2856270084472,0.0,4.4906762599301455,4.4906762599301455,-0.3897031306576846,4.208449262125844,-0.10747613285338264,4.208449262125844,-0.10747613285338264,4.208449262125844,-0.10747613285338264
336,2026-05-13T15:18:10.122Z,2026-05-13 15:18:10.122000+00:00,2612.0385833333335,43.53397638888889,140.164,3,12,train,2,15,3.7635440826416016,8.904948234558105,2.065351963043213,8.631914138793945,19.602214336395264,True,False,0.0559645966998374,4.129124386352028,579.7401705289553,579.7401705289553,0.0,4.129124386352028,4.129124386352028,-0.36558030371042616,3.922493165073605,-0.15894908243200323,3.922493165073605,-0.15894908243200323,3.922493165073605,-0.15894908243200323
337,2026-05-13T15:20:30.332Z,2026-05-13 15:20:30.332000+00:00,2614.3754166666668,43.572923611111115,140.21,3,12,train,2,16,4.417451858520508,8.283895492553711,8.799889565,4.23688554763794,21.32067060519165,True,False,0.08012780354757582,4.78659730071881,625.5472783973884,625.5472783973884,0.0,4.78659730071881,4.78659730071881,-0.3691454421983025,4.442497076681781,-0.025045218161273475,4.442497076681781,-0.025045218161273475,4.442497076681781,-0.025045218161273475
338,2026-05-13T15:22:50.714Z,2026-05-13 15:22:50.714000+00:00,2616.7151166666667,43.611918611111115,140.382,3,12,train,2,17,5.0222883224487305,1.0920008420944214,8.965006828308105,9.697868347167969,19.754876017570496,True,False,0.05090898905899266,5.674513749416784,675.4312514123553,675.4312514123553,0.0,5.674513749416784,5.674513749416784,-0.6522254269680534,5.144761788147307,-0.12247346569857687,5.144761788147307,-0.12247346569857687,5.144761788147307,-0.12247346569857687
339,2026-05-13T15:25:10.890Z,2026-05-13 15:25:10.890000+00:00,2619.0513833333334,43.65085638888889,140.176,3,12,train,2,18,4.081125259399414,4.365048885345459,2.281461715698242,6.423364639282227,13.069875240325928,True,False,0.05085366523267559,4.479479430605197,721.583909756338,721.583909756338,0.0,4.479479430605197,4.479479430605197,-0.3983541712057832,4.199593543632574,-0.11846828423315969,4.199593543632574,-0.11846828423315969,4.199593543632574,-0.11846828423315969
340,2026-05-13T15:27:31.203Z,2026-05-13 15:27:31.203000+00:00,2621.3899333333334,43.68983222222222,140.313,3,12,train,2,19,4.591128349304199,4.9071245193481445,9.37217140197754,7.457568168640137,21.73686408996582,True,False,0.06569160971070018,5.041279664365685,752.1484664996023,752.1484664996023,0.0,5.041279664365685,5.041279664365685,-0.4501513150614862,4.643928683094862,-0.05280033379066307,4.643928683094862,-0.05280033379066307,4.643928683094862,-0.05280033379066307
341,2026-05-13T15:29:51.452Z,2026-05-13 15:29:51.452000+00:00,2623.7274166666666,43.728790277777776,140.249,3,12,train,2,20,4.526619911193848,6.487237453460693,9.469579696655272,6.0930585861206055,22.049875736236572,True,False,0.07236692551465346,4.924566828184168,802.9580240288292,802.9580240288292,0.0,4.924566828184168,4.924566828184168,-0.39794691699032025,4.551618977214848,-0.024999066021000438,4.551618977214848,-0.024999066021000438,4.551618977214848,-0.024999066021000438
342,2026-05-13T15:32:11.846Z,2026-05-13 15:32:11.846000+00:00,2626.0673166666666,43.76778861111111,140.394,3,12,train,2,21,3.622948647,8.434318542480469,1.4402081966400146,3.873974561691284,13.748501300811768,True,False,0.07182256831540941,3.997240668486794,854.5525282640491,854.5525282640491,0.0,3.997240668486794,3.997240668486794,-0.3742920214867942,3.818184610806543,-0.1952359638065433,3.818184610806543,-0.1952359638065433,3.818184610806543,-0.1952359638065433
343,2026-05-13T15:34:32.341Z,2026-05-13 15:34:32.341000+00:00,2628.4089000000004,43.80681500000001,140.495,3,12,train,2,22,4.522760391235352,6.721276760101318,9.610162734985352,3.994364261627197,20.325803756713867,True,False,0.08034830843868693,4.915550053073238,886.7457897683416,886.7457897683416,0.0,4.915550053073238,4.915550053073238,-0.39278966183788633,4.544487492061136,-0.02172710082578444,4.544487492061136,-0.02172710082578444,4.544487492061136,-0.02172710082578444
344,2026-05-13T15:36:52.727Z,2026-05-13 15:36:52.727000+00:00,2630.748666666667,43.84581111111111,140.386,3,12,train,2,23,4.449981689453125,6.724656105041504,8.683657646,9.300100326538086,24.70841407757959,True,False,0.062360593855447025,4.871413340807594,934.3034278715088,934.3034278715088,0.0,4.871413340807594,4.871413340807594,-0.42143165135446914,4.509579190103535,-0.05959750065041014,4.509579190103535,-0.05959750065041014,4.509579190103535,-0.05959750065041014
345,2026-05-13T15:39:12.631Z,2026-05-13 15:39:12.631000+00:00,2633.0804,43.88467333333333,139.904,3,12,train,2,24,4.282369613647461,3.1048383712768555,2.873502731323242,3.1825568675994877,9.160897970199585,True,False,0.06525933507880616,4.726872611992065,991.9168605900037,991.9168605900037,0.0,4.726872611992065,4.726872611992065,-0.44450299834460427,4.39526004063232,-0.11289042698485918,4.39526004063232,-0.11289042698485918,4.39526004063232,-0.11289042698485918
346,2026-05-13T15:41:32.916Z,2026-05-13 15:41:32.916000+00:00,2635.4184833333334,43.92364138888889,140.285,3,12,train,2,25,4.37279224395752,9.666420936584473,9.229816436767578,8.223843574523926,27.120080947875977,True,False,0.06967618352493152,4.740380876785293,1013.3358034524945,1013.3358034524945,0.0,4.740380876785293,4.740380876785293,-0.3675886328277729,4.405943903614391,-0.03315165965687061,4.405943903614391,-0.03315165965687061,4.405943903614391,-0.03315165965687061
347,2026-05-13T15:43:53.271Z,2026-05-13 15:43:53.271000+00:00,2637.7577333333334,43.96262888888889,140.355,3,12,train,2,26,4.505117416381836,5.010132789611816,7.332557201385498,8.921291351,21.263981341997315,True,False,0.05804505653238112,4.925774319404853,1076.7764528098132,1076.7764528098132,0.0,4.925774319404853,4.925774319404853,-0.4206569030230174,4.552573997785686,-0.047456581403849896,4.552573997785686,-0.047456581403849896,4.552573997785686,-0.047456581403849896
348,2026-05-13T15:46:13.696Z,2026-05-13 15:46:13.696000+00:00,2640.09815,44.00163583333333,140.425,3,12,train,2,27,3.952108383178711,6.222025394439697,2.304558277130127,5.230282306671143,13.756865978240967,True,False,0.06198056799460137,4.33031497405125,1126.543029142313,1126.543029142313,0.0,4.33031497405125,4.33031497405125,-0.37820659087253894,4.081617427527981,-0.1295090443492697,4.081617427527981,-0.1295090443492697,4.081617427527981,-0.1295090443492697
349,2026-05-13T15:48:34.098Z,2026-05-13 15:48:34.098000+00:00,2642.438183333333,44.040636388888885,140.402,3,12,train,2,28,4.705258369445801,3.712399482727051,9.140630722045898,3.786210060119629,16.639240264892578,True,False,0.07724529485815396,5.151514537824702,1158.734554093596,1158.734554093596,0.0,5.151514537824702,5.151514537824702,-0.44625616837890103,4.731114883684629,-0.02585651423882851,4.731114883684629,-0.02585651423882851,4.731114883684629,-0.02585651423882851
350,2026-05-13T15:50:53.958Z,2026-05-13 15:50:53.958000+00:00,2644.7691833333333,44.07948638888889,139.86,3,12,train,2,29,4.612079620361328,1.240022063,3.9018144607543945,9.68601417541504,14.827850699169435,True,False,0.03467688357586719,5.258214815720338,1197.5206231510606,1197.5206231510606,0.0,5.258214815720338,5.258214815720338,-0.64613519535901,4.815505526497418,-0.2034259061360899,4.815505526497418,-0.2034259061360899,4.815505526497418,-0.2034259061360899
351,2026-05-13T15:53:14.452Z,2026-05-13 15:53:14.452000+00:00,2647.11075,44.118512499999994,140.494,3,13,train,3,0,4.524414063,6.677691459655762,9.580991744995115,4.000587463378906,20.259270668029785,True,False,0.08025305289152364,4.917054756898399,0.0,0.0,0.0,4.917054756898399,4.917054756898399,-0.3926406938983993,4.545677581961112,-0.02126351896111167,4.545677581961112,-0.02126351896111167,4.545677581961112,-0.02126351896111167
352,2026-05-13T15:55:34.556Z,2026-05-13 15:55:34.556000+00:00,2649.445816666667,44.15743027777778,140.104,3,13,train,3,1,3.740939140319824,7.414548397064209,1.626594305038452,4.342222690582275,13.383365392684937,True,False,0.06755507629676133,4.104610444656122,47.30674762789409,47.30674762789409,0.0,4.104610444656122,4.104610444656122,-0.3636713043362976,3.903104768544627,-0.16216562822480274,3.903104768544627,-0.16216562822480274,3.903104768544627,-0.16216562822480274
353,2026-05-13T15:57:54.704Z,2026-05-13 15:57:54.704000+00:00,2651.7816166666667,44.19636027777778,140.148,3,13,train,3,2,4.393192291259766,9.811089515686035,9.827285766601562,8.140188217163086,27.778563499450684,True,False,0.07069615130629756,4.76114223183172,78.56761251212757,78.56761251212757,0.0,4.76114223183172,4.76114223183172,-0.36794994057195396,4.422364330370413,-0.02917203911064714,4.422364330370413,-0.02917203911064714,4.422364330370413,-0.02917203911064714
354,2026-05-13T16:00:15.261Z,2026-05-13 16:00:15.261000+00:00,2654.1242333333334,44.23540388888889,140.557,3,13,train,3,3,4.468727111816406,7.396331310272217,9.313321113586426,7.598237514,24.307889937858643,True,False,0.06874168208995374,4.860441356725848,143.64213834199904,143.64213834199904,0.0,4.860441356725848,4.860441356725848,-0.3917142449094415,4.50090130464858,-0.03217419283217371,4.50090130464858,-0.03217419283217371,4.50090130464858,-0.03217419283217371
355,2026-05-13T16:02:35.448Z,2026-05-13 16:02:35.448000+00:00,2656.4606833333332,44.27434472222222,140.187,3,13,train,3,4,4.5437116622924805,5.517484664916992,8.929527282714844,6.184117317199707,20.631129264831543,True,False,0.07002530865946663,4.969369264232093,200.43630778730886,200.43630778730886,0.0,4.969369264232093,4.969369264232093,-0.4256576019396121,4.587053808803209,-0.043342146510728874,4.587053808803209,-0.043342146510728874,4.587053808803209,-0.043342146510728874
356,2026-05-13T16:04:56.085Z,2026-05-13 16:04:56.085000+00:00,2658.804633333333,44.313410555555556,140.637,3,13,train,3,5,4.553636551,3.3866424560546875,5.991919994354248,9.409219741821287,18.787782192230225,True,False,0.04991841162757084,5.008166752180125,248.79464322761075,248.79464322761075,0.0,5.008166752180125,5.008166752180125,-0.4545302011801251,4.6177392485417865,-0.06410269754178621,4.6177392485417865,-0.06410269754178621,4.6177392485417865,-0.06410269754178621
357,2026-05-13T16:07:16.127Z,2026-05-13 16:07:16.127000+00:00,2661.1386666666667,44.35231111111111,140.042,3,13,train,3,6,3.708959579467773,9.55878448486328,1.8389325141906736,3.785595655441284,15.183312654495237,True,False,0.07506739312043012,4.047980170725967,292.6459531236825,292.6459531236825,0.0,4.047980170725967,4.047980170725967,-0.3390205912581936,3.8583151455569107,-0.1493555660891377,3.8583151455569107,-0.1493555660891377,3.8583151455569107,-0.1493555660891377
358,2026-05-13T16:09:36.448Z,2026-05-13 16:09:36.448000+00:00,2663.47735,44.39128916666667,140.321,3,13,train,3,7,4.489127159118652,4.959897994995117,7.332588195800781,3.365722894668579,15.658209085464478,True,False,0.07850505842463823,4.930054556737928,328.1549133735396,328.1549133735396,0.0,4.930054556737928,4.930054556737928,-0.4409273976192756,4.555959293373039,-0.06683213425438694,4.555959293373039,-0.06683213425438694,4.555959293373039,-0.06683213425438694
359,2026-05-13T16:11:57.010Z,2026-05-13 16:11:57.010000+00:00,2665.8200500000003,44.43033416666667,140.562,3,13,train,3,8,4.333645820617676,9.802682876586914,8.599370002746582,9.221449851989746,27.623502731323242,True,False,0.06661737672560539,4.703639825473038,364.8373997980573,364.8373997980573,0.0,4.703639825473038,4.703639825473038,-0.3699940048553625,4.376884926458853,-0.043239105841177405,4.376884926458853,-0.043239105841177405,4.376884926458853,-0.043239105841177405
360,2026-05-13T16:14:17.916Z,2026-05-13 16:14:17.916000+00:00,2668.1684833333334,44.46947472222222,140.906,3,13,train,3,9,4.630274772644043,5.065757751464844,9.655864715576172,1.288937211036682,16.010559678077698,True,False,0.09194945562832793,5.0403374548563065,429.70935439572116,429.70935439572116,0.0,5.0403374548563065,5.0403374548563065,-0.4100626822122635,4.643183477292881,-0.01290870464883831,4.643183477292881,-0.01290870464883831,4.643183477292881,-0.01290870464883831
361,2026-05-13T16:16:38.863Z,2026-05-13 16:16:38.863000+00:00,2670.5176,44.50862666666667,140.947,3,13,train,3,10,4.955574035644531,1.3807687759399414,8.082494735717773,3.0977044105529785,12.560967922210693,True,False,0.07533864882279079,5.527561630753009,467.3200269781548,467.3200269781548,0.0,5.527561630753009,5.527561630753009,-0.5719875951084781,5.028535438963223,-0.07296140331869161,5.028535438963223,-0.07296140331869161,5.028535438963223,-0.07296140331869161
362,2026-05-13T16:18:59.309Z,2026-05-13 16:18:59.309000+00:00,2672.858366666667,44.54763944444445,140.446,3,13,train,3,11,4.676589012145996,3.837014675140381,9.274188995361328,8.942249298095703,22.053452968597412,True,False,0.05945193112920301,5.143536033404474,496.72232199153484,496.72232199153484,0.0,5.143536033404474,5.143536033404474,-0.46694702125847787,4.7248045803753325,-0.04821556822933637,4.7248045803753325,-0.04821556822933637,4.7248045803753325,-0.04821556822933637
363,2026-05-13T16:21:20.182Z,2026-05-13 16:21:20.182000+00:00,2675.20625,44.58677083333334,140.873,3,13,train,3,12,4.092702865600586,8.061115264892578,4.100265502929688,3.9817376136779785,16.143118381500244,True,False,0.07533476792042246,4.467296082560684,548.5012566589552,548.5012566589552,0.0,4.467296082560684,4.467296082560684,-0.37459321696009784,4.189957574604507,-0.09725470900392086,4.189957574604507,-0.09725470900392086,4.189957574604507,-0.09725470900392086
364,2026-05-13T16:23:40.793Z,2026-05-13 16:23:40.793000+00:00,2677.5497666666665,44.62582944444444,140.611,3,13,train,3,13,4.028745651245117,5.389552593231201,2.6211366653442383,6.837344169616699,14.848033428192139,True,False,0.05395118011632065,4.448238963680629,586.332923637974,586.332923637974,0.0,4.448238963680629,4.448238963680629,-0.41949331243551224,4.174885050482119,-0.14613939923700148,4.174885050482119,-0.14613939923700148,4.174885050482119,-0.14613939923700148
365,2026-05-13T16:26:01.190Z,2026-05-13 16:26:01.190000+00:00,2679.8897166666666,44.66482861111111,140.397,3,13,train,3,14,4.3634185791015625,7.284557819366455,7.186082363128662,1.7513232231140137,16.22196340560913,True,False,0.08920399966807685,4.7544317902178586,621.0765794582721,621.0765794582721,0.0,4.7544317902178586,4.7544317902178586,-0.39101321111629606,4.417056954489861,-0.05363837538829852,4.417056954489861,-0.05363837538829852,4.417056954489861,-0.05363837538829852
366,2026-05-13T16:28:21.855Z,2026-05-13 16:28:21.855000+00:00,2682.2341333333334,44.703902222222226,140.665,3,13,train,3,15,4.347980499267578,6.09321928,5.743249893188477,2.233166456222534,14.06963562941101,True,False,0.08412775913290642,4.734691598499139,659.1076208324389,659.1076208324389,0.0,4.734691598499139,4.734691598499139,-0.3867110992315608,4.401444179141517,-0.053463679873939185,4.401444179141517,-0.053463679873939185,4.401444179141517,-0.053463679873939185
367,2026-05-13T16:30:42.492Z,2026-05-13 16:30:42.492000+00:00,2684.5780833333333,44.74296805555556,140.637,3,13,train,3,16,4.836481094360352,2.042135000228882,7.6403069496154785,3.707382678985596,13.389824628829956,True,False,0.07231193998610602,5.3331938557593315,692.0861432659968,692.0861432659968,0.0,5.3331938557593315,5.3331938557593315,-0.4967127613989799,4.87480742815287,-0.038326333792518597,4.87480742815287,-0.038326333792518597,4.87480742815287,-0.038326333792518597
368,2026-05-13T16:33:02.680Z,2026-05-13 16:33:02.680000+00:00,2686.91455,44.781909166666665,140.188,3,13,train,3,17,3.9895992279052734,7.405407428741455,3.2787628173828125,8.155632019042969,18.839802265167236,True,False,0.056710628358760146,4.407568714434666,723.3710221837704,723.3710221837704,0.0,4.407568714434666,4.407568714434666,-0.41796948652939214,4.14271841938318,-0.15311919147790665,4.14271841938318,-0.15311919147790665,4.14271841938318,-0.15311919147790665
369,2026-05-13T16:35:23.025Z,2026-05-13 16:35:23.025000+00:00,2689.2536333333333,44.82089388888889,140.345,3,13,train,3,18,4.706361770629883,2.409048318862915,6.658300399780273,6.761423587799072,15.82877230644226,True,False,0.05728396708917726,5.201762041780248,767.4388896655187,767.4388896655187,0.0,5.201762041780248,5.201762041780248,-0.49540027115036533,4.770856290569195,-0.06449451993931188,4.770856290569195,-0.06449451993931188,4.770856290569195,-0.06449451993931188
370,2026-05-13T16:37:43.378Z,2026-05-13 16:37:43.378000+00:00,2691.59285,44.859880833333335,140.353,3,13,train,3,19,4.479754447937012,6.665757179260254,8.770471572875977,9.001437187194824,24.437665939331055,True,False,0.06316572454365409,4.879543244272771,804.4658176576202,804.4658176576202,0.0,4.879543244272771,4.879543244272771,-0.39978879633575914,4.516009236894072,-0.036254788957060136,4.516009236894072,-0.036254788957060136,4.516009236894072,-0.036254788957060136
371,2026-05-13T16:40:03.657Z,2026-05-13 16:40:03.657000+00:00,2693.9308333333333,44.89884722222222,140.279,3,13,train,3,20,4.462662696838379,3.754547595977783,5.3496503829956055,1.5680594444274902,10.672257423400879,True,False,0.08530714372585099,4.9140238583050335,861.6006733293439,861.6006733293439,0.0,4.9140238583050335,4.9140238583050335,-0.4513611614666546,4.543280404693732,-0.08061770785535316,4.543280404693732,-0.08061770785535316,4.543280404693732,-0.08061770785535316
372,2026-05-13T16:42:24.005Z,2026-05-13 16:42:24.005000+00:00,2696.2699666666667,44.93783277777778,140.348,3,13,train,3,21,4.449430465698242,9.009311676,9.840830803,2.752934694290161,21.60307717329016,True,False,0.08725674739664467,4.798657272767964,886.564506410335,886.564506410335,0.0,4.798657272767964,4.798657272767964,-0.349226807069722,4.452035466024383,-0.0026050003261408605,4.452035466024383,-0.0026050003261408605,4.452035466024383,-0.0026050003261408605
373,2026-05-13T16:44:44.387Z,2026-05-13 16:44:44.387000+00:00,2698.6096666666663,44.97682777777777,140.382,3,13,train,3,22,4.2630720138549805,8.404096603393555,6.410407066345215,2.109581470489502,16.92408514022827,True,False,0.0875350339293965,4.642854517849773,937.109226072682,937.109226072682,0.0,4.642854517849773,4.642854517849773,-0.3797825039947922,4.328809033077227,-0.0657370192222464,4.328809033077227,-0.0657370192222464,4.328809033077227,-0.0657370192222464
374,2026-05-13T16:47:04.908Z,2026-05-13 16:47:04.908000+00:00,2700.951683333333,45.01586138888889,140.521,3,13,train,3,23,4.408630371,5.933389186859131,6.872577667236328,3.266444683074951,16.07241153717041,True,False,0.07967669832544609,4.824145439492888,976.7457155391822,976.7457155391822,0.0,4.824145439492888,4.824145439492888,-0.4155150684928879,4.472194389847803,-0.06356401884780283,4.472194389847803,-0.06356401884780283,4.472194389847803,-0.06356401884780283
375,2026-05-13T16:49:25.077Z,2026-05-13 16:49:25.077000+00:00,2703.2878333333333,45.05479722222222,140.169,3,13,train,3,24,4.572381973266602,4.616175651550293,7.935174465179443,9.610655784606934,22.16200590133667,True,False,0.05663454008904817,4.9956073034446105,1014.293279751743,1014.293279751743,0.0,4.9956073034446105,4.9956073034446105,-0.4232253301780089,4.6078058165670255,-0.03542384330042392,4.6078058165670255,-0.03542384330042392,4.6078058165670255,-0.03542384330042392
376,2026-05-13T16:51:45.059Z,2026-05-13 16:51:45.059000+00:00,2705.6208666666666,45.09368111111111,139.982,3,13,train,3,25,4.402565002441406,6.2313385009765625,6.546560764312744,5.227645397186279,18.005544662475586,True,False,0.07096646896730127,4.781836629061273,1065.9979782530913,1065.9979782530913,0.0,4.781836629061273,4.781836629061273,-0.37927162661986635,4.438731799314901,-0.03616679687349489,4.438731799314901,-0.03616679687349489,4.438731799314901,-0.03616679687349489
377,2026-05-13T16:54:05.171Z,2026-05-13 16:54:05.171000+00:00,2707.9560666666666,45.13260111111111,140.112,3,13,train,3,26,4.623659133911133,3.320151090621948,6.826529026031494,7.439649105072021,17.586329221725464,True,False,0.05769640718495495,5.073330886068908,1108.0445261489044,1108.0445261489044,0.0,5.073330886068908,5.073330886068908,-0.44967175215777555,4.6692784127845615,-0.04561927887342865,4.6692784127845615,-0.04561927887342865,4.6692784127845615,-0.04561927887342865
378,2026-05-13T16:56:25.603Z,2026-05-13 16:56:25.603000+00:00,2710.2966,45.17161,140.432,3,13,train,3,27,4.238261222839356,8.715127944946289,5.898122787475586,1.537726879119873,16.150977611541748,True,False,0.09047904767064385,4.590951412063951,1149.205915903327,1149.205915903327,0.0,4.590951412063951,4.590951412063951,-0.35269018922459505,4.287758189090392,-0.049496966251036056,4.287758189090392,-0.049496966251036056,4.287758189090392,-0.049496966251036056
379,2026-05-13T16:58:46.085Z,2026-05-13 16:58:46.085000+00:00,2712.6379666666667,45.210632777777775,140.482,3,13,train,3,28,4.535442352294922,2.852504253387451,5.100419998168945,1.1744554042816162,9.127379655838013,True,False,0.08713261145513526,5.012590110338115,1187.0212765170704,1187.0212765170704,0.0,5.012590110338115,5.012590110338115,-0.4771477580431931,4.621237740258078,-0.08579538796315589,4.621237740258078,-0.08579538796315589,4.621237740258078,-0.08579538796315589
380,2026-05-13T17:01:06.547Z,2026-05-13 17:01:06.547000+00:00,2714.979,45.249649999999995,140.462,3,13,train,3,29,4.3386077880859375,7.494130611419678,7.268008708953857,3.021409511566162,17.783548831939697,True,False,0.08301008679358962,4.747068922343584,1208.3887765373756,1208.3887765373756,0.0,4.747068922343584,4.747068922343584,-0.40846113425764674,4.4112335661622,-0.07262577807626247,4.4112335661622,-0.07262577807626247,4.4112335661622,-0.07262577807626247
381,2026-05-13T17:03:27.121Z,2026-05-13 17:03:27.121000+00:00,2717.3219000000004,45.288698333333336,140.574,3,14,train,4,0,4.5767927169799805,3.8935978412628174,6.928095341,4.1779890060424805,14.999682188305297,True,False,0.07214614980776124,5.010517822126182,0.0,0.0,0.0,5.010517822126182,5.010517822126182,-0.4337251051462019,4.619598740456508,-0.042806023476527955,4.619598740456508,-0.042806023476527955,4.619598740456508,-0.042806023476527955
382,2026-05-13T17:05:47.473Z,2026-05-13 17:05:47.473000+00:00,2719.6611,45.327684999999995,140.352,3,14,train,4,1,4.201320648193359,6.918266296386719,4.3813676834106445,3.5898101329803467,14.88944411277771,True,False,0.0758902340088058,4.5622727658210875,35.08725657488375,35.08725657488375,0.0,4.5622727658210875,4.5622727658210875,-0.36095211762772816,4.265075873362939,-0.06375522516957943,4.265075873362939,-0.06375522516957943,4.265075873362939,-0.06375522516957943
383,2026-05-13T17:08:07.786Z,2026-05-13 17:08:07.786000+00:00,2721.9996499999997,45.36666083333333,140.313,3,14,train,4,2,4.182023048400879,5.3710103034973145,3.775545597076416,4.444301605224609,13.59085750579834,True,False,0.06729932895456733,4.607580798424084,69.90696610482007,69.90696610482007,0.0,4.607580798424084,4.607580798424084,-0.42555775002320484,4.300910587867521,-0.11888753946664199,4.300910587867521,-0.11888753946664199,4.300910587867521,-0.11888753946664199
384,2026-05-13T17:10:28.315Z,2026-05-13 17:10:28.315000+00:00,2724.3418,45.40569666666667,140.529,3,14,train,4,3,4.205731391906738,9.220062255859377,5.928615570068359,5.257707118988037,20.40638494491577,True,False,0.07423499001327039,4.568882077302621,101.73879301202565,101.73879301202565,0.0,4.568882077302621,4.568882077302621,-0.36315068539588236,4.270303264101528,-0.0645718721947901,4.270303264101528,-0.0645718721947901,4.270303264101528,-0.0645718721947901
385,2026-05-13T17:12:48.437Z,2026-05-13 17:12:48.437000+00:00,2726.677166666667,45.44461944444445,140.122,3,14,train,4,4,4.449430465698242,8.174140930175781,9.667536735534668,3.653695583343506,21.495373249053955,True,False,0.08300240921145992,4.833183175219586,149.39518419955044,149.39518419955044,0.0,4.833183175219586,4.833183175219586,-0.3837527095213442,4.479342453026177,-0.029911987327935208,4.479342453026177,-0.029911987327935208,4.479342453026177,-0.029911987327935208
386,2026-05-13T17:15:08.458Z,2026-05-13 17:15:08.458000+00:00,2729.01085,45.483514166666666,140.021,3,14,train,4,5,5.0564727783203125,1.198941349983215,9.586523056030272,4.771748065948486,15.557212471961973,True,False,0.069327743806621,5.663000752315206,199.55857849464684,199.55857849464684,0.0,5.663000752315206,5.663000752315206,-0.6065279739948934,5.1356560084317735,-0.079183230111461,5.1356560084317735,-0.079183230111461,5.1356560084317735,-0.079183230111461
387,2026-05-13T17:17:28.436Z,2026-05-13 17:17:28.436000+00:00,2731.3438166666665,45.522396944444445,139.978,3,14,train,4,6,4.252045631408691,4.214341163635254,3.395461082458496,1.3098264932632446,8.919628739356995,True,False,0.08531523529131024,4.666612910502844,235.85303661798505,235.85303661798505,0.0,4.666612910502844,4.666612910502844,-0.41456727909415303,4.347599856004159,-0.09555422459546747,4.347599856004159,-0.09555422459546747,4.347599856004159,-0.09555422459546747
388,2026-05-13T17:19:48.651Z,2026-05-13 17:19:48.651000+00:00,2733.6807333333336,45.56134555555556,140.215,3,14,train,4,7,5.070807456970215,1.205540418624878,9.661692619,1.4911398887634275,12.358372926388306,True,False,0.0879341730691792,5.663979710590262,256.6974656794674,256.6974656794674,0.0,5.663979710590262,5.663979710590262,-0.5931722536200468,5.136430279312302,-0.06562282234208716,5.136430279312302,-0.06562282234208716,5.136430279312302,-0.06562282234208716
389,2026-05-13T17:22:08.847Z,2026-05-13 17:22:08.847000+00:00,2736.0173333333337,45.6002888888889,140.196,3,14,train,4,8,4.877282143,1.9447400569915767,8.059001922607422,4.22996997833252,14.233711957931519,True,False,0.07028203190541991,5.37758502539057,285.57403985926635,285.57403985926635,0.0,5.37758502539057,5.37758502539057,-0.50030288239057,4.9099169837629875,-0.03263484076298706,4.9099169837629875,-0.03263484076298706,4.9099169837629875,-0.03263484076298706
390,2026-05-13T17:24:29.401Z,2026-05-13 17:24:29.401000+00:00,2738.3599000000004,45.63933166666667,140.554,3,14,train,4,9,4.468727111816406,5.611107349395752,7.567383289337158,6.251458168029785,19.429948806762695,True,False,0.06782565805909929,4.890234347401539,318.91745903485145,318.91745903485145,0.0,4.890234347401539,4.890234347401539,-0.4215072355851328,4.524464969936276,-0.055737858119869976,4.524464969936276,-0.055737858119869976,4.524464969936276,-0.055737858119869976
391,2026-05-13T17:26:49.569Z,2026-05-13 17:26:49.569000+00:00,2740.696033333333,45.67826722222222,140.168,3,14,train,4,10,4.403667449951172,9.204072952270508,9.993342399597168,8.319426536560059,27.516841888427734,True,False,0.06976605611104372,4.796129552899184,364.30841010729,364.30841010729,0.0,4.796129552899184,4.796129552899184,-0.392462102948012,4.450036259379526,-0.04636880942835386,4.450036259379526,-0.04636880942835386,4.450036259379526,-0.04636880942835386
392,2026-05-13T17:29:10.056Z,2026-05-13 17:29:10.056000+00:00,2743.0374833333335,45.71729138888889,140.487,3,14,train,4,11,4.680998802185059,1.7836320400238037,5.515382766723633,7.602388381958008,14.901403188705444,True,False,0.048982063731285004,5.250540001306461,428.7377195469491,428.7377195469491,0.0,5.250540001306461,5.250540001306461,-0.5695411991214021,4.809435415578968,-0.12843661339390966,4.809435415578968,-0.12843661339390966,4.809435415578968,-0.12843661339390966
393,2026-05-13T17:31:30.529Z,2026-05-13 17:31:30.529000+00:00,2745.3787,45.75631166666667,140.473,3,14,train,4,12,4.378856658935547,8.194441795349121,8.412229537963867,8.507905960083008,25.114577293395996,True,False,0.06612363464974502,4.771836078109069,463.6251330490661,463.6251330490661,0.0,4.771836078109069,4.771836078109069,-0.3929794191735221,4.430822233004643,-0.0519655740690963,4.430822233004643,-0.0519655740690963,4.430822233004643,-0.0519655740690963
394,2026-05-13T17:33:51.051Z,2026-05-13 17:33:51.051000+00:00,2747.7207333333336,45.795345555555556,140.522,3,14,train,4,13,4.0910491943359375,5.788467884063721,3.143545866012573,6.240091800689697,15.172105550765991,True,False,0.058871286652928304,4.495888342153385,522.4443102227759,522.4443102227759,0.0,4.495888342153385,4.495888342153385,-0.4048391478174471,4.212571566002526,-0.12152237166658875,4.212571566002526,-0.12152237166658875,4.212571566002526,-0.12152237166658875
395,2026-05-13T17:36:11.240Z,2026-05-13 17:36:11.240000+00:00,2750.0572166666666,45.83428694444444,140.189,3,14,train,4,14,4.359007835388184,3.979618787765503,4.505301475524902,1.7468106746673584,10.231730937957764,True,False,0.08292751553711186,4.814204935839968,557.8936819737148,557.8936819737148,0.0,4.814204935839968,4.814204935839968,-0.45519710045178474,4.464332315730496,-0.10532448034231212,4.464332315730496,-0.10532448034231212,4.464332315730496,-0.10532448034231212
396,2026-05-13T17:38:31.772Z,2026-05-13 17:38:31.772000+00:00,2752.3994166666666,45.87332361111111,140.532,3,14,train,4,15,4.5944366455078125,6.047500133514404,9.564828872680664,1.5660971403121948,17.178426146507263,True,False,0.0908833491091929,4.959322448139123,581.8584421765995,581.8584421765995,0.0,4.959322448139123,4.959322448139123,-0.3648858026313109,4.579107650789106,0.015328994718706745,4.579107650789106,0.015328994718706745,4.579107650789106,0.015328994718706745
397,2026-05-13T17:40:52.003Z,2026-05-13 17:40:52.003000+00:00,2754.7365999999997,45.91227666666666,140.231,3,14,train,4,16,3.933362007141113,4.6711931228637695,1.754760742,5.408768177032471,11.83472204189624,True,False,0.05429746336344169,4.336644333642799,622.0075734591138,622.0075734591138,0.0,4.336644333642799,4.336644333642799,-0.4032823265016865,4.08662340066187,-0.1532613935207574,4.08662340066187,-0.1532613935207574,4.08662340066187,-0.1532613935207574
398,2026-05-13T17:43:12.094Z,2026-05-13 17:43:12.094000+00:00,2757.0714500000004,45.95119083333334,140.091,3,14,train,4,17,3.9096527099609375,4.2883710861206055,1.6781761646270752,7.906450271606445,13.872997522354126,True,False,0.04300834942941163,4.354749710686959,649.6398742186352,649.6398742186352,0.0,4.354749710686959,4.354749710686959,-0.44509700072602154,4.100943179740788,-0.1912904697798501,4.100943179740788,-0.1912904697798501,4.100943179740788,-0.1912904697798501
399,2026-05-13T17:45:32.718Z,2026-05-13 17:45:32.718000+00:00,2759.415183333333,45.99025305555555,140.624,3,14,train,4,18,4.127990723,5.839771270751953,3.2426791191101074,1.489819884300232,10.572270274162292,True,False,0.08590823119665016,4.505196087839655,682.1544809450273,682.1544809450273,0.0,4.505196087839655,4.505196087839655,-0.3772053648396554,4.219933183583041,-0.09194246058304145,4.219933183583041,-0.09194246058304145,4.219933183583041,-0.09194246058304145
400,2026-05-13T17:47:53.245Z,2026-05-13 17:47:53.245000+00:00,2761.7572999999998,46.02928833333333,140.527,3,14,train,4,19,4.743302345275879,2.358746052,7.256134510040283,5.081063270568848,14.695943832609132,True,False,0.0654254035777248,5.248226534015245,706.9159713586474,706.9159713586474,0.0,5.248226534015245,5.248226534015245,-0.5049241887393663,4.807605664094881,-0.06430331881900209,4.807605664094881,-0.06430331881900209,4.807605664094881,-0.06430331881900209
401,2026-05-13T17:50:13.235Z,2026-05-13 17:50:13.235000+00:00,2764.090466666667,46.06817444444445,139.99,3,14,train,4,20,3.865545272827149,8.883464813232422,2.4990077018737797,1.2598663568496704,12.642338871955872,True,False,0.09003454685394968,4.210915410404108,741.2040576440967,741.2040576440967,0.0,4.210915410404108,4.210915410404108,-0.3453701375769591,3.9871827538188427,-0.1216374809916938,3.9871827538188427,-0.1216374809916938,3.9871827538188427,-0.1216374809916938
402,2026-05-13T17:52:33.264Z,2026-05-13 17:52:33.264000+00:00,2766.4242833333333,46.10707138888889,140.029,3,14,train,4,21,4.328683853149414,8.037932395935059,7.418594837188721,1.377280354499817,16.833807587623596,True,False,0.09181836701334042,4.7255338033904195,770.7089588091152,770.7089588091152,0.0,4.7255338033904195,4.7255338033904195,-0.39684995024100544,4.394201159430467,-0.06551730628105279,4.394201159430467,-0.06551730628105279,4.394201159430467,-0.06551730628105279
403,2026-05-13T17:54:53.334Z,2026-05-13 17:54:53.334000+00:00,2768.758783333333,46.14597972222222,140.07,3,14,train,4,22,4.377754211425781,6.453321933746338,6.581615447998047,1.031609058380127,14.066546440124512,True,False,0.09266622363370242,4.768868387430747,810.0074826224225,810.0074826224225,0.0,4.768868387430747,4.768868387430747,-0.3911141760049661,4.428475047702483,-0.05072083627670132,4.428475047702483,-0.05072083627670132,4.428475047702483,-0.05072083627670132
404,2026-05-13T17:57:13.795Z,2026-05-13 17:57:13.795000+00:00,2771.0998000000004,46.18499666666667,140.461,3,14,train,4,23,4.1969099044799805,9.56947898864746,5.846657752990723,3.633256912231445,19.049393653869625,True,False,0.08092717816509926,4.546666663068242,842.9375022811946,842.9375022811946,0.0,4.546666663068242,4.546666663068242,-0.3497567585882617,4.25273280295029,-0.055822898470309745,4.25273280295029,-0.055822898470309745,4.25273280295029,-0.055822898470309745
405,2026-05-13T17:59:34.117Z,2026-05-13 17:59:34.117000+00:00,2773.4384999999997,46.223974999999996,140.322,3,14,train,4,24,4.200768471,5.194295883178711,3.4571218490600586,1.0810973644256592,9.732515096664429,True,False,0.0888919014901279,4.5837189803073075,887.4883192194995,887.4883192194995,0.0,4.5837189803073075,4.5837189803073075,-0.38295050930730756,4.2820379643910735,-0.08126949339107359,4.2820379643910735,-0.08126949339107359,4.2820379643910735,-0.08126949339107359
406,2026-05-13T18:01:53.821Z,2026-05-13 18:01:53.821000+00:00,2775.7669,46.26278166666667,139.704,3,14,train,4,25,4.521657943725586,5.980834007263184,8.279717445373535,7.92725658416748,22.1878080368042,True,False,0.06427201564472669,4.9016018228112985,910.149507370573,910.149507370573,0.0,4.9016018228112985,4.9016018228112985,-0.3799438790857126,4.533455654645893,-0.011797710920307125,4.533455654645893,-0.011797710920307125,4.533455654645893,-0.011797710920307125
407,2026-05-13T18:04:13.875Z,2026-05-13 18:04:13.875000+00:00,2778.101133333333,46.30168555555555,140.054,3,14,train,4,26,4.1638288497924805,9.810475349,5.247830867767334,1.8307209014892576,16.889027118256593,True,False,0.0891602939075733,4.488985444079477,961.9410284836827,961.9410284836827,0.0,4.488985444079477,4.488985444079477,-0.3251565942869963,4.207111973795109,-0.04328312400262835,4.207111973795109,-0.04328312400262835,4.207111973795109,-0.04328312400262835
408,2026-05-13T18:06:34.141Z,2026-05-13 18:06:34.141000+00:00,2780.4389,46.340648333333334,140.266,3,14,train,4,27,4.40587329864502,3.783614635467529,4.3814873695373535,3.927225589752197,12.09232759475708,True,False,0.0675229970493444,4.824102469207763,1001.4236331131723,1001.4236331131723,0.0,4.824102469207763,4.824102469207763,-0.4182291705627428,4.472160404088299,-0.06628710544327898,4.472160404088299,-0.06628710544327898,4.472160404088299,-0.06628710544327898
409,2026-05-13T18:08:54.033Z,2026-05-13 18:08:54.033000+00:00,2782.770433333333,46.379507222222216,139.892,3,14,train,4,28,4.094357490539551,8.653905868530273,4.205327511,2.459256410598755,15.318489790129028,True,False,0.08394582988080551,4.447426399808004,1029.6172979779349,1029.6172979779349,0.0,4.447426399808004,4.447426399808004,-0.3530689092684529,4.174242383106834,-0.07988489256728304,4.174242383106834,-0.07988489256728304,4.174242383106834,-0.07988489256728304
410,2026-05-13T18:11:13.919Z,2026-05-13 18:11:13.919000+00:00,2785.1018666666664,46.41836444444444,139.886,3,14,train,4,29,4.286229133605957,8.507207870483398,7.1768107414245605,8.533608436584473,24.21762704849243,True,False,0.06476282164434563,4.686700249237945,1065.331335690968,1065.331335690968,0.0,4.686700249237945,4.686700249237945,-0.400471115631988,4.363487194459935,-0.07725806085397835,4.363487194459935,-0.07725806085397835,4.363487194459935,-0.07725806085397835
411,2026-05-13T18:13:33.788Z,2026-05-13 18:13:33.788000+00:00,2787.433016666667,46.45721694444445,139.869,3,15,train,5,0,4.079471588134766,7.538750171661377,3.688419342041016,3.787360668182373,15.014530181884766,True,False,0.07477536344925481,4.450473742522752,0.0,0.0,0.0,4.450473742522752,4.450473742522752,-0.37100215438798667,4.176652566244502,-0.09718097810973614,4.176652566244502,-0.09718097810973614,4.176652566244502,-0.09718097810973614
412,2026-05-13T18:15:53.822Z,2026-05-13 18:15:53.822000+00:00,2789.766916666667,46.49611527777778,140.034,3,15,train,5,1,3.632321357727051,9.681921959,1.5066912174224854,3.7997660636901855,14.988379240112671,True,False,0.07464858606245393,3.9575427401980945,35.042411991500856,35.042411991500856,0.0,3.9575427401980945,3.9575427401980945,-0.3252213824710437,3.7867870010468376,-0.15446564331978685,3.7867870010468376,-0.15446564331978685,3.7867870010468376,-0.15446564331978685
413,2026-05-13T18:18:13.719Z,2026-05-13 18:18:13.719000+00:00,2792.0985333333333,46.534975555555555,139.897,3,15,train,5,2,4.679345131,3.528120756149292,8.399980545043945,4.002233028411865,15.930334329605103,True,False,0.07487665390063991,5.136937972087224,69.98956683406823,69.98956683406823,0.0,5.136937972087224,5.136937972087224,-0.45759284108722387,4.719586087538551,-0.04024095653855131,4.719586087538551,-0.04024095653855131,4.719586087538551,-0.04024095653855131
414,2026-05-13T18:20:33.353Z,2026-05-13 18:20:33.353000+00:00,2794.4257666666667,46.57376277777778,139.634,3,15,train,5,3,4.162174224853516,4.594911575317383,3.177110433578491,8.244260787963867,16.01628279685974,True,False,0.04852575411830084,4.600683681555035,107.06317189706954,107.06317189706954,0.0,4.600683681555035,4.600683681555035,-0.4385094567015191,4.295455568090503,-0.13328134323698748,4.295455568090503,-0.13328134323698748,4.295455568090503,-0.13328134323698748
415,2026-05-13T18:22:53.318Z,2026-05-13 18:22:53.318000+00:00,2796.7585166666668,46.61264194444445,139.965,3,15,train,5,4,4.75267505645752,3.439703226089477,9.20216941833496,5.847757339477539,18.489629983901978,True,False,0.06837277249696777,5.187577450085561,144.42515559144408,144.42515559144408,0.0,5.187577450085561,5.187577450085561,-0.4349023936280405,4.759637511810976,-0.006962455353455965,4.759637511810976,-0.006962455353455965,4.759637511810976,-0.006962455353455965
416,2026-05-13T18:25:13.297Z,2026-05-13 18:25:13.297000+00:00,2799.0915,46.651525,139.979,3,15,train,5,5,4.955574035644531,1.1505264043807983,7.205358028411865,1.6209659576416016,9.976850390434265,True,False,0.08375272862469932,5.556879988398794,187.56115418338766,187.56115418338766,0.0,5.556879988398794,5.556879988398794,-0.601305952754263,5.051723710790997,-0.09614967514646544,5.051723710790997,-0.09614967514646544,5.051723710790997,-0.09614967514646544
417,2026-05-14T16:26:02.964Z,2026-05-14 16:26:02.964000+00:00,4119.919283333334,68.6653213888889,79249.667,4,16,train,1,0,4.528273582458496,1.0,1.0,1.0,3.0,True,False,0.06666666666666667,4.760452344018065,0.0,0.0,0.0,4.760452344018065,4.760452344018065,-0.23217876155956851,4.421818689091765,0.10645489336673108,4.421818689091765,0.10645489336673108,4.421818689091765,0.10645489336673108
418,2026-05-14T16:27:14.194Z,2026-05-14 16:27:14.194000+00:00,4121.10645,68.6851075,71.23,4,16,train,1,1,4.8585357666015625,2.402804374694824,7.073693752288818,3.3423044681549072,12.81880259513855,True,False,0.07392654701288204,5.229110954757021,3.5615,3.5615,0.0,5.229110954757021,5.229110954757021,-0.37057518815545887,4.792486902896169,0.06604886370539376,4.792486902896169,0.06604886370539376,4.792486902896169,0.06604886370539376
419,2026-05-14T16:30:09.975Z,2026-05-14 16:30:09.975000+00:00,4124.036133333333,68.73393555555555,175.781,4,17,train,1,0,4.743853569030762,2.828554153442383,7.536417961120605,1.0917634963989258,11.456735610961914,True,False,0.09047055345019643,5.185758187775915,0.0,0.0,0.0,5.185758187775915,5.185758187775915,-0.44190461874515297,4.758198633498904,-0.014345064468142432,4.758198633498904,-0.014345064468142432,4.758198633498904,-0.014345064468142432
420,2026-05-14T16:31:21.440Z,2026-05-14 16:31:21.440000+00:00,4125.227216666667,68.75378694444446,71.465,4,17,train,1,1,4.651226043701172,3.845787525177002,7.536779880523682,7.259095191955566,18.64166259765625,True,False,0.0610598295408038,5.0524822837003525,13.64592684062322,13.64592684062322,0.0,5.0524822837003525,5.0524822837003525,-0.4012562399991806,4.652788980982411,-0.0015629372812391296,4.652788980982411,-0.0015629372812391296,4.652788980982411,-0.0015629372812391296
421,2026-05-14T16:32:31.525Z,2026-05-14 16:32:31.525000+00:00,4126.3953,68.773255,70.085,4,17,train,1,2,4.674934387207031,3.115859031677246,6.701409339904785,1.469370722770691,11.286639094352722,True,False,0.08698132623461052,5.092774467673006,35.420942226568854,35.420942226568854,0.0,5.092774467673006,5.092774467673006,-0.4178400804659743,4.684656595320859,-0.009722208113827513,4.684656595320859,-0.009722208113827513,4.684656595320859,-0.009722208113827513
422,2026-05-14T16:33:41.741Z,2026-05-14 16:33:41.741000+00:00,4127.565566666667,68.79275944444446,70.216,4,17,train,1,3,3.775122643,7.888556957244873,1.240579367,8.465868949890137,17.595005274135012,True,False,0.05188481720812482,3.964315948998733,48.6293197373867,48.6293197373867,0.0,3.964315948998733,3.964315948998733,-0.18919330599873296,3.792144020314868,-0.01702137731486797,3.792144020314868,-0.01702137731486797,3.792144020314868,-0.01702137731486797
423,2026-05-14T16:34:51.276Z,2026-05-14 16:34:51.276000+00:00,4128.724483333333,68.81207472222222,69.535,4,17,train,1,4,4.553084373474121,3.698712348937988,6.169853210449219,4.8211445808410645,14.689710140228271,True,False,0.06718012448973928,4.982511504018605,69.02046459966967,69.02046459966967,0.0,4.982511504018605,4.982511504018605,-0.4294271305444841,4.597448177828832,-0.044363804354710545,4.597448177828832,-0.044363804354710545,4.597448177828832,-0.044363804354710545
424,2026-05-14T16:36:00.957Z,2026-05-14 16:36:00.957000+00:00,4129.885833333333,68.83143055555554,69.681,4,17,train,1,5,4.22447681427002,8.578654289245605,5.017170906066895,8.426432609558105,22.022257804870605,True,False,0.061736745231933246,4.5279353366868484,86.08035947102377,86.08035947102377,0.0,4.5279353366868484,4.5279353366868484,-0.303458522416828,4.237917952368475,-0.013441138098454708,4.237917952368475,-0.013441138098454708,4.237917952368475,-0.013441138098454708
425,2026-05-14T16:37:10.634Z,2026-05-14 16:37:10.634000+00:00,4131.047116666667,68.85078527777777,69.677,4,17,train,1,6,4.508424758911133,1.864347219467163,3.314729690551758,4.238314628601074,9.417391538619995,True,False,0.05499481346591492,5.010256082159601,111.65444042218992,111.65444042218992,0.0,5.010256082159601,5.010256082159601,-0.5018313232484681,4.619391726899794,-0.11096696798866112,4.619391726899794,-0.11096696798866112,4.619391726899794,-0.11096696798866112
426,2026-05-14T16:38:20.219Z,2026-05-14 16:38:20.219000+00:00,4132.206866666666,68.87011444444444,69.585,4,17,train,1,7,4.606566429138184,2.9277288913726807,5.652953147888184,1.9975014925003047,10.57818353176117,True,False,0.08111678166196706,5.045958783378884,122.57626025910446,122.57626025910446,0.0,5.045958783378884,5.045958783378884,-0.43939235424070056,4.647629459410624,-0.04106303027244085,4.647629459410624,-0.04106303027244085,4.647629459410624,-0.04106303027244085
427,2026-05-14T16:39:29.831Z,2026-05-14 16:39:29.831000+00:00,4133.367066666667,68.88945111111111,69.612,4,17,train,1,8,4.2878828048706055,7.530465126037598,5.418348312,8.246042251586914,21.19485568962451,True,False,0.06109413353720739,4.617749392330741,134.84906879265375,134.84906879265375,0.0,4.617749392330741,4.617749392330741,-0.32986658746013564,4.30895306154434,-0.021070256673734633,4.30895306154434,-0.021070256673734633,4.30895306154434,-0.021070256673734633
428,2026-05-14T16:40:39.613Z,2026-05-14 16:40:39.613000+00:00,4134.5301,68.908835,69.782,4,17,train,1,9,4.057416915893555,4.415274620056152,1.9086229801177976,4.258406639099121,10.582304239273071,True,False,0.05975917396803512,4.397143612156165,159.49939245487673,159.49939245487673,0.0,4.397143612156165,4.397143612156165,-0.33972669626261,4.134473069886225,-0.07705615399266996,4.134473069886225,-0.07705615399266996,4.134473069886225,-0.07705615399266996
429,2026-05-14T16:41:49.706Z,2026-05-14 16:41:49.706000+00:00,4135.698316666667,68.92830527777778,70.093,4,18,train,2,0,4.046389579772949,7.560497760772705,3.101325750350952,8.667284965515137,19.329108476638794,True,False,0.055159416814332445,4.374606846677111,0.0,0.0,0.0,4.374606846677111,4.374606846677111,-0.3282172669041614,4.116648447840173,-0.07025886806722337,4.116648447840173,-0.07025886806722337,4.116648447840173,-0.07025886806722337
430,2026-05-14T16:42:59.811Z,2026-05-14 16:42:59.811000+00:00,4136.866733333333,68.94777888888889,70.105,4,18,train,2,1,4.505117416381836,4.129807949066162,6.361728191375732,3.069538354873657,13.561074495315552,True,False,0.0773650800610676,4.947910406244732,22.584452495912714,22.584452495912714,0.0,4.947910406244732,4.947910406244732,-0.4427929898628964,4.570081717864956,-0.06496430148312005,4.570081717864956,-0.06496430148312005,4.570081717864956,-0.06496430148312005
431,2026-05-14T16:44:09.815Z,2026-05-14 16:44:09.815000+00:00,4138.033466666667,68.96722444444444,70.004,4,18,train,2,2,4.192498207092285,9.582213401794434,5.372310161590576,5.394876003265381,20.34939956665039,True,False,0.07348877058708517,4.509489340417386,38.40661014541388,38.40661014541388,0.0,4.509489340417386,4.509489340417386,-0.316991133325101,4.223328773097314,-0.030830566005028537,4.223328773097314,-0.030830566005028537,4.223328773097314,-0.030830566005028537
432,2026-05-14T16:45:19.672Z,2026-05-14 16:45:19.672000+00:00,4139.19775,68.98662916666667,69.857,4,18,train,2,3,4.1500444412231445,5.167928218841553,3.1343605518341064,6.846477985,15.14876675567566,True,False,0.05480504720006407,4.543796252556861,62.09907690420549,62.09907690420549,0.0,4.543796252556861,4.543796252556861,-0.3937518113337166,4.250462557802203,-0.10041811657905875,4.250462557802203,-0.10041811657905875,4.250462557802203,-0.10041811657905875
433,2026-05-14T16:46:29.737Z,2026-05-14 16:46:29.737000+00:00,4140.3655,69.00609166666666,70.065,4,18,train,2,4,5.025596618652344,1.1132562160491943,9.733211517333984,3.3749003410339355,14.221368074417114,True,False,0.07626880674648272,5.70178358632,79.78904928314574,79.78904928314574,0.0,5.70178358632,5.70178358632,-0.6761869676676566,5.166329858175328,-0.14073323952298455,5.166329858175328,-0.14073323952298455,5.166329858175328,-0.14073323952298455
434,2026-05-14T16:47:39.835Z,2026-05-14 16:47:39.835000+00:00,4141.5338,69.02556333333334,70.098,4,18,train,2,5,3.586008071899414,9.867508888244627,1.136433243751526,8.351887702941895,19.35582983493805,True,False,0.05685078979219788,3.833312908015885,96.40387360448726,96.40387360448726,0.0,3.833312908015885,3.833312908015885,-0.24730483611647092,3.6885320048917594,-0.1025239329923453,3.6885320048917594,-0.1025239329923453,3.6885320048917594,-0.1025239329923453
435,2026-05-14T16:48:49.585Z,2026-05-14 16:48:49.585000+00:00,4142.6963,69.04493833333332,69.75,4,18,train,2,6,4.057416915893555,2.231187582015991,1.4076043367385864,4.027916908,7.6667088267545775,True,False,0.0474622422864979,4.561004263649655,118.90502578760274,118.90502578760274,0.0,4.561004263649655,4.561004263649655,-0.5035873477560999,4.264072598434627,-0.20665568254107214,4.264072598434627,-0.20665568254107214,4.264072598434627,-0.20665568254107214
436,2026-05-14T16:49:59.628Z,2026-05-14 16:49:59.628000+00:00,4143.863683333333,69.06439472222222,70.043,4,18,train,2,7,4.459905624389648,5.994959831237793,8.221460342407227,4.029926776885986,18.246346950531006,True,False,0.07791378850894476,4.897452121068807,127.85501389347559,127.85501389347559,0.0,4.897452121068807,4.897452121068807,-0.43754649667915846,4.530173601361339,-0.07026797697169052,4.530173601361339,-0.07026797697169052,4.530173601361339,-0.07026797697169052
437,2026-05-14T16:51:09.758Z,2026-05-14 16:51:09.758000+00:00,4145.032516666667,69.08387527777778,70.13,4,18,train,2,8,4.194152832,8.857570648,5.294661045074463,7.873991489,22.02622318207446,True,False,0.0642517401920813,4.537360922502143,149.18195242082123,149.18195242082123,0.0,4.537360922502143,4.537360922502143,-0.3432080905021424,4.2453727712454965,-0.05121993924549617,4.2453727712454965,-0.05121993924549617,4.2453727712454965,-0.05121993924549617
438,2026-05-14T16:52:19.842Z,2026-05-14 16:52:19.842000+00:00,4146.200583333333,69.10334305555556,70.084,4,18,train,2,9,4.080574035644531,8.736639976501465,3.9861936569213863,1.797316074371338,14.52014970779419,True,False,0.08762191774505902,4.4200893023928,174.910049512363,174.910049512363,0.0,4.4200893023928,4.4200893023928,-0.3395152667482684,4.152621115861763,-0.0720470802172315,4.152621115861763,-0.0720470802172315,4.152621115861763,-0.0720470802172315
439,2026-05-14T16:53:29.733Z,2026-05-14 16:53:29.733000+00:00,4147.365433333333,69.12275722222222,69.891,4,19,train,3,0,4.076163291931152,6.237651824951172,3.431779384613037,9.160170555114746,18.829601764678955,True,False,0.05135228737392829,4.501661422791494,0.0,0.0,0.0,4.501661422791494,4.501661422791494,-0.4254981308603414,4.217137570849642,-0.14097427891849001,4.217137570849642,-0.14097427891849001,4.217137570849642,-0.14097427891849001
440,2026-05-14T16:54:39.864Z,2026-05-14 16:54:39.864000+00:00,4148.534283333333,69.14223805555555,70.131,4,19,train,3,1,4.245429039001465,4.500831604003906,3.641085386276245,2.401885271072388,10.543802261352539,True,False,0.07721993251071954,4.668426216248947,22.008980022644998,22.008980022644998,0.0,4.668426216248947,4.668426216248947,-0.4229971772474821,4.349034023192359,-0.10360498419089392,4.349034023192359,-0.10360498419089392,4.349034023192359,-0.10360498419089392
441,2026-05-14T16:55:50.061Z,2026-05-14 16:55:50.061000+00:00,4149.704233333333,69.16173722222221,70.197,4,19,train,3,2,4.640750885009766,3.9728055000305176,8.63660717,9.930333137512209,22.539745807542726,True,False,0.055943011858682494,5.097533242358976,34.344701478314406,34.344701478314406,0.0,5.097533242358976,5.097533242358976,-0.45678235734921024,4.68842037234816,-0.04766948733839449,4.68842037234816,-0.04766948733839449,4.68842037234816,-0.04766948733839449
442,2026-05-14T16:57:00.069Z,2026-05-14 16:57:00.069000+00:00,4150.871033333333,69.18118388888888,70.008,4,19,train,3,3,4.953369141,1.310960054397583,8.813074111938477,4.5904316902160645,14.714465856552124,True,False,0.06880327335720436,5.587682469730431,60.644076886555254,60.644076886555254,0.0,5.587682469730431,5.587682469730431,-0.634313328730431,5.076085795417883,-0.12271665441788304,5.076085795417883,-0.12271665441788304,5.076085795417883,-0.12271665441788304
443,2026-05-14T16:58:10.316Z,2026-05-14 16:58:10.316000+00:00,4152.041816666667,69.20069694444445,70.247,4,19,train,3,4,4.253699303,7.374316215515137,5.342310905456543,5.357476711273193,18.074103832244873,True,False,0.07035827191766346,4.620614267135119,77.87152827030887,77.87152827030887,0.0,4.620614267135119,4.620614267135119,-0.3669149641351188,4.311218928429486,-0.057519625429486076,4.311218928429486,-0.057519625429486076,4.311218928429486,-0.057519625429486076
444,2026-05-14T16:59:20.258Z,2026-05-14 16:59:20.258000+00:00,4153.207516666666,69.22012527777777,69.942,4,19,train,3,5,4.511181831359863,5.155566692352295,8.679261207580566,5.166172981262207,19.00100088119507,True,False,0.07281104814654753,4.986469564052352,98.94051110755672,98.94051110755672,0.0,4.986469564052352,4.986469564052352,-0.4752877326924887,4.600578659183961,-0.08939682782409797,4.600578659183961,-0.08939682782409797,4.600578659183961,-0.08939682782409797
445,2026-05-14T17:00:30.377Z,2026-05-14 17:00:30.377000+00:00,4154.376166666667,69.23960277777778,70.119,4,19,train,3,6,4.948407173156738,1.3887290954589844,9.288988113,4.429559707641602,15.107276916100586,True,False,0.0706792975845912,5.585491730083385,121.14603078736533,121.14603078736533,0.0,5.585491730083385,5.585491730083385,-0.6370845569266468,5.07435311082984,-0.12594593767310158,5.07435311082984,-0.12594593767310158,5.07435311082984,-0.12594593767310158
446,2026-05-14T17:01:40.335Z,2026-05-14 17:01:40.335000+00:00,4155.542133333333,69.25903555555556,69.958,4,19,train,3,7,4.425722122192383,7.627596855163574,8.794168472290039,4.523181915283203,20.944947242736816,True,False,0.0784044244043072,4.822142434540979,138.76061209564142,138.76061209564142,0.0,4.822142434540979,4.822142434540979,-0.39642031234859587,4.470610187081113,-0.044888064888730206,4.470610187081113,-0.044888064888730206,4.470610187081113,-0.044888064888730206
447,2026-05-14T17:02:50.384Z,2026-05-14 17:02:50.384000+00:00,4156.709616666666,69.2784936111111,70.049,4,19,train,3,8,4.350737571716309,5.9412126541137695,5.414473533630371,2.9679551124572754,14.323641300201416,True,False,0.07927932534574474,4.72009944813673,163.2134889190826,163.2134889190826,0.0,4.72009944813673,4.72009944813673,-0.3693618764204212,4.389903056912116,-0.03916548519580765,4.389903056912116,-0.03916548519580765,4.389903056912116,-0.03916548519580765
448,2026-05-14T17:04:00.514Z,2026-05-14 17:04:00.514000+00:00,4157.87845,69.29797416666666,70.13,4,19,train,3,9,4.881141662597656,1.5714197158813477,8.664034843444824,2.6927719116210938,12.928226470947266,True,False,0.0791713742200264,5.501560879938737,179.95543832546804,179.95543832546804,0.0,5.501560879938737,5.501560879938737,-0.6204192173410812,5.007971105691498,-0.12682944309384148,5.007971105691498,-0.12682944309384148,5.007971105691498,-0.12682944309384148
449,2026-05-14T17:05:10.631Z,2026-05-14 17:05:10.631000+00:00,4159.047066666667,69.31745111111111,70.117,4,20,train,4,0,3.69627857208252,9.325201988220217,1.729438543319702,5.946636677,17.001277208539918,True,False,0.06502241211611477,4.032921230421807,0.0,0.0,0.0,4.032921230421807,4.032921230421807,-0.33664265833928697,3.8464048330684046,-0.15012626098588466,3.8464048330684046,-0.15012626098588466,3.8464048330684046,-0.15012626098588466
450,2026-05-14T17:06:20.722Z,2026-05-14 17:06:20.722000+00:00,4160.21525,69.33692083333334,70.091,4,20,train,4,1,4.40587329864502,4.402459144592285,6.169421195983887,8.091853141784668,18.66373348236084,True,False,0.05664397399677666,4.906939976919468,19.860608680396187,19.860608680396187,0.0,4.906939976919468,4.906939976919468,-0.501066678274448,4.5376776704222985,-0.1318043717772781,4.5376776704222985,-0.1318043717772781,4.5376776704222985,-0.1318043717772781
451,2026-05-14T17:07:30.567Z,2026-05-14 17:07:30.567000+00:00,4161.379333333333,69.35632222222222,69.845,4,20,train,4,2,4.519452095031738,4.198347568511963,7.026671409606934,5.835440158843994,17.06045913696289,True,False,0.0657955268847306,4.983963791885054,41.58674976498774,41.58674976498774,0.0,4.983963791885054,4.983963791885054,-0.4645116968533154,4.598596811262745,-0.07914471623100638,4.598596811262745,-0.07914471623100638,4.598596811262745,-0.07914471623100638
452,2026-05-14T17:08:40.810Z,2026-05-14 17:08:40.810000+00:00,4162.55005,69.37583416666666,70.243,4,20,train,4,3,4.020476341247559,8.842449188232422,3.841378688812256,9.204194068908691,21.88802194595337,True,False,0.05794871692089859,4.399328946487893,61.55971361761581,61.55971361761581,0.0,4.399328946487893,4.399328946487893,-0.3788526052403345,4.136201479339814,-0.11572513809225526,4.136201479339814,-0.11572513809225526,4.136201479339814,-0.11572513809225526
453,2026-05-14T17:09:50.830Z,2026-05-14 17:09:50.830000+00:00,4163.71705,69.39528416666667,70.02,4,20,train,4,4,4.035363197,8.714832305908203,3.887411117553711,3.0980114936828613,15.700254917144775,True,False,0.08026776310300661,4.410386902186132,87.10303522854339,87.10303522854339,0.0,4.410386902186132,4.410386902186132,-0.37502370518613226,4.144947360868655,-0.10958416386865544,4.144947360868655,-0.10958416386865544,4.144947360868655,-0.10958416386865544
454,2026-05-14T17:11:00.673Z,2026-05-14 17:11:00.673000+00:00,4164.8811000000005,69.414685,69.843,4,20,train,4,5,4.327029228210449,7.427002906799316,7.237465381622314,5.775532245635986,20.440000534057617,True,False,0.07174397213927342,4.749204346446836,105.37891696484577,105.37891696484577,0.0,4.749204346446836,4.749204346446836,-0.4221751182363871,4.412922500964485,-0.0858932727540358,4.412922500964485,-0.0858932727540358,4.412922500964485,-0.0858932727540358
455,2026-05-14T17:12:10.589Z,2026-05-14 17:12:10.589000+00:00,4166.0463666666665,69.4341061111111,69.916,4,20,train,4,6,3.974713325500488,6.9090681076049805,2.674503326416016,7.608575344085693,17.19214677810669,True,False,0.055743890264043,4.349553650477558,129.19696825383198,129.19696825383198,0.0,4.349553650477558,4.349553650477558,-0.3748403249770704,4.096833547884025,-0.12212022238353759,4.096833547884025,-0.12212022238353759,4.096833547884025,-0.12212022238353759
456,2026-05-14T17:13:20.676Z,2026-05-14 17:13:20.676000+00:00,4167.214483333333,69.45357472222221,70.087,4,20,train,4,7,4.189741134643555,6.404359340667725,4.694512367248535,5.250429630279541,16.3493013381958,True,False,0.06788590826194324,4.625735243930479,149.27940144111804,149.27940144111804,0.0,4.625735243930479,4.625735243930479,-0.4359941092869244,4.315269175833833,-0.12552804119027794,4.315269175833833,-0.12552804119027794,4.315269175833833,-0.12552804119027794
457,2026-05-14T17:14:30.795Z,2026-05-14 17:14:30.795000+00:00,4168.383133333334,69.47305222222222,70.119,4,20,train,4,8,4.212899208068848,2.976303100585937,2.511207103729248,1.943474054336548,7.430984258651733,True,False,0.07384634408189193,4.686692811653735,168.38601245000055,168.38601245000055,0.0,4.686692811653735,4.686692811653735,-0.47379360358488753,4.363481311977482,-0.15058210390863458,4.363481311977482,-0.15058210390863458,4.363481311977482,-0.15058210390863458
458,2026-05-14T17:15:40.800Z,2026-05-14 17:15:40.800000+00:00,4169.549883333333,69.49249805555556,70.005,4,20,train,4,9,3.58711051940918,8.419623374938965,1.179525375366211,8.589582443237305,18.18873119354248,True,False,0.05277525215015079,3.9156135870416193,177.05611333378246,177.05611333378246,0.0,3.9156135870416193,3.9156135870416193,-0.3285030676324392,3.753624686409459,-0.16651416700027877,3.753624686409459,-0.16651416700027877,3.753624686409459,-0.16651416700027877
459,2026-05-14T17:16:50.776Z,2026-05-14 17:16:50.776000+00:00,4170.71615,69.51193583333334,69.976,4,21,train,5,0,4.731724739074707,2.3828330039978027,8.089807510375977,1.2227840423583984,11.695424556732178,True,False,0.08954476567800583,5.290985743668298,0.0,0.0,0.0,5.290985743668298,5.290985743668298,-0.5592610045935906,4.8414244812522025,-0.10969974217749545,4.8414244812522025,-0.10969974217749545,4.8414244812522025,-0.10969974217749545
460,2026-05-14T17:18:00.957Z,2026-05-14 17:18:00.957000+00:00,4171.885833333333,69.53143055555554,70.181,4,21,train,5,1,4.344673156738281,9.183122634887695,8.673872947692871,9.355525970458984,27.21252155303955,True,False,0.06562051057185474,4.7357095601126105,13.679943180267015,13.679943180267015,0.0,4.7357095601126105,4.7357095601126105,-0.3910364033743292,4.402249298271607,-0.057576141533325575,4.402249298271607,-0.057576141533325575,4.402249298271607,-0.057576141533325575
461,2026-05-14T17:19:10.839Z,2026-05-14 17:19:10.839000+00:00,4173.050533333333,69.55084222222222,69.882,4,21,train,5,2,4.413592338562012,5.934236526489258,6.777801513671875,8.025571823120117,20.73760986328125,True,False,0.06129943674304299,4.818156644994868,45.37436703309218,45.37436703309218,0.0,4.818156644994868,4.818156644994868,-0.40456430643285657,4.467457774092632,-0.05386543553062051,4.467457774092632,-0.05386543553062051,4.467457774092632,-0.05386543553062051
462,2026-05-14T17:20:20.772Z,2026-05-14 17:20:20.772000+00:00,4174.216083333334,69.57026805555556,69.933,4,21,train,5,3,4.319862365722656,9.774289131,8.607541084,5.355743885040283,23.737574100040284,True,False,0.07743769492843333,4.705237920722135,69.54508820923964,69.54508820923964,0.0,4.705237920722135,4.705237920722135,-0.38537555499947906,4.378148880855291,-0.05828651513263505,4.378148880855291,-0.05828651513263505,4.378148880855291,-0.05828651513263505
463,2026-05-14T17:21:30.796Z,2026-05-14 17:21:30.796000+00:00,4175.38315,69.58971916666665,70.024,4,21,train,5,4,4.453841209411621,6.372848510742188,8.533260345458984,7.127196311950684,22.033305168151855,True,False,0.06765262289267104,4.887121529170973,97.24841968892665,97.24841968892665,0.0,4.887121529170973,4.887121529170973,-0.4332803197593522,4.522003001358334,-0.06816179194671257,4.522003001358334,-0.06816179194671257,4.522003001358334,-0.06816179194671257
464,2026-05-14T17:22:40.975Z,2026-05-14 17:22:40.975000+00:00,4176.5528,69.60921333333334,70.179,4,21,train,5,5,4.328683853149414,9.544429779052734,9.169128418,3.013535976409912,21.727094173462646,True,False,0.08613005516360937,4.742942731054574,123.01967507885547,123.01967507885547,0.0,4.742942731054574,4.742942731054574,-0.41425887790516036,4.407970107602245,-0.079286254452831,4.407970107602245,-0.079286254452831,4.407970107602245,-0.079286254452831
465,2026-05-14T17:23:50.998Z,2026-05-14 17:23:50.998000+00:00,4177.7198499999995,69.62866416666665,70.023,4,21,train,5,6,4.114757537841797,5.1971611976623535,3.163281917572021,7.597070217132568,15.957513332366943,True,False,0.052391891775999455,4.545375338011981,148.37628033399506,148.37628033399506,0.0,4.545375338011981,4.545375338011981,-0.43061780017018414,4.251711477104403,-0.13695393926260646,4.251711477104403,-0.13695393926260646,4.251711477104403,-0.13695393926260646
466,2026-05-14T17:25:00.983Z,2026-05-14 17:25:00.983000+00:00,4178.886266666666,69.64810444444444,69.985,4,21,train,5,7,4.250391006469727,6.867644786834717,5.549808502197266,1.851370930671692,14.268824219703674,True,False,0.08702506315751543,4.667903867278796,166.9893898434234,166.9893898434234,0.0,4.667903867278796,4.667903867278796,-0.4175128608090697,4.348620890572342,-0.09822988410261502,4.348620890572342,-0.09822988410261502,4.348620890572342,-0.09822988410261502
467,2026-05-14T17:26:11.056Z,2026-05-14 17:26:11.056000+00:00,4180.05415,69.66756916666667,70.073,4,21,train,5,8,4.687064170837402,2.748014450073242,7.902866363525391,1.4058113098144531,12.056692123413086,True,False,0.08833999163763595,5.218920718926963,183.6537118358783,183.6537118358783,0.0,5.218920718926963,5.218920718926963,-0.5318565480895607,4.784427312339585,-0.09736314150218295,4.784427312339585,-0.09736314150218295,4.784427312339585,-0.09736314150218295
468,2026-05-14T17:27:21.085Z,2026-05-14 17:27:21.085000+00:00,4181.2213,69.68702166666667,70.029,4,21,train,5,9,4.624210357666016,4.559953689575195,9.360037803649902,1.6332210302352903,15.553212523460388,True,False,0.08949914027232801,5.072503583119023,197.7256800477199,197.7256800477199,0.0,5.072503583119023,5.072503583119023,-0.448293225453007,4.668624088080646,-0.04441373041463059,4.668624088080646,-0.04441373041463059,4.668624088080646,-0.04441373041463059
469,2026-05-14T17:28:31.023Z,2026-05-14 17:28:31.023000+00:00,4182.386933333333,69.70644888888889,69.938,4,22,train,6,0,4.616490364074707,1.29723858833313,3.84742283821106,2.903017044067383,8.047678470611572,True,False,0.06392727350292897,5.232361013065721,0.0,0.0,0.0,5.232361013065721,5.232361013065721,-0.615870648991014,4.795057416443645,-0.17856705236893777,4.795057416443645,-0.17856705236893777,4.795057416443645,-0.17856705236893777
470,2026-05-14T17:29:40.978Z,2026-05-14 17:29:40.978000+00:00,4183.55285,69.72588083333333,69.955,4,22,train,6,1,4.041427612304688,3.992306709289551,2.0435984134674072,8.391628265,14.427533387756958,True,False,0.04183601562744578,4.470738785209681,9.382922456860541,9.382922456860541,0.0,4.470738785209681,4.470738785209681,-0.42931117290499277,4.192680453075792,-0.1512528407711038,4.192680453075792,-0.1512528407711038,4.192680453075792,-0.1512528407711038
471,2026-05-14T17:30:51.188Z,2026-05-14 17:30:51.188000+00:00,4184.723016666667,69.74538361111111,70.21,4,22,train,6,2,3.754171371459961,8.958148956298828,2.122225046157837,6.183496475219727,17.26387047767639,True,False,0.06418244400515227,4.1377481265346665,26.26554110943414,26.26554110943414,0.0,4.1377481265346665,4.1377481265346665,-0.38357675507470557,3.9293137937712657,-0.17514242231130472,3.9293137937712657,-0.17514242231130472,3.9293137937712657,-0.17514242231130472
472,2026-05-14T17:32:01.117Z,2026-05-14 17:32:01.117000+00:00,4185.8885,69.76480833333333,69.929,4,22,train,6,3,4.360661506652832,1.9722771644592283,2.892667055130005,2.5380349159240723,7.402979135513306,True,False,0.06571603310687851,4.926655100268513,46.386294419991344,46.386294419991344,0.0,4.926655100268513,4.926655100268513,-0.5659935936156808,4.553270618869786,-0.19260911221695398,4.553270618869786,-0.19260911221695398,4.553270618869786,-0.19260911221695398
473,2026-05-14T17:33:11.274Z,2026-05-14 17:33:11.274000+00:00,4187.057783333334,69.78429638888889,70.157,4,22,train,6,4,4.249288558959961,9.041465759277344,6.639795780181885,3.111891746520996,18.793153285980225,True,False,0.08344135388475504,4.626419734815743,55.042474540161464,55.042474540161464,0.0,4.626419734815743,4.626419734815743,-0.3771311758557818,4.315810548611356,-0.06652198965139533,4.315810548611356,-0.06652198965139533,4.315810548611356,-0.06652198965139533
474,2026-05-14T17:34:21.125Z,2026-05-14 17:34:21.125000+00:00,4188.221966666667,69.80369944444445,69.851,4,22,train,6,5,4.290639877319336,3.3639943599700928,3.486858845,5.350299358,12.201152562970094,True,False,0.05614922991588598,4.776097348910967,76.92115037647821,76.92115037647821,0.0,4.776097348910967,4.776097348910967,-0.4854574715916309,4.434192527714871,-0.14355265039553533,4.434192527714871,-0.14355265039553533,4.434192527714871,-0.14355265039553533
475,2026-05-14T17:35:31.264Z,2026-05-14 17:35:31.264000+00:00,4189.39095,69.8231825,70.139,4,22,train,6,6,3.689111709594727,6.196597099304199,1.270737886428833,9.009205818,16.47654080373303,True,False,0.04532101170192948,4.077554555307521,91.18409437004753,91.18409437004753,0.0,4.077554555307521,4.077554555307521,-0.38844284571279397,3.8817059124307436,-0.19259420283601658,3.8817059124307436,-0.19259420283601658,3.8817059124307436,-0.19259420283601658
476,2026-05-14T17:36:41.427Z,2026-05-14 17:36:41.427000+00:00,4190.560333333333,69.84267222222222,70.163,4,22,train,6,7,4.357353210449219,4.895693778991699,5.825448036193848,6.338499069213867,17.059640884399414,True,False,0.06284506155689212,4.835921457394803,110.45148657691954,110.45148657691954,0.0,4.835921457394803,4.835921457394803,-0.4785682469455841,4.481508196148191,-0.1241549856989721,4.481508196148191,-0.1241549856989721,4.481508196148191,-0.1241549856989721
477,2026-05-14T17:37:51.538Z,2026-05-14 17:37:51.538000+00:00,4191.72885,69.8621475,70.111,4,22,train,6,8,4.345775604248047,8.131330490112305,7.878332138061523,2.816615343093872,18.8262779712677,True,False,0.08503891556582488,4.746638843807438,130.38596127768832,130.38596127768832,0.0,4.746638843807438,4.746638843807438,-0.4008632395593912,4.410893411433073,-0.06511780718502624,4.410893411433073,-0.06511780718502624,4.410893411433073,-0.06511780718502624
478,2026-05-14T17:39:01.618Z,2026-05-14 17:39:01.618000+00:00,4192.89685,69.88161416666667,70.08,4,22,train,6,9,4.270791053771973,7.472982406616211,5.957310676574707,1.4764686822891235,14.906761765480042,True,False,0.09009530905828106,4.661981588374166,152.375053948129,152.375053948129,0.0,4.661981588374166,4.661981588374166,-0.39119053460219355,4.343936882868377,-0.07314582909640421,4.343936882868377,-0.07314582909640421,4.343936882868377,-0.07314582909640421
479,2026-05-14T17:40:11.882Z,2026-05-14 17:40:11.882000+00:00,4194.067916666667,69.90113194444444,70.264,4,23,train,7,0,4.299461364746094,3.164029359817505,3.428013801574707,9.064626693725586,15.656669855117798,True,False,0.042103737400054,4.79546389642861,0.0,0.0,0.0,4.79546389642861,4.79546389642861,-0.4960025316825165,4.449509782986474,-0.15004841824038007,4.449509782986474,-0.15004841824038007,4.449509782986474,-0.15004841824038007
480,2026-05-14T17:41:22.060Z,2026-05-14 17:41:22.060000+00:00,4195.23755,69.92062583333333,70.178,4,23,train,7,1,4.317104339599609,8.480957031,7.906256675720215,3.526937961578369,19.914151668298587,True,False,0.08228928844007494,4.729919684109611,18.312562951540947,18.312562951540947,0.0,4.729919684109611,4.729919684109611,-0.412815344510002,4.397670009751128,-0.08056567015151828,4.397670009751128,-0.08056567015151828,4.397670009751128,-0.08056567015151828
481,2026-05-14T17:42:32.297Z,2026-05-14 17:42:32.297000+00:00,4196.408166666666,69.9401361111111,70.237,4,23,train,7,2,4.770870208740234,2.4658637046813965,8.811050415039062,6.673189163208008,17.950103282928467,True,False,0.06282367261053826,5.313255252853064,41.624400796979074,41.624400796979074,0.0,5.313255252853064,5.313255252853064,-0.5423850441128293,4.859037726805938,-0.08816751806570355,4.859037726805938,-0.08816751806570355,4.859037726805938,-0.08816751806570355
482,2026-05-14T17:43:42.538Z,2026-05-14 17:43:42.538000+00:00,4197.57885,69.9596475,70.241,4,23,train,7,3,4.234401702880859,6.628214359283447,4.927308082580566,4.943331718444824,16.498854160308838,True,False,0.07003833314475282,4.631804958801843,62.63828754191538,62.63828754191538,0.0,4.631804958801843,4.631804958801843,-0.3974032559209837,4.320069792568737,-0.08566808968787765,4.320069792568737,-0.08566808968787765,4.320069792568737,-0.08566808968787765
483,2026-05-14T17:44:52.668Z,2026-05-14 17:44:52.668000+00:00,4198.747683333333,69.97912805555555,70.13,4,23,train,7,4,4.356250762939453,6.614192962646484,6.603909492492676,1.627769112586975,14.845871567726135,True,False,0.08903554361789288,4.759663566727886,81.92269824628968,81.92269824628968,0.0,4.759663566727886,4.759663566727886,-0.4034128037884326,4.421194834835083,-0.06494407189562956,4.421194834835083,-0.06494407189562956,4.421194834835083,-0.06494407189562956
484,2026-05-14T17:46:02.863Z,2026-05-14 17:46:02.863000+00:00,4199.9176,69.99862666666667,70.195,4,23,train,7,5,4.525517463684082,5.012232303619385,8.311044692993164,6.299970626831055,19.623247623443604,True,False,0.06789537212329436,4.9799099193182705,99.29113082456529,99.29113082456529,0.0,4.9799099193182705,4.9799099193182705,-0.4543924556341885,4.595390550524356,-0.06987308684027393,4.595390550524356,-0.06987308684027393,4.595390550524356,-0.06987308684027393
485,2026-05-14T17:47:13.341Z,2026-05-14 17:47:13.341000+00:00,4201.092233333334,70.01820388888889,70.478,4,23,train,7,6,4.382164955,7.725614070892334,7.8565545082092285,8.186098098754883,23.768266677856445,True,False,0.06555870813086506,4.7677514743241085,122.34125159131625,122.34125159131625,0.0,4.7677514743241085,4.7677514743241085,-0.38558651932410815,4.427591666544587,-0.04542671154458677,4.427591666544587,-0.04542671154458677,4.427591666544587,-0.04542671154458677
486,2026-05-14T17:48:23.411Z,2026-05-14 17:48:23.411000+00:00,4202.260066666667,70.03766777777778,70.07,4,23,train,7,7,4.0910491943359375,6.799304962158203,3.580927848815918,7.778584957122803,18.158817768096924,True,False,0.05716359370713586,4.482637180634733,150.09862569327294,150.09862569327294,0.0,4.482637180634733,4.482637180634733,-0.3915879862987959,4.202091049356929,-0.11104185502099106,4.202091049356929,-0.11104185502099106,4.202091049356929,-0.11104185502099106
487,2026-05-14T17:49:33.343Z,2026-05-14 17:49:33.343000+00:00,4203.4256,70.05709333333333,69.932,4,23,train,7,8,4.184779167175293,6.952586650848389,4.796080589294434,9.879159927368164,21.627827167510986,True,False,0.054321995220081576,4.599572012892778,171.2633330959155,171.2633330959155,0.0,4.599572012892778,4.599572012892778,-0.41479284571748476,4.294576334832137,-0.10979716765684433,4.294576334832137,-0.10979716765684433,4.294576334832137,-0.10979716765684433
488,2026-05-14T17:50:43.358Z,2026-05-14 17:50:43.358000+00:00,4204.592516666667,70.07654194444444,70.015,4,23,train,7,9,4.492986679077148,2.677553176879883,4.500806808,1.6114833354949951,8.789843320374878,True,False,0.08166652946179856,4.985787220969632,196.5012050814702,196.5012050814702,0.0,4.985787220969632,4.985787220969632,-0.4928005418924837,4.60003898513151,-0.10705230605436178,4.60003898513151,-0.10705230605436178,4.60003898513151,-0.10705230605436178
489,2026-05-14T17:51:53.349Z,2026-05-14 17:51:53.349000+00:00,4205.759033333333,70.09598388888888,69.991,4,24,train,8,0,4.317104339599609,7.227475166320801,6.968343734741211,4.438312530517578,18.63413143157959,True,False,0.07618181160300344,4.744553697407704,0.0,0.0,0.0,4.744553697407704,4.744553697407704,-0.42744935780809445,4.409244241922901,-0.09213990232329206,4.409244241922901,-0.09213990232329206,4.409244241922901,-0.09213990232329206
490,2026-05-14T17:53:03.417Z,2026-05-14 17:53:03.417000+00:00,4206.926833333333,70.11544722222222,70.068,4,24,train,8,1,4.399807929992676,4.365084648132324,5.503822326660156,4.360609531402588,14.229516506195068,True,False,0.06935518132675751,4.861021335264224,21.760938685798642,21.760938685798642,0.0,4.861021335264224,4.861021335264224,-0.46121340527154864,4.50136001724649,-0.10155208725381382,4.50136001724649,-0.10155208725381382,4.50136001724649,-0.10155208725381382
491,2026-05-14T17:54:13.419Z,2026-05-14 17:54:13.419000+00:00,4208.093533333334,70.13489222222223,70.002,4,24,train,8,2,4.908709526062012,1.7738821506500244,9.966646194458008,5.418963432312012,17.159491777420044,True,False,0.06842002372446278,5.509777157805027,38.362515593576425,38.362515593576425,0.0,5.509777157805027,5.509777157805027,-0.6010676317430157,5.0144694671235355,-0.10575994106152375,5.0144694671235355,-0.10575994106152375,5.0144694671235355,-0.10575994106152375
492,2026-05-14T17:55:23.669Z,2026-05-14 17:55:23.669000+00:00,4209.264366666666,70.1544061111111,70.25,4,24,train,8,3,4.253148078918457,1.9207905530929563,1.965026855,4.185223103,8.071040511092956,True,False,0.04814518528004205,4.7705005975195975,58.45342054963906,58.45342054963906,0.0,4.7705005975195975,4.7705005975195975,-0.5173525186011405,4.429765983971068,-0.17661790505261088,4.429765983971068,-0.17661790505261088,4.429765983971068,-0.17661790505261088
493,2026-05-14T17:56:33.914Z,2026-05-14 17:56:33.914000+00:00,4210.4351166666665,70.1739186111111,70.245,4,24,train,8,4,4.241569519042969,2.913104295730591,2.5209436416625977,2.8990752696990967,8.333123207092285,True,False,0.06521021953411531,4.697744161495732,67.90259122800114,67.90259122800114,0.0,4.697744161495732,4.697744161495732,-0.45617464245276285,4.372221968848379,-0.13065244980541024,4.372221968848379,-0.13065244980541024,4.372221968848379,-0.13065244980541024
494,2026-05-14T17:57:43.929Z,2026-05-14 17:57:43.929000+00:00,4211.602033333334,70.19336722222222,70.015,4,24,train,8,5,3.989048004150391,2.312481641769409,1.199903130531311,4.681730270385742,8.194115042686462,True,False,0.042864723695033406,4.476570522267828,77.62665158374392,77.62665158374392,0.0,4.476570522267828,4.476570522267828,-0.48752251811743674,4.197292850051305,-0.20824484590091386,4.197292850051305,-0.20824484590091386,4.197292850051305,-0.20824484590091386
495,2026-05-14T17:58:53.980Z,2026-05-14 17:58:53.980000+00:00,4212.76955,70.21282583333333,70.051,4,24,train,8,6,4.460456848144531,5.701928139,7.708622932434082,1.291859745979309,14.70241081741339,True,False,0.09121327949529717,4.891205322177069,87.1934174646644,87.1934174646644,0.0,4.891205322177069,4.891205322177069,-0.430748474032538,4.5252329265628015,-0.06477607841827027,4.5252329265628015,-0.06477607841827027,4.5252329265628015,-0.06477607841827027
496,2026-05-14T18:00:03.998Z,2026-05-14 18:00:03.998000+00:00,4213.936516666667,70.23227527777777,70.018,4,24,train,8,7,4.092702865600586,9.628633499145508,4.599421977996826,1.657955527305603,15.886011004447937,True,False,0.08956342453217872,4.439943215071107,104.35064080822525,104.35064080822525,0.0,4.439943215071107,4.439943215071107,-0.3472403494705212,4.168323834601729,-0.07562096900114312,4.168323834601729,-0.07562096900114312,4.168323834601729,-0.07562096900114312
497,2026-05-14T18:01:13.966Z,2026-05-14 18:01:13.966000+00:00,4215.10265,70.25171083333333,69.968,4,24,train,8,8,4.661149978637695,2.891284465789795,7.443780899047852,5.104394912719727,15.439460277557373,True,False,0.06693929178250216,5.170919967429773,122.87584777421213,122.87584777421213,0.0,5.170919967429773,5.170919967429773,-0.5097699887920779,4.746462891306803,-0.08531291266910745,4.746462891306803,-0.08531291266910745,4.746462891306803,-0.08531291266910745
498,2026-05-14T18:02:24.033Z,2026-05-14 18:02:24.033000+00:00,4216.270433333333,70.27117388888888,70.067,4,24,train,8,9,4.696437835693359,3.030916690826416,7.992038726806641,9.454823494,20.477778911633056,True,False,0.05382886232535265,5.181350108268651,140.90579216200567,140.90579216200567,0.0,5.181350108268651,5.181350108268651,-0.4849122725752917,4.754712225866942,-0.05827439017358227,4.754712225866942,-0.05827439017358227,4.754712225866942,-0.05827439017358227
499,2026-05-14T18:03:34.065Z,2026-05-14 18:03:34.065000+00:00,4217.437633333333,70.29062722222221,70.032,4,25,train,9,0,4.844201088,1.511392355,7.251422405,5.521921634674072,14.284736394674072,True,False,0.06134390245568082,5.441225457682191,0.0,0.0,0.0,5.441225457682191,5.441225457682191,-0.5970243696821909,4.960251032519887,-0.1160499445198866,4.960251032519887,-0.1160499445198866,4.960251032519887,-0.1160499445198866
500,2026-05-14T18:04:44.172Z,2026-05-14 18:04:44.172000+00:00,4218.606083333333,70.31010138888888,70.107,4,25,train,9,1,4.374997138977051,6.277174472808838,6.267149448394775,3.973879576,16.518203497203615,True,False,0.07594242269340765,4.75970363034487,16.69100024035692,16.69100024035692,0.0,4.75970363034487,4.75970363034487,-0.38470649136781887,4.421226521672806,-0.04622938269575538,4.421226521672806,-0.04622938269575538,4.421226521672806,-0.04622938269575538
501,2026-05-14T18:05:54.325Z,2026-05-14 18:05:54.325000+00:00,4219.7753,70.32958833333333,70.153,4,25,train,9,2,3.917923927307129,9.467308044433594,2.914344072341919,1.18097186088562,13.562623977661133,True,False,0.09129245297347485,4.249800062985919,36.00435907267901,36.00435907267901,0.0,4.249800062985919,4.249800062985919,-0.33187613567879026,4.017937133204252,-0.10001320589712304,4.017937133204252,-0.10001320589712304,4.017937133204252,-0.10001320589712304
502,2026-05-14T18:07:04.399Z,2026-05-14 18:07:04.399000+00:00,4220.9432,70.34905333333333,70.074,4,25,train,9,3,4.076163291931152,3.4157159328460693,2.166432380676269,5.377462387084961,10.9596107006073,True,False,0.05093381933003348,4.563244674667458,51.844147616189446,51.844147616189446,0.0,4.563244674667458,4.563244674667458,-0.48708138273630563,4.265844568758286,-0.18968127682713387,4.265844568758286,-0.18968127682713387,4.265844568758286,-0.18968127682713387
503,2026-05-14T18:08:14.630Z,2026-05-14 18:08:14.630000+00:00,4222.113716666667,70.36856194444445,70.231,4,25,train,9,4,4.286780357,9.874042510986328,8.177275657653809,8.876458168029785,26.927776336669922,True,False,0.06703605207853004,4.6786615291830715,64.67255460142863,64.67255460142863,0.0,4.6786615291830715,4.6786615291830715,-0.39188117218307195,4.357129265819053,-0.07034890881905298,4.357129265819053,-0.07034890881905298,4.357129265819053,-0.07034890881905298
504,2026-05-14T18:09:24.442Z,2026-05-14 18:09:24.442000+00:00,4223.27725,70.38795416666667,69.812,4,25,train,9,5,4.901541709899902,1.056236743927002,7.333965778,5.684462547302246,14.074665069229248,True,False,0.059612093649532676,5.601743001412847,96.00391996168864,96.00391996168864,0.0,5.601743001412847,5.601743001412847,-0.7002012915129443,5.087206453492731,-0.18566474359282825,5.087206453492731,-0.18566474359282825,5.087206453492731,-0.18566474359282825
505,2026-05-14T18:10:34.510Z,2026-05-14 18:10:34.510000+00:00,4224.44505,70.40741750000001,70.068,4,25,train,9,6,4.499052047729492,2.4770569801330566,4.209453582763672,7.602771282196045,14.289281845092773,True,False,0.0467938881420623,4.990696309927767,112.44031382953455,112.44031382953455,0.0,4.990696309927767,4.990696309927767,-0.4916442621982746,4.603921647679094,-0.10486959994960188,4.603921647679094,-0.10486959994960188,4.603921647679094,-0.10486959994960188
506,2026-05-14T18:11:44.487Z,2026-05-14 18:11:44.487000+00:00,4225.611333333333,70.42685555555555,69.977,4,25,train,9,7,3.964789390563965,7.260856628417969,2.9827704429626465,8.34233284,18.585959911380613,True,False,0.05511486692225246,4.375239785816821,129.10566509076884,129.10566509076884,0.0,4.375239785816821,4.375239785816821,-0.4104503952528562,4.117149047669105,-0.15235965710513977,4.117149047669105,-0.15235965710513977,4.117149047669105,-0.15235965710513977
507,2026-05-14T18:12:54.485Z,2026-05-14 18:12:54.485000+00:00,4226.7779666666665,70.44629944444445,69.998,4,25,train,9,8,4.459354400634766,5.129590988,6.924576282501221,2.0450000762939453,14.099167346795166,True,False,0.08549559682502253,4.890577790203754,150.7886654553825,150.7886654553825,0.0,4.890577790203754,4.890577790203754,-0.43122338956898876,4.524736603332365,-0.06538220269759965,4.524736603332365,-0.06538220269759965,4.524736603332365,-0.06538220269759965
508,2026-05-14T18:14:04.628Z,2026-05-14 18:14:04.628000+00:00,4227.947016666667,70.46578361111112,70.143,4,25,train,9,9,4.12523365020752,2.7704029083251958,1.828807711601257,6.733218669891357,11.33242928981781,True,False,0.040584507542957664,4.580797725941944,167.27129704215338,167.27129704215338,0.0,4.580797725941944,4.580797725941944,-0.4555640757344239,4.279727506175081,-0.15449385596756038,4.279727506175081,-0.15449385596756038,4.279727506175081,-0.15449385596756038
509,2026-05-14T18:15:14.837Z,2026-05-14 18:15:14.837000+00:00,4229.117166666667,70.48528611111111,70.209,4,26,train,10,0,4.5023603439331055,6.479462146759033,9.195235252380373,3.1758077144622803,18.850505113601685,True,False,0.08315266516561004,4.912287462830807,0.0,0.0,0.0,4.912287462830807,4.912287462830807,-0.40992711889770117,4.5419070668436605,-0.039546722910555054,4.5419070668436605,-0.039546722910555054,4.5419070668436605,-0.039546722910555054
510,2026-05-14T18:16:25.074Z,2026-05-14 18:16:25.074000+00:00,4230.287783333333,70.50479638888889,70.237,4,26,train,10,1,3.912410736083984,3.441640138626098,1.2914048433303833,9.146728516,13.879773497956482,True,False,0.034100304177538114,4.33724519836114,22.066715461067357,22.066715461067357,0.0,4.33724519836114,4.33724519836114,-0.42483446227715627,4.087098632412194,-0.1746878963282099,4.087098632412194,-0.1746878963282099,4.087098632412194,-0.1746878963282099
511,2026-05-14T18:17:35.018Z,2026-05-14 18:17:35.018000+00:00,4231.4535166666665,70.52422527777777,69.944,4,26,train,10,2,4.300564765930176,8.327812194824219,7.076866149902344,4.66246509552002,20.067143440246582,True,False,0.07676567614417407,4.689775368718163,38.24683008675183,38.24683008675183,0.0,4.689775368718163,4.689775368718163,-0.3892106027879869,4.365919346604052,-0.06535458067387623,4.365919346604052,-0.06535458067387623,4.365919346604052,-0.06535458067387623
512,2026-05-14T18:18:44.731Z,2026-05-14 18:18:44.731000+00:00,4232.6154,70.54359,69.713,4,26,train,10,3,4.419105529785156,8.21472168,9.806729316711426,4.528498649597168,22.549949646308594,True,False,0.07991792123430094,4.83725000307465,61.562509597583656,61.562509597583656,0.0,4.83725000307465,4.83725000307465,-0.41814447328949367,4.482558960271206,-0.06345343048604946,4.482558960271206,-0.06345343048604946,4.482558960271206,-0.06345343048604946
513,2026-05-14T18:19:54.763Z,2026-05-14 18:19:54.763000+00:00,4233.7826000000005,70.56304333333334,70.032,4,26,train,10,4,3.955415725708008,5.020756721496582,1.963243007659912,8.293488502502441,15.277488231658936,True,False,0.04571431915544747,4.354281988427927,87.88281082475504,87.88281082475504,0.0,4.354281988427927,4.354281988427927,-0.39886626271991954,4.100573252099773,-0.14515752639176505,4.100573252099773,-0.14515752639176505,4.100573252099773,-0.14515752639176505
514,2026-05-14T18:21:04.717Z,2026-05-14 18:21:04.717000+00:00,4234.9485,70.582475,69.954,4,26,train,10,5,4.182023048400879,9.476554870605469,6.148540019989014,1.5100128650665283,17.13510775566101,True,False,0.09118760799991084,4.572655291355862,105.6948343540462,105.6948343540462,0.0,4.572655291355862,4.572655291355862,-0.39063224295498333,4.273287548357421,-0.09126449995654173,4.273287548357421,-0.09126449995654173,4.273287548357421,-0.09126449995654173
515,2026-05-14T18:22:14.803Z,2026-05-14 18:22:14.803000+00:00,4236.1166,70.60194333333334,70.086,4,26,train,10,6,4.187536239624023,9.311367035,6.150739192962647,4.502571105957031,19.964677333919678,True,False,0.07744731341934973,4.580528726896726,125.71035372343383,125.71035372343383,0.0,4.580528726896726,4.580528726896726,-0.39299248727270264,4.279514751318302,-0.09197851169427818,4.279514751318302,-0.09197851169427818,4.279514751318302,-0.09197851169427818
516,2026-05-14T18:23:24.913Z,2026-05-14 18:23:24.913000+00:00,4237.2851,70.62141833333334,70.11,4,26,train,10,7,3.668711662292481,8.312856674194336,1.4101746082305908,4.536637783050537,14.259669065475464,True,False,0.06818553248171562,3.9947002739298236,149.03907918811896,149.03907918811896,0.0,3.9947002739298236,3.9947002739298236,-0.3259886116373427,3.8161753795853226,-0.1474637172928417,3.8161753795853226,-0.1474637172928417,3.8161753795853226,-0.1474637172928417
517,2026-05-14T18:24:34.064Z,2026-05-14 18:24:34.064000+00:00,4238.437616666667,70.64062694444445,69.151,4,26,train,10,8,4.333645820617676,9.238930702209473,9.218502044677734,1.3508069515228271,19.808239698410034,True,False,0.09318058054582581,4.75936309247267,165.47358544723053,165.47358544723053,0.0,4.75936309247267,4.75936309247267,-0.4257172718549942,4.420957185823792,-0.0873113652061166,4.420957185823792,-0.0873113652061166,4.420957185823792,-0.0873113652061166
518,2026-05-14T18:25:44.101Z,2026-05-14 18:25:44.101000+00:00,4239.6049,70.66008166666667,70.037,4,26,train,10,9,3.861685752868652,6.6908955574035645,2.121742486953736,7.052425384521484,15.865063428878784,True,False,0.05554744917260067,4.26353658940927,188.59541350985626,188.59541350985626,0.0,4.26353658940927,4.26353658940927,-0.40185083654061815,4.028801531289656,-0.16711577842100445,4.028801531289656,-0.16711577842100445,4.028801531289656,-0.16711577842100445
519,2026-05-14T18:26:53.644Z,2026-05-14 18:26:53.644000+00:00,4240.76395,70.67939916666666,69.543,4,27,train,11,0,4.201871871948242,1.2933995723724363,1.5376322269439695,6.618128299713135,9.449160099029541,True,False,0.02996067131519088,4.835972030150779,0.0,0.0,0.0,4.835972030150779,4.835972030150779,-0.6341001582025365,4.481548194801144,-0.279676322852902,4.481548194801144,-0.279676322852902,4.481548194801144,-0.279676322852902
520,2026-05-14T18:28:03.352Z,2026-05-14 18:28:03.352000+00:00,4241.92575,70.6987625,69.708,4,27,train,11,1,4.295601844787598,9.651456832885742,7.874637603759766,4.413471221923828,21.939565658569336,True,False,0.07988350685420258,4.672105157356738,10.97803420305252,10.97803420305252,0.0,4.672105157356738,4.672105157356738,-0.37650331256913994,4.351943745744914,-0.056341900957316504,4.351943745744914,-0.056341900957316504,4.351943745744914,-0.056341900957316504
521,2026-05-14T18:29:13.367Z,2026-05-14 18:29:13.367000+00:00,4243.092666666666,70.7182111111111,70.015,4,27,train,11,2,4.248186111450195,9.633552551269531,7.288256645202637,9.591356277,26.513165473472167,True,False,0.06382417525136083,4.639473625264621,36.57967902946472,36.57967902946472,0.0,4.639473625264621,4.639473625264621,-0.39128751381442584,4.326135040992399,-0.07794892954220334,4.326135040992399,-0.07794892954220334,4.326135040992399,-0.07794892954220334
522,2026-05-14T18:30:23.305Z,2026-05-14 18:30:23.305000+00:00,4244.2582999999995,70.73763833333332,69.938,4,27,train,11,3,3.7883548736572266,8.432224274,1.930387020111084,4.317152023,14.679763317111084,True,False,0.07059113331910588,4.122754865115426,67.48430847752633,67.48430847752633,0.0,4.122754865115426,4.122754865115426,-0.33439999145819943,3.917455427570313,-0.12910055391308628,3.917455427570313,-0.12910055391308628,3.917455427570313,-0.12910055391308628
523,2026-05-14T18:31:33.578Z,2026-05-14 18:31:33.578000+00:00,4245.429516666667,70.75715861111112,70.273,4,27,train,11,4,4.217309951782227,9.510834693908691,7.122383117675781,1.1234116554260254,17.756629467010498,True,False,0.09367328322352406,4.63484562427219,84.67749193724877,84.67749193724877,0.0,4.63484562427219,4.63484562427219,-0.41753567248996326,4.322474694586632,-0.1051647428044058,4.322474694586632,-0.1051647428044058,4.322474694586632,-0.1051647428044058
524,2026-05-14T18:32:43.692Z,2026-05-14 18:32:43.692000+00:00,4246.598083333333,70.77663472222223,70.114,4,27,train,11,5,4.597744941711426,1.920279860496521,4.599637985229492,5.114728927612305,11.634646773338318,True,False,0.05603881211647012,5.139629542217668,105.42729724474835,105.42729724474835,0.0,5.139629542217668,5.139629542217668,-0.5418846005062425,4.721714885494505,-0.12396994378307902,4.721714885494505,-0.12396994378307902,4.721714885494505,-0.12396994378307902
525,2026-05-14T18:33:54.047Z,2026-05-14 18:33:54.047000+00:00,4247.770666666666,70.79617777777777,70.355,4,27,train,11,6,4.341916084289551,5.229957580566406,5.344484806060791,8.474315643310547,19.048758029937744,True,False,0.05551250307242082,4.769939241286471,119.0698901403853,119.0698901403853,0.0,4.769939241286471,4.769939241286471,-0.42802315699691995,4.429321999997503,-0.08740591570795253,4.429321999997503,-0.08740591570795253,4.429321999997503,-0.08740591570795253
526,2026-05-14T18:35:04.016Z,2026-05-14 18:35:04.016000+00:00,4248.936816666666,70.8156136111111,69.969,4,27,train,11,7,4.002832412719727,8.521203994750977,3.518461942672729,1.486870288848877,13.526536226272583,True,False,0.0890077528794036,4.376842001119585,141.2835993169972,141.2835993169972,0.0,4.376842001119585,4.376842001119585,-0.37400958839985865,4.118416260669777,-0.11558384795005061,4.118416260669777,-0.11558384795005061,4.118416260669777,-0.11558384795005061
527,2026-05-14T18:36:14.191Z,2026-05-14 18:36:14.191000+00:00,4250.1064,70.83510666666666,70.175,4,27,train,11,8,4.058519363,3.2666709423065186,1.9919699430465696,8.502263069152832,13.76090395450592,True,False,0.03821435643136787,4.546548893635869,157.10401064497518,157.10401064497518,0.0,4.546548893635869,4.546548893635869,-0.4880295306358686,4.252639657568688,-0.1941202945686875,4.252639657568688,-0.1941202945686875,4.252639657568688,-0.1941202945686875
528,2026-05-14T18:37:24.197Z,2026-05-14 18:37:24.197000+00:00,4251.273166666667,70.85455277777778,70.006,4,27,train,11,9,4.043081283569336,1.759478211402893,1.1705292463302612,6.557624340057373,9.487631797790527,True,False,0.03088239004400964,4.5845236987671125,173.1597746822942,173.1597746822942,0.0,4.5845236987671125,4.5845236987671125,-0.5414424151977766,4.282674426726933,-0.23959314315759705,4.282674426726933,-0.23959314315759705,4.282674426726933,-0.23959314315759705
529,2026-05-14T18:38:34.262Z,2026-05-14 18:38:34.262000+00:00,4252.440916666666,70.87401527777777,70.065,4,28,train,12,0,4.4610090255737305,5.07542896270752,7.414926052093506,5.274530410766602,17.764885425567627,True,False,0.07030923485059254,4.924938438373373,0.0,0.0,0.0,4.924938438373373,4.924938438373373,-0.4639294127996427,4.551912888565046,-0.0909038629913157,4.551912888565046,-0.0909038629913157,4.551912888565046,-0.0909038629913157
530,2026-05-14T18:39:44.305Z,2026-05-14 18:39:44.305000+00:00,4253.6083,70.89347166666667,70.043,4,28,train,12,1,4.425170898,4.405882358551025,5.561964035,9.662323951721191,19.630170345272216,True,False,0.05077819610440471,4.861672136918909,20.73843116438389,20.73843116438389,0.0,4.861672136918909,4.861672136918909,-0.43650123891890846,4.501874744771718,-0.07670384677171782,4.501874744771718,-0.07670384677171782,4.501874744771718,-0.07670384677171782
531,2026-05-14T18:40:54.583Z,2026-05-14 18:40:54.583000+00:00,4254.7796,70.91299333333333,70.278,4,28,train,12,2,4.642955780029297,3.689396381378174,8.703330993652344,9.403017998,21.795745373030517,True,False,0.05685847014144767,5.132999124024782,43.73124968980124,43.73124968980124,0.0,5.132999124024782,5.132999124024782,-0.49004334399548544,4.716470801182348,-0.07351502115305131,4.716470801182348,-0.07351502115305131,4.716470801182348,-0.07351502115305131
532,2026-05-14T18:42:04.656Z,2026-05-14 18:42:04.656000+00:00,4255.947483333333,70.93245805555556,70.073,4,28,train,12,3,4.469278335571289,2.3619837760925293,4.011630058288574,8.867923736572266,15.24153757095337,True,False,0.041817394109421396,4.990499080070563,69.18613744854069,69.18613744854069,0.0,4.990499080070563,4.990499080070563,-0.5212207444992742,4.603765656010098,-0.13448732043880884,4.603765656010098,-0.13448732043880884,4.603765656010098,-0.13448732043880884
533,2026-05-14T18:43:14.640Z,2026-05-14 18:43:14.640000+00:00,4257.113883333333,70.95189805555556,69.984,4,28,train,12,4,4.077816963195801,2.201421976089477,1.3536288738250732,2.116888999938965,5.671939849853516,True,False,0.06267786584525158,4.549625073581681,86.9638668713007,86.9638668713007,0.0,4.549625073581681,4.549625073581681,-0.4718081103858802,4.255072648448888,-0.17725568525308688,4.255072648448888,-0.17725568525308688,4.255072648448888,-0.17725568525308688
534,2026-05-14T18:44:24.459Z,2026-05-14 18:44:24.459000+00:00,4258.277533333333,70.97129222222222,69.819,4,28,train,12,5,3.978572845458984,4.105097770690918,1.9244132041931152,5.177854061126709,11.207365036010742,True,False,0.053799541243730514,4.432346810974687,93.56401967758273,93.56401967758273,0.0,4.432346810974687,4.432346810974687,-0.45377396551570337,4.162315739427042,-0.18374289396805787,4.162315739427042,-0.18374289396805787,4.162315739427042,-0.18374289396805787
535,2026-05-14T18:45:34.296Z,2026-05-14 18:45:34.296000+00:00,4259.441483333333,70.99069138888889,69.837,4,28,train,12,6,4.2878828048706055,3.9956326484680176,3.862049102783203,1.9417917728424072,9.799473524093628,True,False,0.08018473371994739,4.745621498927208,106.60883221124743,106.60883221124743,0.0,4.745621498927208,4.745621498927208,-0.4577386940566024,4.410088780085356,-0.12220597521475085,4.410088780085356,-0.12220597521475085,4.410088780085356,-0.12220597521475085
536,2026-05-14T18:46:44.484Z,2026-05-14 18:46:44.484000+00:00,4260.611283333334,71.01018805555556,70.188,4,28,train,12,7,4.059070587158203,3.1880877017974854,1.805996537208557,6.567421913146973,11.561506152153015,True,False,0.04319579277372984,4.514518034470251,118.07225633973216,118.07225633973216,0.0,4.514518034470251,4.514518034470251,-0.4554474473120482,4.227306032875823,-0.16823544571762028,4.227306032875823,-0.16823544571762028,4.227306032875823,-0.16823544571762028
537,2026-05-14T18:47:54.496Z,2026-05-14 18:47:54.496000+00:00,4261.77815,71.02963583333333,70.012,4,28,train,12,8,4.288434028625488,1.6275451183319092,2.1703572273254395,6.159841060638428,9.957743406295776,True,False,0.038140190911689166,4.885603291085142,131.5629924851411,131.5629924851411,0.0,4.885603291085142,4.885603291085142,-0.5971692624596541,4.520802207034897,-0.23236817840940915,4.520802207034897,-0.23236817840940915,4.520802207034897,-0.23236817840940915
538,2026-05-14T18:49:04.302Z,2026-05-14 18:49:04.302000+00:00,4262.941583333333,71.04902638888889,69.806,4,28,train,12,9,4.667766571044922,2.707748413085937,7.060281753540039,5.103650093078613,14.87168025970459,True,False,0.0656820883454094,5.176433527894706,143.14816308880583,143.14816308880583,0.0,5.176433527894706,5.176433527894706,-0.5086669568497841,4.75082363826079,-0.0830570672158677,4.75082363826079,-0.0830570672158677,4.75082363826079,-0.0830570672158677
539,2026-05-14T18:50:14.380Z,2026-05-14 18:50:14.380000+00:00,4264.10955,71.0684925,70.078,4,29,train,13,0,4.220066070556641,5.9515767097473145,4.379785537719727,3.993240594863892,14.324602842330933,True,False,0.07212320202649261,4.627402223509564,0.0,0.0,0.0,4.627402223509564,4.627402223509564,-0.40733615295292314,4.3165876117461774,-0.09652154118953682,4.3165876117461774,-0.09652154118953682,4.3165876117461774,-0.09652154118953682
540,2026-05-14T18:51:24.376Z,2026-05-14 18:51:24.376000+00:00,4265.27615,71.08793583333333,69.996,4,29,train,13,1,4.182023048400879,9.881648063659668,6.078583240509033,9.283128738,25.243360042168703,True,False,0.06322546316143074,4.5497941719880215,16.711081675863266,16.711081675863266,0.0,4.5497941719880215,4.5497941719880215,-0.3677711235871426,4.255206390586126,-0.07318334218524747,4.255206390586126,-0.07318334218524747,4.255206390586126,-0.07318334218524747
541,2026-05-14T18:52:34.355Z,2026-05-14 18:52:34.355000+00:00,4266.442466666666,71.10737444444445,69.979,4,29,train,13,2,4.395397186279297,2.600984573364258,3.784827709197998,8.404079437,14.789891719562256,True,False,0.043176869740810114,4.923405377061668,46.15283321571199,46.15283321571199,0.0,4.923405377061668,4.923405377061668,-0.528008190782371,4.550700370358742,-0.155303184079445,4.550700370358742,-0.155303184079445,4.550700370358742,-0.155303184079445
542,2026-05-14T18:53:44.302Z,2026-05-14 18:53:44.302000+00:00,4267.60825,71.12680416666667,69.947,4,29,train,13,3,4.649572372436523,4.621794700622559,9.871216773986816,1.028838872909546,15.521850347518921,True,False,0.093371673802576,5.0897341969940575,63.39464248418235,63.39464248418235,0.0,5.0897341969940575,5.0897341969940575,-0.44016182455753405,4.6822520055486345,-0.032679633112111084,4.6822520055486345,-0.032679633112111084,4.6822520055486345,-0.032679633112111084
543,2026-05-14T18:54:54.501Z,2026-05-14 18:54:54.501000+00:00,4268.778233333333,71.1463038888889,70.199,4,29,train,13,4,4.408079147338867,9.002386093139648,9.144792556762695,5.088829517364502,23.236008167266846,True,False,0.07809938143965164,4.7671964246480405,81.5549486932737,81.5549486932737,0.0,4.7671964246480405,4.7671964246480405,-0.3591172773091733,4.427152670509336,-0.0190735231704684,4.427152670509336,-0.0190735231704684,4.427152670509336,-0.0190735231704684
544,2026-05-14T18:56:04.628Z,2026-05-14 18:56:04.628000+00:00,4269.947016666667,71.16578361111111,70.127,4,29,train,13,5,4.448879241943359,6.643120765686035,8.314079284667969,4.912647724151611,19.869847774505615,True,False,0.07527586632820168,4.857766262743571,108.7128077723724,108.7128077723724,0.0,4.857766262743571,4.857766262743571,-0.40888702080021133,4.498785537893316,-0.04990629594995699,4.498785537893316,-0.04990629594995699,4.498785537893316,-0.04990629594995699
545,2026-05-14T18:57:14.441Z,2026-05-14 18:57:14.441000+00:00,4271.110566666666,71.1851761111111,69.813,4,29,train,13,6,4.8668060302734375,1.116909146308899,6.91506815,9.036527633666992,17.06850492997589,True,False,0.04705729839409106,5.5519946528333355,131.83236915039842,131.83236915039842,0.0,5.5519946528333355,5.5519946528333355,-0.685188622559898,5.047859835111793,-0.18105380483835543,5.047859835111793,-0.18105380483835543,5.047859835111793,-0.18105380483835543
546,2026-05-14T18:58:24.451Z,2026-05-14 18:58:24.451000+00:00,4272.2774,71.20462333333333,70.01,4,29,train,13,7,4.429581642150879,6.530421733856201,7.091780662536621,2.760211944580078,16.3824143409729,True,False,0.08315137264184129,4.7961486875229555,151.74846965285863,151.74846965285863,0.0,4.7961486875229555,4.7961486875229555,-0.3665670453720766,4.450051393203279,-0.02046975105240012,4.450051393203279,-0.02046975105240012,4.450051393203279,-0.02046975105240012
547,2026-05-14T18:59:34.494Z,2026-05-14 18:59:34.494000+00:00,4273.444783333333,71.22407972222223,70.043,4,29,train,13,8,3.774020195007324,9.441749572753906,2.137495994567871,7.952524662017822,19.5317702293396,True,False,0.05928415822713316,4.118547167969706,170.8730271142714,170.8730271142714,0.0,4.118547167969706,4.118547167969706,-0.3445269729623819,3.9141275049641866,-0.14010730995686238,3.9141275049641866,-0.14010730995686238,3.9141275049641866,-0.14010730995686238
548,2026-05-14T19:00:44.736Z,2026-05-14 19:00:44.736000+00:00,4274.615483333333,71.24359138888889,70.242,4,29,train,13,9,4.776384353637695,1.9062299728393557,7.882523536682129,9.842144966125488,19.630898475646973,True,False,0.04986401168374887,5.376723173961617,193.73887052175928,193.73887052175928,0.0,5.376723173961617,5.376723173961617,-0.6003388203239215,4.909235334215929,-0.13285098057823408,4.909235334215929,-0.13285098057823408,4.909235334215929,-0.13285098057823408
549,2026-05-14T19:01:54.826Z,2026-05-14 19:01:54.826000+00:00,4275.78365,71.26306083333334,70.09,4,30,train,14,0,4.566317558288574,5.259489059448242,9.143111228942873,1.390416145324707,15.793016433715822,True,False,0.09119600646804643,5.00035569635824,0.0,0.0,0.0,5.00035569635824,5.00035569635824,-0.43403813806966607,4.611561382515044,-0.04524382422646944,4.611561382515044,-0.04524382422646944,4.611561382515044,-0.04524382422646944
550,2026-05-14T19:03:04.909Z,2026-05-14 19:03:04.909000+00:00,4276.9517000000005,71.28252833333335,70.083,4,30,train,14,1,3.8181285858154297,9.853396416,2.524346113204956,4.963622093200684,17.341364622405642,True,False,0.07137698098575522,4.171086081265893,18.44703284540177,18.44703284540177,0.0,4.171086081265893,4.171086081265893,-0.35295749545046373,3.9556812174117524,-0.1375526315963227,3.9556812174117524,-0.1375526315963227,3.9556812174117524,-0.1375526315963227
551,2026-05-14T19:04:14.702Z,2026-05-14 19:04:14.702000+00:00,4278.114916666666,71.30191527777778,69.793,4,30,train,14,2,4.256456375,4.267605304718018,3.907118320465088,3.5248141288757324,11.699537754058838,True,False,0.06987219321846376,4.722144617280713,38.618797196927716,38.618797196927716,0.0,4.722144617280713,4.722144617280713,-0.4656882422807129,4.391520607888792,-0.13506423288879166,4.391520607888792,-0.13506423288879166,4.391520607888792,-0.13506423288879166
552,2026-05-14T19:05:25.148Z,2026-05-14 19:05:25.148000+00:00,4279.289016666667,71.3214836111111,70.446,4,30,train,14,3,4.743853569030762,2.099180221557617,7.397472858428955,7.347624778747559,16.84427785873413,True,False,0.05637910487841037,5.307254100872388,52.3552244739682,52.3552244739682,0.0,5.307254100872388,5.307254100872388,-0.5634005318416264,4.854291337356401,-0.11043776832563967,4.854291337356401,-0.11043776832563967,4.854291337356401,-0.11043776832563967
553,2026-05-14T19:06:35.252Z,2026-05-14 19:06:35.252000+00:00,4280.457416666667,71.34095694444446,70.104,4,30,train,14,4,4.3490839,7.625257492,6.880172729492188,1.633256196975708,16.1386864184679,True,False,0.08987986906352716,4.715717725216125,72.03607872411315,72.03607872411315,0.0,4.715717725216125,4.715717725216125,-0.366633825216125,4.386437495048641,-0.037353595048641,4.386437495048641,-0.037353595048641,4.386437495048641,-0.037353595048641
554,2026-05-14T19:07:45.248Z,2026-05-14 19:07:45.248000+00:00,4281.624016666667,71.36040027777777,69.996,4,30,train,14,5,3.862236976623535,9.460277557373049,2.9599454402923584,8.438806533813477,20.859029531478882,True,False,0.05954362823506117,4.2575972164390885,90.8634702998978,90.8634702998978,0.0,4.2575972164390885,4.2575972164390885,-0.39536023981555335,4.024104003666075,-0.16186702704253975,4.024104003666075,-0.16186702704253975,4.024104003666075,-0.16186702704253975
555,2026-05-14T19:08:55.263Z,2026-05-14 19:08:55.263000+00:00,4282.790933333334,71.3798488888889,70.015,4,30,train,14,6,4.475343704223633,5.186836242675781,7.822379112243652,4.407233238220215,17.41644859313965,True,False,0.07469499470772574,4.938715598713079,115.2042195106727,115.2042195106727,0.0,4.938715598713079,4.938715598713079,-0.4633718944894465,4.562809424545392,-0.08746572032175948,4.562809424545392,-0.08746572032175948,4.562809424545392,-0.08746572032175948
556,2026-05-14T19:10:05.244Z,2026-05-14 19:10:05.244000+00:00,4283.957283333333,71.39928805555556,69.981,4,30,train,14,7,3.855069160461426,9.620897293,2.719017505645752,5.744823455810547,18.084738254456298,True,False,0.06823385898662399,4.213459444107561,135.51789432728114,135.51789432728114,0.0,4.213459444107561,4.213459444107561,-0.358390283646135,3.9891948632885272,-0.13412570282710146,3.9891948632885272,-0.13412570282710146,3.9891948632885272,-0.13412570282710146
557,2026-05-14T19:11:15.330Z,2026-05-14 19:11:15.330000+00:00,4285.125383333333,71.41875638888888,70.086,4,30,train,14,8,4.835378646850586,1.798329472541809,8.738292694091797,3.538116931915283,14.07473909854889,True,False,0.07486193593258106,5.446703757860739,156.64267708231154,156.64267708231154,0.0,5.446703757860739,5.446703757860739,-0.611325111010153,4.96458389165303,-0.12920524480244389,4.96458389165303,-0.12920524480244389,4.96458389165303,-0.12920524480244389
558,2026-05-14T19:12:25.897Z,2026-05-14 19:12:25.897000+00:00,4286.3015,71.43835833333333,70.567,4,30,train,14,9,3.846798896789551,8.755414009094238,2.414215564727783,2.664906740188598,13.83453631401062,True,False,0.0807372890590502,4.202488570330748,173.19621231509987,173.19621231509987,0.0,4.202488570330748,4.202488570330748,-0.35568967354119696,3.980517855988239,-0.13371895919868804,3.980517855988239,-0.13371895919868804,3.980517855988239,-0.13371895919868804
559,2026-05-14T19:13:36.465Z,2026-05-14 19:13:36.465000+00:00,4287.477633333333,71.45796055555554,70.568,4,31,train,15,0,4.377754211425781,7.864475727081299,8.829929352,7.83625316619873,24.53065824528003,True,False,0.06805526746227239,4.810683497238367,0.0,0.0,0.0,4.810683497238367,4.810683497238367,-0.4329292858125857,4.461547163966359,-0.08379295254057784,4.461547163966359,-0.08379295254057784,4.461547163966359,-0.08379295254057784
560,2026-05-14T19:14:46.599Z,2026-05-14 19:14:46.599000+00:00,4288.6465333333335,71.47744222222222,70.134,4,31,train,15,1,4.119168281555176,7.623489856719971,3.921891450881958,1.3328505754470823,12.878231883049011,True,False,0.08965036048775106,4.4720698683062645,28.673886422907824,28.673886422907824,0.0,4.4720698683062645,4.4720698683062645,-0.35290158675108874,4.1937332240748315,-0.07456494251965573,4.1937332240748315,-0.07456494251965573,4.1937332240748315,-0.07456494251965573
561,2026-05-14T19:15:56.864Z,2026-05-14 19:15:56.864000+00:00,4289.817616666666,71.49696027777777,70.265,4,31,train,15,2,4.330888748168945,3.070195436477661,3.729729652404785,4.336772918701172,11.136698007583618,True,False,0.06105871852008546,4.84492179023971,43.75536914394847,43.75536914394847,0.0,4.84492179023971,4.84492179023971,-0.5140330420707651,4.488626676899044,-0.15773792873009906,4.488626676899044,-0.15773792873009906,4.488626676899044,-0.15773792873009906
562,2026-05-14T19:17:07.047Z,2026-05-14 19:17:07.047000+00:00,4290.9873333333335,71.51645555555555,70.183,4,31,train,15,3,3.9443883895874015,9.364230155944824,3.2790274620056152,6.7820892333984375,19.425346851348877,True,False,0.0650863931269907,4.305988480423246,56.78215041505249,56.78215041505249,0.0,4.305988480423246,4.305988480423246,-0.36160009083584477,4.062377286123135,-0.11798889653573319,4.062377286123135,-0.11798889653573319,4.062377286123135,-0.11798889653573319
563,2026-05-14T19:18:17.294Z,2026-05-14 19:18:17.294000+00:00,4292.1581166666665,71.5359686111111,70.247,4,31,train,15,4,4.325926780700684,5.665111541748047,5.592947006225586,9.345573425292969,20.6036319732666,True,False,0.05464113590546106,4.754991140967841,79.52502275283089,79.52502275283089,0.0,4.754991140967841,4.754991140967841,-0.4290643602671578,4.4174993523006245,-0.09157257159994092,4.4174993523006245,-0.09157257159994092,4.4174993523006245,-0.09157257159994092
564,2026-05-14T19:19:27.490Z,2026-05-14 19:19:27.490000+00:00,4293.32805,71.5554675,70.196,4,31,train,15,5,4.232748031616211,2.040876865386963,2.1050539016723637,3.905428409576416,8.051359176635742,True,False,0.05149355128871176,4.774014185434362,103.62989858608793,103.62989858608793,0.0,4.774014185434362,4.774014185434362,-0.5412661538181514,4.432544926524491,-0.19979689490828,4.432544926524491,-0.19979689490828,4.432544926524491,-0.19979689490828
565,2026-05-14T19:20:37.608Z,2026-05-14 19:20:37.608000+00:00,4294.496683333334,71.57494472222223,70.118,4,31,train,15,6,4.2476348876953125,2.016220808029175,2.104370594024658,4.759443283081055,8.880034685134888,True,False,0.04640287508056329,4.779206836888292,113.03898529854368,113.03898529854368,0.0,4.779206836888292,4.779206836888292,-0.5315719491929798,4.436651862352048,-0.1890169746567354,4.436651862352048,-0.1890169746567354,4.436651862352048,-0.1890169746567354
566,2026-05-14T19:21:47.646Z,2026-05-14 19:21:47.646000+00:00,4295.663983333334,71.59439972222224,70.038,4,31,train,15,7,4.844752311706543,2.0299229621887207,9.135513305664062,3.6148605346679688,14.780296802520752,True,False,0.0755427067333894,5.413402500501774,123.40464978650164,123.40464978650164,0.0,5.413402500501774,5.413402500501774,-0.5686501887952309,4.938245492443368,-0.09349318073682511,4.938245492443368,-0.09349318073682511,4.938245492443368,-0.09349318073682511
567,2026-05-14T19:22:57.724Z,2026-05-14 19:22:57.724000+00:00,4296.83195,71.61386583333334,70.078,4,31,train,15,8,4.856881141662598,1.6423463821411133,7.611232280731201,6.236016750335693,15.489595413208008,True,False,0.059740609202624945,5.4261767652983615,140.6675437752858,140.6675437752858,0.0,5.4261767652983615,5.4261767652983615,-0.5692956236357638,4.948348825245361,-0.09146768358276347,4.948348825245361,-0.09146768358276347,4.948348825245361,-0.09146768358276347
568,2026-05-14T19:24:07.686Z,2026-05-14 19:24:07.686000+00:00,4297.997983333333,71.63329972222222,69.962,4,31,train,15,9,4.6947832107543945,1.8237673044204712,5.626325607299805,9.203662872314451,16.65375578403473,True,False,0.04473521173441473,5.249550968210417,158.72892834693343,158.72892834693343,0.0,5.249550968210417,5.249550968210417,-0.5547677574560224,4.8086531763909885,-0.11386996563659402,4.8086531763909885,-0.11386996563659402,4.8086531763909885,-0.11386996563659402
569,2026-05-14T19:25:18.011Z,2026-05-14 19:25:18.011000+00:00,4299.170066666667,71.65283444444444,70.325,4,32,train,16,0,4.299461364746094,9.872559547424316,8.229925155639648,9.582147598266602,27.684632301330566,True,False,0.06538820709637502,4.681523788728817,0.0,0.0,0.0,4.681523788728817,4.681523788728817,-0.38206242398272305,4.359393064262003,-0.05993169951590893,4.359393064262003,-0.05993169951590893,4.359393064262003,-0.05993169951590893
570,2026-05-14T19:26:28.328Z,2026-05-14 19:26:28.328000+00:00,4300.3420166666665,71.67236694444445,70.317,4,32,train,16,1,4.035363197,9.935533524,3.854738951,1.4510070085525513,15.241279483552551,True,False,0.09047975591472888,4.349868136882772,32.44500482554435,32.44500482554435,0.0,4.349868136882772,4.349868136882772,-0.31450493988277195,4.097082279287685,-0.06171908228768519,4.097082279287685,-0.06171908228768519,4.097082279287685,-0.06171908228768519
571,2026-05-14T19:27:38.411Z,2026-05-14 19:27:38.411000+00:00,4301.510066666667,71.69183444444444,70.083,4,32,train,16,2,4.460456848144531,3.2637248039245605,5.120664119720459,5.524085521697998,13.908474445343018,True,False,0.060282592146203136,4.955948146965903,50.24758132630791,50.24758132630791,0.0,4.955948146965903,4.955948146965903,-0.49549129882137155,4.576438871938027,-0.11598202379349587,4.576438871938027,-0.11598202379349587,4.576438871938027,-0.11598202379349587
572,2026-05-14T19:28:48.431Z,2026-05-14 19:28:48.431000+00:00,4302.677066666667,71.71128444444444,70.02,4,32,train,16,3,4.509528160095215,4.943986892700195,7.945857048034668,3.8179502487182617,16.707794189453125,True,False,0.0771486875800256,4.966320716211838,66.4787710040232,66.4787710040232,0.0,4.966320716211838,4.966320716211838,-0.45679255611662306,4.584642672373682,-0.07511451227846688,4.584642672373682,-0.07511451227846688,4.584642672373682,-0.07511451227846688
573,2026-05-14T19:29:58.502Z,2026-05-14 19:29:58.502000+00:00,4303.844916666667,71.73074861111111,70.071,4,32,train,16,4,3.7811880111694336,9.342967987060549,2.21350622177124,7.256812572479248,18.813286781311035,True,False,0.06142719421208151,4.137911580520525,85.99096844817603,85.99096844817603,0.0,4.137911580520525,4.137911580520525,-0.3567235693510913,3.929443071662654,-0.14825506049322046,3.929443071662654,-0.14825506049322046,3.929443071662654,-0.14825506049322046
574,2026-05-14T19:31:08.782Z,2026-05-14 19:31:08.782000+00:00,4305.01625,71.75027083333333,70.28,4,32,train,16,5,4.830416679382324,1.2259269952774048,6.810126781463623,2.7773985862731934,10.813452363014221,True,False,0.0743153389589724,5.504831831407337,108.02759836468502,108.02759836468502,0.0,5.504831831407337,5.504831831407337,-0.6744151520250128,5.01055814391191,-0.18014146452958535,5.01055814391191,-0.18014146452958535,5.01055814391191,-0.18014146452958535
575,2026-05-14T19:32:18.802Z,2026-05-14 19:32:18.802000+00:00,4306.18325,71.76972083333334,70.02,4,32,train,16,6,4.387678146362305,7.337582588195801,7.210770606994629,3.2103960514068604,17.75874924659729,True,False,0.08192217251999323,4.752803354223152,120.64689727232262,120.64689727232262,0.0,4.752803354223152,4.752803354223152,-0.36512520786084757,4.415769003201607,-0.028090856839302347,4.415769003201607,-0.028090856839302347,4.415769003201607,-0.028090856839302347
576,2026-05-14T19:33:28.844Z,2026-05-14 19:33:28.844000+00:00,4307.350616666667,71.78917694444445,70.042,4,32,train,16,7,4.667766571044922,3.1796016693115234,8.093502044677734,4.648393154144287,15.921496868133545,True,False,0.07080429564730234,5.165970437338248,141.37786918449208,141.37786918449208,0.0,5.165970437338248,5.165970437338248,-0.49820386629332614,4.742548243338842,-0.07478167229391985,4.742548243338842,-0.07478167229391985,4.742548243338842,-0.07478167229391985
577,2026-05-14T19:34:39.008Z,2026-05-14 19:34:39.008000+00:00,4308.520016666666,71.80866694444444,70.164,4,32,train,16,8,3.8859453201293945,3.3121330738067627,1.1336156129837036,1.0982173681259155,5.543966054916382,True,False,0.08019076312431571,4.29579956548852,159.99646762208747,159.99646762208747,0.0,4.29579956548852,4.29579956548852,-0.4098542453591252,4.054318740279913,-0.1683734201505187,4.054318740279913,-0.1683734201505187,4.054318740279913,-0.1683734201505187
578,2026-05-14T22:05:44.519Z,2026-05-14 22:05:44.519000+00:00,4459.611866666667,74.32686444444445,9065.511,5,33,train,1,0,4.010000228881836,0.0,0.0,0.0,0.0,False,True,,,0.0,0.0,,,,,,,,,,
579,2026-05-14T22:06:56.275Z,2026-05-14 22:06:56.275000+00:00,4460.8078,74.34679666666666,71.756,5,33,train,1,1,4.001729965209961,3.6098086833953857,3.380829095840454,8.295549392700195,15.286187171936035,False,True,,,0.0,0.0,0.0,,,,,,,,,
580,2026-05-14T22:08:05.659Z,2026-05-14 22:08:05.659000+00:00,4461.9642,74.36607000000001,69.384,5,33,train,1,2,4.002281188964844,8.222080231,6.795296669006348,9.768881797790527,24.786258697796875,False,True,,,17.676946845626833,17.676946845626833,0.0,,,,,,,,,
581,2026-05-14T22:09:14.758Z,2026-05-14 22:09:14.758000+00:00,4463.11585,74.38526416666667,69.099,5,33,train,1,3,4.001178741455078,1.822758793830872,1.500499963760376,2.3474156856536865,5.670674443244934,False,True,,,46.222041674944606,46.222041674944606,0.0,,,,,,,,,
582,2026-05-14T22:10:23.994Z,2026-05-14 22:10:23.994000+00:00,4464.269783333333,74.40449638888889,69.236,5,33,train,1,4,4.002281188964844,2.751373052597046,6.811801433563232,7.061158180236816,16.624332666397095,False,True,,,52.76562193748638,52.76562193748638,0.0,,,,,,,,,
583,2026-05-14T22:11:33.262Z,2026-05-14 22:11:33.262000+00:00,4465.42425,74.4237375,69.268,5,33,train,1,5,3.9989728927612314,9.150855064,8.600259780883789,6.527002334594727,24.278117179478514,False,True,,,71.95785985641962,71.95785985641962,0.0,,,,,,,,,
584,2026-05-14T22:12:42.637Z,2026-05-14 22:12:42.637000+00:00,4466.5805,74.44300833333334,69.375,5,33,train,1,6,4.000075340270996,4.353733539581299,7.394618988037109,1.3861809968948364,13.134533524513245,False,True,,,100.02943284519165,100.02943284519165,0.0,,,,,,,,,
585,2026-05-14T22:13:52.044Z,2026-05-14 22:13:52.044000+00:00,4467.737283333334,74.46228805555556,69.407,5,33,train,1,7,4.003934860229492,6.809643745422363,4.356303215026856,7.979281425476074,19.145228385925293,False,True,,,115.2232423174565,115.2232423174565,0.0,,,,,,,,,
586,2026-05-14T22:15:01.189Z,2026-05-14 22:15:01.189000+00:00,4468.8897,74.481495,69.145,5,33,train,1,8,4.008896827697754,6.247568130493164,9.391419410705566,4.125819206237793,19.764806747436523,False,True,,,137.28652259653657,137.28652259653657,0.0,,,,,,,,,
587,2026-05-14T22:16:10.351Z,2026-05-14 22:16:10.351000+00:00,4470.0424,74.50070666666667,69.162,5,33,train,1,9,4.006691932678223,2.2568907737731934,5.538862705230713,1.0559895038604736,8.85174298286438,False,True,,,160.06941533430665,160.06941533430665,0.0,,,,,,,,,
588,2026-05-14T22:17:19.747Z,2026-05-14 22:17:19.747000+00:00,4471.199,74.51998333333333,69.396,5,34,train,2,0,4.008896827697754,3.914367676,1.565069317817688,1.5133485794067385,6.992785573224426,True,False,0.07835843007682958,4.363048678498812,0.0,0.0,0.0,4.363048678498812,4.363048678498812,-0.35415185080105793,4.107506941730329,-0.09861011403257525,4.107506941730329,-0.09861011403257525,4.107506941730329,-0.09861011403257525
589,2026-05-14T22:22:00.127Z,2026-05-14 22:22:00.127000+00:00,4475.872,74.59786666666668,280.38,5,35,train,1,0,3.975815773010254,6.762317180633545,2.423252820968628,8.400869369506836,17.58643937110901,True,False,0.0522309821093872,4.316367229431477,0.0,0.0,0.0,4.316367229431477,4.316367229431477,-0.3405514564212231,4.070585974213468,-0.09477020120321367,4.070585974213468,-0.09477020120321367,4.070585974213468,-0.09477020120321367
590,2026-05-14T22:23:11.782Z,2026-05-14 22:23:11.782000+00:00,4477.06625,74.61777083333332,71.655,5,35,train,1,1,4.661702156066895,4.191912651062012,9.074371337890623,8.639604568481445,21.905888557434082,True,False,0.06056035551431913,5.095670512098579,21.002605218946936,21.002605218946936,0.0,5.095670512098579,5.095670512098579,-0.4339683560316834,4.686947114666343,-0.025244958599447642,4.686947114666343,-0.025244958599447642,4.686947114666343,-0.025244958599447642
591,2026-05-14T22:24:21.051Z,2026-05-14 22:24:21.051000+00:00,4478.220733333334,74.63701222222222,69.269,5,35,train,1,2,4.785757064819336,3.014894962310791,8.386798858642578,3.4521169662475586,14.853810787200928,True,False,0.07675938507832522,5.2045056549398865,46.29258846036196,46.29258846036196,0.0,5.2045056549398865,5.2045056549398865,-0.41874859012055055,4.773026250036385,0.012730814782950794,4.773026250036385,0.012730814782950794,4.773026250036385,0.012730814782950794
592,2026-05-14T22:25:30.133Z,2026-05-14 22:25:30.133000+00:00,4479.3721,74.65620166666666,69.082,5,35,train,1,3,4.684307098388672,3.5533788204193115,7.756874084472656,5.300461292266846,16.610714197158813,True,False,0.06809010600415083,5.099280752624863,63.39477107371887,63.39477107371887,0.0,5.099280752624863,5.099280752624863,-0.41497365423619126,4.689802501032065,-0.005495402643393099,4.689802501032065,-0.005495402643393099,4.689802501032065,-0.005495402643393099
593,2026-05-14T22:26:39.271Z,2026-05-14 22:26:39.271000+00:00,4480.524399999999,74.67540666666666,69.138,5,35,train,1,4,4.053006172180176,2.662097454071045,1.2840877771377563,2.4501631259918213,6.396348357200623,True,False,0.0616943451300057,4.444522487014416,82.53529704310498,82.53529704310498,0.0,4.444522487014416,4.444522487014416,-0.39151631483424065,4.171945640566362,-0.11893946838618596,4.171945640566362,-0.11893946838618596,4.171945640566362,-0.11893946838618596
594,2026-05-14T22:27:48.341Z,2026-05-14 22:27:48.341000+00:00,4481.675566666667,74.69459277777779,69.07,5,35,train,1,5,4.617041588,3.8645224571228023,7.351354598999023,6.116567611694336,17.332444667816162,True,False,0.0647103006591337,5.039542843726258,89.89856006030243,89.89856006030243,0.0,5.039542843726258,5.039542843726258,-0.4225012557262575,4.642555008976083,-0.025513420976082557,4.642555008976083,-0.025513420976082557,4.642555008976083,-0.025513420976082557
595,2026-05-14T22:28:57.232Z,2026-05-14 22:28:57.232000+00:00,4482.82375,74.71372916666665,68.891,5,35,train,1,6,4.314348220825195,6.411692142486572,5.222047805786133,2.944361686706543,14.578101634979248,True,False,0.0798028456624165,4.671337019668668,109.79938415381115,109.79938415381115,0.0,4.671337019668668,4.671337019668668,-0.35698879884347257,4.351336215619001,-0.036987994793805434,4.351336215619001,-0.036987994793805434,4.351336215619001,-0.036987994793805434
596,2026-05-14T22:30:06.420Z,2026-05-14 22:30:06.420000+00:00,4483.976883333334,74.73294805555557,69.188,5,35,train,1,7,4.210693359,9.600225448608398,5.840292453765869,4.545532227,19.986050129374267,True,False,0.07725647540371544,4.54483477014053,126.60987908582689,126.60987908582689,0.0,4.54483477014053,4.54483477014053,-0.3341414111405294,4.25128393491749,-0.0405905759174896,4.25128393491749,-0.0405905759174896,4.25128393491749,-0.0405905759174896
597,2026-05-14T22:31:15.624Z,2026-05-14 22:31:15.624000+00:00,4485.130283333333,74.75217138888888,69.204,5,35,train,1,8,4.418003082275391,2.3097264766693115,3.261233329772949,5.898064136505127,11.469023942947388,True,False,0.048573966138312885,4.91027424884243,149.66178930504717,149.66178930504717,0.0,4.91027424884243,4.91027424884243,-0.49227116656703895,4.540314789616745,-0.12231170734135421,4.540314789616745,-0.12231170734135421,4.540314789616745,-0.12231170734135421
598,2026-05-14T22:32:24.746Z,2026-05-14 22:32:24.746000+00:00,4486.282316666667,74.77137194444444,69.122,5,35,train,1,9,4.380510330200195,8.033791542053223,7.745114326477051,9.095382690429688,24.87428855895996,True,False,0.06343460168168935,4.744600499221786,162.87448718812067,162.87448718812067,0.0,4.744600499221786,4.744600499221786,-0.3640901690215905,4.40928125808868,-0.0287709278884849,4.40928125808868,-0.0287709278884849,4.40928125808868,-0.0287709278884849
599,2026-05-14T22:33:34.101Z,2026-05-14 22:33:34.101000+00:00,4487.438233333333,74.79063722222222,69.355,5,36,train,2,0,4.802849769592285,1.2108447551727295,5.052787780761719,2.175985097885132,8.43961763381958,True,False,0.07421701797051285,5.380598732457854,0.0,0.0,0.0,5.380598732457854,5.380598732457854,-0.5777489628655692,4.912300564027945,-0.10945079443566019,4.912300564027945,-0.10945079443566019,4.912300564027945,-0.10945079443566019
600,2026-05-14T22:34:43.324Z,2026-05-14 22:34:43.324000+00:00,4488.59195,74.80986583333333,69.223,5,36,train,2,1,4.598296165466309,6.1298346519470215,9.506011962890623,4.059738159179688,19.695584774017334,True,False,0.07938757236324688,4.950806644202209,9.736927524431545,9.736927524431545,0.0,4.950806644202209,4.950806644202209,-0.35251047873590036,4.57237239027735,0.025923775188958942,4.57237239027735,0.025923775188958942,4.57237239027735,0.025923775188958942
601,2026-05-14T22:35:52.679Z,2026-05-14 22:35:52.679000+00:00,4489.747866666667,74.82913111111111,69.355,5,36,train,2,2,4.461560249328613,7.164329528808594,8.034793853759766,9.215996742248535,24.415120124816895,True,False,0.062252912559373895,4.81023256684762,32.50338222446442,32.50338222446442,0.0,4.81023256684762,4.81023256684762,-0.3486723175190063,4.461190517233197,0.000369732095416353,4.461190517233197,0.000369732095416353,4.461190517233197,0.000369732095416353
602,2026-05-14T22:37:01.879Z,2026-05-14 22:37:01.879000+00:00,4490.901199999999,74.84835333333332,69.2,5,36,train,2,3,4.364521026611328,8.233088493347168,7.435933113098144,6.092218876,21.761240482445313,True,False,0.07200426657242007,4.71623758133379,60.66215410175324,60.66215410175324,0.0,4.71623758133379,4.71623758133379,-0.35171655472246144,4.386848656039081,-0.022327629427753237,4.386848656039081,-0.022327629427753237,4.386848656039081,-0.022327629427753237
603,2026-05-14T22:38:10.917Z,2026-05-14 22:38:10.917000+00:00,4492.051833333333,74.86753055555555,69.038,5,36,train,2,4,4.431786537,7.798150062561035,8.175084114074707,4.805579662322998,20.77881383895874,True,False,0.07687269494992591,4.780875120635971,85.70136277553756,85.70136277553756,0.0,4.780875120635971,4.780875120635971,-0.3490885836359716,4.437971329748361,-0.006184792748361367,4.437971329748361,-0.006184792748361367,4.437971329748361,-0.006184792748361367
604,2026-05-14T22:39:19.733Z,2026-05-14 22:39:19.733000+00:00,4493.198766666666,74.8866461111111,68.816,5,36,train,2,5,4.2796125411987305,9.671000480651855,7.13517952,9.075313568115234,25.88149356876709,True,False,0.06493512422688381,4.628577272454738,109.5332769945673,109.5332769945673,0.0,4.628577272454738,4.628577272454738,-0.34896473125600735,4.317516973297763,-0.03790443209903227,4.317516973297763,-0.03790443209903227,4.317516973297763,-0.03790443209903227
605,2026-05-14T22:40:28.956Z,2026-05-14 22:40:28.956000+00:00,4494.352483333333,74.90587472222222,69.223,5,36,train,2,6,4.053006172180176,3.197667360305786,1.6722862720489502,4.880918502807617,9.750872135162354,True,False,0.049943774924432964,4.4797545157756185,139.39318748308006,139.39318748308006,0.0,4.4797545157756185,4.4797545157756185,-0.42674834359544267,4.199811112085233,-0.14680493990505727,4.199811112085233,-0.14680493990505727,4.199811112085233,-0.14680493990505727
606,2026-05-14T22:41:38.259Z,2026-05-14 22:41:38.259000+00:00,4495.507533333333,74.92512555555555,69.303,5,36,train,2,7,4.795129776000977,2.956259250640869,9.710168838500977,9.043495178222656,21.709923267364502,True,False,0.05834395604789026,5.276704221315044,150.65593234279933,150.65593234279933,0.0,5.276704221315044,5.276704221315044,-0.48157444531406757,4.830129038770646,-0.03499926276966914,4.830129038770646,-0.03499926276966914,4.830129038770646,-0.03499926276966914
607,2026-05-14T22:42:47.538Z,2026-05-14 22:42:47.538000+00:00,4496.662183333334,74.94436972222223,69.279,5,36,train,2,8,4.388230323791504,9.39760685,8.926584243774414,5.5672993659973145,23.89149045977173,True,False,0.07669756361424382,4.738082278004616,175.72329524346176,175.72329524346176,0.0,4.738082278004616,4.738082278004616,-0.3498519542131122,4.4041259118294045,-0.015895588037900588,4.4041259118294045,-0.015895588037900588,4.4041259118294045,-0.015895588037900588
608,2026-05-14T22:43:56.616Z,2026-05-14 22:43:56.616000+00:00,4497.813483333333,74.96355805555555,69.078,5,36,train,2,9,4.490781784057617,4.929704189300537,6.799516677856445,4.435009956359863,16.164230823516846,True,False,0.07256281474335605,4.899966448487714,203.22956820979695,203.22956820979695,0.0,4.899966448487714,4.899966448487714,-0.4091846644300965,4.532162215742746,-0.04138043168512873,4.532162215742746,-0.04138043168512873,4.532162215742746,-0.04138043168512873
609,2026-05-14T22:45:05.820Z,2026-05-14 22:45:05.820000+00:00,4498.966883333333,74.98278138888888,69.204,5,37,train,3,0,3.832463264465332,8.936424255371094,2.2494571208953857,4.462143898010254,15.648025274276733,True,False,0.07148430028838576,4.163504498871507,0.0,0.0,0.0,4.163504498871507,4.163504498871507,-0.3310412344061753,3.949684844914708,-0.11722158044937592,3.949684844914708,-0.11722158044937592,3.949684844914708,-0.11722158044937592
610,2026-05-14T22:46:14.884Z,2026-05-14 22:46:14.884000+00:00,4500.11795,75.00196583333333,69.064,5,37,train,3,1,4.553636551,5.066357135772705,8.428759574890137,2.712796688079834,16.207913398742676,True,False,0.0832625173806131,4.981300075967515,18.011920292377468,18.011920292377468,0.0,4.981300075967515,4.981300075967515,-0.4276635249675147,4.596490043567429,-0.04285349256742865,4.596490043567429,-0.04285349256742865,4.596490043567429,-0.04285349256742865
611,2026-05-14T22:47:24.027Z,2026-05-14 22:47:24.027000+00:00,4501.270333333333,75.02117222222222,69.143,5,37,train,3,2,4.445019721984863,6.414625644683838,7.152374744415283,3.014840841293335,16.581841230392456,True,False,0.0818184193214472,4.8076105777293225,36.68964956119855,36.68964956119855,0.0,4.8076105777293225,4.8076105777293225,-0.36259085574445926,4.459116751808165,-0.014097029823301632,4.459116751808165,-0.014097029823301632,4.459116751808165,-0.014097029823301632
612,2026-05-14T22:48:33.056Z,2026-05-14 22:48:33.056000+00:00,4502.420816666667,75.04034694444445,69.029,5,37,train,3,3,3.7944202423095694,5.377164840698242,1.2497742176055908,2.720761775970459,9.347700834274292,True,False,0.07089378635231339,4.129244741577392,55.76678153274456,55.76678153274456,0.0,4.129244741577392,4.129244741577392,-0.3348244992678229,3.922588355592643,-0.12816811328307365,3.922588355592643,-0.12816811328307365,3.922588355592643,-0.12816811328307365
613,2026-05-14T22:49:42.004Z,2026-05-14 22:49:42.004000+00:00,4503.56995,75.05949916666667,68.948,5,37,train,3,4,4.142876625061035,3.685457706451416,2.6379354000091557,4.946763038635254,11.270156145095825,True,False,0.056107413464827435,4.6155441489191915,66.50853615143696,66.50853615143696,0.0,4.6155441489191915,4.6155441489191915,-0.47266752385815636,4.307208905739597,-0.1643322806785621,4.307208905739597,-0.1643322806785621,4.307208905739597,-0.1643322806785621
614,2026-05-14T22:50:51.227Z,2026-05-14 22:50:51.227000+00:00,4504.723666666667,75.07872777777779,69.223,5,37,train,3,5,4.245429039001465,9.839513778686523,7.097188472747803,5.492161750793457,22.428864002227783,True,False,0.07551297403984464,4.618681063459982,79.51110313196976,79.51110313196976,0.0,4.618681063459982,4.618681063459982,-0.3732520244585169,4.309689932403886,-0.06426089340242136,4.309689932403886,-0.06426089340242136,4.309689932403886,-0.06426089340242136
615,2026-05-14T22:52:00.395Z,2026-05-14 22:52:00.395000+00:00,4505.876466666667,75.09794111111111,69.168,5,37,train,3,6,4.747161865234375,2.250961303710937,7.321437358856201,7.362955093383789,16.935353755950928,True,False,0.056523169226408904,5.27245641021339,105.36709755373795,105.36709755373795,0.0,5.27245641021339,5.27245641021339,-0.5252945449790154,4.826769389513063,-0.07960752427868822,4.826769389513063,-0.07960752427868822,4.826769389513063,-0.07960752427868822
616,2026-05-14T22:53:09.633Z,2026-05-14 22:53:09.633000+00:00,4507.030433333333,75.11717388888889,69.238,5,37,train,3,7,4.399256706237793,8.911113739013672,8.773386955,9.477649688720703,27.162150382734374,True,False,0.06510714521798255,4.753705755243767,124.90993127631346,124.90993127631346,0.0,4.753705755243767,4.753705755243767,-0.3544490490059742,4.416482723950105,-0.01722601771231247,4.416482723950105,-0.01722601771231247,4.416482723950105,-0.01722601771231247
617,2026-05-14T22:54:18.833Z,2026-05-14 22:54:18.833000+00:00,4508.183766666667,75.13639611111111,69.2,5,37,train,3,8,4.519452095031738,4.159537315368652,6.353402614593506,6.289340019226074,16.802279949188232,True,False,0.06256853213822372,4.94429136814054,156.23694471773376,156.23694471773376,0.0,4.94429136814054,4.94429136814054,-0.42483927310880176,4.56721937338001,-0.04776727834827188,4.56721937338001,-0.04776727834827188,4.56721937338001,-0.04776727834827188
618,2026-05-14T22:55:28.025Z,2026-05-14 22:55:28.025000+00:00,4509.336966666667,75.15561611111112,69.192,5,37,train,3,9,4.393743515014648,5.994668006896973,6.170247554779053,3.924541711807251,16.089457273483276,True,False,0.07560799195958454,4.772925093148201,175.61333395513765,175.61333395513765,0.0,4.772925093148201,4.772925093148201,-0.3791815781335526,4.431683549216725,-0.03794003420207659,4.431683549216725,-0.03794003420207659,4.431683549216725,-0.03794003420207659
619,2026-05-14T22:56:37.104Z,2026-05-14 22:56:37.104000+00:00,4510.488283333334,75.17480472222223,69.079,5,38,train,4,0,4.779691696166992,2.9302754402160645,9.124853134155272,6.995248794555664,19.050377368927002,True,False,0.06328026128256341,5.253525429734589,0.0,0.0,0.0,5.253525429734589,5.253525429734589,-0.47383373356759684,4.811796629899026,-0.03210493373203338,4.811796629899026,-0.03210493373203338,4.811796629899026,-0.03210493373203338
620,2026-05-14T22:57:46.357Z,2026-05-14 22:57:46.357000+00:00,4511.6425,75.19404166666666,69.253,5,38,train,4,1,4.292844772338867,9.191133499145508,6.529592514038086,1.9903440475463867,17.71107006072998,True,False,0.08876214683403295,4.61200925836805,21.988263065505027,21.988263065505027,0.0,4.61200925836805,4.61200925836805,-0.3191644860291829,4.304413114652948,-0.01156834231408066,4.304413114652948,-0.01156834231408066,4.304413114652948,-0.01156834231408066
621,2026-05-14T22:58:55.375Z,2026-05-14 22:58:55.375000+00:00,4512.7928,75.21321333333334,69.018,5,38,train,4,2,3.755273818969727,4.273054122924805,1.0735427141189575,7.122714042663574,12.469310879707336,True,False,0.042878045856927505,4.164390830817492,42.361306956362725,42.361306956362725,0.0,4.164390830817492,4.164390830817492,-0.40911701184776517,3.950385856422291,-0.1951120374525641,3.950385856422291,-0.1951120374525641,3.950385856422291,-0.1951120374525641
622,2026-05-14T23:00:04.610Z,2026-05-14 23:00:04.610000+00:00,4513.946716666667,75.23244527777779,69.235,5,38,train,4,3,4.143980026245117,9.571556091308594,5.430254936218262,6.713531494140625,21.71534252166748,True,False,0.06908392539771413,4.514669629880793,56.74985260230501,56.74985260230501,0.0,4.514669629880793,4.514669629880793,-0.37068960363567616,4.2274259316651746,-0.08344590542005736,4.2274259316651746,-0.08344590542005736,4.2274259316651746,-0.08344590542005736
623,2026-05-14T23:01:13.634Z,2026-05-14 23:01:13.634000+00:00,4515.097116666667,75.25161861111111,69.024,5,38,train,4,4,4.531582832336426,4.392673015594482,7.131916999816895,3.278442383,14.803032398411377,True,False,0.07785290003586136,4.970730384571505,81.73118263923128,81.73118263923128,0.0,4.970730384571505,4.970730384571505,-0.4391475522350792,4.588130336649753,-0.056547504313327224,4.588130336649753,-0.056547504313327224,4.588130336649753,-0.056547504313327224
624,2026-05-14T23:02:22.995Z,2026-05-14 23:02:22.995000+00:00,4516.253133333334,75.27088555555557,69.361,5,38,train,4,5,4.831519127,2.0082030296325684,8.242362976074219,1.6465376615524292,11.897103667259216,True,False,0.08616018059854606,5.37337949145657,98.84373480900148,98.84373480900148,0.0,5.37337949145657,5.37337949145657,-0.5418603644565696,4.906590772069252,-0.07507164506925168,4.906590772069252,-0.07507164506925168,4.906590772069252,-0.07507164506925168
625,2026-05-14T23:03:32.113Z,2026-05-14 23:03:32.113000+00:00,4517.4051,75.290085,69.118,5,38,train,4,6,3.980226516723633,6.11795187,2.331994057,4.972879409790039,13.422825336790039,True,False,0.06295206646129792,4.342688521499306,112.54880166356185,112.54880166356185,0.0,4.342688521499306,4.342688521499306,-0.36246200477567303,4.091403827747457,-0.11117731102382411,4.091403827747457,-0.11117731102382411,4.091403827747457,-0.11117731102382411
626,2026-05-14T23:04:41.072Z,2026-05-14 23:04:41.072000+00:00,4518.554416666667,75.30924027777777,68.959,5,38,train,4,7,4.786308288574219,1.293027639389038,5.693498611450195,6.472530841827393,13.459057092666626,True,False,0.05190947777943486,5.403990122916908,127.97587853689025,127.97587853689025,0.0,5.403990122916908,5.403990122916908,-0.6176818343426893,4.9308011201282325,-0.1444928315540137,4.9308011201282325,-0.1444928315540137,4.9308011201282325,-0.1444928315540137
627,2026-05-14T23:05:50.268Z,2026-05-14 23:05:50.268000+00:00,4519.707683333333,75.32846138888888,69.196,5,38,train,4,8,4.7444047927856445,2.479830026626587,7.740009307861328,6.873239517211914,17.09307885169983,True,False,0.05978934177485292,5.254539449734197,143.49776044662624,143.49776044662624,0.0,5.254539449734197,5.254539449734197,-0.5101346569485523,4.81259863155525,-0.06819383876960572,4.81259863155525,-0.06819383876960572,4.81259863155525,-0.06819383876960572
628,2026-05-14T23:06:59.332Z,2026-05-14 23:06:59.332000+00:00,4520.85875,75.34764583333335,69.064,5,38,train,4,9,4.555290222167969,5.553618431091309,8.101902008,3.4433748722076416,17.09889531129895,True,False,0.07986200389254236,4.92427924154258,163.17303374352286,163.17303374352286,0.0,4.92427924154258,4.92427924154258,-0.36898901937461126,4.5513915211854306,0.0038987009825381946,4.5513915211854306,0.0038987009825381946,4.5513915211854306,0.0038987009825381946
629,2026-05-14T23:08:08.487Z,2026-05-14 23:08:08.487000+00:00,4522.011333333333,75.36685555555555,69.155,5,39,train,5,0,4.451636314,7.946434020996094,9.214640617370604,8.876422882080078,26.037497520446777,True,False,0.06590907833938502,4.824702908751027,0.0,0.0,0.0,4.824702908751027,4.824702908751027,-0.37306659475102677,4.472635299562103,-0.020998985562102668,4.472635299562103,-0.020998985562102668,4.472635299562103,-0.020998985562102668
630,2026-05-14T23:09:17.758Z,2026-05-14 23:09:17.758000+00:00,4523.16585,75.3860975,69.271,5,39,train,5,1,4.6782426834106445,1.6161763668060305,4.722636222839356,5.714143276,12.052955865645387,True,False,0.05259135319422303,5.225954086227071,30.06072484564781,30.06072484564781,0.0,5.225954086227071,5.225954086227071,-0.547711402816426,4.789990094361344,-0.11174741095069951,4.789990094361344,-0.11174741095069951,4.789990094361344,-0.11174741095069951
631,2026-05-14T23:10:27.017Z,2026-05-14 23:10:27.017000+00:00,4524.320166666667,75.40533611111113,69.259,5,39,train,5,2,4.436197280883789,9.014187812805176,9.798366547,1.6001893281936646,20.41274368799884,True,False,0.09216083172036078,4.796528736206573,43.97365268396004,43.97365268396004,0.0,4.796528736206573,4.796528736206573,-0.3603314553227843,4.450351978668877,-0.014154697785087933,4.450351978668877,-0.014154697785087933,4.450351978668877,-0.014154697785087933
632,2026-05-14T23:11:36.375Z,2026-05-14 23:11:36.375000+00:00,4525.476133333334,75.42460222222222,69.358,5,39,train,5,3,4.985898971557617,1.269909143447876,8.956295013427734,8.344896317,18.57110047387561,True,False,0.055065149053827186,5.608534081563094,67.5701039624971,67.5701039624971,0.0,5.608534081563094,5.608534081563094,-0.6226351100054766,5.092577607444486,-0.10667863588686899,5.092577607444486,-0.10667863588686899,5.092577607444486,-0.10667863588686899
633,2026-05-14T23:12:45.489Z,2026-05-14 23:12:45.489000+00:00,4526.6280333333325,75.44380055555554,69.114,5,39,train,5,4,4.695885658,3.663601875305176,8.622967720031738,8.520511627197266,20.80708122253418,True,False,0.05904994296860097,5.132007801594709,88.96215459835442,88.96215459835442,0.0,5.132007801594709,5.132007801594709,-0.4361221435947087,4.715686751330196,-0.019801093330196196,4.715686751330196,-0.019801093330196196,4.715686751330196,-0.019801093330196196
634,2026-05-14T23:13:54.797Z,2026-05-14 23:13:54.797000+00:00,4527.783166666666,75.46305277777778,69.308,5,39,train,5,5,3.813165664672852,6.043503761291504,1.5291234254837036,6.872276782989502,14.44490396976471,True,False,0.05242421273707199,4.166647762277043,112.99710768787773,112.99710768787773,0.0,4.166647762277043,4.166647762277043,-0.3534820976041906,3.952170892979011,-0.1390052283061589,3.952170892979011,-0.1390052283061589,3.952170892979011,-0.1390052283061589
635,2026-05-14T23:15:03.803Z,2026-05-14 23:15:03.803000+00:00,4528.933266666666,75.4822211111111,69.006,5,39,train,5,6,4.416348457336426,6.634596824645996,7.689690113067627,3.5352935791015625,17.859580516815186,True,False,0.0802050581435941,4.8244205643102065,129.61019174350412,129.61019174350412,0.0,4.8244205643102065,4.8244205643102065,-0.4080721069737807,4.4724119896577115,-0.05606353232128569,4.4724119896577115,-0.05606353232128569,4.4724119896577115,-0.05606353232128569
636,2026-05-14T23:16:12.886Z,2026-05-14 23:16:12.886000+00:00,4530.084650000001,75.50141083333334,69.083,5,39,train,5,7,4.3386077880859375,6.049955845,5.592577934265137,8.000649452209473,19.64318323147461,True,False,0.059270097122599286,4.726410960607973,150.17341509088985,150.17341509088985,0.0,4.726410960607973,4.726410960607973,-0.38780317252203567,4.394894914525554,-0.05628712643961631,4.394894914525554,-0.05628712643961631,4.394894914525554,-0.05628712643961631
637,2026-05-14T23:17:21.987Z,2026-05-14 23:17:21.987000+00:00,4531.236333333333,75.52060555555555,69.101,5,39,train,5,8,4.432338714599609,5.819300174713135,6.5434346199035645,2.0591769218444824,14.421911716461182,True,False,0.0857218865131858,4.811249046880265,172.79614183219195,172.79614183219195,0.0,4.811249046880265,4.811249046880265,-0.37891033228065574,4.461994464561668,-0.029655749962058664,4.461994464561668,-0.029655749962058664,4.461994464561668,-0.029655749962058664
638,2026-05-14T23:18:31.133Z,2026-05-14 23:18:31.133000+00:00,4532.388766666667,75.53981277777778,69.146,5,39,train,5,9,4.487473487854004,5.560686111450195,7.556756496429443,2.346548795700073,15.463991403579712,True,False,0.08482572361520535,4.893474960951375,189.41643362463236,189.41643362463236,0.0,4.893474960951375,4.893474960951375,-0.4060014730973709,4.5270280135006615,-0.03955452564665762,4.5270280135006615,-0.03955452564665762,4.5270280135006615,-0.03955452564665762
639,2026-05-14T23:19:40.400Z,2026-05-14 23:19:40.400000+00:00,4533.543216666667,75.55905361111111,69.267,5,40,train,6,0,4.515041351318359,3.801365375518799,5.935455322265625,2.7441649436950684,12.480985641479492,True,False,0.07801323531232125,4.953774606410102,0.0,0.0,0.0,4.953774606410102,4.953774606410102,-0.43873325509174244,4.574719790335793,-0.05967843901743386,4.574719790335793,-0.05967843901743386,4.574719790335793,-0.05967843901743386
640,2026-05-14T23:20:49.663Z,2026-05-14 23:20:49.663000+00:00,4534.6976,75.57829333333333,69.263,5,40,train,6,1,4.408079147338867,4.855933189,5.503447532653809,3.3494701385498047,13.708850860203613,True,False,0.07556709768961586,4.81471570473993,14.407841808096569,14.407841808096569,0.0,4.81471570473993,4.81471570473993,-0.40663655740106286,4.464736289521817,-0.05665714218294937,4.464736289521817,-0.05665714218294937,4.464736289521817,-0.05665714218294937
641,2026-05-14T23:21:58.568Z,2026-05-14 23:21:58.568000+00:00,4535.846016666666,75.5974336111111,68.905,5,40,train,6,2,4.486371040344238,6.199004173278809,8.387766838,8.092450141906738,22.679221153185544,True,False,0.06431777754956076,4.891678999879927,30.15131461680207,30.15131461680207,0.0,4.891678999879927,4.891678999879927,-0.40530795953568877,4.5256075644420894,-0.039236524097851166,4.5256075644420894,-0.039236524097851166,4.5256075644420894,-0.039236524097851166
642,2026-05-14T23:23:07.643Z,2026-05-14 23:23:07.643000+00:00,4536.997266666667,75.61662111111112,69.075,5,40,train,6,3,4.763151168823242,2.343240737915039,7.751183032989502,5.266149520874023,15.360573291778564,True,False,0.0657164519784387,5.279745730364384,56.26076796940693,56.26076796940693,0.0,5.279745730364384,5.279745730364384,-0.516594561541142,4.83253460798618,-0.06938343916293821,4.83253460798618,-0.06938343916293821,4.83253460798618,-0.06938343916293821
643,2026-05-14T23:24:17.202Z,2026-05-14 23:24:17.202000+00:00,4538.156583333333,75.63594305555556,69.559,5,40,train,6,4,4.327580451965332,1.7146482467651367,2.178166151046753,6.697207450866699,10.590021848678589,True,False,0.03675926691593777,4.864570798550885,74.06853659612068,74.06853659612068,0.0,4.864570798550885,4.864570798550885,-0.5369903465855526,4.5041673340999155,-0.1765868821345835,4.5041673340999155,-0.1765868821345835,4.5041673340999155,-0.1765868821345835
644,2026-05-14T23:25:26.362Z,2026-05-14 23:25:26.362000+00:00,4539.30925,75.65515416666668,69.16,5,40,train,6,5,4.0662384033203125,8.072714805603027,3.604891777038574,7.441350936889648,19.11895751953125,True,False,0.0610786784306214,4.411164663830141,86.2753017803642,86.2753017803642,0.0,4.411164663830141,4.411164663830141,-0.3449262605098289,4.145562502706967,-0.07932409938665419,4.145562502706967,-0.07932409938665419,4.145562502706967,-0.07932409938665419
645,2026-05-14T23:26:35.581Z,2026-05-14 23:26:35.581000+00:00,4540.4628999999995,75.67438166666666,69.219,5,40,train,6,6,3.814820289611816,4.432000160217285,1.3035061359405518,6.562709808349609,12.298216104507446,True,False,0.04663689633861373,4.231618017453806,108.33188712277143,108.33188712277143,0.0,4.231618017453806,4.231618017453806,-0.41679772784198965,4.003556716017267,-0.1887364264054514,4.003556716017267,-0.1887364264054514,4.003556716017267,-0.1887364264054514
646,2026-05-14T23:27:44.527Z,2026-05-14 23:27:44.527000+00:00,4541.611999999999,75.69353333333332,68.946,5,40,train,6,7,4.456046104431152,5.059220790863037,6.578851699829102,4.573064804077148,16.211137294769287,True,False,0.07179059851924947,4.874395214768556,122.46376724846094,122.46376724846094,0.0,4.874395214768556,4.874395214768556,-0.4183491103374033,4.5119375931491055,-0.05589148871795313,4.5119375931491055,-0.05589148871795313,4.5119375931491055,-0.05589148871795313
647,2026-05-14T23:28:53.647Z,2026-05-14 23:28:53.647000+00:00,4542.764,75.71273333333333,69.12,5,40,train,6,8,4.862946510314941,1.995943665504456,9.354022026062012,4.598310470581055,15.948276162147522,True,False,0.07116735110535065,5.43100609103968,141.13899741203517,141.13899741203517,0.0,5.43100609103968,5.43100609103968,-0.5680595807247384,4.952168402023417,-0.08922189170847528,4.952168402023417,-0.08922189170847528,4.952168402023417,-0.08922189170847528
648,2026-05-14T23:30:02.840Z,2026-05-14 23:30:02.840000+00:00,4543.917216666667,75.73195361111111,69.193,5,40,train,6,9,4.3799591064453125,5.730303764343262,5.552531719207764,1.1369889974594116,12.419824481010437,True,False,0.09084536984240127,4.7466561435412835,159.5308152868264,159.5308152868264,0.0,4.7466561435412835,4.7466561435412835,-0.366697037095971,4.4109070940184285,-0.03094798757311601,4.4109070940184285,-0.03094798757311601,4.4109070940184285,-0.03094798757311601
649,2026-05-14T23:31:11.920Z,2026-05-14 23:31:11.920000+00:00,4545.06855,75.7511425,69.08,5,41,train,7,0,4.202974319458008,6.700732707977295,4.6786088943481445,2.516784906387329,13.896126508712769,True,False,0.0818885866877412,4.6045389027178025,0.0,0.0,0.0,4.6045389027178025,4.6045389027178025,-0.4015645832597947,4.298504712839963,-0.09553039338195557,4.298504712839963,-0.09553039338195557,4.298504712839963,-0.09553039338195557
650,2026-05-14T23:32:21.089Z,2026-05-14 23:32:21.089000+00:00,4546.221366666667,75.77035611111111,69.169,5,41,train,7,1,3.603099822998047,8.999819756,1.2922500371932983,1.9455376863479612,12.23760747954126,True,False,0.08410197671725869,3.9227052232728545,16.019686241352556,16.019686241352556,0.0,3.9227052232728545,3.9227052232728545,-0.31960540027480766,3.7592335540895765,-0.15613373109152962,3.7592335540895765,-0.15613373109152962,3.7592335540895765,-0.15613373109152962
651,2026-05-14T23:33:30.096Z,2026-05-14 23:33:30.096000+00:00,4547.371483333333,75.78952472222223,69.007,5,41,train,7,2,4.205731391906738,9.128218650817873,6.670399188995361,4.9253010749816895,20.723918914794922,True,False,0.07623373699138783,4.624320373308376,30.09436256369762,30.09436256369762,0.0,4.624320373308376,4.624320373308376,-0.4185889814016379,4.3141501361869725,-0.10841874428023424,4.3141501361869725,-0.10841874428023424,4.3141501361869725,-0.10841874428023424
652,2026-05-14T23:34:39.448Z,2026-05-14 23:34:39.448000+00:00,4548.52735,75.80878916666667,69.352,5,41,train,7,3,4.517798424,4.827731609344482,7.631136417388916,2.431995153427124,14.890863180160522,True,False,0.0836678698608464,4.95908639974767,54.04844964001191,54.04844964001191,0.0,4.95908639974767,4.95908639974767,-0.4412879757476693,4.578920957034576,-0.06112253303457571,4.578920957034576,-0.06112253303457571,4.578920957034576,-0.06112253303457571
653,2026-05-14T23:35:48.607Z,2026-05-14 23:35:48.607000+00:00,4549.679999999999,75.82799999999999,69.159,5,41,train,7,4,4.8585357666015625,2.300534963607788,9.569996834,1.6704964637756348,13.541028261383422,True,False,0.08766344452186405,5.379215311423182,71.21240308462394,71.21240308462394,0.0,5.379215311423182,5.379215311423182,-0.5206795448216193,4.911206398270374,-0.052670631668811474,4.911206398270374,-0.052670631668811474,4.911206398270374,-0.052670631668811474
654,2026-05-14T23:36:57.791Z,2026-05-14 23:36:57.791000+00:00,4550.833066666667,75.84721777777779,69.184,5,41,train,7,5,4.5437116622924805,3.826026439666748,6.1287384033203125,2.844087839126587,12.798852682113647,True,False,0.07777857195667867,4.964878964952323,86.82611140521645,86.82611140521645,0.0,4.964878964952323,4.964878964952323,-0.4211673026598426,4.583502372479752,-0.03979071018727165,4.583502372479752,-0.03979071018727165,4.583502372479752,-0.03979071018727165
655,2026-05-14T23:38:06.961Z,2026-05-14 23:38:06.961000+00:00,4551.9859,75.86643166666666,69.17,5,41,train,7,6,4.655636787414551,1.1922907829284668,4.053720474243164,8.470541000366211,13.716552257537842,True,False,0.03824584457284971,5.291801787009329,101.5810554055798,101.5810554055798,0.0,5.291801787009329,5.291801787009329,-0.6361649995947785,4.842069900584475,-0.18643311316992417,4.842069900584475,-0.18643311316992417,4.842069900584475,-0.18643311316992417
656,2026-05-14T23:39:16.101Z,2026-05-14 23:39:16.101000+00:00,4553.138233333333,75.88563722222221,69.14,5,41,train,7,7,4.184227943,4.342235565185547,2.7100160121917725,1.6382460594177246,8.690497636795044,True,False,0.08114899597370018,4.555887267245327,117.38709579034924,117.38709579034924,0.0,4.555887267245327,4.555887267245327,-0.37165932424532766,4.260025499173515,-0.07579755617351491,4.260025499173515,-0.07579755617351491,4.260025499173515,-0.07579755617351491
657,2026-05-14T23:40:25.206Z,2026-05-14 23:40:25.206000+00:00,4554.289983333333,75.90483305555556,69.105,5,41,train,7,8,4.402013778686523,3.049438953399658,4.083176612854004,4.148284912109375,11.280900478363037,True,False,0.06322736008472146,4.887142139959628,127.39637644352793,127.39637644352793,0.0,4.887142139959628,4.887142139959628,-0.4851283612731043,4.522019302700165,-0.12000552401364128,4.522019302700165,-0.12000552401364128,4.522019302700165,-0.12000552401364128
658,2026-05-14T23:41:34.393Z,2026-05-14 23:41:34.393000+00:00,4555.4431,75.92405166666667,69.187,5,41,train,7,9,4.604361534118652,4.970716476,9.647238731384276,6.391611099243164,21.00956630662744,True,False,0.06957761523508013,5.04823293004935,140.40457080013633,140.40457080013633,0.0,5.04823293004935,5.04823293004935,-0.4438713959306977,4.64942811170241,-0.04506657758375798,4.64942811170241,-0.04506657758375798,4.64942811170241,-0.04506657758375798
659,2026-05-14T23:42:43.586Z,2026-05-14 23:42:43.586000+00:00,4556.596316666666,75.94327194444443,69.193,5,42,train,8,0,4.515041351318359,6.785973549,9.176757813,9.636733055114746,25.599464417114746,True,False,0.062355723939786716,4.891443012397602,0.0,0.0,0.0,4.891443012397602,4.891443012397602,-0.37640166107924244,4.525420918861385,-0.010379567543025381,4.525420918861385,-0.010379567543025381,4.525420918861385,-0.010379567543025381
660,2026-05-14T23:43:52.644Z,2026-05-14 23:43:52.644000+00:00,4557.747283333333,75.96245472222222,69.058,5,42,train,8,1,4.4444684982299805,6.070846080780029,6.9553961753845215,2.437584638595581,15.463826894760132,True,False,0.08423686028571914,4.819386663313326,29.464130228618505,29.464130228618505,0.0,4.819386663313326,4.819386663313326,-0.3749181650833453,4.4684306116392,-0.023962113409219832,4.4684306116392,-0.023962113409219832,4.4684306116392,-0.023962113409219832
661,2026-05-14T23:45:01.820Z,2026-05-14 23:45:01.820000+00:00,4558.900216666666,75.98167027777777,69.176,5,42,train,8,2,4.7168378829956055,1.7455929517745972,5.360626220703125,1.881823182106018,8.98804235458374,True,False,0.07906303611101341,5.247440193781873,47.29289171648395,47.29289171648395,0.0,5.247440193781873,5.247440193781873,-0.5306023107862679,4.8069837373382445,-0.090145854342639,4.8069837373382445,-0.090145854342639,4.8069837373382445,-0.090145854342639
662,2026-05-14T23:46:10.950Z,2026-05-14 23:46:10.950000+00:00,4560.052383333333,76.00087305555554,69.13,5,42,train,8,3,3.874917984008789,8.640649795532227,2.4715075492858887,6.962075710296631,18.074233055114746,True,False,0.061480657635282265,4.218879140429706,57.648614516023514,57.648614516023514,0.0,4.218879140429706,4.218879140429706,-0.3439611564209173,3.99348137186654,-0.11856338785775078,3.99348137186654,-0.11856338785775078,3.99348137186654,-0.11856338785775078
663,2026-05-14T23:47:20.341Z,2026-05-14 23:47:20.341000+00:00,4561.2089,76.02014833333332,69.391,5,42,train,8,4,4.375548362731934,7.407989025115967,7.523542404174805,1.734657883644104,16.666189312934875,True,False,0.0895917545932482,4.767053582192356,78.5517662814813,78.5517662814813,0.0,4.767053582192356,4.767053582192356,-0.3915052194604227,4.427039694546256,-0.051491331814322194,4.427039694546256,-0.051491331814322194,4.427039694546256,-0.051491331814322194
664,2026-05-14T23:48:29.426Z,2026-05-14 23:48:29.426000+00:00,4562.360316666667,76.03933861111112,69.085,5,42,train,8,5,4.780243873596191,2.264489889144897,8.124918937683105,1.675530195236206,12.064939022064209,True,False,0.08611240229086929,5.314991861047541,97.7414944262164,97.7414944262164,0.0,5.314991861047541,5.314991861047541,-0.5347479874513494,4.860411232899232,-0.08016735930304097,4.860411232899232,-0.08016735930304097,4.860411232899232,-0.08016735930304097
665,2026-05-14T23:49:38.538Z,2026-05-14 23:49:38.538000+00:00,4563.512183333334,76.0585363888889,69.112,5,42,train,8,6,4.376650810241699,9.065412521362305,8.568153381347656,4.674427032470703,22.307992935180664,True,False,0.079045954308606,4.735903659856384,111.6386955210981,111.6386955210981,0.0,4.735903659856384,4.735903659856384,-0.35925284961468495,4.402402814293025,-0.02575200405132616,4.402402814293025,-0.02575200405132616,4.402402814293025,-0.02575200405132616
666,2026-05-14T23:50:47.599Z,2026-05-14 23:50:47.599000+00:00,4564.6632,76.07772,69.061,5,42,train,8,7,4.679345131,3.7740941047668457,8.326635360717773,3.138716697692871,15.23944616317749,True,False,0.07940399759883114,5.103857460719294,137.3155671893733,137.3155671893733,0.0,5.103857460719294,5.103857460719294,-0.42451232971929453,4.693422279215148,-0.01407714821514805,4.693422279215148,-0.01407714821514805,4.693422279215148,-0.01407714821514805
667,2026-05-14T23:51:56.438Z,2026-05-14 23:51:56.438000+00:00,4565.810516666666,76.09684194444444,68.839,5,42,train,8,8,4.385472297668457,8.925308227539062,8.953741073608398,5.588927745819092,23.467977046966553,True,False,0.07618487637586338,4.761775934946636,154.8000377631562,154.8000377631562,0.0,4.761775934946636,4.761775934946636,-0.3763036372781787,4.4228655344373085,-0.03739323676885142,4.4228655344373085,-0.03739323676885142,4.4228655344373085,-0.03739323676885142
668,2026-05-14T23:53:05.526Z,2026-05-14 23:53:05.526000+00:00,4566.961983333333,76.11603305555555,69.088,5,42,train,8,9,3.968097686767578,8.363320350646973,3.061056137084961,7.558425426483154,18.982801914215088,True,False,0.06018277248722118,4.325230728689867,181.82263106683664,181.82263106683664,0.0,4.325230728689867,4.325230728689867,-0.3571330419222889,4.077596231494314,-0.10949854472673604,4.077596231494314,-0.10949854472673604,4.077596231494314,-0.10949854472673604
669,2026-05-14T23:54:14.552Z,2026-05-14 23:54:14.552000+00:00,4568.112416666667,76.13520694444445,69.026,5,43,train,9,0,4.311591148376465,6.163873672485352,5.529486179351807,9.900377274,21.59373712583716,True,False,0.05415162638914371,4.713453392433487,0.0,0.0,0.0,4.713453392433487,4.713453392433487,-0.4018622440570221,4.3846466046888635,-0.07305545631239863,4.3846466046888635,-0.07305545631239863,4.3846466046888635,-0.07305545631239863
670,2026-05-14T23:55:23.527Z,2026-05-14 23:55:23.527000+00:00,4569.262,76.15436666666666,68.975,5,43,train,9,1,4.194704055786133,4.705288887023926,3.318019390106201,8.147077560424805,16.17038583755493,True,False,0.04961729644382626,4.609180046917855,24.82380030424363,24.82380030424363,0.0,4.609180046917855,4.609180046917855,-0.41447599113172195,4.302175454380228,-0.10747139859409494,4.302175454380228,-0.10747139859409494,4.302175454380228,-0.10747139859409494
671,2026-05-14T23:56:32.491Z,2026-05-14 23:56:32.491000+00:00,4570.4114,76.17352333333334,68.964,5,43,train,9,2,4.116411209106445,6.538043975830078,3.557945966720581,2.6964848041534424,12.792474746704102,True,False,0.07892132009212546,4.496519938712688,43.410041785929266,43.410041785929266,0.0,4.496519938712688,4.496519938712688,-0.38010872960624287,4.213071103967086,-0.09665989486064053,4.213071103967086,-0.09665989486064053,4.213071103967086,-0.09665989486064053
672,2026-05-14T23:57:41.469Z,2026-05-14 23:57:41.469000+00:00,4571.561033333333,76.1926838888889,68.978,5,43,train,9,3,4.518900871276856,1.5414302349090576,3.309746742248535,3.571086883544922,8.422263860702515,True,False,0.05759944187681801,5.092152199914875,58.11669717056519,58.11669717056519,0.0,5.092152199914875,5.092152199914875,-0.573251328638019,4.684164435626939,-0.1652635643500826,4.684164435626939,-0.1652635643500826,4.684164435626939,-0.1652635643500826
673,2026-05-14T23:58:50.397Z,2026-05-14 23:58:50.397000+00:00,4572.709833333333,76.21183055555555,68.928,5,43,train,9,4,3.965340614318848,8.149163246154785,2.8008463382720947,7.873523235321045,18.823532819747925,True,False,0.058171915385294384,4.298148082831211,67.79219389374023,67.79219389374023,0.0,4.298148082831211,4.298148082831211,-0.33280746851236254,4.0561762133073085,-0.09083559898846039,4.0561762133073085,-0.09083559898846039,4.0561762133073085,-0.09083559898846039
674,2026-05-14T23:59:59.616Z,2026-05-14 23:59:59.616000+00:00,4573.8634833333335,76.23105805555556,69.219,5,43,train,9,5,4.385472297668457,7.768542289733887,8.025695801,5.389913082122803,21.184151172856687,True,False,0.0745568607486671,4.774534834369029,89.50796253124243,89.50796253124243,0.0,4.774534834369029,4.774534834369029,-0.389062536700572,4.4329567145642494,-0.047484416895792414,4.4329567145642494,-0.047484416895792414,4.4329567145642494,-0.047484416895792414
675,2026-05-15T00:01:08.694Z,2026-05-15 00:01:08.694000+00:00,4575.014783333333,76.25024638888888,69.078,5,43,train,9,6,4.449981689453125,4.150158405303955,5.382058143615723,7.884538650512695,17.416755199432373,True,False,0.05473015174049378,4.8733158629937385,113.89727577655233,113.89727577655233,0.0,4.8733158629937385,4.8733158629937385,-0.42333417354061353,4.511083919738929,-0.06110223028580375,4.511083919738929,-0.06110223028580375,4.511083919738929,-0.06110223028580375
676,2026-05-15T00:02:17.696Z,2026-05-15 00:02:17.696000+00:00,4576.164816666667,76.26941361111112,69.002,5,43,train,9,7,4.363969802856445,5.403474807739258,5.245102882385254,8.705920219421387,19.3544979095459,True,False,0.05501862016721441,4.747645514793283,133.9271248144062,133.9271248144062,0.0,4.747645514793283,4.747645514793283,-0.3836757119368377,4.4116896006583675,-0.04771979780192215,4.4116896006583675,-0.04771979780192215,4.4116896006583675,-0.04771979780192215
677,2026-05-15T00:03:26.990Z,2026-05-15 00:03:26.990000+00:00,4577.319716666667,76.28866194444444,69.294,5,43,train,9,8,4.557495117,5.244602680206299,8.370645523071289,6.960899353027344,20.57614755630493,True,False,0.0661700552351726,4.9633479035830135,156.27963445014075,156.27963445014075,0.0,4.9633479035830135,4.9633479035830135,-0.40585278658301327,4.582291436053999,-0.024796319053998594,4.582291436053999,-0.024796319053998594,4.582291436053999,-0.024796319053998594
678,2026-05-15T00:04:35.973Z,2026-05-15 00:04:35.973000+00:00,4578.469433333334,76.30782388888889,68.983,5,43,train,9,9,4.162725448608398,9.379661560058594,5.567760467529297,7.468218803405762,22.415640830993652,True,False,0.06668300112535883,4.534307362631404,179.93637423141712,179.93637423141712,0.0,4.534307362631404,4.534307362631404,-0.37158191402300567,4.242957670877988,-0.08023222226958993,4.242957670877988,-0.08023222226958993,4.242957670877988,-0.08023222226958993
679,2026-05-15T00:05:45.242Z,2026-05-15 00:05:45.242000+00:00,4579.623916666666,76.32706527777778,69.269,5,44,train,10,0,4.68651294708252,3.5167548656463623,8.60333252,2.787356376647949,14.907443762294312,True,False,0.08130225127061648,5.148708743265284,0.0,0.0,0.0,5.148708743265284,5.148708743265284,-0.46219579618276363,4.728895744136544,-0.04238279705402359,4.728895744136544,-0.04238279705402359,4.728895744136544,-0.04238279705402359
680,2026-05-15T00:06:54.298Z,2026-05-15 00:06:54.298000+00:00,4580.77485,76.34624749999999,69.056,5,44,train,10,1,3.840182304382324,6.674781799316406,1.7613259553909302,8.761538506,17.197646260707337,True,False,0.04905385089808424,4.184895720130074,17.1574739408166,17.1574739408166,0.0,4.184895720130074,4.184895720130074,-0.3447134157477496,3.9666034410811277,-0.1264211366988035,3.9666034410811277,-0.1264211366988035,3.9666034410811277,-0.1264211366988035
681,2026-05-15T00:08:03.337Z,2026-05-15 00:08:03.337000+00:00,4581.9255,76.365425,69.039,5,44,train,10,2,4.249288558959961,9.088737487792969,6.565085887908936,3.984553337097168,19.638376712799072,True,False,0.07971037323823063,4.61927442990428,36.945945610699496,36.945945610699496,0.0,4.61927442990428,4.61927442990428,-0.3699858709443191,4.310159233671375,-0.060870674711414274,4.310159233671375,-0.060870674711414274,4.310159233671375,-0.060870674711414274
682,2026-05-15T00:09:12.444Z,2026-05-15 00:09:12.444000+00:00,4583.077283333333,76.38462138888889,69.107,5,44,train,10,3,4.855778694152832,1.3817287683486938,6.990905284881592,9.847223281860352,18.219857335090637,True,False,0.0459533458426426,5.464345908771446,59.56510060222292,59.56510060222292,0.0,5.464345908771446,5.464345908771446,-0.6085672146186143,4.978537299135352,-0.12275860498252023,4.978537299135352,-0.12275860498252023,4.978537299135352,-0.12275860498252023
683,2026-05-15T00:10:21.629Z,2026-05-15 00:10:21.629000+00:00,4584.230366666667,76.40383944444444,69.185,5,44,train,10,4,5.007401466369629,1.1108940839767456,8.545124053955078,3.445666790008545,13.101684927940369,True,False,0.07370058271924712,5.64617617689278,80.57411443102701,80.57411443102701,0.0,5.64617617689278,5.64617617689278,-0.6387747105231512,5.122349232076988,-0.11494776570735876,5.122349232076988,-0.11494776570735876,5.122349232076988,-0.11494776570735876
684,2026-05-15T00:11:30.716Z,2026-05-15 00:11:30.716000+00:00,4585.381816666666,76.42303027777777,69.087,5,44,train,10,5,4.792923927307129,2.7738232612609863,8.611686706542969,6.824950695037842,18.210460662841797,True,False,0.06252181193326942,5.252220262988905,95.66004954130395,95.66004954130395,0.0,5.252220262988905,5.252220262988905,-0.45929633568177586,4.810764356480264,-0.017840429173134886,4.810764356480264,-0.017840429173134886,4.810764356480264,-0.017840429173134886
685,2026-05-15T00:12:39.999Z,2026-05-15 00:12:39.999000+00:00,4586.536533333333,76.44227555555555,69.283,5,44,train,10,6,4.332542419433594,3.094722032546997,3.026963710784912,4.195100307,10.31678605033191,True,False,0.059337139623390406,4.75090514361711,116.68797197636509,116.68797197636509,0.0,4.75090514361711,4.75090514361711,-0.41836272418351594,4.414267683651206,-0.08172526421761184,4.414267683651206,-0.08172526421761184,4.414267683651206,-0.08172526421761184
686,2026-05-15T00:13:49.080Z,2026-05-15 00:13:49.080000+00:00,4587.687883333333,76.46146472222222,69.081,5,44,train,10,7,4.250943183898926,7.789391994476318,5.799689769744873,8.192085266113281,21.781167030334473,True,False,0.06238913528047316,4.632564223426183,128.56620359541475,128.56620359541475,0.0,4.632564223426183,4.632564223426183,-0.381621039527257,4.320670304872705,-0.06972712097377887,4.320670304872705,-0.06972712097377887,4.320670304872705,-0.06972712097377887
687,2026-05-15T00:14:58.089Z,2026-05-15 00:14:58.089000+00:00,4588.838033333333,76.48063388888889,69.009,5,44,train,10,8,4.142876625061035,4.130131721496582,2.529968023300171,2.8892412185668945,9.549340963363647,True,False,0.06974407731746557,4.547899582625205,153.61781285535395,153.61781285535395,0.0,4.547899582625205,4.547899582625205,-0.40502295756416995,4.253707935124269,-0.11083131006323388,4.253707935124269,-0.11083131006323388,4.253707935124269,-0.11083131006323388
688,2026-05-15T00:16:07.219Z,2026-05-15 00:16:07.219000+00:00,4589.9902,76.49983666666667,69.13,5,44,train,10,9,4.506219863891602,5.125380039215088,7.440125465393066,7.237451553344727,19.80295705795288,True,False,0.06345267258740957,4.922193180873962,164.6202452019761,164.6202452019761,0.0,4.922193180873962,4.922193180873962,-0.4159733169823605,4.549741628568062,-0.04352176467646007,4.549741628568062,-0.04352176467646007,4.549741628568062,-0.04352176467646007
689,2026-05-15T00:17:16.406Z,2026-05-15 00:17:16.406000+00:00,4591.143316666667,76.51905527777778,69.187,5,45,train,11,0,4.425170898,7.095794200897217,7.471175670623779,1.2137460708618164,15.780715942382812,True,False,0.09230867550437294,4.782698521385298,0.0,0.0,0.0,4.782698521385298,4.782698521385298,-0.3575276233852982,4.439413481206406,-0.014242583206406145,4.439413481206406,-0.014242583206406145,4.439413481206406,-0.014242583206406145
690,2026-05-15T00:18:25.447Z,2026-05-15 00:18:25.447000+00:00,4592.294,76.53823333333334,69.041,5,45,train,11,1,4.303320885,4.186565399169922,3.598761558532715,2.8486969470977783,10.634023904800415,True,False,0.07321148633292221,4.694777074395002,18.15860682296753,18.15860682296753,0.0,4.694777074395002,4.694777074395002,-0.3914561893950026,4.3698752609236164,-0.06655437592361668,4.3698752609236164,-0.06655437592361668,4.3698752609236164,-0.06655437592361668
691,2026-05-15T00:19:34.535Z,2026-05-15 00:19:34.535000+00:00,4593.445466666667,76.55742444444445,69.088,5,45,train,11,2,4.440056800842285,3.9304141998291016,5.039947986602783,8.119422912597656,17.08978509902954,True,False,0.05248961373388642,4.868442764390958,30.403330881881715,30.403330881881715,0.0,4.868442764390958,4.868442764390958,-0.4283859635486724,4.507229722433267,-0.06717292159098154,4.507229722433267,-0.06717292159098154,4.507229722433267,-0.06717292159098154
692,2026-05-15T00:20:43.919Z,2026-05-15 00:20:43.919000+00:00,4594.601866666667,76.57669777777778,69.384,5,45,train,11,3,4.011102676391602,9.840267181396484,4.084085464477539,8.63731575,22.561668395874023,True,False,0.06171685711159751,4.3795038190816555,50.16595837039948,50.16595837039948,0.0,4.3795038190816555,4.3795038190816555,-0.368401142690054,4.120521527247335,-0.10941885085573322,4.120521527247335,-0.10941885085573322,4.120521527247335,-0.10941885085573322
693,2026-05-15T00:21:52.869Z,2026-05-15 00:21:52.869000+00:00,4595.751033333333,76.59585055555554,68.95,5,45,train,11,4,4.0579681396484375,6.458565711975098,3.0038137435913086,3.873577833175659,13.335957288742065,True,False,0.0709538824299801,4.42858940090312,76.09307563532471,76.09307563532471,0.0,4.42858940090312,4.42858940090312,-0.37062126125468264,4.159343954746584,-0.1013758150981463,4.159343954746584,-0.1013758150981463,4.159343954746584,-0.1013758150981463
694,2026-05-15T00:23:02.133Z,2026-05-15 00:23:02.133000+00:00,4596.905433333333,76.61509055555555,69.264,5,45,train,11,5,4.516144752502441,2.1568822860717773,4.080495834350586,2.3457067012786865,8.58308482170105,True,False,0.07267058697418535,5.0371290149692785,91.48810472944855,91.48810472944855,0.0,5.0371290149692785,5.0371290149692785,-0.520984262466837,4.640645880298455,-0.1245011277960133,4.640645880298455,-0.1245011277960133,4.640645880298455,-0.1245011277960133
695,2026-05-15T00:24:11.154Z,2026-05-15 00:24:11.154000+00:00,4598.055783333333,76.63426305555555,69.021,5,45,train,11,6,4.43895435333252,7.625329494476318,8.237989426,2.796506643295288,18.659825563771605,True,False,0.08501322194177016,4.79389154572545,101.36165635409236,101.36165635409236,0.0,4.79389154572545,4.79389154572545,-0.35493719239292965,4.448266190287525,-0.00931183695500426,4.448266190287525,-0.00931183695500426,4.448266190287525,-0.00931183695500426
696,2026-05-15T00:25:20.321Z,2026-05-15 00:25:20.321000+00:00,4599.208566666667,76.65347611111112,69.167,5,45,train,11,7,4.661149978637695,4.062740325927734,8.639938354492188,2.009774923324585,14.712453603744507,True,False,0.08633963458812152,5.087880434531708,122.87239226691554,122.87239226691554,0.0,5.087880434531708,5.087880434531708,-0.4267304558940124,4.680785840615372,-0.01963586197767686,4.680785840615372,-0.01963586197767686,4.680785840615372,-0.01963586197767686
697,2026-05-15T00:26:29.342Z,2026-05-15 00:26:29.342000+00:00,4600.358916666666,76.6726486111111,69.021,5,45,train,11,8,4.481960296630859,7.840213298797607,9.857886314,7.586202621459961,25.284302234257567,True,False,0.06999639321198489,4.8598031847251955,139.79686326998302,139.79686326998302,0.0,4.8598031847251955,4.8598031847251955,-0.3778428880943361,4.500396566081611,-0.01843626945075183,4.500396566081611,-0.01843626945075183,4.500396566081611,-0.01843626945075183
698,2026-05-15T00:27:38.423Z,2026-05-15 00:27:38.423000+00:00,4601.510266666666,76.69183777777776,69.081,5,45,train,11,9,4.408079147338867,7.228440284729004,7.375304698944092,1.8861922025680544,16.48993718624115,True,False,0.08856155617049984,4.769069226572866,168.90794464739548,168.90794464739548,0.0,4.769069226572866,4.769069226572866,-0.36099007923399906,4.428633894002039,-0.02055474666317192,4.428633894002039,-0.02055474666317192,4.428633894002039,-0.02055474666317192
699,2026-05-15T00:28:47.722Z,2026-05-15 00:28:47.722000+00:00,4602.66525,76.7110875,69.299,5,46,train,12,0,3.953210830688477,3.711829185,1.4164084196090698,5.901358127593994,11.029595732203063,True,False,0.0464952454207925,4.343715686083673,0.0,0.0,0.0,4.343715686083673,4.343715686083673,-0.39050485539519597,4.092216225627376,-0.13900539493889896,4.092216225627376,-0.13900539493889896,4.092216225627376,-0.13900539493889896
700,2026-05-15T00:29:56.735Z,2026-05-15 00:29:56.735000+00:00,4603.815466666667,76.73025777777778,69.013,5,46,train,12,1,4.676589012145996,3.44446325302124,8.473745346069336,4.971662521362305,16.88987112045288,True,False,0.07056423648288326,5.151165306918412,12.6864248377755,12.6864248377755,0.0,5.151165306918412,5.151165306918412,-0.47457629477241614,4.730838672401462,-0.05424966025546585,4.730838672401462,-0.05424966025546585,4.730838672401462,-0.05424966025546585
701,2026-05-15T00:31:05.885Z,2026-05-15 00:31:05.885000+00:00,4604.967966666666,76.7494661111111,69.15,5,46,train,12,2,4.425722122192383,3.780649185180664,4.987875938415527,5.748745441436768,14.517270565032959,True,False,0.0604006454540877,4.880735065104321,32.152001304097446,32.152001304097446,0.0,4.880735065104321,4.880735065104321,-0.45501294291193783,4.516951863549558,-0.09122974135717499,4.516951863549558,-0.09122974135717499,4.516951863549558,-0.09122974135717499
702,2026-05-15T00:32:14.948Z,2026-05-15 00:32:14.948000+00:00,4606.1190166666665,76.76865027777778,69.063,5,46,train,12,3,3.7960739135742183,5.733279228210449,1.409136414527893,1.500279188156128,8.64269483089447,True,False,0.08264107182411233,4.152879842413175,48.86210558797863,48.86210558797863,0.0,4.152879842413175,4.152879842413175,-0.3568059288389569,3.9412816654116454,-0.14520775183742707,3.9412816654116454,-0.14520775183742707,3.9412816654116454,-0.14520775183742707
703,2026-05-15T00:33:23.965Z,2026-05-15 00:33:23.965000+00:00,4607.2693,76.78782166666666,69.017,5,46,train,12,4,3.945490837097168,4.477007389068604,1.8530523777008057,5.797338962554932,12.12739872932434,True,False,0.05219635230977583,4.378579284022423,58.80365340704269,58.80365340704269,0.0,4.378579284022423,4.378579284022423,-0.4330884469252547,4.119790300398723,-0.17429946330155488,4.119790300398723,-0.17429946330155488,4.119790300398723,-0.17429946330155488
704,2026-05-15T00:34:33.068Z,2026-05-15 00:34:33.068000+00:00,4608.421016666666,76.80701694444444,69.103,5,46,train,12,5,4.506219863891602,4.072435379,6.240315437316895,3.4397571086883545,13.75250792500525,True,False,0.07498814668970975,4.945627034269285,72.77098064691768,72.77098064691768,0.0,4.945627034269285,4.945627034269285,-0.4394071703776836,4.56827576915902,-0.06205590526741833,4.56827576915902,-0.06205590526741833,4.56827576915902,-0.06205590526741833
705,2026-05-15T00:35:42.265Z,2026-05-15 00:35:42.265000+00:00,4609.574299999999,76.82623833333332,69.197,5,46,train,12,6,4.656740188598633,4.817472935,9.854090690612791,7.227663516998291,21.899227142611082,True,False,0.06699580551436518,5.071046840728084,88.63151882836081,88.63151882836081,0.0,5.071046840728084,5.071046840728084,-0.4143066521294516,4.667471931505157,-0.010731742906524566,4.667471931505157,-0.010731742906524566,4.667471931505157,-0.010731742906524566
706,2026-05-15T00:36:51.251Z,2026-05-15 00:36:51.251000+00:00,4610.724066666667,76.84540111111112,68.986,5,46,train,12,7,4.271342277526856,7.934273242950439,5.7644147872924805,7.414055347442627,21.112743377685547,True,False,0.06488350559274698,4.621903887140725,113.81052022269695,113.81052022269695,0.0,4.621903887140725,4.621903887140725,-0.3505616096138686,4.31223890572855,-0.040896628201693375,4.31223890572855,-0.040896628201693375,4.31223890572855,-0.040896628201693375
707,2026-05-15T00:38:00.594Z,2026-05-15 00:38:00.594000+00:00,4611.879783333334,76.86466305555557,69.343,5,46,train,12,8,4.43895435333252,7.901021003723144,9.126389503479004,9.369085311889648,26.396495819091797,True,False,0.06450632926392727,4.823022658468782,138.21086962334442,138.21086962334442,0.0,4.823022658468782,4.823022658468782,-0.3840683051362612,4.471306367677373,-0.0323520143448528,4.471306367677373,-0.0323520143448528,4.471306367677373,-0.0323520143448528
708,2026-05-15T00:39:09.675Z,2026-05-15 00:39:09.675000+00:00,4613.031133333334,76.88385222222223,69.081,5,46,train,12,9,4.499052047729492,5.040310382843018,6.680240154266357,4.038823605,15.759374142109376,True,False,0.07437192893207491,4.882646936962936,168.60247508465577,168.60247508465577,0.0,4.882646936962936,4.882646936962936,-0.38359488923344376,4.518463987962973,-0.01941194023348114,4.518463987962973,-0.01941194023348114,4.518463987962973,-0.01941194023348114
709,2026-05-15T00:40:18.755Z,2026-05-15 00:40:18.755000+00:00,4614.182466666666,76.90304111111111,69.08,5,47,train,13,0,4.865151405334473,1.975316882133484,9.042840003967283,2.9779391288757324,13.9960960149765,True,False,0.07872307302201133,5.420810269136909,0.0,0.0,0.0,5.420810269136909,5.420810269136909,-0.555658863802436,4.944104393368995,-0.07895298803452278,4.944104393368995,-0.07895298803452278,4.944104393368995,-0.07895298803452278
710,2026-05-15T00:41:27.792Z,2026-05-15 00:41:27.792000+00:00,4615.333083333333,76.92221805555555,69.037,5,47,train,13,1,4.413041114807129,8.425569534301758,8.869358063,8.593496322631836,25.888423919933594,True,False,0.06680564120392432,4.782722046749614,16.104141343098878,16.104141343098878,0.0,4.782722046749614,4.782722046749614,-0.36968093194248475,4.439432087724178,-0.026390972917049282,4.439432087724178,-0.026390972917049282,4.439432087724178,-0.026390972917049282
711,2026-05-15T00:42:37.221Z,2026-05-15 00:42:37.221000+00:00,4616.490233333333,76.94150388888889,69.429,5,47,train,13,2,3.987945556640625,7.478182792663574,2.815561532974243,4.534917831420898,14.828662157058716,True,False,0.06941788960198143,4.33721622722829,46.06093108205003,46.06093108205003,0.0,4.33721622722829,4.33721622722829,-0.34927067058766514,4.08707571876499,-0.0991301621243652,4.08707571876499,-0.0991301621243652,4.08707571876499,-0.0991301621243652
712,2026-05-15T00:43:46.576Z,2026-05-15 00:43:46.576000+00:00,4617.64615,76.96076916666667,69.355,5,47,train,13,3,4.393743515014648,9.093373299,9.670580863952637,4.453043460845947,23.216997623798584,True,False,0.08081989957098779,4.7870788157589645,63.201628813763485,63.201628813763485,0.0,4.7870788157589645,4.7870788157589645,-0.3933353007443161,4.442877913213457,-0.049134398198808604,4.442877913213457,-0.049134398198808604,4.442877913213457,-0.049134398198808604
713,2026-05-15T00:44:55.866Z,2026-05-15 00:44:55.866000+00:00,4618.8009833333335,76.9800163888889,69.29,5,47,train,13,4,4.301115989685059,9.923107147216797,7.318453311920166,3.4484870433807373,20.6900475025177,True,False,0.08333262868071664,4.628273663128149,90.01339156964688,90.01339156964688,0.0,4.628273663128149,4.628273663128149,-0.3271576734430903,4.317276844717593,-0.016160855032534727,4.317276844717593,-0.016160855032534727,4.317276844717593,-0.016160855032534727
714,2026-05-15T00:46:05.162Z,2026-05-15 00:46:05.162000+00:00,4619.955916666667,76.99926527777778,69.296,5,47,train,13,5,4.40587329864502,6.183122634887695,6.609888076782227,2.399478912353516,15.192489624023438,True,False,0.08420615072489969,4.789321713528858,113.90901709855467,113.90901709855467,0.0,4.789321713528858,4.789321713528858,-0.38344841488383796,4.444651850341811,-0.03877855169679023,4.444651850341811,-0.03877855169679023,4.444651850341811,-0.03877855169679023
715,2026-05-15T00:47:14.461Z,2026-05-15 00:47:14.461000+00:00,4621.1109,77.018515,69.299,5,47,train,13,6,4.412489891052246,9.139994621276855,9.108685493469238,2.3578906059265137,20.606570720672607,True,False,0.0885575788524528,4.758851552335023,131.45608940614136,131.45608940614136,0.0,4.758851552335023,4.758851552335023,-0.3463616612827769,4.420552602050517,-0.008062710998270717,4.420552602050517,-0.008062710998270717,4.420552602050517,-0.008062710998270717
716,2026-05-15T00:48:23.621Z,2026-05-15 00:48:23.621000+00:00,4622.2635666666665,77.03772611111111,69.16,5,47,train,13,7,4.572933197021484,3.940943479537964,6.500703335,4.372736930847168,14.814383745385133,True,False,0.07048316685998274,4.977636208710095,155.20859659016998,155.20859659016998,0.0,4.977636208710095,4.977636208710095,-0.40470301168861056,4.593592243119929,-0.020659046098444378,4.593592243119929,-0.020659046098444378,4.593592243119929,-0.020659046098444378
717,2026-05-15T00:49:32.812Z,2026-05-15 00:49:32.812000+00:00,4623.41675,77.05694583333334,69.191,5,47,train,13,8,4.034259796142578,8.707241058,3.57396936416626,3.877334356307984,16.158544778474244,True,False,0.07600443350893075,4.3744389785198905,172.29229701895235,172.29229701895235,0.0,4.3744389785198905,4.3744389785198905,-0.3401791823773124,4.116515678723025,-0.08225588258044692,4.116515678723025,-0.08225588258044692,4.116515678723025,-0.08225588258044692
718,2026-05-15T00:50:42.103Z,2026-05-15 00:50:42.103000+00:00,4624.571599999999,77.07619333333332,69.291,5,47,train,13,9,4.757637023925781,2.243337392807007,7.889118671417236,1.087640404701233,11.220096468925476,True,False,0.09030631859794166,5.30627166574774,190.95299245637332,190.95299245637332,0.0,5.30627166574774,5.30627166574774,-0.548634641821959,4.853514316590139,-0.0958772926643574,4.853514316590139,-0.0958772926643574,4.853514316590139,-0.0958772926643574
719,2026-05-15T00:51:51.001Z,2026-05-15 00:51:51.001000+00:00,4625.7199,77.09533166666667,68.898,5,48,train,14,0,4.517247200012207,2.5839643478393555,4.507430553436279,8.784240723,15.875635624275635,True,False,0.04466841560933846,5.002060341303488,0.0,0.0,0.0,5.002060341303488,5.002060341303488,-0.48481314129128084,4.612909608457226,-0.09566240844501905,4.612909608457226,-0.09566240844501905,4.612909608457226,-0.09566240844501905
720,2026-05-15T00:53:00.144Z,2026-05-15 00:53:00.144000+00:00,4626.872283333333,77.11453805555556,69.143,5,48,train,14,1,4.700848579406738,4.326951026916504,9.656910896,7.605649948120117,21.58951187103662,True,False,0.06477155206865298,5.108900442671295,18.29481789948817,18.29481789948817,0.0,5.108900442671295,5.108900442671295,-0.4080518632645571,4.69741083947962,0.0034377399271185993,4.69741083947962,0.0034377399271185993,4.69741083947962,0.0034377399271185993
721,2026-05-15T00:54:09.321Z,2026-05-15 00:54:09.321000+00:00,4628.025233333334,77.13375388888889,69.177,5,48,train,14,2,4.550328254699707,3.693356275558472,6.240413188934326,2.073237657546997,12.007007122039795,True,False,0.08273310212549631,4.988023176973369,43.186445611199844,43.186445611199844,0.0,4.988023176973369,4.988023176973369,-0.43769492227366236,4.601807431926383,-0.05147917722667561,4.601807431926383,-0.05147917722667561,4.601807431926383,-0.05147917722667561
722,2026-05-15T00:55:18.350Z,2026-05-15 00:55:18.350000+00:00,4629.175716666667,77.15292861111111,69.029,5,48,train,14,3,3.8991775512695312,1.8943029642105105,1.783003568649292,6.313404560089111,9.990711092948914,True,False,0.03680725524587648,4.734573155600494,57.00030718832126,57.00030718832126,0.0,4.734573155600494,4.734573155600494,-0.8353956043309632,4.4013505011066485,-0.5021729498371172,4.4013505011066485,-0.5021729498371172,4.4013505011066485,-0.5021729498371172
723,2026-05-15T00:56:27.724Z,2026-05-15 00:56:27.724000+00:00,4630.331950000001,77.17219916666667,69.374,5,48,train,14,4,4.2476348876953125,4.864665985107422,4.173658371,5.718749046325684,14.757073402433106,True,False,0.061247403937268546,4.694040941141077,68.5519003776919,68.5519003776919,0.0,4.694040941141077,4.694040941141077,-0.4464060534457648,4.369293043522502,-0.12165815582718942,4.369293043522502,-0.12165815582718942,4.369293043522502,-0.12165815582718942
724,2026-05-15T00:57:37.029Z,2026-05-15 00:57:37.029000+00:00,4631.487033333334,77.19145055555556,69.305,5,48,train,14,5,4.767010688781738,2.1905856132507324,7.364757061004639,1.1226078271865845,10.677950501441956,True,False,0.08948667324281952,5.286740083238968,85.597549913619,85.597549913619,0.0,5.286740083238968,5.286740083238968,-0.5197293944572294,4.838066532989439,-0.0710558442077005,4.838066532989439,-0.0710558442077005,4.838066532989439,-0.0710558442077005
725,2026-05-15T00:58:46.328Z,2026-05-15 00:58:46.328000+00:00,4632.642016666667,77.21070027777778,69.299,5,48,train,14,6,4.470932960510254,6.961555004119873,8.410897254943848,4.193567276000977,19.566019535064697,True,False,0.0785670904167013,4.842456702110971,97.93040477694278,97.93040477694278,0.0,4.842456702110971,4.842456702110971,-0.37152374160071666,4.486677006515073,-0.015744046004819268,4.486677006515073,-0.015744046004819268,4.486677006515073,-0.015744046004819268
726,2026-05-15T00:59:55.564Z,2026-05-15 00:59:55.564000+00:00,4633.79595,77.22993249999999,69.236,5,48,train,14,7,4.713529586791992,3.230489015579224,8.379723549,3.112520217895508,14.722732782474731,True,False,0.07885908639460937,5.174145039766348,120.5082869191051,120.5082869191051,0.0,5.174145039766348,5.174145039766348,-0.4606154529743556,4.749013643122721,-0.03548405633072882,4.749013643122721,-0.03548405633072882,4.749013643122721,-0.03548405633072882
727,2026-05-15T01:01:04.785Z,2026-05-15 01:01:04.785000+00:00,4634.949633333334,77.24916055555556,69.221,5,48,train,14,8,3.699035645,7.117587089538574,1.3675847053527832,6.172279357910156,14.657451152801514,True,False,0.057889817993830174,4.048564304432416,137.4936583513665,137.4936583513665,0.0,4.048564304432416,4.048564304432416,-0.34952865943241607,3.8587771445314973,-0.1597414995314974,3.8587771445314973,-0.1597414995314974,3.8587771445314973,-0.1597414995314974
728,2026-05-15T01:02:13.913Z,2026-05-15 01:02:13.913000+00:00,4636.101766666668,77.2683627777778,69.128,5,48,train,14,9,4.719042778015137,3.4632859230041504,9.638237953186035,7.593172073364258,20.694695949554443,True,False,0.06330860771342843,5.204729431852629,154.3809964062142,154.3809964062142,0.0,5.204729431852629,5.204729431852629,-0.485686653837492,4.773203238118192,-0.05416046010305564,4.773203238118192,-0.05416046010305564,4.773203238118192,-0.05416046010305564
729,2026-05-15T01:03:23.439Z,2026-05-15 01:03:23.439000+00:00,4637.260533333333,77.28767555555555,69.526,5,49,train,15,0,4.064584732055664,7.889843940734863,3.575603485107422,9.000218391418457,20.465665817260742,True,False,0.05602284102661506,4.417660878989442,0.0,0.0,0.0,4.417660878989442,4.417660878989442,-0.35307614693377776,4.150700444087773,-0.08611571203210922,4.150700444087773,-0.08611571203210922,4.150700444087773,-0.08611571203210922
730,2026-05-15T01:04:32.618Z,2026-05-15 01:04:32.618000+00:00,4638.4135166666665,77.30689194444444,69.179,5,49,train,15,1,4.723454475402832,3.227600098,8.769061088562012,2.7885570526123047,14.785218239174316,True,False,0.0811395610974219,5.194247366018998,23.596571592871346,23.596571592871346,0.0,5.194247366018998,5.194247366018998,-0.470792890616166,4.764912835401797,-0.0414583599989653,4.764912835401797,-0.0414583599989653,4.764912835401797,-0.0414583599989653
731,2026-05-15T01:05:41.752Z,2026-05-15 01:05:41.752000+00:00,4639.56575,77.32609583333333,69.134,5,49,train,15,2,4.547571182250977,4.153491973876953,6.712915420532227,2.1483588218688965,13.014766216278076,True,False,0.08349291269495214,4.968734521300777,40.632592888655964,40.632592888655964,0.0,4.968734521300777,4.968734521300777,-0.42116333904980063,4.586551782331948,-0.03898060008097115,4.586551782331948,-0.03898060008097115,4.586551782331948,-0.03898060008097115
732,2026-05-15T01:06:50.871Z,2026-05-15 01:06:50.871000+00:00,4640.717733333334,77.34529555555557,69.119,5,49,train,15,3,4.257007598876953,2.058003187179565,2.038094282150269,6.040048599243164,10.136146068572998,True,False,0.04041079757157147,4.756531254153784,55.625386657038035,55.625386657038035,0.0,4.756531254153784,4.756531254153784,-0.49952365527683096,4.418717447926329,-0.1617098490493758,4.418717447926329,-0.1617098490493758,4.418717447926329,-0.1617098490493758
733,2026-05-15T01:08:00.281Z,2026-05-15 01:08:00.281000+00:00,4641.874566666666,77.3645761111111,69.41,5,49,train,15,4,4.148941993713379,1.5332051515579224,1.338006854057312,6.814852237701416,9.68606424331665,True,False,0.02964271073874366,4.702027196647479,67.3512183006989,67.3512183006989,0.0,4.702027196647479,4.702027196647479,-0.5530852029341,4.375609477267048,-0.22666748355366906,4.375609477267048,-0.22666748355366906,4.375609477267048,-0.22666748355366906
734,2026-05-15T01:09:09.457Z,2026-05-15 01:09:09.457000+00:00,4643.0275,77.38379166666667,69.176,5,49,train,15,5,3.7514142990112314,7.951995849609375,1.652266263961792,1.151108980178833,10.75537109375,True,False,0.08929735691920712,4.080434984193641,78.51860463562679,78.51860463562679,0.0,4.080434984193641,4.080434984193641,-0.32902068518240934,3.8839840812422053,-0.13256978223097393,3.8839840812422053,-0.13256978223097393,3.8839840812422053,-0.13256978223097393
735,2026-05-15T01:10:18.751Z,2026-05-15 01:10:18.751000+00:00,4644.182400000001,77.40304,69.294,5,49,train,15,6,4.359007835388184,6.619947910308838,6.932364463806152,3.645730495452881,17.19804286956787,True,False,0.07880148035969814,4.7803925249699395,90.93998271179866,90.93998271179866,0.0,4.7803925249699395,4.7803925249699395,-0.4213846895817559,4.43758963853557,-0.07858180314738661,4.43758963853557,-0.07858180314738661,4.43758963853557,-0.07858180314738661
736,2026-05-15T01:11:27.774Z,2026-05-15 01:11:27.774000+00:00,4645.332783333333,77.42221305555556,69.023,5,49,train,15,7,4.746059417724609,2.933581113815308,8.892245292663574,7.400453567504883,19.226279973983765,True,False,0.06150865597755322,5.241830200296215,110.72432459490172,110.72432459490172,0.0,5.241830200296215,5.241830200296215,-0.495770782571606,4.802546720249186,-0.05648730252457668,4.802546720249186,-0.05648730252457668,4.802546720249186,-0.05648730252457668
737,2026-05-15T01:12:37.050Z,2026-05-15 01:12:37.050000+00:00,4646.487383333334,77.4414563888889,69.276,5,49,train,15,8,4.494090080261231,4.055516242980957,6.043869972229004,5.259434223175049,15.35882043838501,True,False,0.06575626204971714,4.9335892140886655,132.92298745286337,132.92298745286337,0.0,4.9335892140886655,4.9335892140886655,-0.4394991338274341,4.558754900018445,-0.06466481975721372,4.558754900018445,-0.06466481975721372,4.558754900018445,-0.06466481975721372
738,2026-05-15T01:13:46.234Z,2026-05-15 01:13:46.234000+00:00,4647.640450000001,77.46067416666668,69.184,5,49,train,15,9,3.8688535690307617,4.657606125,1.4004971981048584,4.148589134216309,10.206692457321168,True,False,0.05935422614560544,4.240482370911627,150.63273133968386,150.63273133968386,0.0,4.240482370911627,4.240482370911627,-0.3716288018808651,4.010567648895596,-0.1417140798648342,4.010567648895596,-0.1417140798648342,4.010567648895596,-0.1417140798648342
739,2026-05-15T01:14:55.539Z,2026-05-15 01:14:55.539000+00:00,4648.795533333334,77.47992555555557,69.305,5,50,train,16,0,4.860740661621094,2.039508343,9.044146537780762,8.553600311279297,19.63725519206006,True,False,0.05644197609278012,5.407042732727435,0.0,0.0,0.0,5.407042732727435,5.407042732727435,-0.5463020711063411,4.933215469080716,-0.07247480745962243,4.933215469080716,-0.07247480745962243,4.933215469080716,-0.07247480745962243
740,2026-05-15T01:16:04.815Z,2026-05-15 01:16:04.815000+00:00,4649.950133333333,77.49916888888887,69.276,5,50,train,16,1,4.822146415710449,2.79013466835022,9.908740043640137,8.287394523620605,20.986269235610962,True,False,0.06051039643788627,5.310597925611784,22.673174844752545,22.673174844752545,0.0,5.310597925611784,5.310597925611784,-0.4884515099013349,4.856936011998083,-0.03478959628763345,4.856936011998083,-0.03478959628763345,4.856936011998083,-0.03478959628763345
741,2026-05-15T01:17:14.006Z,2026-05-15 01:17:14.006000+00:00,4651.103316666667,77.5183886111111,69.191,5,50,train,16,2,4.977627754211426,1.705196976661682,9.764240264892578,2.522738456726074,13.992175698280334,True,False,0.08197036321494931,5.517990789078807,46.87419075610518,46.87419075610518,0.0,5.517990789078807,5.517990789078807,-0.5403630348673811,5.0209657353310035,-0.04333798111957776,5.0209657353310035,-0.04333798111957776,5.0209657353310035,-0.04333798111957776
742,2026-05-15T01:18:22.720Z,2026-05-15 01:18:22.720000+00:00,4652.24855,77.53747583333333,68.714,5,50,train,16,3,4.121373176574707,6.0290398597717285,3.0965070724487305,4.719962120056152,13.845509052276611,True,False,0.0659097971606898,4.471615787360733,62.89849677163242,62.89849677163242,0.0,4.471615787360733,4.471615787360733,-0.3502426107860259,4.193374085526758,-0.07200090895205058,4.193374085526758,-0.07200090895205058,4.193374085526758,-0.07200090895205058
743,2026-05-15T01:19:31.754Z,2026-05-15 01:19:31.754000+00:00,4653.3991166666665,77.55665194444444,69.034,5,50,train,16,4,4.215104103088379,1.0728204250335691,1.3194022178649902,9.344726563,11.73694920589856,True,False,0.02038198002677149,4.8510641648661865,78.82867797021349,78.82867797021349,0.0,4.8510641648661865,4.8510641648661865,-0.6359600617778076,4.493484761182875,-0.2783806580944965,4.493484761182875,-0.2783806580944965,4.493484761182875,-0.2783806580944965
744,2026-05-15T01:20:40.770Z,2026-05-15 01:20:40.770000+00:00,4654.549383333333,77.57582305555555,69.016,5,50,train,16,5,3.826950073242188,6.437691688537598,1.6673561334609983,3.693315744400024,11.79836356639862,True,False,0.06869637281801966,4.175874341490059,92.32929941011841,92.32929941011841,0.0,4.175874341490059,4.175874341490059,-0.3489242682478708,3.9594683149361605,-0.13251824169397253,3.9594683149361605,-0.13251824169397253,3.9594683149361605,-0.13251824169397253
745,2026-05-15T01:21:49.958Z,2026-05-15 01:21:49.958000+00:00,4655.702516666667,77.59504194444445,69.188,5,50,train,16,6,4.4885759353637695,7.120830059051514,9.731969833374023,1.0208641290664673,17.873664021492004,True,False,0.09428844512328899,4.895910018421253,105.93438571731821,105.93438571731821,0.0,4.895910018421253,4.895910018421253,-0.4073340830574832,4.528953932244472,-0.04037799688070276,4.528953932244472,-0.04037799688070276,4.528953932244472,-0.04037799688070276
746,2026-05-15T01:22:59.400Z,2026-05-15 01:22:59.400000+00:00,4656.8598833333335,77.61433138888889,69.442,5,50,train,16,7,4.657842636108398,1.355652093887329,4.21019458770752,6.206289291381836,11.772135972976685,True,False,0.04727983684839718,5.252432711558478,126.62076866699233,126.62076866699233,0.0,5.252432711558478,5.252432711558478,-0.5945900754500792,4.81093238482756,-0.1530897487191618,4.81093238482756,-0.1530897487191618,4.81093238482756,-0.1530897487191618
747,2026-05-15T01:24:08.696Z,2026-05-15 01:24:08.696000+00:00,4658.014816666667,77.63358027777778,69.296,5,50,train,16,8,4.175957679748535,4.841530799865723,3.1150059700012207,1.7374950647354126,9.694031834602356,True,False,0.08207665196091567,4.569075182047427,140.21680090671555,140.21680090671555,0.0,4.569075182047427,4.569075182047427,-0.39311750229889153,4.270455993165274,-0.09449831341673853,4.270455993165274,-0.09449831341673853,4.270455993165274,-0.09449831341673853
748,2026-05-15T01:25:17.755Z,2026-05-15 01:25:17.755000+00:00,4659.1658,77.65276333333333,69.059,5,50,train,16,9,4.431235313415527,7.044685363769531,8.170198440551758,4.353118896484375,19.568002700805664,True,False,0.0777538926018998,4.824707345334441,151.3744699811456,151.3744699811456,0.0,4.824707345334441,4.824707345334441,-0.3934720319189138,4.472638808513847,-0.04140349509831953,4.472638808513847,-0.04140349509831953,4.472638808513847,-0.04140349509831953
749,2026-05-15T01:26:27.126Z,2026-05-15 01:26:27.126000+00:00,4660.321983333333,77.67203305555556,69.371,5,51,train,17,0,4.107038497924805,9.732174873,4.929239273071289,8.326600074768066,22.988014220839354,True,False,0.06377851520893987,4.465613954796516,0.0,0.0,0.0,4.465613954796516,4.465613954796516,-0.3585754568717112,4.188627157794813,-0.0815886598700084,4.188627157794813,-0.0815886598700084,4.188627157794813,-0.0815886598700084
750,2026-05-15T01:27:36.520Z,2026-05-15 01:27:36.520000+00:00,4661.47855,77.69130916666667,69.394,5,51,train,17,1,4.467073440551758,6.604974269866943,8.684326172,6.922669887542725,22.211970329409667,True,False,0.06883360735280296,4.879204564301482,26.587170980682103,26.587170980682103,0.0,4.879204564301482,4.879204564301482,-0.4121311237497238,4.515741370483144,-0.048667929931386134,4.515741370483144,-0.048667929931386134,4.515741370483144,-0.048667929931386134
751,2026-05-15T01:28:45.699Z,2026-05-15 01:28:45.699000+00:00,4662.631533333333,77.71052555555555,69.179,5,51,train,17,2,3.893113136291504,8.231775283813477,2.360337257385254,5.895820140838623,16.487932682037354,True,False,0.06424160472669944,4.219830099564136,52.19720257098596,52.19720257098596,0.0,4.219830099564136,4.219830099564136,-0.32671696327263167,3.9942334978612037,-0.10112036156969983,3.9942334978612037,-0.10112036156969983,3.9942334978612037,-0.10112036156969983
752,2026-05-15T01:29:55.079Z,2026-05-15 01:29:55.079000+00:00,4663.787866666667,77.72979777777778,69.38,5,51,train,17,3,4.559149742126465,4.960491180419922,8.309014320373535,2.227839946746826,15.497345447540283,True,False,0.08562437706323164,4.984249518567492,71.26274872898182,71.26274872898182,0.0,4.984249518567492,4.984249518567492,-0.42509977644102737,4.598822796226189,-0.039673054099724325,4.598822796226189,-0.039673054099724325,4.598822796226189,-0.039673054099724325
753,2026-05-15T01:31:04.038Z,2026-05-15 01:31:04.038000+00:00,4664.937183333333,77.74895305555556,68.959,5,51,train,17,4,4.495744705200195,5.664956092834473,7.566265583,4.502905368804932,17.734127044639404,True,False,0.0746088129544214,4.885994135045409,89.07410614093067,89.07410614093067,0.0,4.885994135045409,4.885994135045409,-0.3902494298452135,4.521111330625734,-0.025366625425538913,4.521111330625734,-0.025366625425538913,4.521111330625734,-0.025366625425538913
754,2026-05-15T01:32:13.100Z,2026-05-15 01:32:13.100000+00:00,4666.088216666667,77.76813694444445,69.062,5,51,train,17,5,5.016223907470703,1.1172382831573486,8.854835510253906,7.596809864044189,17.568883657455444,True,False,0.05675986014728691,5.6592030164131,109.48667750687878,109.48667750687878,0.0,5.6592030164131,5.6592030164131,-0.6429791089423968,5.132652329525469,-0.11642842205476622,5.132652329525469,-0.11642842205476622,5.132652329525469,-0.11642842205476622
755,2026-05-15T01:33:22.439Z,2026-05-15 01:33:22.439000+00:00,4667.243866666667,77.78739777777778,69.339,5,51,train,17,6,4.484165191650391,5.387366295,7.028181076049805,2.6624906063079834,15.078037977357788,True,False,0.08234192929938125,4.875752289517386,129.79015790561715,129.79015790561715,0.0,4.875752289517386,4.875752289517386,-0.39158709786699575,4.5130109212852405,-0.02884572963484988,4.5130109212852405,-0.02884572963484988,4.5130109212852405,-0.02884572963484988
756,2026-05-15T01:34:31.834Z,2026-05-15 01:34:31.834000+00:00,4668.40045,77.80667416666667,69.395,5,51,train,17,7,4.177612305,9.154090881347656,5.143506050109863,7.11618185,21.41377878145752,True,False,0.06676821068048953,4.5105154474164415,147.2291653295962,147.2291653295962,0.0,4.5105154474164415,4.5105154474164415,-0.33290314241644126,4.224140334519203,-0.04652802951920254,4.224140334519203,-0.04652802951920254,4.224140334519203,-0.04652802951920254
757,2026-05-15T01:35:40.930Z,2026-05-15 01:35:40.930000+00:00,4669.55205,77.8258675,69.096,5,51,train,17,8,4.625312805175781,4.829179763793945,9.014965057373049,4.960478782653809,18.8046236038208,True,False,0.07362096212526202,5.031332294977897,171.8892729743227,171.8892729743227,0.0,5.031332294977897,5.031332294977897,-0.4060194898021159,4.636061178778212,-0.010748373602431194,4.636061178778212,-0.010748373602431194,4.636061178778212,-0.010748373602431194
758,2026-05-15T01:36:49.895Z,2026-05-15 01:36:49.895000+00:00,4670.701466666666,77.84502444444443,68.965,5,51,train,17,9,4.278510093688965,2.045252561569214,2.0637545585632324,5.834568023681641,9.943575143814087,True,False,0.04132323697165065,4.764633889930063,193.50362075494772,193.50362075494772,0.0,4.764633889930063,4.764633889930063,-0.486123796241098,4.425125928345723,-0.14661583465675854,4.425125928345723,-0.14661583465675854,4.425125928345723,-0.14661583465675854
759,2026-05-15T01:37:59.180Z,2026-05-15 01:37:59.180000+00:00,4671.856216666667,77.86427027777778,69.285,5,52,train,18,0,4.865151405334473,2.222325325012207,9.451854705810549,2.481970787,14.156150817822756,True,False,0.08246719168974118,5.388848898721972,0.0,0.0,0.0,5.388848898721972,5.388848898721972,-0.5236974933874992,4.918825728236254,-0.05367432290178176,4.918825728236254,-0.05367432290178176,4.918825728236254,-0.05367432290178176
760,2026-05-15T01:39:08.443Z,2026-05-15 01:39:08.443000+00:00,4673.0106,77.88350999999999,69.263,5,52,train,18,1,4.580652236938477,4.057123184204102,6.602071285247803,6.656601428985596,17.3157958984375,True,False,0.06155763519027008,4.971781368396538,16.341624568247628,16.341624568247628,0.0,4.971781368396538,4.971781368396538,-0.3911291314580616,4.5889615734780875,-0.008309336539610968,4.5889615734780875,-0.008309336539610968,4.5889615734780875,-0.008309336539610968
761,2026-05-15T01:40:17.797Z,2026-05-15 01:40:17.797000+00:00,4674.1665,77.902775,69.354,5,52,train,18,2,4.913671493530273,1.4525798559188845,7.722254276275635,8.20134449,17.37617862219452,True,False,0.05280121902335617,5.485805601889944,36.35695304725154,36.35695304725154,0.0,5.485805601889944,5.485805601889944,-0.5721341083596707,4.995510050589726,-0.0818385570594522,4.995510050589726,-0.0818385570594522,4.995510050589726,-0.0818385570594522
762,2026-05-15T01:41:27.298Z,2026-05-15 01:41:27.298000+00:00,4675.32485,77.92208083333334,69.501,5,52,train,18,3,4.331991195678711,8.845995903015137,7.496705055236816,4.0699872970581055,20.41268825531006,True,False,0.0800614831023084,4.6885711833472135,56.48464955427056,56.48464955427056,0.0,4.6885711833472135,4.6885711833472135,-0.3565799876685025,4.36496694067293,-0.032975744994218736,4.36496694067293,-0.032975744994218736,4.36496694067293,-0.032975744994218736
763,2026-05-15T01:42:36.720Z,2026-05-15 01:42:36.720000+00:00,4676.481883333333,77.94136472222222,69.422,5,52,train,18,4,4.459354400634766,4.384469509124756,5.961052417755127,2.483749866485596,12.829271793365479,True,False,0.08063997780630043,4.893687589808349,80.10281028860614,80.10281028860614,0.0,4.893687589808349,4.893687589808349,-0.4343331891735831,4.527196184439617,-0.06784178380485173,4.527196184439617,-0.06784178380485173,4.527196184439617,-0.06784178380485173
764,2026-05-15T01:43:45.779Z,2026-05-15 01:43:45.779000+00:00,4677.632866666667,77.96054777777778,69.059,5,52,train,18,5,4.266380310058594,4.184394836425781,3.332782745361328,2.444040298461914,9.961217880249023,True,False,0.07546444292411347,4.661682496182333,94.86908830157324,94.86908830157324,0.0,4.661682496182333,4.661682496182333,-0.3953021861237396,4.343700326949059,-0.0773200168904653,4.343700326949059,-0.0773200168904653,4.343700326949059,-0.0773200168904653
765,2026-05-15T01:44:55.340Z,2026-05-15 01:44:55.340000+00:00,4678.792216666667,77.97987027777778,69.561,5,52,train,18,6,4.2217206954956055,5.881371021270752,3.986451387405396,5.947376251220703,15.81519865989685,True,False,0.06239455235992912,4.591847653707731,106.41762625103995,106.41762625103995,0.0,4.591847653707731,4.591847653707731,-0.3701269582121256,4.2884670383073376,-0.06674634281173208,4.2884670383073376,-0.06674634281173208,4.2884670383073376,-0.06674634281173208
766,2026-05-15T01:46:04.695Z,2026-05-15 01:46:04.695000+00:00,4679.948133333333,77.99913555555555,69.355,5,52,train,18,7,4.343569755554199,7.453927993774414,7.062913417816162,1.7887964248657229,16.3056378364563,True,False,0.08902958324717408,4.736956498027511,124.69867796865906,124.69867796865906,0.0,4.736956498027511,4.736956498027511,-0.39338674247331173,4.403235517747895,-0.05966576219369557,4.403235517747895,-0.05966576219369557,4.403235517747895,-0.05966576219369557
767,2026-05-15T01:47:13.927Z,2026-05-15 01:47:13.927000+00:00,4681.102,78.01836666666667,69.232,5,52,train,18,8,4.364521026611328,1.684970140457153,2.1892099380493164,1.2077327966690063,5.081912875175476,True,False,0.07623468118533411,4.87400503182147,143.51320994688476,143.51320994688476,0.0,4.87400503182147,4.87400503182147,-0.5094840052101421,4.5116289923622235,-0.14710796575089535,4.5116289923622235,-0.14710796575089535,4.5116289923622235,-0.14710796575089535
768,2026-05-15T01:48:23.135Z,2026-05-15 01:48:23.135000+00:00,4682.2554666666665,78.03759111111111,69.208,5,52,train,18,9,4.710221290588379,1.9448988437652588,5.994935989379883,3.326789379119873,11.266624212265015,True,False,0.07047217235222702,5.249075254582889,149.37502705130382,149.37502705130382,0.0,5.249075254582889,5.249075254582889,-0.5388539639945105,4.808276928272299,-0.09805563768392034,4.808276928272299,-0.09805563768392034,4.808276928272299,-0.09805563768392034
769,2026-05-15T01:49:32.354Z,2026-05-15 01:49:32.354000+00:00,4683.409116666667,78.05681861111111,69.219,5,53,train,19,0,4.019372940063477,4.74005127,2.1933274269104004,7.856081485748291,14.789460182658692,True,False,0.04688053932516144,4.42692211140519,0.0,0.0,0.0,4.42692211140519,4.42692211140519,-0.40754917134171365,4.158025273715379,-0.1386523336519021,4.158025273715379,-0.1386523336519021,4.158025273715379,-0.1386523336519021
770,2026-05-15T01:50:41.578Z,2026-05-15 01:50:41.578000+00:00,4684.56285,78.0760475,69.224,5,53,train,19,1,4.110898017883301,7.094471454620361,3.580770492553711,2.1966326236724854,12.871874570846558,True,False,0.08293463309029109,4.463863507444965,17.063093194739423,17.063093194739423,0.0,4.463863507444965,4.463863507444965,-0.3529654895616643,4.187242706131512,-0.07634468824821106,4.187242706131512,-0.07634468824821106,4.187242706131512,-0.07634468824821106
771,2026-05-15T01:51:50.941Z,2026-05-15 01:51:50.941000+00:00,4685.718900000001,78.09531500000001,69.363,5,53,train,19,2,4.386023521,9.614319801330566,9.61400032,6.124859333,25.35317945433057,True,False,0.07584184916912337,4.7603832519384115,31.943623792366587,31.943623792366587,0.0,4.7603832519384115,4.7603832519384115,-0.37435973093841124,4.421764043263936,-0.03574052226393576,4.421764043263936,-0.03574052226393576,4.421764043263936,-0.03574052226393576
772,2026-05-15T01:53:00.464Z,2026-05-15 01:53:00.464000+00:00,4686.877616666667,78.11462694444444,69.523,5,53,train,19,3,4.137363433837891,2.524498701095581,1.7730813026428225,5.805668354034424,10.103248357772827,True,False,0.042536616457934606,4.607593118432711,61.32077537909032,61.32077537909032,0.0,4.607593118432711,4.607593118432711,-0.4702296845948206,4.300920331923188,-0.1635568980852975,4.300920331923188,-0.1635568980852975,4.300920331923188,-0.1635568980852975
773,2026-05-15T01:54:09.830Z,2026-05-15 01:54:09.830000+00:00,4688.033716666667,78.13389527777778,69.366,5,53,train,19,4,4.745508193969727,1.7785868644714355,6.262638568878174,5.761371136,13.80259656934961,True,False,0.058258787706699726,5.306895680422922,73.00114080551148,73.00114080551148,0.0,5.306895680422922,5.306895680422922,-0.5613874864531958,4.854007857943563,-0.10849966397383604,4.854007857943563,-0.10849966397383604,4.854007857943563,-0.10849966397383604
774,2026-05-15T01:55:18.863Z,2026-05-15 01:55:18.863000+00:00,4689.184266666666,78.1530711111111,69.033,5,53,train,19,5,4.3799591064453125,7.065398693084717,6.815913200378418,6.659376621246338,20.540688514709473,True,False,0.06757958421657839,4.744850072749066,88.88171828837667,88.88171828837667,0.0,4.744850072749066,4.744850072749066,-0.3648909663037534,4.409478649049712,-0.029519542604399263,4.409478649049712,-0.029519542604399263,4.409478649049712,-0.029519542604399263
775,2026-05-15T01:56:28.382Z,2026-05-15 01:56:28.382000+00:00,4690.3429166666665,78.17238194444444,69.519,5,53,train,19,6,4.543160438537598,4.009778976,7.001586437225342,8.872658729553223,19.884024142778564,True,False,0.055377952340821435,5.002412843383846,112.68118703594482,112.68118703594482,0.0,5.002412843383846,5.002412843383846,-0.4592524048462483,4.613188406954671,-0.07002796841707326,4.613188406954671,-0.07002796841707326,4.613188406954671,-0.07002796841707326
776,2026-05-15T01:57:37.471Z,2026-05-15 01:57:37.471000+00:00,4691.4944,78.19157333333332,69.089,5,53,train,19,7,4.286229133605957,1.0218379497528076,1.3900972604751587,2.324546813964844,4.73648202419281,True,False,0.050922503197697824,4.8941088870216864,135.57730943595195,135.57730943595195,0.0,4.8941088870216864,4.8941088870216864,-0.6078797534157294,4.5275293939058905,-0.24130026029993346,4.5275293939058905,-0.24130026029993346,4.5275293939058905,-0.24130026029993346
777,2026-05-15T01:58:46.713Z,2026-05-15 01:58:46.713000+00:00,4692.648433333334,78.21080722222223,69.242,5,53,train,19,8,4.587820053100586,4.506059646606445,7.862677097320557,6.358954906463623,18.727691650390625,True,False,0.06604517510661286,5.002056099658508,141.0433675746046,141.0433675746046,0.0,5.002056099658508,5.002056099658508,-0.4142360465579218,4.612906253684835,-0.025086200584248708,4.612906253684835,-0.025086200584248708,4.612906253684835,-0.025086200584248708
778,2026-05-15T01:59:56.200Z,2026-05-15 01:59:56.200000+00:00,4693.806549999999,78.23010916666665,69.487,5,53,train,19,9,4.695885658,3.864987134933472,9.484960556030272,3.106628894805908,16.456576585769653,True,False,0.08112226514053794,5.150071680963109,162.73221940311615,162.73221940311615,0.0,5.150071680963109,5.150071680963109,-0.4541860229631087,4.7299737093555825,-0.03408805135558257,4.7299737093555825,-0.03408805135558257,4.7299737093555825,-0.03408805135558257
779,2026-05-15T02:01:05.311Z,2026-05-15 02:01:05.311000+00:00,4694.9584,78.24930666666667,69.111,5,54,train,20,0,4.647918701171875,1.699917912483215,4.482192993164063,7.649719238,13.831830143647279,True,False,0.04469481508552659,5.181383576426558,0.0,0.0,0.0,5.181383576426558,5.181383576426558,-0.5334648752546833,4.754738696269974,-0.10681999509809881,4.754738696269974,-0.10681999509809881,4.754738696269974,-0.10681999509809881
780,2026-05-15T02:02:14.720Z,2026-05-15 02:02:14.720000+00:00,4696.115216666667,78.26858694444445,69.409,5,54,train,20,1,4.433992385864258,6.208259105682373,6.989808082580566,9.438173294067385,22.636240482330322,True,False,0.05830503169713739,4.811956416020658,16.00089164067357,16.00089164067357,0.0,4.811956416020658,4.811956416020658,-0.37796403015640045,4.46255393204986,-0.02856154618560236,4.46255393204986,-0.02856154618560236,4.46255393204986,-0.02856154618560236
781,2026-05-15T02:03:24.044Z,2026-05-15 02:03:24.044000+00:00,4697.270616666667,78.28784361111111,69.324,5,54,train,20,2,4.6605987548828125,2.584700584411621,5.920713424682617,3.195745944976806,11.701159954071045,True,False,0.07268863977998224,5.120177923248198,42.15480389395802,42.15480389395802,0.0,5.120177923248198,5.120177923248198,-0.45957916836538537,4.706330346101003,-0.045731591218190815,4.706330346101003,-0.045731591218190815,4.706330346101003,-0.045731591218190815
782,2026-05-15T02:04:33.417Z,2026-05-15 02:04:33.417000+00:00,4698.426833333333,78.30711388888888,69.373,5,54,train,20,3,3.915718078613281,6.591556072235107,2.2232565879821777,6.6599531173706055,15.47476577758789,True,False,0.05696249485716793,4.290072053525095,55.68388005218753,55.68388005218753,0.0,4.290072053525095,4.290072053525095,-0.3743539749118141,4.049788776292527,-0.13407069767924584,4.049788776292527,-0.13407069767924584,4.049788776292527,-0.13407069767924584
783,2026-05-15T02:05:42.711Z,2026-05-15 02:05:42.711000+00:00,4699.581733333333,78.32636222222223,69.294,5,54,train,20,4,4.643507957458496,3.15656852722168,7.121514320373535,1.5559884309768677,11.834071278572083,True,False,0.0868516219452363,5.113538058690762,73.55568704872378,73.55568704872378,0.0,5.113538058690762,5.113538058690762,-0.47003010123226563,4.701078790535797,-0.0575708330773006,4.701078790535797,-0.0575708330773006,4.701078790535797,-0.0575708330773006
784,2026-05-15T02:06:51.820Z,2026-05-15 02:06:51.820000+00:00,4700.73355,78.34555916666666,69.109,5,54,train,20,5,4.416348457336426,8.734155654907227,9.325912475585938,4.951785087585449,23.011853218078613,True,False,0.07848158928940492,4.7888307387393345,87.18636758190442,87.18636758190442,0.0,4.7888307387393345,4.7888307387393345,-0.37248228140290873,4.444263531970857,-0.027915074634431214,4.444263531970857,-0.027915074634431214,4.444263531970857,-0.027915074634431214
785,2026-05-15T02:08:00.818Z,2026-05-15 02:08:00.818000+00:00,4701.883516666667,78.36472527777778,68.998,5,54,train,20,6,4.403116226196289,7.301874638,7.8912248611450195,3.389267444610596,18.582366943755616,True,False,0.08176084104425933,4.794051939357693,113.6492317209209,113.6492317209209,0.0,4.794051939357693,4.794051939357693,-0.3909357131614035,4.4483930477052835,-0.04527682150899448,4.4483930477052835,-0.04527682150899448,4.4483930477052835,-0.04527682150899448
786,2026-05-15T02:09:10.115Z,2026-05-15 02:09:10.115000+00:00,4703.038466666667,78.38397444444445,69.297,5,54,train,20,7,4.639097213745117,3.855590581893921,7.502263546,1.2616844177246094,12.61953854561853,True,False,0.09000213507678012,5.049293504019629,135.11093642261145,135.11093642261145,0.0,5.049293504019629,5.049293504019629,-0.410196290274512,4.6502669335018245,-0.01116971975670733,4.6502669335018245,-0.01116971975670733,4.6502669335018245,-0.01116971975670733
787,2026-05-15T02:10:19.549Z,2026-05-15 02:10:19.549000+00:00,4704.1957,78.40326166666667,69.434,5,54,train,20,8,4.519452095031738,3.1253910064697266,5.0226240158081055,2.962446689605713,11.110461711883545,True,False,0.07333642141588828,4.96629697481429,149.71468707888607,149.71468707888607,0.0,4.96629697481429,4.96629697481429,-0.44684487978255216,4.584623894992405,-0.06517179996066691,4.584623894992405,-0.06517179996066691,4.584623894992405,-0.06517179996066691
788,2026-05-15T02:11:28.613Z,2026-05-15 02:11:28.613000+00:00,4705.346766666667,78.42244611111111,69.064,5,54,train,20,9,4.696989059448242,1.834064007,5.217957973480225,3.9903085231781006,11.042330503658325,True,False,0.06386352933507913,5.2143018020976335,162.5035692067115,162.5035692067115,0.0,5.2143018020976335,5.2143018020976335,-0.5173127426493913,4.780774150717015,-0.08378509126877276,4.780774150717015,-0.08378509126877276,4.780774150717015,-0.08378509126877276
789,2026-05-15T02:12:37.991Z,2026-05-15 02:12:37.991000+00:00,4706.503066666667,78.44171777777778,69.378,5,55,train,21,0,4.343018531799316,3.730672836303711,3.6420857906341553,4.641317367553711,12.014075994491577,True,False,0.06136767097459894,4.75006637302362,0.0,0.0,0.0,4.75006637302362,4.75006637302362,-0.40704784122430393,4.413604289038249,-0.07058575723893235,4.413604289038249,-0.07058575723893235,4.413604289038249,-0.07058575723893235
790,2026-05-15T02:13:47.433Z,2026-05-15 02:13:47.433000+00:00,4707.6604333333335,78.46100722222222,69.442,5,55,train,21,1,4.209589958190918,6.200974464416504,4.269618988037109,3.392470359802246,13.86306381225586,True,False,0.07552871136030494,4.598529210319478,13.904691086824734,13.904691086824734,0.0,4.598529210319478,4.598529210319478,-0.3889392521285604,4.293751568662609,-0.0841616104716909,4.293751568662609,-0.0841616104716909,4.293751568662609,-0.0841616104716909
791,2026-05-15T02:14:56.581Z,2026-05-15 02:14:56.581000+00:00,4708.8129,78.480215,69.148,5,55,train,21,2,4.206833839416504,4.79615593,3.6087708473205566,9.239061356,17.64398813332056,True,False,0.04763620738016655,4.637323582786116,29.881410028322534,29.881410028322534,0.0,4.637323582786116,4.637323582786116,-0.43048974336961177,4.324434544326276,-0.11760070490977181,4.324434544326276,-0.11760070490977181,4.324434544326276,-0.11760070490977181
792,2026-05-15T02:16:05.727Z,2026-05-15 02:16:05.727000+00:00,4709.965333333333,78.49942222222221,69.146,5,55,train,21,3,4.223925590515137,8.564431190490723,5.561652660369873,7.092403411865234,21.21848726272583,True,False,0.06657441539518068,4.573235298426096,50.214930086098924,50.214930086098924,0.0,4.573235298426096,4.573235298426096,-0.34930970791095906,4.2737462835215485,-0.04982069300641179,4.2737462835215485,-0.04982069300641179,4.2737462835215485,-0.04982069300641179
793,2026-05-15T02:17:14.884Z,2026-05-15 02:17:14.884000+00:00,4711.11795,78.5186325,69.157,5,55,train,21,4,4.431235313415527,3.353492259979248,4.455084323883057,7.412999153137207,15.221575736999512,True,False,0.05129939711091657,4.883810109471006,74.6717121465711,74.6717121465711,0.0,4.883810109471006,4.883810109471006,-0.4525747960554787,4.519383956285401,-0.08814864286987323,4.519383956285401,-0.08814864286987323,4.519383956285401,-0.08814864286987323
794,2026-05-15T02:18:23.986Z,2026-05-15 02:18:23.986000+00:00,4712.26965,78.5378275,69.102,5,55,train,21,5,4.734480857849121,2.789015293121338,7.652313232421875,5.981151103973389,16.4224796295166,True,False,0.06357948836652359,5.19856270203279,92.20240092287344,92.20240092287344,0.0,5.19856270203279,5.19856270203279,-0.46408184418366893,4.76832589099396,-0.03384503314483922,4.76832589099396,-0.03384503314483922,4.76832589099396,-0.03384503314483922
795,2026-05-15T02:19:33.424Z,2026-05-15 02:19:33.424000+00:00,4713.42695,78.55711583333333,69.438,5,55,train,21,6,4.573485374450684,4.891846656799316,7.821957111358643,4.368135452270508,17.081939220428467,True,False,0.07442833980437884,4.96411032257484,111.208136598113,111.208136598113,0.0,4.96411032257484,4.96411032257484,-0.3906249481241568,4.582894443188393,-0.009409068737709525,4.582894443188393,-0.009409068737709525,4.582894443188393,-0.009409068737709525
796,2026-05-15T02:20:42.735Z,2026-05-15 02:20:42.735000+00:00,4714.582133333333,78.5763688888889,69.311,5,55,train,21,7,3.654927253723145,9.299343109,1.3915855884552002,2.318131685256958,13.009060382712159,True,False,0.08218063705555906,3.94038762727788,130.94090808656497,130.94090808656497,0.0,3.94038762727788,3.94038762727788,-0.2854603735547352,3.773218798269719,-0.1182915445465742,3.773218798269719,-0.1182915445465742,3.773218798269719,-0.1182915445465742
797,2026-05-15T02:21:52.209Z,2026-05-15 02:21:52.209000+00:00,4715.7400333333335,78.59566722222222,69.474,5,55,train,21,8,4.590025901794434,1.5763221979141235,4.401443958282471,9.214725494384766,15.19249165058136,True,False,0.039346845097445536,5.206303677056783,146.00409910370738,146.00409910370738,0.0,5.206303677056783,5.206303677056783,-0.6162777752623496,4.774448329202711,-0.1844224274082773,4.774448329202711,-0.1844224274082773,4.774448329202711,-0.1844224274082773
798,2026-05-15T02:23:01.485Z,2026-05-15 02:23:01.485000+00:00,4716.894633333333,78.61491055555555,69.276,5,55,train,21,9,4.663907051086426,2.892158031463623,6.9125189781188965,5.556817054748535,15.361494064331055,True,False,0.06382632423983223,5.13865205958977,163.54534996346862,163.54534996346862,0.0,5.13865205958977,5.13865205958977,-0.4747450085033442,4.720941781722579,-0.057034730636153164,4.720941781722579,-0.057034730636153164,4.720941781722579,-0.057034730636153164
799,2026-05-15T02:24:10.684Z,2026-05-15 02:24:10.684000+00:00,4718.047949999999,78.63413249999999,69.199,5,56,train,22,0,3.9410810470581055,8.688295364379883,2.9051220417022705,3.241466522216797,14.83488392829895,True,False,0.07814970081408328,4.285761021445182,0.0,0.0,0.0,4.285761021445182,4.285761021445182,-0.3446799743870761,4.046379124737858,-0.10529807767975274,4.046379124737858,-0.10529807767975274,4.046379124737858,-0.10529807767975274
800,2026-05-15T02:25:20.097Z,2026-05-15 02:25:20.097000+00:00,4719.204833333333,78.65341388888889,69.413,5,56,train,22,1,4.344673156738281,8.505611419677734,7.630064487457275,1.2995209693908691,17.43519687652588,True,False,0.09254656555590435,4.713187050442069,17.16222996858358,17.16222996858358,0.0,4.713187050442069,4.713187050442069,-0.3685138937037875,4.384435951330624,-0.039762794592342665,4.384435951330624,-0.039762794592342665,4.384435951330624,-0.039762794592342665
801,2026-05-15T02:26:29.489Z,2026-05-15 02:26:29.489000+00:00,4720.361366666666,78.67268944444443,69.392,5,56,train,22,2,3.955415725708008,8.799474716186523,3.079986810684204,1.363316774368286,13.242778301239014,True,False,0.08970520578570185,4.305339244015244,37.32661632951498,37.32661632951498,0.0,4.305339244015244,4.305339244015244,-0.3499235183072358,4.0618637965719415,-0.10644807086393371,4.0618637965719415,-0.10644807086393371,4.0618637965719415,-0.10644807086393371
802,2026-05-15T02:27:38.613Z,2026-05-15 02:27:38.613000+00:00,4721.513433333333,78.69189055555555,69.124,5,56,train,22,3,4.860740661621094,2.323538303375244,9.705660820007324,7.815519332885742,19.84471845626831,True,False,0.06061662779389511,5.381066361359007,52.58317978442907,52.58317978442907,0.0,5.381066361359007,5.381066361359007,-0.5203256997379135,4.912670417830995,-0.05192975620990126,4.912670417830995,-0.05192975620990126,4.912670417830995,-0.05192975620990126
803,2026-05-15T02:28:48.073Z,2026-05-15 02:28:48.073000+00:00,4722.6711000000005,78.71118500000001,69.46,5,56,train,22,4,4.521106719970703,6.110586643218994,8.579456329345703,3.4469263553619385,18.136969327926636,True,False,0.08099502572320896,4.907649863720614,75.55674885063569,75.55674885063569,0.0,4.907649863720614,4.907649863720614,-0.38654314374991117,4.53823912916125,-0.017132409190546483,4.53823912916125,-0.017132409190546483,4.53823912916125,-0.017132409190546483
804,2026-05-15T02:29:57.291Z,2026-05-15 02:29:57.291000+00:00,4723.824733333333,78.73041222222221,69.218,5,56,train,22,5,4.518900871276856,6.073631286621094,8.666069984436035,6.474480152130127,21.214181423187256,True,False,0.06948041490277125,4.914687771962931,96.48016123297612,96.48016123297612,0.0,4.914687771962931,4.914687771962931,-0.39578690068607436,4.543805502673486,-0.024904631396629462,4.543805502673486,-0.024904631396629462,4.543805502673486,-0.024904631396629462
805,2026-05-15T02:31:06.589Z,2026-05-15 02:31:06.589000+00:00,4724.9797,78.74966166666667,69.298,5,56,train,22,6,4.096011161804199,7.492346764,3.755994319915772,1.7653578519821167,13.013698935897889,True,False,0.08643461892980764,4.460888522841289,120.98183363737662,120.98183363737662,0.0,4.460888522841289,4.460888522841289,-0.3648773610370899,4.184889751968563,-0.08887859016436384,4.184889751968563,-0.08887859016436384,4.184889751968563,-0.08887859016436384
806,2026-05-15T02:32:15.855Z,2026-05-15 02:32:15.855000+00:00,4726.134133333334,78.76890222222224,69.266,5,56,train,22,7,4.387126922607422,6.396283149719238,6.580809593200684,3.4320688247680664,16.40916156768799,True,False,0.07908443517597934,4.772722415734004,136.00528147894167,136.00528147894167,0.0,4.772722415734004,4.772722415734004,-0.3855954931265817,4.431523249003782,-0.044396326396360486,4.431523249003782,-0.044396326396360486,4.431523249003782,-0.044396326396360486
807,2026-05-15T02:33:25.121Z,2026-05-15 02:33:25.121000+00:00,4727.288566666667,78.78814277777778,69.266,5,56,train,22,8,4.535442352294922,6.518930435180664,9.748445510864258,2.0227532386779785,18.2901291847229,True,False,0.08894073837177972,4.934995178992444,154.94856456473295,154.94856456473295,0.0,4.934995178992444,4.934995178992444,-0.3995528266975219,4.5598668960164135,-0.02442454372149161,4.5598668960164135,-0.02442454372149161,4.5598668960164135,-0.02442454372149161
808,2026-05-15T02:34:34.458Z,2026-05-15 02:34:34.458000+00:00,4728.444183333334,78.80740305555557,69.337,5,56,train,22,9,4.482511520385742,7.24512767791748,8.762523651123047,4.682413101196289,20.690064430236816,True,False,0.07736878434098383,4.842908452246485,176.08494268608516,176.08494268608516,0.0,4.842908452246485,4.842908452246485,-0.36039693186074295,4.487034301595075,-0.0045227812093324715,4.487034301595075,-0.0045227812093324715,4.487034301595075,-0.0045227812093324715
809,2026-05-15T02:35:43.779Z,2026-05-15 02:35:43.779000+00:00,4729.599533333333,78.82665888888889,69.321,5,57,train,23,0,4.393743515014648,2.94284462928772,3.421968698501587,4.7456159591674805,11.110429286956787,True,False,0.057286835309427256,4.825963980387517,0.0,0.0,0.0,4.825963980387517,4.825963980387517,-0.4322204653728683,4.473632697583319,-0.07988918256867095,4.473632697583319,-0.07988918256867095,4.473632697583319,-0.07988918256867095
810,2026-05-15T02:36:53.152Z,2026-05-15 02:36:53.152000+00:00,4730.755749999999,78.84592916666665,69.373,5,57,train,23,1,4.28953743,9.677569389343262,6.992137432098389,3.3433055877685547,20.013012409210205,True,False,0.08329434110464085,4.619357991603793,12.846063515400887,12.846063515400887,0.0,4.619357991603793,4.619357991603793,-0.3298205616037926,4.310225323710459,-0.020687893710459093,4.310225323710459,-0.020687893710459093,4.310225323710459,-0.020687893710459093
811,2026-05-15T02:38:02.359Z,2026-05-15 02:38:02.359000+00:00,4731.9092,78.86515333333334,69.207,5,57,train,23,2,3.836322784423828,8.662976264953613,2.2236032485961914,8.168315887451172,19.054895401000977,True,False,0.057132717259512855,4.1725270910663035,35.93007267880439,35.93007267880439,0.0,4.1725270910663035,4.1725270910663035,-0.33620430664247536,3.9568209308759954,-0.12049814645216728,3.9568209308759954,-0.12049814645216728,3.9568209308759954,-0.12049814645216728
812,2026-05-15T02:39:11.724Z,2026-05-15 02:39:11.724000+00:00,4733.065283333333,78.8844213888889,69.365,5,57,train,23,3,4.606015205383301,2.8074965476989746,6.457064628601074,8.275205612182617,17.539766788482666,True,False,0.0528203213191155,5.122009832008773,57.9591196703116,57.9591196703116,0.0,5.122009832008773,5.122009832008773,-0.5159946266254725,4.707779226656221,-0.1017640212729205,4.707779226656221,-0.1017640212729205,4.707779226656221,-0.1017640212729205
813,2026-05-15T02:40:20.992Z,2026-05-15 02:40:20.992000+00:00,4734.21975,78.90366250000001,69.268,5,57,train,23,4,4.298358917236328,5.530537128448486,4.976013184,7.999756813049316,18.506307125497802,True,False,0.05677280854143325,4.714706019887848,78.2081957687219,78.2081957687219,0.0,4.714706019887848,4.714706019887848,-0.4163471026515202,4.385637324096192,-0.08727840685986354,4.385637324096192,-0.08727840685986354,4.385637324096192,-0.08727840685986354
814,2026-05-15T02:41:30.449Z,2026-05-15 02:41:30.449000+00:00,4735.377366666667,78.9229561111111,69.457,5,57,train,23,5,4.374445915222168,6.141618251800537,5.901434898376465,3.836759567260742,15.879812717437744,True,False,0.07583876059792843,4.743088821067933,99.63140533565024,99.63140533565024,0.0,4.743088821067933,4.743088821067933,-0.368642905845765,4.4080856521010885,-0.03363973687892052,4.4080856521010885,-0.03363973687892052,4.4080856521010885,-0.03363973687892052
815,2026-05-15T02:42:39.920Z,2026-05-15 02:42:39.920000+00:00,4736.535216666667,78.94225361111111,69.471,5,57,train,23,6,4.513387680053711,4.3235578536987305,6.275303840637207,2.042050361633301,12.640912055969238,True,False,0.08384570391288332,4.9220501006713215,118.01784649053553,118.01784649053553,0.0,4.9220501006713215,4.9220501006713215,-0.4086624206176106,4.54962846456781,-0.03624078451409929,4.54962846456781,-0.03624078451409929,4.54962846456781,-0.03624078451409929
816,2026-05-15T02:43:49.165Z,2026-05-15 02:43:49.165000+00:00,4737.6893,78.96148833333334,69.245,5,57,train,23,7,4.071201324462891,6.164487838745117,2.9844560623168945,6.431009769439697,15.579953670501709,True,False,0.05872253598792246,4.446172047875601,132.60651241246202,132.60651241246202,0.0,4.446172047875601,4.446172047875601,-0.3749707234127104,4.173250299787309,-0.10204897532441848,4.173250299787309,-0.10204897532441848,4.173250299787309,-0.10204897532441848
817,2026-05-15T02:44:58.557Z,2026-05-15 02:44:58.557000+00:00,4738.845833333334,78.9807638888889,69.392,5,57,train,23,8,4.304424285888672,8.493165969848633,6.94152832,7.845483303070068,23.2801775929187,True,False,0.06629972743224913,4.672947508935675,150.62524816418627,150.62524816418627,0.0,4.672947508935675,4.672947508935675,-0.3685232230470028,4.352609972606014,-0.0481856867173418,4.352609972606014,-0.0481856867173418,4.352609972606014,-0.0481856867173418
818,2026-05-15T02:46:08.099Z,2026-05-15 02:46:08.099000+00:00,4740.004866666667,79.00008111111111,69.542,5,57,train,23,9,3.811511993408203,5.5938873291015625,1.4550745487213137,2.823066234588623,9.872028112411499,True,False,0.0714033813270917,4.177633934212852,177.6077500002988,177.6077500002988,0.0,4.177633934212852,4.177633934212852,-0.366121940804649,3.9608599997929748,-0.14934800638477164,3.9608599997929748,-0.14934800638477164,3.9608599997929748,-0.14934800638477164
819,2026-05-15T02:47:17.102Z,2026-05-15 02:47:17.102000+00:00,4741.154916666666,79.01924861111111,69.003,5,58,train,24,0,4.236056327819824,7.436508655548096,5.615385532,1.1237330436706543,14.175627231218751,True,False,0.09207278079945644,4.638452834387274,0.0,0.0,0.0,4.638452834387274,4.638452834387274,-0.40239650656744974,4.325327684160572,-0.08927135634074812,4.325327684160572,-0.08927135634074812,4.325327684160572,-0.08927135634074812
820,2026-05-15T02:48:26.367Z,2026-05-15 02:48:26.367000+00:00,4742.309333333334,79.03848888888889,69.265,5,58,train,24,1,4.449981689453125,1.325212001800537,2.628691434860229,3.255624532699585,7.209527969360352,True,False,0.05484275050272906,5.057765365345656,16.36458033617278,16.36458033617278,0.0,5.057765365345656,5.057765365345656,-0.6077836758925308,4.656967439228937,-0.20698574977581163,4.656967439228937,-0.20698574977581163,4.656967439228937,-0.20698574977581163
821,2026-05-15T02:49:35.624Z,2026-05-15 02:49:35.624000+00:00,4743.463616666666,79.05772694444444,69.257,5,58,train,24,2,4.208487510681152,5.642521858215332,3.903379201889038,3.199735164642334,12.745636224746704,True,False,0.07489544571788591,4.600569246071581,24.68641831240594,24.68641831240594,0.0,4.600569246071581,4.600569246071581,-0.3920817353904287,4.295365059572627,-0.08687754889147481,4.295365059572627,-0.08687754889147481,4.295365059572627,-0.08687754889147481
822,2026-05-15T02:50:44.822Z,2026-05-15 02:50:44.822000+00:00,4744.616916666667,79.07694861111112,69.198,5,58,train,24,3,3.5716724395751958,8.242074012756348,1.0579453706741333,3.234221935272217,12.534241318702698,True,False,0.07419690707209903,3.876096954049553,39.38596057040631,39.38596057040631,0.0,3.876096954049553,3.876096954049553,-0.30442451447435737,3.722370465466761,-0.1506980258915651,3.722370465466761,-0.1506980258915651,3.722370465466761,-0.1506980258915651
823,2026-05-15T02:51:53.934Z,2026-05-15 02:51:53.934000+00:00,4745.768783333333,79.09614638888888,69.112,5,58,train,24,4,4.547571182250977,5.934800624847412,9.499221801757812,2.5443897247314453,17.97841215133667,True,False,0.08584752811697961,4.964513845762582,53.82373533737599,53.82373533737599,0.0,4.964513845762582,4.964513845762582,-0.41694266351160536,4.583213594945774,-0.03564241269479762,4.583213594945774,-0.03564241269479762,4.583213594945774,-0.03564241269479762
824,2026-05-15T02:53:03.178Z,2026-05-15 02:53:03.178000+00:00,4746.92285,79.11538083333333,69.244,5,58,train,24,5,4.15831470489502,9.270822525024414,5.100248814,2.6723670959472656,17.04343843497168,True,False,0.08432025846108732,4.501182398608413,74.5720215208286,74.5720215208286,0.0,4.501182398608413,4.501182398608413,-0.34286769371339254,4.216758704369345,-0.058443999474324215,4.216758704369345,-0.058443999474324215,4.216758704369345,-0.058443999474324215
825,2026-05-15T02:54:12.516Z,2026-05-15 02:54:12.516000+00:00,4748.078483333333,79.13464138888888,69.338,5,58,train,24,6,4.581203460693359,5.1094489097595215,9.533855438232422,8.330850601196289,22.974154949188232,True,False,0.0637381630809857,5.03117365221329,94.26798709089637,94.26798709089637,0.0,5.03117365221329,5.03117365221329,-0.449970191519931,4.635935706144525,-0.05473224545116562,4.635935706144525,-0.05473224545116562,4.635935706144525,-0.05473224545116562
826,2026-05-15T02:55:21.801Z,2026-05-15 02:55:21.801000+00:00,4749.233233333333,79.15388722222222,69.285,5,58,train,24,7,4.566317558288574,5.938283920288086,9.36891746520996,4.036321163,19.343522548498044,True,False,0.0791334739943041,4.958282888759636,120.79739251847148,120.79739251847148,0.0,4.958282888759636,4.958282888759636,-0.39196533047106197,4.578285449703905,-0.011967891415331167,4.578285449703905,-0.011967891415331167,4.578285449703905,-0.011967891415331167
827,2026-05-15T14:04:58.822Z,2026-05-15 14:04:58.822000+00:00,5418.85025,90.31417083333334,40177.021,6,59,test,1,0,4.590025901794434,6.806622505187988,8.811262130737305,8.319262504577637,23.93714714050293,True,False,0.06524538845106985,4.872469580977804,0.0,0.0,0.0,4.872469580977804,4.872469580977804,-0.28244367918337066,4.510414584243894,0.07961131755053952,4.510414584243894,0.07961131755053952,4.510414584243894,0.07961131755053952
828,2026-05-15T14:06:10.391Z,2026-05-15 14:06:10.391000+00:00,5420.043066666666,90.33405111111111,71.569,6,59,test,1,1,4.476998329162598,9.500473022460938,9.224074363708496,6.466681480407715,25.19122886657715,True,False,0.07432963070337754,4.74759554617711,28.552628061644235,28.552628061644235,0.0,4.74759554617711,4.74759554617711,-0.27059721701451256,4.411650079827472,0.06534824933512606,4.411650079827472,0.06534824933512606,4.411650079827472,0.06534824933512606
829,2026-05-15T14:07:19.320Z,2026-05-15 14:07:19.320000+00:00,5421.191883333333,90.35319805555555,68.929,6,59,test,1,2,4.751021385192871,3.600916624069214,9.070778846740724,9.918367385864258,22.590062856674194,True,False,0.05609411337722821,5.161493904400707,57.492731637382505,57.492731637382505,0.0,5.161493904400707,5.161493904400707,-0.41047251920783623,4.73900769499518,0.012013690197691496,4.73900769499518,0.012013690197691496,4.73900769499518,0.012013690197691496
830,2026-05-15T14:08:28.549Z,2026-05-15 14:08:28.549000+00:00,5422.345700000001,90.37242833333335,69.229,6,59,test,1,3,4.450532913208008,4.582649230957031,4.734006881713867,3.9550681114196777,13.271724224090576,True,False,0.0701992895223025,4.77452826146407,83.5575226624608,83.5575226624608,0.0,4.77452826146407,4.77452826146407,-0.32399534825606224,4.432951515967905,0.01758139724010288,4.432951515967905,0.01758139724010288,4.432951515967905,0.01758139724010288
831,2026-05-15T14:09:37.504Z,2026-05-15 14:09:37.504000+00:00,5423.494949999999,90.39158249999998,68.955,6,59,test,1,4,4.222823143005371,2.744865894317627,1.998879551887512,6.732306480407715,11.476051926612854,True,False,0.041336040273610465,4.623291172507899,98.81005172699689,98.81005172699689,0.0,4.623291172507899,4.623291172507899,-0.4004680295025276,4.313336127837148,-0.0905129848317765,4.313336127837148,-0.0905129848317765,4.313336127837148,-0.0905129848317765
832,2026-05-15T14:10:46.950Z,2026-05-15 14:10:46.950000+00:00,5424.652383333333,90.41087305555556,69.446,6,59,test,1,5,4.911465644836426,1.6155085563659668,8.241170883178711,5.436645030975342,15.29332447052002,True,False,0.06445086193355003,5.467846981086339,112.09281676192282,112.09281676192282,0.0,5.467846981086339,5.467846981086339,-0.5563813362499133,4.981306342937439,-0.06984069810101357,4.981306342937439,-0.06984069810101357,4.981306342937439,-0.06984069810101357
833,2026-05-15T14:11:56.388Z,2026-05-15 14:11:56.388000+00:00,5425.809683333334,90.43016138888889,69.438,6,59,test,1,6,4.478652000427246,6.439124584197998,7.306734561920166,3.8204150199890137,17.566274166107178,True,False,0.07825142096802622,4.815237566645798,129.79178117165563,129.79178117165563,0.0,4.815237566645798,4.815237566645798,-0.3365855662185515,4.465149036916334,0.013502963510911847,4.465149036916334,0.013502963510911847,4.465149036916334,0.013502963510911847
834,2026-05-15T14:13:05.689Z,2026-05-15 14:13:05.689000+00:00,5426.9646999999995,90.44941166666666,69.301,6,59,test,1,7,4.487473487854004,6.1704301834106445,7.531016826629639,6.758983612060547,20.46043062210083,True,False,0.06696558475773395,4.846910895132029,150.08112060474554,150.08112060474554,0.0,4.846910895132029,4.846910895132029,-0.3594374072780253,4.490199885927131,-0.0027263980731273563,4.490199885927131,-0.0027263980731273563,4.490199885927131,-0.0027263980731273563
835,2026-05-15T14:14:15.034Z,2026-05-15 14:14:15.034000+00:00,5428.12045,90.46867416666667,69.345,6,59,test,1,8,3.9642372131347656,8.903451919555664,2.8766870498657227,2.966334819793701,14.746473789215088,True,False,0.07988444653146065,4.2709112885474205,173.72826329623857,173.72826329623857,0.0,4.2709112885474205,4.2709112885474205,-0.3066740754126549,4.034634277118379,-0.07039706398361378,4.034634277118379,-0.07039706398361378,4.034634277118379,-0.07039706398361378
836,2026-05-15T14:15:24.262Z,2026-05-15 14:15:24.262000+00:00,5429.27425,90.48790416666667,69.228,6,59,test,1,9,4.604912757873535,4.881731033325195,8.808689117,7.916126251220703,21.6065464015459,True,False,0.0633623712734844,5.016624956962611,190.74274475423493,190.74274475423493,0.0,5.016624956962611,5.016624956962611,-0.4117121990890755,4.624428953130319,-0.019516195256783497,4.624428953130319,-0.019516195256783497,4.624428953130319,-0.019516195256783497
837,2026-05-15T14:16:33.579Z,2026-05-15 14:16:33.579000+00:00,5430.429533333333,90.50715888888888,69.317,6,60,test,2,0,4.849714279174805,1.697927713394165,7.753262042999268,4.338599205,13.789788961393434,True,False,0.06853759533850333,5.419728739493596,0.0,0.0,0.0,5.419728739493596,5.419728739493596,-0.5700144603187915,4.943248997454193,-0.09353471827938797,4.943248997454193,-0.09353471827938797,4.943248997454193,-0.09353471827938797
838,2026-05-15T14:17:43.312Z,2026-05-15 14:17:43.312000+00:00,5431.5917500000005,90.52652916666668,69.733,6,60,test,2,1,4.266931533813477,7.754995822906494,5.489269733428955,3.471384763717652,16.7156503200531,True,False,0.07923272683233168,4.610486733582521,16.026722560747473,16.026722560747473,0.0,4.610486733582521,4.610486733582521,-0.34355519976904425,4.303208929922755,-0.036277396109278826,4.303208929922755,-0.036277396109278826,4.303208929922755,-0.036277396109278826
839,2026-05-15T14:18:52.402Z,2026-05-15 14:18:52.402000+00:00,5432.7432499999995,90.54572083333332,69.09,6,60,test,2,2,4.228336334228516,9.879872322,6.483182430267334,2.012573003768921,18.375627756036256,True,False,0.08904759592168052,4.5775760645330985,35.274793904288614,35.274793904288614,0.0,4.5775760645330985,4.5775760645330985,-0.3492397303045829,4.277179452106435,-0.04884311787791962,4.277179452106435,-0.04884311787791962,4.277179452106435,-0.04884311787791962
840,2026-05-15T14:20:01.529Z,2026-05-15 14:20:01.529000+00:00,5433.895366666667,90.56492277777778,69.127,6,60,test,2,3,4.639097213745117,1.3972582817077637,4.041726112365723,5.182224273681641,10.621208667755127,True,False,0.051208714226523684,5.22155688585103,56.44566090248058,56.44566090248058,0.0,5.22155688585103,5.22155688585103,-0.5824596721059132,4.786512291176298,-0.1474150774311811,4.786512291176298,-0.1474150774311811,4.786512291176298,-0.1474150774311811
841,2026-05-15T14:21:11.090Z,2026-05-15 14:21:11.090000+00:00,5435.0547166666665,90.58424527777778,69.561,6,60,test,2,4,4.105383873,8.970609664916992,4.394445896148682,4.573795795440674,17.938851356506348,True,False,0.07450340769013744,4.451016800961948,68.7593591714425,68.7593591714425,0.0,4.451016800961948,4.451016800961948,-0.34563292796194833,4.177082078253959,-0.0716982052539592,4.177082078253959,-0.0716982052539592,4.177082078253959,-0.0716982052539592
842,2026-05-15T14:22:20.335Z,2026-05-15 14:22:20.335000+00:00,5436.208799999999,90.60347999999999,69.245,6,60,test,2,5,4.1638288497924805,8.866909027,4.892608642578125,4.179888725280762,17.939406394858885,True,False,0.07669996078310237,4.50254486849161,89.46228854113053,89.46228854113053,0.0,4.50254486849161,4.50254486849161,-0.33871601869912915,4.217836299587686,-0.054007449795205886,4.217836299587686,-0.054007449795205886,4.217836299587686,-0.054007449795205886
843,2026-05-15T14:23:29.694Z,2026-05-15 14:23:29.694000+00:00,5437.364783333333,90.62274638888888,69.359,6,60,test,2,6,4.427376747131348,6.328206062316895,7.796362400054932,5.745508670806885,19.87007713317871,True,False,0.07108461818090714,4.850959601318147,110.19994334348083,110.19994334348083,0.0,4.850959601318147,4.850959601318147,-0.4235828541867992,4.493402060507602,-0.0660253133762545,4.493402060507602,-0.0660253133762545,4.493402060507602,-0.0660253133762545
844,2026-05-15T14:24:39.252Z,2026-05-15 14:24:39.252000+00:00,5438.524083333334,90.64206805555555,69.558,6,60,test,2,7,4.029297828674316,4.422439098358154,2.106147289276123,8.315520286560059,14.844106674194336,True,False,0.04398099886323147,4.439468394180535,133.23532376397492,133.23532376397492,0.0,4.439468394180535,4.439468394180535,-0.41017056550621867,4.167948292560353,-0.1386504638860364,4.167948292560353,-0.1386504638860364,4.167948292560353,-0.1386504638860364
845,2026-05-15T14:25:48.843Z,2026-05-15 14:25:48.843000+00:00,5439.683933333334,90.6613988888889,69.591,6,60,test,2,8,4.021027565002441,6.0789289474487305,2.663907766342163,2.7577035427093506,11.500540256500244,True,False,0.07602109569460737,4.402758318621281,150.4522608900392,150.4522608900392,0.0,4.402758318621281,4.402758318621281,-0.38173075361883946,4.138913814532267,-0.11788624952982563,4.138913814532267,-0.11788624952982563,4.138913814532267,-0.11788624952982563
846,2026-05-15T14:26:58.153Z,2026-05-15 14:26:58.153000+00:00,5440.8391,90.68065166666666,69.31,6,60,test,2,9,4.488024711608887,2.539710283279419,3.972880363464356,1.4283571243286133,7.940947771072388,True,False,0.08201276263858716,4.954568450311288,163.73730164300642,163.73730164300642,0.0,4.954568450311288,4.954568450311288,-0.4665437387024012,4.575347651841267,-0.0873229402323803,4.575347651841267,-0.0873229402323803,4.575347651841267,-0.0873229402323803
847,2026-05-15T14:28:07.559Z,2026-05-15 14:28:07.559000+00:00,5441.995866666666,90.6999311111111,69.406,6,61,test,3,0,4.270791053771973,5.42670488357544,4.308531284332275,8.620052337646484,18.3552885055542,True,False,0.05303777254692506,4.660518254635805,0.0,0.0,0.0,4.660518254635805,4.660518254635805,-0.38972720086383195,4.342779513110157,-0.07198845933818454,4.342779513110157,-0.07198845933818454,4.342779513110157,-0.07198845933818454
848,2026-05-15T14:29:17.166Z,2026-05-15 14:29:17.166000+00:00,5443.155983333333,90.71926638888888,69.607,6,61,test,3,1,4.531031608581543,1.1787769794464111,3.0548226833343506,8.403562545776367,12.637162208557129,True,False,0.033501189530621214,5.173986613809906,21.29427611676852,21.29427611676852,0.0,5.173986613809906,5.173986613809906,-0.6429550052283632,4.748888341965442,-0.21785673338389877,4.748888341965442,-0.21785673338389877,4.748888341965442,-0.21785673338389877
849,2026-05-15T14:30:26.351Z,2026-05-15 14:30:26.351000+00:00,5444.309066666667,90.73848444444444,69.185,6,61,test,3,2,4.284023284912109,1.6203303337097168,1.8328001499176023,4.125810623168945,7.578941106796265,True,False,0.045562175968497674,4.814098747200756,35.8659772400856,35.8659772400856,0.0,4.814098747200756,4.814098747200756,-0.5300754622886465,4.464248329749397,-0.18022504483728774,4.464248329749397,-0.18022504483728774,4.464248329749397,-0.18022504483728774
850,2026-05-15T14:31:35.571Z,2026-05-15 14:31:35.571000+00:00,5445.462733333334,90.75771222222222,69.22,6,61,test,3,3,4.803400993347168,2.819386959075928,9.624616622924805,3.661492109298706,16.10549569129944,True,False,0.07726557332056083,5.293391933067432,44.609548963626224,44.609548963626224,0.0,5.293391933067432,5.293391933067432,-0.489990939720264,4.843327567861976,-0.03992657451480763,4.843327567861976,-0.03992657451480763,4.843327567861976,-0.03992657451480763
851,2026-05-15T14:32:44.884Z,2026-05-15 14:32:44.884000+00:00,5446.61795,90.77696583333334,69.313,6,61,test,3,4,4.342467308044434,5.831935882568359,5.649240970611572,8.664951324,20.146128177179932,True,False,0.056989495709577453,4.7467236429244855,63.21488601114353,63.21488601114353,0.0,4.7467236429244855,4.7467236429244855,-0.40425633488005186,4.41096048016184,-0.06849317211740669,4.41096048016184,-0.06849317211740669,4.41096048016184,-0.06849317211740669
852,2026-05-15T14:33:54.158Z,2026-05-15 14:33:54.158000+00:00,5447.772516666667,90.79620861111111,69.274,6,61,test,3,5,4.501809120178223,7.247759819030762,9.566330909729004,4.482069492340088,21.296160221099854,True,False,0.07895362616637655,4.880836691588673,86.47493406690957,86.47493406690957,0.0,4.880836691588673,4.880836691588673,-0.3790275714104503,4.517032241262815,-0.015223121084592783,4.517032241262815,-0.015223121084592783,4.517032241262815,-0.015223121084592783
853,2026-05-15T14:35:03.595Z,2026-05-15 14:35:03.595000+00:00,5448.9298,90.81549666666666,69.437,6,61,test,3,6,4.822146415710449,2.148528814315796,7.952028274536133,7.444545745849609,17.545102834701538,True,False,0.05756909596947228,5.328548078560655,111.12062535478475,111.12062535478475,0.0,5.328548078560655,5.328548078560655,-0.5064016628502062,4.871133022313509,-0.048986606603059535,4.871133022313509,-0.048986606603059535,4.871133022313509,-0.048986606603059535
854,2026-05-15T14:36:12.734Z,2026-05-15 14:36:12.734000+00:00,5450.082116666667,90.83470194444446,69.139,6,61,test,3,7,3.836322784423828,5.442472935,1.5007658004760742,4.294166564941406,11.23740530041748,True,False,0.06178684980969874,4.203111155537328,131.33813976959192,131.33813976959192,0.0,4.203111155537328,4.203111155537328,-0.3667883711134996,3.9810102667562823,-0.1446874823324542,3.9810102667562823,-0.1446874823324542,3.9810102667562823,-0.1446874823324542
855,2026-05-15T14:37:22.132Z,2026-05-15 14:37:22.132000+00:00,5451.23875,90.85397916666668,69.398,6,61,test,3,8,4.360661506652832,8.813997268676758,8.920549392700195,1.3766767978668213,19.111223459243774,True,False,0.09279650096288866,4.7655398900248125,144.33569732023145,144.33569732023145,0.0,4.7655398900248125,4.7655398900248125,-0.40487838337198045,4.425842495648942,-0.06518098899610969,4.425842495648942,-0.06518098899610969,4.425842495648942,-0.06518098899610969
856,2026-05-15T14:38:31.723Z,2026-05-15 14:38:31.723000+00:00,5452.3986,90.87331,69.591,6,61,test,3,9,4.033156394958496,5.447958946228027,2.7178542613983154,8.453203201293945,16.619016408920288,True,False,0.049135357994130914,4.459373744024619,166.50184984943533,166.50184984943533,0.0,4.459373744024619,4.459373744024619,-0.42621734906612296,4.183691693626269,-0.15053529866777282,4.183691693626269,-0.15053529866777282,4.183691693626269,-0.15053529866777282
857,2026-05-15T14:39:40.775Z,2026-05-15 14:39:40.775000+00:00,5453.549466666666,90.89249111111111,69.052,6,62,test,4,0,4.193600654602051,4.766426086425781,3.229653596878052,2.807291269302368,10.803370952606201,True,False,0.0740146729977356,4.591587129294846,0.0,0.0,0.0,4.591587129294846,4.591587129294846,-0.3979864746927948,4.288260986147911,-0.09466033154586029,4.288260986147911,-0.09466033154586029,4.288260986147911,-0.09466033154586029
858,2026-05-15T14:40:50.192Z,2026-05-15 14:40:50.192000+00:00,5454.706416666667,90.91177361111112,69.417,6,62,test,4,1,4.199114799499512,3.176997661590576,2.4815304279327397,4.197095871,9.855623960523316,True,False,0.05741420443990701,4.653385047864995,12.498960023617744,12.498960023617744,0.0,4.653385047864995,4.653385047864995,-0.454270248365483,4.337137766747566,-0.1380229672480544,4.337137766747566,-0.1380229672480544,4.337137766747566,-0.1380229672480544
859,2026-05-15T14:41:59.381Z,2026-05-15 14:41:59.381000+00:00,5455.859566666667,90.93099277777779,69.189,6,62,test,4,2,4.731724739074707,3.037663698196411,8.903866768,1.8860962390899656,13.827626705286377,True,False,0.0863599424594757,5.227196067525318,23.863972793695204,23.863972793695204,0.0,5.227196067525318,5.227196067525318,-0.4954713284506109,4.790972393584811,-0.05924765451010394,4.790972393584811,-0.05924765451010394,4.790972393584811,-0.05924765451010394
860,2026-05-15T14:43:08.713Z,2026-05-15 14:43:08.713000+00:00,5457.0151000000005,90.95025166666667,69.332,6,62,test,4,3,4.511734008789063,7.126208782196045,9.004087448120117,2.50119423866272,18.631490468978882,True,False,0.08657544739736649,4.86186075052554,39.84225637254379,39.84225637254379,0.0,4.86186075052554,4.86186075052554,-0.3501267417364762,4.502023921735647,0.009710087053416139,4.502023921735647,0.009710087053416139,4.502023921735647,0.009710087053416139
861,2026-05-15T14:44:18.037Z,2026-05-15 14:44:18.037000+00:00,5458.170499999999,90.96950833333332,69.324,6,62,test,4,4,4.242671966552734,6.856061935424805,5.080866813659668,3.7324275970458975,15.669356346130371,True,False,0.07618008350440228,4.630409160599962,61.36908046040199,61.36908046040199,0.0,4.630409160599962,4.630409160599962,-0.3877371940472276,4.31896583754803,-0.07629387099529605,4.31896583754803,-0.07629387099529605,4.31896583754803,-0.07629387099529605
862,2026-05-15T14:45:27.537Z,2026-05-15 14:45:27.537000+00:00,5459.328833333333,90.98881388888888,69.5,6,62,test,4,5,4.374997138977051,3.283672332763672,3.9763143062591553,6.311349868774414,13.571336507797241,True,False,0.053495001283415916,4.843590683366166,79.519418228003,79.519418228003,0.0,4.843590683366166,4.843590683366166,-0.4685935443891154,4.487573887094497,-0.112576748117446,4.487573887094497,-0.112576748117446,4.487573887094497,-0.112576748117446
863,2026-05-15T14:46:36.715Z,2026-05-15 14:46:36.715000+00:00,5460.4818,91.00802999999999,69.178,6,62,test,4,6,4.644610404968262,1.2884308099746704,3.8422000408172607,4.389239311218262,9.519870162010193,True,False,0.05389391623497268,5.234768393849748,95.16671684360963,95.16671684360963,0.0,5.234768393849748,5.234768393849748,-0.5901579888814865,4.796961445335285,-0.15235104036702296,4.796961445335285,-0.15235104036702296,4.796961445335285,-0.15235104036702296
864,2026-05-15T14:47:46.364Z,2026-05-15 14:47:46.364000+00:00,5461.642616666666,91.02737694444444,69.649,6,62,test,4,7,4.7251081466674805,2.728194475,7.657481670379639,7.325005054473877,17.710681199853518,True,False,0.0586407492076902,5.208447226424125,106.21754079217376,106.21754079217376,0.0,5.208447226424125,5.208447226424125,-0.4833390797566448,4.776143690382444,-0.05103554371496344,4.776143690382444,-0.05103554371496344,4.776143690382444,-0.05103554371496344
865,2026-05-15T14:48:55.539Z,2026-05-15 14:48:55.539000+00:00,5462.795533333334,91.04659222222223,69.175,6,62,test,4,8,4.269688606262207,7.048504829406738,5.8176984786987305,6.527527332305908,19.393730640411377,True,False,0.06634207490381311,4.677209851282691,126.63648032550489,126.63648032550489,0.0,4.677209851282691,4.677209851282691,-0.4075212450204839,4.355981114815266,-0.08629250855305859,4.355981114815266,-0.08629250855305859,4.355981114815266,-0.08629250855305859
866,2026-05-15T14:50:04.940Z,2026-05-15 14:50:04.940000+00:00,5463.952216666667,91.06587027777778,69.401,6,62,test,4,9,4.040876388549805,2.627399682998657,1.404094099998474,2.302107810974121,6.3336015939712516,True,False,0.06365246887070664,4.488845019954363,149.06888532842473,149.06888532842473,0.0,4.488845019954363,4.488845019954363,-0.44796863140455834,4.20700091052125,-0.16612452197144556,4.20700091052125,-0.16612452197144556,4.20700091052125,-0.16612452197144556
867,2026-05-15T14:51:14.274Z,2026-05-15 14:51:14.274000+00:00,5465.107783333334,91.08512972222223,69.334,6,63,test,5,0,4.1417741775512695,4.202544689178467,2.8861937522888184,7.846616744995117,14.935355186462402,True,False,0.047462804553135826,4.597770039478445,0.0,0.0,0.0,4.597770039478445,4.597770039478445,-0.45599586192717556,4.293151130533084,-0.1513769529818143,4.293151130533084,-0.1513769529818143,4.293151130533084,-0.1513769529818143
868,2026-05-15T14:52:23.531Z,2026-05-15 14:52:23.531000+00:00,5466.262066666666,91.10436777777777,69.257,6,63,test,5,1,4.682102203369141,1.828486084938049,5.523552894592285,7.372217178344727,14.724256157875061,True,False,0.049931479734534504,5.240394439472596,17.23963156914711,17.23963156914711,0.0,5.240394439472596,5.240394439472596,-0.5582922361034557,4.801411158269215,-0.11930895490007476,4.801411158269215,-0.11930895490007476,4.801411158269215,-0.11930895490007476
869,2026-05-15T14:53:32.711Z,2026-05-15 14:53:32.711000+00:00,5467.4150666666665,91.12358444444445,69.18,6,63,test,5,2,4.6920270919799805,3.446929931640625,7.842312812805176,8.573019027709961,19.86226177215576,True,False,0.056837649578618546,5.117286661692677,34.21669891917706,34.21669891917706,0.0,5.117286661692677,5.117286661692677,-0.4252595697126962,4.704043609589886,-0.012016517609905186,4.704043609589886,-0.012016517609905186,4.704043609589886,-0.012016517609905186
870,2026-05-15T14:54:42.248Z,2026-05-15 14:54:42.248000+00:00,5468.5740166666665,91.14290027777777,69.537,6,63,test,5,3,4.62035083770752,3.567058563232422,7.129104137420654,4.280459403991699,14.976622104644775,True,False,0.07141905982481739,5.060962458488607,57.23606720001698,57.23606720001698,0.0,5.060962458488607,5.060962458488607,-0.4406116207810866,4.659496061935336,-0.03914522422781541,4.659496061935336,-0.03914522422781541,4.659496061935336,-0.03914522422781541
871,2026-05-15T14:55:51.523Z,2026-05-15 14:55:51.523000+00:00,5469.7286,91.16214333333333,69.275,6,63,test,5,4,4.006140709,3.8521130084991455,1.8646669387817385,8.916324615478516,14.6331045627594,True,False,0.03906744411455813,4.446709199841267,74.52782547167143,74.52782547167143,0.0,4.446709199841267,4.446709199841267,-0.44056849084126704,4.173675140289741,-0.16753443128974066,4.173675140289741,-0.16753443128974066,4.173675140289741,-0.16753443128974066
872,2026-05-15T14:57:00.782Z,2026-05-15 14:57:00.782000+00:00,5470.8829166666665,91.18138194444444,69.259,6,63,test,5,5,4.410284042358398,1.7270288467407229,2.7997612953186035,1.2347458600997925,5.761536002159119,True,False,0.07856915482890196,4.970072377980584,91.41906195354065,91.41906195354065,0.0,4.970072377980584,4.970072377980584,-0.5597883356221853,4.587609910646391,-0.17732586828799235,4.587609910646391,-0.17732586828799235,4.587609910646391,-0.17732586828799235
873,2026-05-15T14:58:10.081Z,2026-05-15 14:58:10.081000+00:00,5472.037899999999,91.20063166666665,69.299,6,63,test,5,6,4.8668060302734375,1.983072519302368,9.066776275634766,6.500990867614746,17.55083966255188,True,False,0.06295908917972813,5.420292176853769,98.0735400104344,98.0735400104344,0.0,5.420292176853769,5.420292176853769,-0.5534861465803314,4.943694627418308,-0.07688859714487073,4.943694627418308,-0.07688859714487073,4.943694627418308,-0.07688859714487073
874,2026-05-15T14:59:19.610Z,2026-05-15 14:59:19.610000+00:00,5473.196716666667,91.21994527777778,69.529,6,63,test,5,7,4.865702629089356,1.959554433822632,8.051691055297852,1.059751272201538,11.070996761322021,True,False,0.09042767968369463,5.373858699962053,118.4117455253939,118.4117455253939,0.0,5.373858699962053,5.373858699962053,-0.5081560708726967,4.906969784332544,-0.04126715524318758,4.906969784332544,-0.04126715524318758,4.906969784332544,-0.04126715524318758
875,2026-05-15T15:00:29.014Z,2026-05-15 15:00:29.014000+00:00,5474.35345,91.23922416666666,69.404,6,63,test,5,8,4.027643203735352,9.566641807556152,4.123875617980957,2.0721607208251958,15.762678146362305,True,False,0.08685400601608169,4.3955012008749845,131.21793651244045,131.21793651244045,0.0,4.3955012008749845,4.3955012008749845,-0.36785799713963296,4.133174065361444,-0.10553086162609215,4.133174065361444,-0.10553086162609215,4.133174065361444,-0.10553086162609215
876,2026-05-15T15:01:38.148Z,2026-05-15 15:01:38.148000+00:00,5475.505683333334,91.25842805555557,69.134,6,63,test,5,9,4.212347984313965,9.634102821350098,6.711663722991943,3.916694402694702,20.262460947036743,True,False,0.08067019394666622,4.603573040573451,149.38021969528398,149.38021969528398,0.0,4.603573040573451,4.603573040573451,-0.39122505625948634,4.297740799860185,-0.08539281554622047,4.297740799860185,-0.08539281554622047,4.297740799860185,-0.08539281554622047
877,2026-05-15T15:02:47.563Z,2026-05-15 15:02:47.563000+00:00,5476.6626,91.27771,69.415,6,64,test,6,0,4.104281425476074,9.443244934082031,4.972620010375977,7.503407955169678,21.919272899627686,True,False,0.06576798879447718,4.482425997869296,0.0,0.0,0.0,4.482425997869296,4.482425997869296,-0.3781445723932215,4.201924022150648,-0.0976425966745742,4.201924022150648,-0.0976425966745742,4.201924022150648,-0.0976425966745742
878,2026-05-15T15:03:56.809Z,2026-05-15 15:03:56.809000+00:00,5477.816699999999,91.296945,69.246,6,64,test,6,1,4.789065361022949,2.675597906112671,8.973150253295898,1.6796602010726929,13.328408360481262,True,False,0.08739789361456776,5.2856695370896825,25.297032853460312,25.297032853460312,0.0,5.2856695370896825,5.2856695370896825,-0.49660417606673324,4.837219824063458,-0.04815446304050841,4.837219824063458,-0.04815446304050841,4.837219824063458,-0.04815446304050841
879,2026-05-15T15:05:06.042Z,2026-05-15 15:05:06.042000+00:00,5478.970583333333,91.31617638888888,69.233,6,64,test,6,2,4.019924163818359,5.703552722930908,2.783604383468628,7.33898115158081,15.826138257980347,True,False,0.05362746721942656,4.449765750382462,40.6764611204803,40.6764611204803,0.0,4.449765750382462,4.449765750382462,-0.42984158656410276,4.176092606017557,-0.15616844219919734,4.176092606017557,-0.15616844219919734,4.176092606017557,-0.15616844219919734
880,2026-05-15T15:06:15.470Z,2026-05-15 15:06:15.470000+00:00,5480.127716666667,91.33546194444445,69.428,6,64,test,6,3,4.855227470397949,1.233954906463623,7.1714396476745605,2.496415138244629,10.901809692382812,True,False,0.07710091068651753,5.524441364939839,58.98941323673129,58.98941323673129,0.0,5.524441364939839,5.524441364939839,-0.6692138945418895,5.026067579994966,-0.1708401095970169,5.026067579994966,-0.1708401095970169,5.026067579994966,-0.1708401095970169
881,2026-05-15T15:07:24.708Z,2026-05-15 15:07:24.708000+00:00,5481.281683333334,91.35469472222222,69.238,6,64,test,6,4,4.227785110473633,2.492751121520996,2.291223764419556,4.7113776206970215,9.495352506637573,True,False,0.05038227788380044,4.724040620633543,71.56973822808465,71.56973822808465,0.0,4.724040620633543,4.724040620633543,-0.49625551015991043,4.393020181693811,-0.16523507122017822,4.393020181693811,-0.16523507122017822,4.393020181693811,-0.16523507122017822
882,2026-05-15T15:08:33.800Z,2026-05-15 15:08:33.800000+00:00,5482.433216666667,91.37388694444445,69.092,6,64,test,6,5,4.440608024597168,8.555809020996094,9.883586883544922,4.506051063537598,22.945446968078613,True,False,0.08036189458498519,4.822980131755352,82.50395315122803,82.50395315122803,0.0,4.822980131755352,4.822980131755352,-0.3823721071581838,4.471272732744514,-0.030664708147345898,4.471272732744514,-0.030664708147345898,4.471272732744514,-0.030664708147345898
883,2026-05-15T15:09:42.976Z,2026-05-15 15:09:42.976000+00:00,5483.58615,91.3931025,69.176,6,64,test,6,6,3.692420006,8.345844268798828,1.6624253988265991,9.080878257751465,19.089147925376892,True,False,0.05242910635272804,4.0644075480476305,108.95852380895813,108.95852380895813,0.0,4.0644075480476305,4.0644075480476305,-0.3719875420476306,3.8713077727481857,-0.17888776674818585,3.8713077727481857,-0.17888776674818585,3.8713077727481857,-0.17888776674818585
884,2026-05-15T15:10:52.264Z,2026-05-15 15:10:52.264000+00:00,5484.74095,91.41234916666667,69.288,6,64,test,6,7,4.765908241271973,2.273276805877685,7.868211269378662,1.2191734313964844,11.360661506652832,True,False,0.089268464422758,5.299364058834422,131.00267183318337,131.00267183318337,0.0,5.299364058834422,5.299364058834422,-0.5334558175624498,4.848051000100156,-0.08214275882818356,4.848051000100156,-0.08214275882818356,4.848051000100156,-0.08214275882818356
885,2026-05-15T15:12:01.534Z,2026-05-15 15:12:01.534000+00:00,5485.89545,91.43159083333333,69.27,6,64,test,6,8,4.597744941711426,4.222699165344238,8.329392433166504,8.691819190979004,21.243910789489746,True,False,0.05908559738784438,5.055313056161458,144.11855554261408,144.11855554261408,0.0,5.055313056161458,5.055313056161458,-0.45756811445003187,4.65502787587904,-0.05728293416761421,4.65502787587904,-0.05728293416761421,4.65502787587904,-0.05728293416761421
886,2026-05-15T15:13:10.841Z,2026-05-15 15:13:10.841000+00:00,5487.050566666667,91.45084277777778,69.307,6,64,test,6,9,3.99621582,8.944395065307617,3.675065755844116,7.164209842681885,19.783670663833618,True,False,0.06378725685229525,4.375103838620849,168.6577509607335,168.6577509607335,0.0,4.375103838620849,4.375103838620849,-0.3788880186208492,4.117041525256952,-0.12082570525695191,4.117041525256952,-0.12082570525695191,4.117041525256952,-0.12082570525695191
887,2026-05-15T15:14:20.080Z,2026-05-15 15:14:20.080000+00:00,5488.2045499999995,91.47007583333333,69.239,6,65,test,7,0,4.295050621032715,5.397990703582764,4.966917991638184,9.655948638916016,20.020857334136963,True,False,0.051770553689267106,4.724488726009514,0.0,0.0,0.0,4.724488726009514,4.724488726009514,-0.429438104976799,4.393374594085905,-0.09832397305318974,4.393374594085905,-0.09832397305318974,4.393374594085905,-0.09832397305318974
888,2026-05-15T15:15:29.510Z,2026-05-15 15:15:29.510000+00:00,5489.361716666666,91.48936194444444,69.43,6,65,test,7,1,4.157212257385254,6.449989795684815,3.967228651046753,2.641309261322021,13.058527708053589,True,False,0.07977329971361899,4.549579415051543,23.16746874515216,23.16746874515216,0.0,4.549579415051543,4.549579415051543,-0.39236715766628905,4.255036536521307,-0.09782427913605307,4.255036536521307,-0.09782427913605307,4.255036536521307,-0.09782427913605307
889,2026-05-15T15:16:38.934Z,2026-05-15 15:16:38.934000+00:00,5490.518783333333,91.50864638888888,69.424,6,65,test,7,2,4.377754211425781,8.466106414794922,8.469292640686035,8.565243721,25.50064277648096,True,False,0.06641165559599282,4.760617324849605,38.27705587188403,38.27705587188403,0.0,4.760617324849605,4.760617324849605,-0.3828631134238236,4.421949174585337,-0.044194963159555734,4.421949174585337,-0.044194963159555734,4.421949174585337,-0.044194963159555734
890,2026-05-15T15:17:48.577Z,2026-05-15 15:17:48.577000+00:00,5491.6795,91.52799166666667,69.643,6,65,test,7,3,4.403116226196289,1.1225610971450806,2.146693229675293,5.541194915771484,8.810449242591858,True,False,0.03710655650810633,5.042031237942752,67.87607695325842,67.87607695325842,0.0,5.042031237942752,5.042031237942752,-0.6389150117464633,4.644523112449131,-0.24140688625284223,4.644523112449131,-0.24140688625284223,4.644523112449131,-0.24140688625284223
891,2026-05-15T15:18:57.867Z,2026-05-15 15:18:57.867000+00:00,5492.834333333333,91.54723888888888,69.29,6,65,test,7,4,4.644610404968262,3.470476627349853,7.575432300567627,6.023900032043457,17.069808959960938,True,False,0.06471020826200716,5.099266123471891,78.05067742024492,78.05067742024492,0.0,5.099266123471891,5.099266123471891,-0.45465571850362885,4.689790930643988,-0.04518052567572628,4.689790930643988,-0.04518052567572628,4.689790930643988,-0.04518052567572628
892,2026-05-15T15:20:07.139Z,2026-05-15 15:20:07.139000+00:00,5493.988866666667,91.56648111111112,69.272,6,65,test,7,5,4.903746604919434,1.3741346597671509,8.039245605,5.798343658447266,15.211723923214416,True,False,0.06188240275910814,5.527353000506624,97.75834085815183,97.75834085815183,0.0,5.527353000506624,5.527353000506624,-0.6236063955871902,5.028370430577585,-0.12462382565815133,5.028370430577585,-0.12462382565815133,5.028370430577585,-0.12462382565815133
893,2026-05-15T15:21:16.880Z,2026-05-15 15:21:16.880000+00:00,5495.151216666666,91.5858536111111,69.741,6,65,test,7,6,4.27023983,9.151499748,6.831424713134766,3.245405435562134,19.2283298966969,True,False,0.08312175080728339,4.633515399962855,115.43968816030011,115.43968816030011,0.0,4.633515399962855,4.633515399962855,-0.3632755699628545,4.32142260281364,-0.05118277281363959,4.32142260281364,-0.05118277281363959,4.32142260281364,-0.05118277281363959
894,2026-05-15T15:22:26.319Z,2026-05-15 15:22:26.319000+00:00,5496.308533333333,91.60514222222221,69.439,6,65,test,7,7,4.123027801513672,9.831826210021973,5.592966079711914,5.723219394683838,21.148011684417725,True,False,0.07293731684997687,4.515793391099266,137.69295482191237,137.69295482191237,0.0,4.515793391099266,4.515793391099266,-0.3927655895855944,4.228314729084126,-0.10528692757045377,4.228314729084126,-0.10528692757045377,4.228314729084126,-0.10528692757045377
895,2026-05-15T15:23:35.703Z,2026-05-15 15:23:35.703000+00:00,5497.464933333334,91.62441555555556,69.384,6,65,test,7,8,3.863339424133301,8.514848709106445,2.530998468399048,6.905486583709717,17.95133376121521,True,False,0.06153218097571458,4.235435260635423,162.14851553377304,162.14851553377304,0.0,4.235435260635423,4.235435260635423,-0.3720958365021225,4.006575823485615,-0.1432363993523138,4.006575823485615,-0.1432363993523138,4.006575823485615,-0.1432363993523138
896,2026-05-15T15:24:45.024Z,2026-05-15 15:24:45.024000+00:00,5498.620283333334,91.64367138888889,69.321,6,65,test,7,9,4.318758964538574,8.885738372802734,8.401227951049805,4.075616836547852,21.36258316040039,True,False,0.08092170405635785,4.736043756463407,182.88858899479303,182.88858899479303,0.0,4.736043756463407,4.736043756463407,-0.4172847919248328,4.402513618528551,-0.08375465398997672,4.402513618528551,-0.08375465398997672,4.402513618528551,-0.08375465398997672
897,2026-05-15T15:25:54.435Z,2026-05-15 15:25:54.435000+00:00,5499.777133333334,91.66295222222223,69.411,6,66,test,8,0,4.335851669311523,9.322631836,8.670869827270508,6.293560028076172,24.28706169134668,True,False,0.07408677876287305,4.728962351557077,0.0,0.0,0.0,4.728962351557077,4.728962351557077,-0.39311068224555346,4.396912842936875,-0.061061173625351906,4.396912842936875,-0.061061173625351906,4.396912842936875,-0.061061173625351906
898,2026-05-15T15:27:04.058Z,2026-05-15 15:27:04.058000+00:00,5500.937516666667,91.68229194444444,69.623,6,66,test,8,1,4.160520553588867,6.780945777893066,4.1375226974487305,1.8140027523040767,12.732471227645874,True,False,0.08575294049465157,4.546062029164282,28.182301602277164,28.182301602277164,0.0,4.546062029164282,4.546062029164282,-0.3855414755754145,4.252254590101852,-0.0917340365129844,4.252254590101852,-0.0917340365129844,4.252254590101852,-0.0917340365129844
899,2026-05-15T15:28:13.701Z,2026-05-15 15:28:13.701000+00:00,5502.098233333333,91.70163722222222,69.643,6,66,test,8,2,4.161623001098633,7.223861217498779,4.599279403686523,5.634607791900635,17.457748413085938,True,False,0.0677243155384399,4.56465542692615,42.96109316405952,42.96109316405952,0.0,4.56465542692615,4.56465542692615,-0.40303242582751686,4.266960351137757,-0.10533735003912437,4.266960351137757,-0.10533735003912437,4.266960351137757,-0.10533735003912437
900,2026-05-15T15:29:22.975Z,2026-05-15 15:29:22.975000+00:00,5503.2528,91.72088000000001,69.274,6,66,test,8,3,4.035914421081543,9.368185997009276,4.217327117919922,7.683747768,21.269260882929196,True,False,0.0638739314436309,4.414603813995723,63.11722755686144,63.11722755686144,0.0,4.414603813995723,4.414603813995723,-0.3786893929141799,4.148282571472739,-0.11236815039119641,4.148282571472739,-0.11236815039119641,4.148282571472739,-0.11236815039119641
901,2026-05-15T15:30:32.330Z,2026-05-15 15:30:32.330000+00:00,5504.408716666667,91.74014527777778,69.355,6,66,test,8,4,3.8660964965820312,9.028949737548828,2.626143455505371,1.2452287673950195,12.900321960449219,True,False,0.09034730473229477,4.2253186889049665,87.70272069912068,87.70272069912068,0.0,4.2253186889049665,4.2253186889049665,-0.3592221923229353,3.9985744948271273,-0.1324779982450961,3.9985744948271273,-0.1324779982450961,3.9985744948271273,-0.1324779982450961
902,2026-05-15T15:31:41.788Z,2026-05-15 15:31:41.788000+00:00,5505.56635,91.75943916666667,69.458,6,66,test,8,5,4.404218673706055,8.907128334,9.676588058,3.154108047485352,21.73782443948535,True,False,0.08549023129584156,4.7963098944168046,102.63656341126871,102.63656341126871,0.0,4.7963098944168046,4.7963098944168046,-0.39209122071074987,4.450178893840261,-0.045960220134205976,4.450178893840261,-0.045960220134205976,4.450178893840261,-0.045960220134205976
903,2026-05-15T15:32:51.223Z,2026-05-15 15:32:51.223000+00:00,5506.7236,91.77872666666667,69.435,6,66,test,8,6,4.676036834716797,3.4795165061950684,8.371276855,4.395429611206055,16.24622297240112,True,False,0.07294491391215699,5.141480034238286,127.79266074386314,127.79266074386314,0.0,5.141480034238286,5.141480034238286,-0.4654431995214887,4.723178463792704,-0.0471416290759068,4.723178463792704,-0.0471416290759068,4.723178463792704,-0.0471416290759068
904,2026-05-15T15:34:00.496Z,2026-05-15 15:34:00.496000+00:00,5507.8781500000005,91.79796916666668,69.273,6,66,test,8,7,4.177612305,3.0374038219451904,2.325367212295532,4.023921012878418,9.38669204711914,True,False,0.0571316392113514,4.644690378833914,146.54973747664886,146.54973747664886,0.0,4.644690378833914,4.644690378833914,-0.467078073833914,4.330261039497661,-0.15264873449766103,4.330261039497661,-0.15264873449766103,4.330261039497661,-0.15264873449766103
905,2026-05-15T15:35:09.853Z,2026-05-15 15:35:09.853000+00:00,5509.0341,91.817235,69.357,6,66,test,8,8,4.531582832336426,5.597064971923828,8.557381629943848,3.0040762424468994,17.158522844314575,True,False,0.08249222109791177,4.9446307115534935,157.40028414851622,157.40028414851622,0.0,4.9446307115534935,4.9446307115534935,-0.41304787921706776,4.567487764515612,-0.03590493217918578,4.567487764515612,-0.03590493217918578,4.567487764515612,-0.03590493217918578
906,2026-05-15T15:36:19.048Z,2026-05-15 15:36:19.048000+00:00,5510.187349999999,91.83645583333332,69.195,6,66,test,8,9,4.243223190307617,7.992061614990234,5.754061698913574,2.8887853622436523,16.63490867614746,True,False,0.08263419764734965,4.6178362446947,177.188350618722,177.188350618722,0.0,4.6178362446947,4.6178362446947,-0.3746130543870825,4.309021754212896,-0.06579856390527894,4.309021754212896,-0.06579856390527894,4.309021754212896,-0.06579856390527894
907,2026-05-15T15:37:28.174Z,2026-05-15 15:37:28.174000+00:00,5511.33945,91.8556575,69.126,6,67,test,9,0,5.011812210083008,1.1730668544769287,9.721030235290527,9.638673782348633,20.53277087211609,True,False,0.053057121017026775,5.678567727282116,0.0,0.0,0.0,5.678567727282116,5.678567727282116,-0.6667555171991078,5.147968132167693,-0.13615592208468552,5.147968132167693,-0.13615592208468552,5.147968132167693,-0.13615592208468552
908,2026-05-15T15:38:37.478Z,2026-05-15 15:38:37.478000+00:00,5512.494516666667,91.87490861111111,69.304,6,67,test,9,1,4.845854759216309,2.397249698638916,9.144902229309082,3.4551031589508057,14.997255086898804,True,False,0.0769617630764373,5.341621894651355,23.716719208685557,23.716719208685557,0.0,5.341621894651355,5.341621894651355,-0.49576713543504614,4.881473274144806,-0.03561851492849755,4.881473274144806,-0.03561851492849755,4.881473274144806,-0.03561851492849755
909,2026-05-15T15:39:46.508Z,2026-05-15 15:39:46.508000+00:00,5513.645016666666,91.8940836111111,69.03,6,67,test,9,2,4.329235076904297,8.762042999267578,7.699069976806641,5.447832107543945,21.908945083618164,True,False,0.07513421076755805,4.704291559762483,40.97106118616263,40.97106118616263,0.0,4.704291559762483,4.704291559762483,-0.37505648285818616,4.37740039161709,-0.04816531471279273,4.37740039161709,-0.04816531471279273,4.37740039161709,-0.04816531471279273
910,2026-05-15T15:40:55.539Z,2026-05-15 15:40:55.539000+00:00,5514.795533333334,91.9132588888889,69.031,6,67,test,9,3,5.006850242614746,1.0801368951797483,8.898091316223145,2.262293815612793,12.240522027015686,True,False,0.0815179956327046,5.675934230907223,66.17766765395005,66.17766765395005,0.0,5.675934230907223,5.675934230907223,-0.6690839882924768,5.145885265503187,-0.13903502288844116,5.145885265503187,-0.13903502288844116,5.145885265503187,-0.13903502288844116
911,2026-05-15T15:42:04.814Z,2026-05-15 15:42:04.814000+00:00,5515.950116666666,91.93250194444444,69.275,6,67,test,9,4,4.549777030944824,1.1259809732437134,2.807635545730591,4.739164352416992,8.672780871391296,True,False,0.045355885007426336,5.157136047685543,80.31037037764192,80.31037037764192,0.0,5.157136047685543,5.157136047685543,-0.6073590167407188,4.735561009225172,-0.1857839782803481,4.735561009225172,-0.1857839782803481,4.735561009225172,-0.1857839782803481
912,2026-05-15T15:43:14.015Z,2026-05-15 15:43:14.015000+00:00,5517.1034666666665,91.95172444444444,69.201,6,67,test,9,5,4.148941993713379,6.894925594329834,3.6857290267944336,3.856064796447754,14.436719417572021,True,False,0.07328988196754559,4.48884053806113,90.31312219566107,90.31312219566107,0.0,4.48884053806113,4.48884053806113,-0.3398985443477507,4.206997365733378,-0.05805537201999922,4.206997365733378,-0.05805537201999922,4.206997365733378,-0.05805537201999922
913,2026-05-15T15:44:23.298Z,2026-05-15 15:44:23.298000+00:00,5518.258183333333,91.97096972222222,69.283,6,67,test,9,6,4.160520553588867,5.277148246765137,3.5383896827697754,9.219036102294922,18.034574031829834,True,False,0.04888132047907574,4.58736239437735,106.98344271912177,106.98344271912177,0.0,4.58736239437735,4.58736239437735,-0.42684184078848286,4.284919588145651,-0.12439903455678358,4.284919588145651,-0.12439903455678358,4.284919588145651,-0.12439903455678358
914,2026-05-15T15:45:32.592Z,2026-05-15 15:45:32.592000+00:00,5519.413083333333,91.99021805555554,69.294,6,67,test,9,7,4.511734008789063,3.0430002212524414,5.596164226531982,3.3462939262390137,11.985458374023438,True,False,0.07208038423051412,5.024837850990564,127.81157226848204,127.81157226848204,0.0,5.024837850990564,5.024837850990564,-0.5131038422015006,4.6309246382404385,-0.11919062945137515,4.6309246382404385,-0.11919062945137515,4.6309246382404385,-0.11919062945137515
915,2026-05-15T15:46:42.382Z,2026-05-15 15:46:42.382000+00:00,5520.57625,92.00960416666666,69.79,6,67,test,9,8,4.670523643493652,3.317999839782715,8.048895835876465,3.286436080932617,14.653331756591797,True,False,0.0775720898460228,5.14505387927243,141.75265793386697,141.75265793386697,0.0,5.14505387927243,5.14505387927243,-0.4745302357787775,4.726005064488531,-0.055481420994878405,4.726005064488531,-0.055481420994878405,4.726005064488531,-0.055481420994878405
916,2026-05-15T15:47:51.554Z,2026-05-15 15:47:51.554000+00:00,5521.729116666666,92.0288186111111,69.172,6,67,test,9,9,4.628069877624512,3.219695806503296,6.762788296,1.3365367650985718,11.319020867601868,True,False,0.08819211678525918,5.082497316685765,158.64599567164976,158.64599567164976,0.0,5.082497316685765,5.082497316685765,-0.45442743906125305,4.676528262431739,-0.048458384807227084,4.676528262431739,-0.048458384807227084,4.676528262431739,-0.048458384807227084
917,2026-05-15T15:49:00.656Z,2026-05-15 15:49:00.656000+00:00,5522.880816666667,92.04801361111112,69.102,6,68,test,10,0,4.403667449951172,8.997776031,8.708091735839844,1.5136263370513916,19.219494103891236,True,False,0.09212452560473516,4.746126223803932,0.0,0.0,0.0,4.746126223803932,4.746126223803932,-0.34245877385276025,4.410487973579792,-0.006820523628619846,4.410487973579792,-0.006820523628619846,4.410487973579792,-0.006820523628619846
918,2026-05-15T15:50:09.753Z,2026-05-15 15:50:09.753000+00:00,5524.032433333333,92.06720722222221,69.097,6,68,test,10,1,4.217309951782227,7.080188751220703,4.900061607,9.592736244,21.572986602220702,True,False,0.055533573441275255,4.600967415695577,22.133489734942877,22.133489734942877,0.0,4.600967415695577,4.600967415695577,-0.38365746391335076,4.295679977126548,-0.0783700253443218,4.295679977126548,-0.0783700253443218,4.295679977126548,-0.0783700253443218
919,2026-05-15T15:51:19.043Z,2026-05-15 15:51:19.043000+00:00,5525.187266666666,92.08645444444443,69.29,6,68,test,10,2,4.921941757202148,1.2119569778442385,7.535095215,3.012435913085937,11.759488105930176,True,False,0.07438293328799916,5.553738070709828,47.04669376274075,47.04669376274075,0.0,5.553738070709828,5.553738070709828,-0.6317963135076798,5.049238727071497,-0.1272969698693487,5.049238727071497,-0.1272969698693487,5.049238727071497,-0.1272969698693487
920,2026-05-15T15:52:28.442Z,2026-05-15 15:52:28.442000+00:00,5526.343916666667,92.10573194444444,69.399,6,68,test,10,3,4.676036834716797,2.384669780731201,6.028568267822266,3.3284003734588623,11.741638422012329,True,False,0.07165301592647386,5.1629909544089685,60.64830568046489,60.64830568046489,0.0,5.1629909544089685,5.1629909544089685,-0.4869541196921716,4.7401917313914455,-0.06415489667464858,4.7401917313914455,-0.06415489667464858,4.7401917313914455,-0.06415489667464858
921,2026-05-15T15:53:37.727Z,2026-05-15 15:53:37.727000+00:00,5527.498666666666,92.12497777777777,69.285,6,68,test,10,4,4.775832176208496,3.533058881759644,9.354855537,1.5001885890960691,14.388103007855713,True,False,0.0895734094461446,5.183046044470558,74.20696264828362,74.20696264828362,0.0,5.183046044470558,5.183046044470558,-0.40721386826206185,4.756053563950319,0.01977861225817712,4.756053563950319,0.01977861225817712,4.756053563950319,0.01977861225817712
922,2026-05-15T15:54:47.266Z,2026-05-15 15:54:47.266000+00:00,5528.657649999999,92.14429416666665,69.539,6,68,test,10,5,4.059070587158203,9.958820343017578,4.521877288818359,2.04067611694336,16.521373748779297,True,False,0.08764826613105259,4.417991788329946,90.88253423267159,90.88253423267159,0.0,4.417991788329946,4.417991788329946,-0.35892120117174287,4.150962164605364,-0.0918915774471607,4.150962164605364,-0.0918915774471607,4.150962164605364,-0.0918915774471607
923,2026-05-15T15:55:57.083Z,2026-05-15 15:55:57.083000+00:00,5529.821266666667,92.16368777777778,69.817,6,68,test,10,6,4.726210594177246,2.8971753120422363,8.102963448,1.1195892095565796,12.119727969598816,True,False,0.09076225792884987,5.206822268368318,110.10708008298033,110.10708008298033,0.0,5.206822268368318,5.206822268368318,-0.48061167419107154,4.7748584898414705,-0.04864789566422445,4.7748584898414705,-0.04864789566422445,4.7748584898414705,-0.04864789566422445
924,2026-05-15T15:57:06.448Z,2026-05-15 15:57:06.448000+00:00,5530.97735,92.18295583333334,69.365,6,68,test,10,7,4.360110282897949,7.773075580596924,6.85299015,1.702354907989502,16.328420638586426,True,False,0.08957428311243654,4.705670647446108,124.11849559316737,124.11849559316737,0.0,4.705670647446108,4.705670647446108,-0.34556036454815864,4.378491130070743,-0.018380847172793757,4.378491130070743,-0.018380847172793757,4.378491130070743,-0.018380847172793757
925,2026-05-15T15:58:15.657Z,2026-05-15 15:58:15.657000+00:00,5532.130833333333,92.20218055555554,69.209,6,68,test,10,8,4.675485610961914,2.031219482421875,5.599815368652344,1.5043443441390991,9.135379195213318,True,False,0.08353276517599476,5.200584545189402,142.95305665943283,142.95305665943283,0.0,5.200584545189402,5.200584545189402,-0.5250989342274881,4.769924993142692,-0.09443938218077808,4.769924993142692,-0.09443938218077808,4.769924993142692,-0.09443938218077808
926,2026-05-15T15:59:24.786Z,2026-05-15 15:59:24.786000+00:00,5533.2829833333335,92.22138305555556,69.129,6,68,test,10,9,4.704707145690918,1.3532836437225342,4.970680236816406,5.1910271644592285,11.514991044998169,True,False,0.054919399032324186,5.325249283831233,153.47838379919784,153.47838379919784,0.0,5.325249283831233,5.325249283831233,-0.6205421381403147,4.868523962494605,-0.16381681680368665,4.868523962494605,-0.16381681680368665,4.868523962494605,-0.16381681680368665
927,2026-05-15T16:00:33.952Z,2026-05-15 16:00:33.952000+00:00,5534.435750000001,92.24059583333334,69.166,6,69,test,11,0,4.002281188964844,7.778479576,3.191003799438477,7.472362995147705,18.441846370586184,True,False,0.05948148116521701,4.374525790720254,0.0,0.0,0.0,4.374525790720254,4.374525790720254,-0.3722446017554102,4.1165843396256685,-0.11430315066082475,4.1165843396256685,-0.11430315066082475,4.1165843396256685,-0.11430315066082475
928,2026-05-15T16:01:43.271Z,2026-05-15 16:01:43.271000+00:00,5535.591066666666,92.2598511111111,69.319,6,69,test,11,1,4.102075576782227,2.584921836853028,1.8162142038345337,5.558938026428223,9.960074067115784,True,False,0.044187784257733266,4.60772007339582,21.3061724760444,21.3061724760444,0.0,4.60772007339582,4.60772007339582,-0.5056444966135931,4.30102074226097,-0.19894516547874375,4.30102074226097,-0.19894516547874375,4.30102074226097,-0.19894516547874375
929,2026-05-15T16:02:52.753Z,2026-05-15 16:02:52.753000+00:00,5536.7491,92.27915166666666,69.482,6,69,test,11,2,3.859480857849121,9.199625968933104,2.708107709884644,4.497371673583984,16.405105352401733,True,False,0.07258553616709591,4.230894319613479,32.84027024823338,32.84027024823338,0.0,4.230894319613479,4.230894319613479,-0.37141346176435786,4.002984333947118,-0.14350347609799652,4.002984333947118,-0.14350347609799652,4.002984333947118,-0.14350347609799652
930,2026-05-15T16:04:01.964Z,2026-05-15 16:04:01.964000+00:00,5537.902616666667,92.29837694444446,69.211,6,69,test,11,3,3.691316604614258,7.729015350341797,1.7057859897613523,8.430353164672852,17.865154504776,True,False,0.052811193642802734,4.108115395619895,51.76383269065132,51.76383269065132,0.0,4.108115395619895,4.108115395619895,-0.416798791005637,3.905876880020751,-0.21456027540649325,3.905876880020751,-0.21456027540649325,3.905876880020751,-0.21456027540649325
931,2026-05-15T16:05:11.064Z,2026-05-15 16:05:11.064000+00:00,5539.054283333333,92.31757138888888,69.1,6,69,test,11,4,4.140119552612305,8.402395248413086,5.110621929168701,7.974367141723633,21.48738431930542,True,False,0.06288814393030132,4.544907845479078,72.33853562865168,72.33853562865168,0.0,4.544907845479078,4.544907845479078,-0.4047882928667734,4.251341731156783,-0.11122217854447847,4.251341731156783,-0.11122217854447847,4.251341731156783,-0.11122217854447847
932,2026-05-15T16:06:20.292Z,2026-05-15 16:06:20.292000+00:00,5540.208083333333,92.33680138888889,69.228,6,69,test,11,5,4.415797233581543,3.5168278217315674,4.867520332336426,9.176299095153809,17.5606472492218,True,False,0.0477450975187691,4.901625173623448,97.13067965626627,97.13067965626627,0.0,4.901625173623448,4.901625173623448,-0.4858279400419052,4.533474123108079,-0.11767688952653632,4.533474123108079,-0.11767688952653632,4.533474123108079,-0.11767688952653632
933,2026-05-15T16:07:29.464Z,2026-05-15 16:07:29.464000+00:00,5541.36095,92.35601583333333,69.172,6,69,test,11,6,4.28953743,9.299139022827148,7.716714859008789,2.809561491012573,19.82541537284851,True,False,0.08582848612160555,4.67941682777229,117.37576451498578,117.37576451498578,0.0,4.67941682777229,4.67941682777229,-0.3898793977722894,4.357726641334064,-0.06818921133406342,4.357726641334064,-0.06818921133406342,4.357726641334064,-0.06818921133406342
934,2026-05-15T16:08:38.543Z,2026-05-15 16:08:38.543000+00:00,5542.512266666667,92.37520444444445,69.079,6,69,test,11,7,3.680289268493652,7.916508197784424,1.5245411396026611,7.488248825073242,16.929298162460327,True,False,0.05576751763001037,4.049714388202819,140.2010956573358,140.2010956573358,0.0,4.049714388202819,4.049714388202819,-0.36942511970916714,3.859686760800424,-0.17939749230677204,3.859686760800424,-0.17939749230677204,3.859686760800424,-0.17939749230677204
935,2026-05-15T16:09:47.705Z,2026-05-15 16:09:47.705000+00:00,5543.664966666666,92.3944161111111,69.162,6,69,test,11,8,4.327580451965332,6.388840198516846,6.234550952911377,5.000342369,17.623733520428225,True,False,0.07162722437215732,4.749814673297108,159.71549764920383,159.71549764920383,0.0,4.749814673297108,4.749814673297108,-0.42223422133177557,4.413405216438484,-0.08582476447315202,4.413405216438484,-0.08582476447315202,4.413405216438484,-0.08582476447315202
936,2026-05-15T16:10:57.132Z,2026-05-15 16:10:57.132000+00:00,5544.8220833333335,92.4137013888889,69.427,6,69,test,11,9,4.628069877624512,4.637896060943604,9.386502265930176,2.1244165897369385,16.148814916610718,True,False,0.08684475238147812,5.066376679855392,180.10821343458332,180.10821343458332,0.0,5.066376679855392,5.066376679855392,-0.4383068022308807,4.663778240299676,-0.035708362675164196,4.663778240299676,-0.035708362675164196,4.663778240299676,-0.035708362675164196
937,2026-05-15T16:12:06.577Z,2026-05-15 16:12:06.577000+00:00,5545.9795,92.43299166666667,69.445,6,70,test,12,0,4.421862602233887,8.974524498,9.187628746032717,3.639041423797608,21.801194667830323,True,False,0.08330806417151373,4.770545709430042,0.0,0.0,0.0,4.770545709430042,4.770545709430042,-0.34868310719615536,4.429801663569997,-0.007939061336109887,4.429801663569997,-0.007939061336109887,4.429801663569997,-0.007939061336109887
938,2026-05-15T16:13:15.951Z,2026-05-15 16:13:15.951000+00:00,5547.135733333333,92.45226222222222,69.374,6,70,test,12,1,4.47203540802002,8.240070343017578,9.526117324829102,2.238084554672241,20.00427222251892,True,False,0.0888119671149405,4.823280369926695,25.20726798143435,25.20726798143435,0.0,4.823280369926695,4.823280369926695,-0.35124496190667465,4.4715101950339875,0.0005252129860329191,4.4715101950339875,0.0005252129860329191,4.4715101950339875,0.0005252129860329191
939,2026-05-15T16:14:25.054Z,2026-05-15 16:14:25.054000+00:00,5548.28745,92.4714575,69.103,6,70,test,12,2,4.3137969970703125,1.7774723768234253,2.057887554168701,1.8281068801879885,5.663466811180115,True,False,0.06772106306725122,4.824005528102902,48.246521704646426,48.246521704646426,0.0,4.824005528102902,4.824005528102902,-0.5102085310325899,4.472083732102851,-0.15828673503253832,4.472083732102851,-0.15828673503253832,4.472083732102851,-0.15828673503253832
940,2026-05-15T16:15:34.258Z,2026-05-15 16:15:34.258000+00:00,5549.44085,92.49068083333333,69.204,6,70,test,12,3,4.249288558959961,2.068960666656494,2.164322853088379,1.1377668380737305,5.3710503578186035,True,False,0.07881667900548557,4.779935826033298,54.778764324661566,54.778764324661566,0.0,4.779935826033298,4.779935826033298,-0.5306472670733369,4.437228429384149,-0.18793987042418792,4.437228429384149,-0.18793987042418792,4.437228429384149,-0.18793987042418792
941,2026-05-15T16:16:43.565Z,2026-05-15 16:16:43.565000+00:00,5550.595966666666,92.50993277777776,69.307,6,70,test,12,4,4.705810547,3.1947031021118164,8.334090232849121,2.717710494995117,14.246503829956055,True,False,0.0809236671155726,5.176606065217636,60.9829541104838,60.9829541104838,0.0,5.176606065217636,5.176606065217636,-0.47079551821763665,4.750960100282055,-0.045149553282055166,4.750960100282055,-0.045149553282055166,4.750960100282055,-0.045149553282055166
942,2026-05-15T16:17:52.840Z,2026-05-15 16:17:52.840000+00:00,5551.75055,92.52917583333333,69.275,6,70,test,12,5,4.467624664306641,7.016859531402588,8.556081771850586,9.509085655212402,25.082026958465576,True,False,0.062088049458845926,4.846534456806213,77.43172999082057,77.43172999082057,0.0,4.846534456806213,4.846534456806213,-0.3789097924995728,4.489902155940654,-0.02227749163401338,4.489902155940654,-0.02227749163401338,4.489902155940654,-0.02227749163401338
943,2026-05-15T16:19:01.914Z,2026-05-15 16:19:01.914000+00:00,5552.901783333334,92.54836305555555,69.074,6,70,test,12,6,4.763151168823242,1.5192726850509644,5.532633304595947,2.1509549617767334,9.202860951423645,True,False,0.0766273230343224,5.321456051752372,106.30699549297142,106.30699549297142,0.0,5.321456051752372,5.321456051752372,-0.5583048829291295,4.8655238457209045,-0.10237267689766227,4.8655238457209045,-0.10237267689766227,4.8655238457209045,-0.10237267689766227
944,2026-05-15T16:20:10.749Z,2026-05-15 16:20:10.749000+00:00,5554.049033333333,92.56748388888887,68.835,6,70,test,12,7,3.8936643600463863,5.865920066833496,1.8788107633590696,7.416406154632568,15.161136984825134,True,False,0.05108278381723158,4.268039320787582,116.8649777194922,116.8649777194922,0.0,4.268039320787582,4.268039320787582,-0.3743749607411959,4.032362800322158,-0.1386984402757716,4.032362800322158,-0.1386984402757716,4.032362800322158,-0.1386984402757716
945,2026-05-15T16:21:20.020Z,2026-05-15 16:21:20.020000+00:00,5555.20355,92.58672583333333,69.271,6,70,test,12,8,4.3490839,9.442098617553713,9.434246063232422,7.369277954101562,26.245622634887695,True,False,0.07192187795801899,4.760058339770668,134.36876305408924,134.36876305408924,0.0,4.760058339770668,4.760058339770668,-0.4109744397706683,4.421507065988578,-0.07242316598857812,4.421507065988578,-0.07242316598857812,4.421507065988578,-0.07242316598857812
946,2026-05-15T16:22:29.128Z,2026-05-15 16:22:29.128000+00:00,5556.35535,92.60592249999999,69.108,6,70,test,12,9,4.243774414,7.910520553588867,5.714842796325684,4.242598056793213,17.867961406707764,True,False,0.07625583601719382,4.619361028363886,164.5984712049529,164.5984712049529,0.0,4.619361028363886,4.619361028363886,-0.3755866143638862,4.310227725523664,-0.06645331152366385,4.310227725523664,-0.06645331152366385,4.310227725523664,-0.06645331152366385
947,2026-05-15T16:23:38.729Z,2026-05-15 16:23:38.729000+00:00,5557.515366666667,92.62525611111113,69.601,6,71,test,13,0,4.470381736755371,7.911612033843994,9.568257331848145,1.4983625411987305,18.97823190689087,True,False,0.09210483595864015,4.842841152543922,0.0,0.0,0.0,4.842841152543922,4.842841152543922,-0.37245941578855124,4.486981073381687,-0.01659933662631552,4.486981073381687,-0.01659933662631552,4.486981073381687,-0.01659933662631552
948,2026-05-15T16:24:48.157Z,2026-05-15 16:24:48.157000+00:00,5558.6725,92.64454166666665,69.428,6,71,test,13,1,4.731724739074707,2.410114049911499,7.474205017089844,9.311722755432127,19.19604182243347,True,False,0.05149144369674182,5.251783521018767,21.960344747193652,21.960344747193652,0.0,5.251783521018767,5.251783521018767,-0.5200587819440603,4.8104189315541985,-0.0786941924794915,4.8104189315541985,-0.0786941924794915,4.8104189315541985,-0.0786941924794915
949,2026-05-15T16:25:57.557Z,2026-05-15 16:25:57.557000+00:00,5559.829166666666,92.66381944444444,69.4,6,71,test,13,2,4.516695976257324,4.018672943115234,5.932935715,8.834968566894531,18.786577225009765,True,False,0.052971909352743006,4.92958746949837,44.1637664551417,44.1637664551417,0.0,4.92958746949837,4.92958746949837,-0.41289149324104546,4.555589867977217,-0.03889389171989244,4.555589867977217,-0.03889389171989244,4.555589867977217,-0.03889389171989244
950,2026-05-15T16:27:07.096Z,2026-05-15 16:27:07.096000+00:00,5560.98815,92.68313583333334,69.539,6,71,test,13,3,4.4885759353637695,7.218587875366211,8.894198417663574,5.518002510070801,21.630788803100586,True,False,0.07449005415244106,4.850986825111099,65.9370963493076,65.9370963493076,0.0,4.850986825111099,4.850986825111099,-0.3624108897473297,4.493423592160869,-0.004847656797099198,4.493423592160869,-0.004847656797099198,4.493423592160869,-0.004847656797099198
951,2026-05-15T16:28:16.244Z,2026-05-15 16:28:16.244000+00:00,5562.140616666667,92.7023436111111,69.148,6,71,test,13,4,4.812222480773926,2.736635446548462,9.247177124023438,2.05918026,14.0429928305719,True,False,0.08533659964906398,5.288940670255413,90.86585941858758,90.86585941858758,0.0,5.288940670255413,5.288940670255413,-0.47671818948148736,4.839807005990503,-0.02758452521657695,4.839807005990503,-0.02758452521657695,4.839807005990503,-0.02758452521657695
952,2026-05-15T16:29:25.606Z,2026-05-15 16:29:25.606000+00:00,5563.29665,92.72161083333334,69.362,6,71,test,13,5,4.665560722351074,4.204248905181885,9.19395351409912,6.249533653259277,19.647736072540283,True,False,0.06819209281829859,5.1000487914241655,107.1000272304897,107.1000272304897,0.0,5.1000487914241655,5.1000487914241655,-0.43448806907309123,4.6904099529455605,-0.024849230594486293,4.6904099529455605,-0.024849230594486293,4.6904099529455605,-0.024849230594486293
953,2026-05-15T16:30:34.766Z,2026-05-15 16:30:34.766000+00:00,5564.449316666666,92.74082194444443,69.16,6,71,test,13,6,3.7596845626831055,9.971034049987791,2.204766273498535,1.5700346231460571,13.745834946632383,True,False,0.0885781065374228,4.107200620039394,129.74731767677113,129.74731767677113,0.0,4.107200620039394,4.107200620039394,-0.3475160573562883,3.905153372071283,-0.14546880938817752,3.905153372071283,-0.14546880938817752,3.905153372071283,-0.14546880938817752
954,2026-05-15T16:31:44.104Z,2026-05-15 16:31:44.104000+00:00,5565.60495,92.7600825,69.338,6,71,test,13,7,4.720145225524902,2.496918201446533,7.547965049743652,4.939545631408691,14.984428882598877,True,False,0.06703547615922226,5.240624829363935,145.63246273559773,145.63246273559773,0.0,5.240624829363935,5.240624829363935,-0.5204796038390329,4.8015933766421295,-0.08144815111722714,4.8015933766421295,-0.08144815111722714,4.8015933766421295,-0.08144815111722714
955,2026-05-15T16:32:53.356Z,2026-05-15 16:32:53.356000+00:00,5566.75915,92.77931916666667,69.252,6,71,test,13,8,4.222823143005371,5.724366664886475,4.297187805175781,6.728175640106201,16.749730110168457,True,False,0.05983113998940408,4.636141774332138,162.92749055189336,162.92749055189336,0.0,4.636141774332138,4.636141774332138,-0.41331863132676716,4.323499836590929,-0.10067669358555786,4.323499836590929,-0.10067669358555786,4.323499836590929,-0.10067669358555786
956,2026-05-15T16:34:02.835Z,2026-05-15 16:34:02.835000+00:00,5567.917133333333,92.7986188888889,69.479,6,71,test,13,9,4.430132865905762,8.739266395568848,9.688598633,5.688961982727051,24.116827011295896,True,False,0.07641081896858803,4.805143005065385,182.32339885729994,182.32339885729994,0.0,4.805143005065385,4.805143005065385,-0.375010139159623,4.457165116372869,-0.027032250467107666,4.457165116372869,-0.027032250467107666,4.457165116372869,-0.027032250467107666
957,2026-05-15T16:35:11.957Z,2026-05-15 16:35:11.957000+00:00,5569.069166666667,92.81781944444445,69.122,6,72,test,14,0,4.779691696166992,3.2367043495178223,9.680793762207031,3.2136807441711426,16.131178855895996,True,False,0.08007783080902031,5.23597564403862,0.0,0.0,0.0,5.23597564403862,5.23597564403862,-0.4562839478716274,4.7979162752709135,-0.01822457910392128,4.7979162752709135,-0.01822457910392128,4.7979162752709135,-0.01822457910392128
958,2026-05-15T16:36:21.169Z,2026-05-15 16:36:21.169000+00:00,5570.2227,92.837045,69.212,6,72,test,14,1,4.276304244995117,9.889732360839844,7.705867290496826,7.009294033050537,24.604893684387207,True,False,0.07151260183051222,4.652186495269529,18.607852516237894,18.607852516237894,0.0,4.652186495269529,4.652186495269529,-0.3758822502744117,4.336189815852113,-0.05988557085699586,4.336189815852113,-0.05988557085699586,4.336189815852113,-0.05988557085699586
959,2026-05-15T16:37:30.165Z,2026-05-15 16:37:30.165000+00:00,5571.372633333333,92.85621055555556,68.996,6,72,test,14,2,4.623106956481934,3.819732666015625,7.7725934982299805,2.718940734863281,14.311266899108887,True,False,0.08100139733238725,5.068740129463345,46.90183992703756,46.90183992703756,0.0,5.068740129463345,5.068740129463345,-0.44563317298141136,4.665647523450614,-0.04254056696868069,4.665647523450614,-0.04254056696868069,4.665647523450614,-0.04254056696868069
960,2026-05-15T16:38:39.375Z,2026-05-15 16:38:39.375000+00:00,5572.526133333334,92.87543555555557,69.21,6,72,test,14,3,4.6286211013793945,4.305356025695801,8.340192794799805,8.121681213378906,20.76723003387451,True,False,0.06089184161714775,5.047451763747565,63.40988629515965,63.40988629515965,0.0,5.047451763747565,5.047451763747565,-0.4188306623681708,4.648810277075815,-0.020189175696420314,4.648810277075815,-0.020189175696420314,4.648810277075815,-0.020189175696420314
961,2026-05-15T16:39:48.968Z,2026-05-15 16:39:48.968000+00:00,5573.6860166666675,92.89476694444446,69.593,6,72,test,14,4,4.448879241943359,8.030914306640625,9.249985694885254,2.794346809387207,20.075246810913086,True,False,0.08608063534308244,4.8216818479381836,87.49745029095013,87.49745029095013,0.0,4.8216818479381836,4.8216818479381836,-0.3728026059948242,4.470245903123775,-0.021366661180415747,4.470245903123775,-0.021366661180415747,4.470245903123775,-0.021366661180415747
962,2026-05-15T16:40:58.397Z,2026-05-15 16:40:58.397000+00:00,5574.8431666666675,92.9140527777778,69.429,6,72,test,14,5,4.671626091003418,2.8272743225097656,6.965917587280273,8.097490310668945,17.890682220458984,True,False,0.05473906354778904,5.151882701252399,110.72752213819821,110.72752213819821,0.0,5.151882701252399,5.151882701252399,-0.4802566102489809,4.731406068946152,-0.05977997794273371,4.731406068946152,-0.05977997794273371,4.731406068946152,-0.05977997794273371
963,2026-05-15T16:42:08.186Z,2026-05-15 16:42:08.186000+00:00,5576.006316666667,92.93343861111111,69.789,6,72,test,14,6,4.574587821960449,5.771810054779053,9.672450065612791,7.368464469909668,22.812724590301514,True,False,0.06770019976902601,4.984508506309565,131.5370691629251,131.5370691629251,0.0,4.984508506309565,4.984508506309565,-0.40992068434911566,4.599027633012608,-0.024439811052158866,4.599027633012608,-0.024439811052158866,4.599027633012608,-0.024439811052158866
964,2026-05-15T16:43:17.886Z,2026-05-15 16:43:17.886000+00:00,5577.167983333334,92.95279972222222,69.7,6,72,test,14,7,4.3634185791015625,6.490137100219727,6.007671833,3.5099658966064453,16.00777482982617,True,False,0.07807336788579404,4.726870255423416,158.03785089532536,158.03785089532536,0.0,4.726870255423416,4.726870255423416,-0.36345167632185316,4.395258176791409,-0.03183959768984668,4.395258176791409,-0.03183959768984668,4.395258176791409,-0.03183959768984668
965,2026-05-15T16:44:27.471Z,2026-05-15 16:44:27.471000+00:00,5578.3277333333335,92.97212888888889,69.585,6,72,test,14,8,4.021027565002441,5.660436630249023,2.380804538726806,1.6003427505493164,9.641583919525146,True,False,0.08340166134623932,4.384903170766493,176.60286775421628,176.60286775421628,0.0,4.384903170766493,4.384903170766493,-0.36387560576405154,4.12479194498609,-0.10376437998364896,4.12479194498609,-0.10376437998364896,4.12479194498609,-0.10376437998364896
966,2026-05-15T16:45:36.892Z,2026-05-15 16:45:36.892000+00:00,5579.4847500000005,92.99141250000001,69.421,6,72,test,14,9,4.897130966186523,1.116580843925476,7.240491390228271,8.146263122558594,16.50333535671234,True,False,0.0506386863838085,5.572076087233035,187.7583410421722,187.7583410421722,0.0,5.572076087233035,5.572076087233035,-0.6749451210465116,5.063742503751616,-0.1666115375650925,5.063742503751616,-0.1666115375650925,5.063742503751616,-0.1666115375650925
967,2026-05-15T16:46:46.877Z,2026-05-15 16:46:46.877000+00:00,5580.6511666666665,93.01085277777777,69.985,6,73,test,15,0,4.342467308044434,8.176307678222656,7.321658611297607,5.028088092803955,20.52605438232422,True,False,0.07550387425099178,4.712499626686432,0.0,0.0,0.0,4.712499626686432,4.712499626686432,-0.37003231864199826,4.383892258907632,-0.041424950863198085,4.383892258907632,-0.041424950863198085,4.383892258907632,-0.041424950863198085
968,2026-05-15T16:47:56.232Z,2026-05-15 16:47:56.232000+00:00,5581.807083333333,93.03011805555555,69.355,6,73,test,15,1,4.142876625061035,7.734370708465576,4.288270950317383,1.542698860168457,13.565340518951416,True,False,0.08862764367755285,4.504525396657203,23.726408361434938,23.726408361434938,0.0,4.504525396657203,4.504525396657203,-0.36164877159616804,4.219402725170633,-0.07652610010959826,4.219402725170633,-0.07652610010959826,4.219402725170633,-0.07652610010959826
969,2026-05-15T16:49:05.824Z,2026-05-15 16:49:05.824000+00:00,5582.96695,93.04944916666666,69.592,6,73,test,15,2,4.256456375,5.253758907318115,4.171286106109619,5.122701644897461,14.547746658325195,True,False,0.06478697515696764,4.660393703580476,39.46039465134939,39.46039465134939,0.0,4.660393703580476,4.660393703580476,-0.4039373285804757,4.3426810040544215,-0.08622462905442152,4.3426810040544215,-0.08622462905442152,4.3426810040544215,-0.08622462905442152
970,2026-05-15T16:50:15.114Z,2026-05-15 16:50:15.114000+00:00,5584.121783333333,93.06869638888888,69.29,6,73,test,15,3,4.572933197021484,2.891408920288086,5.721688270568848,1.7824033498764038,10.395500540733337,True,False,0.08285408823853838,5.056620982466615,56.26061741727194,56.26061741727194,0.0,5.056620982466615,5.056620982466615,-0.4836877854451309,4.656062331869417,-0.08312913484793238,4.656062331869417,-0.08312913484793238,4.656062331869417,-0.08312913484793238
971,2026-05-15T16:51:24.387Z,2026-05-15 16:51:24.387000+00:00,5585.276333333333,93.08793888888889,69.273,6,73,test,15,4,4.1417741775512695,6.537575721740723,3.9703214168548575,7.424096584320068,17.93199372291565,True,False,0.058598599246481614,4.5443089751007735,68.26274256657561,68.26274256657561,0.0,4.5443089751007735,4.5443089751007735,-0.40253479754950394,4.250868076756031,-0.10909389920476187,4.250868076756031,-0.10909389920476187,4.250868076756031,-0.10909389920476187
972,2026-05-15T16:52:33.886Z,2026-05-15 16:52:33.886000+00:00,5586.43465,93.10724416666667,69.499,6,73,test,15,5,4.366726875305176,9.107599258422852,8.976686477661133,2.1234521865844727,20.207737922668457,True,False,0.0894918857582647,4.754054135292434,89.03366976239086,89.03366976239086,0.0,4.754054135292434,4.754054135292434,-0.38732725998725837,4.41675826227887,-0.05003138697369458,4.41675826227887,-0.05003138697369458,4.41675826227887,-0.05003138697369458
973,2026-05-15T16:53:43.482Z,2026-05-15 16:53:43.482000+00:00,5587.5945833333335,93.12657638888889,69.596,6,73,test,15,6,4.439505577087402,2.407575845718384,3.603735685348511,1.829336404800415,7.84064793586731,True,False,0.07666855571422798,4.935446680861189,112.4732985701581,112.4732985701581,0.0,4.935446680861189,4.935446680861189,-0.4959411037737871,4.560223994738986,-0.12071841765158364,4.560223994738986,-0.12071841765158364,4.560223994738986,-0.12071841765158364
974,2026-05-15T16:54:53.026Z,2026-05-15 16:54:53.026000+00:00,5588.75365,93.14589416666666,69.544,6,73,test,15,7,4.552533149719238,5.5715813636779785,8.967796325683594,9.425886154174805,23.965263843536377,True,False,0.06066854838021306,4.967034008581846,121.5611322376907,121.5611322376907,0.0,4.967034008581846,4.967034008581846,-0.414500858862608,4.585206824621507,-0.032673674902269134,4.585206824621507,-0.032673674902269134,4.585206824621507,-0.032673674902269134
975,2026-05-15T16:56:02.482Z,2026-05-15 16:56:02.482000+00:00,5589.91125,93.1651875,69.456,6,73,test,15,8,4.341364860534668,7.438154220581055,6.747581481933594,1.9757425785064695,16.161478281021118,True,False,0.08777498849949489,4.718062640735477,149.30332166296841,149.30332166296841,0.0,4.718062640735477,4.718062640735477,-0.3766977802008089,4.388292119346933,-0.046927258812265116,4.388292119346933,-0.046927258812265116,4.388292119346933,-0.046927258812265116
976,2026-05-15T16:57:12.130Z,2026-05-15 16:57:12.130000+00:00,5591.07205,93.18453416666667,69.648,6,73,test,15,9,4.486371040344238,7.390966892242432,9.420244216918944,6.249266147613525,23.060477256774902,True,False,0.07290053419957923,4.865690368501959,168.06356565157773,168.06356565157773,0.0,4.865690368501959,4.865690368501959,-0.3793193281577203,4.505052816590762,-0.018681776246523896,4.505052816590762,-0.018681776246523896,4.505052816590762,-0.018681776246523896
977,2026-05-15T16:58:21.774Z,2026-05-15 16:58:21.774000+00:00,5592.232783333334,93.20387972222223,69.644,6,74,test,16,0,3.644451141357422,8.669244766235352,1.5069795846939087,8.025522232055664,18.201746582984924,True,False,0.05590795534117611,4.006167034740492,0.0,0.0,0.0,4.006167034740492,4.006167034740492,-0.36171589338307,3.825244590414738,-0.1807934490573162,3.825244590414738,-0.1807934490573162,3.825244590414738,-0.1807934490573162
978,2026-05-15T16:59:31.409Z,2026-05-15 16:59:31.409000+00:00,5593.393366666667,93.22322277777779,69.635,6,74,test,16,1,4.764253616333008,1.5902265310287476,6.642034530639648,2.2987780570983887,10.531039118766785,True,False,0.07817140330433431,5.380990324108458,21.124643721769253,21.124643721769253,0.0,5.380990324108458,5.380990324108458,-0.6167367077754502,4.912610278976831,-0.14835666264382308,4.912610278976831,-0.14835666264382308,4.912610278976831,-0.14835666264382308
979,2026-05-15T17:00:40.926Z,2026-05-15 17:00:40.926000+00:00,5594.551983333334,93.24253305555557,69.517,6,74,test,16,2,4.441160202026367,7.732209205627441,9.541670799255373,5.964903354644775,23.238783359527588,True,False,0.0743321185865815,4.851653340789509,33.3260811620911,33.3260811620911,0.0,4.851653340789509,4.851653340789509,-0.4104931387631421,4.493950748112616,-0.052790546086249,4.493950748112616,-0.052790546086249,4.493950748112616,-0.052790546086249
980,2026-05-15T17:01:50.213Z,2026-05-15 17:01:50.213000+00:00,5595.706766666667,93.26177944444446,69.287,6,74,test,16,3,4.080574035644531,4.049408912658691,2.106831312179565,1.7407934665679932,7.89703369140625,True,False,0.07795636267245044,4.477062924122699,60.16184087261757,60.16184087261757,0.0,4.477062924122699,4.477062924122699,-0.3964888884781681,4.197682297106874,-0.11710826146234243,4.197682297106874,-0.11710826146234243,4.197682297106874,-0.11710826146234243
981,2026-05-15T17:02:59.439Z,2026-05-15 17:02:59.439000+00:00,5596.8605333333335,93.28100888888889,69.226,6,74,test,16,4,4.267482757568359,6.034497261047363,4.827116966247559,5.965817451477051,16.827431678771973,True,False,0.06454707072735878,4.663637868846376,69.27317511130572,69.27317511130572,0.0,4.663637868846376,4.663637868846376,-0.3961551112780164,4.345246856717411,-0.0777640991490518,4.345246856717411,-0.0777640991490518,4.345246856717411,-0.0777640991490518
982,2026-05-15T17:04:08.710Z,2026-05-15 17:04:08.710000+00:00,5598.01505,93.30025083333334,69.271,6,74,test,16,5,4.258110046386719,6.300592899,5.113834857940674,4.331907272338867,15.74633502927954,True,False,0.07248942522635334,4.669883333677977,88.7007254416426,88.7007254416426,0.0,4.669883333677977,4.669883333677977,-0.4117732872912585,4.350186476390371,-0.09207643000365184,4.350186476390371,-0.09207643000365184,4.350186476390371,-0.09207643000365184
983,2026-05-15T17:05:17.814Z,2026-05-15 17:05:17.814000+00:00,5599.166783333333,93.31944638888889,69.104,6,74,test,16,6,4.335851669311523,1.7532707452774048,2.351337194442749,3.550601005554199,7.655208945274353,True,False,0.053618496491254816,4.887894426136843,106.83630437269815,106.83630437269815,0.0,4.887894426136843,4.887894426136843,-0.5520427568253199,4.522614295659194,-0.1867626263476705,4.522614295659194,-0.1867626263476705,4.522614295659194,-0.1867626263476705
984,2026-05-15T17:06:27.126Z,2026-05-15 17:06:27.126000+00:00,5600.321983333333,93.33869972222222,69.312,6,74,test,16,7,4.412489891052246,4.361614227294922,5.504227638244629,9.805163383483888,19.671005249023438,True,False,0.05015423330248635,4.8615320630477,115.67960174627908,115.67960174627908,0.0,4.8615320630477,4.8615320630477,-0.4490421719954538,4.501763958518246,-0.08927406746599953,4.501763958518246,-0.08927406746599953,4.501763958518246,-0.08927406746599953
985,2026-05-15T17:07:36.433Z,2026-05-15 17:07:36.433000+00:00,5601.4771,93.35795166666666,69.307,6,74,test,16,8,4.519452095031738,6.416856766,8.759815216064453,7.198273181915283,22.37494516397974,True,False,0.06782886782889905,4.895506323866616,138.40190775951353,138.40190775951353,0.0,4.895506323866616,4.895506323866616,-0.37605422883487805,4.5286346449507775,-0.009182549919039218,4.5286346449507775,-0.009182549919039218,4.5286346449507775,-0.009182549919039218
986,2026-05-15T17:08:45.838Z,2026-05-15 17:08:45.838000+00:00,5602.63385,93.37723083333334,69.405,6,74,test,16,9,4.272444725036621,8.520008087158203,6.097723007202148,3.9504687786102295,18.56819987297058,True,False,0.0787245462369195,4.615277853747295,164.2841255779471,164.2841255779471,0.0,4.615277853747295,4.615277853747295,-0.34283312871067384,4.306998289411529,-0.03455356437490753,4.306998289411529,-0.03455356437490753,4.306998289411529,-0.03455356437490753
987,2026-05-15T17:09:55.143Z,2026-05-15 17:09:55.143000+00:00,5603.788933333333,93.39648222222222,69.305,6,75,test,17,0,4.903746604919434,1.369390845298767,7.877647399902344,4.481409072875977,13.728447318077087,True,False,0.06735676679929398,5.520023315015816,0.0,0.0,0.0,5.520023315015816,5.520023315015816,-0.6162767100963826,5.02257328663022,-0.11882668171078681,5.02257328663022,-0.11882668171078681,5.02257328663022,-0.11882668171078681
988,2026-05-15T17:11:04.560Z,2026-05-15 17:11:04.560000+00:00,5604.945883333334,93.41576472222224,69.417,6,75,test,17,1,4.6275177001953125,4.787857055664063,9.087913513183594,9.792268753051758,23.668039321899414,True,False,0.05862661617267457,5.038622905112926,15.883127124649286,15.883127124649286,0.0,5.038622905112926,5.038622905112926,-0.4111052049176136,4.641827417516543,-0.014309717321230764,4.641827417516543,-0.014309717321230764,4.641827417516543,-0.014309717321230764
989,2026-05-15T17:12:13.845Z,2026-05-15 17:12:13.845000+00:00,5606.1006333333335,93.43501055555556,69.285,6,75,test,17,2,4.387678146362305,4.091512680053711,4.769117355,2.949628591537476,11.810258626591185,True,False,0.07502486029479247,4.8269010574174915,43.21379553161263,43.21379553161263,0.0,4.8269010574174915,4.8269010574174915,-0.43922291105518685,4.474373844040333,-0.08669569767802798,4.474373844040333,-0.08669569767802798,4.474373844040333,-0.08669569767802798
990,2026-05-15T17:13:23.168Z,2026-05-15 17:13:23.168000+00:00,5607.256016666666,93.45426694444444,69.323,6,75,test,17,3,4.099870681762695,6.376429080963135,3.421243190765381,5.392129421234131,15.189801692962646,True,False,0.06450164702458049,4.4905635752036535,56.85917151113231,56.85917151113231,0.0,4.4905635752036535,4.4905635752036535,-0.39069289344095814,4.208360138304506,-0.10848945654181108,4.208360138304506,-0.10848945654181108,4.208360138304506,-0.10848945654181108
991,2026-05-15T17:14:32.279Z,2026-05-15 17:14:32.279000+00:00,5608.407866666666,93.47346444444445,69.111,6,75,test,17,4,4.669971466064453,3.0445187091827397,6.933326244354248,1.824148178100586,11.801993131637573,True,False,0.0845437278453366,5.117607798269981,74.35554459117134,74.35554459117134,0.0,5.117607798269981,5.117607798269981,-0.4476363322055281,4.704297600701473,-0.034326134637019834,4.704297600701473,-0.034326134637019834,4.704297600701473,-0.034326134637019834
992,2026-05-15T17:15:41.716Z,2026-05-15 17:15:41.716000+00:00,5609.565149999999,93.4927525,69.437,6,75,test,17,5,3.9697513580322266,6.598465919494629,2.481750488,7.181560516357422,16.26177692385205,True,False,0.05583778728495637,4.337115344677351,88.01379454252998,88.01379454252998,0.0,4.337115344677351,4.337115344677351,-0.3673639866451248,4.086995929438381,-0.11724457140615474,4.086995929438381,-0.11724457140615474,4.086995929438381,-0.11724457140615474
993,2026-05-15T17:16:50.905Z,2026-05-15 17:16:50.905000+00:00,5610.7182999999995,93.51197166666665,69.189,6,75,test,17,6,4.610425949,4.122329711914063,9.148535728,6.041935920715332,19.312801360629397,True,False,0.06871538308765358,5.10643985546481,106.76606260226997,106.76606260226997,0.0,5.10643985546481,5.10643985546481,-0.49601390646481036,4.695464728933822,-0.08503877993382236,4.695464728933822,-0.08503877993382236,4.695464728933822,-0.08503877993382236
994,2026-05-15T17:18:00.320Z,2026-05-15 17:18:00.320000+00:00,5611.875216666666,93.53125361111111,69.415,6,75,test,17,7,4.813876152038574,2.463056802749634,8.913812637329102,3.569662809371948,14.946532249450684,True,False,0.07611711700215185,5.318750477414775,129.1093643764048,129.1093643764048,0.0,5.318750477414775,5.318750477414775,-0.5048743253762007,4.863383971654682,-0.04950781961610762,4.863383971654682,-0.04950781961610762,4.863383971654682,-0.04950781961610762
995,2026-05-15T17:19:09.742Z,2026-05-15 17:19:09.742000+00:00,5613.03225,93.5505375,69.422,6,75,test,17,8,4.4224138259887695,3.9235527515411377,4.836359024047852,7.884774684906006,16.644686460494995,True,False,0.05262887826923043,4.8513089917472865,146.4030004067609,146.4030004067609,0.0,4.8513089917472865,4.8513089917472865,-0.42889516575851694,4.493678397959474,-0.0712645719707048,4.493678397959474,-0.0712645719707048,4.493678397959474,-0.0712645719707048
996,2026-05-15T17:20:18.957Z,2026-05-15 17:20:18.957000+00:00,5614.185833333334,93.5697638888889,69.215,6,75,test,17,9,4.653983116149902,3.611147642,7.926257610321045,7.05866289138794,18.596068143708987,True,False,0.06204217559949159,5.101680522640408,165.60403329614692,165.60403329614692,0.0,5.101680522640408,5.101680522640408,-0.44769740649050593,4.691700510467549,-0.03771739431764676,4.691700510467549,-0.03771739431764676,4.691700510467549,-0.03771739431764676
997,2026-05-15T17:21:28.614Z,2026-05-15 17:21:28.614000+00:00,5615.3467833333325,93.58911305555554,69.657,6,76,test,18,0,4.553084373474121,6.151801109313965,8.968694686889648,2.1061103343963623,17.226606130599976,True,False,0.08777408435283585,4.923971204486037,0.0,0.0,0.0,4.923971204486037,4.923971204486037,-0.3708868310119158,4.551147890655834,0.0019364828182872884,4.551147890655834,0.0019364828182872884,4.551147890655834,0.0019364828182872884
998,2026-05-15T17:22:38.151Z,2026-05-15 17:22:38.151000+00:00,5616.505733333333,93.6084288888889,69.537,6,76,test,18,1,4.417451858520508,7.542778015136719,8.312520027160645,9.182067871,25.037365913297364,True,False,0.06332654200606863,4.802634530265724,19.964775175058843,19.964775175058843,0.0,4.802634530265724,4.802634530265724,-0.38518267174521625,4.455181130904434,-0.03772927238392576,4.455181130904434,-0.03772927238392576,4.455181130904434,-0.03772927238392576
999,2026-05-15T17:23:47.571Z,2026-05-15 17:23:47.571000+00:00,5617.662733333334,93.62771222222223,69.42,6,76,test,18,2,4.167688369750977,9.300023078918455,5.684046268463135,5.082224369049072,20.066293716430664,True,False,0.0746728297668261,4.546874670217623,48.9330075367439,48.9330075367439,0.0,4.546874670217623,4.546874670217623,-0.37918630046664603,4.252897318520372,-0.08520894876939522,4.252897318520372,-0.08520894876939522,4.252897318520372,-0.08520894876939522
1000,2026-05-15T17:24:56.888Z,2026-05-15 17:24:56.888000+00:00,5618.818016666667,93.64696694444446,69.317,6,76,test,18,3,4.5685224533081055,5.663660049438477,9.729355812072754,5.928710460662842,21.321726322174072,True,False,0.07219404108710875,4.99524842168524,72.11526222910764,72.11526222910764,0.0,4.99524842168524,4.99524842168524,-0.4267259683771343,4.6075219722981595,-0.03899951899005405,4.6075219722981595,-0.03899951899005405,4.6075219722981595,-0.03899951899005405
1001,2026-05-15T17:26:05.972Z,2026-05-15 17:26:05.972000+00:00,5619.969416666666,93.66615694444444,69.084,6,76,test,18,4,4.732275963,2.576612949371338,7.125978469848633,1.4802093505859375,11.182800769805908,True,False,0.08676351854016238,5.201956496425444,96.66509791645888,96.66509791645888,0.0,5.201956496425444,5.201956496425444,-0.4696805334254437,4.771010087286782,-0.03873412428678158,4.771010087286782,-0.03873412428678158,4.771010087286782,-0.03873412428678158
1002,2026-05-15T17:27:15.215Z,2026-05-15 17:27:15.215000+00:00,5621.123466666667,93.68539111111112,69.243,6,76,test,18,5,4.623106956481934,4.051094055175781,8.028575897216797,9.380104064941406,21.459774017333984,True,False,0.056289828320816936,5.057369494751545,109.57060914485338,109.57060914485338,0.0,5.057369494751545,5.057369494751545,-0.4342625382696115,4.656654340007767,-0.03354738352583375,4.656654340007767,-0.03354738352583375,4.656654340007767,-0.03354738352583375
1003,2026-05-15T17:28:24.244Z,2026-05-15 17:28:24.244000+00:00,5622.27395,93.70456583333333,69.029,6,76,test,18,6,4.499052047729492,7.970849037,9.819222450256348,4.977705001831055,22.767776489087403,True,False,0.078137061367337,4.850889330319044,134.25972148889585,134.25972148889585,0.0,4.850889330319044,4.850889330319044,-0.3518372825895515,4.493346482256989,0.005705565472503338,4.493346482256989,0.005705565472503338,4.493346482256989,0.005705565472503338
1004,2026-05-15T17:29:33.429Z,2026-05-15 17:29:33.429000+00:00,5623.4270333333325,93.72378388888887,69.185,6,76,test,18,7,4.317656517028809,7.093090534210205,6.381322383880615,9.228132247924805,22.702545166015625,True,False,0.059351992560998074,4.714641362684626,160.51286509552105,160.51286509552105,0.0,4.714641362684626,4.714641362684626,-0.39698484565581715,4.3855861858700305,-0.06792966884122187,4.3855861858700305,-0.06792966884122187,4.3855861858700305,-0.06792966884122187
1005,2026-05-15T17:30:42.790Z,2026-05-15 17:30:42.790000+00:00,5624.58305,93.74305083333334,69.361,6,76,test,18,8,4.15831470489502,7.593006610870361,4.587552070617676,5.943155765533447,18.123714447021484,True,False,0.06720784923583827,4.541957259579576,186.7573856831879,186.7573856831879,0.0,4.541957259579576,4.541957259579576,-0.3836425546845552,4.249008074247501,-0.09069336935248096,4.249008074247501,-0.09069336935248096,4.249008074247501,-0.09069336935248096
1006,2026-05-15T17:31:52.164Z,2026-05-15 17:31:52.164000+00:00,5625.739283333333,93.76232138888889,69.374,6,76,test,18,9,4.203525543212891,8.214078903198242,5.299895763397217,5.013434886932373,18.527409553527832,True,False,0.07294044333371064,4.570380037491713,207.71262845064902,207.71262845064902,0.0,4.570380037491713,4.570380037491713,-0.36685449427882233,4.271488020371695,-0.06796247715880455,4.271488020371695,-0.06796247715880455,4.271488020371695,-0.06796247715880455
1007,2026-05-15T17:33:01.713Z,2026-05-15 17:33:01.713000+00:00,5626.898433333334,93.78164055555557,69.549,6,77,test,19,0,4.349635124206543,7.944928169250488,7.325024604797363,2.716581106185913,17.986533880233765,True,False,0.08489658360930069,4.725105075305327,0.0,0.0,0.0,4.725105075305327,4.725105075305327,-0.37546995109878445,4.39386207279071,-0.04422694858416687,4.39386207279071,-0.04422694858416687,4.39386207279071,-0.04422694858416687
1008,2026-05-15T17:34:10.986Z,2026-05-15 17:34:10.986000+00:00,5628.052983333333,93.80088305555554,69.273,6,77,test,19,1,4.401461601257324,3.2154998779296875,4.289710521697998,7.602951526641846,15.108161926269531,True,False,0.04967652872834183,4.885644041902922,20.76635269142389,20.76635269142389,0.0,4.885644041902922,4.885644041902922,-0.4841824406455979,4.520834437388702,-0.11937283613137772,4.520834437388702,-0.11937283613137772,4.520834437388702,-0.11937283613137772
1009,2026-05-15T17:35:20.337Z,2026-05-15 17:35:20.337000+00:00,5629.208833333334,93.82014722222223,69.351,6,77,test,19,2,4.3716888427734375,1.5104063749313354,2.378084182739258,4.329346179962158,8.217836737632751,True,False,0.04731769055308248,4.957559458041246,38.229121653902524,38.229121653902524,0.0,4.957559458041246,4.957559458041246,-0.5858706152678081,4.577713278903983,-0.20602443613054522,4.577713278903983,-0.20602443613054522,4.577713278903983,-0.20602443613054522
1010,2026-05-15T17:36:29.697Z,2026-05-15 17:36:29.697000+00:00,5630.364833333334,93.8394138888889,69.36,6,77,test,19,3,4.968806266784668,1.3759686946868896,9.040133476257324,2.994435787200928,13.410537958145142,True,False,0.07767102411143618,5.57769508081111,47.728940922605986,47.728940922605986,0.0,5.57769508081111,5.57769508081111,-0.6088888140264421,5.068186639131268,-0.0993803723465998,5.068186639131268,-0.0993803723465998,5.068186639131268,-0.0993803723465998
1011,2026-05-15T17:37:38.844Z,2026-05-15 17:37:38.844000+00:00,5631.517283333334,93.85862138888889,69.147,6,77,test,19,4,4.218963623046875,6.395733356,4.622671127319336,8.323575973510742,19.34198045683008,True,False,0.056966268309037074,4.619753922802332,63.183915392470354,63.183915392470354,0.0,4.619753922802332,4.619753922802332,-0.40079029975545666,4.310538470864462,-0.09157484781758729,4.310538470864462,-0.09157484781758729,4.310538470864462,-0.09157484781758729
1012,2026-05-15T17:38:48.292Z,2026-05-15 17:38:48.292000+00:00,5632.67475,93.87791250000001,69.448,6,77,test,19,5,4.511181831359863,5.8823747634887695,8.113945007324219,3.822664022445679,17.818983793258667,True,False,0.07854723890656504,4.899965073936447,85.57161303856927,85.57161303856927,0.0,4.899965073936447,4.899965073936447,-0.3887832425765838,4.532161128592204,-0.0209792972323406,4.532161128592204,-0.0209792972323406,4.532161128592204,-0.0209792972323406
1013,2026-05-15T17:39:57.614Z,2026-05-15 17:39:57.614000+00:00,5633.830116666666,93.8971686111111,69.322,6,77,test,19,6,3.7392845153808594,8.571643829345703,1.8388917446136477,2.450252056121826,12.860787630081177,True,False,0.08094788494609205,4.094453422596621,106.15907294717388,106.15907294717388,0.0,4.094453422596621,4.094453422596621,-0.355168907215762,3.8950714471928,-0.15578693181194048,3.8950714471928,-0.15578693181194048,3.8950714471928,-0.15578693181194048
1014,2026-05-15T17:41:07.047Z,2026-05-15 17:41:07.047000+00:00,5634.9873333333335,93.91645555555556,69.433,6,77,test,19,7,4.322067260742188,9.739361763000488,8.911893844604492,3.399691343307495,22.050946950912476,True,False,0.08458256078128738,4.7218299594886375,121.04179073916433,121.04179073916433,0.0,4.7218299594886375,4.7218299594886375,-0.3997626987464491,4.391271740933026,-0.06920448019083736,4.391271740933026,-0.06920448019083736,4.391271740933026,-0.06920448019083736
1015,2026-05-15T17:42:16.206Z,2026-05-15 17:42:16.206000+00:00,5636.139983333333,93.93566638888888,69.159,6,77,test,19,8,4.671626091003418,3.1561315059661865,7.713471889,9.396247863769531,20.26585125873572,True,False,0.05363506943869816,5.148374036784406,146.4588147421336,146.4588147421336,0.0,5.148374036784406,5.148374036784406,-0.4767479457809882,4.728631020411059,-0.05700492940764068,4.728631020411059,-0.05700492940764068,4.728631020411059,-0.05700492940764068
1016,2026-05-15T17:43:25.826Z,2026-05-15 17:43:25.826000+00:00,5637.300316666666,93.95500527777776,69.62,6,77,test,19,9,4.921941757202148,1.6068572998046875,8.874078750610352,6.679888725280762,17.1608247756958,True,False,0.061074780422318495,5.502318133567012,169.97395748601994,169.97395748601994,0.0,5.502318133567012,5.502318133567012,-0.5803763763648639,5.008570027472422,-0.08662827027027387,5.008570027472422,-0.08662827027027387,5.008570027472422,-0.08662827027027387
1017,2026-05-15T17:44:35.194Z,2026-05-15 17:44:35.194000+00:00,5638.45645,93.97427416666666,69.368,6,78,test,20,0,4.673280715942383,4.203428268432617,9.333587646484377,2.1456613540649414,15.682677268981935,True,False,0.08631827131768663,5.106628807873378,0.0,0.0,0.0,5.106628807873378,5.106628807873378,-0.4333480919309949,4.695614173860626,-0.022333457918243482,4.695614173860626,-0.022333457918243482,4.695614173860626,-0.022333457918243482
1018,2026-05-15T17:45:44.778Z,2026-05-15 17:45:44.778000+00:00,5639.6161833333335,93.99360305555555,69.584,6,78,test,20,1,4.550879478,5.707809448242188,8.223890305,3.1069090366363525,17.03860878987854,True,False,0.08176547701193801,4.918872566351357,18.18772358474732,18.18772358474732,0.0,4.918872566351357,4.918872566351357,-0.3679930883513576,4.547115311189862,0.0037641668101375814,4.547115311189862,0.0037641668101375814,4.547115311189862,0.0037641668101375814
1019,2026-05-15T17:46:54.112Z,2026-05-15 17:46:54.112000+00:00,5640.77175,94.0128625,69.334,6,78,test,20,2,4.2630720138549805,9.536493301391602,6.829023361206055,6.088335514068604,22.45385217666626,True,False,0.07288511803602449,4.615563686574148,37.876971948704636,37.876971948704636,0.0,4.615563686574148,4.615563686574148,-0.35249167271916715,4.307224358325977,-0.04415234447099614,4.307224358325977,-0.04415234447099614,4.307224358325977,-0.04415234447099614
1020,2026-05-15T17:48:03.450Z,2026-05-15 17:48:03.450000+00:00,5641.927383333333,94.03212305555554,69.338,6,78,test,20,3,4.367278099060059,9.602405548095703,9.410790443,7.923772811889648,26.93696880298535,True,False,0.07058402201879715,4.7516820562082005,63.825391985799385,63.825391985799385,0.0,4.7516820562082005,4.7516820562082005,-0.3844039571481419,4.41488215396248,-0.047604054902421034,4.41488215396248,-0.047604054902421034,4.41488215396248,-0.047604054902421034
1021,2026-05-15T17:49:12.897Z,2026-05-15 17:49:12.897000+00:00,5643.084833333333,94.05141388888889,69.447,6,78,test,20,4,4.500706672668457,6.295016765594482,8.498433113098145,4.549392223358154,19.34284210205078,True,False,0.0764802287101552,4.89064076831933,95.00358652681479,95.00358652681479,0.0,4.89064076831933,4.89064076831933,-0.3899340956508732,4.524786413546185,-0.024079740877727573,4.524786413546185,-0.024079740877727573,4.524786413546185,-0.024079740877727573
1022,2026-05-15T17:50:22.282Z,2026-05-15 17:50:22.282000+00:00,5644.24125,94.0706875,69.385,6,78,test,20,5,4.055763244628906,4.684168815612793,2.371224403381348,8.416276931762695,15.471670150756836,True,False,0.0456020141991523,4.465799587928874,117.37197151432801,117.37197151432801,0.0,4.465799587928874,4.465799587928874,-0.41003634329996785,4.188773977462728,-0.1330107328338217,4.188773977462728,-0.1330107328338217,4.188773977462728,-0.1330107328338217
1023,2026-05-15T17:51:31.578Z,2026-05-15 17:51:31.578000+00:00,5645.396183333333,94.08993638888889,69.296,6,78,test,20,6,4.152250289916992,4.543971061706543,2.937318563461304,8.356453895568848,15.837743520736694,True,False,0.04723709293165681,4.571549209512664,135.24071909377545,135.24071909377545,0.0,4.571549209512664,4.571549209512664,-0.419298919595672,4.2724127337871876,-0.12016244387019537,4.2724127337871876,-0.12016244387019537,4.2724127337871876,-0.12016244387019537
1024,2026-05-15T17:52:40.863Z,2026-05-15 17:52:40.863000+00:00,5646.550933333333,94.10918222222222,69.285,6,78,test,20,7,3.916269302368164,9.095899582,2.931453227996826,3.9723095893859854,15.99966239938281,True,False,0.07517254120599934,4.269919154290706,153.52935342434614,153.52935342434614,0.0,4.269919154290706,4.269919154290706,-0.35364985192254217,4.0338495851819385,-0.11758028281377442,4.0338495851819385,-0.11758028281377442,4.0338495851819385,-0.11758028281377442
1025,2026-05-15T17:53:50.423Z,2026-05-15 17:53:50.423000+00:00,5647.710266666666,94.12850444444443,69.56,6,78,test,20,8,4.485819816589356,3.107830286026001,5.166165351867676,5.090665817260742,13.364661455154419,True,False,0.06190950414761612,4.981023491187712,172.0782953660306,172.0782953660306,0.0,4.981023491187712,4.981023491187712,-0.4952036745983559,4.5962712890541315,-0.11045147246477516,4.5962712890541315,-0.11045147246477516,4.5962712890541315,-0.11045147246477516
1026,2026-05-15T17:54:59.648Z,2026-05-15 17:54:59.648000+00:00,5648.864016666667,94.14773361111112,69.225,6,78,test,20,9,4.382164955,5.975994587,6.205255031585693,3.611085891723633,15.792335510309325,True,False,0.07713393380373476,4.776726156342969,187.497773519915,187.497773519915,0.0,4.776726156342969,4.776726156342969,-0.39456120134296846,4.434689859722235,-0.05252490472223492,4.434689859722235,-0.05252490472223492,4.434689859722235,-0.05252490472223492
1027,2026-05-15T17:56:08.746Z,2026-05-15 17:56:08.746000+00:00,5650.01565,94.1669275,69.098,6,79,test,21,0,3.9829835891723633,6.671789646148682,2.725314855575561,1.591746807098389,10.988851308822632,True,False,0.08551489357381312,4.3722205731904635,0.0,0.0,0.0,4.3722205731904635,4.3722205731904635,-0.38923698401810025,4.114761112985597,-0.13177752381323415,4.114761112985597,-0.13177752381323415,4.114761112985597,-0.13177752381323415
1028,2026-05-15T17:57:18.082Z,2026-05-15 17:57:18.082000+00:00,5651.17125,94.1861875,69.336,6,79,test,21,1,4.566317558288574,5.5311126708984375,9.09828281402588,5.575882434844971,20.205277919769287,True,False,0.07240383202356548,4.976416249911616,12.698716572475433,12.698716572475433,0.0,4.976416249911616,4.976416249911616,-0.410098691623042,4.592627361779043,-0.026309803490469186,4.592627361779043,-0.026309803490469186,4.592627361779043,-0.026309803490469186
1029,2026-05-15T17:58:27.534Z,2026-05-15 17:58:27.534000+00:00,5652.328783333333,94.20547972222222,69.452,6,79,test,21,2,4.017167091369629,5.799208641052246,2.5913326740264893,6.391196250915527,14.781737565994263,True,False,0.05676288919092552,4.4115431000689505,36.08699927387237,36.08699927387237,0.0,4.4115431000689505,4.4115431000689505,-0.39437600869932155,4.145861812868914,-0.1286947214992855,4.145861812868914,-0.1286947214992855,4.145861812868914,-0.1286947214992855
1030,2026-05-15T17:59:37.115Z,2026-05-15 17:59:37.115000+00:00,5653.488466666667,94.22480777777778,69.581,6,79,test,21,3,4.392641067504883,7.975622177124023,8.607713699,7.619570255279541,24.202906131403566,True,False,0.06851795311723721,4.793531682988625,53.22913396686315,53.22913396686315,0.0,4.793531682988625,4.793531682988625,-0.4008906154837426,4.447981570150783,-0.05534050264590018,4.447981570150783,-0.05534050264590018,4.447981570150783,-0.05534050264590018
1031,2026-05-15T18:00:46.228Z,2026-05-15 18:00:46.228000+00:00,5654.64035,94.24400583333333,69.113,6,79,test,21,4,4.385472297668457,3.2865450382232666,4.113969802856445,5.993330001831055,13.393844842910767,True,False,0.05525310265929155,4.857963077002559,81.10805815785807,81.10805815785807,0.0,4.857963077002559,4.857963077002559,-0.4724907793341018,4.498941200860258,-0.11346890319180059,4.498941200860258,-0.11346890319180059,4.498941200860258,-0.11346890319180059
1032,2026-05-15T18:01:55.709Z,2026-05-15 18:01:55.709000+00:00,5655.798366666667,94.26330611111112,69.481,6,79,test,21,5,4.104832649230957,7.130065441131592,3.7546286582946777,2.6197898387908936,13.504483938217163,True,False,0.08060059273070784,4.48225877114008,96.61835371669612,96.61835371669612,0.0,4.48225877114008,4.48225877114008,-0.3774261219091226,4.201791760347283,-0.09695911111632594,4.201791760347283,-0.09695911111632594,4.201791760347283,-0.09695911111632594
1033,2026-05-15T18:03:04.850Z,2026-05-15 18:03:04.850000+00:00,5656.950716666667,94.28251194444445,69.141,6,79,test,21,6,4.012205123901367,9.215582847595217,3.760621309280396,4.261412143707275,17.237616300582886,True,False,0.0752784139674627,4.371926523664576,112.18024578290067,112.18024578290067,0.0,4.371926523664576,4.371926523664576,-0.3597213997632087,4.1145285453766105,-0.10232342147524331,4.1145285453766105,-0.10232342147524331,4.1145285453766105,-0.10232342147524331
1034,2026-05-15T18:04:14.293Z,2026-05-15 18:04:14.293000+00:00,5658.1080999999995,94.30180166666666,69.443,6,79,test,21,7,4.705258369445801,3.9864001274108887,9.631915092468262,5.981102943,19.59941816287915,True,False,0.06948326275150314,5.1433487623342975,132.1307755955903,132.1307755955903,0.0,5.1433487623342975,5.1433487623342975,-0.4380903928884967,4.724656465241013,-0.019398095795212456,4.724656465241013,-0.019398095795212456,4.724656465241013,-0.019398095795212456
1035,2026-05-15T18:05:24.056Z,2026-05-15 18:05:24.056000+00:00,5659.270816666667,94.32118027777778,69.763,6,79,test,21,8,4.826005935668945,2.284307718276977,8.436357498168945,6.312403202056885,17.033068418502808,True,False,0.06294030501750465,5.327593891913189,154.91934575053926,154.91934575053926,0.0,5.327593891913189,5.327593891913189,-0.5015879562442436,4.870378343636647,-0.04437240796770148,4.870378343636647,-0.04437240796770148,4.870378343636647,-0.04437240796770148
1036,2026-05-15T18:06:33.574Z,2026-05-15 18:06:33.574000+00:00,5660.42945,94.34049083333333,69.518,6,79,test,21,9,4.7747297286987305,2.390779972076416,7.596518993377685,8.325420379638672,18.312719345092773,True,False,0.054537498103089645,5.262314059769267,174.6544265891639,174.6544265891639,0.0,5.262314059769267,5.262314059769267,-0.48758433107053634,4.818747672133383,-0.04401794343465237,4.818747672133383,-0.04401794343465237,4.818747672133383,-0.04401794343465237
1037,2026-05-15T18:07:42.888Z,2026-05-15 18:07:42.888000+00:00,5661.5846833333335,94.35974472222223,69.314,6,80,test,22,0,5.012914657592773,1.3725721836090088,9.402025223,6.371198654174805,17.145796060783816,True,False,0.06284104493259937,5.595843662535343,0.0,0.0,0.0,5.595843662535343,5.595843662535343,-0.5829290049425699,5.082540589355713,-0.06962593176293996,5.082540589355713,-0.06962593176293996,5.082540589355713,-0.06962593176293996
1038,2026-05-15T18:08:52.162Z,2026-05-15 18:08:52.162000+00:00,5662.73925,94.3789875,69.274,6,80,test,22,1,4.318758964538574,6.486405849456787,5.353653430938721,3.5133602619171143,15.353419542312622,True,False,0.07711675726547683,4.677124259237547,19.795964605245633,19.795964605245633,0.0,4.677124259237547,4.677124259237547,-0.3583652946989728,4.3559134189493145,-0.03715445441074028,4.3559134189493145,-0.03715445441074028,4.3559134189493145,-0.03715445441074028
1039,2026-05-15T18:10:01.493Z,2026-05-15 18:10:01.493000+00:00,5663.894766666666,94.3982461111111,69.331,6,80,test,22,2,4.417451858520508,8.040309906,8.419924736,6.985508918762207,23.445743560762207,True,False,0.07020564137512425,4.7804458577550495,37.537096776713575,37.537096776713575,0.0,4.7804458577550495,4.7804458577550495,-0.3629939992345417,4.4376318201316,-0.020179961611091812,4.4376318201316,-0.020179961611091812,4.4376318201316,-0.020179961611091812
1040,2026-05-15T18:11:10.917Z,2026-05-15 18:11:10.917000+00:00,5665.051833333333,94.41753055555554,69.424,6,80,test,22,3,4.685961723327637,3.820504665374756,9.049875259399414,7.633774757385254,20.504154682159424,True,False,0.06276961973942106,5.134764887595095,64.66538512608616,64.66538512608616,0.0,5.134764887595095,5.134764887595095,-0.44880316426745814,4.717867366643029,-0.03190564331539214,4.717867366643029,-0.03190564331539214,4.717867366643029,-0.03190564331539214
1041,2026-05-15T18:12:20.347Z,2026-05-15 18:12:20.347000+00:00,5666.209,94.43681666666666,69.43,6,80,test,22,4,3.964789390563965,8.188258171081543,2.8698954582214355,9.242975234985352,20.30112886428833,True,False,0.054470634136781194,4.3067196602473485,88.39210945245831,88.39210945245831,0.0,4.3067196602473485,4.3067196602473485,-0.3419302696833837,4.062955585791933,-0.09816619522796799,4.062955585791933,-0.09816619522796799,4.062955585791933,-0.09816619522796799
1042,2026-05-15T18:13:29.651Z,2026-05-15 18:13:29.651000+00:00,5667.364066666666,94.45606777777776,69.304,6,80,test,22,5,4.545917510986328,5.403214454650879,8.849850655,3.0675301551818848,17.32059526483276,True,False,0.08228969554291181,4.9745214951368215,111.84126669930228,111.84126669930228,0.0,4.9745214951368215,4.9745214951368215,-0.4286039841504934,4.591128775490693,-0.04521126450436519,4.591128775490693,-0.04521126450436519,4.591128775490693,-0.04521126450436519
1043,2026-05-15T18:14:39.292Z,2026-05-15 18:14:39.292000+00:00,5668.52475,94.47541249999999,69.641,6,80,test,22,6,4.805606842041016,2.689086914,8.883833885192871,2.235269308,13.808190107192871,True,False,0.08381200366849223,5.27914831784974,131.9449929466059,131.9449929466059,0.0,5.27914831784974,5.27914831784974,-0.47354147580872397,4.832062106628831,-0.026455264587815108,4.832062106628831,-0.026455264587815108,4.832062106628831,-0.026455264587815108
1044,2026-05-15T18:15:48.871Z,2026-05-15 18:15:48.871000+00:00,5669.6844,94.49474000000001,69.579,6,80,test,22,7,4.124131202697754,9.62049961090088,4.706995010375977,3.382960796356201,17.710455417633057,True,False,0.08089851041894709,4.450408461223667,147.95766060441213,147.95766060441213,0.0,4.450408461223667,4.450408461223667,-0.3262772585259128,4.176600934412775,-0.05246973171502134,4.176600934412775,-0.05246973171502134,4.176600934412775,-0.05246973171502134
1045,2026-05-15T18:16:58.392Z,2026-05-15 18:16:58.392000+00:00,5670.843083333334,94.5140513888889,69.521,6,80,test,22,8,4.650123596191406,1.827157020568848,5.130509853363037,8.638582229614258,15.596249103546143,True,False,0.04461115507798545,5.208695537541347,168.4784701225666,168.4784701225666,0.0,5.208695537541347,5.208695537541347,-0.5585719413499408,4.776340082886879,-0.1262164866954727,4.776340082886879,-0.1262164866954727,4.776340082886879,-0.1262164866954727
1046,2026-05-15T18:18:08.698Z,2026-05-15 18:18:08.698000+00:00,5672.0148500000005,94.53358083333335,70.306,6,80,test,22,9,3.871058464050293,6.333928108215332,1.9674221277236936,9.090519905090332,17.391870141029358,True,False,0.04773121101194987,4.255016689710133,186.75363494713184,186.75363494713184,0.0,4.255016689710133,4.255016689710133,-0.38395822565983995,4.022063031386086,-0.15100456733579293,4.022063031386086,-0.15100456733579293,4.022063031386086,-0.15100456733579293
1047,2026-05-15T18:19:18.137Z,2026-05-15 18:19:18.137000+00:00,5673.172166666667,94.55286944444445,69.439,6,81,test,23,0,3.956519127,9.63885498,3.6050901412963863,7.757990837097168,21.001935958393553,True,False,0.06306059187845187,4.334498559430221,0.0,0.0,0.0,4.334498559430221,4.334498559430221,-0.37797943243022125,4.084926279822994,-0.12840715282299442,4.084926279822994,-0.12840715282299442,4.084926279822994,-0.12840715282299442
1048,2026-05-15T18:20:27.378Z,2026-05-15 18:20:27.378000+00:00,5674.326183333334,94.57210305555556,69.241,6,81,test,23,1,4.456598281860352,4.320962905883789,6.145410537719727,7.7248382568359375,18.191211700439453,True,False,0.05753532868484333,4.91335051749489,24.23658412825213,24.23658412825213,0.0,4.91335051749489,4.91335051749489,-0.4567522356345384,4.542747850656191,-0.08614956879583957,4.542747850656191,-0.08614956879583957,4.542747850656191,-0.08614956879583957
1049,2026-05-15T18:21:37.024Z,2026-05-15 18:21:37.024000+00:00,5675.48695,94.59144916666668,69.646,6,81,test,23,2,4.151698112487793,7.041073799133301,4.278895854949951,4.995225429534912,16.315195083618164,True,False,0.06938298681729807,4.544452622370382,45.352336296398896,45.352336296398896,0.0,4.544452622370382,4.544452622370382,-0.39275450988258864,4.250981689256951,-0.09928357676915844,4.250981689256951,-0.09928357676915844,4.250981689256951,-0.09928357676915844
1050,2026-05-15T18:22:46.264Z,2026-05-15 18:22:46.264000+00:00,5676.64095,94.6106825,69.24,6,81,test,23,3,4.252596855163574,9.778641700744627,7.122469425201416,2.197849750518799,19.098960876464844,True,False,0.08849230717453768,4.622831708764871,64.18007142289426,64.18007142289426,0.0,4.622831708764871,4.622831708764871,-0.37023485360129715,4.312972731964259,-0.06037587680068501,4.312972731964259,-0.06037587680068501,4.312972731964259,-0.06037587680068501
1051,2026-05-15T18:23:55.483Z,2026-05-15 18:23:55.483000+00:00,5677.794599999999,94.62990999999998,69.219,6,81,test,23,4,4.575690269470215,1.2127925157546997,3.220757007598877,9.058979988098145,13.492529511451721,True,False,0.03285929091050438,5.184606237659397,86.21358763802792,86.21358763802792,0.0,5.184606237659397,5.184606237659397,-0.6089159681891818,4.757287541112468,-0.1815972716422536,4.757287541112468,-0.1815972716422536,4.757287541112468,-0.1815972716422536
1052,2026-05-15T18:25:04.863Z,2026-05-15 18:25:04.863000+00:00,5678.950933333333,94.64918222222221,69.38,6,81,test,23,5,4.4554948806762695,7.533251762390137,8.942380905151367,1.8063900470733645,18.282022714614868,True,False,0.09011930968869591,4.83475476702752,101.81544926310326,101.81544926310326,0.0,4.83475476702752,4.83475476702752,-0.3792598863512504,4.4805854455049845,-0.025090564828714967,4.4805854455049845,-0.025090564828714967,4.4805854455049845,-0.025090564828714967
1053,2026-05-15T18:26:14.233Z,2026-05-15 18:26:14.233000+00:00,5680.107099999999,94.66845166666666,69.37,6,81,test,23,6,4.665009498596191,4.294641017913818,9.326129913330078,5.896692752838135,19.51746368408203,True,False,0.06978760740491434,5.097005143221132,122.95251452498383,122.95251452498383,0.0,5.097005143221132,5.097005143221132,-0.43199564462494067,4.688002691845442,-0.022993193249250865,4.688002691845442,-0.022993193249250865,4.688002691845442,-0.022993193249250865
1054,2026-05-15T18:27:23.505Z,2026-05-15 18:27:23.505000+00:00,5681.261633333333,94.68769388888887,69.272,6,81,test,23,7,4.063481330871582,7.808421611785889,3.4167914390563965,7.453450679779053,18.678663730621338,True,False,0.06009644593815322,4.40240564109893,145.48607693037934,145.48607693037934,0.0,4.40240564109893,4.40240564109893,-0.33892431022734826,4.13863487727546,-0.07515354640387795,4.13863487727546,-0.07515354640387795,4.13863487727546,-0.07515354640387795
1055,2026-05-15T18:28:33.276Z,2026-05-15 18:28:33.276000+00:00,5682.424483333333,94.70707472222222,69.771,6,81,test,23,8,4.787961959838867,1.9067763090133667,7.099189758300781,4.778178691864014,13.784144759178162,True,False,0.06533568984261814,5.331094797067966,167.20656104953235,167.20656104953235,0.0,5.331094797067966,5.331094797067966,-0.5431328372290984,4.873147255229616,-0.08518529539074837,4.873147255229616,-0.08518529539074837,4.873147255229616,-0.08518529539074837
1056,2026-05-15T18:29:43.014Z,2026-05-15 18:29:43.014000+00:00,5683.586783333333,94.72644638888889,69.738,6,81,test,23,9,4.40587329864502,1.1606085300445557,2.272826194763184,9.928920746,13.362355470807739,True,False,0.025694831516109882,5.052549809396366,183.22787250312513,183.22787250312513,0.0,5.052549809396366,5.052549809396366,-0.6466765107513455,4.652842387936969,-0.24696908929194894,4.652842387936969,-0.24696908929194894,4.652842387936969,-0.24696908929194894
1057,2026-05-15T18:30:52.422Z,2026-05-15 18:30:52.422000+00:00,5684.743583333333,94.74572638888888,69.408,6,82,test,24,0,4.578998565673828,5.170724868774414,8.747851371765137,5.707396030426025,19.625972270965576,True,False,0.07091916796973428,4.9886192047564,0.0,0.0,0.0,4.9886192047564,4.9886192047564,-0.40962063908257207,4.60227883808142,-0.02328027240759223,4.60227883808142,-0.02328027240759223,4.60227883808142,-0.02328027240759223
1058,2026-05-15T18:32:02.038Z,2026-05-15 18:32:02.038000+00:00,5685.903850000001,94.76506416666668,69.616,6,82,test,24,1,4.340813636779785,7.687489509582519,6.876101016998291,5.141491413116455,19.705081939697266,True,False,0.07390778973236056,4.712015289464186,22.771361426925658,22.771361426925658,0.0,4.712015289464186,4.712015289464186,-0.37120165268440086,4.383509190275294,-0.04269555349550913,4.383509190275294,-0.04269555349550913,4.383509190275294,-0.04269555349550913
1059,2026-05-15T18:33:11.302Z,2026-05-15 18:33:11.302000+00:00,5687.05825,94.78430416666667,69.264,6,82,test,24,2,4.250943183898926,3.001326799,2.7382071018218994,5.204617023468018,10.944150924289918,True,False,0.05244384823022983,4.720784332992048,45.51890801811218,45.51890801811218,0.0,4.720784332992048,4.720784332992048,-0.46984114909312247,4.3904447412857,-0.13950155738677417,4.3904447412857,-0.13950155738677417,4.3904447412857,-0.13950155738677417
1060,2026-05-15T18:34:21.146Z,2026-05-15 18:34:21.146000+00:00,5688.222316666666,94.80370527777777,69.844,6,82,test,24,3,4.529376983642578,3.855597257614136,6.407905578613281,2.941873788833618,13.205376625061035,True,False,0.07772215157233336,4.9808733870964605,58.25862930404726,58.25862930404726,0.0,4.9808733870964605,4.9808733870964605,-0.4514964034538824,4.596152569768677,-0.06677558612609857,4.596152569768677,-0.06677558612609857,4.596152569768677,-0.06677558612609857
1061,2026-05-15T18:35:30.399Z,2026-05-15 18:35:30.399000+00:00,5689.376533333333,94.82294222222222,69.253,6,82,test,24,4,4.503462791442871,6.552835464477539,8.883281707763672,7.900187969207764,23.336305141448975,True,False,0.06614636326821174,4.892488403493078,73.50049509430312,73.50049509430312,0.0,4.892488403493078,4.892488403493078,-0.38902561205020714,4.526247732326897,-0.022784940884025495,4.526247732326897,-0.022784940884025495,4.526247732326897,-0.022784940884025495
1062,2026-05-15T18:36:40.185Z,2026-05-15 18:36:40.185000+00:00,5690.539633333334,94.84232722222222,69.786,6,82,test,24,5,4.042530059814453,9.528369903564451,4.266177177429199,2.0875582695007324,15.882105350494383,True,False,0.0868559096956516,4.411926513000171,100.64295160432242,100.64295160432242,0.0,4.411926513000171,4.411926513000171,-0.36939645318571745,4.146165059161863,-0.10363499934740972,4.146165059161863,-0.10363499934740972,4.146165059161863,-0.10363499934740972
1063,2026-05-15T18:37:49.703Z,2026-05-15 18:37:49.703000+00:00,5691.698266666667,94.86163777777779,69.518,6,82,test,24,6,4.424619674682617,6.4165873527526855,7.310070514678955,1.816116571426392,15.542774438858032,True,False,0.0883153642963127,4.816918561197534,119.0444882669169,119.0444882669169,0.0,4.816918561197534,4.816918561197534,-0.39229888651491684,4.466478557453521,-0.04185888277090388,4.466478557453521,-0.04185888277090388,4.466478557453521,-0.04185888277090388
1064,2026-05-15T18:38:59.414Z,2026-05-15 18:38:59.414000+00:00,5692.860116666667,94.88100194444445,69.711,6,82,test,24,7,4.269136428833008,9.160995483398438,6.411920547485352,8.995542526245117,24.568458557128906,True,False,0.06338580824951705,4.605746572801088,137.1028607487041,137.1028607487041,0.0,4.605746572801088,4.605746572801088,-0.3366101439680804,4.299459874875566,-0.030323446042558544,4.299459874875566,-0.030323446042558544,4.299459874875566,-0.030323446042558544
1065,2026-05-15T18:40:08.814Z,2026-05-15 18:40:08.814000+00:00,5694.0167833333335,94.90027972222222,69.4,6,82,test,24,8,4.218963623046875,2.1954708099365234,1.9749261140823364,5.000195503234863,9.170592427253723,True,False,0.04547576350274843,4.714761920919352,165.52037781311654,165.52037781311654,0.0,4.714761920919352,4.714761920919352,-0.49579829787247665,4.385681536951823,-0.1667179139049484,4.385681536951823,-0.1667179139049484,4.385681536951823,-0.1667179139049484
1066,2026-05-15T18:41:18.202Z,2026-05-15 18:41:18.202000+00:00,5695.173250000001,94.91955416666669,69.388,6,82,test,24,9,4.269688606262207,9.085269927978516,6.653936862945557,2.041834831237793,17.781041622161865,True,False,0.08851678729162359,4.625217322204337,176.12586226882124,176.12586226882124,0.0,4.625217322204337,4.625217322204337,-0.3555287159421301,4.314859544778901,-0.04517093851669429,4.314859544778901,-0.04517093851669429,4.314859544778901,-0.04517093851669429
1067,2026-05-15T18:42:28.060Z,2026-05-15 18:42:28.060000+00:00,5696.33755,94.93895916666666,69.858,6,83,test,25,0,4.625312805175781,2.2074179649353027,5.531639099121094,4.616172790527344,12.35522985458374,True,False,0.06263790439467412,5.159204954232506,0.0,0.0,0.0,5.159204954232506,5.159204954232506,-0.533892149056725,4.737197334423768,-0.11188452924798664,4.737197334423768,-0.11188452924798664,4.737197334423768,-0.11188452924798664
1068,2026-05-15T18:43:37.664Z,2026-05-15 18:43:37.664000+00:00,5697.4976166666665,94.9582936111111,69.604,6,83,test,25,1,3.791111946105957,5.69184160232544,1.4646366834640503,9.371755599975586,16.528233885765076,True,False,0.04329850566764426,4.174587895368945,14.332890313307445,14.332890313307445,0.0,4.174587895368945,4.174587895368945,-0.383475949262988,3.9584508479037783,-0.1673389017978213,3.9584508479037783,-0.1673389017978213,3.9584508479037783,-0.1673389017978213
1069,2026-05-15T18:44:47.161Z,2026-05-15 18:44:47.161000+00:00,5698.6559,94.97759833333333,69.497,6,83,test,25,2,4.474240303039551,3.3444409370422363,5.255845546722412,5.920670509338379,14.520956993103027,True,False,0.059226719615308406,4.9566599960652065,33.47726815262437,33.47726815262437,0.0,4.9566599960652065,4.9566599960652065,-0.4824196930256557,4.57700188268421,-0.10276157964465948,4.57700188268421,-0.10276157964465948,4.57700188268421,-0.10276157964465948
1070,2026-05-15T18:45:56.453Z,2026-05-15 18:45:56.453000+00:00,5699.8107666666665,94.99684611111111,69.292,6,83,test,25,3,4.246531486511231,7.244839668273926,5.328485012054443,2.913440704345703,15.486765384674072,True,False,0.08118754541714124,4.627091890074904,50.24703735205928,50.24703735205928,0.0,4.627091890074904,4.627091890074904,-0.38056040356367227,4.3163421649811475,-0.06981067846991618,4.3163421649811475,-0.06981067846991618,4.3163421649811475,-0.06981067846991618
1071,2026-05-15T18:47:05.722Z,2026-05-15 18:47:05.722000+00:00,5700.965249999999,95.01608749999998,69.269,6,83,test,25,4,4.699745178222656,1.1825608015060425,4.367134094238281,3.29194450378418,8.841639399528503,True,False,0.06276771359890872,5.327567108818202,68.12624987590908,68.12624987590908,0.0,5.327567108818202,5.327567108818202,-0.6278219305955455,4.8703571605371545,-0.17061198231449826,4.8703571605371545,-0.17061198231449826,4.8703571605371545,-0.17061198231449826
1072,2026-05-15T18:48:15.301Z,2026-05-15 18:48:15.301000+00:00,5702.1249,95.035415,69.579,6,83,test,25,5,4.196358680725098,7.010666370391846,4.350043773651123,7.336872100830078,18.697582244873047,True,False,0.06076031646903504,4.553579680398588,78.3794570055723,78.3794570055723,0.0,4.553579680398588,4.553579680398588,-0.3572209996734905,4.258200398609736,-0.061841717884638214,4.258200398609736,-0.061841717884638214,4.258200398609736,-0.061841717884638214
1073,2026-05-15T18:49:24.632Z,2026-05-15 18:49:24.632000+00:00,5703.2804166666665,95.05467361111111,69.331,6,83,test,25,6,4.334197044372559,7.744244575500488,7.099755287,9.553422927856444,24.397422790356934,True,False,0.06084249139776997,4.722805865453408,99.98482491589385,99.98482491589385,0.0,4.722805865453408,4.722805865453408,-0.38860882108084915,4.3920435977015,-0.0578465533289414,4.3920435977015,-0.0578465533289414,4.3920435977015,-0.0578465533289414
1074,2026-05-15T18:50:34.097Z,2026-05-15 18:50:34.097000+00:00,5704.438166666666,95.07396944444443,69.465,6,83,test,25,7,4.764253616333008,2.3572354316711426,7.370981693267822,2.2783124446868896,12.006529569625854,True,False,0.08102438817582586,5.2552844981033315,128.2309411514296,128.2309411514296,0.0,5.2552844981033315,5.2552844981033315,-0.4910308817703237,4.813187900037375,-0.04893428370436759,4.813187900037375,-0.04893428370436759,4.813187900037375,-0.04893428370436759
1075,2026-05-15T18:51:43.454Z,2026-05-15 18:51:43.454000+00:00,5705.594116666666,95.09323527777777,69.357,6,83,test,25,8,3.749208450317383,8.548856735229492,1.7321052551269531,4.314399719238281,14.595361709594727,True,False,0.07043992601840027,4.070398017683958,142.1098890074386,142.1098890074386,0.0,4.070398017683958,4.070398017683958,-0.32118956736657545,3.8760457133921142,-0.12683726307473142,3.8760457133921142,-0.12683726307473142,3.8760457133921142,-0.12683726307473142
1076,2026-05-15T18:52:53.120Z,2026-05-15 18:52:53.120000+00:00,5706.755216666667,95.11258694444446,69.666,6,83,test,25,9,4.550879478,5.390768051147461,9.15200901031494,1.725316286087036,16.268093347549435,True,False,0.0893944775873386,4.990078861743178,159.05656348844903,159.05656348844903,0.0,4.990078861743178,4.990078861743178,-0.439199383743178,4.60343329984881,-0.05255382184880997,4.60343329984881,-0.05255382184880997,4.60343329984881,-0.05255382184880997
1077,2026-05-15T18:54:02.475Z,2026-05-15 18:54:02.475000+00:00,5707.911133333333,95.13185222222222,69.355,6,84,test,26,0,4.503462791442871,5.001410484313965,7.089616775512695,6.275969505310059,18.36699676513672,True,False,0.0658301812454022,4.911863457760994,0.0,0.0,0.0,4.911863457760994,4.911863457760994,-0.4084006663181228,4.541571715698349,-0.03810892425547774,4.541571715698349,-0.03810892425547774,4.541571715698349,-0.03810892425547774
1078,2026-05-15T18:55:11.801Z,2026-05-15 18:55:11.801000+00:00,5709.066566666666,95.15110944444444,69.326,6,84,test,26,1,4.0485944747924805,9.176527023,3.9089934825897217,2.2533748149871826,15.338895320576905,True,False,0.08530940613458446,4.390375259954978,21.221840295664467,21.221840295664467,0.0,4.390375259954978,4.390375259954978,-0.34178078516249766,4.129119891766106,-0.08052541697362514,4.129119891766106,-0.08052541697362514,4.129119891766106,-0.08052541697362514
1079,2026-05-15T18:56:21.597Z,2026-05-15 18:56:21.597000+00:00,5710.229833333333,95.17049722222221,69.796,6,84,test,26,2,4.680998802185059,1.6517083644866943,5.018184661865234,5.281645774841309,11.951538801193237,True,False,0.05580781803332312,5.242852008970031,39.065065925580896,39.065065925580896,0.0,5.242852008970031,5.242852008970031,-0.5618532067849724,4.803354882069526,-0.12235607988446784,4.803354882069526,-0.12235607988446784,4.803354882069526,-0.12235607988446784
1080,2026-05-15T18:57:31.333Z,2026-05-15 18:57:31.333000+00:00,5711.3921,95.18986833333334,69.736,6,84,test,26,3,3.946594238,2.483078956604004,1.1458439826965332,4.15294075,7.781863689300537,True,False,0.04663308282166426,4.425751095805061,52.95594108958109,52.95594108958109,0.0,4.425751095805061,4.425751095805061,-0.4791568578050609,4.157099102189046,-0.21050486418904635,4.157099102189046,-0.21050486418904635,4.157099102189046,-0.21050486418904635
1081,2026-05-15T18:58:40.710Z,2026-05-15 18:58:40.710000+00:00,5712.548383333333,95.20913972222222,69.377,6,84,test,26,4,4.139568328857422,6.406728744506836,3.696241855621338,1.1766704320907593,11.279641032218933,True,False,0.08956819256277979,4.521752521774356,61.95398037579115,61.95398037579115,0.0,4.521752521774356,4.521752521774356,-0.3821841929169345,4.233027883334465,-0.09345955447704313,4.233027883334465,-0.09345955447704313,4.233027883334465,-0.09345955447704313
1082,2026-05-15T18:59:50.230Z,2026-05-15 18:59:50.230000+00:00,5713.70705,95.22845083333333,69.52,6,84,test,26,5,4.2961530685424805,7.734940052032471,6.007556438446045,2.033608913421631,15.776105403900146,True,False,0.08710956309331652,4.650693767454276,75.02332445178882,75.02332445178882,0.0,4.650693767454276,4.650693767454276,-0.3545406989117952,4.335009197934726,-0.038856129392245364,4.335009197934726,-0.038856129392245364,4.335009197934726,-0.038856129392245364
1083,2026-05-15T19:00:59.544Z,2026-05-15 19:00:59.544000+00:00,5714.862283333334,95.24770472222222,69.314,6,84,test,26,6,4.467073440551758,7.782082557678223,9.086191177368164,9.786199569702148,26.654473304748535,True,False,0.06328496362387802,4.827696650384537,93.2484072845544,93.2484072845544,0.0,4.827696650384537,4.827696650384537,-0.36062320983277907,4.47500308890483,-0.007929648353072416,4.47500308890483,-0.007929648353072416,4.47500308890483,-0.007929648353072416
1084,2026-05-15T19:02:08.916Z,2026-05-15 19:02:08.916000+00:00,5716.018483333333,95.26697472222222,69.372,6,84,test,26,7,4.630274772644043,3.764366626739502,7.998788833618164,3.5915589332580566,15.354714393615723,True,False,0.07660940580730452,5.087545262660793,124.06630931950465,124.06630931950465,0.0,5.087545262660793,5.087545262660793,-0.45727049001675013,4.68052074880683,-0.050245976162787365,4.68052074880683,-0.050245976162787365,4.68052074880683,-0.050245976162787365
1085,2026-05-15T19:03:18.401Z,2026-05-15 19:03:18.401000+00:00,5717.176566666666,95.2862761111111,69.485,6,84,test,26,8,4.993066787719727,1.5474485158920288,9.401263236999512,1.0609419345855713,12.009653687477112,True,False,0.09116592399586132,5.543682138032603,141.84834814684447,141.84834814684447,0.0,5.543682138032603,5.543682138032603,-0.5506153503128761,5.0412853586318835,-0.04821857091215698,5.0412853586318835,-0.04821857091215698,5.0412853586318835,-0.04821857091215698
