sample_index,utc_time,utc_datetime,episode_number,step_number,ph_measured,acid_flow,acetate_flow,water_flow,elapsed_s,elapsed_min,elapsed_h,dt_s,session_id,trial_id,total_flow,valid_for_model,flow_ratio_acetate_acid,log10_flow_ratio_acetate_acid,trial_n_model_valid,trial_ph_min,trial_ph_max,trial_log10_ratio_min,trial_log10_ratio_max,trial_total_flow_min,trial_total_flow_max,trial_n_total,trial_ph_range,trial_log10_flow_ratio_range,trial_total_flow_range,uninformative_flat_ph_trial,valid_for_model_before_flat_trial_filter,acid_flow_in_bounds,acetate_flow_in_bounds,water_flow_in_bounds,acid_analytical_mol_l,acetate_analytical_mol_l,total_buffer_mol_l,sodium_mol_l,ph_equilibrium_charge_balance
0,2026-05-11T19:46:07.807Z,2026-05-11 19:46:07.807000+00:00,1,0,4.414143562316895,8.549332618713379,3.926202774047852,4.3504838943481445,0.0,0.0,0.0,,0,0,16.826019287109375,True,0.4592408494499213,-0.3379594884200798,20,4.067340850830078,5.189899444580078,-0.6910578337543448,0.7390364804267001,10.32464349269867,24.666547298229737,20,1.12255859375,1.430094314181045,14.341903805531068,False,True,True,True,True,0.05081019148280146,0.0233341154972749,0.07414430698007636,0.0233341154972749,4.423065365111247
1,2026-05-11T19:48:30.329Z,2026-05-11 19:48:30.329000+00:00,1,1,4.619248390197754,7.116000175476074,6.097648143768311,7.160530090332031,142.522,2.3753666666666664,0.03958944444444444,142.522,0,0,20.374178409576416,True,0.8568926353856318,-0.06707358972274756,20,4.067340850830078,5.189899444580078,-0.6910578337543448,0.7390364804267001,10.32464349269867,24.666547298229737,20,1.12255859375,1.430094314181045,14.341903805531068,False,True,True,True,True,0.034926562595188435,0.02992831426715225,0.06485487686234068,0.02992831426715225,4.69347214830501
2,2026-05-11T19:50:50.952Z,2026-05-11 19:50:50.952000+00:00,1,2,4.845854759216309,6.221703052520752,9.732967376708984,8.711876869,283.145,4.719083333333333,0.07865138888888888,140.623,0,0,24.666547298229737,True,1.5643574266640108,0.1943359882974261,20,4.067340850830078,5.189899444580078,-0.6910578337543448,0.7390364804267001,10.32464349269867,24.666547298229737,20,1.12255859375,1.430094314181045,14.341903805531068,False,True,True,True,True,0.02522324254504509,0.03945816679988893,0.06468140934493402,0.03945816679988893,4.954649299351862
3,2026-05-11T19:53:12.043Z,2026-05-11 19:53:12.043000+00:00,1,3,4.805054664611816,4.207277774810791,5.855237007141113,3.0271997451782227,424.236,7.0706,0.11784333333333333,141.091,0,0,13.089714527130127,True,1.3916925196136911,0.14354329289967996,20,4.067340850830078,5.189899444580078,-0.6910578337543448,0.7390364804267001,10.32464349269867,24.666547298229737,20,1.12255859375,1.430094314181045,14.341903805531068,False,True,True,True,True,0.03214186043622773,0.04473158673556537,0.07687344717179309,0.04473158673556537,4.90383304682413
4,2026-05-11T19:55:33.210Z,2026-05-11 19:55:33.210000+00:00,1,4,4.993066787719727,2.5869803428649902,6.577486038208008,4.8657331466674805,565.403,9.423383333333334,0.1570563888888889,141.167,0,0,14.030199527740479,True,2.542534216136978,0.40526680614915495,20,4.067340850830078,5.189899444580078,-0.6910578337543448,0.7390364804267001,10.32464349269867,24.666547298229737,20,1.12255859375,1.430094314181045,14.341903805531068,False,True,True,True,True,0.018438656825585542,0.04688091587865887,0.0653195727042444,0.04688091587865887,5.165490970579203
5,2026-05-11T19:57:54.609Z,2026-05-11 19:57:54.609000+00:00,1,5,4.670523643493652,7.768003463745117,7.414762974,7.852952003479004,706.802,11.780033333333334,0.1963338888888889,141.399,0,0,23.03571844122412,True,0.9545262188162295,-0.020212137955673292,20,4.067340850830078,5.189899444580078,-0.6910578337543448,0.7390364804267001,10.32464349269867,24.666547298229737,20,1.12255859375,1.430094314181045,14.341903805531068,False,True,True,True,True,0.03372155934083524,0.03218811253019457,0.0659096718710298,0.03218811253019457,4.740267423435141
6,2026-05-11T20:00:15.871Z,2026-05-11 20:00:15.871000+00:00,1,6,4.743302345275879,8.820981979370117,9.993937492370604,3.0263543128967285,848.064,14.1344,0.23557333333333333,141.262,0,0,21.84127378463745,True,1.1329733487432252,0.05421969394999294,20,4.067340850830078,5.189899444580078,-0.6910578337543448,0.7390364804267001,10.32464349269867,24.666547298229737,20,1.12255859375,1.430094314181045,14.341903805531068,False,True,True,True,True,0.04038675613129557,0.045757118338949916,0.08614387447024549,0.045757118338949916,4.8145299840991145
7,2026-05-11T20:02:37.094Z,2026-05-11 20:02:37.094000+00:00,1,7,4.902092933654785,3.8793654441833496,7.435241699,2.0945754051208496,989.287,16.488116666666667,0.27480194444444445,141.223,0,0,13.409182548304198,True,1.9166128600099448,0.2825343978332126,20,4.067340850830078,5.189899444580078,-0.6910578337543448,0.7390364804267001,10.32464349269867,24.666547298229737,20,1.12255859375,1.430094314181045,14.341903805531068,False,True,True,True,True,0.028930663224313823,0.05544888118433665,0.08437954440865048,0.05544888118433665,5.042741416058761
8,2026-05-11T20:04:58.331Z,2026-05-11 20:04:58.331000+00:00,1,8,4.618697166442871,5.235406398773193,4.867502212524414,5.546240329742432,1130.524,18.842066666666664,0.3140344444444444,141.237,0,0,15.649148941040039,True,0.9297276737991171,-0.031644241860911845,20,4.067340850830078,5.189899444580078,-0.6910578337543448,0.7390364804267001,10.32464349269867,24.666547298229737,20,1.12255859375,1.430094314181045,14.341903805531068,False,True,True,True,True,0.03345489533327459,0.031103942015398324,0.0645588373486729,0.031103942015398324,4.728858781063189
9,2026-05-11T20:07:19.569Z,2026-05-11 20:07:19.569000+00:00,1,9,5.189899444580078,1.6605889797210691,8.562686920166016,9.065704345703123,1271.762,21.196033333333332,0.35326722222222223,141.238,0,0,19.28898024559021,True,5.1564155999664045,0.7123479136267028,20,4.067340850830078,5.189899444580078,-0.6910578337543448,0.7390364804267001,10.32464349269867,24.666547298229737,20,1.12255859375,1.430094314181045,14.341903805531068,False,True,True,True,True,0.008609003475446601,0.04439159982095783,0.053000603296404436,0.04439159982095783,5.472550660107976
10,2026-05-11T20:09:40.352Z,2026-05-11 20:09:40.352000+00:00,1,10,4.953369141,2.5687642097473145,5.994353771209717,1.7615255117416382,1412.545,23.542416666666668,0.39237361111111113,140.783,0,0,10.32464349269867,True,2.3335554693824436,0.3680181286668115,20,4.067340850830078,5.189899444580078,-0.6910578337543448,0.7390364804267001,10.32464349269867,24.666547298229737,20,1.12255859375,1.430094314181045,14.341903805531068,False,True,True,True,True,0.024879931317375564,0.0580586998035213,0.08293863112089686,0.0580586998035213,5.128203715134962
11,2026-05-11T20:12:01.263Z,2026-05-11 20:12:01.263000+00:00,1,11,4.251494407653809,6.424426078796387,2.2115581035614014,7.750305652618408,1553.456,25.890933333333333,0.43151555555555554,140.911,0,0,16.386289834976196,True,0.3442421278471206,-0.4631359824338476,20,4.067340850830078,5.189899444580078,-0.6910578337543448,0.7390364804267001,10.32464349269867,24.666547298229737,20,1.12255859375,1.430094314181045,14.341903805531068,False,True,True,True,True,0.03920610549121121,0.013496393178893227,0.05270249867010444,0.013496393178893227,4.299034116326978
12,2026-05-11T20:14:21.480Z,2026-05-11 20:14:21.480000+00:00,1,12,4.067340850830078,6.418696880340576,1.307341456413269,7.155996799468994,1693.673,28.227883333333335,0.47046472222222224,140.217,0,0,14.88203513622284,True,0.2036770828698023,-0.6910578337543448,20,4.067340850830078,5.189899444580078,-0.6910578337543448,0.7390364804267001,10.32464349269867,24.666547298229737,20,1.12255859375,1.430094314181045,14.341903805531068,False,True,True,True,True,0.043130504810578514,0.008784695402520606,0.051915200213099116,0.008784695402520606,4.0739421926136306
13,2026-05-11T20:16:42.488Z,2026-05-11 20:16:42.488000+00:00,1,13,5.113813400268555,2.360363245010376,9.187598228,8.145929336547852,1834.681,30.578016666666667,0.5096336111111112,141.008,0,0,19.693890809558226,True,3.8924509807640275,0.5902231520255815,20,4.067340850830078,5.189899444580078,-0.6910578337543448,0.7390364804267001,10.32464349269867,24.666547298229737,20,1.12255859375,1.430094314181045,14.341903805531068,False,True,True,True,True,0.011985256076797167,0.04665202177083715,0.05863727784763432,0.04665202177083715,5.350426320313486
14,2026-05-11T20:19:03.252Z,2026-05-11 20:19:03.252000+00:00,1,14,5.118224143981934,1.1490943431854248,6.300748825073242,8.297214508,1975.445,32.924083333333336,0.5487347222222223,140.764,0,0,15.747057676258667,True,5.483230217291667,0.7390364804267001,20,4.067340850830078,5.189899444580078,-0.6910578337543448,0.7390364804267001,10.32464349269867,24.666547298229737,20,1.12255859375,1.430094314181045,14.341903805531068,False,True,True,True,True,0.007297200320272387,0.04001222929774798,0.04730942961802037,0.04001222929774798,5.499259214698434
15,2026-05-11T20:21:23.783Z,2026-05-11 20:21:23.783000+00:00,1,15,4.189741134643555,9.768297195,2.7110466957092285,5.772246837615967,2115.976,35.26626666666667,0.5877711111111111,140.531,0,0,18.251590728325198,True,0.2775352389049859,-0.5566818662697477,20,4.067340850830078,5.189899444580078,-0.6910578337543448,0.7390364804267001,10.32464349269867,24.666547298229737,20,1.12255859375,1.430094314181045,14.341903805531068,False,True,True,True,True,0.05352025114085143,0.014853755686631047,0.06837400682748249,0.014853755686631047,4.205640991120131
16,2026-05-11T20:23:44.271Z,2026-05-11 20:23:44.271000+00:00,1,16,4.790167808532715,2.717064380645752,4.586766242980957,8.125826835632324,2256.464,37.607733333333336,0.6267955555555556,140.488,0,0,15.429657459259033,True,1.6881330731997015,0.22740667847351673,20,4.067340850830078,5.189899444580078,-0.6910578337543448,0.7390364804267001,10.32464349269867,24.666547298229737,20,1.12255859375,1.430094314181045,14.341903805531068,False,True,True,True,True,0.017609362928632584,0.029726947957801418,0.047336310886434,0.029726947957801418,4.987810590406428
17,2026-05-11T20:26:05.085Z,2026-05-11 20:26:05.085000+00:00,1,17,4.327580451965332,6.713934421539307,2.7263143062591557,4.685109615325928,2397.278,39.95463333333333,0.6659105555555555,140.814,0,0,14.12535834312439,True,0.40606805713096206,-0.3914011724340739,20,4.067340850830078,5.189899444580078,-0.6910578337543448,0.7390364804267001,10.32464349269867,24.666547298229737,20,1.12255859375,1.430094314181045,14.341903805531068,False,True,True,True,True,0.047531073254558236,0.019300850569827898,0.06683192382438613,0.019300850569827898,4.369947726639729
18,2026-05-11T20:28:25.695Z,2026-05-11 20:28:25.695000+00:00,1,18,4.789616584777832,6.364859580993652,8.544281005859375,3.0984294414520264,2537.888,42.29813333333333,0.7049688888888889,140.61,0,0,18.007570028305054,True,1.3424146907142736,0.12788669621200424,20,4.067340850830078,5.189899444580078,-0.6910578337543448,0.7390364804267001,10.32464349269867,24.666547298229737,20,1.12255859375,1.430094314181045,14.341903805531068,False,True,True,True,True,0.03534546621775786,0.04744827310086323,0.08279373931862108,0.04744827310086323,4.888164053903471
19,2026-05-11T20:30:46.486Z,2026-05-11 20:30:46.486000+00:00,1,19,5.087900161743164,2.196958541870117,7.608425140380859,5.5309882164001465,2678.679,44.64465,0.7440775,140.791,0,0,15.336371898651123,True,3.463162820498351,0.5394729103717786,20,4.067340850830078,5.189899444580078,-0.6910578337543448,0.7390364804267001,10.32464349269867,24.666547298229737,20,1.12255859375,1.430094314181045,14.341903805531068,False,True,True,True,True,0.014325151713772317,0.049610332813134525,0.06393548452690684,0.049610332813134525,5.29966882536137
20,2026-05-12T13:21:36.495Z,2026-05-12 13:21:36.495000+00:00,1,0,4.8419952392578125,8.163414001464844,7.909221172332764,2.349125385284424,63328.688,1055.4781333333333,17.59130222222222,60650.009,1,1,18.42176055908203,True,0.9688619456165684,-0.013738101719457671,30,4.016615867614746,5.218570709228516,-0.8105424633986531,0.7615664433519425,6.216066002845764,26.676499366760254,30,1.2019548416137695,1.5721089067505956,20.46043336391449,False,True,True,True,True,0.04431397300645206,0.04293412210503124,0.08724809511148329,0.04293412210503124,4.746618817005707
21,2026-05-12T13:24:00.581Z,2026-05-12 13:24:00.581000+00:00,1,1,4.887206077575684,3.049386978149414,4.935805320739746,2.1768593788146973,63472.774,1057.8795666666667,17.63132611111111,144.086,1,1,10.162051677703857,True,1.6186221545863442,0.20914548042126263,30,4.016615867614746,5.218570709228516,-0.8105424633986531,0.7615664433519425,6.216066002845764,26.676499366760254,30,1.2019548416137695,1.5721089067505956,20.46043336391449,False,True,True,True,True,0.0300075917232339,0.048570952769008205,0.07857854449224211,0.048570952769008205,4.969396712870982
22,2026-05-12T13:26:21.283Z,2026-05-12 13:26:21.283000+00:00,1,2,5.218570709228516,1.0759644508361816,6.213901519775391,4.809741020202637,63613.476,1060.2246,17.67041,140.702,1,1,12.099606990814209,True,5.775192214711444,0.7615664433519425,30,4.016615867614746,5.218570709228516,-0.8105424633986531,0.7615664433519425,6.216066002845764,26.676499366760254,30,1.2019548416137695,1.5721089067505956,20.46043336391449,False,True,True,True,True,0.008892557019852244,0.051356226069928276,0.06024878308978052,0.051356226069928276,5.5217386277216995
23,2026-05-12T13:28:42.658Z,2026-05-12 13:28:42.658000+00:00,1,3,4.871767997741699,6.396834850311279,8.592846870422363,6.241216659545898,63754.851,1062.58085,17.709680833333334,141.375,1,1,21.23089838027954,True,1.34329665709663,0.1281719339738082,30,4.016615867614746,5.218570709228516,-0.8105424633986531,0.7615664433519425,6.216066002845764,26.676499366760254,30,1.2019548416137695,1.5721089067505956,20.46043336391449,False,True,True,True,True,0.03012983593879862,0.04047330789545809,0.07060314383425671,0.04047330789545809,4.888496968395388
24,2026-05-12T13:31:01.831Z,2026-05-12 13:31:01.831000+00:00,1,4,4.835929870605469,1.7671830654144287,3.2878217697143555,8.654005051,63894.024,1064.9004,17.74834,139.173,1,1,13.709009886128785,True,1.8604873677551432,0.26962672561642953,30,4.016615867614746,5.218570709228516,-0.8105424633986531,0.7615664433519425,6.216066002845764,26.676499366760254,30,1.2019548416137695,1.5721089067505956,20.46043336391449,False,True,True,True,True,0.012890668838181532,0.02398292653535161,0.036873595373533144,0.02398292653535161,5.030110045845827
25,2026-05-12T13:33:20.143Z,2026-05-12 13:33:20.143000+00:00,1,5,4.692578315734863,9.40855312347412,8.54344368,4.960746765136719,64032.336,1067.2056,17.78676,138.312,1,1,22.912743568610836,True,0.9080507457288314,-0.04188988058222415,30,4.016615867614746,5.218570709228516,-0.8105424633986531,0.7615664433519425,6.216066002845764,26.676499366760254,30,1.2019548416137695,1.5721089067505956,20.46043336391449,False,True,True,True,True,0.04106253402304605,0.037286864641142475,0.07834939866418852,0.037286864641142475,4.718534994381752
26,2026-05-12T13:35:41.312Z,2026-05-12 13:35:41.312000+00:00,1,6,4.618144989013672,4.251001358032227,3.6455094814300537,8.510936737060547,64173.505,1069.5584166666665,17.82597361111111,141.169,1,1,16.407447576522827,True,0.8575648828109401,-0.06673301159917358,30,4.016615867614746,5.218570709228516,-0.8105424633986531,0.7615664433519425,6.216066002845764,26.676499366760254,30,1.2019548416137695,1.5721089067505956,20.46043336391449,False,True,True,True,True,0.025908974191177193,0.02221862641600854,0.04812760060718573,0.02221862641600854,4.69400145298998
27,2026-05-12T13:38:03.077Z,2026-05-12 13:38:03.077000+00:00,1,7,4.325926780700684,8.786769867,3.122873544692993,5.473313808441162,64315.27,1071.9211666666665,17.865352777777776,141.765,1,1,17.382957220134156,True,0.3554063201793189,-0.4492748534170505,30,4.016615867614746,5.218570709228516,-0.8105424633986531,0.7615664433519425,6.216066002845764,26.676499366760254,30,1.2019548416137695,1.5721089067505956,20.46043336391449,False,True,True,True,True,0.050548187835511384,0.01796514543035211,0.0685133332658635,0.01796514543035211,4.3123200056608075
28,2026-05-12T13:40:24.077Z,2026-05-12 13:40:24.077000+00:00,1,8,4.607117652893066,6.329463005065918,5.166192054748535,6.474543571472168,64456.27,1074.2711666666667,17.904519444444443,141.0,1,1,17.97019863128662,True,0.8162133265671456,-0.08819631864468198,30,4.016615867614746,5.218570709228516,-0.8105424633986531,0.7615664433519425,6.216066002845764,26.676499366760254,30,1.2019548416137695,1.5721089067505956,20.46043336391449,False,True,True,True,True,0.03522199801423533,0.028748664167540416,0.06397066218177574,0.028748664167540416,4.672386994036578
29,2026-05-12T13:42:45.457Z,2026-05-12 13:42:45.457000+00:00,1,9,5.171705246,1.5641522407531738,7.235342502593994,7.955297470092773,64597.65,1076.6275,17.943791666666666,141.38,1,1,16.75479221343994,True,4.625727799430838,0.6651800731636816,30,4.016615867614746,5.218570709228516,-0.8105424633986531,0.7615664433519425,6.216066002845764,26.676499366760254,30,1.2019548416137695,1.5721089067505956,20.46043336391449,False,True,True,True,True,0.009335551410171958,0.04318371968104819,0.05251927109122015,0.04318371968104819,5.425392403284964
30,2026-05-12T13:45:06.960Z,2026-05-12 13:45:06.960000+00:00,1,10,4.368380546569824,3.3075551986694336,1.660105586051941,7.472054481506348,64739.153,1078.9858833333333,17.983098055555555,141.503,1,1,12.439715266227722,True,0.5019131915681315,-0.2993713897932175,30,4.016615867614746,5.218570709228516,-0.8105424633986531,0.7615664433519425,6.216066002845764,26.676499366760254,30,1.2019548416137695,1.5721089067505956,20.46043336391449,False,True,True,True,True,0.026588672874603765,0.013345205662053381,0.03993387853665715,0.013345205662053381,4.462313253920476
31,2026-05-12T13:47:27.965Z,2026-05-12 13:47:27.965000+00:00,1,11,4.169893264770508,7.915419578552246,1.7931630611419678,2.0687265396118164,64880.158,1081.3359666666668,18.02226611111111,141.005,1,1,11.77730917930603,True,0.2265404939493988,-0.6448541568877426,30,4.016615867614746,5.218570709228516,-0.8105424633986531,0.7615664433519425,6.216066002845764,26.676499366760254,30,1.2019548416137695,1.5721089067505956,20.46043336391449,False,True,True,True,True,0.06720906667255089,0.015225575161877756,0.08243464183442864,0.015225575161877756,4.117808068540203
32,2026-05-12T13:49:51.054Z,2026-05-12 13:49:51.054000+00:00,1,12,4.016615867614746,9.095129967,1.406910419464111,2.13208556175232,65023.247,1083.7207833333334,18.062013055555557,143.089,1,1,12.63412594821643,True,0.15468832491331358,-0.8105424633986531,30,4.016615867614746,5.218570709228516,-0.8105424633986531,0.7615664433519425,6.216066002845764,26.676499366760254,30,1.2019548416137695,1.5721089067505956,20.46043336391449,False,True,True,True,True,0.07198859663326347,0.011135795426059731,0.0831243920593232,0.011135795426059731,3.9544379735716753
33,2026-05-12T13:52:13.493Z,2026-05-12 13:52:13.493000+00:00,1,13,4.113655090332031,6.596598148345947,1.4997410774230957,9.336196899414062,65165.686,1086.0947666666666,18.101579444444443,142.439,1,1,17.432536125183105,True,0.22735068041080322,-0.6433037417086417,30,4.016615867614746,5.218570709228516,-0.8105424633986531,0.7615664433519425,6.216066002845764,26.676499366760254,30,1.2019548416137695,1.5721089067505956,20.46043336391449,False,True,True,True,True,0.0378407255317055,0.008603114696871698,0.0464438402285772,0.008603114696871698,4.121365677812501
34,2026-05-12T13:54:35.522Z,2026-05-12 13:54:35.522000+00:00,1,14,5.025596618652344,2.5937695503234863,8.060962677001953,4.796279430389404,65307.715,1088.4619166666666,18.141031944444443,142.029,1,1,15.451011657714844,True,3.107817607002371,0.49245552280687366,30,4.016615867614746,5.218570709228516,-0.8105424633986531,0.7615664433519425,6.216066002845764,26.676499366760254,30,1.2019548416137695,1.5721089067505956,20.46043336391449,False,True,True,True,True,0.01678705322203541,0.05217109957312753,0.06895815279516294,0.05217109957312753,5.252646582879389
35,2026-05-12T13:56:57.013Z,2026-05-12 13:56:57.013000+00:00,1,15,5.144688606262207,2.6386256217956543,9.893185616,1.616839886,65449.206,1090.8201,18.180335,141.491,1,1,14.148651123795654,True,3.7493707080989482,0.573958382145338,30,4.016615867614746,5.218570709228516,-0.8105424633986531,0.7615664433519425,6.216066002845764,26.676499366760254,30,1.2019548416137695,1.5721089067505956,20.46043336391449,False,True,True,True,True,0.018649308677616126,0.06992317168214944,0.08857248035976556,0.06992317168214944,5.3340950575185335
36,2026-05-12T13:59:18.578Z,2026-05-12 13:59:18.578000+00:00,1,16,5.101132392883301,2.3411550521850586,8.106987953186035,2.909078836,65590.771,1093.1795166666666,18.21965861111111,141.565,1,1,13.357221841371093,True,3.4628154788891834,0.5394293501589674,30,4.016615867614746,5.218570709228516,-0.8105424633986531,0.7615664433519425,6.216066002845764,26.676499366760254,30,1.2019548416137695,1.5721089067505956,20.46043336391449,False,True,True,True,True,0.017527260383845986,0.06069366855970305,0.07822092894354904,0.06069366855970305,5.2995895022692245
37,2026-05-12T14:01:39.706Z,2026-05-12 14:01:39.706000+00:00,1,17,4.335300445556641,9.832083702087402,3.861116647720337,9.266672134399414,65731.899,1095.5316500000001,18.258860833333337,141.128,1,1,22.959872484207153,True,0.39270583578337537,-0.4059326448724748,30,4.016615867614746,5.218570709228516,-0.8105424633986531,0.7615664433519425,6.216066002845764,26.676499366760254,30,1.2019548416137695,1.5721089067505956,20.46043336391449,False,True,True,True,True,0.042822902038547286,0.016816803535717323,0.05963970557426461,0.016816803535717323,4.355651887108808
38,2026-05-12T14:04:01.828Z,2026-05-12 14:04:01.828000+00:00,1,18,4.927454948425293,5.234331607818604,9.27167510986328,1.112860918045044,65874.021,1097.90035,18.298339166666665,142.122,1,1,15.618867635726929,True,1.7713197795902023,0.24829697224298283,30,4.016615867614746,5.218570709228516,-0.8105424633986531,0.7615664433519425,6.216066002845764,26.676499366760254,30,1.2019548416137695,1.5721089067505956,20.46043336391449,False,True,True,True,True,0.033512875132160565,0.05936201859253262,0.09287489372469318,0.05936201859253262,5.008495787175126
39,2026-05-12T14:06:23.735Z,2026-05-12 14:06:23.735000+00:00,1,19,5.037725448608398,2.7481374740600586,8.593023300170898,9.474826813,66015.928,1100.2654666666667,18.337757777777778,141.907,1,1,20.815987587230957,True,3.1268535076142645,0.49510753512043454,30,4.016615867614746,5.218570709228516,-0.8105424633986531,0.7615664433519425,6.216066002845764,26.676499366760254,30,1.2019548416137695,1.5721089067505956,20.46043336391449,False,True,True,True,True,0.013202051848579284,0.041280882130435514,0.0544829339790148,0.041280882130435514,5.255348687036941
40,2026-05-12T14:08:45.405Z,2026-05-12 14:08:45.405000+00:00,1,20,4.972665786743164,2.798015594482422,7.081581592559815,7.36138105392456,66157.598,1102.6266333333333,18.377110555555554,141.67,1,1,17.240978240966797,True,2.5309299942875296,0.4032801327066147,30,4.016615867614746,5.218570709228516,-0.8105424633986531,0.7615664433519425,6.216066002845764,26.676499366760254,30,1.2019548416137695,1.5721089067505956,20.46043336391449,False,True,True,True,True,0.016228867964312922,0.04107412870421158,0.0573029966685245,0.04107412870421158,5.163536304753556
41,2026-05-12T14:11:06.405Z,2026-05-12 14:11:06.405000+00:00,1,21,4.567420006,3.407503128051758,3.0750389099121094,2.7852180004119877,66298.598,1104.9766333333332,18.41627722222222,141.0,1,1,9.267760038375854,True,0.9024317203401263,-0.044585647706293106,30,4.016615867614746,5.218570709228516,-0.8105424633986531,0.7615664433519425,6.216066002845764,26.676499366760254,30,1.2019548416137695,1.5721089067505956,20.46043336391449,False,True,True,True,True,0.036767278327686524,0.03317995823347839,0.06994723656116492,0.03317995823347839,4.715893313351654
42,2026-05-12T14:13:28.000Z,2026-05-12 14:13:28+00:00,1,22,4.763151168823242,1.8840086460113523,3.156545162200928,1.175512194633484,66440.193,1107.33655,18.455609166666665,141.595,1,1,6.216066002845764,True,1.6754409109977662,0.22412911585966586,30,4.016615867614746,5.218570709228516,-0.8105424633986531,0.7615664433519425,6.216066002845764,26.676499366760254,30,1.2019548416137695,1.5721089067505956,20.46043336391449,False,True,True,True,True,0.030308697577355815,0.05078043188016081,0.08108912945751663,0.05078043188016081,4.9843663243210745
43,2026-05-12T14:15:48.903Z,2026-05-12 14:15:48.903000+00:00,1,23,4.567420006,7.6740570068359375,5.443904876708984,9.056580543518066,66581.096,1109.6849333333334,18.49474888888889,140.903,1,1,22.17454242706299,True,0.7093907266859802,-0.14911449302143553,30,4.016615867614746,5.218570709228516,-0.8105424633986531,0.7615664433519425,6.216066002845764,26.676499366760254,30,1.2019548416137695,1.5721089067505956,20.46043336391449,False,True,True,True,True,0.034607510085394644,0.024550246728270497,0.05915775681366514,0.024550246728270497,4.611624899203194
44,2026-05-12T14:18:10.664Z,2026-05-12 14:18:10.664000+00:00,1,24,4.65343189239502,9.119361877441406,8.345041275024414,9.212096214294434,66722.857,1112.0476166666667,18.534126944444445,141.761,1,1,26.676499366760254,True,0.9150904840905117,-0.038535960798780605,30,4.016615867614746,5.218570709228516,-0.8105424633986531,0.7615664433519425,6.216066002845764,26.676499366760254,30,1.2019548416137695,1.5721089067505956,20.46043336391449,False,True,True,True,True,0.03418500213264269,0.03128237015019517,0.06546737228283786,0.03128237015019517,4.7219683315987755
45,2026-05-12T14:20:31.995Z,2026-05-12 14:20:31.995000+00:00,1,25,4.345775604248047,9.048858642578123,3.539415121078491,3.339630603790283,66864.188,1114.4031333333332,18.573385555555554,141.331,1,1,15.927904367446898,True,0.3911449234519229,-0.40766230195412934,30,4.016615867614746,5.218570709228516,-0.8105424633986531,0.7615664433519425,6.216066002845764,26.676499366760254,30,1.2019548416137695,1.5721089067505956,20.46043336391449,False,True,True,True,True,0.056811357186900134,0.022221473958069903,0.07903283114497003,0.022221473958069903,4.353541560318699
46,2026-05-12T14:22:53.376Z,2026-05-12 14:22:53.376000+00:00,1,26,4.328131675720215,3.804446220397949,1.855440974235535,9.726368904,67005.569,1116.7594833333335,18.61265805555556,141.381,1,1,15.386256098633483,True,0.48770329944142404,-0.31184430628180515,30,4.016615867614746,5.218570709228516,-0.8105424633986531,0.7615664433519425,6.216066002845764,26.676499366760254,30,1.2019548416137695,1.5721089067505956,20.46043336391449,False,True,True,True,True,0.024726263465326293,0.012059080274897572,0.036785343740223866,0.012059080274897572,4.450055028487928
47,2026-05-12T14:25:14.335Z,2026-05-12 14:25:14.335000+00:00,1,27,4.867908477783203,4.621294021606445,7.777799606323242,4.400923728942871,67146.528,1119.1088000000002,18.651813333333337,140.959,1,1,16.80001735687256,True,1.6830350049053011,0.22609314882140638,30,4.016615867614746,5.218570709228516,-0.8105424633986531,0.7615664433519425,6.216066002845764,26.676499366760254,30,1.2019548416137695,1.5721089067505956,20.46043336391449,False,True,True,True,True,0.027507674090086368,0.04629637839714194,0.07380405248722831,0.04629637839714194,4.986352874530159
48,2026-05-12T14:27:35.593Z,2026-05-12 14:27:35.593000+00:00,1,28,4.827108383178711,2.9393019676208496,5.055250644683838,6.315067291259766,67287.786,1121.4631,18.691051666666667,141.258,1,1,14.309619903564453,True,1.7198813529103627,0.23549848786474636,30,4.016615867614746,5.218570709228516,-0.8105424633986531,0.7615664433519425,6.216066002845764,26.676499366760254,30,1.2019548416137695,1.5721089067505956,20.46043336391449,False,True,True,True,True,0.020540741035956413,0.035327637482702116,0.05586837851865853,0.035327637482702116,4.995836074936932
49,2026-05-12T14:29:57.389Z,2026-05-12 14:29:57.389000+00:00,1,29,4.637993812561035,4.788331031799316,4.447020530700684,1.4427543878555298,67429.582,1123.8263666666667,18.730439444444446,141.796,1,1,10.67810595035553,True,0.9287203623074535,-0.032115032387984285,30,4.016615867614746,5.218570709228516,-0.8105424633986531,0.7615664433519425,6.216066002845764,26.676499366760254,30,1.2019548416137695,1.5721089067505956,20.46043336391449,False,True,True,True,True,0.04484251283945996,0.04164615477103989,0.08648866761049985,0.04164615477103989,4.728260976619935
50,2026-05-12T14:32:18.768Z,2026-05-12 14:32:18.768000+00:00,2,0,4.604361534118652,8.834828377,6.996333599090576,4.639993667602539,67570.961,1126.1826833333332,18.769711388888886,141.379,1,2,20.471155643693116,True,0.7919037360481572,-0.10132760811254647,30,3.930053711,5.149650573730469,-0.8407027906474136,0.6838340525364417,5.385859727859497,24.91978120793872,30,1.219596862730469,1.5245368431838553,19.533921480079222,False,True,True,True,True,0.04315744812248491,0.03417654440650033,0.07733399252898523,0.03417654440650033,4.659171461817782
51,2026-05-12T14:34:40.909Z,2026-05-12 14:34:40.909000+00:00,2,1,4.560252189636231,5.993945121765137,4.859119415283203,7.390170574188232,67713.102,1128.5517,18.809195,142.141,1,2,18.243235111236572,True,0.8106713219043049,-0.09115519019847167,30,3.930053711,5.149650573730469,-0.8407027906474136,0.6838340525364417,5.385859727859497,24.91978120793872,30,1.219596862730469,1.5245368431838553,19.533921480079222,False,True,True,True,True,0.032855713831552176,0.026635184963933956,0.059490898795486136,0.026635184963933956,4.669476702812655
52,2026-05-12T14:37:02.605Z,2026-05-12 14:37:02.605000+00:00,2,2,4.470381736755371,8.788537025,5.004181385040283,9.226182938,67854.798,1130.9133,18.848554999999998,141.696,1,2,23.01890134804028,True,0.5693986804408192,-0.24458354364838017,30,3.930053711,5.149650573730469,-0.8407027906474136,0.6838340525364417,5.385859727859497,24.91978120793872,30,1.219596862730469,1.5245368431838553,19.533921480079222,False,True,True,True,True,0.03817965458958889,0.021739444942998187,0.059919099532587075,0.021739444942998187,4.516370923957488
53,2026-05-12T14:39:24.168Z,2026-05-12 14:39:24.168000+00:00,2,3,4.853573799133301,6.068652629852295,9.204799652,9.646328926086426,67996.361,1133.2726833333334,18.887878055555557,141.563,1,2,24.91978120793872,True,1.5167781406239487,0.18092206111028536,30,3.930053711,5.149650573730469,-0.8407027906474136,0.6838340525364417,5.385859727859497,24.91978120793872,30,1.219596862730469,1.5245368431838553,19.533921480079222,False,True,True,True,True,0.02435275245482091,0.036937722587498556,0.061290475042319464,0.036937722587498556,4.941260826720923
54,2026-05-12T14:41:45.518Z,2026-05-12 14:41:45.518000+00:00,2,4,4.454943656921387,7.181658744812012,3.965494155883789,3.490147829055786,68137.711,1135.6285166666667,18.927141944444443,141.35,1,2,14.637300729751587,True,0.5521696723265275,-0.25792745047281684,30,3.930053711,5.149650573730469,-0.8407027906474136,0.6838340525364417,5.385859727859497,24.91978120793872,30,1.219596862730469,1.5245368431838553,19.533921480079222,False,True,True,True,True,0.0490640923310038,0.027091703785408858,0.07615579611641266,0.027091703785408858,4.502854026246169
55,2026-05-12T14:44:07.194Z,2026-05-12 14:44:07.194000+00:00,2,5,4.212347984313965,6.720005989074707,2.10981822,2.2132785320281982,68279.387,1137.9897833333334,18.966496388888892,141.676,1,2,11.043102741102906,True,0.31396076483117924,-0.5031246216146124,30,3.930053711,5.149650573730469,-0.8407027906474136,0.6838340525364417,5.385859727859497,24.91978120793872,30,1.219596862730469,1.5245368431838553,19.533921480079222,False,True,True,True,True,0.060852517146857237,0.019105302825329747,0.07995781997218698,0.019105302825329747,4.258520740100368
56,2026-05-12T14:46:29.068Z,2026-05-12 14:46:29.068000+00:00,2,6,4.425170898,3.9526641368865967,2.5090510845184326,8.314724922180176,68421.261,1140.35435,19.005905833333333,141.874,1,2,14.776440143585205,True,0.634774672885499,-0.1973804096511253,30,3.930053711,5.149650573730469,-0.8407027906474136,0.6838340525364417,5.385859727859497,24.91978120793872,30,1.219596862730469,1.5245368431838553,19.533921480079222,False,True,True,True,True,0.02674977260069327,0.016980078152366556,0.043729850753059823,0.016980078152366556,4.563760913241724
57,2026-05-12T14:48:51.658Z,2026-05-12 14:48:51.658000+00:00,2,7,4.793475151062012,7.425939559936523,9.599676132202148,7.379024505615234,68563.851,1142.73085,19.045514166666667,142.59,1,2,24.404640197753906,True,1.2927220932409806,0.11150517117257994,30,3.930053711,5.149650573730469,-0.8407027906474136,0.6838340525364417,5.385859727859497,24.91978120793872,30,1.219596862730469,1.5245368431838553,19.533921480079222,False,True,True,True,True,0.03042839189499698,0.039335454464457374,0.06976384635945435,0.039335454464457374,4.871845204640053
58,2026-05-12T14:51:13.162Z,2026-05-12 14:51:13.162000+00:00,2,8,4.4554948806762695,6.393741130828857,3.7063279151916495,3.857410430908203,68705.355,1145.08925,19.084820833333332,141.504,1,2,13.957479476928711,True,0.5796806344443253,-0.2368112079860517,30,3.930053711,5.149650573730469,-0.8407027906474136,0.6838340525364417,5.385859727859497,24.91978120793872,30,1.219596862730469,1.5245368431838553,19.533921480079222,False,True,True,True,True,0.04580870881019398,0.026554421386168592,0.07236313019636256,0.026554421386168592,4.5239617318108705
59,2026-05-12T14:53:35.106Z,2026-05-12 14:53:35.106000+00:00,2,9,4.767561912536621,6.490094661712647,8.302104949951172,3.8765311241149902,68847.299,1147.4549833333333,19.12424972222222,141.944,1,2,18.66873073577881,True,1.2791962802835852,0.10693718787493413,30,3.930053711,5.149650573730469,-0.8407027906474136,0.6838340525364417,5.385859727859497,24.91978120793872,30,1.219596862730469,1.5245368431838553,19.533921480079222,False,True,True,True,True,0.034764520167802924,0.04447064488449719,0.0792351650523001,0.04447064488449719,4.867239366257201
60,2026-05-12T14:55:56.695Z,2026-05-12 14:55:56.695000+00:00,2,10,4.378856658935547,4.671301842,2.4536473751068115,1.6579327583312988,68988.888,1149.8148,19.163580000000003,141.589,1,2,8.78288197543811,True,0.5252598650435939,-0.279625782246591,30,3.930053711,5.149650573730469,-0.8407027906474136,0.6838340525364417,5.385859727859497,24.91978120793872,30,1.219596862730469,1.5245368431838553,19.533921480079222,False,True,True,True,True,0.053186435330266235,0.027936699843725477,0.08112313517399171,0.027936699843725477,4.481157052830006
61,2026-05-12T14:58:17.999Z,2026-05-12 14:58:17.999000+00:00,2,11,4.0662384033203125,8.486347198486328,1.842304229736328,7.040344715118408,69130.192,1152.1698666666666,19.20283111111111,141.304,1,2,17.368996143341064,True,0.2170903672271306,-0.6633594467110145,30,3.930053711,5.149650573730469,-0.8407027906474136,0.6838340525364417,5.385859727859497,24.91978120793872,30,1.219596862730469,1.5245368431838553,19.533921480079222,False,True,True,True,True,0.0488591691105869,0.010606854964629786,0.059466024075216686,0.010606854964629786,4.100582139962794
62,2026-05-12T15:00:39.600Z,2026-05-12 15:00:39.600000+00:00,2,12,4.496295928955078,5.389996528625488,3.587766170501709,2.4772002696990967,69271.793,1154.5298833333334,19.242164722222224,141.601,1,2,11.454962968826294,True,0.6656342265616693,-0.17676435494945245,30,3.930053711,5.149650573730469,-0.8407027906474136,0.6838340525364417,5.385859727859497,24.91978120793872,30,1.219596862730469,1.5245368431838553,19.533921480079222,False,True,True,True,True,0.047053810154549645,0.031320626529003276,0.07837443668355293,0.031320626529003276,4.583837690203224
63,2026-05-12T15:03:00.933Z,2026-05-12 15:03:00.933000+00:00,2,13,4.931865692138672,2.319996118545532,5.883328914642334,9.158088684082031,69413.126,1156.8854333333334,19.281423888888888,141.333,1,2,17.361413717269897,True,2.5359218783222586,0.4041358705282498,30,3.930053711,5.149650573730469,-0.8407027906474136,0.6838340525364417,5.385859727859497,24.91978120793872,30,1.219596862730469,1.5245368431838553,19.533921480079222,False,True,True,True,True,0.013362944725162359,0.03388738388735024,0.047250328612512604,0.03388738388735024,5.164446167249677
64,2026-05-12T15:05:23.209Z,2026-05-12 15:05:23.209000+00:00,2,14,4.642955780029297,8.354703903198242,7.741885662078857,3.4639968872070312,69555.402,1159.2567000000001,19.320945000000002,142.276,1,2,19.56058645248413,True,0.9266499150395032,-0.0330843097422317,30,3.930053711,5.149650573730469,-0.8407027906474136,0.6838340525364417,5.385859727859497,24.91978120793872,30,1.219596862730469,1.5245368431838553,19.533921480079222,False,True,True,True,True,0.04271192954001245,0.03957900587942578,0.08229093541943823,0.03957900587942578,4.72731177719889
65,2026-05-12T15:07:45.645Z,2026-05-12 15:07:45.645000+00:00,2,15,4.440056800842285,6.315206527709961,3.978550672531128,9.969668388,69697.838,1161.6306333333334,19.360510555555557,142.436,1,2,20.26342558824109,True,0.6299953382480813,-0.20066266416645775,30,3.930053711,5.149650573730469,-0.8407027906474136,0.6838340525364417,5.385859727859497,24.91978120793872,30,1.219596862730469,1.5245368431838553,19.533921480079222,False,True,True,True,True,0.03116554256934074,0.019634146532656795,0.05079968910199753,0.019634146532656795,4.560329334665905
66,2026-05-12T15:10:07.556Z,2026-05-12 15:10:07.556000+00:00,2,16,4.5767927169799805,8.860002517700195,6.578691482543945,3.931365966796875,69839.749,1163.9958166666665,19.399930277777777,141.911,1,2,19.370059967041016,True,0.7425157576875708,-0.12929432530483376,30,3.930053711,5.149650573730469,-0.8407027906474136,0.6838340525364417,5.385859727859497,24.91978120793872,30,1.219596862730469,1.5245368431838553,19.533921480079222,False,True,True,True,True,0.04574070773542193,0.03396319626133254,0.07970390399675448,0.03396319626133254,4.631226485045645
67,2026-05-12T15:12:29.770Z,2026-05-12 15:12:29.770000+00:00,2,17,4.197461128234863,6.807454109191895,2.1034352779388428,1.0485353469848633,69981.963,1166.36605,19.43943416666667,142.214,1,2,9.9594247341156,True,0.30899000480938077,-0.5100555688804715,30,3.930053711,5.149650573730469,-0.8407027906474136,0.6838340525364417,5.385859727859497,24.91978120793872,30,1.219596862730469,1.5245368431838553,19.533921480079222,False,True,True,True,True,0.06835188066508743,0.021120047935435586,0.08947192860052303,0.021120047935435586,4.251451645891479
68,2026-05-12T15:14:51.128Z,2026-05-12 15:14:51.128000+00:00,2,18,4.352943420410156,5.532317161560059,2.561502456665039,2.992248058319092,70123.321,1168.7220166666666,19.478700277777776,141.358,1,2,11.08606767654419,True,0.4630071599045346,-0.33441229303606923,30,3.930053711,5.149650573730469,-0.8407027906474136,0.6838340525364417,5.385859727859497,24.91978120793872,30,1.219596862730469,1.5245368431838553,19.533921480079222,False,True,True,True,True,0.04990333202877058,0.02310560003241406,0.07300893206118464,0.02310560003241406,4.426616918801823
69,2026-05-12T15:17:13.116Z,2026-05-12 15:17:13.116000+00:00,2,19,4.843097686767578,6.219867706298828,9.886786460876465,6.341348648071289,70265.309,1171.0884833333332,19.518141388888886,141.988,1,2,22.448002815246582,True,1.589549316437095,0.2012740066290522,30,3.930053711,5.149650573730469,-0.8407027906474136,0.6838340525364417,5.385859727859497,24.91978120793872,30,1.219596862730469,1.5245368431838553,19.533921480079222,False,True,True,True,True,0.027707889015740512,0.044043056044885225,0.07175094506062574,0.044043056044885225,4.961552986805224
70,2026-05-12T15:19:34.334Z,2026-05-12 15:19:34.334000+00:00,2,20,4.722351074,1.3204381465911863,2.331531047821045,1.7338905334472656,70406.527,1173.4421166666666,19.55736861111111,141.218,1,2,5.385859727859497,True,1.7657253040137273,0.24692314078724745,30,3.930053711,5.149650573730469,-0.8407027906474136,0.6838340525364417,5.385859727859497,24.91978120793872,30,1.219596862730469,1.5245368431838553,19.533921480079222,False,True,True,True,True,0.024516757088212698,0.04328985836301506,0.06780661545122776,0.04328985836301506,5.007196038164305
71,2026-05-12T15:21:55.987Z,2026-05-12 15:21:55.987000+00:00,2,21,4.517247200012207,7.322654724121094,4.923448563,5.513732433319092,70548.18,1175.8029999999999,19.596716666666666,141.653,1,2,17.759835720440186,True,0.6723584203392766,-0.1723991518291779,30,3.930053711,5.149650573730469,-0.8407027906474136,0.6838340525364417,5.385859727859497,24.91978120793872,30,1.219596862730469,1.5245368431838553,19.533921480079222,False,True,True,True,True,0.04123154537794113,0.0277223767184597,0.06895392209640083,0.0277223767184597,4.5882768279689445
72,2026-05-12T15:24:17.907Z,2026-05-12 15:24:17.907000+00:00,2,22,3.930053711,8.417365074157715,1.214712142944336,8.550868988,70690.1,1178.1683333333335,19.63613888888889,141.92,1,2,18.18294620510205,True,0.14431026006863393,-0.8407027906474136,30,3.930053711,5.149650573730469,-0.8407027906474136,0.6838340525364417,5.385859727859497,24.91978120793872,30,1.219596862730469,1.5245368431838553,19.533921480079222,False,True,True,True,True,0.04629263585345615,0.006680502319274824,0.05297313817273098,0.006680502319274824,3.928011877932297
73,2026-05-12T15:26:39.779Z,2026-05-12 15:26:39.779000+00:00,2,23,4.512285232543945,3.695390939712525,2.7524333000183105,3.100379467010498,70831.972,1180.5328666666667,19.675547777777776,141.872,1,2,9.548203706741333,True,0.7448287190508808,-0.12794358620922913,30,3.930053711,5.149650573730469,-0.8407027906474136,0.6838340525364417,5.385859727859497,24.91978120793872,30,1.219596862730469,1.5245368431838553,19.533921480079222,False,True,True,True,True,0.03870247277090939,0.028826713218058027,0.06752918598896741,0.028826713218058027,4.632668793060843
74,2026-05-12T15:29:01.672Z,2026-05-12 15:29:01.672000+00:00,2,24,4.772523880004883,5.554773807525635,7.206357002258301,9.81508445739746,70973.865,1182.89775,19.714962500000002,141.893,1,2,22.576215267181396,True,1.2973268132889755,0.11304939422526296,30,3.930053711,5.149650573730469,-0.8407027906474136,0.6838340525364417,5.385859727859497,24.91978120793872,30,1.219596862730469,1.5245368431838553,19.533921480079222,False,True,True,True,True,0.0246045395199633,0.03192012884787665,0.05652466836783995,0.03192012884787665,4.873467699697497
75,2026-05-12T15:31:23.818Z,2026-05-12 15:31:23.818000+00:00,2,25,5.149650573730469,1.4570271968841553,7.035609245300293,8.114689826965332,71116.011,1185.26685,19.7544475,142.146,1,2,16.60732626914978,True,4.828742565921834,0.6838340525364417,30,3.930053711,5.149650573730469,-0.8407027906474136,0.6838340525364417,5.385859727859497,24.91978120793872,30,1.219596862730469,1.5245368431838553,19.533921480079222,False,True,True,True,True,0.008773400204648044,0.042364491016051345,0.05113789122069939,0.042364491016051345,5.444048857876581
76,2026-05-12T15:33:46.786Z,2026-05-12 15:33:46.786000+00:00,2,26,4.904297828674316,2.913615703582764,6.170339107513428,4.517364978790283,71258.979,1187.64965,19.794160833333333,142.968,1,2,13.601319789886475,True,2.117760108145351,0.3258767633213845,30,3.930053711,5.149650573730469,-0.8407027906474136,0.6838340525364417,5.385859727859497,24.91978120793872,30,1.219596862730469,1.5245368431838553,19.533921480079222,False,True,True,True,True,0.021421566058238257,0.045365738052137436,0.0667873041103757,0.045365738052137436,5.086121536120309
77,2026-05-12T15:36:09.161Z,2026-05-12 15:36:09.161000+00:00,2,27,5.111607551574707,2.077772617340088,8.441777229309082,6.848407269,71401.354,1190.0225666666668,19.833709444444445,142.375,1,2,17.36795711564917,True,4.062897527312701,0.6088358688723488,30,3.930053711,5.149650573730469,-0.8407027906474136,0.6838340525364417,5.385859727859497,24.91978120793872,30,1.219596862730469,1.5245368431838553,19.533921480079222,False,True,True,True,True,0.011963252808057306,0.048605470252472756,0.06056872306053006,0.048605470252472756,5.369029194723838
78,2026-05-12T15:38:31.252Z,2026-05-12 15:38:31.252000+00:00,2,28,4.479203224182129,8.029460906982422,4.680170536,4.752354621887207,71543.445,1192.39075,19.873179166666667,142.091,1,2,17.461986064869627,True,0.58287481441377,-0.23442470981596483,30,3.930053711,5.149650573730469,-0.8407027906474136,0.6838340525364417,5.385859727859497,24.91978120793872,30,1.219596862730469,1.5245368431838553,19.533921480079222,False,True,True,True,True,0.04598251812338948,0.02680205171744846,0.07278456984083793,0.02680205171744846,4.526338452174521
79,2026-05-12T15:40:53.322Z,2026-05-12 15:40:53.322000+00:00,2,29,4.419105529785156,4.373124122619629,2.3989381790161133,5.145124435424805,71685.515,1194.7585833333333,19.912643055555556,142.07,1,2,11.917186737060547,True,0.5485639354729953,-0.26077274784326004,30,3.930053711,5.149650573730469,-0.8407027906474136,0.6838340525364417,5.385859727859497,24.91978120793872,30,1.219596862730469,1.5245368431838553,19.533921480079222,False,True,True,True,True,0.03669594359061197,0.02013007123196114,0.056826014822573115,0.02013007123196114,4.500282676794952
80,2026-05-12T15:43:15.106Z,2026-05-12 15:43:15.106000+00:00,3,0,4.013307571411133,6.323430538,1.245916485786438,4.5049028396606445,71827.299,1197.12165,19.9520275,141.784,1,3,12.074249863447083,True,0.19703173432509966,-0.705463819867156,30,3.941632270812988,5.138624191,-0.8589225799517329,0.6650695695795399,8.239341616630554,24.031572818756104,30,1.196991920187012,1.523992149531273,15.79223120212555,False,True,True,True,True,0.05237120822837372,0.010318789985937401,0.06268999821431112,0.010318789985937401,4.058920187300633
81,2026-05-12T15:45:37.754Z,2026-05-12 15:45:37.754000+00:00,3,1,4.808362961,3.23929214477539,5.761162757873535,7.821721076965332,71969.947,1199.4991166666666,19.991651944444445,142.648,1,3,16.822175979614258,True,1.7785252148885784,0.25006002673818645,30,3.941632270812988,5.138624191,-0.8589225799517329,0.6650695695795399,8.239341616630554,24.031572818756104,30,1.196991920187012,1.523992149531273,15.79223120212555,False,True,True,True,True,0.019256082855754725,0.034247428898943444,0.05350351175469817,0.034247428898943444,5.010404035335842
82,2026-05-12T15:48:00.440Z,2026-05-12 15:48:00.440000+00:00,3,2,4.669971466064453,6.256481170654297,5.423519134521484,6.229099273681641,72112.633,1201.8772166666668,20.031286944444446,142.686,1,3,17.909099578857422,True,0.8668641344211538,-0.06204896514775528,30,3.941632270812988,5.138624191,-0.8589225799517329,0.6650695695795399,8.239341616630554,24.031572818756104,30,1.196991920187012,1.523992149531273,15.79223120212555,False,True,True,True,True,0.034934649523309276,0.03028359472032987,0.06521824424363915,0.03028359472032987,4.698487043926574
83,2026-05-12T15:50:21.660Z,2026-05-12 15:50:21.660000+00:00,3,3,4.4637651443481445,8.331745147705078,4.553992271,8.414236068725586,72253.853,1204.2308833333334,20.070514722222224,141.22,1,3,21.299973487430663,True,0.5465832415978742,-0.2623436880351285,30,3.941632270812988,5.138624191,-0.8589225799517329,0.6650695695795399,8.239341616630554,24.031572818756104,30,1.196991920187012,1.523992149531273,15.79223120212555,False,True,True,True,True,0.03911622309117769,0.021380272016241517,0.06049649510741921,0.021380272016241517,4.4986525005496665
84,2026-05-12T15:52:43.613Z,2026-05-12 15:52:43.613000+00:00,3,4,4.228887557983398,8.030882835388184,2.735448837280273,7.576201438903809,72395.806,1206.5967666666666,20.10994611111111,141.953,1,3,18.342533111572266,True,0.3406162053848531,-0.4677346935965651,30,3.941632270812988,5.138624191,-0.8589225799517329,0.6650695695795399,8.239341616630554,24.031572818756104,30,1.196991920187012,1.523992149531273,15.79223120212555,False,True,True,True,True,0.043782844967697056,0.014913146513850284,0.05869599148154734,0.014913146513850284,4.294245854233084
85,2026-05-12T15:55:05.414Z,2026-05-12 15:55:05.414000+00:00,3,5,4.459354400634766,9.446430206298828,5.658636569976807,8.926506042480469,72537.607,1208.9601166666666,20.149335277777777,141.801,1,3,24.031572818756104,True,0.599023805437493,-0.2225559182372155,30,3.941632270812988,5.138624191,-0.8589225799517329,0.6650695695795399,8.239341616630554,24.031572818756104,30,1.196991920187012,1.523992149531273,15.79223120212555,False,True,True,True,True,0.0393084142995672,0.02354667591944031,0.06285509021900751,0.02354667591944031,4.538297770933638
86,2026-05-12T15:57:28.706Z,2026-05-12 15:57:28.706000+00:00,3,6,4.930763244628906,4.809371948242188,9.95445156097412,2.764582872390747,72680.899,1211.3483166666667,20.18913861111111,143.292,1,3,17.528406381607056,True,2.0698028075396504,0.31592897170002693,30,3.941632270812988,5.138624191,-0.8589225799517329,0.6650695695795399,8.239341616630554,24.031572818756104,30,1.196991920187012,1.523992149531273,15.79223120212555,False,True,True,True,True,0.027437588127171498,0.056790396937736146,0.08422798506490764,0.056790396937736146,5.076125972872053
87,2026-05-12T15:59:51.516Z,2026-05-12 15:59:51.516000+00:00,3,7,4.4306840896606445,8.223516464233398,4.436218262,1.5015095472335815,72823.709,1213.7284833333333,20.228808055555554,142.81,1,3,14.16124427346698,True,0.539455144437842,-0.2680446609588384,30,3.941632270812988,5.138624191,-0.8589225799517329,0.6650695695795399,8.239341616630554,24.031572818756104,30,1.196991920187012,1.523992149531273,15.79223120212555,False,True,True,True,True,0.058070578442328526,0.03132647228119537,0.08939705072352389,0.03132647228119537,4.492641603399561
88,2026-05-12T16:02:13.404Z,2026-05-12 16:02:13.404000+00:00,3,8,4.722351074,3.125374794006348,4.181918144226074,2.473954200744629,72965.597,1216.0932833333331,20.268221388888886,141.888,1,3,9.78124713897705,True,1.3380533279547464,0.12647342253116992,30,3.941632270812988,5.138624191,-0.8589225799517329,0.6650695695795399,8.239341616630554,24.031572818756104,30,1.196991920187012,1.523992149531273,15.79223120212555,False,True,True,True,True,0.03195272289514206,0.04275444720706066,0.07470717010220272,0.04275444720706066,4.886781639066828
89,2026-05-12T16:04:35.577Z,2026-05-12 16:04:35.577000+00:00,3,9,4.813324928283691,2.937996864318848,4.786731719970703,2.405787467956543,73107.77,1218.4628333333335,20.30771388888889,142.173,1,3,10.130516052246094,True,1.6292501119059124,0.21198775949738607,30,3.941632270812988,5.138624191,-0.8589225799517329,0.6650695695795399,8.239341616630554,24.031572818756104,30,1.196991920187012,1.523992149531273,15.79223120212555,False,True,True,True,True,0.029001453126047298,0.047250620751046635,0.07625207387709393,0.047250620751046635,4.972245365465158
90,2026-05-12T16:06:57.964Z,2026-05-12 16:06:57.964000+00:00,3,10,4.172650337219238,5.659758567810059,1.6289029121398926,4.344859600067139,73250.157,1220.8359500000001,20.347265833333335,142.387,1,3,11.63352108001709,True,0.2878043104884891,-0.5409027058568623,30,3.941632270812988,5.138624191,-0.8589225799517329,0.6650695695795399,8.239341616630554,24.031572818756104,30,1.196991920187012,1.523992149531273,15.79223120212555,False,True,True,True,True,0.04865043462663967,0.014001804792685344,0.06265223941932502,0.014001804792685344,4.221492236606768
91,2026-05-12T16:09:20.287Z,2026-05-12 16:09:20.287000+00:00,3,11,4.780243873596191,2.981888055801392,4.477949142456055,1.8164279460906985,73392.48,1223.2079999999999,20.386799999999997,142.323,1,3,9.276265144348145,True,1.5017160465645285,0.17658782143752835,30,3.941632270812988,5.138624191,-0.8589225799517329,0.6650695695795399,8.239341616630554,24.031572818756104,30,1.196991920187012,1.523992149531273,15.79223120212555,False,True,True,True,True,0.032145351705672204,0.04827319047886838,0.08041854218454059,0.04827319047886838,4.93684811318365
92,2026-05-12T16:11:41.775Z,2026-05-12 16:11:41.775000+00:00,3,12,4.894925117492676,4.2156829833984375,7.869575977325439,9.926755905151367,73533.968,1225.5661333333333,20.42610222222222,141.488,1,3,22.012014865875244,True,1.8667380845087753,0.2710833878837251,30,3.941632270812988,5.138624191,-0.8589225799517329,0.6650695695795399,8.239341616630554,24.031572818756104,30,1.196991920187012,1.523992149531273,15.79223120212555,False,True,True,True,True,0.01915173603636767,0.03575127504354667,0.05490301107991434,0.03575127504354667,5.031407333616514
93,2026-05-12T16:14:04.844Z,2026-05-12 16:14:04.844000+00:00,3,13,4.648469924926758,8.045789719,7.092952728271484,8.478935241699219,73677.037,1227.9506166666665,20.465843611111108,143.069,1,3,23.6176776889707,True,0.8815732172966928,-0.05474161240896672,30,3.941632270812988,5.138624191,-0.8589225799517329,0.6650695695795399,8.239341616630554,24.031572818756104,30,1.196991920187012,1.523992149531273,15.79223120212555,False,True,True,True,True,0.03406681141540572,0.030032388542518922,0.06409919995792464,0.030032388542518922,4.705794052683997
94,2026-05-12T16:16:26.813Z,2026-05-12 16:16:26.813000+00:00,3,14,4.021027565002441,7.409592151641846,1.482351541519165,9.951426506,73819.006,1230.3167666666666,20.505279444444444,141.969,1,3,18.84337019916101,True,0.2000584527706697,-0.6988430943019543,30,3.941632270812988,5.138624191,-0.8589225799517329,0.6650695695795399,8.239341616630554,24.031572818756104,30,1.196991920187012,1.523992149531273,15.79223120212555,False,True,True,True,True,0.03932201126087176,0.007866700732680854,0.04718871199355261,0.007866700732680854,4.066812755711932
95,2026-05-12T16:18:48.689Z,2026-05-12 16:18:48.689000+00:00,3,15,4.003383636474609,9.056743621826172,1.710686445236206,9.847497940063477,73960.882,1232.6813666666667,20.544689444444444,141.876,1,3,20.614928007125854,True,0.1888853783067858,-0.7238016596877765,30,3.941632270812988,5.138624191,-0.8589225799517329,0.6650695695795399,8.239341616630554,24.031572818756104,30,1.196991920187012,1.523992149531273,15.79223120212555,False,True,True,True,True,0.04393293839636779,0.008298289689126647,0.052231228085494436,0.008298289689126647,4.041824261292047
96,2026-05-12T16:21:11.855Z,2026-05-12 16:21:11.855000+00:00,3,16,3.941632270812988,9.695536613464355,1.3416810035705566,7.364595413208008,74104.048,1235.0674666666666,20.58445777777778,143.166,1,3,18.40181303024292,True,0.13838130441458407,-0.8589225799517329,30,3.941632270812988,5.138624191,-0.8589225799517329,0.6650695695795399,8.239341616630554,24.031572818756104,30,1.196991920187012,1.523992149531273,15.79223120212555,False,True,True,True,True,0.05268794220183622,0.00729102616881031,0.059978968370646535,0.00729102616881031,3.909371620763599
97,2026-05-12T16:23:34.427Z,2026-05-12 16:23:34.427000+00:00,3,17,5.0085039138793945,3.5627453327178955,9.780977249145508,9.621156692504885,74246.62,1237.4436666666666,20.62406111111111,142.572,1,3,22.964879274368286,True,2.745348414135438,0.4385974689079053,30,3.941632270812988,5.138624191,-0.8589225799517329,0.6650695695795399,8.239341616630554,24.031572818756104,30,1.196991920187012,1.523992149531273,15.79223120212555,False,True,True,True,True,0.015513886618574002,0.04259102402537913,0.05810491064395313,0.04259102402537913,5.1988390521312295
98,2026-05-12T16:25:57.310Z,2026-05-12 16:25:57.310000+00:00,3,18,4.077816963195801,6.377004146575928,1.47468364238739,8.523088455200195,74389.503,1239.82505,20.66375083333333,142.883,1,3,16.374776244163513,True,0.23125022479077537,-0.635917836425272,30,3.941632270812988,5.138624191,-0.8589225799517329,0.6650695695795399,8.239341616630554,24.031572818756104,30,1.196991920187012,1.523992149531273,15.79223120212555,False,True,True,True,True,0.03894406892337777,0.009005824692798557,0.047949893616176326,0.009005824692798557,4.128485158805922
99,2026-05-12T16:28:19.492Z,2026-05-12 16:28:19.492000+00:00,3,19,4.445570945739746,9.343351364135742,4.998967170715332,3.034790277481079,74531.685,1242.1947499999999,20.70324583333333,142.182,1,3,17.377108812332153,True,0.5350293460977784,-0.27162239648568776,30,3.941632270812988,5.138624191,-0.8589225799517329,0.6650695695795399,8.239341616630554,24.031572818756104,30,1.196991920187012,1.523992149531273,15.79223120212555,False,True,True,True,True,0.05376815824220984,0.028767542545211404,0.08253570078742124,0.028767542545211404,4.4891287966010704
100,2026-05-12T16:30:42.384Z,2026-05-12 16:30:42.384000+00:00,3,20,4.094908714294434,6.308492183685303,1.5127555131912231,2.5563910007476807,74674.577,1244.5762833333333,20.742938055555555,142.892,1,3,10.377638697624207,True,0.23979668503092283,-0.620156824918275,30,3.941632270812988,5.138624191,-0.8589225799517329,0.6650695695795399,8.239341616630554,24.031572818756104,30,1.196991920187012,1.523992149531273,15.79223120212555,False,True,True,True,True,0.06078928326083979,0.014577068611355146,0.07536635187219493,0.014577068611355146,4.142498706772742
101,2026-05-12T16:33:05.343Z,2026-05-12 16:33:05.343000+00:00,3,21,4.3976030349731445,8.745513916015625,4.401782035827637,4.147047043,74817.536,1246.958933333333,20.782648888888886,142.959,1,3,17.294342994843262,True,0.5033188533113727,-0.29815680150084994,30,3.941632270812988,5.138624191,-0.8589225799517329,0.6650695695795399,8.239341616630554,24.031572818756104,30,1.196991920187012,1.523992149531273,15.79223120212555,False,True,True,True,True,0.050568639228580806,0.025452149510045787,0.0760207887386266,0.025452149510045787,4.462726749951201
102,2026-05-12T16:35:28.904Z,2026-05-12 16:35:28.904000+00:00,3,22,5.138624191,1.9713456630706787,7.977984905,5.381337642669678,74961.097,1249.3516166666666,20.822526944444444,143.561,1,3,15.330668210740356,True,4.0469741326709,0.6071304284898635,30,3.941632270812988,5.138624191,-0.8589225799517329,0.6650695695795399,8.239341616630554,24.031572818756104,30,1.196991920187012,1.523992149531273,15.79223120212555,False,True,True,True,True,0.012858837175078866,0.05203938142377111,0.06489821859884998,0.05203938142377111,5.367311142112778
103,2026-05-12T16:37:50.432Z,2026-05-12 16:37:50.432000+00:00,3,23,4.910914421081543,1.8790521621704104,4.597433567047119,1.762855887413025,75102.625,1251.7104166666666,20.861840277777777,141.528,1,3,8.239341616630554,True,2.4466769255286804,0.38857662618734373,30,3.941632270812988,5.138624191,-0.8589225799517329,0.6650695695795399,8.239341616630554,24.031572818756104,30,1.196991920187012,1.523992149531273,15.79223120212555,False,True,True,True,True,0.022805853302376375,0.05579855504191634,0.07860440834429272,0.05579855504191634,5.148767061979848
104,2026-05-12T16:40:12.205Z,2026-05-12 16:40:12.205000+00:00,3,24,4.879487991333008,3.4123246669769287,6.176530361175537,3.865297317504883,75244.398,1254.0733,20.901221666666668,141.773,1,3,13.454152345657349,True,1.8100652675138011,0.25769423498523203,30,3.941632270812988,5.138624191,-0.8589225799517329,0.6650695695795399,8.239341616630554,24.031572818756104,30,1.196991920187012,1.523992149531273,15.79223120212555,False,True,True,True,True,0.02536261355832156,0.04590798589529248,0.07127059945361404,0.04590798589529248,5.017949301106869
105,2026-05-12T16:42:34.978Z,2026-05-12 16:42:34.978000+00:00,3,25,4.415797233581543,6.550953388214111,3.4678773880004883,1.3320295810699463,75387.171,1256.4528500000001,20.940880833333335,142.773,1,3,11.350860357284546,True,0.5293698767937477,-0.27624077537782066,30,3.941632270812988,5.138624191,-0.8589225799517329,0.6650695695795399,8.239341616630554,24.031572818756104,30,1.196991920187012,1.523992149531273,15.79223120212555,False,True,True,True,True,0.057713276192407396,0.030551669907338243,0.08826494609974564,0.030551669907338243,4.484471547301714
106,2026-05-12T16:44:57.399Z,2026-05-12 16:44:57.399000+00:00,3,26,4.619799613952637,5.963613510131836,5.786372184753418,5.041311264038086,75529.592,1258.8265333333334,20.980442222222223,142.421,1,3,16.79129695892334,True,0.9702795419124168,-0.013103125507060139,30,3.941632270812988,5.138624191,-0.8589225799517329,0.6650695695795399,8.239341616630554,24.031572818756104,30,1.196991920187012,1.523992149531273,15.79223120212555,False,True,True,True,True,0.03551609815918725,0.03446054345241263,0.06997664161159989,0.03446054345241263,4.747341118812102
107,2026-05-12T16:47:20.218Z,2026-05-12 16:47:20.218000+00:00,3,27,5.121532440185547,1.5709567070007324,7.264969348907471,8.713197708129883,75672.411,1261.2068499999998,21.020114166666662,142.819,1,3,17.549123764038086,True,4.624550960909506,0.6650695695795399,30,3.941632270812988,5.138624191,-0.8589225799517329,0.6650695695795399,8.239341616630554,24.031572818756104,30,1.196991920187012,1.523992149531273,15.79223120212555,False,True,True,True,True,0.008951767211420318,0.04139790365941204,0.05034967087083236,0.04139790365941204,5.425291066085119
108,2026-05-12T16:49:42.725Z,2026-05-12 16:49:42.725000+00:00,3,28,4.429581642150879,7.257782459259033,4.115303993225098,5.928508281707764,75814.918,1263.5819666666669,21.059699444444448,142.507,1,3,17.301594734191895,True,0.5670194741060398,-0.24640202514314918,30,3.941632270812988,5.138624191,-0.8589225799517329,0.6650695695795399,8.239341616630554,24.031572818756104,30,1.196991920187012,1.523992149531273,15.79223120212555,False,True,True,True,True,0.0419486328905624,0.02378569176107402,0.06573432465163642,0.02378569176107402,4.514472845482777
109,2026-05-12T16:52:04.560Z,2026-05-12 16:52:04.560000+00:00,3,29,4.756534576416016,7.745972633361816,9.487553596496582,2.522180557250977,75956.753,1265.9458833333333,21.099098055555555,141.835,1,3,19.755706787109375,True,1.2248369630992235,0.0880782840159744,30,3.941632270812988,5.138624191,-0.8589225799517329,0.6650695695795399,8.239341616630554,24.031572818756104,30,1.196991920187012,1.523992149531273,15.79223120212555,False,True,True,True,True,0.03920878517196902,0.04802436935684439,0.08723315452881342,0.04802436935684439,4.848363541905648
110,2026-05-12T16:54:25.586Z,2026-05-12 16:54:25.586000+00:00,4,0,5.058677673339844,2.2797908782958984,7.243326187133789,2.210524082183838,76097.779,1268.2963166666666,21.138271944444444,141.026,1,4,11.733641147613525,True,3.1771888624048015,0.5020430314662322,5,4.114206314086914,5.058677673339844,-0.5755634782361821,0.5020430314662322,9.774475693702698,18.94368076324463,5,0.9444713592529297,1.0776065097024143,9.169205069541931,False,True,True,True,True,0.01942952617704334,0.061731274171504646,0.08116080034854799,0.061731274171504646,5.262203705507676
111,2026-05-12T16:56:48.927Z,2026-05-12 16:56:48.927000+00:00,4,1,4.677140235900879,1.650342345237732,2.4211604595184326,5.702972888946533,76241.12,1270.6853333333333,21.17808888888889,143.341,1,4,9.774475693702698,True,1.4670655858192043,0.166449529605162,5,4.114206314086914,5.058677673339844,-0.5755634782361821,0.5020430314662322,9.774475693702698,18.94368076324463,5,0.9444713592529297,1.0776065097024143,9.169205069541931,False,True,True,True,True,0.01688420327548598,0.024770233569441368,0.04165443684492735,0.024770233569441368,4.926961317454788
112,2026-05-12T16:59:11.222Z,2026-05-12 16:59:11.222000+00:00,4,2,4.114206314086914,9.197636604309082,2.4440650939941406,7.301979064941406,76383.415,1273.0569166666667,21.217615277777778,142.295,1,4,18.94368076324463,True,0.26572751230996655,-0.5755634782361821,5,4.114206314086914,5.058677673339844,-0.5755634782361821,0.5020430314662322,9.774475693702698,18.94368076324463,5,0.9444713592529297,1.0776065097024143,9.169205069541931,False,True,True,True,True,0.04855253168198836,0.012901743460205603,0.06145427514219396,0.012901743460205603,4.187200114911533
113,2026-05-12T17:01:34.011Z,2026-05-12 17:01:34.011000+00:00,4,3,4.698642730712891,3.1678454875946045,4.217148303985596,9.215991973876951,76526.204,1275.4367333333332,21.257278888888887,142.789,1,4,16.600985765457153,True,1.3312354786557925,0.12425488345018916,5,4.114206314086914,5.058677673339844,-0.5755634782361821,0.5020430314662322,9.774475693702698,18.94368076324463,5,0.9444713592529297,1.0776065097024143,9.169205069541931,False,True,True,True,True,0.019082273380332422,0.025402999337307518,0.04448527271763994,0.025402999337307518,4.88477453577125
114,2026-05-12T17:03:56.434Z,2026-05-12 17:03:56.434000+00:00,4,4,4.935725212097168,1.855609893798828,4.768946647644043,3.162666320800781,76668.627,1277.81045,21.29684083333333,142.423,1,4,9.787222862243652,True,2.5700157471573917,0.40993578437511125,5,4.114206314086914,5.058677673339844,-0.5755634782361821,0.5020430314662322,9.774475693702698,18.94368076324463,5,0.9444713592529297,1.0776065097024143,9.169205069541931,False,True,True,True,True,0.0189595140512969,0.048726249670284875,0.06768576372158178,0.048726249670284875,5.170150811073309
115,2026-05-12T17:46:23.537Z,2026-05-12 17:46:23.537000+00:00,1,0,4.787961959838867,7.543157101,7.981068134307861,7.851915836334228,79215.73,1320.2621666666666,22.004369444444443,2547.103,2,5,23.37614107164209,True,1.0580540783447037,0.024507865550290633,30,4.214001655578613,5.143586158752441,-0.50006015487141,0.5750796079473154,6.392074108123779,28.735502243041992,30,0.9295845031738281,1.0751397628187254,22.343428134918213,False,True,True,True,True,0.03226861558493376,0.03414194032217663,0.0664105559071104,0.03414194032217663,4.784937407173089
116,2026-05-12T17:48:48.799Z,2026-05-12 17:48:48.799000+00:00,1,1,4.897682189941406,4.324800491333008,7.176953315734863,8.691786766052246,79360.992,1322.6832,22.044719999999998,145.262,2,5,20.193540573120117,True,1.6594877220620075,0.2199740435717123,30,4.214001655578613,5.143586158752441,-0.50006015487141,0.5750796079473154,6.392074108123779,28.735502243041992,30,0.9295845031738281,1.0751397628187254,22.343428134918213,False,True,True,True,True,0.021416751934476543,0.03554083688171157,0.056957588816188114,0.03554083688171157,4.980314107636175
117,2026-05-12T17:51:10.875Z,2026-05-12 17:51:10.875000+00:00,1,2,5.083488464355469,1.6750736236572266,5.8752617835998535,8.555215835571289,79503.068,1325.0511333333334,22.084185555555557,142.076,2,5,16.10555124282837,True,3.5074648066944425,0.5449933220852633,30,4.214001655578613,5.143586158752441,-0.50006015487141,0.5750796079473154,6.392074108123779,28.735502243041992,30,0.9295845031738281,1.0751397628187254,22.343428134918213,False,True,True,True,True,0.010400597895729394,0.036479731087851124,0.04688032898358052,0.036479731087851124,5.305258967781991
118,2026-05-12T17:53:33.387Z,2026-05-12 17:53:33.387000+00:00,1,3,4.312693595886231,1.9117560386657717,1.0327486991882324,3.4475693702697754,79645.58,1327.4263333333333,22.12377222222222,142.512,2,5,6.392074108123779,True,0.5402094609880219,-0.2674378140417357,30,4.214001655578613,5.143586158752441,-0.50006015487141,0.5750796079473154,6.392074108123779,28.735502243041992,30,0.9295845031738281,1.0751397628187254,22.343428134918213,False,True,True,True,True,0.02990822706883347,0.016156707223961893,0.04606493429279536,0.016156707223961893,4.493889334996816
119,2026-05-12T17:55:56.645Z,2026-05-12 17:55:56.645000+00:00,1,4,4.524414063,1.0617680549621582,1.356583833694458,6.921240329742432,79788.838,1329.8139666666668,22.163566111111113,143.258,2,5,9.339592218399048,True,1.2776649545580905,0.10641698256771455,30,4.214001655578613,5.143586158752441,-0.50006015487141,0.5750796079473154,6.392074108123779,28.735502243041992,30,0.9295845031738281,1.0751397628187254,22.343428134918213,False,True,True,True,True,0.011368462670891234,0.014525086341799597,0.02589354901269083,0.014525086341799597,4.86734136804816
120,2026-05-12T17:58:18.896Z,2026-05-12 17:58:18.896000+00:00,1,5,4.214001655578613,5.605854511260986,1.7724813222885132,8.471328735351562,79931.089,1332.1848166666668,22.20308027777778,142.251,2,5,15.849664568901062,True,0.31618396780151353,-0.50006015487141,30,4.214001655578613,5.143586158752441,-0.50006015487141,0.5750796079473154,6.392074108123779,28.735502243041992,30,0.9295845031738281,1.0751397628187254,22.343428134918213,False,True,True,True,True,0.03536891577037122,0.011183084125113497,0.04655199989548472,0.011183084125113497,4.26272653289767
121,2026-05-12T18:00:40.073Z,2026-05-12 18:00:40.073000+00:00,1,6,4.976525307,3.2838714122772217,7.913933277130127,2.570388078689575,80072.266,1334.5377666666668,22.242296111111113,141.177,2,5,13.768192768096924,True,2.409940062678081,0.3820062414247162,30,4.214001655578613,5.143586158752441,-0.50006015487141,0.5750796079473154,6.392074108123779,28.735502243041992,30,0.9295845031738281,1.0751397628187254,22.343428134918213,False,True,True,True,True,0.02385114348403423,0.05747982622285737,0.0813309697068916,0.05747982622285737,5.142191927107623
122,2026-05-12T18:03:01.602Z,2026-05-12 18:03:01.602000+00:00,1,7,4.827659606933594,5.267858982086182,7.759117126464844,3.1691620349884038,80213.795,1336.8965833333334,22.281609722222225,141.529,2,5,16.19613814353943,True,1.4729166351738732,0.16817816713555497,30,4.214001655578613,5.143586158752441,-0.50006015487141,0.5750796079473154,6.392074108123779,28.735502243041992,30,0.9295845031738281,1.0751397628187254,22.343428134918213,False,True,True,True,True,0.032525401644511835,0.047907205147913134,0.08043260679242498,0.047907205147913134,4.928442494378081
123,2026-05-12T18:05:24.542Z,2026-05-12 18:05:24.542000+00:00,1,8,4.784654617,4.264469146728516,5.835362434387207,2.391511917114258,80356.735,1339.2789166666666,22.321315277777778,142.94,2,5,12.49134349822998,True,1.3683678398432784,0.13620285859784664,30,4.214001655578613,5.143586158752441,-0.50006015487141,0.5750796079473154,6.392074108123779,28.735502243041992,30,0.9295845031738281,1.0751397628187254,22.343428134918213,False,True,True,True,True,0.03413939539275971,0.04671525072714617,0.08085464611990588,0.04671525072714617,4.896482289557321
124,2026-05-12T18:07:47.148Z,2026-05-12 18:07:47.148000+00:00,1,9,4.267482757568359,7.439232349395752,2.753178596496582,4.622891426086426,80499.341,1341.6556833333334,22.360928055555558,142.606,2,5,14.81530237197876,True,0.3700890719887527,-0.4316937385878169,30,4.214001655578613,5.143586158752441,-0.50006015487141,0.5750796079473154,6.392074108123779,28.735502243041992,30,0.9295845031738281,1.0751397628187254,22.343428134918213,False,True,True,True,True,0.05021316583768216,0.018583343946485125,0.06879650978416728,0.018583343946485125,4.329803393093204
125,2026-05-12T18:10:09.120Z,2026-05-12 18:10:09.120000+00:00,1,10,4.783551216125488,3.407980204,5.189589023590088,9.268029213,80641.313,1344.0218833333333,22.40036472222222,141.972,2,5,17.865598440590087,True,1.522775577598422,0.18263590294710122,30,4.214001655578613,5.143586158752441,-0.50006015487141,0.5750796079473154,6.392074108123779,28.735502243041992,30,0.9295845031738281,1.0751397628187254,22.343428134918213,False,True,True,True,True,0.019075656577264014,0.029047943962512344,0.04812360053977636,0.029047943962512344,4.943065926660034
126,2026-05-12T18:12:31.942Z,2026-05-12 18:12:31.942000+00:00,1,11,4.704707145690918,9.701196670532228,9.469735145568848,9.564570426940918,80784.135,1346.4022499999999,22.4400375,142.822,2,5,28.735502243041992,True,0.9761409305651483,-0.010487476443663204,30,4.214001655578613,5.143586158752441,-0.50006015487141,0.5750796079473154,6.392074108123779,28.735502243041992,30,0.9295845031738281,1.0751397628187254,22.343428134918213,False,True,True,True,True,0.03376031707565255,0.03295482732640195,0.0667151444020545,0.03295482732640195,4.749975640911868
127,2026-05-12T18:14:53.430Z,2026-05-12 18:14:53.430000+00:00,1,12,4.4444684982299805,9.181890487670898,5.1043243408203125,3.7697055339813232,80925.623,1348.7603833333335,22.479339722222225,141.488,2,5,18.055920362472534,True,0.5559121346169625,-0.25499384594764457,30,4.214001655578613,5.143586158752441,-0.50006015487141,0.5750796079473154,6.392074108123779,28.735502243041992,30,0.9295845031738281,1.0751397628187254,22.343428134918213,False,True,True,True,True,0.05085251985689171,0.02826953286429615,0.07912205272118786,0.02826953286429615,4.505751894951924
128,2026-05-12T18:17:15.559Z,2026-05-12 18:17:15.559000+00:00,1,13,4.828210830688477,6.375922679901123,9.206503868103027,2.367205858230591,81067.752,1351.1291999999999,22.518819999999998,142.129,2,5,17.94963240623474,True,1.4439484809194394,0.1595516981840719,30,4.214001655578613,5.143586158752441,-0.50006015487141,0.5750796079473154,6.392074108123779,28.735502243041992,30,0.9295845031738281,1.0751397628187254,22.343428134918213,False,True,True,True,True,0.03552118804219338,0.05129076551397889,0.08681195355617227,0.05129076551397889,4.919800597868789
129,2026-05-12T18:19:37.929Z,2026-05-12 18:19:37.929000+00:00,1,14,4.549225807189941,6.626776695251465,5.112069129943848,2.614516496658325,81210.122,1353.5020333333334,22.558367222222223,142.37,2,5,14.353362321853638,True,0.771426194820627,-0.11270561816261068,30,4.214001655578613,5.143586158752441,-0.50006015487141,0.5750796079473154,6.392074108123779,28.735502243041992,30,0.9295845031738281,1.0751397628187254,22.343428134918213,False,True,True,True,True,0.04616881081000722,0.0356158300425573,0.08178464085256451,0.0356158300425573,4.647780390514492
130,2026-05-12T18:22:00.204Z,2026-05-12 18:22:00.204000+00:00,1,15,4.759291648864746,6.115901947021484,7.3441338539123535,2.449049234390259,81352.397,1355.8732833333333,22.597888055555554,142.275,2,5,15.909085035324097,True,1.2008259644334278,0.07948006971510625,30,4.214001655578613,5.143586158752441,-0.50006015487141,0.5750796079473154,6.392074108123779,28.735502243041992,30,0.9295845031738281,1.0751397628187254,22.343428134918213,False,True,True,True,True,0.0384428264318275,0.046163144125546125,0.08460597055737362,0.046163144125546125,4.8397794890333055
131,2026-05-12T18:24:21.438Z,2026-05-12 18:24:21.438000+00:00,1,16,4.518900871276856,2.8598403930664062,2.369830369949341,8.639083862304688,81493.631,1358.2271833333332,22.63711972222222,141.234,2,5,13.868754625320435,True,0.8286582620816604,-0.0816245351808117,30,4.214001655578613,5.143586158752441,-0.50006015487141,0.5750796079473154,6.392074108123779,28.735502243041992,30,0.9295845031738281,1.0751397628187254,22.343428134918213,False,True,True,True,True,0.020620744041755158,0.01708754992047158,0.03770829396222674,0.01708754992047158,4.679347839533791
132,2026-05-12T18:26:44.184Z,2026-05-12 18:26:44.184000+00:00,1,17,4.290088653564453,9.556440353393556,3.5858449935913086,7.650800228118896,81636.377,1360.6062833333333,22.676771388888888,142.746,2,5,20.79308557510376,True,0.37522810387425803,-0.42570464124068136,30,4.214001655578613,5.143586158752441,-0.50006015487141,0.5750796079473154,6.392074108123779,28.735502243041992,30,0.9295845031738281,1.0751397628187254,22.343428134918213,False,True,True,True,True,0.04595970289679274,0.017245372172587786,0.06320507506938053,0.017245372172587786,4.335892083270201
133,2026-05-12T18:29:06.206Z,2026-05-12 18:29:06.206000+00:00,1,18,4.653983116149902,3.5640995502471924,4.003465652,9.872911453,81778.399,1362.9733166666667,22.716221944444445,142.022,2,5,17.440476655247192,True,1.1232754853108227,0.05048628081885771,30,4.214001655578613,5.143586158752441,-0.50006015487141,0.5750796079473154,6.392074108123779,28.735502243041992,30,0.9295845031738281,1.0751397628187254,22.343428134918213,False,True,True,True,True,0.020435792098462444,0.022955024287111474,0.04339081638557392,0.022955024287111474,4.811106868628389
134,2026-05-12T18:31:28.845Z,2026-05-12 18:31:28.845000+00:00,1,19,4.745508193969727,4.642705917358398,5.750741004943848,4.196063995361328,81921.038,1365.3506333333332,22.755843888888887,142.639,2,5,14.589510917663574,True,1.2386614847696185,0.09295263374994936,30,4.214001655578613,5.143586158752441,-0.50006015487141,0.5750796079473154,6.392074108123779,28.735502243041992,30,0.9295845031738281,1.0751397628187254,22.343428134918213,False,True,True,True,True,0.03182221764361859,0.03941695535510656,0.07123917299872515,0.03941695535510656,4.853298405537955
135,2026-05-12T18:33:51.356Z,2026-05-12 18:33:51.356000+00:00,1,20,5.143586158752441,2.3970086574554443,9.010506629943848,1.0616852045059204,82063.549,1367.7258166666666,22.795430277777776,142.511,2,5,12.469200491905212,True,3.759063031298766,0.5750796079473154,30,4.214001655578613,5.143586158752441,-0.50006015487141,0.5750796079473154,6.392074108123779,28.735502243041992,30,0.9295845031738281,1.0751397628187254,22.343428134918213,False,True,True,True,True,0.019223435047111007,0.07226210402016803,0.09148553906727903,0.07226210402016803,5.3352117878418985
136,2026-05-12T18:36:13.764Z,2026-05-12 18:36:13.764000+00:00,1,21,4.898233413696289,4.552788734436035,8.627081871032715,9.771245002746582,82205.957,1370.0992833333332,22.834988055555552,142.408,2,5,22.951115608215332,True,1.8949005487076203,0.27758642154372526,30,4.214001655578613,5.143586158752441,-0.50006015487141,0.5750796079473154,6.392074108123779,28.735502243041992,30,0.9295845031738281,1.0751397628187254,22.343428134918213,False,True,True,True,True,0.019836895130301936,0.037588943467064664,0.0574258385973666,0.037588943467064664,5.037892942803833
137,2026-05-12T18:38:36.585Z,2026-05-12 18:38:36.585000+00:00,1,22,4.229439735412598,6.014262199401856,2.104924201965332,3.06613564491272,82348.778,1372.4796333333334,22.874660555555558,142.821,2,5,11.185322046279907,True,0.34998876540079604,-0.45594589622900866,30,4.214001655578613,5.143586158752441,-0.50006015487141,0.5750796079473154,6.392074108123779,28.735502243041992,30,0.9295845031738281,1.0751397628187254,22.343428134918213,False,True,True,True,True,0.053769235919337,0.018818628495952897,0.0725878644152899,0.018818628495952897,4.3055942429338945
138,2026-05-12T18:40:59.198Z,2026-05-12 18:40:59.198000+00:00,1,23,4.5437116622924805,5.491227626800537,3.9689435958862314,2.2319869995117188,82491.391,1374.8565166666667,22.91427527777778,142.613,2,5,11.692158222198486,True,0.7227789240634221,-0.14099451977519906,30,4.214001655578613,5.143586158752441,-0.50006015487141,0.5750796079473154,6.392074108123779,28.735502243041992,30,0.9295845031738281,1.0751397628187254,22.343428134918213,False,True,True,True,True,0.04696504719184357,0.033945346277908545,0.08091039346975212,0.033945346277908545,4.619534715565545
139,2026-05-12T18:43:20.928Z,2026-05-12 18:43:20.928000+00:00,1,24,4.700296401977539,4.161565304,5.031970024108887,1.3287742137908936,82633.121,1377.2186833333333,22.953644722222222,141.73,2,5,10.52230954189978,True,1.2091532047502112,0.08248133126792424,30,4.214001655578613,5.143586158752441,-0.50006015487141,0.5750796079473154,6.392074108123779,28.735502243041992,30,0.9295845031738281,1.0751397628187254,22.343428134918213,False,True,True,True,True,0.039549922832327535,0.047821915940332395,0.08737183877265993,0.047821915940332395,4.842769466127766
140,2026-05-12T18:45:43.466Z,2026-05-12 18:45:43.466000+00:00,1,25,4.453841209411621,8.705640793,5.346917629241943,6.670559883117676,82775.659,1379.5943166666666,22.99323861111111,142.538,2,5,20.72311830535962,True,0.6141900127031744,-0.21169724986488997,30,4.214001655578613,5.143586158752441,-0.50006015487141,0.5750796079473154,6.392074108123779,28.735502243041992,30,0.9295845031738281,1.0751397628187254,22.343428134918213,False,True,True,True,True,0.04200931860118977,0.025801703925316447,0.06781102252650621,0.025801703925316447,4.549069976598865
141,2026-05-12T18:48:05.532Z,2026-05-12 18:48:05.532000+00:00,1,26,4.932416915893555,4.965035438537598,9.921024322509766,3.1368625164031982,82917.725,1381.9620833333333,23.03270138888889,142.066,2,5,18.02292227745056,True,1.99817794763453,0.3006341616850006,30,4.214001655578613,5.143586158752441,-0.50006015487141,0.5750796079473154,6.392074108123779,28.735502243041992,30,0.9295845031738281,1.0751397628187254,22.343428134918213,False,True,True,True,True,0.02754844837093715,0.055046702026355004,0.08259515039729215,0.055046702026355004,5.0608397733914625
142,2026-05-12T18:50:28.022Z,2026-05-12 18:50:28.022000+00:00,1,27,4.393743515014648,7.588895797729492,3.9835362434387207,4.336717606,83060.215,1384.3369166666666,23.072281944444445,142.49,2,5,15.909149647168213,True,0.5249164502470237,-0.2799098167545093,30,4.214001655578613,5.143586158752441,-0.50006015487141,0.5750796079473154,6.392074108123779,28.735502243041992,30,0.9295845031738281,1.0751397628187254,22.343428134918213,False,True,True,True,True,0.04770145460967674,0.025039278225331044,0.07274073283500779,0.025039278225331044,4.480963767559407
143,2026-05-12T18:52:50.405Z,2026-05-12 18:52:50.405000+00:00,1,28,4.335851669311523,5.439786911010742,2.5176923274993896,8.414495468139648,83202.598,1386.7099666666666,23.111832777777774,142.383,2,5,16.37197470664978,True,0.4628292189907837,-0.33457923129786143,30,4.214001655578613,5.143586158752441,-0.50006015487141,0.5750796079473154,6.392074108123779,28.735502243041992,30,0.9295845031738281,1.0751397628187254,22.343428134918213,False,True,True,True,True,0.03322621130608803,0.015378061428819471,0.0486042727349075,0.015378061428819471,4.426965399228636
144,2026-05-12T18:55:12.452Z,2026-05-12 18:55:12.452000+00:00,1,29,4.720697402954102,6.504141330718994,7.309062480926514,1.4453870058059692,83344.645,1389.0774166666667,23.15129027777778,142.047,2,5,15.258590817451477,True,1.1237551752459445,0.050671704808542814,30,4.214001655578613,5.143586158752441,-0.50006015487141,0.5750796079473154,6.392074108123779,28.735502243041992,30,0.9295845031738281,1.0751397628187254,22.343428134918213,False,True,True,True,True,0.042626094431211244,0.047901294217595966,0.09052738864880722,0.047901294217595966,4.810969254626038
145,2026-05-12T18:57:34.436Z,2026-05-12 18:57:34.436000+00:00,2,0,5.1237382888793945,1.734874248504639,7.588912010192871,7.268160343170166,83486.629,1391.4438166666666,23.190730277777778,141.984,2,6,16.591946601867676,True,4.374329734119965,0.6409115167700762,30,4.14453125,5.171705246,-0.5734086383568978,0.7757443500329254,4.989383816719055,25.31310272216797,30,1.0271739960000001,1.3491529883898232,20.323718905448914,False,True,True,True,True,0.01045612241971266,0.04573852720414749,0.05619464962386015,0.04573852720414749,5.401114052015454
146,2026-05-12T18:59:55.970Z,2026-05-12 18:59:55.970000+00:00,2,1,4.657842636108398,5.649968624,6.021924018859863,7.69212532,83628.163,1393.8027166666666,23.230045277777776,141.534,2,6,19.36401796285986,True,1.0658331788392357,0.027689235479405362,30,4.14453125,5.171705246,-0.5734086383568978,0.7757443500329254,4.989383816719055,25.31310272216797,30,1.0271739960000001,1.3491529883898232,20.323718905448914,False,True,True,True,True,0.029177666715847022,0.031098525266862995,0.06027619198271002,0.031098525266862995,4.788159098798391
147,2026-05-12T19:02:17.828Z,2026-05-12 19:02:17.828000+00:00,2,2,4.601604461669922,1.4128093719482422,1.9532058238983157,5.430089950561523,83770.021,1396.1670166666665,23.269450277777775,141.858,2,6,8.796105146408081,True,1.3824977825599183,0.14066444339607492,30,4.14453125,5.171705246,-0.5734086383568978,0.7757443500329254,4.989383816719055,25.31310272216797,30,1.0271739960000001,1.3491529883898232,20.323718905448914,False,True,True,True,True,0.01606176084110554,0.022205348746836138,0.038267109587941675,0.022205348746836138,4.901249402036155
148,2026-05-12T19:04:40.691Z,2026-05-12 19:04:40.691000+00:00,2,3,4.842546463012695,5.638144493103027,8.750115394592285,2.549004554748535,83912.884,1398.5480666666667,23.309134444444446,142.863,2,6,16.937264442443848,True,1.5519494765159068,0.1908775787601176,30,4.14453125,5.171705246,-0.5734086383568978,0.7757443500329254,4.989383816719055,25.31310272216797,30,1.0271739960000001,1.3491529883898232,20.323718905448914,False,True,True,True,True,0.033288400923670705,0.051661916387542375,0.08495031731121308,0.051661916387542375,4.951117660438479
149,2026-05-12T19:07:02.830Z,2026-05-12 19:07:02.830000+00:00,2,4,4.651226043701172,8.275125503540039,8.169450759887695,8.868526458740234,84055.023,1400.91705,23.3486175,142.139,2,6,25.31310272216797,True,0.9872298319092397,-0.00558172969067843,30,4.14453125,5.171705246,-0.5734086383568978,0.7757443500329254,4.989383816719055,25.31310272216797,30,1.0271739960000001,1.3491529883898232,20.323718905448914,False,True,True,True,True,0.03269107542590222,0.032273604897645726,0.06496468032354795,0.032273604897645726,4.754888468495344
150,2026-05-12T19:09:24.292Z,2026-05-12 19:09:24.292000+00:00,2,5,4.418003082275391,6.378178596496582,3.656946897506714,2.137426376342773,84196.485,1403.27475,23.387912500000002,141.462,2,6,12.17255187034607,True,0.5733528533546252,-0.24157802183556143,30,4.14453125,5.171705246,-0.5734086383568978,0.7757443500329254,4.989383816719055,25.31310272216797,30,1.0271739960000001,1.3491529883898232,20.323718905448914,False,True,True,True,True,0.05239803998728205,0.030042565736897914,0.08244060572417997,0.030042565736897914,4.519110099270805
151,2026-05-12T19:11:46.284Z,2026-05-12 19:11:46.284000+00:00,2,6,4.865151405334473,5.467805386,8.60830307,2.4208292961120605,84338.477,1405.6412833333334,23.427354722222223,141.992,2,6,16.49693775211206,True,1.5743616427975038,0.19710450021562473,30,4.14453125,5.171705246,-0.5734086383568978,0.7757443500329254,4.989383816719055,25.31310272216797,30,1.0271739960000001,1.3491529883898232,20.323718905448914,False,True,True,True,True,0.033144365749334125,0.052181218110602993,0.08532558385993712,0.052181218110602993,4.957340868507631
152,2026-05-12T19:14:08.675Z,2026-05-12 19:14:08.675000+00:00,2,7,4.662804604,9.544548034667969,9.349561691,3.549530267715454,84480.868,1408.0144666666667,23.46690777777778,142.391,2,6,22.44363999338342,True,0.9795709191299856,-0.00896411641057887,30,4.14453125,5.171705246,-0.5734086383568978,0.7757443500329254,4.989383816719055,25.31310272216797,30,1.0271739960000001,1.3491529883898232,20.323718905448914,False,True,True,True,True,0.0425267382540523,0.04165795607912234,0.08418469433317463,0.04165795607912234,4.751401680690317
153,2026-05-12T19:16:31.256Z,2026-05-12 19:16:31.256000+00:00,2,8,4.850265502929688,6.158670425415039,9.249773979187012,4.070502758026123,84623.449,1410.3908166666665,23.50651361111111,142.581,2,6,19.478947162628174,True,1.501910857417518,0.17664415684887697,30,4.14453125,5.171705246,-0.5734086383568978,0.7757443500329254,4.989383816719055,25.31310272216797,30,1.0271739960000001,1.3491529883898232,20.323718905448914,False,True,True,True,True,0.03161706007001709,0.04748600579878054,0.07910306586879763,0.04748600579878054,4.9369087474541455
154,2026-05-12T19:18:53.626Z,2026-05-12 19:18:53.626000+00:00,2,9,4.706361770629883,5.2391438484191895,6.073420524597168,6.661333560943604,84765.819,1412.76365,23.546060833333335,142.37,2,6,17.97389793395996,True,1.1592391238560296,0.06417302997524449,30,4.14453125,5.171705246,-0.5734086383568978,0.7757443500329254,4.989383816719055,25.31310272216797,30,1.0271739960000001,1.3491529883898232,20.323718905448914,False,True,True,True,True,0.029148623563285785,0.03379022484111263,0.06293884840439842,0.03379022484111263,4.824588644833719
155,2026-05-12T19:21:16.436Z,2026-05-12 19:21:16.436000+00:00,2,10,4.304424285888672,7.571396827697754,3.112863779067993,9.827672958374023,84908.629,1415.1438166666667,23.585730277777778,142.81,2,6,20.51193356513977,True,0.41113467566255224,-0.38601589268251174,30,4.14453125,5.171705246,-0.5734086383568978,0.7757443500329254,4.989383816719055,25.31310272216797,30,1.0271739960000001,1.3491529883898232,20.323718905448914,False,True,True,True,True,0.036912155568626724,0.015175867107713023,0.052088022676339746,0.015175867107713023,4.375682971949514
156,2026-05-12T19:23:38.614Z,2026-05-12 19:23:38.614000+00:00,2,11,4.534890174865723,1.284639835357666,1.4684510231018066,7.350613594055176,85050.807,1417.51345,23.625224166666666,142.178,2,6,10.103704452514648,True,1.1430838299459742,0.05807808126837246,30,4.14453125,5.171705246,-0.5734086383568978,0.7757443500329254,4.989383816719055,25.31310272216797,30,1.0271739960000001,1.3491529883898232,20.323718905448914,False,True,True,True,True,0.012714542882714073,0.01453378837438513,0.027248331257099204,0.01453378837438513,4.819049495933523
157,2026-05-12T19:26:00.338Z,2026-05-12 19:26:00.338000+00:00,2,12,4.798438072,4.216410636901856,6.546890735626221,8.233444213867188,85192.531,1419.8755166666667,23.664591944444446,141.724,2,6,18.996745586395264,True,1.5527165874993523,0.19109219254918744,30,4.14453125,5.171705246,-0.5734086383568978,0.7757443500329254,4.989383816719055,25.31310272216797,30,1.0271739960000001,1.3491529883898232,20.323718905448914,False,True,True,True,True,0.022195436674803327,0.03446322269175859,0.05665865936656192,0.03446322269175859,4.95145192790175
158,2026-05-12T19:28:21.883Z,2026-05-12 19:28:21.883000+00:00,2,13,4.378856658935547,2.320890426635742,1.4332921504974363,3.843435049057007,85334.076,1422.2346,23.70391,141.545,2,6,7.5976176261901855,True,0.6175613178667257,-0.2093199146851938,30,4.14453125,5.171705246,-0.5734086383568978,0.7757443500329254,4.989383816719055,25.31310272216797,30,1.0271739960000001,1.3491529883898232,20.323718905448914,False,True,True,True,True,0.030547607695276306,0.01886502086597057,0.049412628561246875,0.01886502086597057,4.551725127419354
159,2026-05-12T19:30:44.037Z,2026-05-12 19:30:44.037000+00:00,2,14,4.616490364074707,8.014825820922852,7.140639781951904,3.1232385635375977,85476.23,1424.6038333333333,23.74339722222222,142.154,2,6,18.278704166412354,True,0.8909288787425838,-0.05015696353041902,30,4.14453125,5.171705246,-0.5734086383568978,0.7757443500329254,4.989383816719055,25.31310272216797,30,1.0271739960000001,1.3491529883898232,20.323718905448914,False,True,True,True,True,0.04384788849337758,0.03906535013063474,0.08291323862401231,0.03906535013063474,4.710252665806722
160,2026-05-12T19:33:06.234Z,2026-05-12 19:33:06.234000+00:00,2,15,4.94068718,2.79406213760376,6.997148036956787,8.972794532775879,85618.427,1426.9737833333334,23.78289638888889,142.197,2,6,18.764004707336426,True,2.504292206957742,0.398685002040511,30,4.14453125,5.171705246,-0.5734086383568978,0.7757443500329254,4.989383816719055,25.31310272216797,30,1.0271739960000001,1.3491529883898232,20.323718905448914,False,True,True,True,True,0.014890542723597414,0.037290270100076316,0.05218081282367373,0.037290270100076316,5.158968005198552
161,2026-05-12T19:35:29.146Z,2026-05-12 19:35:29.146000+00:00,2,16,4.740546226501465,5.081352233886719,6.269730567932129,4.455780982971191,85761.339,1429.3556500000002,23.82259416666667,142.912,2,6,15.806863784790039,True,1.2338704894575714,0.09126957731012683,30,4.14453125,5.171705246,-0.5734086383568978,0.7757443500329254,4.989383816719055,25.31310272216797,30,1.0271739960000001,1.3491529883898232,20.323718905448914,False,True,True,True,True,0.0321464922015472,0.03966460806706704,0.07181110026861424,0.03966460806706704,4.8516137860663955
162,2026-05-12T19:37:50.915Z,2026-05-12 19:37:50.915000+00:00,2,17,4.420207977294922,1.2416582107543943,1.198929786682129,8.027692794799805,85903.108,1431.7184666666665,23.861974444444442,141.769,2,6,10.468280792236328,True,0.9655876120318934,-0.015208314638857547,30,4.14453125,5.171705246,-0.5734086383568978,0.7757443500329254,4.989383816719055,25.31310272216797,30,1.0271739960000001,1.3491529883898232,20.323718905448914,False,True,True,True,True,0.01186114735931859,0.011452976954642834,0.023314124313961425,0.011452976954642834,4.746128911585434
163,2026-05-12T19:40:13.123Z,2026-05-12 19:40:13.123000+00:00,2,18,5.171705246,1.0721098184585571,6.397107124328613,3.045468807220459,86045.316,1434.0886,23.901476666666667,142.208,2,6,10.51468575000763,True,5.966839417184104,0.7757443500329254,30,4.14453125,5.171705246,-0.5734086383568978,0.7757443500329254,4.989383816719055,25.31310272216797,30,1.0271739960000001,1.3491529883898232,20.323718905448914,False,True,True,True,True,0.010196308705258065,0.06083973669231125,0.07103604539756932,0.06083973669231125,5.535888998006595
164,2026-05-12T19:42:34.937Z,2026-05-12 19:42:34.937000+00:00,2,19,4.680447578430176,6.685596466064453,6.858957290649414,6.761167049407959,86187.13,1436.4521666666667,23.940869444444445,141.814,2,6,20.305720806121826,True,1.0259304948279375,0.011117939006611718,30,4.14453125,5.171705246,-0.5734086383568978,0.7757443500329254,4.989383816719055,25.31310272216797,30,1.0271739960000001,1.3491529883898232,20.323718905448914,False,True,True,True,True,0.03292469412880365,0.03377844773962201,0.06670314186842566,0.03377844773962201,4.771558694896335
165,2026-05-12T19:44:56.678Z,2026-05-12 19:44:56.678000+00:00,2,20,4.238812446594238,2.4034652709960938,1.0337040424346924,1.552214503288269,86328.871,1438.8145166666666,23.980241944444444,141.741,2,6,4.989383816719055,True,0.4300890280833071,-0.36644163650578987,30,4.14453125,5.171705246,-0.5734086383568978,0.7757443500329254,4.989383816719055,25.31310272216797,30,1.0271739960000001,1.3491529883898232,20.323718905448914,False,True,True,True,True,0.04817158509518269,0.02071807021481945,0.06888965531000214,0.02071807021481945,4.394765591484838
166,2026-05-12T19:47:19.249Z,2026-05-12 19:47:19.249000+00:00,2,21,4.370586395263672,8.03917408,4.065876007080078,9.923268318,86471.442,1441.1906999999999,24.019844999999997,142.571,2,6,22.02831840508008,True,0.5057579257047358,-0.296057302698806,30,4.14453125,5.171705246,-0.5734086383568978,0.7757443500329254,4.989383816719055,25.31310272216797,30,1.0271739960000001,1.3491529883898232,20.323718905448914,False,True,True,True,True,0.036494724346031064,0.01845749608441479,0.054952220430445856,0.01845749608441479,4.465156108406256
167,2026-05-12T19:49:41.611Z,2026-05-12 19:49:41.611000+00:00,2,22,4.828210830688477,5.967372417449951,9.666806221,6.792750358581543,86613.804,1443.5634,24.05939,142.362,2,6,22.426928997031496,True,1.6199435102679471,0.209499870340987,30,4.14453125,5.171705246,-0.5734086383568978,0.7757443500329254,4.989383816719055,25.31310272216797,30,1.0271739960000001,1.3491529883898232,20.323718905448914,False,True,True,True,True,0.02660806755235999,0.04310356635221671,0.0697116339045767,0.04310356635221671,4.969782863440705
168,2026-05-12T19:52:03.518Z,2026-05-12 19:52:03.518000+00:00,2,23,4.593334197998047,6.287487506866455,5.229246616363525,9.281452178955078,86755.711,1445.9285166666666,24.09880861111111,141.907,2,6,20.79818630218506,True,0.8316909752349817,-0.08003801106550402,30,4.14453125,5.171705246,-0.5734086383568978,0.7757443500329254,4.989383816719055,25.31310272216797,30,1.0271739960000001,1.3491529883898232,20.323718905448914,False,True,True,True,True,0.030230941369180312,0.025142801109605123,0.05537374247878543,0.025142801109605123,4.680622012008411
169,2026-05-12T19:54:25.656Z,2026-05-12 19:54:25.656000+00:00,2,24,4.765908241271973,3.5648081302642822,5.365047931671143,3.621104001998901,86897.849,1448.2974833333333,24.138291388888888,142.138,2,6,12.550960063934326,True,1.505003280856352,0.17753744667820537,30,4.14453125,5.171705246,-0.5734086383568978,0.7757443500329254,4.989383816719055,25.31310272216797,30,1.0271739960000001,1.3491529883898232,20.323718905448914,False,True,True,True,True,0.028402672880044433,0.04274611586955661,0.07114878874960104,0.04274611586955661,4.937831117458189
170,2026-05-12T19:56:47.354Z,2026-05-12 19:56:47.354000+00:00,2,25,4.570728302001953,4.845654487609863,4.221555709838867,7.144629001617432,87039.547,1450.6591166666667,24.177651944444445,141.698,2,6,16.211839199066162,True,0.8712044411406569,-0.05987991934277216,30,4.14453125,5.171705246,-0.5734086383568978,0.7757443500329254,4.989383816719055,25.31310272216797,30,1.0271739960000001,1.3491529883898232,20.323718905448914,False,True,True,True,True,0.029889603690918573,0.02603995547946243,0.055929559170381005,0.02603995547946243,4.700741652432865
171,2026-05-12T19:59:09.045Z,2026-05-12 19:59:09.045000+00:00,2,26,4.658393859863281,3.593733310699463,3.8036744594573975,6.83250618,87181.238,1453.0206333333333,24.217010555555554,141.691,2,6,14.22991395015686,True,1.0584186779060334,0.02465749523835398,30,4.14453125,5.171705246,-0.5734086383568978,0.7757443500329254,4.989383816719055,25.31310272216797,30,1.0271739960000001,1.3491529883898232,20.323718905448914,False,True,True,True,True,0.025254778934624886,0.026730129730794815,0.0519849086654197,0.026730129730794815,4.785205901688319
172,2026-05-12T20:01:31.443Z,2026-05-12 20:01:31.443000+00:00,2,27,4.14453125,9.536799430847168,2.546795129776001,3.582962989807129,87323.636,1455.3939333333333,24.256565555555554,142.398,2,6,15.666557550430298,True,0.2670492494094285,-0.5734086383568978,30,4.14453125,5.171705246,-0.5734086383568978,0.7757443500329254,4.989383816719055,25.31310272216797,30,1.0271739960000001,1.3491529883898232,20.323718905448914,False,True,True,True,True,0.06087361183302984,0.016256252348851523,0.07712986418188136,0.016256252348851523,4.188779849544475
173,2026-05-12T20:03:53.561Z,2026-05-12 20:03:53.561000+00:00,2,28,4.797885894775391,5.612346649169922,7.919260025024414,8.927486419677734,87465.754,1457.7625666666668,24.296042777777778,142.118,2,6,22.45909309387207,True,1.4110425674072875,0.14954011546323684,30,4.14453125,5.171705246,-0.5734086383568978,0.7757443500329254,4.989383816719055,25.31310272216797,30,1.0271739960000001,1.3491529883898232,20.323718905448914,False,True,True,True,True,0.024989195359367573,0.035260818377324296,0.060250013736691865,0.035260818377324296,4.909905532631645
174,2026-05-12T20:06:15.936Z,2026-05-12 20:06:15.936000+00:00,2,29,4.549777030944824,6.85363245,5.102411270141602,7.131011009216309,87608.129,1460.1354833333332,24.335591388888886,142.375,2,6,19.08705472935791,True,0.7444827698838157,-0.12814534899437374,30,4.14453125,5.171705246,-0.5734086383568978,0.7757443500329254,4.989383816719055,25.31310272216797,30,1.0271739960000001,1.3491529883898232,20.323718905448914,False,True,True,True,True,0.035907228994625284,0.02673231330077109,0.06263954229539637,0.02673231330077109,4.632515105748867
175,2026-05-12T20:08:37.316Z,2026-05-12 20:08:37.316000+00:00,3,0,4.644610404968262,9.542545318603516,8.496578216552734,2.5826752185821533,87749.509,1462.4918166666669,24.374863611111113,141.38,2,7,20.621798753738403,True,0.8903890872792993,-0.050420171408552136,30,4.017719268798828,5.138072967529297,-0.6995270083309374,0.6674533981510689,6.525707840919495,26.236912727355957,30,1.1203536987304688,1.3669804064820061,19.711204886436462,False,True,True,True,True,0.04627406868119884,0.041201925777752245,0.08747599445895109,0.041201925777752245,4.709968359508254
176,2026-05-12T20:10:59.201Z,2026-05-12 20:10:59.201000+00:00,3,1,4.017719268798828,8.793756484985352,1.7661807537078855,5.839504718780518,87891.394,1464.8565666666666,24.41427611111111,141.885,2,7,16.399441957473755,True,0.2008448558614854,-0.6971392871565112,30,4.017719268798828,5.138072967529297,-0.6995270083309374,0.6674533981510689,6.525707840919495,26.236912727355957,30,1.1203536987304688,1.3669804064820061,19.711204886436462,False,True,True,True,True,0.053622290976661886,0.010769761302170285,0.06439205227883217,0.010769761302170285,4.066997767816091
177,2026-05-12T20:13:21.120Z,2026-05-12 20:13:21.120000+00:00,3,2,4.312142372131348,5.712976932525635,2.693763971328736,9.727528572,88033.313,1467.2218833333332,24.453698055555552,141.919,2,7,18.13426947585437,True,0.4715166896600538,-0.32650293050038204,30,4.017719268798828,5.138072967529297,-0.6995270083309374,0.6674533981510689,6.525707840919495,26.236912727355957,30,1.1203536987304688,1.3669804064820061,19.711204886436462,False,True,True,True,True,0.03150376109791694,0.014854549144730975,0.046358310242647915,0.014854549144730975,4.435075872594215
178,2026-05-12T20:15:42.890Z,2026-05-12 20:15:42.890000+00:00,3,3,4.925249099731445,4.074304103851318,7.760206223,2.3196709156036377,88175.083,1469.5847166666667,24.493078611111113,141.77,2,7,14.154181242454957,True,1.9046703498799975,0.27981982115783455,30,4.017719268798828,5.138072967529297,-0.6995270083309374,0.6674533981510689,6.525707840919495,26.236912727355957,30,1.1203536987304688,1.3669804064820061,19.711204886436462,False,True,True,True,True,0.028785162730787916,0.054826245969802484,0.0836114087005904,0.054826245969802484,5.040029639518721
179,2026-05-12T20:18:04.341Z,2026-05-12 20:18:04.341000+00:00,3,4,4.793475151062012,3.311570882797241,5.202599525,5.206424713134766,88316.534,1471.9422333333334,24.532370555555556,141.451,2,7,13.720595120932007,True,1.5710367403053838,0.19618634158059403,30,4.017719268798828,5.138072967529297,-0.6995270083309374,0.6674533981510689,6.525707840919495,26.236912727355957,30,1.1203536987304688,1.3669804064820061,19.711204886436462,False,True,True,True,True,0.024135767097632235,0.03791817686583408,0.06205394396346632,0.03791817686583408,4.956511828685343
180,2026-05-12T20:20:27.025Z,2026-05-12 20:20:27.025000+00:00,3,5,5.117672920227051,1.6180973052978516,6.675900936126709,7.867712497711182,88459.218,1474.3202999999999,24.572004999999997,142.684,2,7,16.161710739135742,True,4.125772235247522,0.6155052489145209,30,4.017719268798828,5.138072967529297,-0.6995270083309374,0.6674533981510689,6.525707840919495,26.236912727355957,30,1.1203536987304688,1.3669804064820061,19.711204886436462,False,True,True,True,True,0.010011918486943421,0.04130689531499255,0.05131881380193597,0.04130689531499255,5.375732033266719
181,2026-05-12T20:22:49.168Z,2026-05-12 20:22:49.168000+00:00,3,6,5.138072967529297,2.0108442306518555,7.794434070587158,7.454750061035156,88601.361,1476.68935,24.61148916666667,142.143,2,7,17.26002836227417,True,3.876199832773937,0.5884061584803545,30,4.017719268798828,5.138072967529297,-0.6995270083309374,0.6674533981510689,6.525707840919495,26.236912727355957,30,1.1203536987304688,1.3669804064820061,19.711204886436462,False,True,True,True,True,0.01165029505424815,0.0451588717410437,0.056809166795291854,0.0451588717410437,5.34861622271892
182,2026-05-12T20:25:10.893Z,2026-05-12 20:25:10.893000+00:00,3,7,4.096011161804199,8.205654144,2.0521554946899414,7.715114593505859,88743.086,1479.0514333333333,24.65085722222222,141.725,2,7,17.9729242321958,True,0.2500904204194962,-0.6019029433699808,30,4.017719268798828,5.138072967529297,-0.6995270083309374,0.6674533981510689,6.525707840919495,26.236912727355957,30,1.1203536987304688,1.3669804064820061,19.711204886436462,False,True,True,True,True,0.045655643110656424,0.01141803898006654,0.057073682090722964,0.01141803898006654,4.161368836303396
183,2026-05-12T20:27:32.473Z,2026-05-12 20:27:32.473000+00:00,3,8,4.418554306030273,3.118473052978516,2.122923851013184,3.8299639225006095,88884.666,1481.4111,24.690185,141.58,2,7,9.07136082649231,True,0.6807574780822739,-0.1670075792615507,30,4.017719268798828,5.138072967529297,-0.6995270083309374,0.6674533981510689,6.525707840919495,26.236912727355957,30,1.1203536987304688,1.3669804064820061,19.711204886436462,False,True,True,True,True,0.03437712502705462,0.023402484937136724,0.05777960996419134,0.023402484937136724,4.593787038567966
184,2026-05-12T20:29:54.374Z,2026-05-12 20:29:54.374000+00:00,3,9,4.5861663818359375,6.623647689819336,5.637491226196289,2.030766487121582,89026.567,1483.7761166666667,24.729601944444443,141.901,2,7,14.291905403137207,True,0.8511158035867779,-0.07001134539470578,30,4.017719268798828,5.138072967529297,-0.6995270083309374,0.6674533981510689,6.525707840919495,26.236912727355957,30,1.1203536987304688,1.3669804064820061,19.711204886436462,False,True,True,True,True,0.04634544872068201,0.03944534383049308,0.08579079255117508,0.03944534383049308,4.690404358161881
185,2026-05-12T20:32:17.416Z,2026-05-12 20:32:17.416000+00:00,3,10,4.555841445922852,2.8945183753967285,2.5017216205596924,1.1294678449630735,89169.609,1486.16015,24.769335833333333,143.042,2,7,6.525707840919495,True,0.8642963340029933,-0.06333732909832474,30,4.017719268798828,5.138072967529297,-0.6995270083309374,0.6674533981510689,6.525707840919495,26.236912727355957,30,1.1203536987304688,1.3669804064820061,19.711204886436462,False,True,True,True,True,0.04435562311335227,0.038336402449288806,0.08269202556264107,0.038336402449288806,4.697086871865643
186,2026-05-12T20:34:39.218Z,2026-05-12 20:34:39.218000+00:00,3,11,4.551981925964356,8.919845581054688,2.7343437671661377,4.778940200805664,89311.411,1488.5235166666666,24.80872527777778,141.802,2,7,16.43312954902649,True,0.3065460878575913,-0.5135042219693091,30,4.017719268798828,5.138072967529297,-0.6995270083309374,0.6674533981510689,6.525707840919495,26.236912727355957,30,1.1203536987304688,1.3669804064820061,19.711204886436462,False,True,True,True,True,0.0542796522989932,0.016639215062526677,0.07091886736151988,0.016639215062526677,4.248418191944869
187,2026-05-12T20:37:01.024Z,2026-05-12 20:37:01.024000+00:00,3,12,4.550879478,6.321552276611328,2.450877904891968,3.098689556121826,89453.217,1490.88695,24.848115833333335,141.806,2,7,11.871119737625122,True,0.38770191206988847,-0.4115020571321919,30,4.017719268798828,5.138072967529297,-0.6995270083309374,0.6674533981510689,6.525707840919495,26.236912727355957,30,1.1203536987304688,1.3669804064820061,19.711204886436462,False,True,True,True,True,0.05325152484626516,0.02064571800353417,0.07389724284979933,0.02064571800353417,4.349801587946092
188,2026-05-12T20:39:22.506Z,2026-05-12 20:39:22.506000+00:00,3,13,4.553636551,5.609539031982422,4.121610164642334,2.6237668991088867,89594.699,1493.2449833333333,24.887416388888887,141.482,2,7,12.354916095733643,True,0.7347502426034014,-0.13386026185786618,30,4.017719268798828,5.138072967529297,-0.6995270083309374,0.6674533981510689,6.525707840919495,26.236912727355957,30,1.1203536987304688,1.3669804064820061,19.711204886436462,False,True,True,True,True,0.04540329524309347,0.03336008219485679,0.07876337743795025,0.03336008219485679,4.626673162053612
189,2026-05-12T20:41:43.731Z,2026-05-12 20:41:43.731000+00:00,3,14,4.557495117,3.851474046707153,2.850994348526001,6.965711594,89735.924,1495.5987333333333,24.926645555555556,141.225,2,7,13.668179989233154,True,0.740234599520015,-0.13063061928219674,30,4.017719268798828,5.138072967529297,-0.6995270083309374,0.6674533981510689,6.525707840919495,26.236912727355957,30,1.1203536987304688,1.3669804064820061,19.711204886436462,False,True,True,True,True,0.028178397195098962,0.020858624562829994,0.049037021757928956,0.020858624562829994,4.630218203660799
190,2026-05-12T20:44:05.340Z,2026-05-12 20:44:05.340000+00:00,3,15,4.559700965881348,4.512784481048584,9.559214592,8.438563346862793,89877.533,1497.9588833333332,24.96598138888889,141.609,2,7,22.510562419911377,True,2.118251964423268,0.32597761783486995,30,4.017719268798828,5.138072967529297,-0.6995270083309374,0.6674533981510689,6.525707840919495,26.236912727355957,30,1.1203536987304688,1.3669804064820061,19.711204886436462,False,True,True,True,True,0.02004740884242354,0.042465463162060055,0.06251287200448359,0.042465463162060055,5.086239080344632
191,2026-05-12T20:46:26.478Z,2026-05-12 20:46:26.478000+00:00,3,16,4.548673629760742,7.070611476898193,3.827148438,3.484979152679444,90018.671,1500.3111833333335,25.00518638888889,141.138,2,7,14.382739067577637,True,0.5412754541109267,-0.266581666952692,30,4.017719268798828,5.138072967529297,-0.6995270083309374,0.6674533981510689,6.525707840919495,26.236912727355957,30,1.1203536987304688,1.3669804064820061,19.711204886436462,False,True,True,True,True,0.04916039596961858,0.026609315652728272,0.07576971162234686,0.026609315652728272,4.494224235653803
192,2026-05-12T20:48:48.719Z,2026-05-12 20:48:48.719000+00:00,3,17,4.553084373474121,8.379892349243164,7.891027450561523,3.3917808532714844,90160.912,1502.6818666666666,25.044697777777778,142.241,2,7,19.662700653076172,True,0.9416621505017552,-0.026104885413978922,30,4.017719268798828,5.138072967529297,-0.6995270083309374,0.6674533981510689,6.525707840919495,26.236912727355957,30,1.1203536987304688,1.3669804064820061,19.711204886436462,False,True,True,True,True,0.04261821657714224,0.040131961472581315,0.08275017804972355,0.040131961472581315,4.734282520718524
193,2026-05-12T20:51:10.789Z,2026-05-12 20:51:10.789000+00:00,3,18,4.565215110778809,4.927229881286621,8.333495140075684,5.5010600090026855,90302.982,1505.0497,25.084161666666667,142.07,2,7,18.76178503036499,True,1.6913144588049143,0.2282243616055769,30,4.017719268798828,5.138072967529297,-0.6995270083309374,0.6674533981510689,6.525707840919495,26.236912727355957,30,1.1203536987304688,1.3669804064820061,19.711204886436462,False,True,True,True,True,0.02626205274877711,0.04441738953190407,0.07067944228068118,0.04441738953190407,4.988494571337388
194,2026-05-12T20:53:32.949Z,2026-05-12 20:53:32.949000+00:00,3,19,4.570728302001953,7.137866020202637,7.456635952,1.0926467180252075,90445.142,1507.4190333333333,25.123650555555557,142.16,2,7,15.687148690227843,True,1.0446589962455353,0.018974548612205974,30,4.017719268798828,5.138072967529297,-0.6995270083309374,0.6674533981510689,6.525707840919495,26.236912727355957,30,1.1203536987304688,1.3669804064820061,19.711204886436462,False,True,True,True,True,0.045501360133400795,0.04753340520476509,0.09303476533816588,0.04753340520476509,4.779285082345734
195,2026-05-12T20:55:54.568Z,2026-05-12 20:55:54.568000+00:00,3,20,4.566868782043457,7.172682285308838,1.4326977729797363,6.776312828063965,90586.761,1509.77935,25.162989166666666,141.619,2,7,15.381692886352539,True,0.1997436546038297,-0.6995270083309374,30,4.017719268798828,5.138072967529297,-0.6995270083309374,0.6674533981510689,6.525707840919495,26.236912727355957,30,1.1203536987304688,1.3669804064820061,19.711204886436462,False,True,True,True,True,0.04663129304624737,0.0093143048919596,0.05594559793820697,0.0093143048919596,4.065268725334604
196,2026-05-12T20:58:16.503Z,2026-05-12 20:58:16.503000+00:00,3,21,4.567971229553223,2.1303534507751465,1.1738219261169434,7.507896423339844,90728.696,1512.1449333333333,25.202415555555554,141.935,2,7,10.812071800231934,True,0.5509986738068459,-0.25884944644596797,30,4.017719268798828,5.138072967529297,-0.6995270083309374,0.6674533981510689,6.525707840919495,26.236912727355957,30,1.1203536987304688,1.3669804064820061,19.711204886436462,False,True,True,True,True,0.01970347117681412,0.010856586487815992,0.03056005766463011,0.010856586487815992,4.503097339600416
197,2026-05-12T21:00:38.039Z,2026-05-12 21:00:38.039000+00:00,3,22,4.578998565673828,3.3311359882354736,7.616665363311768,6.235091686248779,90870.232,1514.5038666666667,25.24173111111111,141.536,2,7,17.18289303779602,True,2.28650688240031,0.35917251294783054,30,4.017719268798828,5.138072967529297,-0.6995270083309374,0.6674533981510689,6.525707840919495,26.236912727355957,30,1.1203536987304688,1.3669804064820061,19.711204886436462,False,True,True,True,True,0.019386351186079114,0.044327025411599295,0.06371337659767841,0.044327025411599295,5.119417064617118
198,2026-05-12T21:02:59.059Z,2026-05-12 21:02:59.059000+00:00,3,23,4.558598518371582,2.907059669494629,1.9698972702026367,1.8399066925048828,91011.252,1516.8542,25.280903333333335,141.02,2,7,6.716863632202148,True,0.677625330802064,-0.16901036769810313,30,4.017719268798828,5.138072967529297,-0.6995270083309374,0.6674533981510689,6.525707840919495,26.236912727355957,30,1.1203536987304688,1.3669804064820061,19.711204886436462,False,True,True,True,True,0.043280016220033614,0.029327635308218976,0.07260765152825259,0.029327635308218976,4.591625708078474
199,2026-05-12T21:05:20.846Z,2026-05-12 21:05:20.846000+00:00,3,24,4.573485374450684,9.455929756,5.500927448272705,1.6760663986206057,91153.039,1519.2173166666666,25.32028861111111,141.787,2,7,16.63292360289331,True,0.5817436878464799,-0.23526832028586492,30,4.017719268798828,5.138072967529297,-0.6995270083309374,0.6674533981510689,6.525707840919495,26.236912727355957,30,1.1203536987304688,1.3669804064820061,19.711204886436462,False,True,True,True,True,0.05685067749818278,0.03307252278436375,0.08992320028254652,0.03307252278436375,4.525351141651764
200,2026-05-12T21:07:43.066Z,2026-05-12 21:07:43.066000+00:00,3,25,4.582306861877441,1.846617579460144,8.586780548095703,4.173785209655762,91295.259,1521.5876500000002,25.35979416666667,142.22,2,7,14.607183337211609,True,4.650004767422411,0.6674533981510689,30,4.017719268798828,5.138072967529297,-0.6995270083309374,0.6674533981510689,6.525707840919495,26.236912727355957,30,1.1203536987304688,1.3669804064820061,19.711204886436462,False,True,True,True,True,0.012641845705844671,0.05878464280119626,0.07142648850704093,0.05878464280119626,5.427609245619403
201,2026-05-12T21:10:04.344Z,2026-05-12 21:10:04.344000+00:00,3,26,4.5861663818359375,9.369320869,9.640662193,6.396867752075195,91436.537,1523.9422833333333,25.399038055555554,141.278,2,7,25.406850814075195,True,1.0289606181487263,0.012398753141448973,30,4.017719268798828,5.138072967529297,-0.6995270083309374,0.6674533981510689,6.525707840919495,26.236912727355957,30,1.1203536987304688,1.3669804064820061,19.711204886436462,False,True,True,True,True,0.03687714363957878,0.03794512851494035,0.07482227215451913,0.03794512851494035,4.772790584189565
202,2026-05-12T21:12:26.482Z,2026-05-12 21:12:26.482000+00:00,3,27,4.582306861877441,6.637747764587402,9.825267791748049,9.773897171020508,91578.675,1526.31125,25.43852083333333,142.138,2,7,26.236912727355957,True,1.4802110806569313,0.1703236509544154,30,4.017719268798828,5.138072967529297,-0.6995270083309374,0.6674533981510689,6.525707840919495,26.236912727355957,30,1.1203536987304688,1.3669804064820061,19.711204886436462,False,True,True,True,True,0.025299271425584097,0.03744826189669686,0.06274753332228096,0.03744826189669686,4.930661077951837
203,2026-05-12T21:14:49.121Z,2026-05-12 21:14:49.121000+00:00,3,28,4.585063934326172,7.704174518585205,9.803174018859863,7.864185810089111,91721.314,1528.6885666666667,25.47814277777778,142.639,2,7,25.37153434753418,True,1.272449630419343,0.10464059991732913,30,4.017719268798828,5.138072967529297,-0.6995270083309374,0.6674533981510689,6.525707840919495,26.236912727355957,30,1.1203536987304688,1.3669804064820061,19.711204886436462,False,True,True,True,True,0.030365426123051806,0.03863847524780313,0.06900390137085494,0.03863847524780313,4.864989161009946
204,2026-05-12T21:17:10.855Z,2026-05-12 21:17:10.855000+00:00,3,29,4.585615158081055,3.1202094554901123,9.280196189880373,8.964114189,91863.048,1531.0508,25.517513333333333,141.734,2,7,21.364519834370483,True,2.974222186767481,0.47337340900191033,30,4.017719268798828,5.138072967529297,-0.6995270083309374,0.6674533981510689,6.525707840919495,26.236912727355957,30,1.1203536987304688,1.3669804064820061,19.711204886436462,False,True,True,True,True,0.014604631789900704,0.04343741989909233,0.05804205168899304,0.04343741989909233,5.233605413935608
205,2026-05-12T21:19:32.410Z,2026-05-12 21:19:32.410000+00:00,4,0,4.597192764282227,9.673283576965332,1.9706493616104128,8.322223663330078,92004.603,1533.41005,25.556834166666665,141.555,2,8,19.966156601905823,False,0.20372083025696203,-0.6909645625406149,30,4.571830749511719,4.6038103103637695,-0.7535914059452157,0.7988411874038411,7.942091941833496,23.8526320455979,30,0.03197956085205078,1.5524325933490568,15.910540103764404,True,True,True,True,True,,,,,
206,2026-05-12T21:21:54.384Z,2026-05-12 21:21:54.384000+00:00,4,1,4.581754684448242,2.295010805130005,4.386499404907227,5.327077388763428,92146.577,1535.7762833333334,25.59627138888889,141.974,2,8,12.00858759880066,False,1.9113197180170773,0.2813333401982081,30,4.571830749511719,4.6038103103637695,-0.7535914059452157,0.7988411874038411,7.942091941833496,23.8526320455979,30,0.03197956085205078,1.5524325933490568,15.910540103764404,True,True,True,True,True,,,,,
207,2026-05-12T21:24:16.073Z,2026-05-12 21:24:16.073000+00:00,4,2,4.571830749511719,2.172534704208374,4.306606769561768,8.992809295654297,92288.266,1538.1377666666667,25.635629444444444,141.689,2,8,15.471950769424438,False,1.9822959611275828,0.2971684961073112,30,4.571830749511719,4.6038103103637695,-0.7535914059452157,0.7988411874038411,7.942091941833496,23.8526320455979,30,0.03197956085205078,1.5524325933490568,15.910540103764404,True,True,True,True,True,,,,,
208,2026-05-12T21:26:37.098Z,2026-05-12 21:26:37.098000+00:00,4,3,4.581203460693359,9.28447723388672,6.559344291687012,2.6919069290161133,92429.291,1540.4881833333334,25.674803055555557,141.025,2,8,18.535728454589844,False,0.7064850423399769,-0.15089702857547427,30,4.571830749511719,4.6038103103637695,-0.7535914059452157,0.7988411874038411,7.942091941833496,23.8526320455979,30,0.03197956085205078,1.5524325933490568,15.910540103764404,True,True,True,True,True,,,,,
209,2026-05-12T21:28:59.397Z,2026-05-12 21:28:59.397000+00:00,4,4,4.574036598205566,1.740973711013794,8.216662406921387,9.12351417541504,92571.59,1542.8598333333332,25.714330555555552,142.299,2,8,19.08115029335022,False,4.719578678839847,0.6739032304938327,30,4.571830749511719,4.6038103103637695,-0.7535914059452157,0.7988411874038411,7.942091941833496,23.8526320455979,30,0.03197956085205078,1.5524325933490568,15.910540103764404,True,True,True,True,True,,,,,
210,2026-05-12T21:31:21.534Z,2026-05-12 21:31:21.534000+00:00,4,5,4.585063934326172,6.323366641998291,6.031274795532227,5.825654983520508,92713.727,1545.2287833333332,25.753813055555554,142.137,2,8,18.180296421051025,False,0.9538075422471852,-0.020539247698563003,30,4.571830749511719,4.6038103103637695,-0.7535914059452157,0.7988411874038411,7.942091941833496,23.8526320455979,30,0.03197956085205078,1.5524325933490568,15.910540103764404,True,True,True,True,True,,,,,
211,2026-05-12T21:33:44.159Z,2026-05-12 21:33:44.159000+00:00,4,6,4.585063934326172,8.093380928,5.795618534088135,3.2466487884521484,92856.352,1547.6058666666665,25.793431111111108,142.625,2,8,17.135648250540285,False,0.7160936307887737,-0.14503018903798887,30,4.571830749511719,4.6038103103637695,-0.7535914059452157,0.7988411874038411,7.942091941833496,23.8526320455979,30,0.03197956085205078,1.5524325933490568,15.910540103764404,True,True,True,True,True,,,,,
212,2026-05-12T21:36:06.105Z,2026-05-12 21:36:06.105000+00:00,4,7,4.578447341918945,1.6989171504974363,6.477692127227783,6.137236118,92998.298,1549.9716333333333,25.832860555555555,141.946,2,8,14.31384539572522,False,3.812835796808067,0.5812481023951721,30,4.571830749511719,4.6038103103637695,-0.7535914059452157,0.7988411874038411,7.942091941833496,23.8526320455979,30,0.03197956085205078,1.5524325933490568,15.910540103764404,True,True,True,True,True,,,,,
213,2026-05-12T21:38:27.624Z,2026-05-12 21:38:27.624000+00:00,4,8,4.576241493225098,7.480860233306885,5.828138351,7.148883819580078,93139.817,1552.3302833333332,25.872171388888887,141.519,2,8,20.457882403886963,False,0.7790732842529922,-0.10842168809159178,30,4.571830749511719,4.6038103103637695,-0.7535914059452157,0.7988411874038411,7.942091941833496,23.8526320455979,30,0.03197956085205078,1.5524325933490568,15.910540103764404,True,True,True,True,True,,,,,
214,2026-05-12T21:40:49.758Z,2026-05-12 21:40:49.758000+00:00,4,9,4.590025901794434,1.8320579528808596,1.8685290813446045,7.313234806060791,93281.951,1554.6991833333334,25.911653055555558,142.134,2,8,11.013821840286255,False,1.019907191476337,0.008560654052585786,30,4.571830749511719,4.6038103103637695,-0.7535914059452157,0.7988411874038411,7.942091941833496,23.8526320455979,30,0.03197956085205078,1.5524325933490568,15.910540103764404,True,True,True,True,True,,,,,
215,2026-05-12T21:43:12.005Z,2026-05-12 21:43:12.005000+00:00,4,10,4.590577125549316,1.8762457370758057,8.476800918579102,1.3862676620483398,93424.198,1557.0699666666667,25.95116611111111,142.247,2,8,11.739314317703247,False,4.517958789231144,0.6549422651653234,30,4.571830749511719,4.6038103103637695,-0.7535914059452157,0.7988411874038411,7.942091941833496,23.8526320455979,30,0.03197956085205078,1.5524325933490568,15.910540103764404,True,True,True,True,True,,,,,
216,2026-05-12T21:45:33.393Z,2026-05-12 21:45:33.393000+00:00,4,11,4.590577125549316,1.0048768520355225,6.323449135,4.086383819580078,93565.586,1559.4264333333333,25.990440555555555,141.388,2,8,11.414709806615601,False,6.292760274247481,0.7988411874038411,30,4.571830749511719,4.6038103103637695,-0.7535914059452157,0.7988411874038411,7.942091941833496,23.8526320455979,30,0.03197956085205078,1.5524325933490568,15.910540103764404,True,True,True,True,True,,,,,
217,2026-05-12T21:47:55.343Z,2026-05-12 21:47:55.343000+00:00,4,12,4.587268829345703,8.275108337402344,7.275407314300537,2.365873098373413,93707.536,1561.7922666666666,26.02987111111111,141.95,2,8,17.916388750076294,False,0.8791917903257778,-0.05591637589946504,30,4.571830749511719,4.6038103103637695,-0.7535914059452157,0.7988411874038411,7.942091941833496,23.8526320455979,30,0.03197956085205078,1.5524325933490568,15.910540103764404,True,True,True,True,True,,,,,
218,2026-05-12T21:50:17.410Z,2026-05-12 21:50:17.410000+00:00,4,13,4.587268829345703,9.913923263549805,3.864881992340088,5.737701416015625,93849.603,1564.16005,26.069334166666668,142.067,2,8,19.516506671905518,False,0.38984384784881,-0.4091093150187732,30,4.571830749511719,4.6038103103637695,-0.7535914059452157,0.7988411874038411,7.942091941833496,23.8526320455979,30,0.03197956085205078,1.5524325933490568,15.910540103764404,True,True,True,True,True,,,,,
219,2026-05-12T21:52:39.223Z,2026-05-12 21:52:39.223000+00:00,4,14,4.596090316772461,8.838511467,8.579621315002441,1.7130650281906128,93991.416,1566.5236,26.108726666666666,141.813,2,8,19.131197810193054,False,0.970708851488832,-0.012911010207721323,30,4.571830749511719,4.6038103103637695,-0.7535914059452157,0.7988411874038411,7.942091941833496,23.8526320455979,30,0.03197956085205078,1.5524325933490568,15.910540103764404,True,True,True,True,True,,,,,
220,2026-05-12T21:55:01.046Z,2026-05-12 21:55:01.046000+00:00,4,15,4.585063934326172,2.966193914413452,3.66498065,2.9323601722717285,94133.239,1568.8873166666667,26.148121944444444,141.823,2,8,9.563534736685181,False,1.2355836320042917,0.09187214649142361,30,4.571830749511719,4.6038103103637695,-0.7535914059452157,0.7988411874038411,7.942091941833496,23.8526320455979,30,0.03197956085205078,1.5524325933490568,15.910540103764404,True,True,True,True,True,,,,,
221,2026-05-12T21:57:22.758Z,2026-05-12 21:57:22.758000+00:00,4,16,4.588372230529785,9.496008873,3.157712936401367,1.1277177333831787,94274.951,1571.2491833333333,26.18748638888889,141.712,2,8,13.781439542784545,False,0.33253053768512075,-0.4781684654311002,30,4.571830749511719,4.6038103103637695,-0.7535914059452157,0.7988411874038411,7.942091941833496,23.8526320455979,30,0.03197956085205078,1.5524325933490568,15.910540103764404,True,True,True,True,True,,,,,
222,2026-05-12T21:59:44.397Z,2026-05-12 21:59:44.397000+00:00,4,17,4.596090316772461,8.959188461303711,3.319704532623291,3.809304237365722,94416.59,1573.6098333333332,26.226830555555555,141.639,2,8,16.088197231292725,False,0.370536298791087,-0.4311692408763329,30,4.571830749511719,4.6038103103637695,-0.7535914059452157,0.7988411874038411,7.942091941833496,23.8526320455979,30,0.03197956085205078,1.5524325933490568,15.910540103764404,True,True,True,True,True,,,,,
223,2026-05-12T22:02:05.838Z,2026-05-12 22:02:05.838000+00:00,4,18,4.598296165466309,6.374973297119141,1.4010696411132812,5.901155471801758,94558.031,1575.9671833333334,26.266119722222225,141.441,2,8,13.67719841003418,False,0.21977655055377668,-0.6580186472554637,30,4.571830749511719,4.6038103103637695,-0.7535914059452157,0.7988411874038411,7.942091941833496,23.8526320455979,30,0.03197956085205078,1.5524325933490568,15.910540103764404,True,True,True,True,True,,,,,
224,2026-05-12T22:04:27.366Z,2026-05-12 22:04:27.366000+00:00,4,19,4.602155685424805,8.256122589111328,1.456078290939331,5.405181884765625,94699.559,1578.3259833333332,26.305433055555554,141.528,2,8,15.117382764816284,False,0.1763634533309492,-0.7535914059452157,30,4.571830749511719,4.6038103103637695,-0.7535914059452157,0.7988411874038411,7.942091941833496,23.8526320455979,30,0.03197956085205078,1.5524325933490568,15.910540103764404,True,True,True,True,True,,,,,
225,2026-05-12T22:06:48.973Z,2026-05-12 22:06:48.973000+00:00,4,20,4.592782020568848,9.58723259,2.8734359741210938,5.014285564422607,94841.166,1580.6861,26.34476833333333,141.607,2,8,17.4749541285437,False,0.29971484963431916,-0.5232917390213991,30,4.571830749511719,4.6038103103637695,-0.7535914059452157,0.7988411874038411,7.942091941833496,23.8526320455979,30,0.03197956085205078,1.5524325933490568,15.910540103764404,True,True,True,True,True,,,,,
226,2026-05-12T22:09:11.284Z,2026-05-12 22:09:11.284000+00:00,4,21,4.592782020568848,9.813723564,6.222843647003174,7.816064834594727,94983.477,1583.05795,26.384299166666665,142.311,2,8,23.8526320455979,False,0.6340960804959529,-0.1978449312858982,30,4.571830749511719,4.6038103103637695,-0.7535914059452157,0.7988411874038411,7.942091941833496,23.8526320455979,30,0.03197956085205078,1.5524325933490568,15.910540103764404,True,True,True,True,True,,,,,
227,2026-05-12T22:11:32.197Z,2026-05-12 22:11:32.197000+00:00,4,22,4.6038103103637695,8.795659065246582,5.8894243240356445,2.6443545818328857,95124.39,1585.4065,26.42344166666667,140.913,2,8,17.329437971115112,False,0.6695830614110482,-0.1741955413182009,30,4.571830749511719,4.6038103103637695,-0.7535914059452157,0.7988411874038411,7.942091941833496,23.8526320455979,30,0.03197956085205078,1.5524325933490568,15.910540103764404,True,True,True,True,True,,,,,
228,2026-05-12T22:13:53.468Z,2026-05-12 22:13:53.468000+00:00,4,23,4.594987869262695,7.970355033874512,6.606223583221436,3.653001070022583,95265.661,1587.7610166666666,26.46268361111111,141.271,2,8,18.22957968711853,False,0.8288493492629336,-0.08152439915948778,30,4.571830749511719,4.6038103103637695,-0.7535914059452157,0.7988411874038411,7.942091941833496,23.8526320455979,30,0.03197956085205078,1.5524325933490568,15.910540103764404,True,True,True,True,True,,,,,
229,2026-05-12T22:16:15.287Z,2026-05-12 22:16:15.287000+00:00,4,24,4.593334197998047,3.8334975242614746,8.577958106994629,1.9208967685699463,95407.48,1590.1246666666666,26.502077777777778,141.819,2,8,14.33235239982605,False,2.2376323586245634,0.3497887337846709,30,4.571830749511719,4.6038103103637695,-0.7535914059452157,0.7988411874038411,7.942091941833496,23.8526320455979,30,0.03197956085205078,1.5524325933490568,15.910540103764404,True,True,True,True,True,,,,,
230,2026-05-12T22:18:36.977Z,2026-05-12 22:18:36.977000+00:00,4,25,4.592782020568848,6.1235527992248535,9.419863701,1.3190112113952637,95549.17,1592.4861666666666,26.54143611111111,141.69,2,8,16.862427711620118,False,1.5383003968206836,0.18704115207314903,30,4.571830749511719,4.6038103103637695,-0.7535914059452157,0.7988411874038411,7.942091941833496,23.8526320455979,30,0.03197956085205078,1.5524325933490568,15.910540103764404,True,True,True,True,True,,,,,
231,2026-05-12T22:20:58.914Z,2026-05-12 22:20:58.914000+00:00,4,26,4.595539093017578,3.0525002479553223,5.901025295257568,2.8663370609283447,95691.107,1594.8517833333333,26.580863055555554,141.937,2,8,11.819862604141235,False,1.9331776628717046,0.28627176838924867,30,4.571830749511719,4.6038103103637695,-0.7535914059452157,0.7988411874038411,7.942091941833496,23.8526320455979,30,0.03197956085205078,1.5524325933490568,15.910540103764404,True,True,True,True,True,,,,,
232,2026-05-12T22:23:21.352Z,2026-05-12 22:23:21.352000+00:00,4,27,4.592782020568848,9.476270676,8.726006507873535,3.7495408058166495,95833.545,1597.22575,26.620429166666668,142.438,2,8,21.951817989690184,False,0.9208270643823402,-0.035821924674558164,30,4.571830749511719,4.6038103103637695,-0.7535914059452157,0.7988411874038411,7.942091941833496,23.8526320455979,30,0.03197956085205078,1.5524325933490568,15.910540103764404,True,True,True,True,True,,,,,
233,2026-05-12T22:25:42.908Z,2026-05-12 22:25:42.908000+00:00,4,28,4.601053237915039,9.895938873291016,7.390047073364258,4.266472816467285,95975.101,1599.5850166666667,26.65975027777778,141.556,2,8,21.55245876312256,False,0.7467757398249376,-0.12680979922764318,30,4.571830749511719,4.6038103103637695,-0.7535914059452157,0.7988411874038411,7.942091941833496,23.8526320455979,30,0.03197956085205078,1.5524325933490568,15.910540103764404,True,True,True,True,True,,,,,
234,2026-05-12T22:28:04.624Z,2026-05-12 22:28:04.624000+00:00,4,29,4.599950790405273,1.4398677349090576,3.707204580307007,2.795019626617432,96116.817,1601.94695,26.699115833333334,141.716,2,8,7.942091941833496,False,2.574684111899455,0.4107239530376175,30,4.571830749511719,4.6038103103637695,-0.7535914059452157,0.7988411874038411,7.942091941833496,23.8526320455979,30,0.03197956085205078,1.5524325933490568,15.910540103764404,True,True,True,True,True,,,,,
235,2026-05-12T22:30:26.019Z,2026-05-12 22:30:26.019000+00:00,5,0,4.604912757873535,1.7228540182113647,8.488994598388672,5.0135698318481445,96258.212,1604.3035333333332,26.73839222222222,141.395,2,9,15.225418448448181,False,4.927286066408453,0.6926077771026189,30,4.590577125549316,4.614836692810059,-0.7104036101145238,0.6926077771026189,5.58050012588501,27.4354190826416,30,0.024259567260742188,1.4030113872171426,21.854918956756592,True,True,True,True,True,,,,,
236,2026-05-12T22:32:47.638Z,2026-05-12 22:32:47.638000+00:00,5,1,4.590577125549316,3.515377759933472,1.6301560401916504,1.575680136680603,96399.831,1606.6638500000001,26.777730833333337,141.619,2,9,6.721213936805725,False,0.4637214409135082,-0.33374282332966426,30,4.590577125549316,4.614836692810059,-0.7104036101145238,0.6926077771026189,5.58050012588501,27.4354190826416,30,0.024259567260742188,1.4030113872171426,21.854918956756592,True,True,True,True,True,,,,,
237,2026-05-12T22:35:09.056Z,2026-05-12 22:35:09.056000+00:00,5,2,4.609323501586914,5.818350315093994,5.144968032836914,7.941873550415039,96541.249,1609.0208166666666,26.81701361111111,141.418,2,9,18.905191898345947,False,0.8842657719473872,-0.05341718527783315,30,4.590577125549316,4.614836692810059,-0.7104036101145238,0.6926077771026189,5.58050012588501,27.4354190826416,30,0.024259567260742188,1.4030113872171426,21.854918956756592,True,True,True,True,True,,,,,
238,2026-05-12T22:37:30.413Z,2026-05-12 22:37:30.413000+00:00,5,3,4.602155685424805,4.173156261444092,5.681988716125488,7.495442867279053,96682.606,1611.3767666666668,26.856279444444446,141.357,2,9,17.350587844848633,False,1.3615566636268912,0.13403571999725308,30,4.590577125549316,4.614836692810059,-0.7104036101145238,0.6926077771026189,5.58050012588501,27.4354190826416,30,0.024259567260742188,1.4030113872171426,21.854918956756592,True,True,True,True,True,,,,,
239,2026-05-12T22:39:52.392Z,2026-05-12 22:39:52.392000+00:00,5,4,4.6038103103637695,7.801742076873779,7.459996700286865,3.510404348373413,96824.585,1613.7430833333335,26.89571805555556,141.979,2,9,18.772143125534058,False,0.9561962734451414,-0.019452953199699533,30,4.590577125549316,4.614836692810059,-0.7104036101145238,0.6926077771026189,5.58050012588501,27.4354190826416,30,0.024259567260742188,1.4030113872171426,21.854918956756592,True,True,True,True,True,,,,,
240,2026-05-12T22:42:14.076Z,2026-05-12 22:42:14.076000+00:00,5,5,4.596641540527344,6.238706588745117,4.696681022644043,5.638033390045166,96966.269,1616.1044833333333,26.93507472222222,141.684,2,9,16.573421001434326,False,0.7528292853388951,-0.12330349503549771,30,4.590577125549316,4.614836692810059,-0.7104036101145238,0.6926077771026189,5.58050012588501,27.4354190826416,30,0.024259567260742188,1.4030113872171426,21.854918956756592,True,True,True,True,True,,,,,
241,2026-05-12T22:44:36.576Z,2026-05-12 22:44:36.576000+00:00,5,6,4.6038103103637695,1.3071341514587402,3.0424060821533203,1.2309598922729492,97108.769,1618.4794833333333,26.974658055555555,142.5,2,9,5.58050012588501,False,2.3275392803087924,0.366897019009946,30,4.590577125549316,4.614836692810059,-0.7104036101145238,0.6926077771026189,5.58050012588501,27.4354190826416,30,0.024259567260742188,1.4030113872171426,21.854918956756592,True,True,True,True,True,,,,,
242,2026-05-12T22:46:58.299Z,2026-05-12 22:46:58.299000+00:00,5,7,4.596090316772461,4.200015068054199,7.532260417938232,5.874582290649414,97250.492,1620.8415333333332,27.014025555555556,141.723,2,9,17.606857776641846,False,1.793388903585008,0.25367447827744155,30,4.590577125549316,4.614836692810059,-0.7104036101145238,0.6926077771026189,5.58050012588501,27.4354190826416,30,0.024259567260742188,1.4030113872171426,21.854918956756592,True,True,True,True,True,,,,,
243,2026-05-12T22:49:21.053Z,2026-05-12 22:49:21.053000+00:00,5,8,4.602706909179688,7.410916328430176,2.7594308853149414,3.1268696784973145,97393.246,1623.2207666666666,27.053679444444445,142.754,2,9,13.297216892242432,False,0.37234678722913883,-0.4290523890870982,30,4.590577125549316,4.614836692810059,-0.7104036101145238,0.6926077771026189,5.58050012588501,27.4354190826416,30,0.024259567260742188,1.4030113872171426,21.854918956756592,True,True,True,True,True,,,,,
244,2026-05-12T22:51:44.195Z,2026-05-12 22:51:44.195000+00:00,5,9,4.600502014160156,1.2029705047607422,5.575952529907227,6.519660949707031,97536.388,1625.6064666666668,27.093441111111115,143.142,2,9,13.298583984375,False,4.635153154495856,0.666064088653879,30,4.590577125549316,4.614836692810059,-0.7104036101145238,0.6926077771026189,5.58050012588501,27.4354190826416,30,0.024259567260742188,1.4030113872171426,21.854918956756592,True,True,True,True,True,,,,,
245,2026-05-12T22:54:06.071Z,2026-05-12 22:54:06.071000+00:00,5,10,4.601604461669922,5.820002555847168,7.052996635437012,8.386407852172852,97678.264,1627.9710666666665,27.13285111111111,141.876,2,9,21.25940704345703,False,1.211854559814771,0.0834505012988877,30,4.590577125549316,4.614836692810059,-0.7104036101145238,0.6926077771026189,5.58050012588501,27.4354190826416,30,0.024259567260742188,1.4030113872171426,21.854918956756592,True,True,True,True,True,,,,,
246,2026-05-12T22:56:27.623Z,2026-05-12 22:56:27.623000+00:00,5,11,4.607668876647949,9.726446151733398,1.8947441577911377,3.899412631988525,97819.816,1630.3302666666668,27.172171111111115,141.552,2,9,15.520602941513062,False,0.19480333600093658,-0.7104036101145238,30,4.590577125549316,4.614836692810059,-0.7104036101145238,0.6926077771026189,5.58050012588501,27.4354190826416,30,0.024259567260742188,1.4030113872171426,21.854918956756592,True,True,True,True,True,,,,,
247,2026-05-12T22:58:49.659Z,2026-05-12 22:58:49.659000+00:00,5,12,4.602155685424805,3.651416778564453,4.073415756225586,7.582317352294922,97961.852,1632.6975333333332,27.211625555555553,142.036,2,9,15.307149887084961,False,1.1155712982802912,0.04749733209200373,30,4.590577125549316,4.614836692810059,-0.7104036101145238,0.6926077771026189,5.58050012588501,27.4354190826416,30,0.024259567260742188,1.4030113872171426,21.854918956756592,True,True,True,True,True,,,,,
248,2026-05-12T23:01:11.492Z,2026-05-12 23:01:11.492000+00:00,5,13,4.6038103103637695,5.594438552856445,7.493293285369873,5.222875118255615,98103.685,1635.0614166666667,27.251023611111112,141.833,2,9,18.310606956481934,False,1.3394182838140027,0.12691622300491862,30,4.590577125549316,4.614836692810059,-0.7104036101145238,0.6926077771026189,5.58050012588501,27.4354190826416,30,0.024259567260742188,1.4030113872171426,21.854918956756592,True,True,True,True,True,,,,,
249,2026-05-12T23:03:33.612Z,2026-05-12 23:03:33.612000+00:00,5,14,4.606015205383301,6.841993808746338,8.264070510864258,2.219604969024658,98245.805,1637.4300833333332,27.290501388888888,142.12,2,9,17.325669288635254,False,1.207845365235501,0.08201133716288787,30,4.590577125549316,4.614836692810059,-0.7104036101145238,0.6926077771026189,5.58050012588501,27.4354190826416,30,0.024259567260742188,1.4030113872171426,21.854918956756592,True,True,True,True,True,,,,,
250,2026-05-12T23:05:56.088Z,2026-05-12 23:05:56.088000+00:00,5,15,4.611528396606445,2.878544330596924,9.103222846984863,1.574152588844299,98388.281,1639.8046833333333,27.330078055555553,142.476,2,9,13.555919766426086,False,3.1624396922513704,0.5000222522638179,30,4.590577125549316,4.614836692810059,-0.7104036101145238,0.6926077771026189,5.58050012588501,27.4354190826416,30,0.024259567260742188,1.4030113872171426,21.854918956756592,True,True,True,True,True,,,,,
251,2026-05-12T23:08:18.272Z,2026-05-12 23:08:18.272000+00:00,5,16,4.602706909179688,2.555204391479492,5.955127716064453,5.529056549072266,98530.465,1642.1744166666665,27.369573611111107,142.184,2,9,14.039388656616211,False,2.330587617930778,0.36746543478139815,30,4.590577125549316,4.614836692810059,-0.7104036101145238,0.6926077771026189,5.58050012588501,27.4354190826416,30,0.024259567260742188,1.4030113872171426,21.854918956756592,True,True,True,True,True,,,,,
252,2026-05-12T23:10:40.220Z,2026-05-12 23:10:40.220000+00:00,5,17,4.601604461669922,8.315498352050781,2.356717348098755,4.011821746826172,98672.413,1644.5402166666668,27.409003611111114,141.948,2,9,14.684037446975708,False,0.28341264086926765,-0.5475807831028942,30,4.590577125549316,4.614836692810059,-0.7104036101145238,0.6926077771026189,5.58050012588501,27.4354190826416,30,0.024259567260742188,1.4030113872171426,21.854918956756592,True,True,True,True,True,,,,,
253,2026-05-12T23:13:00.777Z,2026-05-12 23:13:00.777000+00:00,5,18,4.594987869262695,3.917249917984009,1.349490761756897,5.828430176,98812.97,1646.8828333333333,27.448047222222222,140.557,2,9,11.095170855740907,False,0.3444995315620314,-0.46281136429383923,30,4.590577125549316,4.614836692810059,-0.7104036101145238,0.6926077771026189,5.58050012588501,27.4354190826416,30,0.024259567260742188,1.4030113872171426,21.854918956756592,True,True,True,True,True,,,,,
254,2026-05-12T23:15:22.111Z,2026-05-12 23:15:22.111000+00:00,5,19,4.602706909179688,9.278496742248535,8.703334808,7.292832374572754,98954.304,1649.2384,27.487306666666665,141.334,2,9,25.27466392482129,False,0.9380113018060777,-0.027791928910439148,30,4.590577125549316,4.614836692810059,-0.7104036101145238,0.6926077771026189,5.58050012588501,27.4354190826416,30,0.024259567260742188,1.4030113872171426,21.854918956756592,True,True,True,True,True,,,,,
255,2026-05-12T23:17:42.795Z,2026-05-12 23:17:42.795000+00:00,5,20,4.614836692810059,2.236849308013916,9.139513016,1.1216877698898315,99094.988,1651.5831333333333,27.526385555555557,140.684,2,9,12.498050093903748,False,4.085886779791578,0.6112863281326951,30,4.590577125549316,4.614836692810059,-0.7104036101145238,0.6926077771026189,5.58050012588501,27.4354190826416,30,0.024259567260742188,1.4030113872171426,21.854918956756592,True,True,True,True,True,,,,,
256,2026-05-12T23:20:02.918Z,2026-05-12 23:20:02.918000+00:00,5,21,4.606015205383301,8.640480041503906,9.591248512268066,9.203690528869627,99235.111,1653.9185166666668,27.565308611111114,140.123,2,9,27.4354190826416,False,1.1100365334098585,0.04533727247783713,30,4.590577125549316,4.614836692810059,-0.7104036101145238,0.6926077771026189,5.58050012588501,27.4354190826416,30,0.024259567260742188,1.4030113872171426,21.854918956756592,True,True,True,True,True,,,,,
257,2026-05-12T23:22:23.580Z,2026-05-12 23:22:23.580000+00:00,5,22,4.604912757873535,5.822964191436768,8.930428504943848,2.3932037353515625,99375.773,1656.2628833333333,27.60438138888889,140.662,2,9,17.146596431732178,False,1.5336567788063864,0.18572817855143636,30,4.590577125549316,4.614836692810059,-0.7104036101145238,0.6926077771026189,5.58050012588501,27.4354190826416,30,0.024259567260742188,1.4030113872171426,21.854918956756592,True,True,True,True,True,,,,,
258,2026-05-12T23:24:44.154Z,2026-05-12 23:24:44.154000+00:00,5,23,4.604361534118652,9.336367607,4.843417644500732,3.7927069664001465,99516.347,1658.6057833333332,27.64342972222222,140.574,2,9,17.97249221790088,False,0.5187689525923711,-0.2850260235696286,30,4.590577125549316,4.614836692810059,-0.7104036101145238,0.6926077771026189,5.58050012588501,27.4354190826416,30,0.024259567260742188,1.4030113872171426,21.854918956756592,True,True,True,True,True,,,,,
259,2026-05-12T23:27:04.854Z,2026-05-12 23:27:04.854000+00:00,5,24,4.604912757873535,8.748619079589844,9.419809341430664,7.6280694007873535,99657.047,1660.9507833333334,27.682513055555557,140.7,2,9,25.79649782180786,False,1.0767195663378097,0.03210260520051243,30,4.590577125549316,4.614836692810059,-0.7104036101145238,0.6926077771026189,5.58050012588501,27.4354190826416,30,0.024259567260742188,1.4030113872171426,21.854918956756592,True,True,True,True,True,,,,,
260,2026-05-12T23:29:25.571Z,2026-05-12 23:29:25.571000+00:00,5,25,4.601053237915039,3.835585117340088,4.897727966308594,6.061033248901367,99797.764,1663.2960666666665,27.72160111111111,140.717,2,9,14.794346332550049,False,1.2769180754630427,0.1061630346826324,30,4.590577125549316,4.614836692810059,-0.7104036101145238,0.6926077771026189,5.58050012588501,27.4354190826416,30,0.024259567260742188,1.4030113872171426,21.854918956756592,True,True,True,True,True,,,,,
261,2026-05-12T23:31:45.810Z,2026-05-12 23:31:45.810000+00:00,5,26,4.604912757873535,3.201841354370117,4.140279293060303,1.5786179304122925,99938.003,1665.6333833333333,27.76055638888889,140.239,2,9,8.920738577842712,False,1.2930932031998819,0.11162982896129248,30,4.590577125549316,4.614836692810059,-0.7104036101145238,0.6926077771026189,5.58050012588501,27.4354190826416,30,0.024259567260742188,1.4030113872171426,21.854918956756592,True,True,True,True,True,,,,,
262,2026-05-12T23:34:06.084Z,2026-05-12 23:34:06.084000+00:00,5,27,4.601604461669922,4.049111366271973,6.523565292358398,1.9995683431625368,100078.277,1667.9712833333333,27.799521388888888,140.274,2,9,12.572245001792908,False,1.611110365276187,0.20712529174678085,30,4.590577125549316,4.614836692810059,-0.7104036101145238,0.6926077771026189,5.58050012588501,27.4354190826416,30,0.024259567260742188,1.4030113872171426,21.854918956756592,True,True,True,True,True,,,,,
263,2026-05-12T23:36:26.211Z,2026-05-12 23:36:26.211000+00:00,5,28,4.596090316772461,8.351072311401367,2.42453408241272,9.145073890686035,100218.404,1670.3067333333333,27.838445555555555,140.127,2,9,19.920680284500122,False,0.29032607933505805,-0.5371139507250169,30,4.590577125549316,4.614836692810059,-0.7104036101145238,0.6926077771026189,5.58050012588501,27.4354190826416,30,0.024259567260742188,1.4030113872171426,21.854918956756592,True,True,True,True,True,,,,,
264,2026-05-12T23:38:46.676Z,2026-05-12 23:38:46.676000+00:00,5,29,4.609874725341797,6.457474708557129,7.070789337158203,1.207836627960205,100358.869,1672.6478166666668,27.877463611111114,140.465,2,9,14.736100673675537,False,1.0949774728174064,0.03940518444396296,30,4.590577125549316,4.614836692810059,-0.7104036101145238,0.6926077771026189,5.58050012588501,27.4354190826416,30,0.024259567260742188,1.4030113872171426,21.854918956756592,True,True,True,True,True,,,,,
265,2026-05-12T23:41:07.484Z,2026-05-12 23:41:07.484000+00:00,6,0,4.601053237915039,6.9601263999938965,9.867917061,8.528712272644043,100499.677,1674.9946166666666,27.916576944444444,140.808,2,10,25.35675573363794,False,1.4177784272723342,0.15160836389930887,26,4.597192764282227,4.624761581420898,-0.865744676997092,0.4789287128904496,6.172540664672852,25.35675573363794,26,0.027568817138671875,1.3446733898875416,19.184215068965088,True,True,True,True,True,,,,,
266,2026-05-12T23:43:27.810Z,2026-05-12 23:43:27.810000+00:00,6,1,4.615939140319824,3.5786707401275635,2.794595241546631,3.957703113555908,100640.003,1677.3333833333334,27.95555638888889,140.326,2,10,10.330969095230103,False,0.7809031465820229,-0.10740282721533771,26,4.597192764282227,4.624761581420898,-0.865744676997092,0.4789287128904496,6.172540664672852,25.35675573363794,26,0.027568817138671875,1.3446733898875416,19.184215068965088,True,True,True,True,True,,,,,
267,2026-05-12T23:45:48.022Z,2026-05-12 23:45:48.022000+00:00,6,2,4.608772277832031,5.733865737915039,6.970927715301514,1.164964199066162,100780.215,1679.67025,27.994504166666665,140.212,2,10,13.869757652282715,False,1.2157465894617019,0.08484305991404534,26,4.597192764282227,4.624761581420898,-0.865744676997092,0.4789287128904496,6.172540664672852,25.35675573363794,26,0.027568817138671875,1.3446733898875416,19.184215068965088,True,True,True,True,True,,,,,
268,2026-05-12T23:48:08.398Z,2026-05-12 23:48:08.398000+00:00,6,3,4.6038103103637695,2.9151618480682373,8.78195858,6.083753586,100920.591,1682.00985,28.0334975,140.376,2,10,17.78087401406824,False,3.012511495997883,0.4789287128904496,26,4.597192764282227,4.624761581420898,-0.865744676997092,0.4789287128904496,6.172540664672852,25.35675573363794,26,0.027568817138671875,1.3446733898875416,19.184215068965088,True,True,True,True,True,,,,,
269,2026-05-12T23:50:28.494Z,2026-05-12 23:50:28.494000+00:00,6,4,4.609323501586914,7.623536109924316,2.051023483276367,2.864326477050781,101060.687,1684.3447833333335,28.072413055555558,140.096,2,10,12.538886070251465,False,0.26903833781364866,-0.5701858288654036,26,4.597192764282227,4.624761581420898,-0.865744676997092,0.4789287128904496,6.172540664672852,25.35675573363794,26,0.027568817138671875,1.3446733898875416,19.184215068965088,True,True,True,True,True,,,,,
270,2026-05-12T23:52:48.978Z,2026-05-12 23:52:48.978000+00:00,6,5,4.601604461669922,5.470940589904785,6.338641644,9.759559631347656,101201.171,1686.6861833333335,28.11143638888889,140.484,2,10,21.56914186525244,False,1.1586018052720832,0.06393420085826816,26,4.597192764282227,4.624761581420898,-0.865744676997092,0.4789287128904496,6.172540664672852,25.35675573363794,26,0.027568817138671875,1.3446733898875416,19.184215068965088,True,True,True,True,True,,,,,
271,2026-05-12T23:55:09.164Z,2026-05-12 23:55:09.164000+00:00,6,6,4.604361534118652,1.0965633392333984,2.934919595718384,5.277831077575684,101341.357,1689.0226166666666,28.150376944444442,140.186,2,10,9.309314012527466,False,2.676470652183366,0.42756248565530014,26,4.597192764282227,4.624761581420898,-0.865744676997092,0.4789287128904496,6.172540664672852,25.35675573363794,26,0.027568817138671875,1.3446733898875416,19.184215068965088,True,True,True,True,True,,,,,
272,2026-05-12T23:57:29.224Z,2026-05-12 23:57:29.224000+00:00,6,7,4.613734245300293,5.123155117034912,6.431890011,7.070981979370117,101481.417,1691.35695,28.1892825,140.06,2,10,18.62602710740503,False,1.255454864057002,0.09880110363329428,26,4.597192764282227,4.624761581420898,-0.865744676997092,0.4789287128904496,6.172540664672852,25.35675573363794,26,0.027568817138671875,1.3446733898875416,19.184215068965088,True,True,True,True,True,,,,,
273,2026-05-12T23:59:49.727Z,2026-05-12 23:59:49.727000+00:00,6,8,4.619799613952637,8.438204765319824,7.929050445556641,1.6938496828079224,101621.92,1693.6986666666667,28.22831111111111,140.503,2,10,18.061104893684387,False,0.9396608243194385,-0.027028879068404586,26,4.597192764282227,4.624761581420898,-0.865744676997092,0.4789287128904496,6.172540664672852,25.35675573363794,26,0.027568817138671875,1.3446733898875416,19.184215068965088,True,True,True,True,True,,,,,
274,2026-05-13T00:02:10.508Z,2026-05-13 00:02:10.508000+00:00,6,9,4.606015205383301,8.817798614501953,1.2012004852294922,1.7742775678634644,101762.701,1696.0450166666667,28.267416944444445,140.781,2,10,11.79327666759491,False,0.13622453151220423,-0.865744676997092,26,4.597192764282227,4.624761581420898,-0.865744676997092,0.4789287128904496,6.172540664672852,25.35675573363794,26,0.027568817138671875,1.3446733898875416,19.184215068965088,True,True,True,True,True,,,,,
275,2026-05-13T00:04:31.101Z,2026-05-13 00:04:31.101000+00:00,6,10,4.62035083770752,2.5716183185577397,2.101430654525757,1.4994916915893557,101903.294,1698.3882333333333,28.306470555555556,140.593,2,10,6.172540664672852,False,0.8171627334278433,-0.08769144751645129,26,4.597192764282227,4.624761581420898,-0.865744676997092,0.4789287128904496,6.172540664672852,25.35675573363794,26,0.027568817138671875,1.3446733898875416,19.184215068965088,True,True,True,True,True,,,,,
276,2026-05-13T00:06:51.536Z,2026-05-13 00:06:51.536000+00:00,6,11,4.600502014160156,4.168999195098877,9.681185722351074,4.237885475158691,102043.729,1700.7288166666667,28.345480277777778,140.435,2,10,18.088070392608643,False,2.322184598580011,0.36589674036296793,26,4.597192764282227,4.624761581420898,-0.865744676997092,0.4789287128904496,6.172540664672852,25.35675573363794,26,0.027568817138671875,1.3446733898875416,19.184215068965088,True,True,True,True,True,,,,,
277,2026-05-13T00:09:12.293Z,2026-05-13 00:09:12.293000+00:00,6,12,4.606015205383301,8.356901168823242,1.793717384338379,3.936431407928467,102184.486,1703.0747666666668,28.384579444444448,140.757,2,10,14.087049961090088,False,0.21463905676306533,-0.668291248850355,26,4.597192764282227,4.624761581420898,-0.865744676997092,0.4789287128904496,6.172540664672852,25.35675573363794,26,0.027568817138671875,1.3446733898875416,19.184215068965088,True,True,True,True,True,,,,,
278,2026-05-13T00:11:32.752Z,2026-05-13 00:11:32.752000+00:00,6,13,4.617041588,8.838807106018066,8.286384582519531,7.180283069610596,102324.945,1705.4157500000001,28.423595833333334,140.459,2,10,24.305474758148193,False,0.9375003304323263,-0.02802857052833884,26,4.597192764282227,4.624761581420898,-0.865744676997092,0.4789287128904496,6.172540664672852,25.35675573363794,26,0.027568817138671875,1.3446733898875416,19.184215068965088,True,True,True,True,True,,,,,
279,2026-05-13T00:13:53.237Z,2026-05-13 00:13:53.237000+00:00,6,14,4.624761581420898,9.737529754638672,4.807708740234375,4.312875747680664,102465.43,1707.7571666666665,28.462619444444442,140.485,2,10,18.85811424255371,False,0.4937298125270554,-0.3065106483018651,26,4.597192764282227,4.624761581420898,-0.865744676997092,0.4789287128904496,6.172540664672852,25.35675573363794,26,0.027568817138671875,1.3446733898875416,19.184215068965088,True,True,True,True,True,,,,,
280,2026-05-13T00:16:13.983Z,2026-05-13 00:16:13.983000+00:00,6,15,4.614285469055176,8.150537490844727,2.8823812007904053,2.6563639640808105,102606.176,1710.1029333333333,28.501715555555556,140.746,2,10,13.689282655715942,False,0.3536430823155043,-0.45143483282142616,26,4.597192764282227,4.624761581420898,-0.865744676997092,0.4789287128904496,6.172540664672852,25.35675573363794,26,0.027568817138671875,1.3446733898875416,19.184215068965088,True,True,True,True,True,,,,,
281,2026-05-13T00:18:34.631Z,2026-05-13 00:18:34.631000+00:00,6,16,4.618144989013672,2.9467170238494877,5.681501388549805,1.1216145753860474,102746.824,1712.4470666666666,28.540784444444444,140.648,2,10,9.74983298778534,False,1.9280783809799593,0.28512468503110705,26,4.597192764282227,4.624761581420898,-0.865744676997092,0.4789287128904496,6.172540664672852,25.35675573363794,26,0.027568817138671875,1.3446733898875416,19.184215068965088,True,True,True,True,True,,,,,
282,2026-05-13T00:20:54.632Z,2026-05-13 00:20:54.632000+00:00,6,17,4.609874725341797,5.946578502655029,9.510712623596191,3.1371777057647705,102886.825,1714.7804166666667,28.57967361111111,140.001,2,10,18.59446883201599,False,1.5993587941956617,0.20394590268288637,26,4.597192764282227,4.624761581420898,-0.865744676997092,0.4789287128904496,6.172540664672852,25.35675573363794,26,0.027568817138671875,1.3446733898875416,19.184215068965088,True,True,True,True,True,,,,,
283,2026-05-13T00:23:15.326Z,2026-05-13 00:23:15.326000+00:00,6,18,4.597192764282227,7.675373077392578,5.905945777893066,6.379865646362305,103027.519,1717.1253166666668,28.61875527777778,140.694,2,10,19.96118450164795,False,0.7694669325311013,-0.11381003902658658,26,4.597192764282227,4.624761581420898,-0.865744676997092,0.4789287128904496,6.172540664672852,25.35675573363794,26,0.027568817138671875,1.3446733898875416,19.184215068965088,True,True,True,True,True,,,,,
284,2026-05-13T00:25:35.830Z,2026-05-13 00:25:35.830000+00:00,6,19,4.610425949,8.910871505737305,2.4682936668396,8.030412673950195,103168.023,1719.46705,28.657784166666666,140.504,2,10,19.4095778465271,False,0.2769980091453881,-0.557523352308401,26,4.597192764282227,4.624761581420898,-0.865744676997092,0.4789287128904496,6.172540664672852,25.35675573363794,26,0.027568817138671875,1.3446733898875416,19.184215068965088,True,True,True,True,True,,,,,
285,2026-05-13T00:27:56.529Z,2026-05-13 00:27:56.529000+00:00,6,20,4.612079620361328,9.24110507965088,4.796757698059082,1.9014770984649656,103308.722,1721.8120333333331,28.69686722222222,140.699,2,10,15.939339876174929,False,0.5190675418918944,-0.28477612738770514,26,4.597192764282227,4.624761581420898,-0.865744676997092,0.4789287128904496,6.172540664672852,25.35675573363794,26,0.027568817138671875,1.3446733898875416,19.184215068965088,True,True,True,True,True,,,,,
286,2026-05-13T00:30:17.156Z,2026-05-13 00:30:17.156000+00:00,6,21,4.613183022,7.324322700500488,5.197127342224121,1.580772042274475,103449.349,1724.1558166666666,28.735930277777776,140.627,2,10,14.102222084999084,False,0.7095710490567256,-0.14900411230175897,26,4.597192764282227,4.624761581420898,-0.865744676997092,0.4789287128904496,6.172540664672852,25.35675573363794,26,0.027568817138671875,1.3446733898875416,19.184215068965088,True,True,True,True,True,,,,,
287,2026-05-13T00:32:37.674Z,2026-05-13 00:32:37.674000+00:00,6,22,4.602706909179688,2.934453010559082,1.7687329053878784,2.9349048137664795,103589.867,1726.4977833333332,28.774963055555553,140.518,2,10,7.63809072971344,False,0.6027470533770426,-0.2198649040616139,26,4.597192764282227,4.624761581420898,-0.865744676997092,0.4789287128904496,6.172540664672852,25.35675573363794,26,0.027568817138671875,1.3446733898875416,19.184215068965088,True,True,True,True,True,,,,,
288,2026-05-13T00:34:57.889Z,2026-05-13 00:34:57.889000+00:00,6,23,4.621453285217285,6.464269638061523,8.355550765991211,1.354412317276001,103730.082,1728.8346999999999,28.813911666666666,140.215,2,10,16.174232721328735,False,1.2925746037562933,0.11145561874056518,26,4.597192764282227,4.624761581420898,-0.865744676997092,0.4789287128904496,6.172540664672852,25.35675573363794,26,0.027568817138671875,1.3446733898875416,19.184215068965088,True,True,True,True,True,,,,,
289,2026-05-13T00:37:18.418Z,2026-05-13 00:37:18.418000+00:00,6,24,4.621453285217285,1.9532101154327397,1.395636796951294,5.057088851928711,103870.611,1731.17685,28.852947500000003,140.529,2,10,8.405935764312744,False,0.7145349012500308,-0.1459765533669032,26,4.597192764282227,4.624761581420898,-0.865744676997092,0.4789287128904496,6.172540664672852,25.35675573363794,26,0.027568817138671875,1.3446733898875416,19.184215068965088,True,True,True,True,True,,,,,
290,2026-05-13T00:39:39.516Z,2026-05-13 00:39:39.516000+00:00,6,25,4.619248390197754,9.762156487,7.855429172515869,2.310025691986084,104011.709,1733.5284833333333,28.892141388888888,141.098,2,10,19.92761135150195,False,0.8046817506948113,-0.09437584788692996,26,4.597192764282227,4.624761581420898,-0.865744676997092,0.4789287128904496,6.172540664672852,25.35675573363794,26,0.027568817138671875,1.3446733898875416,19.184215068965088,True,True,True,True,True,,,,,
291,2026-05-13T13:32:54.593Z,2026-05-13 13:32:54.593000+00:00,1,0,4.300564765930176,2.0,2.0,6.0,150406.786,2506.7797666666665,41.77966277777777,46395.077,3,11,10.0,True,1.0,0.0,30,3.87050724,4.885552406311035,-0.5550876694360098,0.68108047358477,10.0,27.27584171295166,30,1.0150451663110354,1.2361681430207798,17.27584171295166,False,True,True,True,True,0.02,0.02,0.04,0.02,4.760753385474143
292,2026-05-13T13:35:17.721Z,2026-05-13 13:35:17.721000+00:00,1,1,3.895318031311035,5.409165859222412,1.5117745399475098,7.6568474769592285,150549.914,2509.165233333333,41.81942055555555,143.128,3,11,14.57778787612915,True,0.27948385745465626,-0.5536432712152104,30,3.87050724,4.885552406311035,-0.5550876694360098,0.68108047358477,10.0,27.27584171295166,30,1.0150451663110354,1.2361681430207798,17.27584171295166,False,True,True,True,True,0.03710553278169055,0.010370397434737076,0.047475930216427625,0.010370397434737076,4.2096561557550425
293,2026-05-13T13:37:38.080Z,2026-05-13 13:37:38.080000+00:00,1,2,4.508424758911133,4.432991027832031,6.061048984527588,2.132323265075684,150690.273,2511.5045499999997,41.85840916666666,140.359,3,11,12.626363277435303,True,1.367259474804704,0.13585094162147432,30,3.87050724,4.885552406311035,-0.5550876694360098,0.68108047358477,10.0,27.27584171295166,30,1.0150451663110354,1.2361681430207798,17.27584171295166,False,True,True,True,True,0.035109009066405315,0.04800312529704692,0.08311213436345224,0.04800312529704692,4.896122972674344
294,2026-05-13T13:39:58.499Z,2026-05-13 13:39:58.499000+00:00,1,3,4.186433792114258,7.58273983,4.223146915435791,2.022603988647461,150830.692,2513.844866666667,41.89741444444444,140.419,3,11,13.828490734083253,True,0.5569420829562856,-0.25418996525768106,30,3.87050724,4.885552406311035,-0.5550876694360098,0.68108047358477,10.0,27.27584171295166,30,1.0150451663110354,1.2361681430207798,17.27584171295166,False,True,True,True,True,0.05483418238340882,0.03053946375382057,0.08537364613722939,0.03053946375382057,4.5064996282345655
295,2026-05-13T13:42:18.727Z,2026-05-13 13:42:18.727000+00:00,1,4,3.87050724,7.342101573944092,2.0451855659484863,5.228659629821777,150970.92,2516.1820000000002,41.93636666666667,140.228,3,11,14.615946769714355,True,0.27855588013199284,-0.5550876694360098,30,3.87050724,4.885552406311035,-0.5550876694360098,0.68108047358477,10.0,27.27584171295166,30,1.0150451663110354,1.2361681430207798,17.27584171295166,False,True,True,True,True,0.050233499681030795,0.013992836715759715,0.06422633639679051,0.013992836715759715,4.20737006112886
296,2026-05-13T13:44:38.791Z,2026-05-13 13:44:38.791000+00:00,1,5,4.239914894104004,9.474337577819824,6.333772659301758,4.844608306884766,151110.984,2518.5164,41.975273333333334,140.064,3,11,20.652718544006348,True,0.6685187863824509,-0.17488638390297712,30,3.87050724,4.885552406311035,-0.5550876694360098,0.68108047358477,10.0,27.27584171295166,30,1.0150451663110354,1.2361681430207798,17.27584171295166,False,True,True,True,True,0.04587453006553166,0.03066798516527448,0.07654251523080614,0.03066798516527448,4.585726863912815
297,2026-05-13T13:46:58.938Z,2026-05-13 13:46:58.938000+00:00,1,6,4.416348457336426,7.453158855438232,8.384086608886719,2.580932378768921,151251.131,2520.8521833333334,42.014203055555555,140.147,3,11,18.418177843093872,True,1.1249037852949062,0.05111537817854743,30,3.87050724,4.885552406311035,-0.5550876694360098,0.68108047358477,10.0,27.27584171295166,30,1.0150451663110354,1.2361681430207798,17.27584171295166,False,True,True,True,True,0.040466320387024,0.04552071698031974,0.08598703736734374,0.04552071698031974,4.811428327437967
298,2026-05-13T13:49:19.297Z,2026-05-13 13:49:19.297000+00:00,1,7,4.4554948806762695,5.668975830078125,7.238452434539795,3.943468570709229,151391.49,2523.1915,42.05319166666666,140.359,3,11,16.85089683532715,True,1.2768536419108425,0.10614111953964171,30,3.87050724,4.885552406311035,-0.5550876694360098,0.68108047358477,10.0,27.27584171295166,30,1.0150451663110354,1.2361681430207798,17.27584171295166,False,True,True,True,True,0.03364198288955975,0.04295588837363661,0.07659787126319637,0.04295588837363661,4.866454197289685
299,2026-05-13T13:51:39.514Z,2026-05-13 13:51:39.514000+00:00,1,8,4.545917510986328,5.075520038604736,8.446838379,3.952305793762207,151531.707,2525.52845,42.09214083333333,140.217,3,11,17.474664211366942,True,1.664231116171899,0.22121363776499126,30,3.87050724,4.885552406311035,-0.5550876694360098,0.68108047358477,10.0,27.27584171295166,30,1.0150451663110354,1.2361681430207798,17.27584171295166,False,True,True,True,True,0.029045021851139236,0.048337629134558656,0.0773826509856979,0.048337629134558656,4.9814634605464265
300,2026-05-13T13:53:59.685Z,2026-05-13 13:53:59.685000+00:00,1,9,4.209038734436035,9.767338752746582,5.951909065246582,1.9870312213897705,151671.878,2527.864633333333,42.13107722222222,140.171,3,11,17.706279039382935,True,0.6093685512415448,-0.21511996293692676,30,3.87050724,4.885552406311035,-0.5550876694360098,0.68108047358477,10.0,27.27584171295166,30,1.0150451663110354,1.2361681430207798,17.27584171295166,False,True,True,True,True,0.05516313580635277,0.033614680148257775,0.08877781595461054,0.033614680148257775,4.545472097413006
301,2026-05-13T13:56:20.048Z,2026-05-13 13:56:20.048000+00:00,1,10,4.072303771972656,2.596588134765625,1.709921956062317,9.487032890319824,151812.241,2530.204016666667,42.17006694444445,140.363,3,11,13.793542981147766,True,0.6585264459804901,-0.18142677937680565,30,3.87050724,4.885552406311035,-0.5550876694360098,0.68108047358477,10.0,27.27584171295166,30,1.0150451663110354,1.2361681430207798,17.27584171295166,False,True,True,True,True,0.01882466410779663,0.01239653915168381,0.03122120325948044,0.01239653915168381,4.580100584702026
302,2026-05-13T13:58:40.429Z,2026-05-13 13:58:40.429000+00:00,1,11,4.324824333190918,8.935621262,7.854085445404053,4.446170330047607,151952.622,2532.5437,42.20906166666667,140.381,3,11,21.235877037451658,True,0.8789635566588602,-0.056029131149282575,30,3.87050724,4.885552406311035,-0.5550876694360098,0.68108047358477,10.0,27.27584171295166,30,1.0150451663110354,1.2361681430207798,17.27584171295166,False,True,True,True,True,0.04207794783441772,0.03698498268544578,0.0790629305198635,0.03698498268544578,4.704406625852941
303,2026-05-13T14:01:00.729Z,2026-05-13 14:01:00.729000+00:00,1,12,3.979675293,8.412832260131836,3.176182270050049,1.7354533672332764,152092.922,2534.8820333333333,42.24803388888889,140.3,3,11,13.324467897415161,True,0.3775401876371508,-0.4230368126702707,30,3.87050724,4.885552406311035,-0.5550876694360098,0.68108047358477,10.0,27.27584171295166,30,1.0150451663110354,1.2361681430207798,17.27584171295166,False,True,True,True,True,0.06313822304126575,0.023837216574075747,0.08697543961534149,0.023837216574075747,4.3381146671545325
304,2026-05-13T14:03:20.989Z,2026-05-13 14:03:20.989000+00:00,1,13,4.885552406311035,1.8670899868011477,8.915605545043945,9.862728118896484,152233.182,2537.2197,42.286995000000005,140.26,3,11,20.645423650741577,True,4.775134357781488,0.6789855958196993,30,3.87050724,4.885552406311035,-0.5550876694360098,0.68108047358477,10.0,27.27584171295166,30,1.0150451663110354,1.2361681430207798,17.27584171295166,False,True,True,True,True,0.009043602196722577,0.04318441556767812,0.0522280177644007,0.04318441556767812,5.43919673304763
305,2026-05-13T14:05:41.347Z,2026-05-13 14:05:41.347000+00:00,1,14,4.538198471069336,5.549419403076172,8.299148559570312,6.118420600891113,152373.54,2539.559,42.32598333333333,140.358,3,11,19.966988563537598,True,1.495498529984939,0.17478599047349339,30,3.87050724,4.885552406311035,-0.5550876694360098,0.68108047358477,10.0,27.27584171295166,30,1.0150451663110354,1.2361681430207798,17.27584171295166,False,True,True,True,True,0.027792971310707102,0.04156434773907605,0.06935731904978315,0.04156434773907605,4.935088771365873
306,2026-05-13T14:08:01.868Z,2026-05-13 14:08:01.868000+00:00,1,15,4.781897545,2.8602161407470703,8.312158584594727,1.0527150630950928,152514.061,2541.9010166666662,42.365016944444434,140.521,3,11,12.22508978843689,True,2.9061295285270448,0.463314967247238,30,3.87050724,4.885552406311035,-0.5550876694360098,0.68108047358477,10.0,27.27584171295166,30,1.0150451663110354,1.2361681430207798,17.27584171295166,False,True,True,True,True,0.023396279211400216,0.0679926178739136,0.09138889708531381,0.0679926178739136,5.2234640816762115
307,2026-05-13T14:10:22.260Z,2026-05-13 14:10:22.260000+00:00,1,16,4.388781547546387,8.928237915039062,9.144607543945312,9.202996253967283,152654.453,2544.2408833333334,42.40401472222222,140.392,3,11,27.27584171295166,True,1.024234303673941,0.010399317140652656,30,3.87050724,4.885552406311035,-0.5550876694360098,0.68108047358477,10.0,27.27584171295166,30,1.0150451663110354,1.2361681430207798,17.27584171295166,False,True,True,True,True,0.03273313435749841,0.03352639907571794,0.06625953343321635,0.03352639907571794,4.77084374572494
308,2026-05-13T14:12:42.655Z,2026-05-13 14:12:42.655000+00:00,1,17,4.8761796951293945,1.8514130115509035,8.883493423461914,9.643140793,152794.848,2546.5808,42.44301333333333,140.395,3,11,20.378047228012818,True,4.798223501746016,0.68108047358477,30,3.87050724,4.885552406311035,-0.5550876694360098,0.68108047358477,10.0,27.27584171295166,30,1.0150451663110354,1.2361681430207798,17.27584171295166,False,True,True,True,True,0.009085330850572603,0.04359344800835559,0.05267877885892819,0.04359344800835559,5.441289454778044
309,2026-05-13T14:15:03.051Z,2026-05-13 14:15:03.051000+00:00,1,18,4.597744941711426,5.104634761810303,8.88956356,2.187124490737915,152935.244,2548.9207333333334,42.482012222222224,140.396,3,11,16.181322812548217,True,1.7414690716966033,0.24091576583946064,30,3.87050724,4.885552406311035,-0.5550876694360098,0.68108047358477,10.0,27.27584171295166,30,1.0150451663110354,1.2361681430207798,17.27584171295166,False,True,True,True,True,0.03154646144165534,0.05493718692211222,0.08648364836376757,0.05493718692211222,5.0011319157486565
310,2026-05-13T14:17:23.187Z,2026-05-13 14:17:23.187000+00:00,1,19,4.495744705200195,2.2735037803649902,4.164804935455322,9.593246459960938,153075.38,2551.2563333333333,42.520938888888885,140.136,3,11,16.03155517578125,True,1.8318882824935092,0.2628989847379384,30,3.87050724,4.885552406311035,-0.5550876694360098,0.68108047358477,10.0,27.27584171295166,30,1.0150451663110354,1.2361681430207798,17.27584171295166,False,True,True,True,True,0.01418143003243725,0.02597879550542334,0.04016022553786059,0.02597879550542334,5.023347638536227
311,2026-05-13T14:19:43.500Z,2026-05-13 14:19:43.500000+00:00,1,20,4.130195617675781,8.890006065368652,4.594384670257568,1.1533818244934082,153215.693,2553.594883333333,42.55991472222222,140.313,3,11,14.637772560119629,True,0.5168033223458828,-0.28667470307828585,30,3.87050724,4.885552406311035,-0.5550876694360098,0.68108047358477,10.0,27.27584171295166,30,1.0150451663110354,1.2361681430207798,17.27584171295166,False,True,True,True,True,0.06073332557160595,0.03138718443252011,0.09212051000412605,0.03138718443252011,4.474029686964904
312,2026-05-13T14:22:03.557Z,2026-05-13 14:22:03.557000+00:00,1,21,4.260867118835449,7.999597549438477,6.175517082214356,5.257735252380371,153355.75,2555.929166666667,42.598819444444445,140.057,3,11,19.432849884033203,True,0.7719784706729204,-0.1123948113201295,30,3.87050724,4.885552406311035,-0.5550876694360098,0.68108047358477,10.0,27.27584171295166,30,1.0150451663110354,1.2361681430207798,17.27584171295166,False,True,True,True,True,0.04116533394317661,0.03177875154219354,0.07294408548537015,0.03177875154219354,4.6481495819840575
313,2026-05-13T14:24:23.791Z,2026-05-13 14:24:23.791000+00:00,1,22,4.3386077880859375,6.521120548248291,6.200735569000244,7.388328552246094,153495.984,2558.2664,42.637773333333335,140.234,3,11,20.11018466949463,True,0.9508696432035582,-0.02187901736102155,30,3.87050724,4.885552406311035,-0.5550876694360098,0.68108047358477,10.0,27.27584171295166,30,1.0150451663110354,1.2361681430207798,17.27584171295166,False,True,True,True,True,0.03242695507485943,0.030833807202209393,0.06326076227706882,0.030833807202209393,4.7386225664792185
314,2026-05-13T14:26:43.941Z,2026-05-13 14:26:43.941000+00:00,1,23,4.345775604248047,7.151160717010498,7.086976528167725,3.121375084,153636.134,2560.602233333333,42.67670388888889,140.15,3,11,17.359512329178223,True,0.9910246474128181,-0.0039155442006293725,30,3.87050724,4.885552406311035,-0.5550876694360098,0.68108047358477,10.0,27.27584171295166,30,1.0150451663110354,1.2361681430207798,17.27584171295166,False,True,True,True,True,0.04119447932296279,0.040824744346393826,0.08201922366935661,0.040824744346393826,4.756455533560129
315,2026-05-13T14:29:04.254Z,2026-05-13 14:29:04.254000+00:00,1,24,4.237709999084473,9.166446685791016,6.3685736656188965,2.041278123855591,153776.447,2562.940783333333,42.71567972222222,140.313,3,11,17.576298475265503,True,0.6947701638292267,-0.15815884014225476,30,3.87050724,4.885552406311035,-0.5550876694360098,0.68108047358477,10.0,27.27584171295166,30,1.0150451663110354,1.2361681430207798,17.27584171295166,False,True,True,True,True,0.05215231579442412,0.03623387298856562,0.08838618878298973,0.03623387298856562,4.602348593378473
316,2026-05-13T14:31:24.670Z,2026-05-13 14:31:24.670000+00:00,1,25,4.157212257385254,7.9552483558654785,4.838144302368164,9.51248264312744,153916.863,2565.28105,42.75468416666667,140.416,3,11,22.305875301361084,True,0.6081701143624203,-0.215974925011327,30,3.87050724,4.885552406311035,-0.5550876694360098,0.68108047358477,10.0,27.27584171295166,30,1.0150451663110354,1.2361681430207798,17.27584171295166,False,True,True,True,True,0.03566436308096843,0.02168999977361545,0.05735436285458388,0.02168999977361545,4.54494297791704
317,2026-05-13T14:33:44.994Z,2026-05-13 14:33:44.994000+00:00,1,26,4.582306861877441,2.3128554821014404,4.951000690460205,3.557969570159912,154057.187,2567.6197833333335,42.79366305555556,140.324,3,11,10.821825742721558,True,2.140644207463308,0.3305444900054081,30,3.87050724,4.885552406311035,-0.5550876694360098,0.68108047358477,10.0,27.27584171295166,30,1.0150451663110354,1.2361681430207798,17.27584171295166,False,True,True,True,True,0.021372137540257467,0.04575014242666126,0.06712227996691873,0.04575014242666126,5.090786376379755
318,2026-05-13T14:36:05.537Z,2026-05-13 14:36:05.537000+00:00,1,27,4.212899208068848,4.797491073608398,3.7779135704040527,6.544902801513672,154197.73,2569.9621666666667,42.832702777777776,140.543,3,11,15.120307445526123,True,0.7874769358481625,-0.10376215725970578,30,3.87050724,4.885552406311035,-0.5550876694360098,0.68108047358477,10.0,27.27584171295166,30,1.0150451663110354,1.2361681430207798,17.27584171295166,False,True,True,True,True,0.031728793153792026,0.0249856928109083,0.05671448596470033,0.0249856928109083,4.656922326392705
319,2026-05-13T14:38:25.717Z,2026-05-13 14:38:25.717000+00:00,1,28,4.066789627075195,9.821391105651855,4.327126979827881,1.0353699922561646,154337.91,2572.2985,42.87164166666666,140.18,3,11,15.1838880777359,True,0.4405818822689767,-0.3559733659968483,30,3.87050724,4.885552406311035,-0.5550876694360098,0.68108047358477,10.0,27.27584171295166,30,1.0150451663110354,1.2361681430207798,17.27584171295166,False,True,True,True,True,0.06468297879548347,0.028498148548478416,0.09318112734396189,0.028498148548478416,4.404890495947181
320,2026-05-13T14:40:46.005Z,2026-05-13 14:40:46.005000+00:00,1,29,4.352391242980957,6.460755348205566,6.009022235870361,3.9218573570251465,154478.198,2574.6366333333335,42.91061055555556,140.288,3,11,16.391634941101074,True,0.9300804491133268,-0.03147948467734769,30,3.87050724,4.885552406311035,-0.5550876694360098,0.68108047358477,10.0,27.27584171295166,30,1.0150451663110354,1.2361681430207798,17.27584171295166,False,True,True,True,True,0.03941495385555224,0.036659077983753084,0.07607403183930533,0.036659077983753084,4.728947301861459
321,2026-05-13T14:43:06.264Z,2026-05-13 14:43:06.264000+00:00,2,0,4.897130966186523,1.188876390457153,6.513851165771484,4.299782752990723,154618.457,2576.9742833333335,42.94957138888889,140.259,3,12,12.00251030921936,True,5.478997831950169,0.7387011285835938,30,3.622948647,5.036071777,-0.7676247208852093,0.9143276514098495,7.28399658203125,27.120080947875977,30,1.4131231300000002,1.6819523722950587,19.836084365844727,False,True,True,True,True,0.009905231154385713,0.054270740019844596,0.06417597117423031,0.054270740019844596,5.498865378058773
322,2026-05-13T14:45:26.686Z,2026-05-13 14:45:26.686000+00:00,2,1,4.239914894104004,8.400867462158203,5.926684856414795,8.766579627990723,154758.879,2579.31465,42.9885775,140.422,3,12,23.09413194656372,True,0.705484866070273,-0.1515122982139088,30,3.622948647,5.036071777,-0.7676247208852093,0.9143276514098495,7.28399658203125,27.120080947875977,30,1.4131231300000002,1.6819523722950587,19.836084365844727,False,True,True,True,True,0.03637663230467602,0.025663163569551933,0.06203979587422795,0.025663163569551933,4.609197371464946
323,2026-05-13T14:47:47.070Z,2026-05-13 14:47:47.070000+00:00,2,2,4.352943420410156,6.004016876220703,5.448150634765625,3.9401121139526367,154899.263,2581.6543833333335,43.02757305555556,140.384,3,12,15.392279624938965,True,0.907417608425349,-0.04219279751019798,30,3.622948647,5.036071777,-0.7676247208852093,0.9143276514098495,7.28399658203125,27.120080947875977,30,1.4131231300000002,1.6819523722950587,19.836084365844727,False,True,True,True,True,0.0390066775196368,0.03539534602748765,0.07440202354712445,0.03539534602748765,4.718254922225119
324,2026-05-13T14:50:07.564Z,2026-05-13 14:50:07.564000+00:00,2,3,4.060725212097168,2.151942014694214,1.4495530128479004,4.8586626052856445,155039.757,2583.99595,43.06659916666667,140.494,3,12,8.460157632827759,True,0.6736022638852928,-0.17159646190146197,30,3.622948647,5.036071777,-0.7676247208852093,0.9143276514098495,7.28399658203125,27.120080947875977,30,1.4131231300000002,1.6819523722950587,19.836084365844727,False,True,True,True,True,0.025436192894847276,0.017133877118592124,0.042570070013439404,0.017133877118592124,4.589494911177666
325,2026-05-13T14:52:27.857Z,2026-05-13 14:52:27.857000+00:00,2,4,4.469278335571289,7.0223822593688965,8.924671173095703,1.012295484542847,155180.05,2586.3341666666665,43.10556944444444,140.293,3,12,16.959348917007446,True,1.2708893995607933,0.1041077572806406,30,3.622948647,5.036071777,-0.7676247208852093,0.9143276514098495,7.28399658203125,27.120080947875977,30,1.4131231300000002,1.6819523722950587,19.836084365844727,False,True,True,True,True,0.041407145367040585,0.05262390211304469,0.09403104748008528,0.05262390211304469,4.864363874750051
326,2026-05-13T14:54:47.891Z,2026-05-13 14:54:47.891000+00:00,2,5,5.036071777,1.2410881519317627,9.475845336914062,4.738319396972656,155320.084,2588.6680666666666,43.14446777777778,140.034,3,12,15.455252885818481,True,7.635110626239434,0.8828153339945719,30,3.622948647,5.036071777,-0.7676247208852093,0.9143276514098495,7.28399658203125,27.120080947875977,30,1.4131231300000002,1.6819523722950587,19.836084365844727,False,True,True,True,True,0.008030202812602099,0.061311486825356074,0.06934168963795817,0.061311486825356074,5.6429542390242045
327,2026-05-13T14:57:07.890Z,2026-05-13 14:57:07.890000+00:00,2,6,4.456046104431152,1.400801658630371,2.6680917739868164,3.2151031494140625,155460.083,2591.0013833333337,43.183356388888896,139.999,3,12,7.28399658203125,True,1.9046891881863801,0.2798241165636259,30,3.622948647,5.036071777,-0.7676247208852093,0.9143276514098495,7.28399658203125,27.120080947875977,30,1.4131231300000002,1.6819523722950587,19.836084365844727,False,True,True,True,True,0.01923122344793491,0.03662950337687802,0.05586072682481293,0.03662950337687802,5.040138103474912
328,2026-05-13T14:59:28.022Z,2026-05-13 14:59:28.022000+00:00,2,7,3.840182304382324,7.569385528564453,2.0904858112335205,6.042367935180664,155600.215,2593.3369166666666,43.22228194444445,140.132,3,12,15.702239274978638,True,0.2761764218964263,-0.5588134013452515,30,3.622948647,5.036071777,-0.7676247208852093,0.9143276514098495,7.28399658203125,27.120080947875977,30,1.4131231300000002,1.6819523722950587,19.836084365844727,False,True,True,True,True,0.048205771138809445,0.01331329738787441,0.06151906852668385,0.01331329738787441,4.203786073959155
329,2026-05-13T15:01:48.086Z,2026-05-13 15:01:48.086000+00:00,2,8,4.6109771728515625,5.438202857971191,9.956950187683104,1.379495620727539,155740.279,2595.671316666667,43.261188611111116,140.064,3,12,16.774648666381836,True,1.830926585073677,0.26267093068257824,30,3.622948647,5.036071777,-0.7676247208852093,0.9143276514098495,7.28399658203125,27.120080947875977,30,1.4131231300000002,1.6819523722950587,19.836084365844727,False,True,True,True,True,0.032419175901251054,0.05935713102378044,0.0917763069250315,0.05935713102378044,5.022867426440579
330,2026-05-13T15:04:08.380Z,2026-05-13 15:04:08.380000+00:00,2,9,4.373343467712402,6.662702083587647,6.716535568237305,8.868682861328125,155880.573,2598.00955,43.30015916666667,140.294,3,12,22.247920513153076,True,1.0080798276696576,0.0034949243155866414,30,3.622948647,5.036071777,-0.7676247208852093,0.9143276514098495,7.28399658203125,27.120080947875977,30,1.4131231300000002,1.6819523722950587,19.836084365844727,False,True,True,True,True,0.029947527363955777,0.030189498224188895,0.06013702558814467,0.030189498224188895,4.763992321653267
331,2026-05-13T15:06:28.766Z,2026-05-13 15:06:28.766000+00:00,2,10,4.377754211425781,7.857167243957519,8.013490676879883,6.517296314239502,156020.959,2600.3493166666667,43.33915527777778,140.386,3,12,22.387954235076904,True,1.019895647893022,0.008555738563266531,30,3.622948647,5.036071777,-0.7676247208852093,0.9143276514098495,7.28399658203125,27.120080947875977,30,1.4131231300000002,1.6819523722950587,19.836084365844727,False,True,True,True,True,0.03509551235211612,0.035793760308499026,0.07088927266061515,0.035793760308499026,4.768972915296212
332,2026-05-13T15:08:49.048Z,2026-05-13 15:08:49.048000+00:00,2,11,4.682653427124023,3.221418857574463,8.051958084106445,8.465297699,156161.241,2602.68735,43.3781225,140.282,3,12,19.73867464068091,True,2.499506720516652,0.39785430879389955,30,3.622948647,5.036071777,-0.7676247208852093,0.9143276514098495,7.28399658203125,27.120080947875977,30,1.4131231300000002,1.6819523722950587,19.836084365844727,False,True,True,True,True,0.0163203402265682,0.04079280007742548,0.057113140303993684,0.04079280007742548,5.158113165691494
333,2026-05-13T15:11:09.253Z,2026-05-13 15:11:09.253000+00:00,2,12,4.331991195678711,6.122631072998047,5.759654998779297,8.033277512,156301.446,2605.0241,43.41706833333333,140.205,3,12,19.91556358377734,True,0.94071567110755,-0.026541621129901674,30,3.622948647,5.036071777,-0.7676247208852093,0.9143276514098495,7.28399658203125,27.120080947875977,30,1.4131231300000002,1.6819523722950587,19.836084365844727,False,True,True,True,True,0.030742946576643053,0.028920371620670328,0.05966331819731338,0.028920371620670328,4.733996060724158
334,2026-05-13T15:13:29.567Z,2026-05-13 15:13:29.567000+00:00,2,13,4.151146889,5.147984027862549,3.055848836898804,1.5005385875701904,156441.76,2607.362666666667,43.45604444444445,140.314,3,12,9.704371452331543,True,0.5936010718680488,-0.22650532352087802,30,3.622948647,5.036071777,-0.7676247208852093,0.9143276514098495,7.28399658203125,27.120080947875977,30,1.4131231300000002,1.6819523722950587,19.836084365844727,False,True,True,True,True,0.053048093358233,0.031489405078003435,0.08453749843623644,0.031489405078003435,4.534137028248879
335,2026-05-13T15:15:49.958Z,2026-05-13 15:15:49.958000+00:00,2,14,4.100973129272461,8.727850914001465,4.683068275,9.471365928649902,156582.151,2609.7025166666667,43.495041944444445,140.391,3,12,22.882285117651367,True,0.5365660253759937,-0.2703768297238146,30,3.622948647,5.036071777,-0.7676247208852093,0.9143276514098495,7.28399658203125,27.120080947875977,30,1.4131231300000002,1.6819523722950587,19.836084365844727,False,True,True,True,True,0.03814239211305348,0.020465911734433757,0.058608303847487234,0.020465911734433757,4.4906762599301455
336,2026-05-13T15:18:10.122Z,2026-05-13 15:18:10.122000+00:00,2,15,3.7635440826416016,8.904948234558105,2.065351963043213,8.631914138793945,156722.315,2612.0385833333335,43.53397638888889,140.164,3,12,19.602214336395264,True,0.23193306784513867,-0.6346373274342375,30,3.622948647,5.036071777,-0.7676247208852093,0.9143276514098495,7.28399658203125,27.120080947875977,30,1.4131231300000002,1.6819523722950587,19.836084365844727,False,True,True,True,True,0.0454282770392137,0.010536319660623706,0.0559645966998374,0.010536319660623706,4.129124386352028
337,2026-05-13T15:20:30.332Z,2026-05-13 15:20:30.332000+00:00,2,16,4.417451858520508,8.283895492553711,8.799889565,4.23688554763794,156862.525,2614.3754166666668,43.572923611111115,140.21,3,12,21.32067060519165,True,1.0622888196634193,0.02624261065593923,30,3.622948647,5.036071777,-0.7676247208852093,0.9143276514098495,7.28399658203125,27.120080947875977,30,1.4131231300000002,1.6819523722950587,19.836084365844727,False,True,True,True,True,0.03885382240526973,0.04127398114230609,0.08012780354757582,0.04127398114230609,4.78659730071881
338,2026-05-13T15:22:50.714Z,2026-05-13 15:22:50.714000+00:00,2,17,5.0222883224487305,1.0920008420944214,8.965006828308105,9.697868347167969,157002.907,2616.7151166666667,43.611918611111115,140.382,3,12,19.754876017570496,True,8.209706881831263,0.9143276514098495,30,3.622948647,5.036071777,-0.7676247208852093,0.9143276514098495,7.28399658203125,27.120080947875977,30,1.4131231300000002,1.6819523722950587,19.836084365844727,False,True,True,True,True,0.005527753457542167,0.04538123560145049,0.05090898905899266,0.04538123560145049,5.674513749416784
339,2026-05-13T15:25:10.890Z,2026-05-13 15:25:10.890000+00:00,2,18,4.081125259399414,4.365048885345459,2.281461715698242,6.423364639282227,157143.083,2619.0513833333334,43.65085638888889,140.176,3,12,13.069875240325928,True,0.5226657880872009,-0.2817759264016024,30,3.622948647,5.036071777,-0.7676247208852093,0.9143276514098495,7.28399658203125,27.120080947875977,30,1.4131231300000002,1.6819523722950587,19.836084365844727,False,True,True,True,True,0.03339778540408322,0.017455879828592372,0.05085366523267559,0.017455879828592372,4.479479430605197
340,2026-05-13T15:27:31.203Z,2026-05-13 15:27:31.203000+00:00,2,19,4.591128349304199,4.9071245193481445,9.37217140197754,7.457568168640137,157283.396,2621.3899333333334,43.68983222222222,140.313,3,12,21.73686408996582,True,1.9099110619720991,0.2810131441094769,30,3.622948647,5.036071777,-0.7676247208852093,0.9143276514098495,7.28399658203125,27.120080947875977,30,1.4131231300000002,1.6819523722950587,19.836084365844727,False,True,True,True,True,0.022575126287942213,0.043116483422757965,0.06569160971070018,0.043116483422757965,5.041279664365685
341,2026-05-13T15:29:51.452Z,2026-05-13 15:29:51.452000+00:00,2,20,4.526619911193848,6.487237453460693,9.469579696655272,6.0930585861206055,157423.645,2623.7274166666666,43.728790277777776,140.249,3,12,22.049875736236572,True,1.4597245383092325,0.16427090867534422,30,3.622948647,5.036071777,-0.7676247208852093,0.9143276514098495,7.28399658203125,27.120080947875977,30,1.4131231300000002,1.6819523722950587,19.836084365844727,False,True,True,True,True,0.029420743822150545,0.04294618169250291,0.07236692551465346,0.04294618169250291,4.924566828184168
342,2026-05-13T15:32:11.846Z,2026-05-13 15:32:11.846000+00:00,2,21,3.622948647,8.434318542480469,1.4402081966400146,3.873974561691284,157564.039,2626.0673166666666,43.76778861111111,140.394,3,12,13.748501300811768,True,0.17075572725718519,-0.7676247208852093,30,3.622948647,5.036071777,-0.7676247208852093,0.9143276514098495,7.28399658203125,27.120080947875977,30,1.4131231300000002,1.6819523722950587,19.836084365844727,False,True,True,True,True,0.06134718510724127,0.010475383208168142,0.07182256831540941,0.010475383208168142,3.997240668486794
343,2026-05-13T15:34:32.341Z,2026-05-13 15:34:32.341000+00:00,2,22,4.522760391235352,6.721276760101318,9.610162734985352,3.994364261627197,157704.534,2628.4089000000004,43.80681500000001,140.495,3,12,20.325803756713867,True,1.4298120845183713,0.1552789633256141,30,3.622948647,5.036071777,-0.7676247208852093,0.9143276514098495,7.28399658203125,27.120080947875977,30,1.4131231300000002,1.6819523722950587,19.836084365844727,False,True,True,True,True,0.03306770467997457,0.04728060375871235,0.08034830843868693,0.04728060375871235,4.915550053073238
344,2026-05-13T15:36:52.727Z,2026-05-13 15:36:52.727000+00:00,2,23,4.449981689453125,6.724656105041504,8.683657646,9.300100326538086,157844.92,2630.748666666667,43.84581111111111,140.386,3,12,24.70841407757959,True,1.2913162413598853,0.1110326133421504,30,3.622948647,5.036071777,-0.7676247208852093,0.9143276514098495,7.28399658203125,27.120080947875977,30,1.4131231300000002,1.6819523722950587,19.836084365844727,False,True,True,True,True,0.02721605718573195,0.03514453666971507,0.062360593855447025,0.03514453666971507,4.871413340807594
345,2026-05-13T15:39:12.631Z,2026-05-13 15:39:12.631000+00:00,2,24,4.282369613647461,3.1048383712768555,2.873502731323242,3.1825568675994877,157984.824,2633.0804,43.88467333333333,139.904,3,12,9.160897970199585,True,0.9254918896604344,-0.03362738273620187,30,3.622948647,5.036071777,-0.7676247208852093,0.9143276514098495,7.28399658203125,27.120080947875977,30,1.4131231300000002,1.6819523722950587,19.836084365844727,False,True,True,True,True,0.033892292888501756,0.031367042190304395,0.06525933507880616,0.031367042190304395,4.726872611992065
346,2026-05-13T15:41:32.916Z,2026-05-13 15:41:32.916000+00:00,2,25,4.37279224395752,9.666420936584473,9.229816436767578,8.223843574523926,158125.109,2635.4184833333334,43.92364138888889,140.285,3,12,27.120080947875977,True,0.9548328690958947,-0.02007263928690966,30,3.622948647,5.036071777,-0.7676247208852093,0.9143276514098495,7.28399658203125,27.120080947875977,30,1.4131231300000002,1.6819523722950587,19.836084365844727,False,True,True,True,True,0.03564303865892974,0.03403314486600177,0.06967618352493152,0.03403314486600177,4.740380876785293
347,2026-05-13T15:43:53.271Z,2026-05-13 15:43:53.271000+00:00,2,26,4.505117416381836,5.010132789611816,7.332557201385498,8.921291351,158265.464,2637.7577333333334,43.96262888888889,140.355,3,12,21.263981341997315,True,1.4635454805886736,0.1654062229514227,30,3.622948647,5.036071777,-0.7676247208852093,0.9143276514098495,7.28399658203125,27.120080947875977,30,1.4131231300000002,1.6819523722950587,19.836084365844727,False,True,True,True,True,0.02356159323614802,0.0344834632962331,0.05804505653238112,0.0344834632962331,4.925774319404853
348,2026-05-13T15:46:13.696Z,2026-05-13 15:46:13.696000+00:00,2,27,3.952108383178711,6.222025394439697,2.304558277130127,5.230282306671143,158405.889,2640.09815,44.00163583333333,140.425,3,12,13.756865978240967,True,0.3703871538662622,-0.4313440843598206,30,3.622948647,5.036071777,-0.7676247208852093,0.9143276514098495,7.28399658203125,27.120080947875977,30,1.4131231300000002,1.6819523722950587,19.836084365844727,False,True,True,True,True,0.045228509198831944,0.016752058795769423,0.06198056799460137,0.016752058795769423,4.33031497405125
349,2026-05-13T15:48:34.098Z,2026-05-13 15:48:34.098000+00:00,2,28,4.705258369445801,3.712399482727051,9.140630722045898,3.786210060119629,158546.291,2642.438183333333,44.040636388888885,140.402,3,12,16.639240264892578,True,2.462189418077222,0.39132146048048977,30,3.622948647,5.036071777,-0.7676247208852093,0.9143276514098495,7.28399658203125,27.120080947875977,30,1.4131231300000002,1.6819523722950587,19.836084365844727,False,True,True,True,True,0.022311111707184778,0.054934183150969186,0.07724529485815396,0.054934183150969186,5.151514537824702
350,2026-05-13T15:50:53.958Z,2026-05-13 15:50:53.958000+00:00,2,29,4.612079620361328,1.240022063,3.9018144607543945,9.68601417541504,158686.151,2644.7691833333333,44.07948638888889,139.86,3,12,14.827850699169435,True,3.1465685790418023,0.49783720157686623,30,3.622948647,5.036071777,-0.7676247208852093,0.9143276514098495,7.28399658203125,27.120080947875977,30,1.4131231300000002,1.6819523722950587,19.836084365844727,False,True,True,True,True,0.008362790320443802,0.026314093255423394,0.03467688357586719,0.026314093255423394,5.258214815720338
351,2026-05-13T15:53:14.452Z,2026-05-13 15:53:14.452000+00:00,3,0,4.524414063,6.677691459655762,9.580991744995115,4.000587463378906,158826.645,2647.11075,44.118512499999994,140.494,3,13,20.259270668029785,True,1.4347760454163032,0.15678411721611127,30,3.708959579467773,4.955574035644531,-0.7158368783526745,0.7674244728697998,9.127379655838013,27.778563499450684,30,1.2466144561767583,1.4832613512224744,18.65118384361267,False,True,True,True,True,0.03296116414592119,0.047291888745602445,0.08025305289152364,0.047291888745602445,4.917054756898399
352,2026-05-13T15:55:34.556Z,2026-05-13 15:55:34.556000+00:00,3,1,3.740939140319824,7.414548397064209,1.626594305038452,4.342222690582275,158966.749,2649.445816666667,44.15743027777778,140.104,3,13,13.383365392684937,True,0.21937874270029745,-0.6588054568671551,30,3.708959579467773,4.955574035644531,-0.7158368783526745,0.7674244728697998,9.127379655838013,27.778563499450684,30,1.2466144561767583,1.4832613512224744,18.65118384361267,False,True,True,True,True,0.05540122517402718,0.012153851122734151,0.06755507629676133,0.012153851122734151,4.104610444656122
353,2026-05-13T15:57:54.704Z,2026-05-13 15:57:54.704000+00:00,3,2,4.393192291259766,9.811089515686035,9.827285766601562,8.140188217163086,159106.897,2651.7816166666667,44.19636027777778,140.148,3,13,27.778563499450684,True,1.0016508106352136,0.0007163468355998738,30,3.708959579467773,4.955574035644531,-0.7158368783526745,0.7674244728697998,9.127379655838013,27.778563499450684,30,1.2466144561767583,1.4832613512224744,18.65118384361267,False,True,True,True,True,0.0353189232261058,0.03537722808019175,0.07069615130629756,0.03537722808019175,4.76114223183172
354,2026-05-13T16:00:15.261Z,2026-05-13 16:00:15.261000+00:00,3,3,4.468727111816406,7.396331310272217,9.313321113586426,7.598237514,159247.454,2654.1242333333334,44.23540388888889,140.557,3,13,24.307889937858643,True,1.2591811700825035,0.1000882205816917,30,3.708959579467773,4.955574035644531,-0.7158368783526745,0.7674244728697998,9.127379655838013,27.778563499450684,30,1.2466144561767583,1.4832613512224744,18.65118384361267,False,True,True,True,True,0.030427697875794243,0.0383139842141595,0.06874168208995374,0.0383139842141595,4.860441356725848
355,2026-05-13T16:02:35.448Z,2026-05-13 16:02:35.448000+00:00,3,4,4.5437116622924805,5.517484664916992,8.929527282714844,6.184117317199707,159387.641,2656.4606833333332,44.27434472222222,140.187,3,13,20.631129264831543,True,1.6184054555680734,0.2090873337513274,30,3.708959579467773,4.955574035644531,-0.7158368783526745,0.7674244728697998,9.127379655838013,27.778563499450684,30,1.2466144561767583,1.4832613512224744,18.65118384361267,False,True,True,True,True,0.026743493262495654,0.04328181539697098,0.07002530865946663,0.04328181539697098,4.969369264232093
356,2026-05-13T16:04:56.085Z,2026-05-13 16:04:56.085000+00:00,3,5,4.553636551,3.3866424560546875,5.991919994354248,9.409219741821287,159528.278,2658.804633333333,44.313410555555556,140.637,3,13,18.787782192230225,True,1.7692803631047052,0.24779665738775328,30,3.708959579467773,4.955574035644531,-0.7158368783526745,0.7674244728697998,9.127379655838013,27.778563499450684,30,1.2466144561767583,1.4832613512224744,18.65118384361267,False,True,True,True,True,0.01802577026603624,0.03189264136153459,0.04991841162757084,0.03189264136153459,5.008166752180125
357,2026-05-13T16:07:16.127Z,2026-05-13 16:07:16.127000+00:00,3,6,3.708959579467773,9.55878448486328,1.8389325141906736,3.785595655441284,159668.32,2661.1386666666667,44.35231111111111,140.042,3,13,15.183312654495237,True,0.19238141806656456,-0.7158368783526745,30,3.708959579467773,4.955574035644531,-0.7158368783526745,0.7674244728697998,9.127379655838013,27.778563499450684,30,1.2466144561767583,1.4832613512224744,18.65118384361267,False,True,True,True,True,0.06295585622438767,0.012111536896042455,0.07506739312043012,0.012111536896042455,4.047980170725967
358,2026-05-13T16:09:36.448Z,2026-05-13 16:09:36.448000+00:00,3,7,4.489127159118652,4.959897994995117,7.332588195800781,3.365722894668579,159808.641,2663.47735,44.39128916666667,140.321,3,13,15.658209085464478,True,1.4783747978688018,0.16978455044001753,30,3.708959579467773,4.955574035644531,-0.7158368783526745,0.7674244728697998,9.127379655838013,27.778563499450684,30,1.2466144561767583,1.4832613512224744,18.65118384361267,False,True,True,True,True,0.03167602353451387,0.046829034890124355,0.07850505842463823,0.046829034890124355,4.930054556737928
359,2026-05-13T16:11:57.010Z,2026-05-13 16:11:57.010000+00:00,3,8,4.333645820617676,9.802682876586914,8.599370002746582,9.221449851989746,159949.203,2665.8200500000003,44.43033416666667,140.562,3,13,27.623502731323242,True,0.8772465773921577,-0.05687831752418264,30,3.708959579467773,4.955574035644531,-0.7158368783526745,0.7674244728697998,9.127379655838013,27.778563499450684,30,1.2466144561767583,1.4832613512224744,18.65118384361267,False,True,True,True,True,0.035486748266255586,0.031130628459349798,0.06661737672560539,0.031130628459349798,4.703639825473038
360,2026-05-13T16:14:17.916Z,2026-05-13 16:14:17.916000+00:00,3,9,4.630274772644043,5.065757751464844,9.655864715576172,1.288937211036682,160090.109,2668.1684833333334,44.46947472222222,140.906,3,13,16.010559678077698,True,1.906104711142973,0.28014675476110884,30,3.708959579467773,4.955574035644531,-0.7158368783526745,0.7674244728697998,9.127379655838013,27.778563499450684,30,1.2466144561767583,1.4832613512224744,18.65118384361267,False,True,True,True,True,0.03164010411454313,0.06030935151378481,0.09194945562832793,0.06030935151378481,5.0403374548563065
361,2026-05-13T16:16:38.863Z,2026-05-13 16:16:38.863000+00:00,3,10,4.955574035644531,1.3807687759399414,8.082494735717773,3.0977044105529785,160231.056,2670.5176,44.50862666666667,140.947,3,13,12.560967922210693,True,5.853619285543095,0.7674244728697998,30,3.708959579467773,4.955574035644531,-0.7158368783526745,0.7674244728697998,9.127379655838013,27.778563499450684,30,1.2466144561767583,1.4832613512224744,18.65118384361267,False,True,True,True,True,0.010992534846764662,0.06434611397602613,0.07533864882279079,0.06434611397602613,5.527561630753009
362,2026-05-13T16:18:59.309Z,2026-05-13 16:18:59.309000+00:00,3,11,4.676589012145996,3.837014675140381,9.274188995361328,8.942249298095703,160371.502,2672.858366666667,44.54763944444445,140.446,3,13,22.053452968597412,True,2.4170324537583436,0.38328248176616964,30,3.708959579467773,4.955574035644531,-0.7158368783526745,0.7674244728697998,9.127379655838013,27.778563499450684,30,1.2466144561767583,1.4832613512224744,18.65118384361267,False,True,True,True,True,0.017398702509779415,0.042053228619423594,0.05945193112920301,0.042053228619423594,5.143536033404474
363,2026-05-13T16:21:20.182Z,2026-05-13 16:21:20.182000+00:00,3,12,4.092702865600586,8.061115264892578,4.100265502929688,3.9817376136779785,160512.375,2675.20625,44.58677083333334,140.873,3,13,16.143118381500244,True,0.5086474226199181,-0.29358315178509264,30,3.708959579467773,4.955574035644531,-0.7158368783526745,0.7674244728697998,9.127379655838013,27.778563499450684,30,1.2466144561767583,1.4832613512224744,18.65118384361267,False,True,True,True,True,0.049935304161124704,0.025399463759297754,0.07533476792042246,0.025399463759297754,4.467296082560684
364,2026-05-13T16:23:40.793Z,2026-05-13 16:23:40.793000+00:00,3,13,4.028745651245117,5.389552593231201,2.6211366653442383,6.837344169616699,160652.986,2677.5497666666665,44.62582944444444,140.611,3,13,14.848033428192139,True,0.48633659659173806,-0.31306304875418167,30,3.708959579467773,4.955574035644531,-0.7158368783526745,0.7674244728697998,9.127379655838013,27.778563499450684,30,1.2466144561767583,1.4832613512224744,18.65118384361267,False,True,True,True,True,0.03629809037874331,0.017653089737577336,0.05395118011632065,0.017653089737577336,4.448238963680629
365,2026-05-13T16:26:01.190Z,2026-05-13 16:26:01.190000+00:00,3,14,4.3634185791015625,7.284557819366455,7.186082363128662,1.7513232231140137,160793.383,2679.8897166666666,44.66482861111111,140.397,3,13,16.22196340560913,True,0.9864816151261797,-0.005911004201605032,30,3.708959579467773,4.955574035644531,-0.7158368783526745,0.7674244728697998,9.127379655838013,27.778563499450684,30,1.2466144561767583,1.4832613512224744,18.65118384361267,False,True,True,True,True,0.044905524918442644,0.04429847474963421,0.08920399966807685,0.04429847474963421,4.7544317902178586
366,2026-05-13T16:28:21.855Z,2026-05-13 16:28:21.855000+00:00,3,15,4.347980499267578,6.09321928,5.743249893188477,2.233166456222534,160934.048,2682.2341333333334,44.703902222222226,140.665,3,13,14.06963562941101,True,0.9425641240320629,-0.02568909442087909,30,3.708959579467773,4.955574035644531,-0.7158368783526745,0.7674244728697998,9.127379655838013,27.778563499450684,30,1.2466144561767583,1.4832613512224744,18.65118384361267,False,True,True,True,True,0.043307584080306966,0.04082017505259945,0.08412775913290642,0.04082017505259945,4.734691598499139
367,2026-05-13T16:30:42.492Z,2026-05-13 16:30:42.492000+00:00,3,16,4.836481094360352,2.042135000228882,7.6403069496154785,3.707382678985596,161074.685,2684.5780833333333,44.74296805555556,140.637,3,13,13.389824628829956,True,3.741332942611118,0.5730263579455508,30,3.708959579467773,4.955574035644531,-0.7158368783526745,0.7674244728697998,9.127379655838013,27.778563499450684,30,1.2466144561767583,1.4832613512224744,18.65118384361267,False,True,True,True,True,0.015251394673474,0.057060545312632015,0.07231193998610602,0.057060545312632015,5.3331938557593315
368,2026-05-13T16:33:02.680Z,2026-05-13 16:33:02.680000+00:00,3,17,3.9895992279052734,7.405407428741455,3.2787628173828125,8.155632019042969,161214.873,2686.91455,44.781909166666665,140.188,3,13,18.839802265167236,True,0.44275252225251793,-0.35383895606170385,30,3.708959579467773,4.955574035644531,-0.7158368783526745,0.7674244728697998,9.127379655838013,27.778563499450684,30,1.2466144561767583,1.4832613512224744,18.65118384361267,False,True,True,True,True,0.03930724603428166,0.017403382324478488,0.056710628358760146,0.017403382324478488,4.407568714434666
369,2026-05-13T16:35:23.025Z,2026-05-13 16:35:23.025000+00:00,3,18,4.706361770629883,2.409048318862915,6.658300399780273,6.761423587799072,161355.218,2689.2536333333333,44.82089388888889,140.345,3,13,15.82877230644226,True,2.763871669839744,0.4415178743120303,30,3.708959579467773,4.955574035644531,-0.7158368783526745,0.7674244728697998,9.127379655838013,27.778563499450684,30,1.2466144561767583,1.4832613512224744,18.65118384361267,False,True,True,True,True,0.015219426195690743,0.04206454089348652,0.05728396708917726,0.04206454089348652,5.201762041780248
370,2026-05-13T16:37:43.378Z,2026-05-13 16:37:43.378000+00:00,3,19,4.479754447937012,6.665757179260254,8.770471572875977,9.001437187194824,161495.571,2691.59285,44.859880833333335,140.353,3,13,24.437665939331055,True,1.3157502346716592,0.11917345614825303,30,3.708959579467773,4.955574035644531,-0.7158368783526745,0.7674244728697998,9.127379655838013,27.778563499450684,30,1.2466144561767583,1.4832613512224744,18.65118384361267,False,True,True,True,True,0.027276570503126863,0.03588915404052723,0.06316572454365409,0.03588915404052723,4.879543244272771
371,2026-05-13T16:40:03.657Z,2026-05-13 16:40:03.657000+00:00,3,20,4.462662696838379,3.754547595977783,5.3496503829956055,1.5680594444274902,161635.85,2693.9308333333333,44.89884722222222,140.279,3,13,10.672257423400879,True,1.4248455363108576,0.15376778619446094,30,3.708959579467773,4.955574035644531,-0.7158368783526745,0.7674244728697998,9.127379655838013,27.778563499450684,30,1.2466144561767583,1.4832613512224744,18.65118384361267,False,True,True,True,True,0.03518044446477884,0.05012669926107215,0.08530714372585099,0.05012669926107215,4.9140238583050335
372,2026-05-13T16:42:24.005Z,2026-05-13 16:42:24.005000+00:00,3,21,4.449430465698242,9.009311676,9.840830803,2.752934694290161,161776.198,2696.2699666666667,44.93783277777778,140.348,3,13,21.60307717329016,True,1.092295522333309,0.03834015334607029,30,3.708959579467773,4.955574035644531,-0.7158368783526745,0.7674244728697998,9.127379655838013,27.778563499450684,30,1.2466144561767583,1.4832613512224744,18.65118384361267,False,True,True,True,True,0.0417038350774353,0.04555291231920937,0.08725674739664467,0.04555291231920937,4.798657272767964
373,2026-05-13T16:44:44.387Z,2026-05-13 16:44:44.387000+00:00,3,22,4.2630720138549805,8.404096603393555,6.410407066345215,2.109581470489502,161916.58,2698.6096666666663,44.97682777777777,140.382,3,13,16.92408514022827,True,0.7627717015719104,-0.1176054274235366,30,3.708959579467773,4.955574035644531,-0.7158368783526745,0.7674244728697998,9.127379655838013,27.778563499450684,30,1.2466144561767583,1.4832613512224744,18.65118384361267,False,True,True,True,True,0.049657612413076056,0.037877421516320446,0.0875350339293965,0.037877421516320446,4.642854517849773
374,2026-05-13T16:47:04.908Z,2026-05-13 16:47:04.908000+00:00,3,23,4.408630371,5.933389186859131,6.872577667236328,3.266444683074951,162057.101,2700.951683333333,45.01586138888889,140.521,3,13,16.07241153717041,True,1.1582887032688245,0.06381682071223656,30,3.708959579467773,4.955574035644531,-0.7158368783526745,0.7674244728697998,9.127379655838013,27.778563499450684,30,1.2466144561767583,1.4832613512224744,18.65118384361267,False,True,True,True,True,0.03691660814643202,0.04276009017901407,0.07967669832544609,0.04276009017901407,4.824145439492888
375,2026-05-13T16:49:25.077Z,2026-05-13 16:49:25.077000+00:00,3,24,4.572381973266602,4.616175651550293,7.935174465179443,9.610655784606934,162197.27,2703.2878333333333,45.05479722222222,140.169,3,13,22.16200590133667,True,1.7189931805377683,0.23527415378961705,30,3.708959579467773,4.955574035644531,-0.7158368783526745,0.7674244728697998,9.127379655838013,27.778563499450684,30,1.2466144561767583,1.4832613512224744,18.65118384361267,False,True,True,True,True,0.020829232119606446,0.03580530796944172,0.05663454008904817,0.03580530796944172,4.9956073034446105
376,2026-05-13T16:51:45.059Z,2026-05-13 16:51:45.059000+00:00,3,25,4.402565002441406,6.2313385009765625,6.546560764312744,5.227645397186279,162337.252,2705.6208666666666,45.09368111111111,139.982,3,13,18.005544662475586,True,1.0505866056364586,0.02143185950225368,30,3.708959579467773,4.955574035644531,-0.7158368783526745,0.7674244728697998,9.127379655838013,27.778563499450684,30,1.2466144561767583,1.4832613512224744,18.65118384361267,False,True,True,True,True,0.03460788672482077,0.0363585822424805,0.07096646896730127,0.0363585822424805,4.781836629061273
377,2026-05-13T16:54:05.171Z,2026-05-13 16:54:05.171000+00:00,3,26,4.623659133911133,3.320151090621948,6.826529026031494,7.439649105072021,162477.364,2707.9560666666666,45.13260111111111,140.112,3,13,17.586329221725464,True,2.0560898705223423,0.3130420935036521,30,3.708959579467773,4.955574035644531,-0.7158368783526745,0.7674244728697998,9.127379655838013,27.778563499450684,30,1.2466144561767583,1.4832613512224744,18.65118384361267,False,True,True,True,True,0.01887915919668081,0.03881724798827414,0.05769640718495495,0.03881724798827414,5.073330886068908
378,2026-05-13T16:56:25.603Z,2026-05-13 16:56:25.603000+00:00,3,27,4.238261222839356,8.715127944946289,5.898122787475586,1.537726879119873,162617.796,2710.2966,45.17161,140.432,3,13,16.150977611541748,True,0.6767683532283398,-0.16955995779947497,30,3.708959579467773,4.955574035644531,-0.7158368783526745,0.7674244728697998,9.127379655838013,27.778563499450684,30,1.2466144561767583,1.4832613512224744,18.65118384361267,False,True,True,True,True,0.053960374130655214,0.036518673539988646,0.09047904767064385,0.036518673539988646,4.590951412063951
379,2026-05-13T16:58:46.085Z,2026-05-13 16:58:46.085000+00:00,3,28,4.535442352294922,2.852504253387451,5.100419998168945,1.1744554042816162,162758.278,2712.6379666666667,45.210632777777775,140.482,3,13,9.127379655838013,True,1.788049918632729,0.25237963922730033,30,3.708959579467773,4.955574035644531,-0.7158368783526745,0.7674244728697998,9.127379655838013,27.778563499450684,30,1.2466144561767583,1.4832613512224744,18.65118384361267,False,True,True,True,True,0.031252170512737966,0.05588044094239729,0.08713261145513526,0.05588044094239729,5.012590110338115
380,2026-05-13T17:01:06.547Z,2026-05-13 17:01:06.547000+00:00,3,29,4.3386077880859375,7.494130611419678,7.268008708953857,3.021409511566162,162898.74,2714.979,45.249649999999995,140.462,3,13,17.783548831939697,True,0.9698267999064158,-0.013305818889647457,30,3.708959579467773,4.955574035644531,-0.7158368783526745,0.7674244728697998,9.127379655838013,27.778563499450684,30,1.2466144561767583,1.4832613512224744,18.65118384361267,False,True,True,True,True,0.042140804865449764,0.040869281928139864,0.08301008679358962,0.040869281928139864,4.747068922343584
381,2026-05-13T17:03:27.121Z,2026-05-13 17:03:27.121000+00:00,4,0,4.5767927169799805,3.8935978412628174,6.928095341,4.1779890060424805,163039.314,2717.3219000000004,45.288698333333336,140.574,3,14,14.999682188305297,True,1.779355655989628,0.2502627631463855,30,3.865545272827149,5.070807456970215,-0.550814791862388,0.9038714408313984,8.919628739356995,27.516841888427734,30,1.205262184143066,1.4546862326937864,18.59721314907074,False,True,True,True,True,0.02595786892270633,0.0461882808850549,0.07214614980776124,0.0461882808850549,5.010517822126182
382,2026-05-13T17:05:47.473Z,2026-05-13 17:05:47.473000+00:00,4,1,4.201320648193359,6.918266296386719,4.3813676834106445,3.5898101329803467,163179.666,2719.6611,45.327684999999995,140.352,3,14,14.88944411277771,True,0.6333042840081121,-0.1983875741631269,30,3.865545272827149,5.070807456970215,-0.550814791862388,0.9038714408313984,8.919628739356995,27.516841888427734,30,1.205262184143066,1.4546862326937864,18.59721314907074,False,True,True,True,True,0.04646423495723157,0.029425999051574236,0.0758902340088058,0.029425999051574236,4.5622727658210875
383,2026-05-13T17:08:07.786Z,2026-05-13 17:08:07.786000+00:00,4,2,4.182023048400879,5.3710103034973145,3.775545597076416,4.444301605224609,163319.979,2721.9996499999997,45.36666083333333,140.313,3,14,13.59085750579834,True,0.7029488650613801,-0.15307626591813508,30,3.865545272827149,5.070807456970215,-0.550814791862388,0.9038714408313984,8.919628739356995,27.516841888427734,30,1.205262184143066,1.4546862326937864,18.59721314907074,False,True,True,True,True,0.03951928935466987,0.027780039599897468,0.06729932895456733,0.027780039599897468,4.607580798424084
384,2026-05-13T17:10:28.315Z,2026-05-13 17:10:28.315000+00:00,4,3,4.205731391906738,9.220062255859377,5.928615570068359,5.257707118988037,163460.508,2724.3418,45.40569666666667,140.529,3,14,20.40638494491577,True,0.6430125313200251,-0.19178056326534762,30,3.865545272827149,5.070807456970215,-0.550814791862388,0.9038714408313984,8.919628739356995,27.516841888427734,30,1.205262184143066,1.4546862326937864,18.59721314907074,False,True,True,True,True,0.04518224213033159,0.029052747882938802,0.07423499001327039,0.029052747882938802,4.568882077302621
385,2026-05-13T17:12:48.437Z,2026-05-13 17:12:48.437000+00:00,4,4,4.449430465698242,8.174140930175781,9.667536735534668,3.653695583343506,163600.63,2726.677166666667,45.44461944444445,140.122,3,14,21.495373249053955,True,1.182697584751181,0.0728737099163362,30,3.865545272827149,5.070807456970215,-0.550814791862388,0.9038714408313984,8.919628739356995,27.516841888427734,30,1.205262184143066,1.4546862326937864,18.59721314907074,False,True,True,True,True,0.03802744355944384,0.04497496565201608,0.08300240921145992,0.04497496565201608,4.833183175219586
386,2026-05-13T17:15:08.458Z,2026-05-13 17:15:08.458000+00:00,4,5,5.0564727783203125,1.198941349983215,9.586523056030272,4.771748065948486,163740.651,2729.01085,45.483514166666666,140.021,3,14,15.557212471961973,True,7.995823195325176,0.9028631823765961,30,3.865545272827149,5.070807456970215,-0.550814791862388,0.9038714408313984,8.919628739356995,27.516841888427734,30,1.205262184143066,1.4546862326937864,18.59721314907074,False,True,True,True,True,0.0077066592240995,0.0616210845825215,0.069327743806621,0.0616210845825215,5.663000752315206
387,2026-05-13T17:17:28.436Z,2026-05-13 17:17:28.436000+00:00,4,6,4.252045631408691,4.214341163635254,3.395461082458496,1.3098264932632446,163880.629,2731.3438166666665,45.522396944444445,139.978,3,14,8.919628739356995,True,0.8056920288649818,-0.09383093303843573,30,3.865545272827149,5.070807456970215,-0.550814791862388,0.9038714408313984,8.919628739356995,27.516841888427734,30,1.205262184143066,1.4546862326937864,18.59721314907074,False,True,True,True,True,0.04724794368447067,0.03806729160683958,0.08531523529131024,0.03806729160683958,4.666612910502844
388,2026-05-13T17:19:48.651Z,2026-05-13 17:19:48.651000+00:00,4,7,5.070807456970215,1.205540418624878,9.661692619,1.4911398887634275,164020.844,2733.6807333333336,45.56134555555556,140.215,3,14,12.358372926388306,True,8.014407870306654,0.9038714408313984,30,3.865545272827149,5.070807456970215,-0.550814791862388,0.9038714408313984,8.919628739356995,27.516841888427734,30,1.205262184143066,1.4546862326937864,18.59721314907074,False,True,True,True,True,0.009754847388127761,0.07817932568105143,0.0879341730691792,0.07817932568105143,5.663979710590262
389,2026-05-13T17:22:08.847Z,2026-05-13 17:22:08.847000+00:00,4,8,4.877282143,1.9447400569915767,8.059001922607422,4.22996997833252,164161.04,2736.0173333333337,45.6002888888889,140.196,3,14,14.233711957931519,True,4.143999550805945,0.6174196996612813,30,3.865545272827149,5.070807456970215,-0.550814791862388,0.9038714408313984,8.919628739356995,27.516841888427734,30,1.205262184143066,1.4546862326937864,18.59721314907074,False,True,True,True,True,0.013662915638164928,0.056619116267254986,0.07028203190541991,0.056619116267254986,5.37758502539057
390,2026-05-13T17:24:29.401Z,2026-05-13 17:24:29.401000+00:00,4,9,4.468727111816406,5.611107349395752,7.567383289337158,6.251458168029785,164301.594,2738.3599000000004,45.63933166666667,140.554,3,14,19.429948806762695,True,1.348643470553468,0.12989715409283195,30,3.865545272827149,5.070807456970215,-0.550814791862388,0.9038714408313984,8.919628739356995,27.516841888427734,30,1.205262184143066,1.4546862326937864,18.59721314907074,False,True,True,True,True,0.028878652255855543,0.038947005803243756,0.06782565805909929,0.038947005803243756,4.890234347401539
391,2026-05-13T17:26:49.569Z,2026-05-13 17:26:49.569000+00:00,4,10,4.403667449951172,9.204072952270508,9.993342399597168,8.319426536560059,164441.762,2740.696033333333,45.67826722222222,140.168,3,14,27.516841888427734,True,1.0857521937754697,0.035730715532418696,30,3.865545272827149,5.070807456970215,-0.550814791862388,0.9038714408313984,8.919628739356995,27.516841888427734,30,1.205262184143066,1.4546862326937864,18.59721314907074,False,True,True,True,True,0.03344887102084669,0.03631718509019703,0.06976605611104372,0.03631718509019703,4.796129552899184
392,2026-05-13T17:29:10.056Z,2026-05-13 17:29:10.056000+00:00,4,11,4.680998802185059,1.7836320400238037,5.515382766723633,7.602388381958008,164582.249,2743.0374833333335,45.71729138888889,140.487,3,14,14.901403188705444,True,3.092220056021211,0.49027039265737427,30,3.865545272827149,5.070807456970215,-0.550814791862388,0.9038714408313984,8.919628739356995,27.516841888427734,30,1.205262184143066,1.4546862326937864,18.59721314907074,False,True,True,True,True,0.011969557614384342,0.03701250611690066,0.048982063731285004,0.03701250611690066,5.250540001306461
393,2026-05-13T17:31:30.529Z,2026-05-13 17:31:30.529000+00:00,4,12,4.378856658935547,8.194441795349121,8.412229537963867,8.507905960083008,164722.722,2745.3787,45.75631166666667,140.473,3,14,25.114577293395996,True,1.0265774958262996,0.0113917396192875,30,3.865545272827149,5.070807456970215,-0.550814791862388,0.9038714408313984,8.919628739356995,27.516841888427734,30,1.205262184143066,1.4546862326937864,18.59721314907074,False,True,True,True,True,0.03262822901464438,0.03349540563510064,0.06612363464974502,0.03349540563510064,4.771836078109069
394,2026-05-13T17:33:51.051Z,2026-05-13 17:33:51.051000+00:00,4,13,4.0910491943359375,5.788467884063721,3.143545866012573,6.240091800689697,164863.244,2747.7207333333336,45.795345555555556,140.522,3,14,15.172105550765991,True,0.5430704512790155,-0.26514382673339926,30,3.865545272827149,5.070807456970215,-0.550814791862388,0.9038714408313984,8.919628739356995,27.516841888427734,30,1.205262184143066,1.4546862326937864,18.59721314907074,False,True,True,True,True,0.038152040695310606,0.020719245957617698,0.058871286652928304,0.020719245957617698,4.495888342153385
395,2026-05-13T17:36:11.240Z,2026-05-13 17:36:11.240000+00:00,4,14,4.359007835388184,3.979618787765503,4.505301475524902,1.7468106746673584,165003.433,2750.0572166666666,45.83428694444444,140.189,3,14,10.231730937957764,True,1.1320937295239182,0.05388238491752309,30,3.865545272827149,5.070807456970215,-0.550814791862388,0.9038714408313984,8.919628739356995,27.516841888427734,30,1.205262184143066,1.4546862326937864,18.59721314907074,False,True,True,True,True,0.03889487332980854,0.044032642207303324,0.08292751553711186,0.044032642207303324,4.814204935839968
396,2026-05-13T17:38:31.772Z,2026-05-13 17:38:31.772000+00:00,4,15,4.5944366455078125,6.047500133514404,9.564828872680664,1.5660971403121948,165143.965,2752.3994166666666,45.87332361111111,140.532,3,14,17.178426146507263,True,1.5816169758597793,0.19910131771347,30,3.865545272827149,5.070807456970215,-0.550814791862388,0.9038714408313984,8.919628739356995,27.516841888427734,30,1.205262184143066,1.4546862326937864,18.59721314907074,False,True,True,True,True,0.03520404070744275,0.05567930840175016,0.0908833491091929,0.05567930840175016,4.959322448139123
397,2026-05-13T17:40:52.003Z,2026-05-13 17:40:52.003000+00:00,4,16,3.933362007141113,4.6711931228637695,1.754760742,5.408768177032471,165284.196,2754.7365999999997,45.91227666666666,140.231,3,14,11.83472204189624,True,0.3756557898261779,-0.42520991317273216,30,3.865545272827149,5.070807456970215,-0.550814791862388,0.9038714408313984,8.919628739356995,27.516841888427734,30,1.205262184143066,1.4546862326937864,18.59721314907074,False,True,True,True,True,0.03947023940509311,0.014827223958348583,0.05429746336344169,0.014827223958348583,4.336644333642799
398,2026-05-13T17:43:12.094Z,2026-05-13 17:43:12.094000+00:00,4,17,3.9096527099609375,4.2883710861206055,1.6781761646270752,7.906450271606445,165424.287,2757.0714500000004,45.95119083333334,140.091,3,14,13.872997522354126,True,0.3913318439391881,-0.407454810713236,30,3.865545272827149,5.070807456970215,-0.550814791862388,0.9038714408313984,8.919628739356995,27.516841888427734,30,1.205262184143066,1.4546862326937864,18.59721314907074,False,True,True,True,True,0.030911640250858394,0.012096709178553242,0.04300834942941163,0.012096709178553242,4.354749710686959
399,2026-05-13T17:45:32.718Z,2026-05-13 17:45:32.718000+00:00,4,18,4.127990723,5.839771270751953,3.2426791191101074,1.489819884300232,165564.911,2759.415183333333,45.99025305555555,140.624,3,14,10.572270274162292,True,0.5552750217034728,-0.25549186223846415,30,3.865545272827149,5.070807456970215,-0.550814791862388,0.9038714408313984,8.919628739356995,27.516841888427734,30,1.205262184143066,1.4546862326937864,18.59721314907074,False,True,True,True,True,0.05523668161439124,0.030671549582258914,0.08590823119665016,0.030671549582258914,4.505196087839655
400,2026-05-13T17:47:53.245Z,2026-05-13 17:47:53.245000+00:00,4,19,4.743302345275879,2.358746052,7.256134510040283,5.081063270568848,165705.438,2761.7572999999998,46.02928833333333,140.527,3,14,14.695943832609132,True,3.076267792324548,0.48802413856328497,30,3.865545272827149,5.070807456970215,-0.550814791862388,0.9038714408313984,8.919628739356995,27.516841888427734,30,1.205262184143066,1.4546862326937864,18.59721314907074,False,True,True,True,True,0.016050320271135836,0.04937508330658898,0.0654254035777248,0.04937508330658898,5.248226534015245
401,2026-05-13T17:50:13.235Z,2026-05-13 17:50:13.235000+00:00,4,20,3.865545272827149,8.883464813232422,2.4990077018737797,1.2598663568496704,165845.428,2764.090466666667,46.06817444444445,139.99,3,14,12.642338871955872,True,0.2813100242319153,-0.550814791862388,30,3.865545272827149,5.070807456970215,-0.550814791862388,0.9038714408313984,8.919628739356995,27.516841888427734,30,1.205262184143066,1.4546862326937864,18.59721314907074,False,True,True,True,True,0.07026757392920666,0.019766972924743026,0.09003454685394968,0.019766972924743026,4.210915410404108
402,2026-05-13T17:52:33.264Z,2026-05-13 17:52:33.264000+00:00,4,21,4.328683853149414,8.037932395935059,7.418594837188721,1.377280354499817,165985.457,2766.4242833333333,46.10707138888889,140.029,3,14,16.833807587623596,True,0.9229481503154282,-0.034822696226957724,30,3.865545272827149,5.070807456970215,-0.550814791862388,0.9038714408313984,8.919628739356995,27.516841888427734,30,1.205262184143066,1.4546862326937864,18.59721314907074,False,True,True,True,True,0.04774874819078149,0.04406961882255893,0.09181836701334042,0.04406961882255893,4.7255338033904195
403,2026-05-13T17:54:53.334Z,2026-05-13 17:54:53.334000+00:00,4,22,4.377754211425781,6.453321933746338,6.581615447998047,1.031609058380127,166125.527,2768.758783333333,46.14597972222222,140.07,3,14,14.066546440124512,True,1.0198802284418547,0.008549172564880409,30,3.865545272827149,5.070807456970215,-0.550814791862388,0.9038714408313984,8.919628739356995,27.516841888427734,30,1.205262184143066,1.4546862326937864,18.59721314907074,False,True,True,True,True,0.04587708831883838,0.04678913531486403,0.09266622363370242,0.04678913531486403,4.768868387430747
404,2026-05-13T17:57:13.795Z,2026-05-13 17:57:13.795000+00:00,4,23,4.1969099044799805,9.56947898864746,5.846657752990723,3.633256912231445,166265.988,2771.0998000000004,46.18499666666667,140.461,3,14,19.049393653869625,True,0.610969286826041,-0.21398062101313892,30,3.865545272827149,5.070807456970215,-0.550814791862388,0.9038714408313984,8.919628739356995,27.516841888427734,30,1.205262184143066,1.4546862326937864,18.59721314907074,False,True,True,True,True,0.050235084446919126,0.030692093718180127,0.08092717816509926,0.030692093718180127,4.546666663068242
405,2026-05-13T17:59:34.117Z,2026-05-13 17:59:34.117000+00:00,4,24,4.200768471,5.194295883178711,3.4571218490600586,1.0810973644256592,166406.31,2773.4384999999997,46.223974999999996,140.322,3,14,9.732515096664429,True,0.6655612092209949,-0.1768119978834913,30,3.865545272827149,5.070807456970215,-0.550814791862388,0.9038714408313984,8.919628739356995,27.516841888427734,30,1.205262184143066,1.4546862326937864,18.59721314907074,False,True,True,True,True,0.05337054021071001,0.035521361279417886,0.0888919014901279,0.035521361279417886,4.5837189803073075
406,2026-05-13T18:01:53.821Z,2026-05-13 18:01:53.821000+00:00,4,25,4.521657943725586,5.980834007263184,8.279717445373535,7.92725658416748,166546.014,2775.7669,46.26278166666667,139.704,3,14,22.1878080368042,True,1.3843750612905432,0.1412537671307169,30,3.865545272827149,5.070807456970215,-0.550814791862388,0.9038714408313984,8.919628739356995,27.516841888427734,30,1.205262184143066,1.4546862326937864,18.59721314907074,False,True,True,True,True,0.02695549734945619,0.037316518295270495,0.06427201564472669,0.037316518295270495,4.9016018228112985
407,2026-05-13T18:04:13.875Z,2026-05-13 18:04:13.875000+00:00,4,26,4.1638288497924805,9.810475349,5.247830867767334,1.8307209014892576,166686.068,2778.101133333333,46.30168555555555,140.054,3,14,16.889027118256593,True,0.5349211614197935,-0.2717102211252488,30,3.865545272827149,5.070807456970215,-0.550814791862388,0.9038714408313984,8.919628739356995,27.516841888427734,30,1.205262184143066,1.4546862326937864,18.59721314907074,False,True,True,True,True,0.05808786545434068,0.03107242845323262,0.0891602939075733,0.03107242845323262,4.488985444079477
408,2026-05-13T18:06:34.141Z,2026-05-13 18:06:34.141000+00:00,4,27,4.40587329864502,3.783614635467529,4.3814873695373535,3.927225589752197,166826.334,2780.4389,46.340648333333334,140.266,3,14,12.09232759475708,True,1.1580162864540637,0.06371466739434564,30,3.865545272827149,5.070807456970215,-0.550814791862388,0.9038714408313984,8.919628739356995,27.516841888427734,30,1.205262184143066,1.4546862326937864,18.59721314907074,False,True,True,True,True,0.031289382509848696,0.03623361453949571,0.0675229970493444,0.03623361453949571,4.824102469207763
409,2026-05-13T18:08:54.033Z,2026-05-13 18:08:54.033000+00:00,4,28,4.094357490539551,8.653905868530273,4.205327511,2.459256410598755,166966.226,2782.770433333333,46.379507222222216,139.892,3,14,15.318489790129028,True,0.48594560362536127,-0.3134123426050327,30,3.865545272827149,5.070807456970215,-0.550814791862388,0.9038714408313984,8.919628739356995,27.516841888427734,30,1.205262184143066,1.4546862326937864,18.59721314907074,False,True,True,True,True,0.05649320518597533,0.027452624694830174,0.08394582988080551,0.027452624694830174,4.447426399808004
410,2026-05-13T18:11:13.919Z,2026-05-13 18:11:13.919000+00:00,4,29,4.286229133605957,8.507207870483398,7.1768107414245605,8.533608436584473,167106.112,2785.1018666666664,46.41836444444444,139.886,3,14,24.21762704849243,True,0.8436153025395344,-0.07385555108973045,30,3.865545272827149,5.070807456970215,-0.550814791862388,0.9038714408313984,8.919628739356995,27.516841888427734,30,1.205262184143066,1.4546862326937864,18.59721314907074,False,True,True,True,True,0.035128164511943706,0.029634657132401928,0.06476282164434563,0.029634657132401928,4.686700249237945
411,2026-05-13T18:13:33.788Z,2026-05-13 18:13:33.788000+00:00,5,0,4.079471588134766,7.538750171661377,3.688419342041016,3.787360668182373,167245.981,2787.433016666667,46.45721694444445,139.869,3,15,15.014530181884766,True,0.4892613839235594,-0.31045906057508815,6,3.632321357727051,4.955574035644531,-0.8079373209403984,0.7967589753258314,9.976850390434265,18.489629983901978,6,1.3232526779174805,1.60469629626623,8.512779593467712,False,True,True,True,True,0.05020969740869402,0.02456566604056079,0.07477536344925481,0.02456566604056079,4.450473742522752
412,2026-05-13T18:15:53.822Z,2026-05-13 18:15:53.822000+00:00,5,1,3.632321357727051,9.681921959,1.5066912174224854,3.7997660636901855,167386.015,2789.766916666667,46.49611527777778,140.034,3,15,14.988379240112671,True,0.15561902107896192,-0.8079373209403984,6,3.632321357727051,4.955574035644531,-0.8079373209403984,0.7967589753258314,9.976850390434265,18.489629983901978,6,1.3232526779174805,1.60469629626623,8.512779593467712,False,True,True,True,True,0.06459619018104869,0.01005239588140525,0.07464858606245393,0.01005239588140525,3.9575427401980945
413,2026-05-13T18:18:13.719Z,2026-05-13 18:18:13.719000+00:00,5,2,4.679345131,3.528120756149292,8.399980545043945,4.002233028411865,167525.912,2792.0985333333333,46.534975555555555,139.897,3,15,15.930334329605103,True,2.3808653744074117,0.3767348389979248,6,3.632321357727051,4.955574035644531,-0.8079373209403984,0.7967589753258314,9.976850390434265,18.489629983901978,6,1.3232526779174805,1.60469629626623,8.512779593467712,False,True,True,True,True,0.022147185885437414,0.0527294680152025,0.07487665390063991,0.0527294680152025,5.136937972087224
414,2026-05-13T18:20:33.353Z,2026-05-13 18:20:33.353000+00:00,5,3,4.162174224853516,4.594911575317383,3.177110433578491,8.244260787963867,167665.546,2794.4257666666667,46.57376277777778,139.634,3,15,16.01628279685974,True,0.6914410389625484,-0.16024484743456516,6,3.632321357727051,4.955574035644531,-0.8079373209403984,0.7967589753258314,9.976850390434265,18.489629983901978,6,1.3232526779174805,1.60469629626623,8.512779593467712,False,True,True,True,True,0.028689001271994845,0.019836752846305993,0.04852575411830084,0.019836752846305993,4.600683681555035
415,2026-05-13T18:22:53.318Z,2026-05-13 18:22:53.318000+00:00,5,4,4.75267505645752,3.439703226089477,9.20216941833496,5.847757339477539,167805.511,2796.7585166666668,46.61264194444445,139.965,3,15,18.489629983901978,True,2.6752800499003233,0.4273692509405381,6,3.632321357727051,4.955574035644531,-0.8079373209403984,0.7967589753258314,9.976850390434265,18.489629983901978,6,1.3232526779174805,1.60469629626623,8.512779593467712,False,True,True,True,True,0.018603418397687026,0.049769354099280745,0.06837277249696777,0.049769354099280745,5.187577450085561
416,2026-05-13T18:25:13.297Z,2026-05-13 18:25:13.297000+00:00,5,5,4.955574035644531,1.1505264043807983,7.205358028411865,1.6209659576416016,167945.49,2799.0915,46.651525,139.979,3,15,9.976850390434265,True,6.262662031028932,0.7967589753258314,6,3.632321357727051,4.955574035644531,-0.8079373209403984,0.7967589753258314,9.976850390434265,18.489629983901978,6,1.3232526779174805,1.60469629626623,8.512779593467712,False,True,True,True,True,0.011531960081148606,0.07222076854355071,0.08375272862469932,0.07222076854355071,5.556879988398794
417,2026-05-14T16:26:02.964Z,2026-05-14 16:26:02.964000+00:00,1,0,4.528273582458496,1.0,1.0,1.0,247195.157,4119.919283333334,68.6653213888889,79249.667,4,16,3.0,True,1.0,0.0,2,4.528273582458496,4.8585357666015625,0.0,0.4689278396091642,3.0,12.81880259513855,2,0.3302621841430664,0.4689278396091642,9.81880259513855,False,True,True,True,True,0.03333333333333333,0.03333333333333333,0.06666666666666667,0.03333333333333333,4.760452344018065
418,2026-05-14T16:27:14.194Z,2026-05-14 16:27:14.194000+00:00,1,1,4.8585357666015625,2.402804374694824,7.073693752288818,3.3423044681549072,247266.387,4121.10645,68.6851075,71.23,4,16,12.81880259513855,True,2.9439324427679368,0.4689278396091642,2,4.528273582458496,4.8585357666015625,0.0,0.4689278396091642,3.0,12.81880259513855,2,0.3302621841430664,0.4689278396091642,9.81880259513855,False,True,True,True,True,0.018744374576811666,0.055182172436070376,0.07392654701288204,0.055182172436070376,5.229110954757021
419,2026-05-14T16:30:09.975Z,2026-05-14 16:30:09.975000+00:00,1,0,4.743853569030762,2.828554153442383,7.536417961120605,1.0917634963989258,247442.168,4124.036133333333,68.73393555555555,175.781,4,17,11.456735610961914,True,2.664406460787996,0.4256004780853969,10,3.775122643,4.743853569030762,-0.803373011775394,0.4256004780853969,9.417391538619995,22.022257804870605,10,0.9687309260307617,1.228973489860791,12.60486626625061,False,True,True,True,True,0.02468900609643113,0.0657815473537653,0.09047055345019643,0.0657815473537653,5.185758187775915
420,2026-05-14T16:31:21.440Z,2026-05-14 16:31:21.440000+00:00,1,1,4.651226043701172,3.845787525177002,7.536779880523682,7.259095191955566,247513.633,4125.227216666667,68.75378694444446,71.465,4,17,18.64166259765625,True,1.9597494222400658,0.29220054508331283,10,3.775122643,4.743853569030762,-0.803373011775394,0.4256004780853969,9.417391538619995,22.022257804870605,10,0.9687309260307617,1.228973489860791,12.60486626625061,False,True,True,True,True,0.020630067221903907,0.040429762318899894,0.0610598295408038,0.040429762318899894,5.0524822837003525
421,2026-05-14T16:32:31.525Z,2026-05-14 16:32:31.525000+00:00,1,2,4.674934387207031,3.115859031677246,6.701409339904785,1.469370722770691,247583.718,4126.3953,68.773255,70.085,4,17,11.286639094352722,True,2.150742145833684,0.33258834560165973,10,3.775122643,4.743853569030762,-0.803373011775394,0.4256004780853969,9.417391538619995,22.022257804870605,10,0.9687309260307617,1.228973489860791,12.60486626625061,False,True,True,True,True,0.027606615269874877,0.05937471096473565,0.08698132623461052,0.05937471096473565,5.092774467673006
422,2026-05-14T16:33:41.741Z,2026-05-14 16:33:41.741000+00:00,1,3,3.775122643,7.888556957244873,1.240579367,8.465868949890137,247653.934,4127.565566666667,68.79275944444446,70.216,4,17,17.595005274135012,True,0.15726315645862815,-0.803373011775394,10,3.775122643,4.743853569030762,-0.803373011775394,0.4256004780853969,9.417391538619995,22.022257804870605,10,0.9687309260307617,1.228973489860791,12.60486626625061,False,True,True,True,True,0.0448340698643677,0.007050747343757123,0.05188481720812482,0.007050747343757123,3.964315948998733
423,2026-05-14T16:34:51.276Z,2026-05-14 16:34:51.276000+00:00,1,4,4.553084373474121,3.698712348937988,6.169853210449219,4.8211445808410645,247723.469,4128.724483333333,68.81207472222222,69.535,4,17,14.689710140228271,True,1.6681084194667828,0.2222242743868124,10,3.775122643,4.743853569030762,-0.803373011775394,0.4256004780853969,9.417391538619995,22.022257804870605,10,0.9687309260307617,1.228973489860791,12.60486626625061,False,True,True,True,True,0.025178933509443037,0.04200119098029624,0.06718012448973928,0.04200119098029624,4.982511504018605
424,2026-05-14T16:36:00.957Z,2026-05-14 16:36:00.957000+00:00,1,5,4.22447681427002,8.578654289245605,5.017170906066895,8.426432609558105,247793.15,4129.885833333333,68.83143055555554,69.681,4,17,22.022257804870605,True,0.5848435823269547,-0.23296027138048006,10,3.775122643,4.743853569030762,-0.803373011775394,0.4256004780853969,9.417391538619995,22.022257804870605,10,0.9687309260307617,1.228973489860791,12.60486626625061,False,True,True,True,True,0.038954472176546254,0.022782273055386996,0.061736745231933246,0.022782273055386996,4.5279353366868484
425,2026-05-14T16:37:10.634Z,2026-05-14 16:37:10.634000+00:00,1,6,4.508424758911133,1.864347219467163,3.314729690551758,4.238314628601074,247862.827,4131.047116666667,68.85078527777777,69.677,4,17,9.417391538619995,True,1.7779572688713634,0.24992131899843603,10,3.775122643,4.743853569030762,-0.803373011775394,0.4256004780853969,9.417391538619995,22.022257804870605,10,0.9687309260307617,1.228973489860791,12.60486626625061,False,True,True,True,True,0.019796853638522082,0.035197959827392836,0.05499481346591492,0.035197959827392836,5.010256082159601
426,2026-05-14T16:38:20.219Z,2026-05-14 16:38:20.219000+00:00,1,7,4.606566429138184,2.9277288913726807,5.652953147888184,1.9975014925003047,247932.412,4132.206866666666,68.87011444444444,69.585,4,17,10.57818353176117,True,1.930832176621985,0.2857445275678978,10,3.775122643,4.743853569030762,-0.803373011775394,0.4256004780853969,9.417391538619995,22.022257804870605,10,0.9687309260307617,1.228973489860791,12.60486626625061,False,True,True,True,True,0.027677047600678573,0.05343973406128849,0.08111678166196706,0.05343973406128849,5.045958783378884
427,2026-05-14T16:39:29.831Z,2026-05-14 16:39:29.831000+00:00,1,8,4.2878828048706055,7.530465126037598,5.418348312,8.246042251586914,248002.024,4133.367066666667,68.88945111111111,69.612,4,17,21.19485568962451,True,0.719523724140934,-0.14295488193080333,10,3.775122643,4.743853569030762,-0.803373011775394,0.4256004780853969,9.417391538619995,22.022257804870605,10,0.9687309260307617,1.228973489860791,12.60486626625061,False,True,True,True,True,0.03552968341145147,0.025564450125755922,0.06109413353720739,0.025564450125755922,4.617749392330741
428,2026-05-14T16:40:39.613Z,2026-05-14 16:40:39.613000+00:00,1,9,4.057416915893555,4.415274620056152,1.9086229801177976,4.258406639099121,248071.806,4134.5301,68.908835,69.782,4,17,10.582304239273071,True,0.43227729741837084,-0.36423757238868953,10,3.775122643,4.743853569030762,-0.803373011775394,0.4256004780853969,9.417391538619995,22.022257804870605,10,0.9687309260307617,1.228973489860791,12.60486626625061,False,True,True,True,True,0.04172318731557703,0.01803598665245809,0.05975917396803512,0.01803598665245809,4.397143612156165
429,2026-05-14T16:41:49.706Z,2026-05-14 16:41:49.706000+00:00,2,0,4.046389579772949,7.560497760772705,3.101325750350952,8.667284965515137,248141.899,4135.698316666667,68.92830527777778,70.093,4,18,19.329108476638794,True,0.41020126564179915,-0.3870030039861765,10,3.586008071899414,5.025596618652344,-0.9386635967352401,0.9416610325858955,7.6667088267545775,22.02622318207446,10,1.4395885467529297,1.8803246293211355,14.359514355319883,False,True,True,True,True,0.039114570493048555,0.01604484632128389,0.055159416814332445,0.01604484632128389,4.374606846677111
430,2026-05-14T16:42:59.811Z,2026-05-14 16:42:59.811000+00:00,2,1,4.505117416381836,4.129807949066162,6.361728191375732,3.069538354873657,248212.004,4136.866733333333,68.94777888888889,70.105,4,18,13.561074495315552,True,1.5404416548750783,0.18764525380800168,10,3.586008071899414,5.025596618652344,-0.9386635967352401,0.9416610325858955,7.6667088267545775,22.02622318207446,10,1.4395885467529297,1.8803246293211355,14.359514355319883,False,True,True,True,True,0.03045339770453098,0.046911682356536616,0.0773650800610676,0.046911682356536616,4.947910406244732
431,2026-05-14T16:44:09.815Z,2026-05-14 16:44:09.815000+00:00,2,2,4.192498207092285,9.582213401794434,5.372310161590576,5.394876003265381,248282.008,4138.033466666667,68.96722444444444,70.004,4,18,20.34939956665039,True,0.5606544058583082,-0.2513047606292971,10,3.586008071899414,5.025596618652344,-0.9386635967352401,0.9416610325858955,7.6667088267545775,22.02622318207446,10,1.4395885467529297,1.8803246293211355,14.359514355319883,False,True,True,True,True,0.04708843310295131,0.02640033748413386,0.07348877058708517,0.02640033748413386,4.509489340417386
432,2026-05-14T16:45:19.672Z,2026-05-14 16:45:19.672000+00:00,2,3,4.1500444412231445,5.167928218841553,3.1343605518341064,6.846477985,248351.865,4139.19775,68.98662916666667,69.857,4,18,15.14876675567566,True,0.6065023388689225,-0.2171675200143771,10,3.586008071899414,5.025596618652344,-0.9386635967352401,0.9416610325858955,7.6667088267545775,22.02622318207446,10,1.4395885467529297,1.8803246293211355,14.359514355319883,False,True,True,True,True,0.034114514416860565,0.020690532783203507,0.05480504720006407,0.020690532783203507,4.543796252556861
433,2026-05-14T16:46:29.737Z,2026-05-14 16:46:29.737000+00:00,2,4,5.025596618652344,1.1132562160491943,9.733211517333984,3.3749003410339355,248421.93,4140.3655,69.00609166666666,70.065,4,18,14.221368074417114,True,8.743011156834967,0.9416610325858955,10,3.586008071899414,5.025596618652344,-0.9386635967352401,0.9416610325858955,7.6667088267545775,22.02622318207446,10,1.4395885467529297,1.8803246293211355,14.359514355319883,False,True,True,True,True,0.007828052900563317,0.0684407538459194,0.07626880674648272,0.0684407538459194,5.70178358632
434,2026-05-14T16:47:39.835Z,2026-05-14 16:47:39.835000+00:00,2,5,3.586008071899414,9.867508888244627,1.136433243751526,8.351887702941895,248492.028,4141.5338,69.02556333333334,70.098,4,18,19.35582983493805,True,0.1151692140967193,-0.9386635967352401,10,3.586008071899414,5.025596618652344,-0.9386635967352401,0.9416610325858955,7.6667088267545775,22.02622318207446,10,1.4395885467529297,1.8803246293211355,14.359514355319883,False,True,True,True,True,0.050979518689678587,0.005871271102519297,0.05685078979219788,0.005871271102519297,3.833312908015885
435,2026-05-14T16:48:49.585Z,2026-05-14 16:48:49.585000+00:00,2,6,4.057416915893555,2.231187582015991,1.4076043367385864,4.027916908,248561.778,4142.6963,69.04493833333332,69.75,4,18,7.6667088267545775,True,0.6308767349210256,-0.20005548793990316,10,3.586008071899414,5.025596618652344,-0.9386635967352401,0.9416610325858955,7.6667088267545775,22.02622318207446,10,1.4395885467529297,1.8803246293211355,14.359514355319883,False,True,True,True,True,0.02910228668434358,0.018359955602154317,0.0474622422864979,0.018359955602154317,4.561004263649655
436,2026-05-14T16:49:59.628Z,2026-05-14 16:49:59.628000+00:00,2,7,4.459905624389648,5.994959831237793,8.221460342407227,4.029926776885986,248631.821,4143.863683333333,69.06439472222222,70.043,4,18,18.246346950531006,True,1.3713954011114238,0.1371626887524562,10,3.586008071899414,5.025596618652344,-0.9386635967352401,0.9416610325858955,7.6667088267545775,22.02622318207446,10,1.4395885467529297,1.8803246293211355,14.359514355319883,False,True,True,True,True,0.032855671589996416,0.04505811691894835,0.07791378850894476,0.04505811691894835,4.897452121068807
437,2026-05-14T16:51:09.758Z,2026-05-14 16:51:09.758000+00:00,2,8,4.194152832,8.857570648,5.294661045074463,7.873991489,248701.951,4145.032516666667,69.08387527777778,70.13,4,18,22.02622318207446,True,0.5977554405699236,-0.2234764623912032,10,3.586008071899414,5.025596618652344,-0.9386635967352401,0.9416610325858955,7.6667088267545775,22.02622318207446,10,1.4395885467529297,1.8803246293211355,14.359514355319883,False,True,True,True,True,0.04021375146697202,0.02403798872510927,0.0642517401920813,0.02403798872510927,4.537360922502143
438,2026-05-14T16:52:19.842Z,2026-05-14 16:52:19.842000+00:00,2,9,4.080574035644531,8.736639976501465,3.9861936569213863,1.797316074371338,248772.035,4146.200583333333,69.10334305555556,70.084,4,18,14.52014970779419,True,0.45626163692711,-0.3407860457381417,10,3.586008071899414,5.025596618652344,-0.9386635967352401,0.9416610325858955,7.6667088267545775,22.02622318207446,10,1.4395885467529297,1.8803246293211355,14.359514355319883,False,True,True,True,True,0.06016907643735776,0.027452841307701255,0.08762191774505902,0.027452841307701255,4.4200893023928
439,2026-05-14T16:53:29.733Z,2026-05-14 16:53:29.733000+00:00,3,0,4.076163291931152,6.237651824951172,3.431779384613037,9.160170555114746,248841.926,4147.365433333333,69.12275722222222,69.891,4,19,18.829601764678955,True,0.5501716801321948,-0.25950176850623685,10,4.076163291931152,4.953369141,-0.25950176850623685,0.8275379635340268,10.543802261352539,22.539745807542726,10,0.8772058490688472,1.0870397320402636,11.995943546190187,False,True,True,True,True,0.033126838808943466,0.01822544856498482,0.05135228737392829,0.01822544856498482,4.501661422791494
440,2026-05-14T16:54:39.864Z,2026-05-14 16:54:39.864000+00:00,3,1,4.245429039001465,4.500831604003906,3.641085386276245,2.401885271072388,248912.057,4148.534283333333,69.14223805555555,70.131,4,19,10.543802261352539,True,0.8089805855071678,-0.09206190077126172,10,4.076163291931152,4.953369141,-0.25950176850623685,0.8275379635340268,10.543802261352539,22.539745807542726,10,0.8772058490688472,1.0870397320402636,11.995943546190187,False,True,True,True,True,0.04268698798062008,0.03453294453009947,0.07721993251071954,0.03453294453009947,4.668426216248947
441,2026-05-14T16:55:50.061Z,2026-05-14 16:55:50.061000+00:00,3,2,4.640750885009766,3.9728055000305176,8.63660717,9.930333137512209,248982.254,4149.704233333333,69.16173722222221,70.197,4,19,22.539745807542726,True,2.173931537784484,0.33724586301127396,10,4.076163291931152,4.953369141,-0.25950176850623685,0.8275379635340268,10.543802261352539,22.539745807542726,10,0.8772058490688472,1.0870397320402636,11.995943546190187,False,True,True,True,True,0.017625777743691562,0.03831723411499093,0.055943011858682494,0.03831723411499093,5.097533242358976
442,2026-05-14T16:57:00.069Z,2026-05-14 16:57:00.069000+00:00,3,3,4.953369141,1.310960054397583,8.813074111938477,4.5904316902160645,249052.262,4150.871033333333,69.18118388888888,70.008,4,19,14.714465856552124,True,6.722610717523572,0.8275379635340268,10,4.076163291931152,4.953369141,-0.25950176850623685,0.8275379635340268,10.543802261352539,22.539745807542726,10,0.8772058490688472,1.0870397320402636,11.995943546190187,False,True,True,True,True,0.008909328188857313,0.05989394516834705,0.06880327335720436,0.05989394516834705,5.587682469730431
443,2026-05-14T16:58:10.316Z,2026-05-14 16:58:10.316000+00:00,3,4,4.253699303,7.374316215515137,5.342310905456543,5.357476711273193,249122.509,4152.041816666667,69.20069694444445,70.247,4,19,18.074103832244873,True,0.7244483080636858,-0.13999259752697824,10,4.076163291931152,4.953369141,-0.25950176850623685,0.8275379635340268,10.543802261352539,22.539745807542726,10,0.8772058490688472,1.0870397320402636,11.995943546190187,False,True,True,True,True,0.040800452868700925,0.029557819048962538,0.07035827191766346,0.029557819048962538,4.620614267135119
444,2026-05-14T16:59:20.258Z,2026-05-14 16:59:20.258000+00:00,3,5,4.511181831359863,5.155566692352295,8.679261207580566,5.166172981262207,249192.451,4153.207516666666,69.22012527777777,69.942,4,19,19.00100088119507,True,1.6834737528379329,0.2262063496599481,10,4.076163291931152,4.953369141,-0.25950176850623685,0.8275379635340268,10.543802261352539,22.539745807542726,10,0.8772058490688472,1.0870397320402636,11.995943546190187,False,True,True,True,True,0.027133132220706655,0.04567791592584087,0.07281104814654753,0.04567791592584087,4.986469564052352
445,2026-05-14T17:00:30.377Z,2026-05-14 17:00:30.377000+00:00,3,6,4.948407173156738,1.3887290954589844,9.288988113,4.429559707641602,249262.57,4154.376166666667,69.23960277777778,70.119,4,19,15.107276916100586,True,6.688841001008859,0.8253508725552363,10,4.076163291931152,4.953369141,-0.25950176850623685,0.8275379635340268,10.543802261352539,22.539745807542726,10,0.8772058490688472,1.0870397320402636,11.995943546190187,False,True,True,True,True,0.009192451446884818,0.06148684613770638,0.0706792975845912,0.06148684613770638,5.585491730083385
446,2026-05-14T17:01:40.335Z,2026-05-14 17:01:40.335000+00:00,3,7,4.425722122192383,7.627596855163574,8.794168472290039,4.523181915283203,249332.528,4155.542133333333,69.25903555555556,69.958,4,19,20.944947242736816,True,1.15294091170232,0.0618070502442231,10,4.076163291931152,4.953369141,-0.25950176850623685,0.8275379635340268,10.543802261352539,22.539745807542726,10,0.8772058490688472,1.0870397320402636,11.995943546190187,False,True,True,True,True,0.03641736007622857,0.04198706432807863,0.0784044244043072,0.04198706432807863,4.822142434540979
447,2026-05-14T17:02:50.384Z,2026-05-14 17:02:50.384000+00:00,3,8,4.350737571716309,5.9412126541137695,5.414473533630371,2.9679551124572754,249402.577,4156.709616666666,69.2784936111111,70.049,4,19,14.323641300201416,True,0.9113414800733184,-0.04031886218894858,10,4.076163291931152,4.953369141,-0.25950176850623685,0.8275379635340268,10.543802261352539,22.539745807542726,10,0.8772058490688472,1.0870397320402636,11.995943546190187,False,True,True,True,True,0.04147836803222813,0.037800957313516605,0.07927932534574474,0.037800957313516605,4.72009944813673
448,2026-05-14T17:04:00.514Z,2026-05-14 17:04:00.514000+00:00,3,9,4.881141662597656,1.5714197158813477,8.664034843444824,2.6927719116210938,249472.707,4157.87845,69.29797416666666,70.13,4,19,12.928226470947266,True,5.513507789092176,0.7414279924511689,10,4.076163291931152,4.953369141,-0.25950176850623685,0.8275379635340268,10.543802261352539,22.539745807542726,10,0.8772058490688472,1.0870397320402636,11.995943546190187,False,True,True,True,True,0.01215495195271133,0.06701642226731507,0.0791713742200264,0.06701642226731507,5.501560879938737
449,2026-05-14T17:05:10.631Z,2026-05-14 17:05:10.631000+00:00,4,0,3.69627857208252,9.325201988220217,1.729438543319702,5.946636677,249542.824,4159.047066666667,69.31745111111111,70.117,4,20,17.001277208539918,True,0.1854585611662207,-0.7317531139049046,10,3.58711051940918,4.519452095031738,-0.8535853767658836,0.22367125530295828,7.430984258651733,21.88802194595337,10,0.9323415756225581,1.077256632068842,14.457037687301636,False,True,True,True,True,0.05485000846604673,0.01017240365006805,0.06502241211611477,0.01017240365006805,4.032921230421807
450,2026-05-14T17:06:20.722Z,2026-05-14 17:06:20.722000+00:00,4,1,4.40587329864502,4.402459144592285,6.169421195983887,8.091853141784668,249612.915,4160.21525,69.33692083333334,70.091,4,20,18.66373348236084,True,1.4013579668449692,0.14654908686880525,10,3.58711051940918,4.519452095031738,-0.8535853767658836,0.22367125530295828,7.430984258651733,21.88802194595337,10,0.9323415756225581,1.077256632068842,14.457037687301636,False,True,True,True,True,0.023588309106283935,0.03305566489049273,0.05664397399677666,0.03305566489049273,4.906939976919468
451,2026-05-14T17:07:30.567Z,2026-05-14 17:07:30.567000+00:00,4,2,4.519452095031738,4.198347568511963,7.026671409606934,5.835440158843994,249682.76,4161.379333333333,69.35632222222222,69.845,4,20,17.06045913696289,True,1.6736754865908887,0.22367125530295828,10,3.58711051940918,4.519452095031738,-0.8535853767658836,0.22367125530295828,7.430984258651733,21.88802194595337,10,0.9323415756225581,1.077256632068842,14.457037687301636,False,True,True,True,True,0.02460864350019688,0.04118688338453372,0.0657955268847306,0.04118688338453372,4.983963791885054
452,2026-05-14T17:08:40.810Z,2026-05-14 17:08:40.810000+00:00,4,3,4.020476341247559,8.842449188232422,3.841378688812256,9.204194068908691,249753.003,4162.55005,69.37583416666666,70.243,4,20,21.88802194595337,True,0.4344247399153147,-0.36208545021764826,10,3.58711051940918,4.519452095031738,-0.8535853767658836,0.22367125530295828,7.430984258651733,21.88802194595337,10,0.9323415756225581,1.077256632068842,14.457037687301636,False,True,True,True,True,0.04039857603426427,0.017550140886634324,0.05794871692089859,0.017550140886634324,4.399328946487893
453,2026-05-14T17:09:50.830Z,2026-05-14 17:09:50.830000+00:00,4,4,4.035363197,8.714832305908203,3.887411117553711,3.0980114936828613,249823.023,4163.71705,69.39528416666667,70.02,4,20,15.700254917144775,True,0.4460683787246541,-0.3505985623045352,10,3.58711051940918,4.519452095031738,-0.8535853767658836,0.22367125530295828,7.430984258651733,21.88802194595337,10,0.9323415756225581,1.077256632068842,14.457037687301636,False,True,True,True,True,0.0555075847615159,0.02476017834149071,0.08026776310300661,0.02476017834149071,4.410386902186132
454,2026-05-14T17:11:00.673Z,2026-05-14 17:11:00.673000+00:00,4,5,4.327029228210449,7.427002906799316,7.237465381622314,5.775532245635986,249892.866,4164.8811000000005,69.414685,69.843,4,20,20.440000534057617,True,0.9744799446620004,-0.011227094475813678,10,3.58711051940918,4.519452095031738,-0.8535853767658836,0.22367125530295828,7.430984258651733,21.88802194595337,10,0.9323415756225581,1.077256632068842,14.457037687301636,False,True,True,True,True,0.036335629710108217,0.03540834242916519,0.07174397213927342,0.03540834242916519,4.749204346446836
455,2026-05-14T17:12:10.589Z,2026-05-14 17:12:10.589000+00:00,4,6,3.974713325500488,6.9090681076049805,2.674503326416016,7.608575344085693,249962.782,4166.0463666666665,69.4341061111111,69.916,4,20,17.19214677810669,True,0.38710044318019166,-0.4121763314694677,10,3.58711051940918,4.519452095031738,-0.8535853767658836,0.22367125530295828,7.430984258651733,21.88802194595337,10,0.9323415756225581,1.077256632068842,14.457037687301636,False,True,True,True,True,0.04018734947286119,0.015556540791181808,0.055743890264043,0.015556540791181808,4.349553650477558
456,2026-05-14T17:13:20.676Z,2026-05-14 17:13:20.676000+00:00,4,7,4.189741134643555,6.404359340667725,4.694512367248535,5.250429630279541,250032.869,4167.214483333333,69.45357472222221,70.087,4,20,16.3493013381958,True,0.7330182642061245,-0.1348852041513465,10,3.58711051940918,4.519452095031738,-0.8535853767658836,0.22367125530295828,7.430984258651733,21.88802194595337,10,0.9323415756225581,1.077256632068842,14.457037687301636,False,True,True,True,True,0.03917206740636457,0.028713840855578668,0.06788590826194324,0.028713840855578668,4.625735243930479
457,2026-05-14T17:14:30.795Z,2026-05-14 17:14:30.795000+00:00,4,8,4.212899208068848,2.976303100585937,2.511207103729248,1.943474054336548,250102.988,4168.383133333334,69.47305222222222,70.119,4,20,7.430984258651733,True,0.8437336584553076,-0.07379462555222353,10,3.58711051940918,4.519452095031738,-0.8535853767658836,0.22367125530295828,7.430984258651733,21.88802194595337,10,0.9323415756225581,1.077256632068842,14.457037687301636,False,True,True,True,True,0.04005260941201284,0.03379373466987909,0.07384634408189193,0.03379373466987909,4.686692811653735
458,2026-05-14T17:15:40.800Z,2026-05-14 17:15:40.800000+00:00,4,9,3.58711051940918,8.419623374938965,1.179525375366211,8.589582443237305,250172.993,4169.549883333333,69.49249805555556,70.005,4,20,18.18873119354248,True,0.14009241540150974,-0.8535853767658836,10,3.58711051940918,4.519452095031738,-0.8535853767658836,0.22367125530295828,7.430984258651733,21.88802194595337,10,0.9323415756225581,1.077256632068842,14.457037687301636,False,True,True,True,True,0.04629032825515708,0.00648492389499371,0.05277525215015079,0.00648492389499371,3.9156135870416193
459,2026-05-14T17:16:50.776Z,2026-05-14 17:16:50.776000+00:00,5,0,4.731724739074707,2.3828330039978027,8.089807510375977,1.2227840423583984,250242.969,4170.71615,69.51193583333334,69.976,4,21,11.695424556732178,True,3.3950375443026375,0.530844581324416,10,4.114757537841797,4.731724739074707,-0.21562828854611232,0.530844581324416,11.695424556732178,27.21252155303955,10,0.6169672012329102,0.7464728698705283,15.517096996307373,False,True,True,True,True,0.02037406160365666,0.06917070407434917,0.08954476567800583,0.06917070407434917,5.290985743668298
460,2026-05-14T17:18:00.957Z,2026-05-14 17:18:00.957000+00:00,5,1,4.344673156738281,9.183122634887695,8.673872947692871,9.355525970458984,250313.15,4171.885833333333,69.53143055555554,70.181,4,21,27.21252155303955,True,0.9445450412194074,-0.02477732764511582,10,4.114757537841797,4.731724739074707,-0.21562828854611232,0.530844581324416,11.695424556732178,27.21252155303955,10,0.6169672012329102,0.7464728698705283,15.517096996307373,False,True,True,True,True,0.033745945288418046,0.03187456528343669,0.06562051057185474,0.03187456528343669,4.7357095601126105
461,2026-05-14T17:19:10.839Z,2026-05-14 17:19:10.839000+00:00,5,2,4.413592338562012,5.934236526489258,6.777801513671875,8.025571823120117,250383.032,4173.050533333333,69.55084222222222,69.882,4,21,20.73760986328125,True,1.1421522353241416,0.057723994062946773,10,4.114757537841797,4.731724739074707,-0.21562828854611232,0.530844581324416,11.695424556732178,27.21252155303955,10,0.6169672012329102,0.7464728698705283,15.517096996307373,False,True,True,True,True,0.02861581718246435,0.032683619560578636,0.06129943674304299,0.032683619560578636,4.818156644994868
462,2026-05-14T17:20:20.772Z,2026-05-14 17:20:20.772000+00:00,5,3,4.319862365722656,9.774289131,8.607541084,5.355743885040283,250452.965,4174.216083333334,69.57026805555556,69.933,4,21,23.737574100040284,True,0.8806309050855107,-0.055206077367770195,10,4.114757537841797,4.731724739074707,-0.21562828854611232,0.530844581324416,11.695424556732178,27.21252155303955,10,0.6169672012329102,0.7464728698705283,15.517096996307373,False,True,True,True,True,0.04117644494676233,0.03626124998167101,0.07743769492843333,0.03626124998167101,4.705237920722135
463,2026-05-14T17:21:30.796Z,2026-05-14 17:21:30.796000+00:00,5,4,4.453841209411621,6.372848510742188,8.533260345458984,7.127196311950684,250522.989,4175.38315,69.58971916666665,70.024,4,21,22.033305168151855,True,1.3390025403985621,0.1267814009702097,10,4.114757537841797,4.731724739074707,-0.21562828854611232,0.530844581324416,11.695424556732178,27.21252155303955,10,0.6169672012329102,0.7464728698705283,15.517096996307373,False,True,True,True,True,0.028923706462132846,0.0387289164305382,0.06765262289267104,0.0387289164305382,4.887121529170973
464,2026-05-14T17:22:40.975Z,2026-05-14 17:22:40.975000+00:00,5,5,4.328683853149414,9.544429779052734,9.169128418,3.013535976409912,250593.168,4176.5528,69.60921333333334,70.179,4,21,21.727094173462646,True,0.9606784931378077,-0.017421931809135763,10,4.114757537841797,4.731724739074707,-0.21562828854611232,0.530844581324416,11.695424556732178,27.21252155303955,10,0.6169672012329102,0.7464728698705283,15.517096996307373,False,True,True,True,True,0.04392869889941495,0.042201356264194426,0.08613005516360937,0.042201356264194426,4.742942731054574
465,2026-05-14T17:23:50.998Z,2026-05-14 17:23:50.998000+00:00,5,6,4.114757537841797,5.1971611976623535,3.163281917572021,7.597070217132568,250663.191,4177.7198499999995,69.62866416666665,70.023,4,21,15.957513332366943,True,0.6086557251668167,-0.21562828854611232,10,4.114757537841797,4.731724739074707,-0.21562828854611232,0.530844581324416,11.695424556732178,27.21252155303955,10,0.6169672012329102,0.7464728698705283,15.517096996307373,False,True,True,True,True,0.0325687410651937,0.019823150710805756,0.052391891775999455,0.019823150710805756,4.545375338011981
466,2026-05-14T17:25:00.983Z,2026-05-14 17:25:00.983000+00:00,5,7,4.250391006469727,6.867644786834717,5.549808502197266,1.851370930671692,250733.176,4178.886266666666,69.64810444444444,69.985,4,21,14.268824219703674,True,0.808109428262256,-0.09252982626423242,10,4.114757537841797,4.731724739074707,-0.21562828854611232,0.530844581324416,11.695424556732178,27.21252155303955,10,0.6169672012329102,0.7464728698705283,15.517096996307373,False,True,True,True,True,0.04813041832382556,0.03889464483368988,0.08702506315751543,0.03889464483368988,4.667903867278796
467,2026-05-14T17:26:11.056Z,2026-05-14 17:26:11.056000+00:00,5,8,4.687064170837402,2.748014450073242,7.902866363525391,1.4058113098144531,250803.249,4180.05415,69.66756916666667,70.073,4,21,12.056692123413086,True,2.8758459997598473,0.4587656260623006,10,4.114757537841797,4.731724739074707,-0.21562828854611232,0.530844581324416,11.695424556732178,27.21252155303955,10,0.6169672012329102,0.7464728698705283,15.517096996307373,False,True,True,True,True,0.022792441093663067,0.06554755054397289,0.08833999163763595,0.06554755054397289,5.218920718926963
468,2026-05-14T17:27:21.085Z,2026-05-14 17:27:21.085000+00:00,5,9,4.624210357666016,4.559953689575195,9.360037803649902,1.6332210302352903,250873.278,4181.2213,69.68702166666667,70.029,4,21,15.553212523460388,True,2.052660715622724,0.3123171707491283,10,4.114757537841797,4.731724739074707,-0.21562828854611232,0.530844581324416,11.695424556732178,27.21252155303955,10,0.6169672012329102,0.7464728698705283,15.517096996307373,False,True,True,True,True,0.02931840404480415,0.06018073622752386,0.08949914027232801,0.06018073622752386,5.072503583119023
469,2026-05-14T17:28:31.023Z,2026-05-14 17:28:31.023000+00:00,6,0,4.616490364074707,1.29723858833313,3.84742283821106,2.903017044067383,250943.216,4182.386933333333,69.70644888888889,69.938,4,22,8.047678470611572,True,2.965855990419431,0.47215005967801366,10,3.689111709594727,4.616490364074707,-0.6880972809912438,0.47215005967801366,7.402979135513306,18.8262779712677,10,0.92737865447998,1.1602473406692575,11.423298835754395,False,True,True,True,True,0.016119413729939292,0.04780785977298967,0.06392727350292897,0.04780785977298967,5.232361013065721
470,2026-05-14T17:29:40.978Z,2026-05-14 17:29:40.978000+00:00,6,1,4.041427612304688,3.992306709289551,2.0435984134674072,8.391628265,251013.171,4183.55285,69.72588083333333,69.955,4,22,14.427533387756958,True,0.5118841217064395,-0.29082834175709316,10,3.689111709594727,4.616490364074707,-0.6880972809912438,0.47215005967801366,7.402979135513306,18.8262779712677,10,0.92737865447998,1.1602473406692575,11.423298835754395,False,True,True,True,True,0.027671443218959226,0.014164572408486554,0.04183601562744578,0.014164572408486554,4.470738785209681
471,2026-05-14T17:30:51.188Z,2026-05-14 17:30:51.188000+00:00,6,2,3.754171371459961,8.958148956298828,2.122225046157837,6.183496475219727,251083.381,4184.723016666667,69.74538361111111,70.21,4,22,17.26387047767639,True,0.23690441591347025,-0.625426843924856,10,3.689111709594727,4.616490364074707,-0.6880972809912438,0.47215005967801366,7.402979135513306,18.8262779712677,10,0.92737865447998,1.1602473406692575,11.423298835754395,False,True,True,True,True,0.05188957463439298,0.012292869370759293,0.06418244400515227,0.012292869370759293,4.1377481265346665
472,2026-05-14T17:32:01.117Z,2026-05-14 17:32:01.117000+00:00,6,3,4.360661506652832,1.9722771644592283,2.892667055130005,2.5380349159240723,251153.31,4185.8885,69.76480833333333,69.929,4,22,7.402979135513306,True,1.466663563953566,0.1663305030215678,10,3.689111709594727,4.616490364074707,-0.6880972809912438,0.47215005967801366,7.402979135513306,18.8262779712677,10,0.92737865447998,1.1602473406692575,11.423298835754395,False,True,True,True,True,0.026641668554729422,0.0390743645521491,0.06571603310687851,0.0390743645521491,4.926655100268513
473,2026-05-14T17:33:11.274Z,2026-05-14 17:33:11.274000+00:00,6,4,4.249288558959961,9.041465759277344,6.639795780181885,3.111891746520996,251223.467,4187.057783333334,69.78429638888889,70.157,4,22,18.793153285980225,True,0.7343716115242561,-0.13408411992862954,10,3.689111709594727,4.616490364074707,-0.6880972809912438,0.47215005967801366,7.402979135513306,18.8262779712677,10,0.92737865447998,1.1602473406692575,11.423298835754395,False,True,True,True,True,0.048110424161879835,0.0353309297228752,0.08344135388475504,0.0353309297228752,4.626419734815743
474,2026-05-14T17:34:21.125Z,2026-05-14 17:34:21.125000+00:00,6,5,4.290639877319336,3.3639943599700928,3.486858845,5.350299358,251293.318,4188.221966666667,69.80369944444445,69.851,4,22,12.201152562970094,True,1.0365233920995633,0.015579107631158554,10,3.689111709594727,4.616490364074707,-0.6880972809912438,0.47215005967801366,7.402979135513306,18.8262779712677,10,0.92737865447998,1.1602473406692575,11.423298835754395,False,True,True,True,True,0.027571119552915455,0.028578110362970525,0.05614922991588598,0.028578110362970525,4.776097348910967
475,2026-05-14T17:35:31.264Z,2026-05-14 17:35:31.264000+00:00,6,6,3.689111709594727,6.196597099304199,1.270737886428833,9.009205818,251363.457,4189.39095,69.8231825,70.139,4,22,16.47654080373303,True,0.20507027745462442,-0.6880972809912438,10,3.689111709594727,4.616490364074707,-0.6880972809912438,0.47215005967801366,7.402979135513306,18.8262779712677,10,0.92737865447998,1.1602473406692575,11.423298835754395,False,True,True,True,True,0.03760860470117768,0.007712407000751799,0.04532101170192948,0.007712407000751799,4.077554555307521
476,2026-05-14T17:36:41.427Z,2026-05-14 17:36:41.427000+00:00,6,7,4.357353210449219,4.895693778991699,5.825448036193848,6.338499069213867,251433.62,4190.560333333333,69.84267222222222,70.163,4,22,17.059640884399414,True,1.1899126659416264,0.07551508736606441,10,3.689111709594727,4.616490364074707,-0.6880972809912438,0.47215005967801366,7.402979135513306,18.8262779712677,10,0.92737865447998,1.1602473406692575,11.423298835754395,False,True,True,True,True,0.02869751955604576,0.03414754200084636,0.06284506155689212,0.03414754200084636,4.835921457394803
477,2026-05-14T17:37:51.538Z,2026-05-14 17:37:51.538000+00:00,6,8,4.345775604248047,8.131330490112305,7.878332138061523,2.816615343093872,251503.731,4191.72885,69.8621475,70.111,4,22,18.8262779712677,True,0.9688859833752389,-0.013727326875328271,10,3.689111709594727,4.616490364074707,-0.6880972809912438,0.47215005967801366,7.402979135513306,18.8262779712677,10,0.92737865447998,1.1602473406692575,11.423298835754395,False,True,True,True,True,0.043191386542375414,0.04184752902344946,0.08503891556582488,0.04184752902344946,4.746638843807438
478,2026-05-14T17:39:01.618Z,2026-05-14 17:39:01.618000+00:00,6,9,4.270791053771973,7.472982406616211,5.957310676574707,1.4764686822891235,251573.811,4192.89685,69.88161416666667,70.08,4,22,14.906761765480042,True,0.7971798075291061,-0.09844371046044766,10,3.689111709594727,4.616490364074707,-0.6880972809912438,0.47215005967801366,7.402979135513306,18.8262779712677,10,0.92737865447998,1.1602473406692575,11.423298835754395,False,True,True,True,True,0.05013149417817612,0.03996381488010495,0.09009530905828106,0.03996381488010495,4.661981588374166
479,2026-05-14T17:40:11.882Z,2026-05-14 17:40:11.882000+00:00,7,0,4.299461364746094,3.164029359817505,3.428013801574707,9.064626693725586,251644.075,4194.067916666667,69.90113194444444,70.264,4,23,15.656669855117798,True,1.0834329937356928,0.03480205700267586,10,4.0910491943359375,4.770870208740234,-0.27846894995647514,0.5530586179656537,8.789843320374878,23.768266677856445,10,0.6798210144042969,0.8315275679221288,14.978423357481567,False,True,True,True,True,0.02020882722249686,0.02189491017755714,0.042103737400054,0.02189491017755714,4.79546389642861
480,2026-05-14T17:41:22.060Z,2026-05-14 17:41:22.060000+00:00,7,1,4.317104339599609,8.480957031,7.906256675720215,3.526937961578369,251714.253,4195.23755,69.92062583333333,70.178,4,23,19.914151668298587,True,0.9322363793167312,-0.03047395329333509,10,4.0910491943359375,4.770870208740234,-0.27846894995647514,0.5530586179656537,8.789843320374878,23.768266677856445,10,0.6798210144042969,0.8315275679221288,14.978423357481567,False,True,True,True,True,0.042587588827601774,0.039701699612473156,0.08228928844007494,0.039701699612473156,4.729919684109611
481,2026-05-14T17:42:32.297Z,2026-05-14 17:42:32.297000+00:00,7,2,4.770870208740234,2.4658637046813965,8.811050415039062,6.673189163208008,251784.49,4196.408166666666,69.9401361111111,70.237,4,23,17.950103282928467,True,3.573210635409997,0.5530586179656537,10,4.0910491943359375,4.770870208740234,-0.27846894995647514,0.5530586179656537,8.789843320374878,23.768266677856445,10,0.6798210144042969,0.8315275679221288,14.978423357481567,False,True,True,True,True,0.013737323210984352,0.049086349399553905,0.06282367261053826,0.049086349399553905,5.313255252853064
482,2026-05-14T17:43:42.538Z,2026-05-14 17:43:42.538000+00:00,7,3,4.234401702880859,6.628214359283447,4.927308082580566,4.943331718444824,251854.731,4197.57885,69.9596475,70.241,4,23,16.498854160308838,True,0.743383936531775,-0.12878682762418245,10,4.0910491943359375,4.770870208740234,-0.27846894995647514,0.5530586179656537,8.789843320374878,23.768266677856445,10,0.6798210144042969,0.8315275679221288,14.978423357481567,False,True,True,True,True,0.040173785978597776,0.029864547166155043,0.07003833314475282,0.029864547166155043,4.631804958801843
483,2026-05-14T17:44:52.668Z,2026-05-14 17:44:52.668000+00:00,7,4,4.356250762939453,6.614192962646484,6.603909492492676,1.627769112586975,251924.861,4198.747683333333,69.97912805555555,70.13,4,23,14.845871567726135,True,0.9984452418893909,-0.000675748316948378,10,4.0910491943359375,4.770870208740234,-0.27846894995647514,0.5530586179656537,8.789843320374878,23.768266677856445,10,0.6798210144042969,0.8315275679221288,14.978423357481567,False,True,True,True,True,0.044552405916169095,0.04448313770172379,0.08903554361789288,0.04448313770172379,4.759663566727886
484,2026-05-14T17:46:02.863Z,2026-05-14 17:46:02.863000+00:00,7,5,4.525517463684082,5.012232303619385,8.311044692993164,6.299970626831055,251995.056,4199.9176,69.99862666666667,70.195,4,23,19.623247623443604,True,1.658152334039201,0.21962442657226816,10,4.0910491943359375,4.770870208740234,-0.27846894995647514,0.5530586179656537,8.789843320374878,23.768266677856445,10,0.6798210144042969,0.8315275679221288,14.978423357481567,False,True,True,True,True,0.02554231796795626,0.04235305415533809,0.06789537212329436,0.04235305415533809,4.9799099193182705
485,2026-05-14T17:47:13.341Z,2026-05-14 17:47:13.341000+00:00,7,6,4.382164955,7.725614070892334,7.8565545082092285,8.186098098754883,252065.534,4201.092233333334,70.01820388888889,70.478,4,23,23.768266677856445,True,1.0169488711337829,0.0072991185641883005,10,4.0910491943359375,4.770870208740234,-0.27846894995647514,0.5530586179656537,8.789843320374878,23.768266677856445,10,0.6798210144042969,0.8315275679221288,14.978423357481567,False,True,True,True,True,0.032503901843586494,0.03305480628727857,0.06555870813086506,0.03305480628727857,4.7677514743241085
486,2026-05-14T17:48:23.411Z,2026-05-14 17:48:23.411000+00:00,7,7,4.0910491943359375,6.799304962158203,3.580927848815918,7.778584957122803,252135.604,4202.260066666667,70.03766777777778,70.07,4,23,18.158817768096924,True,0.5266608673600774,-0.27846894995647514,10,4.0910491943359375,4.770870208740234,-0.27846894995647514,0.5530586179656537,8.789843320374878,23.768266677856445,10,0.6798210144042969,0.8315275679221288,14.978423357481567,False,True,True,True,True,0.03744354422733316,0.0197200494798027,0.05716359370713586,0.0197200494798027,4.482637180634733
487,2026-05-14T17:49:33.343Z,2026-05-14 17:49:33.343000+00:00,7,8,4.184779167175293,6.952586650848389,4.796080589294434,9.879159927368164,252205.536,4203.4256,70.05709333333333,69.932,4,23,21.627827167510986,True,0.6898267983052311,-0.16125993822316478,10,4.0910491943359375,4.770870208740234,-0.27846894995647514,0.5530586179656537,8.789843320374878,23.768266677856445,10,0.6798210144042969,0.8315275679221288,14.978423357481567,False,True,True,True,True,0.03214648700953402,0.022175508210547555,0.054321995220081576,0.022175508210547555,4.599572012892778
488,2026-05-14T17:50:43.358Z,2026-05-14 17:50:43.358000+00:00,7,9,4.492986679077148,2.677553176879883,4.500806808,1.6114833354949951,252275.551,4204.592516666667,70.07654194444444,70.015,4,23,8.789843320374878,True,1.6809402132004454,0.225552266955897,10,4.0910491943359375,4.770870208740234,-0.27846894995647514,0.5530586179656537,8.789843320374878,23.768266677856445,10,0.6798210144042969,0.8315275679221288,14.978423357481567,False,True,True,True,True,0.030461898799416687,0.05120463066238188,0.08166652946179856,0.05120463066238188,4.985787220969632
489,2026-05-14T17:51:53.349Z,2026-05-14 17:51:53.349000+00:00,8,0,4.317104339599609,7.227475166320801,6.968343734741211,4.438312530517578,252345.542,4205.759033333333,70.09598388888888,69.991,4,24,18.63413143157959,True,0.9641463407875668,-0.015857042681196865,10,3.989048004150391,4.908709526062012,-0.32086140006141817,0.7496242777979912,8.071040511092956,20.477778911633056,10,0.9196615219116206,1.0704856778594094,12.4067384005401,False,True,True,True,True,0.0387862197541028,0.03739559184890065,0.07618181160300344,0.03739559184890065,4.744553697407704
490,2026-05-14T17:53:03.417Z,2026-05-14 17:53:03.417000+00:00,8,1,4.399807929992676,4.365084648132324,5.503822326660156,4.360609531402588,252415.61,4206.926833333333,70.11544722222222,70.068,4,24,14.229516506195068,True,1.260874134254203,0.10067173563961256,10,3.989048004150391,4.908709526062012,-0.32086140006141817,0.7496242777979912,8.071040511092956,20.477778911633056,10,0.9196615219116206,1.0704856778594094,12.4067384005401,False,True,True,True,True,0.030676268207931793,0.03867891311882572,0.06935518132675751,0.03867891311882572,4.861021335264224
491,2026-05-14T17:54:13.419Z,2026-05-14 17:54:13.419000+00:00,8,2,4.908709526062012,1.7738821506500244,9.966646194458008,5.418963432312012,252485.612,4208.093533333334,70.13489222222223,70.002,4,24,17.159491777420044,True,5.61855035905616,0.7496242777979912,10,3.989048004150391,4.908709526062012,-0.32086140006141817,0.7496242777979912,8.071040511092956,20.477778911633056,10,0.9196615219116206,1.0704856778594094,12.4067384005401,False,True,True,True,True,0.010337614736260742,0.058082408988202036,0.06842002372446278,0.058082408988202036,5.509777157805027
492,2026-05-14T17:55:23.669Z,2026-05-14 17:55:23.669000+00:00,8,3,4.253148078918457,1.9207905530929563,1.965026855,4.185223103,252555.862,4209.264366666666,70.1544061111111,70.25,4,24,8.071040511092956,True,1.0230302579507236,0.009888478938649681,10,3.989048004150391,4.908709526062012,-0.32086140006141817,0.7496242777979912,8.071040511092956,20.477778911633056,10,0.9196615219116206,1.0704856778594094,12.4067384005401,False,True,True,True,True,0.023798549275685008,0.02434663600435704,0.04814518528004205,0.02434663600435704,4.7705005975195975
493,2026-05-14T17:56:33.914Z,2026-05-14 17:56:33.914000+00:00,8,4,4.241569519042969,2.913104295730591,2.5209436416625977,2.8990752696990967,252626.107,4210.4351166666665,70.1739186111111,70.245,4,24,8.333123207092285,True,0.865380496454336,-0.06279289695530742,10,3.989048004150391,4.908709526062012,-0.32086140006141817,0.7496242777979912,8.071040511092956,20.477778911633056,10,0.9196615219116206,1.0704856778594094,12.4067384005401,False,True,True,True,True,0.03495813302329744,0.03025208651081786,0.06521021953411531,0.03025208651081786,4.697744161495732
494,2026-05-14T17:57:43.929Z,2026-05-14 17:57:43.929000+00:00,8,5,3.989048004150391,2.312481641769409,1.199903130531311,4.681730270385742,252696.122,4211.602033333334,70.19336722222222,70.015,4,24,8.194115042686462,True,0.5188811486577675,-0.2849321072634979,10,3.989048004150391,4.908709526062012,-0.32086140006141817,0.7496242777979912,8.071040511092956,20.477778911633056,10,0.9196615219116206,1.0704856778594094,12.4067384005401,False,True,True,True,True,0.028221249393287212,0.014643474301746192,0.042864723695033406,0.014643474301746192,4.476570522267828
495,2026-05-14T17:58:53.980Z,2026-05-14 17:58:53.980000+00:00,8,6,4.460456848144531,5.701928139,7.708622932434082,1.291859745979309,252766.173,4212.76955,70.21282583333333,70.051,4,24,14.70241081741339,True,1.3519326698820893,0.13095506303549312,10,3.989048004150391,4.908709526062012,-0.32086140006141817,0.7496242777979912,8.071040511092956,20.477778911633056,10,0.9196615219116206,1.0704856778594094,12.4067384005401,False,True,True,True,True,0.03878226645827834,0.05243101303701884,0.09121327949529717,0.05243101303701884,4.891205322177069
496,2026-05-14T18:00:03.998Z,2026-05-14 18:00:03.998000+00:00,8,7,4.092702865600586,9.628633499145508,4.599421977996826,1.657955527305603,252836.191,4213.936516666667,70.23227527777777,70.018,4,24,15.886011004447937,True,0.4776816957884005,-0.32086140006141817,10,3.989048004150391,4.908709526062012,-0.32086140006141817,0.7496242777979912,8.071040511092956,20.477778911633056,10,0.9196615219116206,1.0704856778594094,12.4067384005401,False,True,True,True,True,0.060610769414987685,0.028952655117191035,0.08956342453217872,0.028952655117191035,4.439943215071107
497,2026-05-14T18:01:13.966Z,2026-05-14 18:01:13.966000+00:00,8,8,4.661149978637695,2.891284465789795,7.443780899047852,5.104394912719727,252906.159,4215.10265,70.25171083333333,69.968,4,24,15.439460277557373,True,2.5745584660119145,0.4107027587299818,10,3.989048004150391,4.908709526062012,-0.32086140006141817,0.7496242777979912,8.071040511092956,20.477778911633056,10,0.9196615219116206,1.0704856778594094,12.4067384005401,False,True,True,True,True,0.01872659026813608,0.048212701514366074,0.06693929178250216,0.048212701514366074,5.170919967429773
498,2026-05-14T18:02:24.033Z,2026-05-14 18:02:24.033000+00:00,8,9,4.696437835693359,3.030916690826416,7.992038726806641,9.454823494,252976.226,4216.270433333333,70.27117388888888,70.067,4,24,20.477778911633056,True,2.63683879896663,0.4210835803587777,10,3.989048004150391,4.908709526062012,-0.32086140006141817,0.7496242777979912,8.071040511092956,20.477778911633056,10,0.9196615219116206,1.0704856778594094,12.4067384005401,False,True,True,True,True,0.014801003096603448,0.039027859228749205,0.05382886232535265,0.039027859228749205,5.181350108268651
499,2026-05-14T18:03:34.065Z,2026-05-14 18:03:34.065000+00:00,9,0,4.844201088,1.511392355,7.251422405,5.521921634674072,253046.258,4217.437633333333,70.29062722222221,70.032,4,25,14.284736394674072,True,4.797842453689003,0.6810459829780242,10,3.917923927307129,4.901541709899902,-0.5116856842962643,0.8415776076375758,10.9596107006073,26.927776336669922,10,0.9836177825927734,1.35326329193384,15.968165636062622,False,True,True,True,True,0.01058047074332788,0.05076343171235294,0.06134390245568082,0.05076343171235294,5.441225457682191
500,2026-05-14T18:04:44.172Z,2026-05-14 18:04:44.172000+00:00,9,1,4.374997138977051,6.277174472808838,6.267149448394775,3.973879576,253116.365,4218.606083333333,70.31010138888888,70.107,4,25,16.518203497203615,True,0.9984029399760214,-0.0006941488019926792,10,3.917923927307129,4.901541709899902,-0.5116856842962643,0.8415776076375758,10.9596107006073,26.927776336669922,10,0.9836177825927734,1.35326329193384,15.968165636062622,False,True,True,True,True,0.03800155673025525,0.037940865963152395,0.07594242269340765,0.037940865963152395,4.75970363034487
501,2026-05-14T18:05:54.325Z,2026-05-14 18:05:54.325000+00:00,9,2,3.917923927307129,9.467308044433594,2.914344072341919,1.18097186088562,253186.518,4219.7753,70.32958833333333,70.153,4,25,13.562623977661133,True,0.30783239107292376,-0.5116856842962643,10,3.917923927307129,4.901541709899902,-0.5116856842962643,0.8415776076375758,10.9596107006073,26.927776336669922,10,0.9836177825927734,1.35326329193384,15.968165636062622,False,True,True,True,True,0.06980439817565617,0.021488054797818675,0.09129245297347485,0.021488054797818675,4.249800062985919
502,2026-05-14T18:07:04.399Z,2026-05-14 18:07:04.399000+00:00,9,3,4.076163291931152,3.4157159328460693,2.166432380676269,5.377462387084961,253256.592,4220.9432,70.34905333333333,70.074,4,25,10.9596107006073,True,0.6342542598005618,-0.19773660727270317,10,3.917923927307129,4.901541709899902,-0.5116856842962643,0.8415776076375758,10.9596107006073,26.927776336669922,10,0.9836177825927734,1.35326329193384,15.968165636062622,False,True,True,True,True,0.031166398389103327,0.019767420940930154,0.05093381933003348,0.019767420940930154,4.563244674667458
503,2026-05-14T18:08:14.630Z,2026-05-14 18:08:14.630000+00:00,9,4,4.286780357,9.874042510986328,8.177275657653809,8.876458168029785,253326.823,4222.113716666667,70.36856194444445,70.231,4,25,26.927776336669922,True,0.8281588466482075,-0.08188635451180737,10,3.917923927307129,4.901541709899902,-0.5116856842962643,0.8415776076375758,10.9596107006073,26.927776336669922,10,0.9836177825927734,1.35326329193384,15.968165636062622,False,True,True,True,True,0.036668614547054064,0.030367437531475975,0.06703605207853004,0.030367437531475975,4.6786615291830715
504,2026-05-14T18:09:24.442Z,2026-05-14 18:09:24.442000+00:00,9,5,4.901541709899902,1.056236743927002,7.333965778,5.684462547302246,253396.635,4223.27725,70.38795416666667,69.812,4,25,14.074665069229248,True,6.9434866947848395,0.8415776076375758,10,3.917923927307129,4.901541709899902,-0.5116856842962643,0.8415776076375758,10.9596107006073,26.927776336669922,10,0.9836177825927734,1.35326329193384,15.968165636062622,False,True,True,True,True,0.007504524894423248,0.052107568755109426,0.059612093649532676,0.052107568755109426,5.601743001412847
505,2026-05-14T18:10:34.510Z,2026-05-14 18:10:34.510000+00:00,9,6,4.499052047729492,2.4770569801330566,4.209453582763672,7.602771282196045,253466.703,4224.44505,70.40741750000001,70.068,4,25,14.289281845092773,True,1.699376968929297,0.23028972811341195,10,3.917923927307129,4.901541709899902,-0.5116856842962643,0.8415776076375758,10.9596107006073,26.927776336669922,10,0.9836177825927734,1.35326329193384,15.968165636062622,False,True,True,True,True,0.017335069788575328,0.029458818353486974,0.0467938881420623,0.029458818353486974,4.990696309927767
506,2026-05-14T18:11:44.487Z,2026-05-14 18:11:44.487000+00:00,9,7,3.964789390563965,7.260856628417969,2.9827704429626465,8.34233284,253536.68,4225.611333333333,70.42685555555555,69.977,4,25,18.585959911380613,True,0.41080145162052967,-0.3863680304358305,10,3.917923927307129,4.901541709899902,-0.5116856842962643,0.8415776076375758,10.9596107006073,26.927776336669922,10,0.9836177825927734,1.35326329193384,15.968165636062622,False,True,True,True,True,0.03906635257494545,0.01604851434730701,0.05511486692225246,0.01604851434730701,4.375239785816821
507,2026-05-14T18:12:54.485Z,2026-05-14 18:12:54.485000+00:00,9,8,4.459354400634766,5.129590988,6.924576282501221,2.0450000762939453,253606.678,4226.7779666666665,70.44629944444445,69.998,4,25,14.099167346795166,True,1.3499275670712052,0.13031046622447495,10,3.917923927307129,4.901541709899902,-0.5116856842962643,0.8415776076375758,10.9596107006073,26.927776336669922,10,0.9836177825927734,1.35326329193384,15.968165636062622,False,True,True,True,True,0.03638222642393127,0.04911337040109126,0.08549559682502253,0.04911337040109126,4.890577790203754
508,2026-05-14T18:14:04.628Z,2026-05-14 18:14:04.628000+00:00,9,9,4.12523365020752,2.7704029083251958,1.828807711601257,6.733218669891357,253676.821,4227.947016666667,70.46578361111112,70.143,4,25,11.33242928981781,True,0.6601233727071253,-0.18037489009642285,10,3.917923927307129,4.901541709899902,-0.5116856842962643,0.8415776076375758,10.9596107006073,26.927776336669922,10,0.9836177825927734,1.35326329193384,15.968165636062622,False,True,True,True,True,0.024446681620280686,0.016137825922676978,0.040584507542957664,0.016137825922676978,4.580797725941944
509,2026-05-14T18:15:14.837Z,2026-05-14 18:15:14.837000+00:00,10,0,4.5023603439331055,6.479462146759033,9.195235252380373,3.1758077144622803,253747.03,4229.117166666667,70.48528611111111,70.209,4,26,18.850505113601685,True,1.4191355770138643,0.1520238877311454,10,3.668711662292481,4.5023603439331055,-0.7704774022404279,0.1520238877311454,13.879773497956482,22.549949646308594,10,0.8336486816406246,0.9225012899715733,8.670176148352112,False,True,True,True,True,0.03437288341989172,0.04877978174571832,0.08315266516561004,0.04877978174571832,4.912287462830807
510,2026-05-14T18:16:25.074Z,2026-05-14 18:16:25.074000+00:00,10,1,3.912410736083984,3.441640138626098,1.2914048433303833,9.146728516,253817.267,4230.287783333333,70.50479638888889,70.237,4,26,13.879773497956482,True,0.37522948109441556,-0.42570304722890306,10,3.668711662292481,4.5023603439331055,-0.7704774022404279,0.1520238877311454,13.879773497956482,22.549949646308594,10,0.8336486816406246,0.9225012899715733,8.670176148352112,False,True,True,True,True,0.024796082869312033,0.009304221308226081,0.034100304177538114,0.009304221308226081,4.33724519836114
511,2026-05-14T18:17:35.018Z,2026-05-14 18:17:35.018000+00:00,10,2,4.300564765930176,8.327812194824219,7.076866149902344,4.66246509552002,253887.211,4231.4535166666665,70.52422527777777,69.944,4,26,20.067143440246582,True,0.849786952964748,-0.07068994104941421,10,3.668711662292481,4.5023603439331055,-0.7704774022404279,0.1520238877311454,13.879773497956482,22.549949646308594,10,0.8336486816406246,0.9225012899715733,8.670176148352112,False,True,True,True,True,0.04149973921112256,0.035265936933051516,0.07676567614417407,0.035265936933051516,4.689775368718163
512,2026-05-14T18:18:44.731Z,2026-05-14 18:18:44.731000+00:00,10,3,4.419105529785156,8.21472168,9.806729316711426,4.528498649597168,253956.924,4232.6154,70.54359,69.713,4,26,22.549949646308594,True,1.1937993396157793,0.0769313343133182,10,3.668711662292481,4.5023603439331055,-0.7704774022404279,0.1520238877311454,13.879773497956482,22.549949646308594,10,0.8336486816406246,0.9225012899715733,8.670176148352112,False,True,True,True,True,0.03642900232083109,0.04348891891346986,0.07991792123430094,0.04348891891346986,4.83725000307465
513,2026-05-14T18:19:54.763Z,2026-05-14 18:19:54.763000+00:00,10,4,3.955415725708008,5.020756721496582,1.963243007659912,8.293488502502441,254026.956,4233.7826000000005,70.56304333333334,70.032,4,26,15.277488231658936,True,0.3910253207956092,-0.40779511900884313,10,3.668711662292481,4.5023603439331055,-0.7704774022404279,0.1520238877311454,13.879773497956482,22.549949646308594,10,0.8336486816406246,0.9225012899715733,8.670176148352112,False,True,True,True,True,0.03286375774187975,0.012850561413567718,0.04571431915544747,0.012850561413567718,4.354281988427927
514,2026-05-14T18:21:04.717Z,2026-05-14 18:21:04.717000+00:00,10,5,4.182023048400879,9.476554870605469,6.148540019989014,1.5100128650665283,254096.91,4234.9485,70.582475,69.954,4,26,17.13510775566101,True,0.6488159572695193,-0.18787847743303457,10,3.668711662292481,4.5023603439331055,-0.7704774022404279,0.1520238877311454,13.879773497956482,22.549949646308594,10,0.8336486816406246,0.9225012899715733,8.670176148352112,False,True,True,True,True,0.05530490386017358,0.03588270413973726,0.09118760799991084,0.03588270413973726,4.572655291355862
515,2026-05-14T18:22:14.803Z,2026-05-14 18:22:14.803000+00:00,10,6,4.187536239624023,9.311367035,6.150739192962647,4.502571105957031,254166.996,4236.1166,70.60194333333334,70.086,4,26,19.964677333919678,True,0.6605624254572892,-0.18008613376399296,10,3.668711662292481,4.5023603439331055,-0.7704774022404279,0.1520238877311454,13.879773497956482,22.549949646308594,10,0.8336486816406246,0.9225012899715733,8.670176148352112,False,True,True,True,True,0.04663920623039638,0.030808107188953347,0.07744731341934973,0.030808107188953347,4.580528726896726
516,2026-05-14T18:23:24.913Z,2026-05-14 18:23:24.913000+00:00,10,7,3.668711662292481,8.312856674194336,1.4101746082305908,4.536637783050537,254237.106,4237.2851,70.62141833333334,70.11,4,26,14.259669065475464,True,0.16963778680416886,-0.7704774022404279,10,3.668711662292481,4.5023603439331055,-0.7704774022404279,0.1520238877311454,13.879773497956482,22.549949646308594,10,0.8336486816406246,0.9225012899715733,8.670176148352112,False,True,True,True,True,0.05829628048185814,0.00988925199985748,0.06818553248171562,0.00988925199985748,3.9947002739298236
517,2026-05-14T18:24:34.064Z,2026-05-14 18:24:34.064000+00:00,10,8,4.333645820617676,9.238930702209473,9.218502044677734,1.3508069515228271,254306.257,4238.437616666667,70.64062694444445,69.151,4,26,19.808239698410034,True,0.9977888504427409,-0.0009613532914524346,10,3.668711662292481,4.5023603439331055,-0.7704774022404279,0.1520238877311454,13.879773497956482,22.549949646308594,10,0.8336486816406246,0.9225012899715733,8.670176148352112,False,True,True,True,True,0.046641856332903034,0.04653872421292279,0.09318058054582581,0.04653872421292279,4.75936309247267
518,2026-05-14T18:25:44.101Z,2026-05-14 18:25:44.101000+00:00,10,9,3.861685752868652,6.6908955574035645,2.121742486953736,7.052425384521484,254376.294,4239.6049,70.66008166666667,70.037,4,26,15.865063428878784,True,0.31710889353309357,-0.49879157772004257,10,3.668711662292481,4.5023603439331055,-0.7704774022404279,0.1520238877311454,13.879773497956482,22.549949646308594,10,0.8336486816406246,0.9225012899715733,8.670176148352112,False,True,True,True,True,0.042173771238911605,0.013373677933689068,0.05554744917260067,0.013373677933689068,4.26353658940927
519,2026-05-14T18:26:53.644Z,2026-05-14 18:26:53.644000+00:00,11,0,4.201871871948242,1.2933995723724363,1.5376322269439695,6.618128299713135,254445.837,4240.76395,70.67939916666666,69.543,4,27,9.449160099029541,True,1.1888300102987865,0.07511975969262588,10,3.7883548736572266,4.597744941711426,-0.6402977603402101,0.3793591247072013,9.449160099029541,26.513165473472167,10,0.8093900680541992,1.0196568850474115,17.064005374442626,False,True,True,True,True,0.013687984527908176,0.016272686787282706,0.02996067131519088,0.016272686787282706,4.835972030150779
520,2026-05-14T18:28:03.352Z,2026-05-14 18:28:03.352000+00:00,11,1,4.295601844787598,9.651456832885742,7.874637603759766,4.413471221923828,254515.545,4241.92575,70.6987625,69.708,4,27,21.939565658569336,True,0.8159014478444582,-0.08836229619976373,10,3.7883548736572266,4.597744941711426,-0.6402977603402101,0.3793591247072013,9.449160099029541,26.513165473472167,10,0.8093900680541992,1.0196568850474115,17.064005374442626,False,True,True,True,True,0.04399110257278953,0.03589240428141305,0.07988350685420258,0.03589240428141305,4.672105157356738
521,2026-05-14T18:29:13.367Z,2026-05-14 18:29:13.367000+00:00,11,2,4.248186111450195,9.633552551269531,7.288256645202637,9.591356277,254585.56,4243.092666666666,70.7182111111111,70.015,4,27,26.513165473472167,True,0.7565492175824767,-0.1211628135374363,10,3.7883548736572266,4.597744941711426,-0.6402977603402101,0.3793591247072013,9.449160099029541,26.513165473472167,10,0.8093900680541992,1.0196568850474115,17.064005374442626,False,True,True,True,True,0.03633497690386466,0.027489198347496177,0.06382417525136083,0.027489198347496177,4.639473625264621
522,2026-05-14T18:30:23.305Z,2026-05-14 18:30:23.305000+00:00,11,3,3.7883548736572266,8.432224274,1.930387020111084,4.317152023,254655.498,4244.2582999999995,70.73763833333332,69.938,4,27,14.679763317111084,True,0.22892975297908735,-0.6402977603402101,10,3.7883548736572266,4.597744941711426,-0.6402977603402101,0.3793591247072013,9.449160099029541,26.513165473472167,10,0.8093900680541992,1.0196568850474115,17.064005374442626,False,True,True,True,True,0.05744114596296793,0.013149987356137947,0.07059113331910588,0.013149987356137947,4.122754865115426
523,2026-05-14T18:31:33.578Z,2026-05-14 18:31:33.578000+00:00,11,4,4.217309951782227,9.510834693908691,7.122383117675781,1.1234116554260254,254725.771,4245.429516666667,70.75715861111112,70.273,4,27,17.756629467010498,True,0.7488704563688172,-0.1255933023939828,10,3.7883548736572266,4.597744941711426,-0.6402977603402101,0.3793591247072013,9.449160099029541,26.513165473472167,10,0.8093900680541992,1.0196568850474115,17.064005374442626,False,True,True,True,True,0.05356216229875485,0.0401111209247692,0.09367328322352406,0.0401111209247692,4.63484562427219
524,2026-05-14T18:32:43.692Z,2026-05-14 18:32:43.692000+00:00,11,5,4.597744941711426,1.920279860496521,4.599637985229492,5.114728927612305,254795.885,4246.598083333333,70.77663472222223,70.114,4,27,11.634646773338318,True,2.3952956440631405,0.3793591247072013,10,3.7883548736572266,4.597744941711426,-0.6402977603402101,0.3793591247072013,9.449160099029541,26.513165473472167,10,0.8093900680541992,1.0196568850474115,17.064005374442626,False,True,True,True,True,0.016504840223400586,0.039533971893069536,0.05603881211647012,0.039533971893069536,5.139629542217668
525,2026-05-14T18:33:54.047Z,2026-05-14 18:33:54.047000+00:00,11,6,4.341916084289551,5.229957580566406,5.344484806060791,8.474315643310547,254866.24,4247.770666666666,70.79617777777777,70.355,4,27,19.048758029937744,True,1.021898308682263,0.009407680362779662,10,3.7883548736572266,4.597744941711426,-0.6402977603402101,0.3793591247072013,9.449160099029541,26.513165473472167,10,0.8093900680541992,1.0196568850474115,17.064005374442626,False,True,True,True,True,0.027455635545093327,0.02805686752732749,0.05551250307242082,0.02805686752732749,4.769939241286471
526,2026-05-14T18:35:04.016Z,2026-05-14 18:35:04.016000+00:00,11,7,4.002832412719727,8.521203994750977,3.518461942672729,1.486870288848877,254936.209,4248.936816666666,70.8156136111111,69.969,4,27,13.526536226272583,True,0.41290666727848385,-0.3841481044372932,10,3.7883548736572266,4.597744941711426,-0.6402977603402101,0.3793591247072013,9.449160099029541,26.513165473472167,10,0.8093900680541992,1.0196568850474115,17.064005374442626,False,True,True,True,True,0.06299620133497479,0.026011551544428815,0.0890077528794036,0.026011551544428815,4.376842001119585
527,2026-05-14T18:36:14.191Z,2026-05-14 18:36:14.191000+00:00,11,8,4.058519363,3.2666709423065186,1.9919699430465696,8.502263069152832,255006.384,4250.1064,70.83510666666666,70.175,4,27,13.76090395450592,True,0.609785919129059,-0.21482260836544725,10,3.7883548736572266,4.597744941711426,-0.6402977603402101,0.3793591247072013,9.449160099029541,26.513165473472167,10,0.8093900680541992,1.0196568850474115,17.064005374442626,False,True,True,True,True,0.02373878164622222,0.014475574785145651,0.03821435643136787,0.014475574785145651,4.546548893635869
528,2026-05-14T18:37:24.197Z,2026-05-14 18:37:24.197000+00:00,11,9,4.043081283569336,1.759478211402893,1.1705292463302612,6.557624340057373,255076.39,4251.273166666667,70.85455277777778,70.006,4,27,9.487631797790527,True,0.665270668738181,-0.17700162383482296,10,3.7883548736572266,4.597744941711426,-0.6402977603402101,0.3793591247072013,9.449160099029541,26.513165473472167,10,0.8093900680541992,1.0196568850474115,17.064005374442626,False,True,True,True,True,0.01854496726793971,0.012337422776069928,0.03088239004400964,0.012337422776069928,4.5845236987671125
529,2026-05-14T18:38:34.262Z,2026-05-14 18:38:34.262000+00:00,12,0,4.4610090255737305,5.07542896270752,7.414926052093506,5.274530410766602,255146.455,4252.440916666666,70.87401527777777,70.065,4,28,17.764885425567627,True,1.4609456868721429,0.16463407060221072,10,3.978572845458984,4.667766571044922,-0.32902517701119055,0.41621372273642765,5.671939849853516,21.795745373030517,10,0.6891937255859379,0.7452388997476183,16.123805523177,False,True,True,True,True,0.028570006735888363,0.04173922811470417,0.07030923485059254,0.04173922811470417,4.924938438373373
530,2026-05-14T18:39:44.305Z,2026-05-14 18:39:44.305000+00:00,12,1,4.425170898,4.405882358551025,5.561964035,9.662323951721191,255216.498,4253.6083,70.89347166666667,70.043,4,28,19.630170345272216,True,1.2623950397144008,0.1011952794102622,10,3.978572845458984,4.667766571044922,-0.32902517701119055,0.41621372273642765,5.671939849853516,21.795745373030517,10,0.6891937255859379,0.7452388997476183,16.123805523177,False,True,True,True,True,0.022444442819683174,0.028333753284721538,0.05077819610440471,0.028333753284721538,4.861672136918909
531,2026-05-14T18:40:54.583Z,2026-05-14 18:40:54.583000+00:00,12,2,4.642955780029297,3.689396381378174,8.703330993652344,9.403017998,255286.776,4254.7796,70.91299333333333,70.278,4,28,21.795745373030517,True,2.359012178138803,0.3727301828884909,10,3.978572845458984,4.667766571044922,-0.32902517701119055,0.41621372273642765,5.671939849853516,21.795745373030517,10,0.6891937255859379,0.7452388997476183,16.123805523177,False,True,True,True,True,0.01692714022041814,0.03993132992102953,0.05685847014144767,0.03993132992102953,5.132999124024782
532,2026-05-14T18:42:04.656Z,2026-05-14 18:42:04.656000+00:00,12,3,4.469278335571289,2.3619837760925293,4.011630058288574,8.867923736572266,255356.849,4255.947483333333,70.93245805555556,70.073,4,28,15.24153757095337,True,1.6984155856163767,0.23004396650658374,10,3.978572845458984,4.667766571044922,-0.32902517701119055,0.41621372273642765,5.671939849853516,21.795745373030517,10,0.6891937255859379,0.7452388997476183,16.123805523177,False,True,True,True,True,0.015497017706362453,0.026320376403058947,0.041817394109421396,0.026320376403058947,4.990499080070563
533,2026-05-14T18:43:14.640Z,2026-05-14 18:43:14.640000+00:00,12,4,4.077816963195801,2.201421976089477,1.3536288738250732,2.116888999938965,255426.833,4257.113883333333,70.95189805555556,69.984,4,28,5.671939849853516,True,0.6148884169084241,-0.2112036879931396,10,3.978572845458984,4.667766571044922,-0.32902517701119055,0.41621372273642765,5.671939849853516,21.795745373030517,10,0.6891937255859379,0.7452388997476183,16.123805523177,False,True,True,True,True,0.038812505674691376,0.023865360170560204,0.06267786584525158,0.023865360170560204,4.549625073581681
534,2026-05-14T18:44:24.459Z,2026-05-14 18:44:24.459000+00:00,12,5,3.978572845458984,4.105097770690918,1.9244132041931152,5.177854061126709,255496.652,4258.277533333333,70.97129222222222,69.819,4,28,11.207365036010742,True,0.46878620478489175,-0.32902517701119055,10,3.978572845458984,4.667766571044922,-0.32902517701119055,0.41621372273642765,5.671939849853516,21.795745373030517,10,0.6891937255859379,0.7452388997476183,16.123805523177,False,True,True,True,True,0.036628571992620006,0.017170969251110512,0.053799541243730514,0.017170969251110512,4.432346810974687
535,2026-05-14T18:45:34.296Z,2026-05-14 18:45:34.296000+00:00,12,6,4.2878828048706055,3.9956326484680176,3.862049102783203,1.9417917728424072,255566.489,4259.441483333333,70.99069138888889,69.837,4,28,9.799473524093628,True,0.9665676108297813,-0.014767761932060983,10,3.978572845458984,4.667766571044922,-0.32902517701119055,0.41621372273642765,5.671939849853516,21.795745373030517,10,0.6891937255859379,0.7452388997476183,16.123805523177,False,True,True,True,True,0.04077395217859504,0.03941078154135236,0.08018473371994739,0.03941078154135236,4.745621498927208
536,2026-05-14T18:46:44.484Z,2026-05-14 18:46:44.484000+00:00,12,7,4.059070587158203,3.1880877017974854,1.805996537208557,6.567421913146973,255636.677,4260.611283333334,71.01018805555556,70.188,4,28,11.561506152153015,True,0.5664827025273842,-0.24681334672132307,10,3.978572845458984,4.667766571044922,-0.32902517701119055,0.41621372273642765,5.671939849853516,21.795745373030517,10,0.6891937255859379,0.7452388997476183,16.123805523177,False,True,True,True,True,0.02757502058850517,0.015620772185224669,0.04319579277372984,0.015620772185224669,4.514518034470251
537,2026-05-14T18:47:54.496Z,2026-05-14 18:47:54.496000+00:00,12,8,4.288434028625488,1.6275451183319092,2.1703572273254395,6.159841060638428,255706.689,4261.77815,71.02963583333333,70.012,4,28,9.957743406295776,True,1.3335158594865038,0.12499818511514627,10,3.978572845458984,4.667766571044922,-0.32902517701119055,0.41621372273642765,5.671939849853516,21.795745373030517,10,0.6891937255859379,0.7452388997476183,16.123805523177,False,True,True,True,True,0.016344517547046803,0.021795673364642363,0.038140190911689166,0.021795673364642363,4.885603291085142
538,2026-05-14T18:49:04.302Z,2026-05-14 18:49:04.302000+00:00,12,9,4.667766571044922,2.707748413085937,7.060281753540039,5.103650093078613,255776.495,4262.941583333333,71.04902638888889,69.806,4,28,14.87168025970459,True,2.607436392324815,0.41621372273642765,10,3.978572845458984,4.667766571044922,-0.32902517701119055,0.41621372273642765,5.671939849853516,21.795745373030517,10,0.6891937255859379,0.7452388997476183,16.123805523177,False,True,True,True,True,0.01820741413075353,0.04747467421465586,0.0656820883454094,0.04747467421465586,5.176433527894706
539,2026-05-14T18:50:14.380Z,2026-05-14 18:50:14.380000+00:00,13,0,4.220066070556641,5.9515767097473145,4.379785537719727,3.993240594863892,255846.573,4264.10955,71.0684925,70.078,4,29,14.324602842330933,True,0.7359034002782229,-0.13317919039008516,10,3.774020195007324,4.8668060302734375,-0.6451471677033062,0.7917786171976003,14.324602842330933,25.243360042168703,10,1.0927858352661133,1.4369257849009065,10.91875719983777,False,True,True,True,True,0.04154793522204809,0.03057526680444453,0.07212320202649261,0.03057526680444453,4.627402223509564
540,2026-05-14T18:51:24.376Z,2026-05-14 18:51:24.376000+00:00,13,1,4.182023048400879,9.881648063659668,6.078583240509033,9.283128738,255916.569,4265.27615,71.08793583333333,69.996,4,29,25.243360042168703,True,0.6151386085953996,-0.21102701403668647,10,3.774020195007324,4.8668060302734375,-0.6451471677033062,0.7917786171976003,14.324602842330933,25.243360042168703,10,1.0927858352661133,1.4369257849009065,10.91875719983777,False,True,True,True,True,0.03914553390338094,0.024079929258049797,0.06322546316143074,0.024079929258049797,4.5497941719880215
541,2026-05-14T18:52:34.355Z,2026-05-14 18:52:34.355000+00:00,13,2,4.395397186279297,2.600984573364258,3.784827709197998,8.404079437,255986.548,4266.442466666666,71.10737444444445,69.979,4,29,14.789891719562256,True,1.4551519251429053,0.16290833820630551,10,3.774020195007324,4.8668060302734375,-0.6451471677033062,0.7917786171976003,14.324602842330933,25.243360042168703,10,1.0927858352661133,1.4369257849009065,10.91875719983777,False,True,True,True,True,0.01758623134423624,0.02559063839657387,0.043176869740810114,0.02559063839657387,4.923405377061668
542,2026-05-14T18:53:44.302Z,2026-05-14 18:53:44.302000+00:00,13,3,4.649572372436523,4.621794700622559,9.871216773986816,1.028838872909546,256056.495,4267.60825,71.12680416666667,69.947,4,29,15.521850347518921,True,2.135797328396512,0.3295600389299787,10,3.774020195007324,4.8668060302734375,-0.6451471677033062,0.7917786171976003,14.324602842330933,25.243360042168703,10,1.0927858352661133,1.4369257849009065,10.91875719983777,False,True,True,True,True,0.029776055026592408,0.06359561877598359,0.093371673802576,0.06359561877598359,5.0897341969940575
543,2026-05-14T18:54:54.501Z,2026-05-14 18:54:54.501000+00:00,13,4,4.408079147338867,9.002386093139648,9.144792556762695,5.088829517364502,256126.694,4268.778233333333,71.1463038888889,70.199,4,29,23.236008167266846,True,1.0158187465133903,0.006816223290960261,10,3.774020195007324,4.8668060302734375,-0.6451471677033062,0.7917786171976003,14.324602842330933,25.243360042168703,10,1.0927858352661133,1.4369257849009065,10.91875719983777,False,True,True,True,True,0.03874325584814323,0.039356125591508424,0.07809938143965164,0.039356125591508424,4.7671964246480405
544,2026-05-14T18:56:04.628Z,2026-05-14 18:56:04.628000+00:00,13,5,4.448879241943359,6.643120765686035,8.314079284667969,4.912647724151611,256196.821,4269.947016666667,71.16578361111111,70.127,4,29,19.869847774505615,True,1.2515321605491503,0.09744201412768023,10,3.774020195007324,4.8668060302734375,-0.6451471677033062,0.7917786171976003,14.324602842330933,25.243360042168703,10,1.0927858352661133,1.4369257849009065,10.91875719983777,False,True,True,True,True,0.0334331739280339,0.04184269240016779,0.07527586632820168,0.04184269240016779,4.857766262743571
545,2026-05-14T18:57:14.441Z,2026-05-14 18:57:14.441000+00:00,13,6,4.8668060302734375,1.116909146308899,6.91506815,9.036527633666992,256266.634,4271.110566666666,71.1851761111111,69.813,4,29,17.06850492997589,True,6.191253937576341,0.7917786171976003,10,3.774020195007324,4.8668060302734375,-0.6451471677033062,0.7917786171976003,14.324602842330933,25.243360042168703,10,1.0927858352661133,1.4369257849009065,10.91875719983777,False,True,True,True,True,0.006543684704026837,0.040513613690064225,0.04705729839409106,0.040513613690064225,5.5519946528333355
546,2026-05-14T18:58:24.451Z,2026-05-14 18:58:24.451000+00:00,13,7,4.429581642150879,6.530421733856201,7.091780662536621,2.760211944580078,256336.644,4272.2774,71.20462333333333,70.01,4,29,16.3824143409729,True,1.0859605935969068,0.03581406623448557,10,3.774020195007324,4.8668060302734375,-0.6451471677033062,0.7917786171976003,14.324602842330933,25.243360042168703,10,1.0927858352661133,1.4369257849009065,10.91875719983777,False,True,True,True,True,0.03986238901016821,0.04328898363167308,0.08315137264184129,0.04328898363167308,4.7961486875229555
547,2026-05-14T18:59:34.494Z,2026-05-14 18:59:34.494000+00:00,13,8,3.774020195007324,9.441749572753906,2.137495994567871,7.952524662017822,256406.687,4273.444783333333,71.22407972222223,70.043,4,29,19.5317702293396,True,0.22638770262834038,-0.6451471677033062,10,3.774020195007324,4.8668060302734375,-0.6451471677033062,0.7917786171976003,14.324602842330933,25.243360042168703,10,1.0927858352661133,1.4369257849009065,10.91875719983777,False,True,True,True,True,0.048340470228197784,0.010943687998935381,0.05928415822713316,0.010943687998935381,4.118547167969706
548,2026-05-14T19:00:44.736Z,2026-05-14 19:00:44.736000+00:00,13,9,4.776384353637695,1.9062299728393557,7.882523536682129,9.842144966125488,256476.929,4274.615483333333,71.24359138888889,70.242,4,29,19.630898475646973,True,4.135137758295239,0.6164899822491208,10,3.774020195007324,4.8668060302734375,-0.6451471677033062,0.7917786171976003,14.324602842330933,25.243360042168703,10,1.0927858352661133,1.4369257849009065,10.91875719983777,False,True,True,True,True,0.009710355209692115,0.040153656474056755,0.04986401168374887,0.040153656474056755,5.376723173961617
549,2026-05-14T19:01:54.826Z,2026-05-14 19:01:54.826000+00:00,14,0,4.566317558288574,5.259489059448242,9.143111228942873,1.390416145324707,256547.019,4275.78365,71.26306083333334,70.09,4,30,15.793016433715822,True,1.738402937167066,0.24015044708741726,10,3.8181285858154297,4.835378646850586,-0.5914370546293081,0.6865573256346708,11.699537754058838,20.859029531478882,10,1.0172500610351562,1.2779943802639788,9.159491777420044,False,True,True,True,True,0.033302625128787865,0.05789338133925856,0.09119600646804643,0.05789338133925856,5.00035569635824
550,2026-05-14T19:03:04.909Z,2026-05-14 19:03:04.909000+00:00,14,1,3.8181285858154297,9.853396416,2.524346113204956,4.963622093200684,256617.102,4276.9517000000005,71.28252833333335,70.083,4,30,17.341364622405642,True,0.256190455212571,-0.5914370546293081,10,3.8181285858154297,4.835378646850586,-0.5914370546293081,0.6865573256346708,11.699537754058838,20.859029531478882,10,1.0172500610351562,1.2779943802639788,9.159491777420044,False,True,True,True,True,0.05682019051297193,0.014556790472783288,0.07137698098575522,0.014556790472783288,4.171086081265893
551,2026-05-14T19:04:14.702Z,2026-05-14 19:04:14.702000+00:00,14,2,4.256456375,4.267605304718018,3.907118320465088,3.5248141288757324,256686.895,4278.114916666666,71.30191527777778,69.793,4,30,11.699537754058838,True,0.9155294460210751,-0.03832768299657022,10,3.8181285858154297,4.835378646850586,-0.5914370546293081,0.6865573256346708,11.699537754058838,20.859029531478882,10,1.0172500610351562,1.2779943802639788,9.159491777420044,False,True,True,True,True,0.03647670014345215,0.03339549307501161,0.06987219321846376,0.03339549307501161,4.722144617280713
552,2026-05-14T19:05:25.148Z,2026-05-14 19:05:25.148000+00:00,14,3,4.743853569030762,2.099180221557617,7.397472858428955,7.347624778747559,256757.341,4279.289016666667,71.3214836111111,70.446,4,30,16.84427785873413,True,3.5239817822501873,0.5470336545956667,10,3.8181285858154297,4.835378646850586,-0.5914370546293081,0.6865573256346708,11.699537754058838,20.859029531478882,10,1.0172500610351562,1.2779943802639788,9.159491777420044,False,True,True,True,True,0.012462274958668803,0.043916829919741565,0.05637910487841037,0.043916829919741565,5.307254100872388
553,2026-05-14T19:06:35.252Z,2026-05-14 19:06:35.252000+00:00,14,4,4.3490839,7.625257492,6.880172729492188,1.633256196975708,256827.445,4280.457416666667,71.34095694444446,70.104,4,30,16.1386864184679,True,0.9022872652773347,-0.044655172144488005,10,3.8181285858154297,4.835378646850586,-0.5914370546293081,0.6865573256346708,11.699537754058838,20.859029531478882,10,1.0172500610351562,1.2779943802639788,9.159491777420044,False,True,True,True,True,0.04724831559571186,0.0426315534678153,0.08987986906352716,0.0426315534678153,4.715717725216125
554,2026-05-14T19:07:45.248Z,2026-05-14 19:07:45.248000+00:00,14,5,3.862236976623535,9.460277557373049,2.9599454402923584,8.438806533813477,256897.441,4281.624016666667,71.36040027777777,69.996,4,30,20.859029531478882,True,0.3128814585345298,-0.5046201725352739,10,3.8181285858154297,4.835378646850586,-0.5914370546293081,0.6865573256346708,11.699537754058838,20.859029531478882,10,1.0172500610351562,1.2779943802639788,9.159491777420044,False,True,True,True,True,0.04535339260676681,0.014190235628294362,0.05954362823506117,0.014190235628294362,4.2575972164390885
555,2026-05-14T19:08:55.263Z,2026-05-14 19:08:55.263000+00:00,14,6,4.475343704223633,5.186836242675781,7.822379112243652,4.407233238220215,256967.456,4282.790933333334,71.3798488888889,70.015,4,30,17.41644859313965,True,1.5081214725622896,0.1784363234560773,10,3.8181285858154297,4.835378646850586,-0.5914370546293081,0.6865573256346708,11.699537754058838,20.859029531478882,10,1.0172500610351562,1.2779943802639788,9.159491777420044,False,True,True,True,True,0.029781250838468186,0.044913743869257554,0.07469499470772574,0.044913743869257554,4.938715598713079
556,2026-05-14T19:10:05.244Z,2026-05-14 19:10:05.244000+00:00,14,7,3.855069160461426,9.620897293,2.719017505645752,5.744823455810547,257037.437,4283.957283333333,71.39928805555556,69.981,4,30,18.084738254456298,True,0.2826157917332786,-0.5488035747202652,10,3.8181285858154297,4.835378646850586,-0.5914370546293081,0.6865573256346708,11.699537754058838,20.859029531478882,10,1.0172500610351562,1.2779943802639788,9.159491777420044,False,True,True,True,True,0.05319898556247722,0.015034873424146758,0.06823385898662399,0.015034873424146758,4.213459444107561
557,2026-05-14T19:11:15.330Z,2026-05-14 19:11:15.330000+00:00,14,8,4.835378646850586,1.798329472541809,8.738292694091797,3.538116931915283,257107.523,4285.125383333333,71.41875638888888,70.086,4,30,14.07473909854889,True,4.859116656605116,0.6865573256346708,10,3.8181285858154297,4.835378646850586,-0.5914370546293081,0.6865573256346708,11.699537754058838,20.859029531478882,10,1.0172500610351562,1.2779943802639788,9.159491777420044,False,True,True,True,True,0.012777000411518944,0.06208493552106212,0.07486193593258106,0.06208493552106212,5.446703757860739
558,2026-05-14T19:12:25.897Z,2026-05-14 19:12:25.897000+00:00,14,9,3.846798896789551,8.755414009094238,2.414215564727783,2.664906740188598,257178.09,4286.3015,71.43835833333333,70.567,4,30,13.83453631401062,True,0.27573973797471374,-0.5595006414403947,10,3.8181285858154297,4.835378646850586,-0.5914370546293081,0.6865573256346708,11.699537754058838,20.859029531478882,10,1.0172500610351562,1.2779943802639788,9.159491777420044,False,True,True,True,True,0.06328664590100781,0.017450643158042383,0.0807372890590502,0.017450643158042383,4.202488570330748
559,2026-05-14T19:13:36.465Z,2026-05-14 19:13:36.465000+00:00,15,0,4.377754211425781,7.864475727081299,8.829929352,7.83625316619873,257248.658,4287.477633333333,71.45796055555554,70.568,4,31,24.53065824528003,True,1.122761345882748,0.05028745244940201,10,3.9443883895874015,4.856881141662598,-0.4557270254126448,0.6659902178726033,8.051359176635742,24.53065824528003,10,0.9124927520751962,1.121717243285248,16.479299068644288,False,True,True,True,True,0.03205978269496503,0.035995484767307365,0.06805526746227239,0.035995484767307365,4.810683497238367
560,2026-05-14T19:14:46.599Z,2026-05-14 19:14:46.599000+00:00,15,1,4.119168281555176,7.623489856719971,3.921891450881958,1.3328505754470823,257318.792,4288.6465333333335,71.47744222222222,70.134,4,31,12.878231883049011,True,0.5144483070866659,-0.28865825758743185,10,3.9443883895874015,4.856881141662598,-0.4557270254126448,0.6659902178726033,8.051359176635742,24.53065824528003,10,0.9124927520751962,1.121717243285248,16.479299068644288,False,True,True,True,True,0.059196712141473394,0.030453648346277663,0.08965036048775106,0.030453648346277663,4.4720698683062645
561,2026-05-14T19:15:56.864Z,2026-05-14 19:15:56.864000+00:00,15,2,4.330888748168945,3.070195436477661,3.729729652404785,4.336772918701172,257389.057,4289.817616666666,71.49696027777777,70.265,4,31,11.136698007583618,True,1.2148183168051956,0.08451133150721796,10,3.9443883895874015,4.856881141662598,-0.4557270254126448,0.6659902178726033,8.051359176635742,24.53065824528003,10,0.9124927520751962,1.121717243285248,16.479299068644288,False,True,True,True,True,0.02756827413643603,0.033490444383649426,0.06105871852008546,0.033490444383649426,4.84492179023971
562,2026-05-14T19:17:07.047Z,2026-05-14 19:17:07.047000+00:00,15,3,3.9443883895874015,9.364230155944824,3.2790274620056152,6.7820892333984375,257459.24,4290.9873333333335,71.51645555555555,70.183,4,31,19.425346851348877,True,0.35016519322989353,-0.4557270254126448,10,3.9443883895874015,4.856881141662598,-0.4557270254126448,0.6659902178726033,8.051359176635742,24.53065824528003,10,0.9124927520751962,1.121717243285248,16.479299068644288,False,True,True,True,True,0.04820624428281229,0.016880148844178412,0.0650863931269907,0.016880148844178412,4.305988480423246
563,2026-05-14T19:18:17.294Z,2026-05-14 19:18:17.294000+00:00,15,4,4.325926780700684,5.665111541748047,5.592947006225586,9.345573425292969,257529.487,4292.1581166666665,71.5359686111111,70.247,4,31,20.6036319732666,True,0.9872615861151793,-0.005567760851622374,10,3.9443883895874015,4.856881141662598,-0.4557270254126448,0.6659902178726033,8.051359176635742,24.53065824528003,10,0.9124927520751962,1.121717243285248,16.479299068644288,False,True,True,True,True,0.027495693716033078,0.027145442189427986,0.05464113590546106,0.027145442189427986,4.754991140967841
564,2026-05-14T19:19:27.490Z,2026-05-14 19:19:27.490000+00:00,15,5,4.232748031616211,2.040876865386963,2.1050539016723637,3.905428409576416,257599.683,4293.32805,71.5554675,70.196,4,31,8.051359176635742,True,1.0314458149699455,0.013446418079742636,10,3.9443883895874015,4.856881141662598,-0.4557270254126448,0.6659902178726033,8.051359176635742,24.53065824528003,10,0.9124927520751962,1.121717243285248,16.479299068644288,False,True,True,True,True,0.02534822780369044,0.02614532348502132,0.05149355128871176,0.02614532348502132,4.774014185434362
565,2026-05-14T19:20:37.608Z,2026-05-14 19:20:37.608000+00:00,15,6,4.2476348876953125,2.016220808029175,2.104370594024658,4.759443283081055,257669.801,4294.496683333334,71.57494472222223,70.118,4,31,8.880034685134888,True,1.0437203036713267,0.018584131954989428,10,3.9443883895874015,4.856881141662598,-0.4557270254126448,0.6659902178726033,8.051359176635742,24.53065824528003,10,0.9124927520751962,1.121717243285248,16.479299068644288,False,True,True,True,True,0.022705100593855942,0.023697774486707342,0.04640287508056329,0.023697774486707342,4.779206836888292
566,2026-05-14T19:21:47.646Z,2026-05-14 19:21:47.646000+00:00,15,7,4.844752311706543,2.0299229621887207,9.135513305664062,3.6148605346679688,257739.839,4295.663983333334,71.59439972222224,70.038,4,31,14.780296802520752,True,4.500423649483669,0.6532533982137478,10,3.9443883895874015,4.856881141662598,-0.4557270254126448,0.6659902178726033,8.051359176635742,24.53065824528003,10,0.9124927520751962,1.121717243285248,16.479299068644288,False,True,True,True,True,0.013733979698178465,0.06180872703521094,0.0755427067333894,0.06180872703521094,5.413402500501774
567,2026-05-14T19:22:57.724Z,2026-05-14 19:22:57.724000+00:00,15,8,4.856881141662598,1.6423463821411133,7.611232280731201,6.236016750335693,257809.917,4296.83195,71.61386583333334,70.078,4,31,15.489595413208008,True,4.634364810916745,0.6659902178726033,10,3.9443883895874015,4.856881141662598,-0.4557270254126448,0.6659902178726033,8.051359176635742,24.53065824528003,10,0.9124927520751962,1.121717243285248,16.479299068644288,False,True,True,True,True,0.010602900452394523,0.04913770875023042,0.059740609202624945,0.04913770875023042,5.4261767652983615
568,2026-05-14T19:24:07.686Z,2026-05-14 19:24:07.686000+00:00,15,9,4.6947832107543945,1.8237673044204712,5.626325607299805,9.203662872314451,257879.879,4297.997983333333,71.63329972222222,69.962,4,31,16.65375578403473,True,3.0850019043891415,0.4892554364617857,10,3.9443883895874015,4.856881141662598,-0.4557270254126448,0.6659902178726033,8.051359176635742,24.53065824528003,10,0.9124927520751962,1.121717243285248,16.479299068644288,False,True,True,True,True,0.010951087118551613,0.033784124615863116,0.04473521173441473,0.033784124615863116,5.249550968210417
569,2026-05-14T19:25:18.011Z,2026-05-14 19:25:18.011000+00:00,16,0,4.299461364746094,9.872559547424316,8.229925155639648,9.582147598266602,257950.204,4299.170066666667,71.65283444444444,70.325,4,32,27.684632301330566,True,0.8336161576039093,-0.07903387622999587,9,3.7811880111694336,4.830416679382324,-0.6254041137336515,0.7446905886351113,5.543966054916382,27.684632301330566,9,1.0492286682128906,1.3700947023687626,22.140666246414185,False,True,True,True,True,0.03566079346825866,0.02972741362811637,0.06538820709637502,0.02972741362811637,4.681523788728817
570,2026-05-14T19:26:28.328Z,2026-05-14 19:26:28.328000+00:00,16,1,4.035363197,9.935533524,3.854738951,1.4510070085525513,258020.521,4300.3420166666665,71.67236694444445,70.317,4,32,15.241279483552551,True,0.38797503341804435,-0.41119622079146784,9,3.7811880111694336,4.830416679382324,-0.6254041137336515,0.7446905886351113,5.543966054916382,27.684632301330566,9,1.0492286682128906,1.3700947023687626,22.140666246414185,False,True,True,True,True,0.06518831660243364,0.025291439312295248,0.09047975591472888,0.025291439312295248,4.349868136882772
571,2026-05-14T19:27:38.411Z,2026-05-14 19:27:38.411000+00:00,16,2,4.460456848144531,3.2637248039245605,5.120664119720459,5.524085521697998,258090.604,4301.510066666667,71.69183444444444,70.083,4,32,13.908474445343018,True,1.5689632022782583,0.19561275796876998,9,3.7811880111694336,4.830416679382324,-0.6254041137336515,0.7446905886351113,5.543966054916382,27.684632301330566,9,1.0492286682128906,1.3700947023687626,22.140666246414185,False,True,True,True,True,0.023465728155522877,0.03681686399068026,0.060282592146203136,0.03681686399068026,4.955948146965903
572,2026-05-14T19:28:48.431Z,2026-05-14 19:28:48.431000+00:00,16,3,4.509528160095215,4.943986892700195,7.945857048034668,3.8179502487182617,258160.624,4302.677066666667,71.71128444444444,70.02,4,32,16.707794189453125,True,1.6071759938859747,0.2060634368059491,9,3.7811880111694336,4.830416679382324,-0.6254041137336515,0.7446905886351113,5.543966054916382,27.684632301330566,9,1.0492286682128906,1.3700947023687626,22.140666246414185,False,True,True,True,True,0.02959090132808262,0.04755778625194299,0.0771486875800256,0.04755778625194299,4.966320716211838
573,2026-05-14T19:29:58.502Z,2026-05-14 19:29:58.502000+00:00,16,4,3.7811880111694336,9.342967987060549,2.21350622177124,7.256812572479248,258230.695,4303.844916666667,71.73074861111111,70.071,4,32,18.813286781311035,True,0.23691681538851608,-0.6254041137336515,9,3.7811880111694336,4.830416679382324,-0.6254041137336515,0.7446905886351113,5.543966054916382,27.684632301330566,9,1.0492286682128906,1.3700947023687626,22.140666246414185,False,True,True,True,True,0.04966154024899985,0.011765653963081659,0.06142719421208151,0.011765653963081659,4.137911580520525
574,2026-05-14T19:31:08.782Z,2026-05-14 19:31:08.782000+00:00,16,5,4.830416679382324,1.2259269952774048,6.810126781463623,2.7773985862731934,258300.975,4305.01625,71.75027083333333,70.28,4,32,10.813452363014221,True,5.555083465571795,0.7446905886351113,9,3.7811880111694336,4.830416679382324,-0.6254041137336515,0.7446905886351113,5.543966054916382,27.684632301330566,9,1.0492286682128906,1.3700947023687626,22.140666246414185,False,True,True,True,True,0.011337054569829178,0.06297828438914321,0.0743153389589724,0.06297828438914321,5.504831831407337
575,2026-05-14T19:32:18.802Z,2026-05-14 19:32:18.802000+00:00,16,6,4.387678146362305,7.337582588195801,7.210770606994629,3.2103960514068604,258370.995,4306.18325,71.76972083333334,70.02,4,32,17.75874924659729,True,0.9827174713637734,-0.007571322721326659,9,3.7811880111694336,4.830416679382324,-0.6254041137336515,0.7446905886351113,5.543966054916382,27.684632301330566,9,1.0492286682128906,1.3700947023687626,22.140666246414185,False,True,True,True,True,0.04131812711754876,0.04060404540244447,0.08192217251999323,0.04060404540244447,4.752803354223152
576,2026-05-14T19:33:28.844Z,2026-05-14 19:33:28.844000+00:00,16,7,4.667766571044922,3.1796016693115234,8.093502044677734,4.648393154144287,258441.037,4307.350616666667,71.78917694444445,70.042,4,32,15.921496868133545,True,2.545445274731603,0.4057637644503285,9,3.7811880111694336,4.830416679382324,-0.6254041137336515,0.7446905886351113,5.543966054916382,27.684632301330566,9,1.0492286682128906,1.3700947023687626,22.140666246414185,False,True,True,True,True,0.019970494581294126,0.05083380106600822,0.07080429564730234,0.05083380106600822,5.165970437338248
577,2026-05-14T19:34:39.008Z,2026-05-14 19:34:39.008000+00:00,16,8,3.8859453201293945,3.3121330738067627,1.1336156129837036,1.0982173681259155,258511.201,4308.520016666666,71.80866694444444,70.164,4,32,5.543966054916382,True,0.34226149364246267,-0.4656419587040249,9,3.7811880111694336,4.830416679382324,-0.6254041137336515,0.7446905886351113,5.543966054916382,27.684632301330566,9,1.0492286682128906,1.3700947023687626,22.140666246414185,False,True,True,True,True,0.059743025859070105,0.020447737265245607,0.08019076312431571,0.020447737265245607,4.29579956548852
578,2026-05-14T22:05:44.519Z,2026-05-14 22:05:44.519000+00:00,1,0,4.010000228881836,0.0,0.0,0.0,267576.712,4459.611866666667,74.32686444444445,9065.511,5,33,0.0,False,,,9,3.9989728927612314,4.008896827697754,-0.19400629121786986,0.3937125002243749,5.670674443244934,24.786258697796875,10,0.00992393493652255,0.5877187914422447,19.11558425455194,True,False,False,False,False,,,,,
579,2026-05-14T22:06:56.275Z,2026-05-14 22:06:56.275000+00:00,1,1,4.001729965209961,3.6098086833953857,3.380829095840454,8.295549392700195,267648.468,4460.8078,74.34679666666666,71.756,5,33,15.286187171936035,False,0.936567389676853,-0.028460967982461786,9,3.9989728927612314,4.008896827697754,-0.19400629121786986,0.3937125002243749,5.670674443244934,24.786258697796875,10,0.00992393493652255,0.5877187914422447,19.11558425455194,True,True,True,True,True,,,,,
580,2026-05-14T22:08:05.659Z,2026-05-14 22:08:05.659000+00:00,1,2,4.002281188964844,8.222080231,6.795296669006348,9.768881797790527,267717.852,4461.9642,74.36607000000001,69.384,5,33,24.786258697796875,False,0.8264692727499545,-0.08277328840010317,9,3.9989728927612314,4.008896827697754,-0.19400629121786986,0.3937125002243749,5.670674443244934,24.786258697796875,10,0.00992393493652255,0.5877187914422447,19.11558425455194,True,True,True,True,True,,,,,
581,2026-05-14T22:09:14.758Z,2026-05-14 22:09:14.758000+00:00,1,3,4.001178741455078,1.822758793830872,1.500499963760376,2.3474156856536865,267786.951,4463.11585,74.38526416666667,69.099,5,33,5.670674443244934,False,0.8232027017720714,-0.0844932128778192,9,3.9989728927612314,4.008896827697754,-0.19400629121786986,0.3937125002243749,5.670674443244934,24.786258697796875,10,0.00992393493652255,0.5877187914422447,19.11558425455194,True,True,True,True,True,,,,,
582,2026-05-14T22:10:23.994Z,2026-05-14 22:10:23.994000+00:00,1,4,4.002281188964844,2.751373052597046,6.811801433563232,7.061158180236816,267856.187,4464.269783333333,74.40449638888889,69.236,5,33,16.624332666397095,False,2.475782565048208,0.3937125002243749,9,3.9989728927612314,4.008896827697754,-0.19400629121786986,0.3937125002243749,5.670674443244934,24.786258697796875,10,0.00992393493652255,0.5877187914422447,19.11558425455194,True,True,True,True,True,,,,,
583,2026-05-14T22:11:33.262Z,2026-05-14 22:11:33.262000+00:00,1,5,3.9989728927612314,9.150855064,8.600259780883789,6.527002334594727,267925.455,4465.42425,74.4237375,69.268,5,33,24.278117179478514,False,0.9398312748627956,-0.026950107010088896,9,3.9989728927612314,4.008896827697754,-0.19400629121786986,0.3937125002243749,5.670674443244934,24.786258697796875,10,0.00992393493652255,0.5877187914422447,19.11558425455194,True,True,True,True,True,,,,,
584,2026-05-14T22:12:42.637Z,2026-05-14 22:12:42.637000+00:00,1,6,4.000075340270996,4.353733539581299,7.394618988037109,1.3861809968948364,267994.83,4466.5805,74.44300833333334,69.375,5,33,13.134533524513245,False,1.6984546529570697,0.23005395613191215,9,3.9989728927612314,4.008896827697754,-0.19400629121786986,0.3937125002243749,5.670674443244934,24.786258697796875,10,0.00992393493652255,0.5877187914422447,19.11558425455194,True,True,True,True,True,,,,,
585,2026-05-14T22:13:52.044Z,2026-05-14 22:13:52.044000+00:00,1,7,4.003934860229492,6.809643745422363,4.356303215026856,7.979281425476074,268064.237,4467.737283333334,74.46228805555556,69.407,5,33,19.145228385925293,False,0.6397255683096913,-0.19400629121786986,9,3.9989728927612314,4.008896827697754,-0.19400629121786986,0.3937125002243749,5.670674443244934,24.786258697796875,10,0.00992393493652255,0.5877187914422447,19.11558425455194,True,True,True,True,True,,,,,
586,2026-05-14T22:15:01.189Z,2026-05-14 22:15:01.189000+00:00,1,8,4.008896827697754,6.247568130493164,9.391419410705566,4.125819206237793,268133.382,4468.8897,74.481495,69.145,5,33,19.764806747436523,False,1.5032120041825356,0.1770202352466861,9,3.9989728927612314,4.008896827697754,-0.19400629121786986,0.3937125002243749,5.670674443244934,24.786258697796875,10,0.00992393493652255,0.5877187914422447,19.11558425455194,True,True,True,True,True,,,,,
587,2026-05-14T22:16:10.351Z,2026-05-14 22:16:10.351000+00:00,1,9,4.006691932678223,2.2568907737731934,5.538862705230713,1.0559895038604736,268202.544,4470.0424,74.50070666666667,69.162,5,33,8.85174298286438,False,2.454200606248454,0.3899100590535608,9,3.9989728927612314,4.008896827697754,-0.19400629121786986,0.3937125002243749,5.670674443244934,24.786258697796875,10,0.00992393493652255,0.5877187914422447,19.11558425455194,True,True,True,True,True,,,,,
588,2026-05-14T22:17:19.747Z,2026-05-14 22:17:19.747000+00:00,2,0,4.008896827697754,3.914367676,1.565069317817688,1.5133485794067385,268271.94,4471.199,74.51998333333333,69.396,5,34,6.992785573224426,True,0.39982685515556765,-0.39812803899684324,1,4.008896827697754,4.008896827697754,-0.39812803899684324,-0.39812803899684324,6.992785573224426,6.992785573224426,1,0.0,0.0,0.0,False,True,True,True,True,0.055977230175457186,0.02238119990137239,0.07835843007682958,0.02238119990137239,4.363048678498812
589,2026-05-14T22:22:00.127Z,2026-05-14 22:22:00.127000+00:00,1,0,3.975815773010254,6.762317180633545,2.423252820968628,8.400869369506836,268552.32,4475.872,74.59786666666668,280.38,5,35,17.58643937110901,True,0.3583465188395081,-0.4456968101316131,10,3.975815773010254,4.785757064819336,-0.4456968101316131,0.4443240413181894,6.396348357200623,24.87428855895996,10,0.809941291809082,0.8900208514498025,18.47794020175934,False,True,True,True,True,0.03845188351055687,0.013779098598830336,0.0522309821093872,0.013779098598830336,4.316367229431477
590,2026-05-14T22:23:11.782Z,2026-05-14 22:23:11.782000+00:00,1,1,4.661702156066895,4.191912651062012,9.074371337890623,8.639604568481445,268623.975,4477.06625,74.61777083333332,71.655,5,35,21.905888557434082,True,2.1647329258141035,0.3354043228602996,10,3.975815773010254,4.785757064819336,-0.4456968101316131,0.4443240413181894,6.396348357200623,24.87428855895996,10,0.809941291809082,0.8900208514498025,18.47794020175934,False,True,True,True,True,0.01913600829325604,0.04142434722106309,0.06056035551431913,0.04142434722106309,5.095670512098579
591,2026-05-14T22:24:21.051Z,2026-05-14 22:24:21.051000+00:00,1,2,4.785757064819336,3.014894962310791,8.386798858642578,3.4521169662475586,268693.244,4478.220733333334,74.63701222222222,69.269,5,35,14.853810787200928,True,2.781788076694535,0.4443240413181894,10,3.975815773010254,4.785757064819336,-0.4456968101316131,0.4443240413181894,6.396348357200623,24.87428855895996,10,0.809941291809082,0.8900208514498025,18.47794020175934,False,True,True,True,True,0.02029711436009831,0.0564622707182269,0.07675938507832522,0.0564622707182269,5.2045056549398865
592,2026-05-14T22:25:30.133Z,2026-05-14 22:25:30.133000+00:00,1,3,4.684307098388672,3.5533788204193115,7.756874084472656,5.300461292266846,268762.326,4479.3721,74.65620166666666,69.082,5,35,16.610714197158813,True,2.1829572574413323,0.3390452322555881,10,3.975815773010254,4.785757064819336,-0.4456968101316131,0.4443240413181894,6.396348357200623,24.87428855895996,10,0.809941291809082,0.8900208514498025,18.47794020175934,False,True,True,True,True,0.02139208933609309,0.04669801666805774,0.06809010600415083,0.04669801666805774,5.099280752624863
593,2026-05-14T22:26:39.271Z,2026-05-14 22:26:39.271000+00:00,1,4,4.053006172180176,2.662097454071045,1.2840877771377563,2.4501631259918213,268831.464,4480.524399999999,74.67540666666666,69.138,5,35,6.396348357200623,True,0.48235941744884264,-0.3166292380143083,10,3.975815773010254,4.785757064819336,-0.4456968101316131,0.4443240413181894,6.396348357200623,24.87428855895996,10,0.809941291809082,0.8900208514498025,18.47794020175934,False,True,True,True,True,0.04161901924985397,0.020075325880151727,0.0616943451300057,0.020075325880151727,4.444522487014416
594,2026-05-14T22:27:48.341Z,2026-05-14 22:27:48.341000+00:00,1,5,4.617041588,3.8645224571228023,7.351354598999023,6.116567611694336,268900.534,4481.675566666667,74.69459277777779,69.07,5,35,17.332444667816162,True,1.9022672737868427,0.27927153645835384,10,3.975815773010254,4.785757064819336,-0.4456968101316131,0.4443240413181894,6.396348357200623,24.87428855895996,10,0.809941291809082,0.8900208514498025,18.47794020175934,False,True,True,True,True,0.0222964649891464,0.042413835669987306,0.0647103006591337,0.042413835669987306,5.039542843726258
595,2026-05-14T22:28:57.232Z,2026-05-14 22:28:57.232000+00:00,1,6,4.314348220825195,6.411692142486572,5.222047805786133,2.944361686706543,268969.425,4482.82375,74.71372916666665,68.891,5,35,14.578101634979248,True,0.81445704031587,-0.08913181822570172,10,3.975815773010254,4.785757064819336,-0.4456968101316131,0.4443240413181894,6.396348357200623,24.87428855895996,10,0.809941291809082,0.8900208514498025,18.47794020175934,False,True,True,True,True,0.04398166718156304,0.03582117848085346,0.0798028456624165,0.03582117848085346,4.671337019668668
596,2026-05-14T22:30:06.420Z,2026-05-14 22:30:06.420000+00:00,1,7,4.210693359,9.600225448608398,5.840292453765869,4.545532227,269038.613,4483.976883333334,74.73294805555557,69.188,5,35,19.986050129374267,True,0.6083495106474244,-0.2158468369548514,10,3.975815773010254,4.785757064819336,-0.4456968101316131,0.4443240413181894,6.396348357200623,24.87428855895996,10,0.809941291809082,0.8900208514498025,18.47794020175934,False,True,True,True,True,0.04803463108750327,0.02922184431621217,0.07725647540371544,0.02922184431621217,4.54483477014053
597,2026-05-14T22:31:15.624Z,2026-05-14 22:31:15.624000+00:00,1,8,4.418003082275391,2.3097264766693115,3.261233329772949,5.898064136505127,269107.817,4485.130283333333,74.75217138888888,69.204,5,35,11.469023942947388,True,1.4119565077141674,0.14982131941362584,10,3.975815773010254,4.785757064819336,-0.4456968101316131,0.4443240413181894,6.396348357200623,24.87428855895996,10,0.809941291809082,0.8900208514498025,18.47794020175934,False,True,True,True,True,0.020138823392112846,0.028435142746200036,0.048573966138312885,0.028435142746200036,4.91027424884243
598,2026-05-14T22:32:24.746Z,2026-05-14 22:32:24.746000+00:00,1,9,4.380510330200195,8.033791542053223,7.745114326477051,9.095382690429688,269176.939,4486.282316666667,74.77137194444444,69.122,5,35,24.87428855895996,True,0.9640671264539192,-0.015892725813375527,10,3.975815773010254,4.785757064819336,-0.4456968101316131,0.4443240413181894,6.396348357200623,24.87428855895996,10,0.809941291809082,0.8900208514498025,18.47794020175934,False,True,True,True,True,0.03229757314670764,0.031137028534981702,0.06343460168168935,0.031137028534981702,4.744600499221786
599,2026-05-14T22:33:34.101Z,2026-05-14 22:33:34.101000+00:00,2,0,4.802849769592285,1.2108447551727295,5.052787780761719,2.175985097885132,269246.294,4487.438233333333,74.79063722222222,69.355,5,36,8.43961763381958,True,4.172944350773463,0.620442593119771,10,4.053006172180176,4.802849769592285,-0.2815226593420111,0.620442593119771,8.43961763381958,25.88149356876709,10,0.7498435974121094,0.901965252461782,17.44187593494751,False,True,True,True,True,0.014347151822620294,0.05986986614789255,0.07421701797051285,0.05986986614789255,5.380598732457854
600,2026-05-14T22:34:43.324Z,2026-05-14 22:34:43.324000+00:00,2,1,4.598296165466309,6.1298346519470215,9.506011962890623,4.059738159179688,269315.517,4488.59195,74.80986583333333,69.223,5,36,19.695584774017334,True,1.5507778761815745,0.19054959661631926,10,4.053006172180176,4.802849769592285,-0.2815226593420111,0.620442593119771,8.43961763381958,25.88149356876709,10,0.7498435974121094,0.901965252461782,17.44187593494751,False,True,True,True,True,0.031122887298241468,0.04826468506500541,0.07938757236324688,0.04826468506500541,4.950806644202209
601,2026-05-14T22:35:52.679Z,2026-05-14 22:35:52.679000+00:00,2,2,4.461560249328613,7.164329528808594,8.034793853759766,9.215996742248535,269384.872,4489.747866666667,74.82913111111111,69.355,5,36,24.415120124816895,True,1.121499760926816,0.049799185339249014,10,4.053006172180176,4.802849769592285,-0.2815226593420111,0.620442593119771,8.43961763381958,25.88149356876709,10,0.7498435974121094,0.901965252461782,17.44187593494751,False,True,True,True,True,0.02934382256643648,0.032909089992937415,0.062252912559373895,0.032909089992937415,4.81023256684762
602,2026-05-14T22:37:01.879Z,2026-05-14 22:37:01.879000+00:00,2,3,4.364521026611328,8.233088493347168,7.435933113098144,6.092218876,269454.072,4490.901199999999,74.84835333333332,69.2,5,36,21.761240482445313,True,0.9031766291722512,-0.04422730885196297,10,4.053006172180176,4.802849769592285,-0.2815226593420111,0.620442593119771,8.43961763381958,25.88149356876709,10,0.7498435974121094,0.901965252461782,17.44187593494751,False,True,True,True,True,0.037833727815235356,0.03417053875718471,0.07200426657242007,0.03417053875718471,4.71623758133379
603,2026-05-14T22:38:10.917Z,2026-05-14 22:38:10.917000+00:00,2,4,4.431786537,7.798150062561035,8.175084114074707,4.805579662322998,269523.11,4492.051833333333,74.86753055555555,69.038,5,36,20.77881383895874,True,1.0483363424004026,0.0205006416301611,10,4.053006172180176,4.802849769592285,-0.2815226593420111,0.620442593119771,8.43961763381958,25.88149356876709,10,0.7498435974121094,0.901965252461782,17.44187593494751,False,True,True,True,True,0.03752933215051997,0.039343362799405944,0.07687269494992591,0.039343362799405944,4.780875120635971
604,2026-05-14T22:39:19.733Z,2026-05-14 22:39:19.733000+00:00,2,5,4.2796125411987305,9.671000480651855,7.13517952,9.075313568115234,269591.926,4493.198766666666,74.8866461111111,68.816,5,36,25.88149356876709,True,0.7377912486174406,-0.13206650050484497,10,4.053006172180176,4.802849769592285,-0.2815226593420111,0.620442593119771,8.43961763381958,25.88149356876709,10,0.7498435974121094,0.901965252461782,17.44187593494751,False,True,True,True,True,0.037366469809619066,0.027568654417264752,0.06493512422688381,0.027568654417264752,4.628577272454738
605,2026-05-14T22:40:28.956Z,2026-05-14 22:40:28.956000+00:00,2,6,4.053006172180176,3.197667360305786,1.6722862720489502,4.880918502807617,269661.149,4494.352483333333,74.90587472222222,69.223,5,36,9.750872135162354,True,0.5229706794421022,-0.2815226593420111,10,4.053006172180176,4.802849769592285,-0.2815226593420111,0.620442593119771,8.43961763381958,25.88149356876709,10,0.7498435974121094,0.901965252461782,17.44187593494751,False,True,True,True,True,0.032793654926257985,0.01715011999817498,0.049943774924432964,0.01715011999817498,4.4797545157756185
606,2026-05-14T22:41:38.259Z,2026-05-14 22:41:38.259000+00:00,2,7,4.795129776000977,2.956259250640869,9.710168838500977,9.043495178222656,269730.452,4495.507533333333,74.92512555555555,69.303,5,36,21.709923267364502,True,3.2846134304344146,0.5164842643347343,10,4.053006172180176,4.802849769592285,-0.2815226593420111,0.620442593119771,8.43961763381958,25.88149356876709,10,0.7498435974121094,0.901965252461782,17.44187593494751,False,True,True,True,True,0.013617087514467973,0.04472686853342228,0.05834395604789026,0.04472686853342228,5.276704221315044
607,2026-05-14T22:42:47.538Z,2026-05-14 22:42:47.538000+00:00,2,8,4.388230323791504,9.39760685,8.926584243774414,5.5672993659973145,269799.731,4496.662183333334,74.94436972222223,69.279,5,36,23.89149045977173,True,0.949878451637335,-0.02233196435374313,10,4.053006172180176,4.802849769592285,-0.2815226593420111,0.620442593119771,8.43961763381958,25.88149356876709,10,0.7498435974121094,0.901965252461782,17.44187593494751,False,True,True,True,True,0.039334535724439644,0.037363027889804175,0.07669756361424382,0.037363027889804175,4.738082278004616
608,2026-05-14T22:43:56.616Z,2026-05-14 22:43:56.616000+00:00,2,9,4.490781784057617,4.929704189300537,6.799516677856445,4.435009956359863,269868.809,4497.813483333333,74.96355805555555,69.078,5,36,16.164230823516846,True,1.3792950685791983,0.1396571834693456,10,4.053006172180176,4.802849769592285,-0.2815226593420111,0.620442593119771,8.43961763381958,25.88149356876709,10,0.7498435974121094,0.901965252461782,17.44187593494751,False,True,True,True,True,0.030497610700587506,0.042065204042768534,0.07256281474335605,0.042065204042768534,4.899966448487714
609,2026-05-14T22:45:05.820Z,2026-05-14 22:45:05.820000+00:00,3,0,3.832463264465332,8.936424255371094,2.2494571208953857,4.462143898010254,269938.013,4498.966883333333,74.98278138888888,69.204,5,37,15.648025274276733,True,0.2517178075496344,-0.5990860595927638,10,3.7944202423095694,4.747161865234375,-0.6337217891939668,0.512228321862543,9.347700834274292,27.162150382734374,10,0.9527416229248056,1.1459501110565098,17.814449548460082,False,True,True,True,True,0.05710895847069843,0.01437534181768733,0.07148430028838576,0.01437534181768733,4.163504498871507
610,2026-05-14T22:46:14.884Z,2026-05-14 22:46:14.884000+00:00,3,1,4.553636551,5.066357135772705,8.428759574890137,2.712796688079834,270007.077,4500.11795,75.00196583333333,69.064,5,37,16.207913398742676,True,1.6636726051892528,0.22106786537466278,10,3.7944202423095694,4.747161865234375,-0.6337217891939668,0.512228321862543,9.347700834274292,27.162150382734374,10,0.9527416229248056,1.1459501110565098,17.814449548460082,False,True,True,True,True,0.03125854026444716,0.05200397711616595,0.0832625173806131,0.05200397711616595,4.981300075967515
611,2026-05-14T22:47:24.027Z,2026-05-14 22:47:24.027000+00:00,3,2,4.445019721984863,6.414625644683838,7.152374744415283,3.014840841293335,270076.22,4501.270333333333,75.02117222222222,69.143,5,37,16.581841230392456,True,1.115010468357239,0.04727894480879076,10,3.7944202423095694,4.747161865234375,-0.6337217891939668,0.512228321862543,9.347700834274292,27.162150382734374,10,0.9527416229248056,1.1459501110565098,17.814449548460082,False,True,True,True,True,0.03868464035783086,0.04313377896361635,0.0818184193214472,0.04313377896361635,4.8076105777293225
612,2026-05-14T22:48:33.056Z,2026-05-14 22:48:33.056000+00:00,3,3,3.7944202423095694,5.377164840698242,1.2497742176055908,2.720761775970459,270145.249,4502.420816666667,75.04034694444445,69.029,5,37,9.347700834274292,True,0.23242252276634756,-0.6337217891939668,10,3.7944202423095694,4.747161865234375,-0.6337217891939668,0.512228321862543,9.347700834274292,27.162150382734374,10,0.9527416229248056,1.1459501110565098,17.814449548460082,False,True,True,True,True,0.05752392953123106,0.013369856821082327,0.07089378635231339,0.013369856821082327,4.129244741577392
613,2026-05-14T22:49:42.004Z,2026-05-14 22:49:42.004000+00:00,3,4,4.142876625061035,3.685457706451416,2.6379354000091557,4.946763038635254,270214.197,4503.56995,75.05949916666667,68.948,5,37,11.270156145095825,True,0.715768734882355,-0.14522727572055702,10,3.7944202423095694,4.747161865234375,-0.6337217891939668,0.512228321862543,9.347700834274292,27.162150382734374,10,0.9527416229248056,1.1459501110565098,17.814449548460082,False,True,True,True,True,0.03270103500788791,0.02340637845693953,0.056107413464827435,0.02340637845693953,4.6155441489191915
614,2026-05-14T22:50:51.227Z,2026-05-14 22:50:51.227000+00:00,3,5,4.245429039001465,9.839513778686523,7.097188472747803,5.492161750793457,270283.42,4504.723666666667,75.07872777777779,69.223,5,37,22.428864002227783,True,0.7212946322735071,-0.14188729972823455,10,3.7944202423095694,4.747161865234375,-0.6337217891939668,0.512228321862543,9.347700834274292,27.162150382734374,10,0.9527416229248056,1.1459501110565098,17.814449548460082,False,True,True,True,True,0.043869871330572956,0.03164310270927169,0.07551297403984464,0.03164310270927169,4.618681063459982
615,2026-05-14T22:52:00.395Z,2026-05-14 22:52:00.395000+00:00,3,6,4.747161865234375,2.250961303710937,7.321437358856201,7.362955093383789,270352.588,4505.876466666667,75.09794111111111,69.168,5,37,16.935353755950928,True,3.2525825063212204,0.512228321862543,10,3.7944202423095694,4.747161865234375,-0.6337217891939668,0.512228321862543,9.347700834274292,27.162150382734374,10,0.9527416229248056,1.1459501110565098,17.814449548460082,False,True,True,True,True,0.01329149267354377,0.04323167655286513,0.056523169226408904,0.04323167655286513,5.27245641021339
616,2026-05-14T22:53:09.633Z,2026-05-14 22:53:09.633000+00:00,3,7,4.399256706237793,8.911113739013672,8.773386955,9.477649688720703,270421.826,4507.030433333333,75.11717388888889,69.238,5,37,27.162150382734374,True,0.9845443804167046,-0.006764702343881398,10,3.7944202423095694,4.747161865234375,-0.6337217891939668,0.512228321862543,9.347700834274292,27.162150382734374,10,0.9527416229248056,1.1459501110565098,17.814449548460082,False,True,True,True,True,0.03280709963478452,0.032300045583198024,0.06510714521798255,0.032300045583198024,4.753705755243767
617,2026-05-14T22:54:18.833Z,2026-05-14 22:54:18.833000+00:00,3,8,4.519452095031738,4.159537315368652,6.353402614593506,6.289340019226074,270491.026,4508.183766666667,75.13639611111111,69.2,5,37,16.802279949188232,True,1.5274301281344353,0.18396135268892544,10,3.7944202423095694,4.747161865234375,-0.6337217891939668,0.512228321862543,9.347700834274292,27.162150382734374,10,0.9527416229248056,1.1459501110565098,17.814449548460082,False,True,True,True,True,0.024755791047093058,0.037812741091130656,0.06256853213822372,0.037812741091130656,4.94429136814054
618,2026-05-14T22:55:28.025Z,2026-05-14 22:55:28.025000+00:00,3,9,4.393743515014648,5.994668006896973,6.170247554779053,3.924541711807251,270560.218,4509.336966666667,75.15561611111112,69.192,5,37,16.089457273483276,True,1.0292892863591565,0.012537452325709792,10,3.7944202423095694,4.747161865234375,-0.6337217891939668,0.512228321862543,9.347700834274292,27.162150382734374,10,0.9527416229248056,1.1459501110565098,17.814449548460082,False,True,True,True,True,0.037258360583589535,0.03834963137599501,0.07560799195958454,0.03834963137599501,4.772925093148201
619,2026-05-14T22:56:37.104Z,2026-05-14 22:56:37.104000+00:00,4,0,4.779691696166992,2.9302754402160645,9.124853134155272,6.995248794555664,270629.297,4510.488283333334,75.17480472222223,69.079,5,38,19.050377368927002,True,3.1139916094312445,0.49331743803858197,10,3.755273818969727,4.831519127,-0.599919064843288,0.6437714107344746,11.897103667259216,21.71534252166748,10,1.076245308030273,1.2436904755777627,9.818238854408264,False,True,True,True,True,0.015381718605719725,0.04789854267684369,0.06328026128256341,0.04789854267684369,5.253525429734589
620,2026-05-14T22:57:46.357Z,2026-05-14 22:57:46.357000+00:00,4,1,4.292844772338867,9.191133499145508,6.529592514038086,1.9903440475463867,270698.55,4511.6425,75.19404166666666,69.253,5,38,17.71107006072998,True,0.7104229869629395,-0.1484829946539371,10,3.755273818969727,4.831519127,-0.599919064843288,0.6437714107344746,11.897103667259216,21.71534252166748,10,1.076245308030273,1.2436904755777627,9.818238854408264,False,True,True,True,True,0.05189485145521855,0.036867295378814405,0.08876214683403295,0.036867295378814405,4.61200925836805
621,2026-05-14T22:58:55.375Z,2026-05-14 22:58:55.375000+00:00,4,2,3.755273818969727,4.273054122924805,1.0735427141189575,7.122714042663574,270767.568,4512.7928,75.21321333333334,69.018,5,38,12.469310879707336,True,0.2512354590501051,-0.599919064843288,10,3.755273818969727,4.831519127,-0.599919064843288,0.6437714107344746,11.897103667259216,21.71534252166748,10,1.076245308030273,1.2436904755777627,9.818238854408264,False,True,True,True,True,0.03426856675679495,0.008609479100132551,0.042878045856927505,0.008609479100132551,4.164390830817492
622,2026-05-14T23:00:04.610Z,2026-05-14 23:00:04.610000+00:00,4,3,4.143980026245117,9.571556091308594,5.430254936218262,6.713531494140625,270836.803,4513.946716666667,75.23244527777779,69.235,5,38,21.71534252166748,True,0.5673325094076583,-0.24616232968783952,10,3.755273818969727,4.831519127,-0.599919064843288,0.6437714107344746,11.897103667259216,21.71534252166748,10,1.076245308030273,1.2436904755777627,9.818238854408264,False,True,True,True,True,0.0440773894390942,0.025006535958619926,0.06908392539771413,0.025006535958619926,4.514669629880793
623,2026-05-14T23:01:13.634Z,2026-05-14 23:01:13.634000+00:00,4,4,4.531582832336426,4.392673015594482,7.131916999816895,3.278442383,270905.827,4515.097116666667,75.25161861111111,69.024,5,38,14.803032398411377,True,1.6235938742760476,0.21047740408086688,10,3.755273818969727,4.831519127,-0.599919064843288,0.6437714107344746,11.897103667259216,21.71534252166748,10,1.076245308030273,1.2436904755777627,9.818238854408264,False,True,True,True,True,0.029674143090208282,0.04817875694565307,0.07785290003586136,0.04817875694565307,4.970730384571505
624,2026-05-14T23:02:22.995Z,2026-05-14 23:02:22.995000+00:00,4,5,4.831519127,2.0082030296325684,8.242362976074219,1.6465376615524292,270975.188,4516.253133333334,75.27088555555557,69.361,5,38,11.897103667259216,True,4.104347446175443,0.613244118080793,10,3.755273818969727,4.831519127,-0.599919064843288,0.6437714107344746,11.897103667259216,21.71534252166748,10,1.076245308030273,1.2436904755777627,9.818238854408264,False,True,True,True,True,0.016879764065258467,0.06928041653328759,0.08616018059854606,0.06928041653328759,5.37337949145657
625,2026-05-14T23:03:32.113Z,2026-05-14 23:03:32.113000+00:00,4,6,3.980226516723633,6.11795187,2.331994057,4.972879409790039,271044.306,4517.4051,75.290085,69.118,5,38,13.422825336790039,True,0.3811723443649779,-0.41887861675717863,10,3.755273818969727,4.831519127,-0.599919064843288,0.6437714107344746,11.897103667259216,21.71534252166748,10,1.076245308030273,1.2436904755777627,9.818238854408264,False,True,True,True,True,0.0455787192077332,0.01737334725356471,0.06295206646129792,0.01737334725356471,4.342688521499306
626,2026-05-14T23:04:41.072Z,2026-05-14 23:04:41.072000+00:00,4,7,4.786308288574219,1.293027639389038,5.693498611450195,6.472530841827393,271113.265,4518.554416666667,75.30924027777777,68.959,5,38,13.459057092666626,True,4.403230401277734,0.6437714107344746,10,3.755273818969727,4.831519127,-0.599919064843288,0.6437714107344746,11.897103667259216,21.71534252166748,10,1.076245308030273,1.2436904755777627,9.818238854408264,False,True,True,True,True,0.009607119061063825,0.042302358718371035,0.05190947777943486,0.042302358718371035,5.403990122916908
627,2026-05-14T23:05:50.268Z,2026-05-14 23:05:50.268000+00:00,4,8,4.7444047927856445,2.479830026626587,7.740009307861328,6.873239517211914,271182.461,4519.707683333333,75.32846138888888,69.196,5,38,17.09307885169983,True,3.1211854138206303,0.49431956866768884,10,3.755273818969727,4.831519127,-0.599919064843288,0.6437714107344746,11.897103667259216,21.71534252166748,10,1.076245308030273,1.2436904755777627,9.818238854408264,False,True,True,True,True,0.014507801948038046,0.045281539826814876,0.05978934177485292,0.045281539826814876,5.254539449734197
628,2026-05-14T23:06:59.332Z,2026-05-14 23:06:59.332000+00:00,4,9,4.555290222167969,5.553618431091309,8.101902008,3.4433748722076416,271251.525,4520.85875,75.34764583333335,69.064,5,38,17.09889531129895,True,1.4588510371260675,0.16401094846851977,10,3.755273818969727,4.831519127,-0.599919064843288,0.6437714107344746,11.897103667259216,21.71534252166748,10,1.076245308030273,1.2436904755777627,9.818238854408264,False,True,True,True,True,0.03247939899030482,0.047382604902237536,0.07986200389254236,0.047382604902237536,4.92427924154258
629,2026-05-14T23:08:08.487Z,2026-05-14 23:08:08.487000+00:00,5,0,4.451636314,7.946434020996094,9.214640617370604,8.876422882080078,271320.68,4522.011333333333,75.36685555555555,69.155,5,39,26.037497520446777,True,1.1595944285227373,0.064306120043046,10,3.813165664672852,4.985898971557617,-0.5968462551800897,0.8483557403066987,12.052955865645387,26.037497520446777,10,1.1727333068847652,1.4452019954867885,13.98454165480139,False,True,True,True,True,0.03051919261732393,0.03538988572206109,0.06590907833938502,0.03538988572206109,4.824702908751027
630,2026-05-14T23:09:17.758Z,2026-05-14 23:09:17.758000+00:00,5,1,4.6782426834106445,1.6161763668060305,4.722636222839356,5.714143276,271389.951,4523.16585,75.3860975,69.271,5,39,12.052955865645387,True,2.9221044929474305,0.4656957420223238,10,3.813165664672852,4.985898971557617,-0.5968462551800897,0.8483557403066987,12.052955865645387,26.037497520446777,10,1.1727333068847652,1.4452019954867885,13.98454165480139,False,True,True,True,True,0.013408962787399129,0.0391823904068239,0.05259135319422303,0.0391823904068239,5.225954086227071
631,2026-05-14T23:10:27.017Z,2026-05-14 23:10:27.017000+00:00,5,2,4.436197280883789,9.014187812805176,9.798366547,1.6001893281936646,271459.21,4524.320166666667,75.40533611111113,69.259,5,39,20.41274368799884,True,1.0869938313334069,0.03622707948145207,10,3.813165664672852,4.985898971557617,-0.5968462551800897,0.8483557403066987,12.052955865645387,26.037497520446777,10,1.1727333068847652,1.4452019954867885,13.98454165480139,False,True,True,True,True,0.04415960906864687,0.048001222651713915,0.09216083172036078,0.048001222651713915,4.796528736206573
632,2026-05-14T23:11:36.375Z,2026-05-14 23:11:36.375000+00:00,5,3,4.985898971557617,1.269909143447876,8.956295013427734,8.344896317,271528.568,4525.476133333334,75.42460222222222,69.358,5,39,18.57110047387561,True,7.052705352692304,0.8483557403066987,10,3.813165664672852,4.985898971557617,-0.5968462551800897,0.8483557403066987,12.052955865645387,26.037497520446777,10,1.1727333068847652,1.4452019954867885,13.98454165480139,False,True,True,True,True,0.006838093118037275,0.04822705593578991,0.055065149053827186,0.04822705593578991,5.608534081563094
633,2026-05-14T23:12:45.489Z,2026-05-14 23:12:45.489000+00:00,5,4,4.695885658,3.663601875305176,8.622967720031738,8.520511627197266,271597.682,4526.6280333333325,75.44380055555554,69.114,5,39,20.80708122253418,True,2.353685802531,0.3717484876771859,10,3.813165664672852,4.985898971557617,-0.5968462551800897,0.8483557403066987,12.052955865645387,26.037497520446777,10,1.1727333068847652,1.4452019954867885,13.98454165480139,False,True,True,True,True,0.017607476205444304,0.04144246676315667,0.05904994296860097,0.04144246676315667,5.132007801594709
634,2026-05-14T23:13:54.797Z,2026-05-14 23:13:54.797000+00:00,5,5,3.813165664672852,6.043503761291504,1.5291234254837036,6.872276782989502,271666.99,4527.783166666666,75.46305277777778,69.308,5,39,14.44490396976471,True,0.25301935530804204,-0.5968462551800897,10,3.813165664672852,4.985898971557617,-0.5968462551800897,0.8483557403066987,12.052955865645387,26.037497520446777,10,1.1727333068847652,1.4452019954867885,13.98454165480139,False,True,True,True,True,0.04183831040996492,0.01058590232710707,0.05242421273707199,0.01058590232710707,4.166647762277043
635,2026-05-14T23:15:03.803Z,2026-05-14 23:15:03.803000+00:00,5,6,4.416348457336426,6.634596824645996,7.689690113067627,3.5352935791015625,271735.996,4528.933266666666,75.4822211111111,69.006,5,39,17.859580516815186,True,1.1590289984919961,0.06409430199250787,10,3.813165664672852,4.985898971557617,-0.5968462551800897,0.8483557403066987,12.052955865645387,26.037497520446777,10,1.1727333068847652,1.4452019954867885,13.98454165480139,False,True,True,True,True,0.03714867109224306,0.04305638705135104,0.0802050581435941,0.04305638705135104,4.8244205643102065
636,2026-05-14T23:16:12.886Z,2026-05-14 23:16:12.886000+00:00,5,7,4.3386077880859375,6.049955845,5.592577934265137,8.000649452209473,271805.079,4530.084650000001,75.50141083333334,69.083,5,39,19.64318323147461,True,0.9243997935765326,-0.034140160173221294,10,3.813165664672852,4.985898971557617,-0.5968462551800897,0.8483557403066987,12.052955865645387,26.037497520446777,10,1.1727333068847652,1.4452019954867885,13.98454165480139,False,True,True,True,True,0.030799263916176545,0.028470833206422744,0.059270097122599286,0.028470833206422744,4.726410960607973
637,2026-05-14T23:17:21.987Z,2026-05-14 23:17:21.987000+00:00,5,8,4.432338714599609,5.819300174713135,6.5434346199035645,2.0591769218444824,271874.18,4531.236333333333,75.52060555555555,69.101,5,39,14.421911716461182,True,1.124436688854279,0.05093500761043795,10,3.813165664672852,4.985898971557617,-0.5968462551800897,0.8483557403066987,12.052955865645387,26.037497520446777,10,1.1727333068847652,1.4452019954867885,13.98454165480139,False,True,True,True,True,0.04035040769297583,0.04537147882020997,0.0857218865131858,0.04537147882020997,4.811249046880265
638,2026-05-14T23:18:31.133Z,2026-05-14 23:18:31.133000+00:00,5,9,4.487473487854004,5.560686111450195,7.556756496429443,2.346548795700073,271943.326,4532.388766666667,75.53981277777778,69.146,5,39,15.463991403579712,True,1.3589611686351208,0.13320704724873306,10,3.813165664672852,4.985898971557617,-0.5968462551800897,0.8483557403066987,12.052955865645387,26.037497520446777,10,1.1727333068847652,1.4452019954867885,13.98454165480139,False,True,True,True,True,0.03595893172937855,0.0488667918858268,0.08482572361520535,0.0488667918858268,4.893474960951375
639,2026-05-14T23:19:40.400Z,2026-05-14 23:19:40.400000+00:00,6,0,4.515041351318359,3.801365375518799,5.935455322265625,2.7441649436950684,272012.593,4533.543216666667,75.55905361111111,69.267,5,40,12.480985641479492,True,1.5614009009737908,0.19351442562930468,10,3.814820289611816,4.862946510314941,-0.5314866875745442,0.6708501088303939,10.590021848678589,22.679221153185544,10,1.0481262207031254,1.202336796404938,12.089199304506955,False,True,True,True,True,0.030457253014419674,0.047555982297901575,0.07801323531232125,0.047555982297901575,4.953774606410102
640,2026-05-14T23:20:49.663Z,2026-05-14 23:20:49.663000+00:00,6,1,4.408079147338867,4.855933189,5.503447532653809,3.3494701385498047,272081.856,4534.6976,75.57829333333333,69.263,5,40,13.708850860203613,True,1.1333449861131952,0.05436212765668926,10,3.814820289611816,4.862946510314941,-0.5314866875745442,0.6708501088303939,10.590021848678589,22.679221153185544,10,1.0481262207031254,1.202336796404938,12.089199304506955,False,True,True,True,True,0.03542188355915834,0.040145214130457525,0.07556709768961586,0.040145214130457525,4.81471570473993
641,2026-05-14T23:21:58.568Z,2026-05-14 23:21:58.568000+00:00,6,2,4.486371040344238,6.199004173278809,8.387766838,8.092450141906738,272150.761,4535.846016666666,75.5974336111111,68.905,5,40,22.679221153185544,True,1.3530829474443633,0.13132442077588052,10,3.814820289611816,4.862946510314941,-0.5314866875745442,0.6708501088303939,10.590021848678589,22.679221153185544,10,1.0481262207031254,1.202336796404938,12.089199304506955,False,True,True,True,True,0.027333408547886098,0.03698436900167467,0.06431777754956076,0.03698436900167467,4.891678999879927
642,2026-05-14T23:23:07.643Z,2026-05-14 23:23:07.643000+00:00,6,3,4.763151168823242,2.343240737915039,7.751183032989502,5.266149520874023,272219.836,4536.997266666667,75.61662111111112,69.075,5,40,15.360573291778564,True,3.3078901828440914,0.519551083172985,10,3.814820289611816,4.862946510314941,-0.5314866875745442,0.6708501088303939,10.590021848678589,22.679221153185544,10,1.0481262207031254,1.202336796404938,12.089199304506955,False,True,True,True,True,0.015254904184918745,0.05046154779351996,0.0657164519784387,0.05046154779351996,5.279745730364384
643,2026-05-14T23:24:17.202Z,2026-05-14 23:24:17.202000+00:00,6,4,4.327580451965332,1.7146482467651367,2.178166151046753,6.697207450866699,272289.395,4538.156583333333,75.63594305555556,69.559,5,40,10.590021848678589,True,1.2703282758758778,0.10391596503368744,10,3.814820289611816,4.862946510314941,-0.5314866875745442,0.6708501088303939,10.590021848678589,22.679221153185544,10,1.0481262207031254,1.202336796404938,12.089199304506955,False,True,True,True,True,0.01619116817005518,0.020568098745882592,0.03675926691593777,0.020568098745882592,4.864570798550885
644,2026-05-14T23:25:26.362Z,2026-05-14 23:25:26.362000+00:00,6,5,4.0662384033203125,8.072714805603027,3.604891777038574,7.441350936889648,272358.555,4539.30925,75.65515416666668,69.16,5,40,19.11895751953125,True,0.44655259895178356,-0.35012737868112603,10,3.814820289611816,4.862946510314941,-0.5314866875745442,0.6708501088303939,10.590021848678589,22.679221153185544,10,1.0481262207031254,1.202336796404938,12.089199304506955,False,True,True,True,True,0.042223613904451784,0.018855064526169613,0.0610786784306214,0.018855064526169613,4.411164663830141
645,2026-05-14T23:26:35.581Z,2026-05-14 23:26:35.581000+00:00,6,6,3.814820289611816,4.432000160217285,1.3035061359405518,6.562709808349609,272427.774,4540.4628999999995,75.67438166666666,69.219,5,40,12.298216104507446,True,0.2941123846612509,-0.5314866875745442,10,3.814820289611816,4.862946510314941,-0.5314866875745442,0.6708501088303939,10.590021848678589,22.679221153185544,10,1.0481262207031254,1.202336796404938,12.089199304506955,False,True,True,True,True,0.03603774826003345,0.01059914807858028,0.04663689633861373,0.01059914807858028,4.231618017453806
646,2026-05-14T23:27:44.527Z,2026-05-14 23:27:44.527000+00:00,6,7,4.456046104431152,5.059220790863037,6.578851699829102,4.573064804077148,272496.72,4541.611999999999,75.69353333333332,68.946,5,40,16.211137294769287,True,1.3003685689524602,0.11406646367284648,10,3.814820289611816,4.862946510314941,-0.5314866875745442,0.6708501088303939,10.590021848678589,22.679221153185544,10,1.0481262207031254,1.202336796404938,12.089199304506955,False,True,True,True,True,0.031208302655578977,0.0405822958636705,0.07179059851924947,0.0405822958636705,4.874395214768556
647,2026-05-14T23:28:53.647Z,2026-05-14 23:28:53.647000+00:00,6,8,4.862946510314941,1.995943665504456,9.354022026062012,4.598310470581055,272565.84,4542.764,75.71273333333333,69.12,5,40,15.948276162147522,True,4.686516051392598,0.6708501088303939,10,3.814820289611816,4.862946510314941,-0.5314866875745442,0.6708501088303939,10.590021848678589,22.679221153185544,10,1.0481262207031254,1.202336796404938,12.089199304506955,False,True,True,True,True,0.012515105991465922,0.05865224511388473,0.07116735110535065,0.05865224511388473,5.43100609103968
648,2026-05-14T23:30:02.840Z,2026-05-14 23:30:02.840000+00:00,6,9,4.3799591064453125,5.730303764343262,5.552531719207764,1.1369889974594116,272635.033,4543.917216666667,75.73195361111111,69.193,5,40,12.419824481010437,True,0.9689768549022336,-0.013686596435603306,10,3.814820289611816,4.862946510314941,-0.5314866875745442,0.6708501088303939,10.590021848678589,22.679221153185544,10,1.0481262207031254,1.202336796404938,12.089199304506955,False,True,True,True,True,0.0461383634938218,0.04470700634857948,0.09084536984240127,0.04470700634857948,4.7466561435412835
649,2026-05-14T23:31:11.920Z,2026-05-14 23:31:11.920000+00:00,7,0,4.202974319458008,6.700732707977295,4.6786088943481445,2.516784906387329,272704.113,4545.06855,75.7511425,69.08,5,41,13.896126508712769,True,0.6982234776770322,-0.1560055521787325,10,3.603099822998047,4.8585357666015625,-0.8428872583488741,0.6190829560280104,8.690497636795044,21.00956630662744,10,1.2554359436035156,1.4619702143768847,12.319068669832397,False,True,True,True,True,0.048220147562531075,0.03366843912521012,0.0818885866877412,0.03366843912521012,4.6045389027178025
650,2026-05-14T23:32:21.089Z,2026-05-14 23:32:21.089000+00:00,7,1,3.603099822998047,8.999819756,1.2922500371932983,1.9455376863479612,272773.282,4546.221366666667,75.77035611111111,69.169,5,41,12.23760747954126,True,0.14358621308296546,-0.8428872583488741,10,3.603099822998047,4.8585357666015625,-0.8428872583488741,0.6190829560280104,8.690497636795044,21.00956630662744,10,1.2554359436035156,1.4619702143768847,12.319068669832397,False,True,True,True,True,0.07354231430486581,0.010559662412392883,0.08410197671725869,0.010559662412392883,3.9227052232728545
651,2026-05-14T23:33:30.096Z,2026-05-14 23:33:30.096000+00:00,7,2,4.205731391906738,9.128218650817873,6.670399188995361,4.9253010749816895,272842.289,4547.371483333333,75.78952472222223,69.007,5,41,20.723918914794922,True,0.7307448960370494,-0.1362342093344485,10,3.603099822998047,4.8585357666015625,-0.8428872583488741,0.6190829560280104,8.690497636795044,21.00956630662744,10,1.2554359436035156,1.4619702143768847,12.319068669832397,False,True,True,True,True,0.04404677845125705,0.032186958540130775,0.07623373699138783,0.032186958540130775,4.624320373308376
652,2026-05-14T23:34:39.448Z,2026-05-14 23:34:39.448000+00:00,7,3,4.517798424,4.827731609344482,7.631136417388916,2.431995153427124,272911.641,4548.52735,75.80878916666667,69.352,5,41,14.890863180160522,True,1.5806877918851592,0.19884609912190354,10,3.603099822998047,4.8585357666015625,-0.8428872583488741,0.6190829560280104,8.690497636795044,21.00956630662744,10,1.2554359436035156,1.4619702143768847,12.319068669832397,False,True,True,True,True,0.03242076400095189,0.051247105859894504,0.0836678698608464,0.051247105859894504,4.95908639974767
653,2026-05-14T23:35:48.607Z,2026-05-14 23:35:48.607000+00:00,7,4,4.8585357666015625,2.300534963607788,9.569996834,1.6704964637756348,272980.8,4549.679999999999,75.82799999999999,69.159,5,41,13.541028261383422,True,4.1599006254579844,0.6190829560280104,10,3.603099822998047,4.8585357666015625,-0.8428872583488741,0.6190829560280104,8.690497636795044,21.00956630662744,10,1.2554359436035156,1.4619702143768847,12.319068669832397,False,True,True,True,True,0.016989366827986765,0.07067407769387728,0.08766344452186405,0.07067407769387728,5.379215311423182
654,2026-05-14T23:36:57.791Z,2026-05-14 23:36:57.791000+00:00,7,5,4.5437116622924805,3.826026439666748,6.1287384033203125,2.844087839126587,273049.984,4550.833066666667,75.84721777777779,69.184,5,41,12.798852682113647,True,1.6018546917971987,0.20462311760786867,10,3.603099822998047,4.8585357666015625,-0.8428872583488741,0.6190829560280104,8.690497636795044,21.00956630662744,10,1.2554359436035156,1.4619702143768847,12.319068669832397,False,True,True,True,True,0.02989351104113892,0.04788506091553975,0.07777857195667867,0.04788506091553975,4.964878964952323
655,2026-05-14T23:38:06.961Z,2026-05-14 23:38:06.961000+00:00,7,6,4.655636787414551,1.1922907829284668,4.053720474243164,8.470541000366211,273119.154,4551.9859,75.86643166666666,69.17,5,41,13.716552257537842,True,3.399942809493624,0.5314716118274811,10,3.603099822998047,4.8585357666015625,-0.8428872583488741,0.6190829560280104,8.690497636795044,21.00956630662744,10,1.2554359436035156,1.4619702143768847,12.319068669832397,False,True,True,True,True,0.008692350384720412,0.0295534941881293,0.03824584457284971,0.0295534941881293,5.291801787009329
656,2026-05-14T23:39:16.101Z,2026-05-14 23:39:16.101000+00:00,7,7,4.184227943,4.342235565185547,2.7100160121917725,1.6382460594177246,273188.294,4553.138233333333,75.88563722222221,69.14,5,41,8.690497636795044,True,0.624106171005481,-0.20474152320284023,10,3.603099822998047,4.8585357666015625,-0.8428872583488741,0.6190829560280104,8.690497636795044,21.00956630662744,10,1.2554359436035156,1.4619702143768847,12.319068669832397,False,True,True,True,True,0.04996532703490745,0.031183668938792732,0.08114899597370018,0.031183668938792732,4.555887267245327
657,2026-05-14T23:40:25.206Z,2026-05-14 23:40:25.206000+00:00,7,8,4.402013778686523,3.049438953399658,4.083176612854004,4.148284912109375,273257.399,4554.289983333333,75.90483305555556,69.105,5,41,11.280900478363037,True,1.3389927377630846,0.12677822155422586,10,3.603099822998047,4.8585357666015625,-0.8428872583488741,0.6190829560280104,8.690497636795044,21.00956630662744,10,1.2554359436035156,1.4619702143768847,12.319068669832397,False,True,True,True,True,0.027031875329886434,0.03619548475483502,0.06322736008472146,0.03619548475483502,4.887142139959628
658,2026-05-14T23:41:34.393Z,2026-05-14 23:41:34.393000+00:00,7,9,4.604361534118652,4.970716476,9.647238731384276,6.391611099243164,273326.586,4555.4431,75.92405166666667,69.187,5,41,21.00956630662744,True,1.940814524015567,0.28798403356176716,10,3.603099822998047,4.8585357666015625,-0.8428872583488741,0.6190829560280104,8.690497636795044,21.00956630662744,10,1.2554359436035156,1.4619702143768847,12.319068669832397,False,True,True,True,True,0.023659300736883816,0.04591831449819631,0.06957761523508013,0.04591831449819631,5.04823293004935
659,2026-05-14T23:42:43.586Z,2026-05-14 23:42:43.586000+00:00,8,0,4.515041351318359,6.785973549,9.176757813,9.636733055114746,273395.779,4556.596316666666,75.94327194444443,69.193,5,42,25.599464417114746,True,1.3523126411761968,0.1310771077602995,10,3.874917984008789,4.780243873596191,-0.5435844622273798,0.5548486508003101,8.98804235458374,25.599464417114746,10,0.9053258895874023,1.0984331130276899,16.611422062531005,False,True,True,True,True,0.02650826376064016,0.035847460179146556,0.062355723939786716,0.035847460179146556,4.891443012397602
660,2026-05-14T23:43:52.644Z,2026-05-14 23:43:52.644000+00:00,8,1,4.4444684982299805,6.070846080780029,6.9553961753845215,2.437584638595581,273464.837,4557.747283333333,75.96245472222222,69.058,5,42,15.463826894760132,True,1.1457045826618681,0.059072650215072825,10,3.874917984008789,4.780243873596191,-0.5435844622273798,0.5548486508003101,8.98804235458374,25.599464417114746,10,0.9053258895874023,1.0984331130276899,16.611422062531005,False,True,True,True,True,0.03925836807470418,0.04497849221101496,0.08423686028571914,0.04497849221101496,4.819386663313326
661,2026-05-14T23:45:01.820Z,2026-05-14 23:45:01.820000+00:00,8,2,4.7168378829956055,1.7455929517745972,5.360626220703125,1.881823182106018,273534.013,4558.900216666666,75.98167027777777,69.176,5,42,8.98804235458374,True,3.0709485938594265,0.48727254663191816,10,3.874917984008789,4.780243873596191,-0.5435844622273798,0.5548486508003101,8.98804235458374,25.599464417114746,10,0.9053258895874023,1.0984331130276899,16.611422062531005,False,True,True,True,True,0.019421280885312874,0.05964175522570053,0.07906303611101341,0.05964175522570053,5.247440193781873
662,2026-05-14T23:46:10.950Z,2026-05-14 23:46:10.950000+00:00,8,3,3.874917984008789,8.640649795532227,2.4715075492858887,6.962075710296631,273603.143,4560.052383333333,76.00087305555554,69.13,5,42,18.074233055114746,True,0.28603260261326846,-0.5435844622273798,10,3.874917984008789,4.780243873596191,-0.5435844622273798,0.5548486508003101,8.98804235458374,25.599464417114746,10,0.9053258895874023,1.0984331130276899,16.611422062531005,False,True,True,True,True,0.04780645335923146,0.013674204276050806,0.061480657635282265,0.013674204276050806,4.218879140429706
663,2026-05-14T23:47:20.341Z,2026-05-14 23:47:20.341000+00:00,8,4,4.375548362731934,7.407989025115967,7.523542404174805,1.734657883644104,273672.534,4561.2089,76.02014833333332,69.391,5,42,16.666189312934875,True,1.0155984814052865,0.00672204281432996,10,3.874917984008789,4.780243873596191,-0.5435844622273798,0.5548486508003101,8.98804235458374,25.599464417114746,10,0.9053258895874023,1.0984331130276899,16.611422062531005,False,True,True,True,True,0.0444492072303926,0.045142547362855605,0.0895917545932482,0.045142547362855605,4.767053582192356
664,2026-05-14T23:48:29.426Z,2026-05-14 23:48:29.426000+00:00,8,5,4.780243873596191,2.264489889144897,8.124918937683105,1.675530195236206,273741.619,4562.360316666667,76.03933861111112,69.085,5,42,12.064939022064209,True,3.5879687414948838,0.5548486508003101,10,3.874917984008789,4.780243873596191,-0.5435844622273798,0.5548486508003101,8.98804235458374,25.599464417114746,10,0.9053258895874023,1.0984331130276899,16.611422062531005,False,True,True,True,True,0.018769178070470367,0.06734322422039893,0.08611240229086929,0.06734322422039893,5.314991861047541
665,2026-05-14T23:49:38.538Z,2026-05-14 23:49:38.538000+00:00,8,6,4.376650810241699,9.065412521362305,8.568153381347656,4.674427032470703,273810.731,4563.512183333334,76.0585363888889,69.112,5,42,22.307992935180664,True,0.9451476544676951,-0.024500339097801277,10,3.874917984008789,4.780243873596191,-0.5435844622273798,0.5548486508003101,8.98804235458374,25.599464417114746,10,0.9053258895874023,1.0984331130276899,16.611422062531005,False,True,True,True,True,0.04063750848273651,0.03840844582586948,0.079045954308606,0.03840844582586948,4.735903659856384
666,2026-05-14T23:50:47.599Z,2026-05-14 23:50:47.599000+00:00,8,7,4.679345131,3.7740941047668457,8.326635360717773,3.138716697692871,273879.792,4564.6632,76.07772,69.061,5,42,15.23944616317749,True,2.2062606627113164,0.3436568216533694,10,3.874917984008789,4.780243873596191,-0.5435844622273798,0.5548486508003101,8.98804235458374,25.599464417114746,10,0.9053258895874023,1.0984331130276899,16.611422062531005,False,True,True,True,True,0.024765297008535976,0.054638700590295165,0.07940399759883114,0.054638700590295165,5.103857460719294
667,2026-05-14T23:51:56.438Z,2026-05-14 23:51:56.438000+00:00,8,8,4.385472297668457,8.925308227539062,8.953741073608398,5.588927745819092,273948.631,4565.810516666666,76.09684194444444,68.839,5,42,23.467977046966553,True,1.0031856430438566,0.0013813081841626278,10,3.874917984008789,4.780243873596191,-0.5435844622273798,0.5548486508003101,8.98804235458374,25.599464417114746,10,0.9053258895874023,1.0984331130276899,16.611422062531005,False,True,True,True,True,0.0380318602224504,0.038153016153412975,0.07618487637586338,0.038153016153412975,4.761775934946636
668,2026-05-14T23:53:05.526Z,2026-05-14 23:53:05.526000+00:00,8,9,3.968097686767578,8.363320350646973,3.061056137084961,7.558425426483154,274017.719,4566.961983333333,76.11603305555555,69.088,5,42,18.982801914215088,True,0.3660096718462019,-0.43650743817406906,10,3.874917984008789,4.780243873596191,-0.5435844622273798,0.5548486508003101,8.98804235458374,25.599464417114746,10,0.9053258895874023,1.0984331130276899,16.611422062531005,False,True,True,True,True,0.0440573545909689,0.016125417896252284,0.06018277248722118,0.016125417896252284,4.325230728689867
669,2026-05-14T23:54:14.552Z,2026-05-14 23:54:14.552000+00:00,9,0,4.311591148376465,6.163873672485352,5.529486179351807,9.900377274,274086.745,4568.112416666667,76.13520694444445,69.026,5,43,21.59373712583716,True,0.897079738028156,-0.04716895244473177,10,3.965340614318848,4.557495117,-0.46382373484076306,0.33187089001650577,8.422263860702515,22.415640830993652,10,0.5921545026811521,0.7956946248572688,13.993376970291138,False,True,True,True,True,0.02854472867093582,0.025606897718207896,0.05415162638914371,0.025606897718207896,4.713453392433487
670,2026-05-14T23:55:23.527Z,2026-05-14 23:55:23.527000+00:00,9,1,4.194704055786133,4.705288887023926,3.318019390106201,8.147077560424805,274155.72,4569.262,76.15436666666666,68.975,5,43,16.17038583755493,True,0.7051680502033604,-0.1517073729676,10,3.965340614318848,4.557495117,-0.46382373484076306,0.33187089001650577,8.422263860702515,22.415640830993652,10,0.5921545026811521,0.7956946248572688,13.993376970291138,False,True,True,True,True,0.02909818562335181,0.02051911082047445,0.04961729644382626,0.02051911082047445,4.609180046917855
671,2026-05-14T23:56:32.491Z,2026-05-14 23:56:32.491000+00:00,9,2,4.116411209106445,6.538043975830078,3.557945966720581,2.6964848041534424,274224.684,4570.4114,76.17352333333334,68.964,5,43,12.792474746704102,True,0.544191195390187,-0.26424848906193915,10,3.965340614318848,4.557495117,-0.46382373484076306,0.33187089001650577,8.422263860702515,22.415640830993652,10,0.5921545026811521,0.7956946248572688,13.993376970291138,False,True,True,True,True,0.05110851578983624,0.02781280430228923,0.07892132009212546,0.02781280430228923,4.496519938712688
672,2026-05-14T23:57:41.469Z,2026-05-14 23:57:41.469000+00:00,9,3,4.518900871276856,1.5414302349090576,3.309746742248535,3.571086883544922,274293.662,4571.561033333333,76.1926838888889,68.978,5,43,8.422263860702515,True,2.1471920475491424,0.33187089001650577,10,3.965340614318848,4.557495117,-0.46382373484076306,0.33187089001650577,8.422263860702515,22.415640830993652,10,0.5921545026811521,0.7956946248572688,13.993376970291138,False,True,True,True,True,0.018301851620930867,0.03929759025588714,0.05759944187681801,0.03929759025588714,5.092152199914875
673,2026-05-14T23:58:50.397Z,2026-05-14 23:58:50.397000+00:00,9,4,3.965340614318848,8.149163246154785,2.8008463382720947,7.873523235321045,274362.59,4572.709833333333,76.21183055555555,68.928,5,43,18.823532819747925,True,0.34369741452825664,-0.46382373484076306,10,3.965340614318848,4.557495117,-0.46382373484076306,0.33187089001650577,8.422263860702515,22.415640830993652,10,0.5921545026811521,0.7956946248572688,13.993376970291138,False,True,True,True,True,0.04329242190714291,0.014879493478151476,0.058171915385294384,0.014879493478151476,4.298148082831211
674,2026-05-14T23:59:59.616Z,2026-05-14 23:59:59.616000+00:00,9,5,4.385472297668457,7.768542289733887,8.025695801,5.389913082122803,274431.809,4573.8634833333335,76.23105805555556,69.219,5,43,21.184151172856687,True,1.0331019001603352,0.014143160333496201,10,3.965340614318848,4.557495117,-0.46382373484076306,0.33187089001650577,8.422263860702515,22.415640830993652,10,0.5921545026811521,0.7956946248572688,13.993376970291138,False,True,True,True,True,0.036671482498141075,0.03788537825052602,0.0745568607486671,0.03788537825052602,4.774534834369029
675,2026-05-15T00:01:08.694Z,2026-05-15 00:01:08.694000+00:00,9,6,4.449981689453125,4.150158405303955,5.382058143615723,7.884538650512695,274500.887,4575.014783333333,76.25024638888888,69.078,5,43,17.416755199432373,True,1.296831980373902,0.11288371184096793,10,3.965340614318848,4.557495117,-0.46382373484076306,0.33187089001650577,8.422263860702515,22.415640830993652,10,0.5921545026811521,0.7956946248572688,13.993376970291138,False,True,True,True,True,0.023828539574577087,0.0309016121659167,0.05473015174049378,0.0309016121659167,4.8733158629937385
676,2026-05-15T00:02:17.696Z,2026-05-15 00:02:17.696000+00:00,9,7,4.363969802856445,5.403474807739258,5.245102882385254,8.705920219421387,274569.889,4576.164816666667,76.26941361111112,69.002,5,43,19.3544979095459,True,0.970690725692443,-0.012919119752448352,10,3.965340614318848,4.557495117,-0.46382373484076306,0.33187089001650577,8.422263860702515,22.415640830993652,10,0.5921545026811521,0.7956946248572688,13.993376970291138,False,True,True,True,True,0.027918444761484574,0.027100175405729843,0.05501862016721441,0.027100175405729843,4.747645514793283
677,2026-05-15T00:03:26.990Z,2026-05-15 00:03:26.990000+00:00,9,8,4.557495117,5.244602680206299,8.370645523071289,6.960899353027344,274639.183,4577.319716666667,76.28866194444444,69.294,5,43,20.57614755630493,True,1.5960495071748744,0.20304635841784266,10,3.965340614318848,4.557495117,-0.46382373484076306,0.33187089001650577,8.422263860702515,22.415640830993652,10,0.5921545026811521,0.7956946248572688,13.993376970291138,False,True,True,True,True,0.02548874936795081,0.04068130586722178,0.0661700552351726,0.04068130586722178,4.9633479035830135
678,2026-05-15T00:04:35.973Z,2026-05-15 00:04:35.973000+00:00,9,9,4.162725448608398,9.379661560058594,5.567760467529297,7.468218803405762,274708.166,4578.469433333334,76.30782388888889,68.983,5,43,22.415640830993652,True,0.5935992926694165,-0.22650662523231832,10,3.965340614318848,4.557495117,-0.46382373484076306,0.33187089001650577,8.422263860702515,22.415640830993652,10,0.5921545026811521,0.7956946248572688,13.993376970291138,False,True,True,True,True,0.04184427128708061,0.02483872983827822,0.06668300112535883,0.02483872983827822,4.534307362631404
679,2026-05-15T00:05:45.242Z,2026-05-15 00:05:45.242000+00:00,10,0,4.68651294708252,3.5167548656463623,8.60333252,2.787356376647949,274777.435,4579.623916666666,76.32706527777778,69.269,5,44,14.907443762294312,True,2.44638391036071,0.38852461176325065,10,3.840182304382324,5.007401466369629,-0.5785973380183937,0.8860457180217053,9.549340963363647,21.781167030334473,10,1.1672191619873047,1.464643056040099,12.231826066970825,False,True,True,True,True,0.0235905962264393,0.057711655044177176,0.08130225127061648,0.057711655044177176,5.148708743265284
680,2026-05-15T00:06:54.298Z,2026-05-15 00:06:54.298000+00:00,10,1,3.840182304382324,6.674781799316406,1.7613259553909302,8.761538506,274846.491,4580.77485,76.34624749999999,69.056,5,44,17.197646260707337,True,0.2638776829485745,-0.5785973380183937,10,3.840182304382324,5.007401466369629,-0.5785973380183937,0.8860457180217053,9.549340963363647,21.781167030334473,10,1.1672191619873047,1.464643056040099,12.231826066970825,False,True,True,True,True,0.03881218219127316,0.010241668706811086,0.04905385089808424,0.010241668706811086,4.184895720130074
681,2026-05-15T00:08:03.337Z,2026-05-15 00:08:03.337000+00:00,10,2,4.249288558959961,9.088737487792969,6.565085887908936,3.984553337097168,274915.53,4581.9255,76.365425,69.039,5,44,19.638376712799072,True,0.722331995695383,-0.14126314763978703,10,3.840182304382324,5.007401466369629,-0.5785973380183937,0.8860457180217053,9.549340963363647,21.781167030334473,10,1.1672191619873047,1.464643056040099,12.231826066970825,False,True,True,True,True,0.04628049263292468,0.033429880605305946,0.07971037323823063,0.033429880605305946,4.61927442990428
682,2026-05-15T00:09:12.444Z,2026-05-15 00:09:12.444000+00:00,10,3,4.855778694152832,1.3817287683486938,6.990905284881592,9.847223281860352,274984.637,4583.077283333333,76.38462138888889,69.107,5,44,18.219857335090637,True,5.059535159882669,0.704110618268397,10,3.840182304382324,5.007401466369629,-0.5785973380183937,0.8860457180217053,9.549340963363647,21.781167030334473,10,1.1672191619873047,1.464643056040099,12.231826066970825,False,True,True,True,True,0.007583642083121835,0.038369703759520764,0.0459533458426426,0.038369703759520764,5.464345908771446
683,2026-05-15T00:10:21.629Z,2026-05-15 00:10:21.629000+00:00,10,4,5.007401466369629,1.1108940839767456,8.545124053955078,3.445666790008545,275053.822,4584.230366666667,76.40383944444444,69.185,5,44,13.101684927940369,True,7.6921141062931015,0.8860457180217053,10,3.840182304382324,5.007401466369629,-0.5785973380183937,0.8860457180217053,9.549340963363647,21.781167030334473,10,1.1672191619873047,1.464643056040099,12.231826066970825,False,True,True,True,True,0.008479016936269602,0.06522156578297753,0.07370058271924712,0.06522156578297753,5.64617617689278
684,2026-05-15T00:11:30.716Z,2026-05-15 00:11:30.716000+00:00,10,5,4.792923927307129,2.7738232612609863,8.611686706542969,6.824950695037842,275122.909,4585.381816666666,76.42303027777777,69.087,5,44,18.210460662841797,True,3.104627041965203,0.49200943596347557,10,3.840182304382324,5.007401466369629,-0.5785973380183937,0.8860457180217053,9.549340963363647,21.781167030334473,10,1.1672191619873047,1.464643056040099,12.231826066970825,False,True,True,True,True,0.015232032361053534,0.04728977957221588,0.06252181193326942,0.04728977957221588,5.252220262988905
685,2026-05-15T00:12:39.999Z,2026-05-15 00:12:39.999000+00:00,10,6,4.332542419433594,3.094722032546997,3.026963710784912,4.195100307,275192.192,4586.536533333333,76.44227555555555,69.283,5,44,10.31678605033191,True,0.9781051994171125,-0.00961443246258423,10,3.840182304382324,5.007401466369629,-0.5785973380183937,0.8860457180217053,9.549340963363647,21.781167030334473,10,1.1672191619873047,1.464643056040099,12.231826066970825,False,True,True,True,True,0.029996958524185293,0.02934018109920511,0.059337139623390406,0.02934018109920511,4.75090514361711
686,2026-05-15T00:13:49.080Z,2026-05-15 00:13:49.080000+00:00,10,7,4.250943183898926,7.789391994476318,5.799689769744873,8.192085266113281,275261.273,4587.687883333333,76.46146472222222,69.081,5,44,21.781167030334473,True,0.7445625761108954,-0.12809879647779843,10,3.840182304382324,5.007401466369629,-0.5785973380183937,0.8860457180217053,9.549340963363647,21.781167030334473,10,1.1672191619873047,1.464643056040099,12.231826066970825,False,True,True,True,True,0.03576205069098497,0.026627084589488193,0.06238913528047316,0.026627084589488193,4.632564223426183
687,2026-05-15T00:14:58.089Z,2026-05-15 00:14:58.089000+00:00,10,8,4.142876625061035,4.130131721496582,2.529968023300171,2.8892412185668945,275330.282,4588.838033333333,76.48063388888889,69.009,5,44,9.549340963363647,True,0.6125635194955524,-0.21284887065960173,10,3.840182304382324,5.007401466369629,-0.5785973380183937,0.8860457180217053,9.549340963363647,21.781167030334473,10,1.1672191619873047,1.464643056040099,12.231826066970825,False,True,True,True,True,0.04325043725364886,0.0264936400638167,0.06974407731746557,0.0264936400638167,4.547899582625205
688,2026-05-15T00:16:07.219Z,2026-05-15 00:16:07.219000+00:00,10,9,4.506219863891602,5.125380039215088,7.440125465393066,7.237451553344727,275399.412,4589.9902,76.49983666666667,69.13,5,44,19.80295705795288,True,1.4516241543978199,0.16185418606090443,10,3.840182304382324,5.007401466369629,-0.5785973380183937,0.8860457180217053,9.549340963363647,21.781167030334473,10,1.1672191619873047,1.464643056040099,12.231826066970825,False,True,True,True,True,0.025881892407360104,0.03757078018004946,0.06345267258740957,0.03757078018004946,4.922193180873962
689,2026-05-15T00:17:16.406Z,2026-05-15 00:17:16.406000+00:00,11,0,4.425170898,7.095794200897217,7.471175670623779,1.2137460708618164,275468.599,4591.143316666667,76.51905527777778,69.187,5,45,15.780715942382812,True,1.0529019668692052,0.022387936969223435,10,4.011102676391602,4.661149978637695,-0.38191206883478285,0.3276915789700813,8.58308482170105,25.284302234257567,10,0.6500473022460938,0.7096036478048642,16.701217412556517,False,True,True,True,True,0.04496497007363144,0.04734370543074149,0.09230867550437294,0.04734370543074149,4.782698521385298
690,2026-05-15T00:18:25.447Z,2026-05-15 00:18:25.447000+00:00,11,1,4.303320885,4.186565399169922,3.598761558532715,2.8486969470977783,275537.64,4592.294,76.53823333333334,69.041,5,45,10.634023904800415,True,0.8595975974115316,-0.06570480703863558,10,4.011102676391602,4.661149978637695,-0.38191206883478285,0.3276915789700813,8.58308482170105,25.284302234257567,10,0.6500473022460938,0.7096036478048642,16.701217412556517,False,True,True,True,True,0.039369531577599905,0.033841954755322305,0.07321148633292221,0.033841954755322305,4.694777074395002
691,2026-05-15T00:19:34.535Z,2026-05-15 00:19:34.535000+00:00,11,2,4.440056800842285,3.9304141998291016,5.039947986602783,8.119422912597656,275606.728,4593.445466666667,76.55742444444445,69.088,5,45,17.08978509902954,True,1.2822943665382456,0.1079877343000098,10,4.011102676391602,4.661149978637695,-0.38191206883478285,0.3276915789700813,8.58308482170105,25.284302234257567,10,0.6500473022460938,0.7096036478048642,16.701217412556517,False,True,True,True,True,0.02299861687583359,0.029490996858052832,0.05248961373388642,0.029490996858052832,4.868442764390958
692,2026-05-15T00:20:43.919Z,2026-05-15 00:20:43.919000+00:00,11,3,4.011102676391602,9.840267181396484,4.084085464477539,8.63731575,275676.112,4594.601866666667,76.57669777777778,69.384,5,45,22.561668395874023,True,0.41503806646619373,-0.38191206883478285,10,4.011102676391602,4.661149978637695,-0.38191206883478285,0.3276915789700813,8.58308482170105,25.284302234257567,10,0.6500473022460938,0.7096036478048642,16.701217412556517,False,True,True,True,True,0.04361498010136533,0.018101877010232182,0.06171685711159751,0.018101877010232182,4.3795038190816555
693,2026-05-15T00:21:52.869Z,2026-05-15 00:21:52.869000+00:00,11,4,4.0579681396484375,6.458565711975098,3.0038137435913086,3.873577833175659,275745.062,4595.751033333333,76.59585055555554,68.95,5,45,13.335957288742065,True,0.4650899096717111,-0.33246308259433754,10,4.011102676391602,4.661149978637695,-0.38191206883478285,0.3276915789700813,8.58308482170105,25.284302234257567,10,0.6500473022460938,0.7096036478048642,16.701217412556517,False,True,True,True,True,0.048429712034450526,0.022524170395529574,0.0709538824299801,0.022524170395529574,4.42858940090312
694,2026-05-15T00:23:02.133Z,2026-05-15 00:23:02.133000+00:00,11,5,4.516144752502441,2.1568822860717773,4.080495834350586,2.3457067012786865,275814.326,4596.905433333333,76.61509055555555,69.264,5,45,8.58308482170105,True,1.891849110496517,0.276886495124997,10,4.011102676391602,4.661149978637695,-0.38191206883478285,0.3276915789700813,8.58308482170105,25.284302234257567,10,0.6500473022460938,0.7096036478048642,16.701217412556517,False,True,True,True,True,0.025129453231295375,0.04754113374288998,0.07267058697418535,0.04754113374288998,5.0371290149692785
695,2026-05-15T00:24:11.154Z,2026-05-15 00:24:11.154000+00:00,11,6,4.43895435333252,7.625329494476318,8.237989426,2.796506643295288,275883.347,4598.055783333333,76.63426305555555,69.021,5,45,18.659825563771605,True,1.0803453715629578,0.033562615659263925,10,4.011102676391602,4.661149978637695,-0.38191206883478285,0.3276915789700813,8.58308482170105,25.284302234257567,10,0.6500473022460938,0.7096036478048642,16.701217412556517,False,True,True,True,True,0.04086495593657122,0.04414826600519894,0.08501322194177016,0.04414826600519894,4.79389154572545
696,2026-05-15T00:25:20.321Z,2026-05-15 00:25:20.321000+00:00,11,7,4.661149978637695,4.062740325927734,8.639938354492188,2.009774923324585,275952.514,4599.208566666667,76.65347611111112,69.167,5,45,14.712453603744507,True,2.1266282512208656,0.3276915789700813,10,4.011102676391602,4.661149978637695,-0.38191206883478285,0.3276915789700813,8.58308482170105,25.284302234257567,10,0.6500473022460938,0.7096036478048642,16.701217412556517,False,True,True,True,True,0.027614294905193213,0.058725339682928306,0.08633963458812152,0.058725339682928306,5.087880434531708
697,2026-05-15T00:26:29.342Z,2026-05-15 00:26:29.342000+00:00,11,8,4.481960296630859,7.840213298797607,9.857886314,7.586202621459961,276021.535,4600.358916666666,76.6726486111111,69.021,5,45,25.284302234257567,True,1.257349250372031,0.0994559272021924,10,4.011102676391602,4.661149978637695,-0.38191206883478285,0.3276915789700813,8.58308482170105,25.284302234257567,10,0.6500473022460938,0.7096036478048642,16.701217412556517,False,True,True,True,True,0.031008224890520984,0.038988168321463915,0.06999639321198489,0.038988168321463915,4.8598031847251955
698,2026-05-15T00:27:38.423Z,2026-05-15 00:27:38.423000+00:00,11,9,4.408079147338867,7.228440284729004,7.375304698944092,1.8861922025680544,276090.616,4601.510266666666,76.69183777777776,69.081,5,45,16.48993718624115,True,1.0203175800629296,0.008735369606953444,10,4.011102676391602,4.661149978637695,-0.38191206883478285,0.3276915789700813,8.58308482170105,25.284302234257567,10,0.6500473022460938,0.7096036478048642,16.701217412556517,False,True,True,True,True,0.043835462822504015,0.04472609334799582,0.08856155617049984,0.04472609334799582,4.769069226572866
699,2026-05-15T00:28:47.722Z,2026-05-15 00:28:47.722000+00:00,12,0,3.953210830688477,3.711829185,1.4164084196090698,5.901358127593994,276159.915,4602.66525,76.7110875,69.299,5,46,11.029595732203063,True,0.3815931038348872,-0.41839948248344877,10,3.7960739135742183,4.676589012145996,-0.6094500557873153,0.3909538525181778,8.64269483089447,26.396495819091797,10,0.8805150985717778,1.000403908305493,17.753800988197327,False,True,True,True,True,0.0336533566154432,0.012841888805349304,0.0464952454207925,0.012841888805349304,4.343715686083673
700,2026-05-15T00:29:56.735Z,2026-05-15 00:29:56.735000+00:00,12,1,4.676589012145996,3.44446325302124,8.473745346069336,4.971662521362305,276228.928,4603.815466666667,76.73025777777778,69.013,5,46,16.88987112045288,True,2.460106183056755,0.3909538525181778,10,3.7960739135742183,4.676589012145996,-0.6094500557873153,0.3909538525181778,8.64269483089447,26.396495819091797,10,0.8805150985717778,1.000403908305493,17.753800988197327,False,True,True,True,True,0.0203936621449417,0.050170574337941566,0.07056423648288326,0.050170574337941566,5.151165306918412
701,2026-05-15T00:31:05.885Z,2026-05-15 00:31:05.885000+00:00,12,2,4.425722122192383,3.780649185180664,4.987875938415527,5.748745441436768,276298.078,4604.967966666666,76.7494661111111,69.15,5,46,14.517270565032959,True,1.3193173167102978,0.12034926281123119,10,3.7960739135742183,4.676589012145996,-0.6094500557873153,0.3909538525181778,8.64269483089447,26.396495819091797,10,0.8805150985717778,1.000403908305493,17.753800988197327,False,True,True,True,True,0.026042424216346356,0.03435822123774135,0.0604006454540877,0.03435822123774135,4.880735065104321
702,2026-05-15T00:32:14.948Z,2026-05-15 00:32:14.948000+00:00,12,3,3.7960739135742183,5.733279228210449,1.409136414527893,1.500279188156128,276367.141,4606.1190166666665,76.76865027777778,69.063,5,46,8.64269483089447,True,0.24578192661440149,-0.6094500557873153,10,3.7960739135742183,4.676589012145996,-0.6094500557873153,0.3909538525181778,8.64269483089447,26.396495819091797,10,0.8805150985717778,1.000403908305493,17.753800988197327,False,True,True,True,True,0.0663367079410935,0.016304363883018827,0.08264107182411233,0.016304363883018827,4.152879842413175
703,2026-05-15T00:33:23.965Z,2026-05-15 00:33:23.965000+00:00,12,4,3.945490837097168,4.477007389068604,1.8530523777008057,5.797338962554932,276436.158,4607.2693,76.78782166666666,69.017,5,46,12.12739872932434,True,0.4139042482318338,-0.3831001160631807,10,3.7960739135742183,4.676589012145996,-0.6094500557873153,0.3909538525181778,8.64269483089447,26.396495819091797,10,0.8805150985717778,1.000403908305493,17.753800988197327,False,True,True,True,True,0.036916468972386415,0.015279883337389416,0.05219635230977583,0.015279883337389416,4.378579284022423
704,2026-05-15T00:34:33.068Z,2026-05-15 00:34:33.068000+00:00,12,5,4.506219863891602,4.072435379,6.240315437316895,3.4397571086883545,276505.261,4608.421016666666,76.80701694444444,69.103,5,46,13.75250792500525,True,1.5323301308833108,0.1853523413901251,10,3.7960739135742183,4.676589012145996,-0.6094500557873153,0.3909538525181778,8.64269483089447,26.396495819091797,10,0.8805150985717778,1.000403908305493,17.753800988197327,False,True,True,True,True,0.029612310723307184,0.045375835966402565,0.07498814668970975,0.045375835966402565,4.945627034269285
705,2026-05-15T00:35:42.265Z,2026-05-15 00:35:42.265000+00:00,12,6,4.656740188598633,4.817472935,9.854090690612791,7.227663516998291,276574.458,4609.574299999999,76.82623833333332,69.197,5,46,21.899227142611082,True,2.0454895800287027,0.3107972714914142,10,3.7960739135742183,4.676589012145996,-0.6094500557873153,0.3909538525181778,8.64269483089447,26.396495819091797,10,0.8805150985717778,1.000403908305493,17.753800988197327,False,True,True,True,True,0.021998369639384473,0.04499743587498071,0.06699580551436518,0.04499743587498071,5.071046840728084
706,2026-05-15T00:36:51.251Z,2026-05-15 00:36:51.251000+00:00,12,7,4.271342277526856,7.934273242950439,5.7644147872924805,7.414055347442627,276643.444,4610.724066666667,76.84540111111112,68.986,5,46,21.112743377685547,True,0.7265208306777352,-0.13875192917228932,10,3.7960739135742183,4.676589012145996,-0.6094500557873153,0.3909538525181778,8.64269483089447,26.396495819091797,10,0.8805150985717778,1.000403908305493,17.753800988197327,False,True,True,True,True,0.03758049392736105,0.027303011665385932,0.06488350559274698,0.027303011665385932,4.621903887140725
707,2026-05-15T00:38:00.594Z,2026-05-15 00:38:00.594000+00:00,12,8,4.43895435333252,7.901021003723144,9.126389503479004,9.369085311889648,276712.787,4611.879783333334,76.86466305555557,69.343,5,46,26.396495819091797,True,1.1550898927086055,0.06261578369843797,10,3.7960739135742183,4.676589012145996,-0.6094500557873153,0.3909538525181778,8.64269483089447,26.396495819091797,10,0.8805150985717778,1.000403908305493,17.753800988197327,False,True,True,True,True,0.029932082871426336,0.03457424639250093,0.06450632926392727,0.03457424639250093,4.823022658468782
708,2026-05-15T00:39:09.675Z,2026-05-15 00:39:09.675000+00:00,12,9,4.499052047729492,5.040310382843018,6.680240154266357,4.038823605,276781.868,4613.031133333334,76.88385222222223,69.081,5,46,15.759374142109376,True,1.3253628540427955,0.122334794450109,10,3.7960739135742183,4.676589012145996,-0.6094500557873153,0.3909538525181778,8.64269483089447,26.396495819091797,10,0.8805150985717778,1.000403908305493,17.753800988197327,False,True,True,True,True,0.03198293496551492,0.042388993966559985,0.07437192893207491,0.042388993966559985,4.882646936962936
709,2026-05-15T00:40:18.755Z,2026-05-15 00:40:18.755000+00:00,13,0,4.865151405334473,1.975316882133484,9.042840003967283,2.9779391288757324,276850.948,4614.182466666666,76.90304111111111,69.08,5,47,13.9960960149765,True,4.5779186548541855,0.660668071418073,10,3.987945556640625,4.865151405334473,-0.4242310534944187,0.660668071418073,11.220096468925476,25.888423919933594,10,0.8772058486938477,1.0848991249124917,14.668327451008118,False,True,True,True,True,0.014113341892051896,0.06460973112995944,0.07872307302201133,0.06460973112995944,5.420810269136909
710,2026-05-15T00:41:27.792Z,2026-05-15 00:41:27.792000+00:00,13,1,4.413041114807129,8.425569534301758,8.869358063,8.593496322631836,276919.985,4615.333083333333,76.92221805555555,69.037,5,47,25.888423919933594,True,1.0526716356551937,0.022292920983523052,10,3.987945556640625,4.865151405334473,-0.4242310534944187,0.660668071418073,11.220096468925476,25.888423919933594,10,0.8772058486938477,1.0848991249124917,14.668327451008118,False,True,True,True,True,0.03254570289933421,0.03425993830459012,0.06680564120392432,0.03425993830459012,4.782722046749614
711,2026-05-15T00:42:37.221Z,2026-05-15 00:42:37.221000+00:00,13,2,3.987945556640625,7.478182792663574,2.815561532974243,4.534917831420898,276989.414,4616.490233333333,76.94150388888889,69.429,5,47,14.828662157058716,True,0.37650343820646276,-0.4242310534944187,10,3.987945556640625,4.865151405334473,-0.4242310534944187,0.660668071418073,11.220096468925476,25.888423919933594,10,0.8772058486938477,1.0848991249124917,14.668327451008118,False,True,True,True,True,0.05043059659366386,0.018987293008317575,0.06941788960198143,0.018987293008317575,4.33721622722829
712,2026-05-15T00:43:46.576Z,2026-05-15 00:43:46.576000+00:00,13,3,4.393743515014648,9.093373299,9.670580863952637,4.453043460845947,277058.769,4617.64615,76.96076916666667,69.355,5,47,23.216997623798584,True,1.063475626258092,0.02672754078043471,10,3.987945556640625,4.865151405334473,-0.4242310534944187,0.660668071418073,11.220096468925476,25.888423919933594,10,0.8772058486938477,1.0848991249124917,14.668327451008118,False,True,True,True,True,0.03916687870820488,0.041653020862782913,0.08081989957098779,0.041653020862782913,4.7870788157589645
713,2026-05-15T00:44:55.866Z,2026-05-15 00:44:55.866000+00:00,13,4,4.301115989685059,9.923107147216797,7.318453311920166,3.4484870433807373,277128.059,4618.8009833333335,76.9800163888889,69.29,5,47,20.6900475025177,True,0.7375163044543789,-0.13222837418871922,10,3.987945556640625,4.865151405334473,-0.4242310534944187,0.660668071418073,11.220096468925476,25.888423919933594,10,0.8772058486938477,1.0848991249124917,14.668327451008118,False,True,True,True,True,0.047960775082847386,0.03537185359786926,0.08333262868071664,0.03537185359786926,4.628273663128149
714,2026-05-15T00:46:05.162Z,2026-05-15 00:46:05.162000+00:00,13,5,4.40587329864502,6.183122634887695,6.609888076782227,2.399478912353516,277197.355,4619.955916666667,76.99926527777778,69.296,5,47,15.192489624023438,True,1.0690210217546952,0.02898624547285534,10,3.987945556640625,4.865151405334473,-0.4242310534944187,0.660668071418073,11.220096468925476,25.888423919933594,10,0.8772058486938477,1.0848991249124917,14.668327451008118,False,True,True,True,True,0.040698547689711796,0.04350760303518789,0.08420615072489969,0.04350760303518789,4.789321713528858
715,2026-05-15T00:47:14.461Z,2026-05-15 00:47:14.461000+00:00,13,6,4.412489891052246,9.139994621276855,9.108685493469238,2.3578906059265137,277266.654,4621.1109,77.018515,69.299,5,47,20.606570720672607,True,0.9965744916594663,-0.0014902332329060136,10,3.987945556640625,4.865151405334473,-0.4242310534944187,0.660668071418073,11.220096468925476,25.888423919933594,10,0.8772058486938477,1.0848991249124917,14.668327451008118,False,True,True,True,True,0.04435475822334461,0.044202820629108186,0.0885575788524528,0.044202820629108186,4.758851552335023
716,2026-05-15T00:48:23.621Z,2026-05-15 00:48:23.621000+00:00,13,7,4.572933197021484,3.940943479537964,6.500703335,4.372736930847168,277335.814,4622.2635666666665,77.03772611111111,69.16,5,47,14.814383745385133,True,1.6495297049431783,0.21736014078269533,10,3.987945556640625,4.865151405334473,-0.4242310534944187,0.660668071418073,11.220096468925476,25.888423919933594,10,0.8772058486938477,1.0848991249124917,14.668327451008118,False,True,True,True,True,0.026602142534383973,0.04388102432559877,0.07048316685998274,0.04388102432559877,4.977636208710095
717,2026-05-15T00:49:32.812Z,2026-05-15 00:49:32.812000+00:00,13,8,4.034259796142578,8.707241058,3.57396936416626,3.877334356307984,277405.005,4623.41675,77.05694583333334,69.191,5,47,16.158544778474244,True,0.41045944867721157,-0.3867297425290517,10,3.987945556640625,4.865151405334473,-0.4242310534944187,0.660668071418073,11.220096468925476,25.888423919933594,10,0.8772058486938477,1.0848991249124917,14.668327451008118,False,True,True,True,True,0.053886294696533756,0.022118138812397,0.07600443350893075,0.022118138812397,4.3744389785198905
718,2026-05-15T00:50:42.103Z,2026-05-15 00:50:42.103000+00:00,13,9,4.757637023925781,2.243337392807007,7.889118671417236,1.087640404701233,277474.296,4624.571599999999,77.07619333333332,69.291,5,47,11.220096468925476,True,3.516688437821592,0.5461338935576078,10,3.987945556640625,4.865151405334473,-0.4242310534944187,0.660668071418073,11.220096468925476,25.888423919933594,10,0.8772058486938477,1.0848991249124917,14.668327451008118,False,True,True,True,True,0.019993922503429656,0.07031239609451201,0.09030631859794166,0.07031239609451201,5.30627166574774
719,2026-05-15T00:51:51.001Z,2026-05-15 00:51:51.001000+00:00,14,0,4.517247200012207,2.5839643478393555,4.507430553436279,8.784240723,277543.194,4625.7199,77.09533166666667,68.898,5,48,15.875635624275635,True,1.7443857370575864,0.2416425270139377,10,3.699035645,4.767010688781738,-0.7163785546664341,0.5265981943770732,9.990711092948914,21.58951187103662,10,1.0679750437817384,1.2429767490435073,11.598800778087707,False,True,True,True,True,0.01627628908217182,0.02839212652716664,0.04466841560933846,0.02839212652716664,5.002060341303488
720,2026-05-15T00:53:00.144Z,2026-05-15 00:53:00.144000+00:00,14,1,4.700848579406738,4.326951026916504,9.656910896,7.605649948120117,277612.337,4626.872283333333,77.11453805555556,69.143,5,48,21.58951187103662,True,2.2318049906106197,0.34865624438665116,10,3.699035645,4.767010688781738,-0.7163785546664341,0.5265981943770732,9.990711092948914,21.58951187103662,10,1.0679750437817384,1.2429767490435073,11.598800778087707,False,True,True,True,True,0.020041912261672387,0.0447296398069806,0.06477155206865298,0.0447296398069806,5.108900442671295
721,2026-05-15T00:54:09.321Z,2026-05-15 00:54:09.321000+00:00,14,2,4.550328254699707,3.693356275558472,6.240413188934326,2.073237657546997,277681.514,4628.025233333334,77.13375388888889,69.177,5,48,12.007007122039795,True,1.6896320645347744,0.22779214263779923,10,3.699035645,4.767010688781738,-0.7163785546664341,0.5265981943770732,9.990711092948914,21.58951187103662,10,1.0679750437817384,1.2429767490435073,11.598800778087707,False,True,True,True,True,0.030760007369188862,0.051973094756307445,0.08273310212549631,0.051973094756307445,4.988023176973369
722,2026-05-15T00:55:18.350Z,2026-05-15 00:55:18.350000+00:00,14,3,3.8991775512695312,1.8943029642105105,1.783003568649292,6.313404560089111,277750.543,4629.175716666667,77.15292861111111,69.029,5,48,9.990711092948914,True,0.9412451980153002,-0.02629722644147099,10,3.699035645,4.767010688781738,-0.7163785546664341,0.5265981943770732,9.990711092948914,21.58951187103662,10,1.0679750437817384,1.2429767490435073,11.598800778087707,False,True,True,True,True,0.018960642006227584,0.0178466132396489,0.03680725524587648,0.0178466132396489,4.734573155600494
723,2026-05-15T00:56:27.724Z,2026-05-15 00:56:27.724000+00:00,14,4,4.2476348876953125,4.864665985107422,4.173658371,5.718749046325684,277819.917,4630.331950000001,77.17219916666667,69.374,5,48,14.757073402433106,True,0.8579537390187,-0.06653612873701485,10,3.699035645,4.767010688781738,-0.7163785546664341,0.5265981943770732,9.990711092948914,21.58951187103662,10,1.0679750437817384,1.2429767490435073,11.598800778087707,False,True,True,True,True,0.03296497789531459,0.02828242604195395,0.061247403937268546,0.02828242604195395,4.694040941141077
724,2026-05-15T00:57:37.029Z,2026-05-15 00:57:37.029000+00:00,14,5,4.767010688781738,2.1905856132507324,7.364757061004639,1.1226078271865845,277889.222,4631.487033333334,77.19145055555556,69.305,5,48,10.677950501441956,True,3.362003756646454,0.5265981943770732,10,3.699035645,4.767010688781738,-0.7163785546664341,0.5265981943770732,9.990711092948914,21.58951187103662,10,1.0679750437817384,1.2429767490435073,11.598800778087707,False,True,True,True,True,0.020515038096073912,0.0689716351467456,0.08948667324281952,0.0689716351467456,5.286740083238968
725,2026-05-15T00:58:46.328Z,2026-05-15 00:58:46.328000+00:00,14,6,4.470932960510254,6.961555004119873,8.410897254943848,4.193567276000977,277958.521,4632.642016666667,77.21070027777778,69.299,5,48,19.566019535064697,True,1.20819231478689,0.08213606889033462,10,3.699035645,4.767010688781738,-0.7163785546664341,0.5265981943770732,9.990711092948914,21.58951187103662,10,1.0679750437817384,1.2429767490435073,11.598800778087707,False,True,True,True,True,0.03557982241428266,0.042987268002418644,0.0785670904167013,0.042987268002418644,4.842456702110971
726,2026-05-15T00:59:55.564Z,2026-05-15 00:59:55.564000+00:00,14,7,4.713529586791992,3.230489015579224,8.379723549,3.112520217895508,278027.757,4633.79595,77.22993249999999,69.236,5,48,14.722732782474731,True,2.593948937324438,0.41396142261294205,10,3.699035645,4.767010688781738,-0.7163785546664341,0.5265981943770732,9.990711092948914,21.58951187103662,10,1.0679750437817384,1.2429767490435073,11.598800778087707,False,True,True,True,True,0.021942183311407043,0.056916903083202325,0.07885908639460937,0.056916903083202325,5.174145039766348
727,2026-05-15T01:01:04.785Z,2026-05-15 01:01:04.785000+00:00,14,8,3.699035645,7.117587089538574,1.3675847053527832,6.172279357910156,278096.978,4634.949633333334,77.24916055555556,69.221,5,48,14.657451152801514,True,0.1921416188026499,-0.7163785546664341,10,3.699035645,4.767010688781738,-0.7163785546664341,0.5265981943770732,9.990711092948914,21.58951187103662,10,1.0679750437817384,1.2429767490435073,11.598800778087707,False,True,True,True,True,0.04855951430667517,0.009330303687155003,0.057889817993830174,0.009330303687155003,4.048564304432416
728,2026-05-15T01:02:13.913Z,2026-05-15 01:02:13.913000+00:00,14,9,4.719042778015137,3.4632859230041504,9.638237953186035,7.593172073364258,278166.106,4636.101766666668,77.2683627777778,69.128,5,48,20.694695949554443,True,2.7829749456047104,0.44450929651205195,10,3.699035645,4.767010688781738,-0.7163785546664341,0.5265981943770732,9.990711092948914,21.58951187103662,10,1.0679750437817384,1.2429767490435073,11.598800778087707,False,True,True,True,True,0.016735137986304723,0.04657346972712371,0.06330860771342843,0.04657346972712371,5.204729431852629
729,2026-05-15T01:03:23.439Z,2026-05-15 01:03:23.439000+00:00,15,0,4.064584732055664,7.889843940734863,3.575603485107422,9.000218391418457,278235.632,4637.260533333333,77.28767555555555,69.526,5,49,20.465665817260742,True,0.45319064761810596,-0.3437190611426187,10,3.7514142990112314,4.746059417724609,-0.6823961092083112,0.48161333320440547,9.68606424331665,20.465665817260742,10,0.994645118713378,1.1640094424127168,10.779601573944092,False,True,True,True,True,0.03855161132397936,0.017471229702635708,0.05602284102661506,0.017471229702635708,4.417660878989442
730,2026-05-15T01:04:32.618Z,2026-05-15 01:04:32.618000+00:00,15,1,4.723454475402832,3.227600098,8.769061088562012,2.7885570526123047,278304.811,4638.4135166666665,77.30689194444444,69.179,5,49,14.785218239174316,True,2.716898259482582,0.43407337556452263,10,3.7514142990112314,4.746059417724609,-0.6823961092083112,0.48161333320440547,9.68606424331665,20.465665817260742,10,0.994645118713378,1.1640094424127168,10.779601573944092,False,True,True,True,True,0.02182991177937625,0.05930964931804566,0.0811395610974219,0.05930964931804566,5.194247366018998
731,2026-05-15T01:05:41.752Z,2026-05-15 01:05:41.752000+00:00,15,2,4.547571182250977,4.153491973876953,6.712915420532227,2.1483588218688965,278373.945,4639.56575,77.32609583333333,69.134,5,49,13.014766216278076,True,1.6162100379036621,0.20849779973996774,10,3.7514142990112314,4.746059417724609,-0.6823961092083112,0.48161333320440547,9.68606424331665,20.465665817260742,10,0.994645118713378,1.1640094424127168,10.779601573944092,False,True,True,True,True,0.03191368868909853,0.05157922400585361,0.08349291269495214,0.05157922400585361,4.968734521300777
732,2026-05-15T01:06:50.871Z,2026-05-15 01:06:50.871000+00:00,15,3,4.257007598876953,2.058003187179565,2.038094282150269,6.040048599243164,278443.064,4640.717733333334,77.34529555555557,69.119,5,49,10.136146068572998,True,0.9903261058324304,-0.004221772429846185,10,3.7514142990112314,4.746059417724609,-0.6823961092083112,0.48161333320440547,9.68606424331665,20.465665817260742,10,0.994645118713378,1.1640094424127168,10.779601573944092,False,True,True,True,True,0.020303606254850448,0.02010719131672102,0.04041079757157147,0.02010719131672102,4.756531254153784
733,2026-05-15T01:08:00.281Z,2026-05-15 01:08:00.281000+00:00,15,4,4.148941993713379,1.5332051515579224,1.338006854057312,6.814852237701416,278512.474,4641.874566666666,77.3645761111111,69.41,5,49,9.68606424331665,True,0.872686119465314,-0.05914193166197196,10,3.7514142990112314,4.746059417724609,-0.6823961092083112,0.48161333320440547,9.68606424331665,20.465665817260742,10,0.994645118713378,1.1640094424127168,10.779601573944092,False,True,True,True,True,0.0158289797903811,0.01381373094836256,0.02964271073874366,0.01381373094836256,4.702027196647479
734,2026-05-15T01:09:09.457Z,2026-05-15 01:09:09.457000+00:00,15,5,3.7514142990112314,7.951995849609375,1.652266263961792,1.151108980178833,278581.65,4643.0275,77.38379166666667,69.176,5,49,10.75537109375,True,0.20778007121859302,-0.6823961092083112,10,3.7514142990112314,4.746059417724609,-0.6823961092083112,0.48161333320440547,9.68606424331665,20.465665817260742,10,0.994645118713378,1.1640094424127168,10.779601573944092,False,True,True,True,True,0.07393511372406593,0.015362243195141193,0.08929735691920712,0.015362243195141193,4.080434984193641
735,2026-05-15T01:10:18.751Z,2026-05-15 01:10:18.751000+00:00,15,6,4.359007835388184,6.619947910308838,6.932364463806152,3.645730495452881,278650.944,4644.182400000001,77.40304,69.294,5,49,17.19804286956787,True,1.0471932041958831,0.0200268151796316,10,3.7514142990112314,4.746059417724609,-0.6823961092083112,0.48161333320440547,9.68606424331665,20.465665817260742,10,0.994645118713378,1.1640094424127168,10.779601573944092,False,True,True,True,True,0.038492449172939966,0.040309031186758174,0.07880148035969814,0.040309031186758174,4.7803925249699395
736,2026-05-15T01:11:27.774Z,2026-05-15 01:11:27.774000+00:00,15,7,4.746059417724609,2.933581113815308,8.892245292663574,7.400453567504883,278719.967,4645.332783333333,77.42221305555556,69.023,5,49,19.226279973983765,True,3.031191212265014,0.48161333320440547,10,3.7514142990112314,4.746059417724609,-0.6823961092083112,0.48161333320440547,9.68606424331665,20.465665817260742,10,0.994645118713378,1.1640094424127168,10.779601573944092,False,True,True,True,True,0.015258183682880481,0.04625047229467274,0.06150865597755322,0.04625047229467274,5.241830200296215
737,2026-05-15T01:12:37.050Z,2026-05-15 01:12:37.050000+00:00,15,8,4.494090080261231,4.055516242980957,6.043869972229004,5.259434223175049,278789.243,4646.487383333334,77.4414563888889,69.276,5,49,15.35882043838501,True,1.4902837543036278,0.17326896720125765,10,3.7514142990112314,4.746059417724609,-0.6823961092083112,0.48161333320440547,9.68606424331665,20.465665817260742,10,0.994645118713378,1.1640094424127168,10.779601573944092,False,True,True,True,True,0.0264051283055914,0.039351133744125744,0.06575626204971714,0.039351133744125744,4.9335892140886655
738,2026-05-15T01:13:46.234Z,2026-05-15 01:13:46.234000+00:00,15,9,3.8688535690307617,4.657606125,1.4004971981048584,4.148589134216309,278858.427,4647.640450000001,77.46067416666668,69.184,5,49,10.206692457321168,True,0.30069034618182927,-0.5218805149233032,10,3.7514142990112314,4.746059417724609,-0.6823961092083112,0.48161333320440547,9.68606424331665,20.465665817260742,10,0.994645118713378,1.1640094424127168,10.779601573944092,False,True,True,True,True,0.04563286436302038,0.013721361782585057,0.05935422614560544,0.013721361782585057,4.240482370911627
739,2026-05-15T01:14:55.539Z,2026-05-15 01:14:55.539000+00:00,16,0,4.860740661621094,2.039508343,9.044146537780762,8.553600311279297,278927.732,4648.795533333334,77.47992555555557,69.305,5,50,19.63725519206006,True,4.434473910745243,0.6468421041648912,10,3.826950073242188,4.977627754211426,-0.5867018023423198,0.7578639034278442,9.694031834602356,20.986269235610962,10,1.1506776809692378,1.3445657057701639,11.292237401008606,False,True,True,True,True,0.010385913525351727,0.04605606256742839,0.05644197609278012,0.04605606256742839,5.407042732727435
740,2026-05-15T01:16:04.815Z,2026-05-15 01:16:04.815000+00:00,16,1,4.822146415710449,2.79013466835022,9.908740043640137,8.287394523620605,278997.008,4649.950133333333,77.49916888888887,69.276,5,50,20.986269235610962,True,3.551348311620772,0.5503932694281906,10,3.826950073242188,4.977627754211426,-0.5867018023423198,0.7578639034278442,9.694031834602356,20.986269235610962,10,1.1506776809692378,1.3445657057701639,11.292237401008606,False,True,True,True,True,0.013295048476818956,0.047215347961067314,0.06051039643788627,0.047215347961067314,5.310597925611784
741,2026-05-15T01:17:14.006Z,2026-05-15 01:17:14.006000+00:00,16,2,4.977627754211426,1.705196976661682,9.764240264892578,2.522738456726074,279066.199,4651.103316666667,77.5183886111111,69.191,5,50,13.992175698280334,True,5.726165597600542,0.7578639034278442,10,3.826950073242188,4.977627754211426,-0.5867018023423198,0.7578639034278442,9.694031834602356,20.986269235610962,10,1.1506776809692378,1.3445657057701639,11.292237401008606,False,True,True,True,True,0.0121867893416408,0.06978357387330851,0.08197036321494931,0.06978357387330851,5.517990789078807
742,2026-05-15T01:18:22.720Z,2026-05-15 01:18:22.720000+00:00,16,3,4.121373176574707,6.0290398597717285,3.0965070724487305,4.719962120056152,279134.913,4652.24855,77.53747583333333,68.714,5,50,13.845509052276611,True,0.5135987063396145,-0.28937607884550076,10,3.826950073242188,4.977627754211426,-0.5867018023423198,0.7578639034278442,9.694031834602356,20.986269235610962,10,1.1506776809692378,1.3445657057701639,11.292237401008606,False,True,True,True,True,0.04354509348127129,0.022364703679418514,0.0659097971606898,0.022364703679418514,4.471615787360733
743,2026-05-15T01:19:31.754Z,2026-05-15 01:19:31.754000+00:00,16,4,4.215104103088379,1.0728204250335691,1.3194022178649902,9.344726563,279203.947,4653.3991166666665,77.55665194444444,69.034,5,50,11.73694920589856,True,1.229844424171646,0.08985017648237557,10,3.826950073242188,4.977627754211426,-0.5867018023423198,0.7578639034278442,9.694031834602356,20.986269235610962,10,1.1506776809692378,1.3445657057701639,11.292237401008606,False,True,True,True,True,0.009140539046504598,0.011241440980266892,0.02038198002677149,0.011241440980266892,4.8510641648661865
744,2026-05-15T01:20:40.770Z,2026-05-15 01:20:40.770000+00:00,16,5,3.826950073242188,6.437691688537598,1.6673561334609983,3.693315744400024,279272.963,4654.549383333333,77.57582305555555,69.016,5,50,11.79836356639862,True,0.25899906583438126,-0.5867018023423198,10,3.826950073242188,4.977627754211426,-0.5867018023423198,0.7578639034278442,9.694031834602356,20.986269235610962,10,1.1506776809692378,1.3445657057701639,11.292237401008606,False,True,True,True,True,0.05456427624312195,0.014132096574897708,0.06869637281801966,0.014132096574897708,4.175874341490059
745,2026-05-15T01:21:49.958Z,2026-05-15 01:21:49.958000+00:00,16,6,4.4885759353637695,7.120830059051514,9.731969833374023,1.0208641290664673,279342.151,4655.702516666667,77.59504194444445,69.188,5,50,17.873664021492004,True,1.3666903651216065,0.13567013274566578,10,3.826950073242188,4.977627754211426,-0.5867018023423198,0.7578639034278442,9.694031834602356,20.986269235610962,10,1.1506776809692378,1.3445657057701639,11.292237401008606,False,True,True,True,True,0.0398397891472568,0.0544486559760322,0.09428844512328899,0.0544486559760322,4.895910018421253
746,2026-05-15T01:22:59.400Z,2026-05-15 01:22:59.400000+00:00,16,7,4.657842636108398,1.355652093887329,4.21019458770752,6.206289291381836,279411.593,4656.8598833333335,77.61433138888889,69.442,5,50,11.772135972976685,True,3.1056600780476042,0.4921539194199283,10,3.826950073242188,4.977627754211426,-0.5867018023423198,0.7578639034278442,9.694031834602356,20.986269235610962,10,1.1506776809692378,1.3445657057701639,11.292237401008606,False,True,True,True,True,0.011515769924840082,0.035764066923557096,0.04727983684839718,0.035764066923557096,5.252432711558478
747,2026-05-15T01:24:08.696Z,2026-05-15 01:24:08.696000+00:00,16,8,4.175957679748535,4.841530799865723,3.1150059700012207,1.7374950647354126,279480.889,4658.014816666667,77.63358027777778,69.296,5,50,9.694031834602356,True,0.6433927819043542,-0.1915238156701276,10,3.826950073242188,4.977627754211426,-0.5867018023423198,0.7578639034278442,9.694031834602356,20.986269235610962,10,1.1506776809692378,1.3445657057701639,11.292237401008606,False,True,True,True,True,0.04994341758383879,0.03213323437707688,0.08207665196091567,0.03213323437707688,4.569075182047427
748,2026-05-15T01:25:17.755Z,2026-05-15 01:25:17.755000+00:00,16,9,4.431235313415527,7.044685363769531,8.170198440551758,4.353118896484375,279549.948,4659.1658,77.65276333333333,69.059,5,50,19.568002700805664,True,1.1597676856614043,0.06437100393414108,10,3.826950073242188,4.977627754211426,-0.5867018023423198,0.7578639034278442,9.694031834602356,20.986269235610962,10,1.1506776809692378,1.3445657057701639,11.292237401008606,False,True,True,True,True,0.03600104451886387,0.041752848083035934,0.0777538926018998,0.041752848083035934,4.824707345334441
749,2026-05-15T01:26:27.126Z,2026-05-15 01:26:27.126000+00:00,17,0,4.107038497924805,9.732174873,4.929239273071289,8.326600074768066,279619.319,4660.321983333333,77.67203305555556,69.371,5,51,22.988014220839354,True,0.5064889747045639,-0.2954300039603328,10,3.893113136291504,5.016223907470703,-0.5425194445912844,0.89903468926461,9.943575143814087,22.988014220839354,10,1.1231107711791992,1.4415541338558944,13.044439077025267,False,True,True,True,True,0.04233586589735741,0.021442649311582466,0.06377851520893987,0.021442649311582466,4.465613954796516
750,2026-05-15T01:27:36.520Z,2026-05-15 01:27:36.520000+00:00,17,1,4.467073440551758,6.604974269866943,8.684326172,6.922669887542725,279688.713,4661.47855,77.69130916666667,69.394,5,51,22.211970329409667,True,1.3148160488102774,0.11886499649508007,10,3.893113136291504,5.016223907470703,-0.5425194445912844,0.89903468926461,9.943575143814087,22.988014220839354,10,1.1231107711791992,1.4415541338558944,13.044439077025267,False,True,True,True,True,0.029736102524509745,0.03909750482829322,0.06883360735280296,0.03909750482829322,4.879204564301482
751,2026-05-15T01:28:45.699Z,2026-05-15 01:28:45.699000+00:00,17,2,3.893113136291504,8.231775283813477,2.360337257385254,5.895820140838623,279757.892,4662.631533333333,77.71052555555555,69.179,5,51,16.487932682037354,True,0.286734899338967,-0.5425194445912844,10,3.893113136291504,5.016223907470703,-0.5425194445912844,0.89903468926461,9.943575143814087,22.988014220839354,10,1.1231107711791992,1.4415541338558944,13.044439077025267,False,True,True,True,True,0.0499260607291387,0.01431554399756074,0.06424160472669944,0.01431554399756074,4.219830099564136
752,2026-05-15T01:29:55.079Z,2026-05-15 01:29:55.079000+00:00,17,3,4.559149742126465,4.960491180419922,8.309014320373535,2.227839946746826,279827.272,4663.787866666667,77.72979777777778,69.38,5,51,15.497345447540283,True,1.6750386238304227,0.22402482565526902,10,3.893113136291504,5.016223907470703,-0.5425194445912844,0.89903468926461,9.943575143814087,22.988014220839354,10,1.1231107711791992,1.4415541338558944,13.044439077025267,False,True,True,True,True,0.03200865075384406,0.05361572630938759,0.08562437706323164,0.05361572630938759,4.984249518567492
753,2026-05-15T01:31:04.038Z,2026-05-15 01:31:04.038000+00:00,17,4,4.495744705200195,5.664956092834473,7.566265583,4.502905368804932,279896.231,4664.937183333333,77.74895305555556,68.959,5,51,17.734127044639404,True,1.3356265183715137,0.1256850332245658,10,3.893113136291504,5.016223907470703,-0.5425194445912844,0.89903468926461,9.943575143814087,22.988014220839354,10,1.1231107711791992,1.4415541338558944,13.044439077025267,False,True,True,True,True,0.03194381137890208,0.04266500157551932,0.0746088129544214,0.04266500157551932,4.885994135045409
754,2026-05-15T01:32:13.100Z,2026-05-15 01:32:13.100000+00:00,17,5,5.016223907470703,1.1172382831573486,8.854835510253906,7.596809864044189,279965.293,4666.088216666667,77.76813694444445,69.062,5,51,17.568883657455444,True,7.925646340393812,0.89903468926461,10,3.893113136291504,5.016223907470703,-0.5425194445912844,0.89903468926461,9.943575143814087,22.988014220839354,10,1.1231107711791992,1.4415541338558944,13.044439077025267,False,True,True,True,True,0.006359187669179213,0.05040067247810769,0.05675986014728691,0.05040067247810769,5.6592030164131
755,2026-05-15T01:33:22.439Z,2026-05-15 01:33:22.439000+00:00,17,6,4.484165191650391,5.387366295,7.028181076049805,2.6624906063079834,280034.632,4667.243866666667,77.78739777777778,69.339,5,51,15.078037977357788,True,1.3045671467656916,0.11546643737976311,10,3.893113136291504,5.016223907470703,-0.5425194445912844,0.89903468926461,9.943575143814087,22.988014220839354,10,1.1231107711791992,1.4415541338558944,13.044439077025267,False,True,True,True,True,0.03572988941326476,0.0466120398861165,0.08234192929938125,0.0466120398861165,4.875752289517386
756,2026-05-15T01:34:31.834Z,2026-05-15 01:34:31.834000+00:00,17,7,4.177612305,9.154090881347656,5.143506050109863,7.11618185,280104.027,4668.40045,77.80667416666667,69.395,5,51,21.41377878145752,True,0.5618805970771225,-0.2503559647512128,10,3.893113136291504,5.016223907470703,-0.5425194445912844,0.89903468926461,9.943575143814087,22.988014220839354,10,1.1231107711791992,1.4415541338558944,13.044439077025267,False,True,True,True,True,0.04274860114495209,0.02401960953553744,0.06676821068048953,0.02401960953553744,4.5105154474164415
757,2026-05-15T01:35:40.930Z,2026-05-15 01:35:40.930000+00:00,17,8,4.625312805175781,4.829179763793945,9.014965057373049,4.960478782653809,280173.123,4669.55205,77.8258675,69.096,5,51,18.8046236038208,True,1.866769409778738,0.2710906756108343,10,3.893113136291504,5.016223907470703,-0.5425194445912844,0.89903468926461,9.943575143814087,22.988014220839354,10,1.1231107711791992,1.4415541338558944,13.044439077025267,False,True,True,True,True,0.025680810557743537,0.047940151567518484,0.07362096212526202,0.047940151567518484,5.031332294977897
758,2026-05-15T01:36:49.895Z,2026-05-15 01:36:49.895000+00:00,17,9,4.278510093688965,2.045252561569214,2.0637545585632324,5.834568023681641,280242.088,4670.701466666666,77.84502444444443,68.965,5,51,9.943575143814087,True,1.0090463140551322,0.003911100307245711,10,3.893113136291504,5.016223907470703,-0.5425194445912844,0.89903468926461,9.943575143814087,22.988014220839354,10,1.1231107711791992,1.4415541338558944,13.044439077025267,False,True,True,True,True,0.02056858355258238,0.020754653419068264,0.04132323697165065,0.020754653419068264,4.764633889930063
759,2026-05-15T01:37:59.180Z,2026-05-15 01:37:59.180000+00:00,18,0,4.865151405334473,2.222325325012207,9.451854705810549,2.481970787,280311.373,4671.856216666667,77.86427027777778,69.285,5,52,14.156150817822756,True,4.253137287970486,0.6287094016290726,10,4.2217206954956055,4.913671493530273,-0.16889210488496628,0.7256040806934727,5.081912875175476,20.41268825531006,10,0.691950798034668,0.894496185578439,15.330775380134583,False,True,True,True,True,0.015698655330898807,0.06676853635884238,0.08246719168974118,0.06676853635884238,5.388848898721972
760,2026-05-15T01:39:08.443Z,2026-05-15 01:39:08.443000+00:00,18,1,4.580652236938477,4.057123184204102,6.602071285247803,6.656601428985596,280380.636,4673.0106,77.88350999999999,69.263,5,52,17.3157958984375,True,1.627278982051158,0.21146201512423302,10,4.2217206954956055,4.913671493530273,-0.16889210488496628,0.7256040806934727,5.081912875175476,20.41268825531006,10,0.691950798034668,0.894496185578439,15.330775380134583,False,True,True,True,True,0.023430185987409324,0.03812744920286076,0.06155763519027008,0.03812744920286076,4.971781368396538
761,2026-05-15T01:40:17.797Z,2026-05-15 01:40:17.797000+00:00,18,2,4.913671493530273,1.4525798559188845,7.722254276275635,8.20134449,280449.99,4674.1665,77.902775,69.354,5,52,17.37617862219452,True,5.316233902604019,0.7256040806934727,10,4.2217206954956055,4.913671493530273,-0.16889210488496628,0.7256040806934727,5.081912875175476,20.41268825531006,10,0.691950798034668,0.894496185578439,15.330775380134583,False,True,True,True,True,0.008359604764096466,0.0444416142592597,0.05280121902335617,0.0444416142592597,5.485805601889944
762,2026-05-15T01:41:27.298Z,2026-05-15 01:41:27.298000+00:00,18,3,4.331991195678711,8.845995903015137,7.496705055236816,4.0699872970581055,280519.491,4675.32485,77.92208083333334,69.501,5,52,20.41268825531006,True,0.8474687460211894,-0.07187630926744142,10,4.2217206954956055,4.913671493530273,-0.16889210488496628,0.7256040806934727,5.081912875175476,20.41268825531006,10,0.691950798034668,0.894496185578439,15.330775380134583,False,True,True,True,True,0.04333577132210395,0.03672571178020445,0.0800614831023084,0.03672571178020445,4.6885711833472135
763,2026-05-15T01:42:36.720Z,2026-05-15 01:42:36.720000+00:00,18,4,4.459354400634766,4.384469509124756,5.961052417755127,2.483749866485596,280588.913,4676.481883333333,77.94136472222222,69.422,5,52,12.829271793365479,True,1.359583503853604,0.1334058865459039,10,4.2217206954956055,4.913671493530273,-0.16889210488496628,0.7256040806934727,5.081912875175476,20.41268825531006,10,0.691950798034668,0.894496185578439,15.330775380134583,False,True,True,True,True,0.0341755134643896,0.04646446434191083,0.08063997780630043,0.04646446434191083,4.893687589808349
764,2026-05-15T01:43:45.779Z,2026-05-15 01:43:45.779000+00:00,18,5,4.266380310058594,4.184394836425781,3.332782745361328,2.444040298461914,280657.972,4677.632866666667,77.96054777777778,69.059,5,52,9.961217880249023,True,0.7964790311729087,-0.09882565334153338,10,4.2217206954956055,4.913671493530273,-0.16889210488496628,0.7256040806934727,5.081912875175476,20.41268825531006,10,0.691950798034668,0.894496185578439,15.330775380134583,False,True,True,True,True,0.042006859871246735,0.03345758305286674,0.07546444292411347,0.03345758305286674,4.661682496182333
765,2026-05-15T01:44:55.340Z,2026-05-15 01:44:55.340000+00:00,18,6,4.2217206954956055,5.881371021270752,3.986451387405396,5.947376251220703,280727.533,4678.792216666667,77.97987027777778,69.561,5,52,15.81519865989685,True,0.6778098802112416,-0.16889210488496628,10,4.2217206954956055,4.913671493530273,-0.16889210488496628,0.7256040806934727,5.081912875175476,20.41268825531006,10,0.691950798034668,0.894496185578439,15.330775380134583,False,True,True,True,True,0.037188094489033194,0.025206457870895923,0.06239455235992912,0.025206457870895923,4.591847653707731
766,2026-05-15T01:46:04.695Z,2026-05-15 01:46:04.695000+00:00,18,7,4.343569755554199,7.453927993774414,7.062913417816162,1.7887964248657229,280796.888,4679.948133333333,77.99913555555555,69.355,5,52,16.3056378364563,True,0.9475424801145341,-0.02340131068360762,10,4.2217206954956055,4.913671493530273,-0.16889210488496628,0.7256040806934727,5.081912875175476,20.41268825531006,10,0.691950798034668,0.894496185578439,15.330775380134583,False,True,True,True,True,0.04571380812291103,0.04331577512426306,0.08902958324717408,0.04331577512426306,4.736956498027511
767,2026-05-15T01:47:13.927Z,2026-05-15 01:47:13.927000+00:00,18,8,4.364521026611328,1.684970140457153,2.1892099380493164,1.2077327966690063,280866.12,4681.102,78.01836666666667,69.232,5,52,5.081912875175476,True,1.2992574084757116,0.11369520188585168,10,4.2217206954956055,4.913671493530273,-0.16889210488496628,0.7256040806934727,5.081912875175476,20.41268825531006,10,0.691950798034668,0.894496185578439,15.330775380134583,False,True,True,True,True,0.03315621857053132,0.04307846261480278,0.07623468118533411,0.04307846261480278,4.87400503182147
768,2026-05-15T01:48:23.135Z,2026-05-15 01:48:23.135000+00:00,18,9,4.710221290588379,1.9448988437652588,5.994935989379883,3.326789379119873,280935.328,4682.2554666666665,78.03759111111111,69.208,5,52,11.266624212265015,True,3.0823896104405555,0.48888753216639647,10,4.2217206954956055,4.913671493530273,-0.16889210488496628,0.7256040806934727,5.081912875175476,20.41268825531006,10,0.691950798034668,0.894496185578439,15.330775380134583,False,True,True,True,True,0.01726248082054617,0.053209691531680856,0.07047217235222702,0.053209691531680856,5.249075254582889
769,2026-05-15T01:49:32.354Z,2026-05-15 01:49:32.354000+00:00,19,0,4.019372940063477,4.74005127,2.1933274269104004,7.856081485748291,281004.547,4683.409116666667,78.05681861111111,69.219,5,53,14.789460182658692,True,0.4627223002400985,-0.3346795697937232,10,4.019372940063477,4.745508193969727,-0.3346795697937232,0.5466822677373232,4.73648202419281,25.35317945433057,10,0.72613525390625,0.8813618375310464,20.61669743013776,False,True,True,True,True,0.03205019798868605,0.01483034133647539,0.04688053932516144,0.01483034133647539,4.42692211140519
770,2026-05-15T01:50:41.578Z,2026-05-15 01:50:41.578000+00:00,19,1,4.110898017883301,7.094471454620361,3.580770492553711,2.1966326236724854,281073.771,4684.56285,78.0760475,69.224,5,53,12.871874570846558,True,0.5047268870497309,-0.2969435595692461,10,4.019372940063477,4.745508193969727,-0.3346795697937232,0.5466822677373232,4.73648202419281,25.35317945433057,10,0.72613525390625,0.8813618375310464,20.61669743013776,False,True,True,True,True,0.055116070433816944,0.027818562656474137,0.08293463309029109,0.027818562656474137,4.463863507444965
771,2026-05-15T01:51:50.941Z,2026-05-15 01:51:50.941000+00:00,19,2,4.386023521,9.614319801330566,9.61400032,6.124859333,281143.134,4685.718900000001,78.09531500000001,69.363,5,53,25.35317945433057,True,0.999966770261738,-1.4431731744951509e-05,10,4.019372940063477,4.745508193969727,-0.3346795697937232,0.5466822677373232,4.73648202419281,25.35317945433057,10,0.72613525390625,0.8813618375310464,20.61669743013776,False,True,True,True,True,0.03792155464622938,0.037920294522894,0.07584184916912337,0.037920294522894,4.7603832519384115
772,2026-05-15T01:53:00.464Z,2026-05-15 01:53:00.464000+00:00,19,3,4.137363433837891,2.524498701095581,1.7730813026428225,5.805668354034424,281212.657,4686.877616666667,78.11462694444444,69.523,5,53,10.103248357772827,True,0.7023498573690456,-0.15344650143746114,10,4.019372940063477,4.745508193969727,-0.3346795697937232,0.5466822677373232,4.73648202419281,25.35317945433057,10,0.72613525390625,0.8813618375310464,20.61669743013776,False,True,True,True,True,0.024987000335920523,0.01754961612201408,0.042536616457934606,0.01754961612201408,4.607593118432711
773,2026-05-15T01:54:09.830Z,2026-05-15 01:54:09.830000+00:00,19,4,4.745508193969727,1.7785868644714355,6.262638568878174,5.761371136,281282.023,4688.033716666667,78.13389527777778,69.366,5,53,13.80259656934961,True,3.521131688296438,0.5466822677373232,10,4.019372940063477,4.745508193969727,-0.3346795697937232,0.5466822677373232,4.73648202419281,25.35317945433057,10,0.72613525390625,0.8813618375310464,20.61669743013776,False,True,True,True,True,0.01288588603988477,0.04537290166681496,0.058258787706699726,0.04537290166681496,5.306895680422922
774,2026-05-15T01:55:18.863Z,2026-05-15 01:55:18.863000+00:00,19,5,4.3799591064453125,7.065398693084717,6.815913200378418,6.659376621246338,281351.056,4689.184266666666,78.1530711111111,69.033,5,53,20.540688514709473,True,0.9646891133050307,-0.015612622541588676,10,4.019372940063477,4.745508193969727,-0.3346795697937232,0.5466822677373232,4.73648202419281,25.35317945433057,10,0.72613525390625,0.8813618375310464,20.61669743013776,False,True,True,True,True,0.03439708794583534,0.03318249627074306,0.06757958421657839,0.03318249627074306,4.744850072749066
775,2026-05-15T01:56:28.382Z,2026-05-15 01:56:28.382000+00:00,19,6,4.543160438537598,4.009778976,7.001586437225342,8.872658729553223,281420.575,4690.3429166666665,78.17238194444444,69.519,5,53,19.884024142778564,True,1.746127773907841,0.24207602028177636,10,4.019372940063477,4.745508193969727,-0.3346795697937232,0.5466822677373232,4.73648202419281,25.35317945433057,10,0.72613525390625,0.8813618375310464,20.61669743013776,False,True,True,True,True,0.020165832364754308,0.03521211997606713,0.055377952340821435,0.03521211997606713,5.002412843383846
776,2026-05-15T01:57:37.471Z,2026-05-15 01:57:37.471000+00:00,19,7,4.286229133605957,1.0218379497528076,1.3900972604751587,2.324546813964844,281489.664,4691.4944,78.19157333333332,69.089,5,53,4.73648202419281,True,1.3603891505609442,0.1336631596688713,10,4.019372940063477,4.745508193969727,-0.3346795697937232,0.5466822677373232,4.73648202419281,25.35317945433057,10,0.72613525390625,0.8813618375310464,20.61669743013776,False,True,True,True,True,0.021573774470873223,0.029348728726824605,0.050922503197697824,0.029348728726824605,4.8941088870216864
777,2026-05-15T01:58:46.713Z,2026-05-15 01:58:46.713000+00:00,19,8,4.587820053100586,4.506059646606445,7.862677097320557,6.358954906463623,281558.906,4692.648433333334,78.21080722222223,69.242,5,53,18.727691650390625,True,1.744911899522238,0.2417735043512214,10,4.019372940063477,4.745508193969727,-0.3346795697937232,0.5466822677373232,4.73648202419281,25.35317945433057,10,0.72613525390625,0.8813618375310464,20.61669743013776,False,True,True,True,True,0.024060945314167737,0.041984229792445114,0.06604517510661286,0.041984229792445114,5.002056099658508
778,2026-05-15T01:59:56.200Z,2026-05-15 01:59:56.200000+00:00,19,9,4.695885658,3.864987134933472,9.484960556030272,3.106628894805908,281628.393,4693.806549999999,78.23010916666665,69.487,5,53,16.456576585769653,True,2.4540729955608342,0.3898874765237454,10,4.019372940063477,4.745508193969727,-0.3346795697937232,0.5466822677373232,4.73648202419281,25.35317945433057,10,0.72613525390625,0.8813618375310464,20.61669743013776,False,True,True,True,True,0.023485973007749423,0.057636292132788515,0.08112226514053794,0.057636292132788515,5.150071680963109
779,2026-05-15T02:01:05.311Z,2026-05-15 02:01:05.311000+00:00,20,0,4.647918701171875,1.699917912483215,4.482192993164063,7.649719238,281697.504,4694.9584,78.24930666666667,69.111,5,54,13.831830143647279,True,2.6367114319164635,0.42106260215447405,10,3.915718078613281,4.696989059448242,-0.4719983629359244,0.4540860888384643,11.042330503658325,23.011853218078613,10,0.7812709808349614,0.9260844517743887,11.969522714420288,False,True,True,True,True,0.012289898696189227,0.03240491638933737,0.04469481508552659,0.03240491638933737,5.181383576426558
780,2026-05-15T02:02:14.720Z,2026-05-15 02:02:14.720000+00:00,20,1,4.433992385864258,6.208259105682373,6.989808082580566,9.438173294067385,281766.913,4696.115216666667,78.26858694444445,69.409,5,54,22.636240482330322,True,1.1258885886677712,0.051495417406363306,10,3.915718078613281,4.696989059448242,-0.4719983629359244,0.4540860888384643,11.042330503658325,23.011853218078613,10,0.7812709808349614,0.9260844517743887,11.969522714420288,False,True,True,True,True,0.027426193455262562,0.030878838241874828,0.05830503169713739,0.030878838241874828,4.811956416020658
781,2026-05-15T02:03:24.044Z,2026-05-15 02:03:24.044000+00:00,20,2,4.6605987548828125,2.584700584411621,5.920713424682617,3.195745944976806,281836.237,4697.270616666667,78.28784361111111,69.324,5,54,11.701159954071045,True,2.2906767075422794,0.3599637997795922,10,3.915718078613281,4.696989059448242,-0.4719983629359244,0.4540860888384643,11.042330503658325,23.011853218078613,10,0.7812709808349614,0.9260844517743887,11.969522714420288,False,True,True,True,True,0.02208926802605033,0.05059937175393192,0.07268863977998224,0.05059937175393192,5.120177923248198
782,2026-05-15T02:04:33.417Z,2026-05-15 02:04:33.417000+00:00,20,3,3.915718078613281,6.591556072235107,2.2232565879821777,6.6599531173706055,281905.61,4698.426833333333,78.30711388888888,69.373,5,54,15.47476577758789,True,0.3372885800588057,-0.4719983629359244,10,3.915718078613281,4.696989059448242,-0.4719983629359244,0.4540860888384643,11.042330503658325,23.011853218078613,10,0.7812709808349614,0.9260844517743887,11.969522714420288,False,True,True,True,True,0.04259551431648588,0.014366980540682051,0.05696249485716793,0.014366980540682051,4.290072053525095
783,2026-05-15T02:05:42.711Z,2026-05-15 02:05:42.711000+00:00,20,4,4.643507957458496,3.15656852722168,7.121514320373535,1.5559884309768677,281974.904,4699.581733333333,78.32636222222223,69.294,5,54,11.834071278572083,True,2.25609368494898,0.35335712989091506,10,3.915718078613281,4.696989059448242,-0.4719983629359244,0.4540860888384643,11.042330503658325,23.011853218078613,10,0.7812709808349614,0.9260844517743887,11.969522714420288,False,True,True,True,True,0.026673563585317164,0.06017805835991913,0.0868516219452363,0.06017805835991913,5.113538058690762
784,2026-05-15T02:06:51.820Z,2026-05-15 02:06:51.820000+00:00,20,5,4.416348457336426,8.734155654907227,9.325912475585938,4.951785087585449,282044.013,4700.73355,78.34555916666666,69.109,5,54,23.011853218078613,True,1.0677520351204455,0.02847040785885903,10,3.915718078613281,4.696989059448242,-0.4719983629359244,0.4540860888384643,11.042330503658325,23.011853218078613,10,0.7812709808349614,0.9260844517743887,11.969522714420288,False,True,True,True,True,0.03795502940217559,0.04052655988722933,0.07848158928940492,0.04052655988722933,4.7888307387393345
785,2026-05-15T02:08:00.818Z,2026-05-15 02:08:00.818000+00:00,20,6,4.403116226196289,7.301874638,7.8912248611450195,3.389267444610596,282113.011,4701.883516666667,78.36472527777778,68.998,5,54,18.582366943755616,True,1.0807121804143223,0.03371004631093254,10,3.915718078613281,4.696989059448242,-0.4719983629359244,0.4540860888384643,11.042330503658325,23.011853218078613,10,0.7812709808349614,0.9260844517743887,11.969522714420288,False,True,True,True,True,0.03929464238921247,0.04246619865504686,0.08176084104425933,0.04246619865504686,4.794051939357693
786,2026-05-15T02:09:10.115Z,2026-05-15 02:09:10.115000+00:00,20,7,4.639097213745117,3.855590581893921,7.502263546,1.2616844177246094,282182.308,4703.038466666667,78.38397444444445,69.297,5,54,12.61953854561853,True,1.9458143666060055,0.2891014056115955,10,3.915718078613281,4.696989059448242,-0.4719983629359244,0.4540860888384643,11.042330503658325,23.011853218078613,10,0.7812709808349614,0.9260844517743887,11.969522714420288,False,True,True,True,True,0.03055254808213706,0.059449586994643054,0.09000213507678012,0.059449586994643054,5.049293504019629
787,2026-05-15T02:10:19.549Z,2026-05-15 02:10:19.549000+00:00,20,8,4.519452095031738,3.1253910064697266,5.0226240158081055,2.962446689605713,282251.742,4704.1957,78.40326166666667,69.434,5,54,11.110461711883545,True,1.607038609060756,0.20602631080230807,10,3.915718078613281,4.696989059448242,-0.4719983629359244,0.4540860888384643,11.042330503658325,23.011853218078613,10,0.7812709808349614,0.9260844517743887,11.969522714420288,False,True,True,True,True,0.028130163151787527,0.04520625826410076,0.07333642141588828,0.04520625826410076,4.96629697481429
788,2026-05-15T02:11:28.613Z,2026-05-15 02:11:28.613000+00:00,20,9,4.696989059448242,1.834064007,5.217957973480225,3.9903085231781006,282320.806,4705.346766666667,78.42244611111111,69.064,5,54,11.042330503658325,True,2.845025011976163,0.4540860888384643,10,3.915718078613281,4.696989059448242,-0.4719983629359244,0.4540860888384643,11.042330503658325,23.011853218078613,10,0.7812709808349614,0.9260844517743887,11.969522714420288,False,True,True,True,True,0.016609392432081024,0.0472541369029981,0.06386352933507913,0.0472541369029981,5.2143018020976335
789,2026-05-15T02:12:37.991Z,2026-05-15 02:12:37.991000+00:00,21,0,4.343018531799316,3.730672836303711,3.6420857906341553,4.641317367553711,282390.184,4706.503066666667,78.44171777777778,69.378,5,55,12.014075994491577,True,0.9762544051551499,-0.010436993442164673,10,3.654927253723145,4.734480857849121,-0.8249423493005008,0.44595018516676205,12.014075994491577,21.21848726272583,10,1.0795536041259761,1.2708925344672628,9.204411268234253,False,True,True,True,True,0.031052515715850434,0.030315155258748505,0.06136767097459894,0.030315155258748505,4.75006637302362
790,2026-05-15T02:13:47.433Z,2026-05-15 02:13:47.433000+00:00,21,1,4.209589958190918,6.200974464416504,4.269618988037109,3.392470359802246,282459.626,4707.6604333333335,78.46100722222222,69.442,5,55,13.86306381225586,True,0.6885400048875818,-0.1620708217146896,10,3.654927253723145,4.734480857849121,-0.8249423493005008,0.44595018516676205,12.014075994491577,21.21848726272583,10,1.0795536041259761,1.2708925344672628,9.204411268234253,False,True,True,True,True,0.044730187701613515,0.03079852365869142,0.07552871136030494,0.03079852365869142,4.598529210319478
791,2026-05-15T02:14:56.581Z,2026-05-15 02:14:56.581000+00:00,21,2,4.206833839416504,4.79615593,3.6087708473205566,9.239061356,282528.774,4708.8129,78.480215,69.148,5,55,17.64398813332056,True,0.7524298417296362,-0.12353398845192695,10,3.654927253723145,4.734480857849121,-0.8249423493005008,0.44595018516676205,12.014075994491577,21.21848726272583,10,1.0795536041259761,1.2708925344672628,9.204411268234253,False,True,True,True,True,0.027182946926508588,0.02045326045365796,0.04763620738016655,0.02045326045365796,4.637323582786116
792,2026-05-15T02:16:05.727Z,2026-05-15 02:16:05.727000+00:00,21,3,4.223925590515137,8.564431190490723,5.561652660369873,7.092403411865234,282597.92,4709.965333333333,78.49942222222221,69.146,5,55,21.21848726272583,True,0.649389613468446,-0.18749466189020436,10,3.654927253723145,4.734480857849121,-0.8249423493005008,0.44595018516676205,12.014075994491577,21.21848726272583,10,1.0795536041259761,1.2708925344672628,9.204411268234253,False,True,True,True,True,0.04036306209979314,0.026211353295387544,0.06657441539518068,0.026211353295387544,4.573235298426096
793,2026-05-15T02:17:14.884Z,2026-05-15 02:17:14.884000+00:00,21,4,4.431235313415527,3.353492259979248,4.455084323883057,7.412999153137207,282667.077,4711.11795,78.5186325,69.157,5,55,15.221575736999512,True,1.328491011310885,0.12335862028089271,10,3.654927253723145,4.734480857849121,-0.8249423493005008,0.44595018516676205,12.014075994491577,21.21848726272583,10,1.0795536041259761,1.2708925344672628,9.204411268234253,False,True,True,True,True,0.02203117678433134,0.029268220326585232,0.05129939711091657,0.029268220326585232,4.883810109471006
794,2026-05-15T02:18:23.986Z,2026-05-15 02:18:23.986000+00:00,21,5,4.734480857849121,2.789015293121338,7.652313232421875,5.981151103973389,282736.179,4712.26965,78.5378275,69.102,5,55,16.4224796295166,True,2.7437329767588894,0.43834184305403684,10,3.654927253723145,4.734480857849121,-0.8249423493005008,0.44595018516676205,12.014075994491577,21.21848726272583,10,1.0795536041259761,1.2708925344672628,9.204411268234253,False,True,True,True,True,0.016982912179160568,0.04659657618736302,0.06357948836652359,0.04659657618736302,5.19856270203279
795,2026-05-15T02:19:33.424Z,2026-05-15 02:19:33.424000+00:00,21,6,4.573485374450684,4.891846656799316,7.821957111358643,4.368135452270508,282805.617,4713.42695,78.55711583333333,69.438,5,55,17.081939220428467,True,1.5989783940767404,0.20384259545565112,10,3.654927253723145,4.734480857849121,-0.8249423493005008,0.44595018516676205,12.014075994491577,21.21848726272583,10,1.0795536041259761,1.2708925344672628,9.204411268234253,False,True,True,True,True,0.028637536954522747,0.04579080284985609,0.07442833980437884,0.04579080284985609,4.96411032257484
796,2026-05-15T02:20:42.735Z,2026-05-15 02:20:42.735000+00:00,21,7,3.654927253723145,9.299343109,1.3915855884552002,2.318131685256958,282874.928,4714.582133333333,78.5763688888889,69.311,5,55,13.009060382712159,True,0.14964342880395598,-0.8249423493005008,10,3.654927253723145,4.734480857849121,-0.8249423493005008,0.44595018516676205,12.014075994491577,21.21848726272583,10,1.0795536041259761,1.2708925344672628,9.204411268234253,False,True,True,True,True,0.07148358786433162,0.01069704919122744,0.08218063705555906,0.01069704919122744,3.94038762727788
797,2026-05-15T02:21:52.209Z,2026-05-15 02:21:52.209000+00:00,21,8,4.590025901794434,1.5763221979141235,4.401443958282471,9.214725494384766,282944.402,4715.7400333333335,78.59566722222222,69.474,5,55,15.19249165058136,True,2.7922235467512313,0.44595018516676205,10,3.654927253723145,4.734480857849121,-0.8249423493005008,0.44595018516676205,12.014075994491577,21.21848726272583,10,1.0795536041259761,1.2708925344672628,9.204411268234253,False,True,True,True,True,0.010375666047206968,0.02897117905023857,0.039346845097445536,0.02897117905023857,5.206303677056783
798,2026-05-15T02:23:01.485Z,2026-05-15 02:23:01.485000+00:00,21,9,4.663907051086426,2.892158031463623,6.9125189781188965,5.556817054748535,283013.678,4716.894633333333,78.61491055555555,69.276,5,55,15.361494064331055,True,2.3900903418547657,0.3784143169429028,10,3.654927253723145,4.734480857849121,-0.8249423493005008,0.44595018516676205,12.014075994491577,21.21848726272583,10,1.0795536041259761,1.2708925344672628,9.204411268234253,False,True,True,True,True,0.01882732252052963,0.04499900171930259,0.06382632423983223,0.04499900171930259,5.13865205958977
799,2026-05-15T02:24:10.684Z,2026-05-15 02:24:10.684000+00:00,22,0,3.9410810470581055,8.688295364379883,2.9051220417022705,3.241466522216797,283082.877,4718.047949999999,78.63413249999999,69.199,5,56,14.83488392829895,True,0.3343719245103749,-0.4757701951747066,10,3.9410810470581055,4.860740661621094,-0.4757701951747066,0.6208752739326623,13.013698935897889,21.214181423187256,10,0.9196596145629883,1.0966454691073688,8.200482487289367,False,True,True,True,True,0.0585666555018077,0.019583045312275577,0.07814970081408328,0.019583045312275577,4.285761021445182
800,2026-05-15T02:25:20.097Z,2026-05-15 02:25:20.097000+00:00,22,1,4.344673156738281,8.505611419677734,7.630064487457275,1.2995209693908691,283152.29,4719.204833333333,78.65341388888889,69.413,5,56,17.43519687652588,True,0.897062434548223,-0.04717732949084075,10,3.9410810470581055,4.860740661621094,-0.4757701951747066,0.6208752739326623,13.013698935897889,21.214181423187256,10,0.9196596145629883,1.0966454691073688,8.200482487289367,False,True,True,True,True,0.048784143247211524,0.043762422308692824,0.09254656555590435,0.043762422308692824,4.713187050442069
801,2026-05-15T02:26:29.489Z,2026-05-15 02:26:29.489000+00:00,22,2,3.955415725708008,8.799474716186523,3.079986810684204,1.363316774368286,283221.682,4720.361366666666,78.67268944444443,69.392,5,56,13.242778301239014,True,0.3500193943416426,-0.45590789101487067,10,3.9410810470581055,4.860740661621094,-0.4757701951747066,0.6208752739326623,13.013698935897889,21.214181423187256,10,0.9196596145629883,1.0966454691073688,8.200482487289367,False,True,True,True,True,0.0664473459875352,0.023257859798166646,0.08970520578570185,0.023257859798166646,4.305339244015244
802,2026-05-15T02:27:38.613Z,2026-05-15 02:27:38.613000+00:00,22,3,4.860740661621094,2.323538303375244,9.705660820007324,7.815519332885742,283290.806,4721.513433333333,78.69189055555555,69.124,5,56,19.84471845626831,True,4.177103861773476,0.6208752739326623,10,3.9410810470581055,4.860740661621094,-0.4757701951747066,0.6208752739326623,13.013698935897889,21.214181423187256,10,0.9196596145629883,1.0966454691073688,8.200482487289367,False,True,True,True,True,0.011708597975303162,0.04890802981859194,0.06061662779389511,0.04890802981859194,5.381066361359007
803,2026-05-15T02:28:48.073Z,2026-05-15 02:28:48.073000+00:00,22,4,4.521106719970703,6.110586643218994,8.579456329345703,3.4469263553619385,283360.266,4722.6711000000005,78.71118500000001,69.46,5,56,18.136969327926636,True,1.4040315325315695,0.1473768615335882,10,3.9410810470581055,4.860740661621094,-0.4757701951747066,0.6208752739326623,13.013698935897889,21.214181423187256,10,0.9196596145629883,1.0966454691073688,8.200482487289367,False,True,True,True,True,0.03369133250840392,0.04730369321480504,0.08099502572320896,0.04730369321480504,4.907649863720614
804,2026-05-15T02:29:57.291Z,2026-05-15 02:29:57.291000+00:00,22,5,4.518900871276856,6.073631286621094,8.666069984436035,6.474480152130127,283429.484,4723.824733333333,78.73041222222221,69.218,5,56,21.214181423187256,True,1.4268350473505904,0.15437376837309388,10,3.9410810470581055,4.860740661621094,-0.4757701951747066,0.6208752739326623,13.013698935897889,21.214181423187256,10,0.9196596145629883,1.0966454691073688,8.200482487289367,False,True,True,True,True,0.02863005253637819,0.04085036236639306,0.06948041490277125,0.04085036236639306,4.914687771962931
805,2026-05-15T02:31:06.589Z,2026-05-15 02:31:06.589000+00:00,22,6,4.096011161804199,7.492346764,3.755994319915772,1.7653578519821167,283498.782,4724.9797,78.74966166666667,69.298,5,56,13.013698935897889,True,0.50131079596622,-0.29989294254818727,10,3.9410810470581055,4.860740661621094,-0.4757701951747066,0.6208752739326623,13.013698935897889,21.214181423187256,10,0.9196596145629883,1.0966454691073688,8.200482487289367,False,True,True,True,True,0.05757276851804671,0.028861850411760925,0.08643461892980764,0.028861850411760925,4.460888522841289
806,2026-05-15T02:32:15.855Z,2026-05-15 02:32:15.855000+00:00,22,7,4.387126922607422,6.396283149719238,6.580809593200684,3.4320688247680664,283568.048,4726.134133333334,78.76890222222224,69.266,5,56,16.40916156768799,True,1.0288490110838113,0.012351644476203204,10,3.9410810470581055,4.860740661621094,-0.4757701951747066,0.6208752739326623,13.013698935897889,21.214181423187256,10,0.9196596145629883,1.0966454691073688,8.200482487289367,False,True,True,True,True,0.038979951067789134,0.0401044841081902,0.07908443517597934,0.0401044841081902,4.772722415734004
807,2026-05-15T02:33:25.121Z,2026-05-15 02:33:25.121000+00:00,22,8,4.535442352294922,6.518930435180664,9.748445510864258,2.0227532386779785,283637.314,4727.288566666667,78.78814277777778,69.266,5,56,18.2901291847229,True,1.4954056662815258,0.17475902191059206,10,3.9410810470581055,4.860740661621094,-0.4757701951747066,0.6208752739326623,13.013698935897889,21.214181423187256,10,0.9196596145629883,1.0966454691073688,8.200482487289367,False,True,True,True,True,0.03564179546979743,0.053298942901982296,0.08894073837177972,0.053298942901982296,4.934995178992444
808,2026-05-15T02:34:34.458Z,2026-05-15 02:34:34.458000+00:00,22,9,4.482511520385742,7.24512767791748,8.762523651123047,4.682413101196289,283706.651,4728.444183333334,78.80740305555557,69.337,5,56,20.690064430236816,True,1.2094367471025333,0.0825831599218217,10,3.9410810470581055,4.860740661621094,-0.4757701951747066,0.6208752739326623,13.013698935897889,21.214181423187256,10,0.9196596145629883,1.0966454691073688,8.200482487289367,False,True,True,True,True,0.035017424437447986,0.04235135990353585,0.07736878434098383,0.04235135990353585,4.842908452246485
809,2026-05-15T02:35:43.779Z,2026-05-15 02:35:43.779000+00:00,23,0,4.393743515014648,2.94284462928772,3.421968698501587,4.7456159591674805,283775.972,4729.599533333333,78.82665888888889,69.321,5,57,11.110429286956787,True,1.1628098420302375,0.06550869898533014,10,3.811511993408203,4.606015205383301,-0.5906098246553769,0.36171590237649776,9.872028112411499,23.2801775929187,10,0.7945032119750977,0.9523257270318747,13.408149480507202,False,True,True,True,True,0.026487227030394817,0.03079960827903244,0.057286835309427256,0.03079960827903244,4.825963980387517
810,2026-05-15T02:36:53.152Z,2026-05-15 02:36:53.152000+00:00,23,1,4.28953743,9.677569389343262,6.992137432098389,3.3433055877685547,283845.345,4730.755749999999,78.84592916666665,69.373,5,57,20.013012409210205,True,0.7225096665075825,-0.14115633807616357,10,3.811511993408203,4.606015205383301,-0.5906098246553769,0.36171590237649776,9.872028112411499,23.2801775929187,10,0.7945032119750977,0.9523257270318747,13.408149480507202,False,True,True,True,True,0.04835638529304834,0.034937955811592515,0.08329434110464085,0.034937955811592515,4.619357991603793
811,2026-05-15T02:38:02.359Z,2026-05-15 02:38:02.359000+00:00,23,2,3.836322784423828,8.662976264953613,2.2236032485961914,8.168315887451172,283914.552,4731.9092,78.86515333333334,69.207,5,57,19.054895401000977,True,0.2566789034839977,-0.5906098246553769,10,3.811511993408203,4.606015205383301,-0.5906098246553769,0.36171590237649776,9.872028112411499,23.2801775929187,10,0.7945032119750977,0.9523257270318747,13.408149480507202,False,True,True,True,True,0.04546325803760926,0.01166945922190359,0.057132717259512855,0.01166945922190359,4.1725270910663035
812,2026-05-15T02:39:11.724Z,2026-05-15 02:39:11.724000+00:00,23,3,4.606015205383301,2.8074965476989746,6.457064628601074,8.275205612182617,283983.917,4733.065283333333,78.8844213888889,69.365,5,57,17.539766788482666,True,2.299936800952894,0.36171590237649776,10,3.811511993408203,4.606015205383301,-0.5906098246553769,0.36171590237649776,9.872028112411499,23.2801775929187,10,0.7945032119750977,0.9523257270318747,13.408149480507202,False,True,True,True,True,0.016006464518915343,0.036813856800200155,0.0528203213191155,0.036813856800200155,5.122009832008773
813,2026-05-15T02:40:20.992Z,2026-05-15 02:40:20.992000+00:00,23,4,4.298358917236328,5.530537128448486,4.976013184,7.999756813049316,284053.185,4734.21975,78.90366250000001,69.268,5,57,18.506307125497802,True,0.8997341611547864,-0.0458857898916356,10,3.811511993408203,4.606015205383301,-0.5906098246553769,0.36171590237649776,9.872028112411499,23.2801775929187,10,0.7945032119750977,0.9523257270318747,13.408149480507202,False,True,True,True,True,0.02988460685832112,0.026888201683112133,0.05677280854143325,0.026888201683112133,4.714706019887848
814,2026-05-15T02:41:30.449Z,2026-05-15 02:41:30.449000+00:00,23,5,4.374445915222168,6.141618251800537,5.901434898376465,3.836759567260742,284122.642,4735.377366666667,78.9229561111111,69.457,5,57,15.879812717437744,True,0.9608924971275026,-0.017325197675778378,10,3.811511993408203,4.606015205383301,-0.5906098246553769,0.36171590237649776,9.872028112411499,23.2801775929187,10,0.7945032119750977,0.9523257270318747,13.408149480507202,False,True,True,True,True,0.038675634033494485,0.03716312656443394,0.07583876059792843,0.03716312656443394,4.743088821067933
815,2026-05-15T02:42:39.920Z,2026-05-15 02:42:39.920000+00:00,23,6,4.513387680053711,4.3235578536987305,6.275303840637207,2.042050361633301,284192.113,4736.535216666667,78.94225361111111,69.471,5,57,12.640912055969238,True,1.451421272244291,0.16179348387616485,10,3.811511993408203,4.606015205383301,-0.5906098246553769,0.36171590237649776,9.872028112411499,23.2801775929187,10,0.7945032119750977,0.9523257270318747,13.408149480507202,False,True,True,True,True,0.03420289481135246,0.04964280910153085,0.08384570391288332,0.04964280910153085,4.9220501006713215
816,2026-05-15T02:43:49.165Z,2026-05-15 02:43:49.165000+00:00,23,7,4.071201324462891,6.164487838745117,2.9844560623168945,6.431009769439697,284261.358,4737.6893,78.96148833333334,69.245,5,57,15.579953670501709,True,0.48413690486319944,-0.31503181063002333,10,3.811511993408203,4.606015205383301,-0.5906098246553769,0.36171590237649776,9.872028112411499,23.2801775929187,10,0.7945032119750977,0.9523257270318747,13.408149480507202,False,True,True,True,True,0.039566791847504945,0.019155744140417517,0.05872253598792246,0.019155744140417517,4.446172047875601
817,2026-05-15T02:44:58.557Z,2026-05-15 02:44:58.557000+00:00,23,8,4.304424285888672,8.493165969848633,6.94152832,7.845483303070068,284330.75,4738.845833333334,78.9807638888889,69.392,5,57,23.2801775929187,True,0.8173075087244189,-0.08761451113552293,10,3.811511993408203,4.606015205383301,-0.5906098246553769,0.36171590237649776,9.872028112411499,23.2801775929187,10,0.7945032119750977,0.9523257270318747,13.408149480507202,False,True,True,True,True,0.03648239338359713,0.029817334048651993,0.06629972743224913,0.029817334048651993,4.672947508935675
818,2026-05-15T02:46:08.099Z,2026-05-15 02:46:08.099000+00:00,23,9,3.811511993408203,5.5938873291015625,1.4550745487213137,2.823066234588623,284400.292,4740.004866666667,79.00008111111111,69.542,5,57,9.872028112411499,True,0.2601186729577934,-0.5848284702899182,10,3.811511993408203,4.606015205383301,-0.5906098246553769,0.36171590237649776,9.872028112411499,23.2801775929187,10,0.7945032119750977,0.9523257270318747,13.408149480507202,False,True,True,True,True,0.05666401336589296,0.014739367961198745,0.0714033813270917,0.014739367961198745,4.177633934212852
819,2026-05-15T02:47:17.102Z,2026-05-15 02:47:17.102000+00:00,24,0,4.236056327819824,7.436508655548096,5.615385532,1.1237330436706543,284469.295,4741.154916666666,79.01924861111111,69.003,5,58,14.175627231218751,True,0.7551104681106738,-0.12198950905764147,8,3.5716724395751958,4.581203460693359,-0.8915732675826645,0.2974542496473211,7.209527969360352,22.974154949188232,8,1.0095310211181636,1.1890275172299856,15.76462697982788,False,True,True,True,True,0.05245982089011762,0.039612959909338816,0.09207278079945644,0.039612959909338816,4.638452834387274
820,2026-05-15T02:48:26.367Z,2026-05-15 02:48:26.367000+00:00,24,1,4.449981689453125,1.325212001800537,2.628691434860229,3.255624532699585,284538.56,4742.309333333334,79.03848888888889,69.265,5,58,7.209527969360352,True,1.9836006852403105,0.2974542496473211,8,3.5716724395751958,4.581203460693359,-0.8915732675826645,0.2974542496473211,7.209527969360352,22.974154949188232,8,1.0095310211181636,1.1890275172299856,15.76462697982788,False,True,True,True,True,0.01838139760928223,0.03646135289344683,0.05484275050272906,0.03646135289344683,5.057765365345656
821,2026-05-15T02:49:35.624Z,2026-05-15 02:49:35.624000+00:00,24,2,4.208487510681152,5.642521858215332,3.903379201889038,3.199735164642334,284607.817,4743.463616666666,79.05772694444444,69.257,5,58,12.745636224746704,True,0.6917791902225141,-0.16003250636829278,8,3.5716724395751958,4.581203460693359,-0.8915732675826645,0.2974542496473211,7.209527969360352,22.974154949188232,8,1.0095310211181636,1.1890275172299856,15.76462697982788,False,True,True,True,True,0.04427022518703233,0.030625220530853578,0.07489544571788591,0.030625220530853578,4.600569246071581
822,2026-05-15T02:50:44.822Z,2026-05-15 02:50:44.822000+00:00,24,3,3.5716724395751958,8.242074012756348,1.0579453706741333,3.234221935272217,284677.015,4744.616916666667,79.07694861111112,69.198,5,58,12.534241318702698,True,0.12835912041516975,-0.8915732675826645,8,3.5716724395751958,4.581203460693359,-0.8915732675826645,0.2974542496473211,7.209527969360352,22.974154949188232,8,1.0095310211181636,1.1890275172299856,15.76462697982788,False,True,True,True,True,0.0657564650559114,0.008440442016187632,0.07419690707209903,0.008440442016187632,3.876096954049553
823,2026-05-15T02:51:53.934Z,2026-05-15 02:51:53.934000+00:00,24,4,4.547571182250977,5.934800624847412,9.499221801757812,2.5443897247314453,284746.127,4745.768783333333,79.09614638888888,69.112,5,58,17.97841215133667,True,1.600596616841201,0.20428189459670598,8,3.5716724395751958,4.581203460693359,-0.8915732675826645,0.2974542496473211,7.209527969360352,22.974154949188232,8,1.0095310211181636,1.1890275172299856,15.76462697982788,False,True,True,True,True,0.03301070514398108,0.052836822972998534,0.08584752811697961,0.052836822972998534,4.964513845762582
824,2026-05-15T02:53:03.178Z,2026-05-15 02:53:03.178000+00:00,24,5,4.15831470489502,9.270822525024414,5.100248814,2.6723670959472656,284815.371,4746.92285,79.11538083333333,69.244,5,58,17.04343843497168,True,0.5501398392896718,-0.25952690375560333,8,3.5716724395751958,4.581203460693359,-0.8915732675826645,0.2974542496473211,7.209527969360352,22.974154949188232,8,1.0095310211181636,1.1890275172299856,15.76462697982788,False,True,True,True,True,0.05439525926881913,0.02992499919226818,0.08432025846108732,0.02992499919226818,4.501182398608413
825,2026-05-15T02:54:12.516Z,2026-05-15 02:54:12.516000+00:00,24,6,4.581203460693359,5.1094489097595215,9.533855438232422,8.330850601196289,284884.709,4748.078483333333,79.13464138888888,69.338,5,58,22.974154949188232,True,1.8659263663488,0.2708945015115713,8,3.5716724395751958,4.581203460693359,-0.8915732675826645,0.2974542496473211,7.209527969360352,22.974154949188232,8,1.0095310211181636,1.1890275172299856,15.76462697982788,False,True,True,True,True,0.022239986284849442,0.041498176796136266,0.0637381630809857,0.041498176796136266,5.03117365221329
826,2026-05-15T02:55:21.801Z,2026-05-15 02:55:21.801000+00:00,24,7,4.566317558288574,5.938283920288086,9.36891746520996,4.036321163,284953.994,4749.233233333333,79.15388722222222,69.285,5,58,19.343522548498044,True,1.5777146379278277,0.19802845490612564,8,3.5716724395751958,4.581203460693359,-0.8915732675826645,0.2974542496473211,7.209527969360352,22.974154949188232,8,1.0095310211181636,1.1890275172299856,15.76462697982788,False,True,True,True,True,0.03069908236930286,0.048434391625001225,0.0791334739943041,0.048434391625001225,4.958282888759636
827,2026-05-15T14:04:58.822Z,2026-05-15 14:04:58.822000+00:00,1,0,4.590025901794434,6.806622505187988,8.811262130737305,8.319262504577637,325131.015,5418.85025,90.31417083333334,40177.021,6,59,23.93714714050293,True,1.2945131192484063,0.11210645615236492,10,3.9642372131347656,4.911465644836426,-0.49066579949898154,0.7076796569080348,11.476051926612854,25.19122886657715,10,0.9472284317016602,1.1983454564070164,13.715176939964294,False,True,True,True,True,0.028435395685356427,0.03680999276571342,0.06524538845106985,0.03680999276571342,4.872469580977804
828,2026-05-15T14:06:10.391Z,2026-05-15 14:06:10.391000+00:00,1,1,4.476998329162598,9.500473022460938,9.224074363708496,6.466681480407715,325202.584,5420.043066666666,90.33405111111111,71.569,6,59,25.19122886657715,True,0.9709068529431133,-0.012822433524802059,10,3.9642372131347656,4.911465644836426,-0.49066579949898154,0.7076796569080348,11.476051926612854,25.19122886657715,10,0.9472284317016602,1.1983454564070164,13.715176939964294,False,True,True,True,True,0.03771341633542077,0.03661621436795678,0.07432963070337754,0.03661621436795678,4.74759554617711
829,2026-05-15T14:07:19.320Z,2026-05-15 14:07:19.320000+00:00,1,2,4.751021385192871,3.600916624069214,9.070778846740724,9.918367385864258,325271.513,5421.191883333333,90.35319805555555,68.929,6,59,22.590062856674194,True,2.51901940359016,0.40123151280961766,10,3.9642372131347656,4.911465644836426,-0.49066579949898154,0.7076796569080348,11.476051926612854,25.19122886657715,10,0.9472284317016602,1.1983454564070164,13.715176939964294,False,True,True,True,True,0.015940268280419282,0.04015384509680892,0.05609411337722821,0.04015384509680892,5.161493904400707
830,2026-05-15T14:08:28.549Z,2026-05-15 14:08:28.549000+00:00,1,3,4.450532913208008,4.582649230957031,4.734006881713867,3.9550681114196777,325340.742,5422.345700000001,90.37242833333335,69.229,6,59,13.271724224090576,True,1.0330284172164812,0.014112268538554849,10,3.9642372131347656,4.911465644836426,-0.49066579949898154,0.7076796569080348,11.476051926612854,25.19122886657715,10,0.9472284317016602,1.1983454564070164,13.715176939964294,False,True,True,True,True,0.034529418737007024,0.03566987078529548,0.0701992895223025,0.03566987078529548,4.77452826146407
831,2026-05-15T14:09:37.504Z,2026-05-15 14:09:37.504000+00:00,1,4,4.222823143005371,2.744865894317627,1.998879551887512,6.732306480407715,325409.697,5423.494949999999,90.39158249999998,68.955,6,59,11.476051926612854,True,0.7282248491722518,-0.13773450574502782,10,3.9642372131347656,4.911465644836426,-0.49066579949898154,0.7076796569080348,11.476051926612854,25.19122886657715,10,0.9472284317016602,1.1983454564070164,13.715176939964294,False,True,True,True,True,0.023918207340560296,0.01741783293305017,0.041336040273610465,0.01741783293305017,4.623291172507899
832,2026-05-15T14:10:46.950Z,2026-05-15 14:10:46.950000+00:00,1,5,4.911465644836426,1.6155085563659668,8.241170883178711,5.436645030975342,325479.143,5424.652383333333,90.41087305555556,69.446,6,59,15.29332447052002,True,5.101285815357706,0.7076796569080348,10,3.9642372131347656,4.911465644836426,-0.49066579949898154,0.7076796569080348,11.476051926612854,25.19122886657715,10,0.9472284317016602,1.1983454564070164,13.715176939964294,False,True,True,True,True,0.010563488399661442,0.05388737353388858,0.06445086193355003,0.05388737353388858,5.467846981086339
833,2026-05-15T14:11:56.388Z,2026-05-15 14:11:56.388000+00:00,1,6,4.478652000427246,6.439124584197998,7.306734561920166,3.8204150199890137,325548.581,5425.809683333334,90.43016138888889,69.438,6,59,17.566274166107178,True,1.1347403620441412,0.05489650273559882,10,3.9642372131347656,4.911465644836426,-0.49066579949898154,0.7076796569080348,11.476051926612854,25.19122886657715,10,0.9472284317016602,1.1983454564070164,13.715176939964294,False,True,True,True,True,0.0366561771910734,0.04159524377695282,0.07825142096802622,0.04159524377695282,4.815237566645798
834,2026-05-15T14:13:05.689Z,2026-05-15 14:13:05.689000+00:00,1,7,4.487473487854004,6.1704301834106445,7.531016826629639,6.758983612060547,325617.882,5426.9646999999995,90.44941166666666,69.301,6,59,20.46043062210083,True,1.2205011000492259,0.08653817518712245,10,3.9642372131347656,4.911465644836426,-0.49066579949898154,0.7076796569080348,11.476051926612854,25.19122886657715,10,0.9472284317016602,1.1983454564070164,13.715176939964294,False,True,True,True,True,0.03015787056185174,0.03680771419588222,0.06696558475773395,0.03680771419588222,4.846910895132029
835,2026-05-15T14:14:15.034Z,2026-05-15 14:14:15.034000+00:00,1,8,3.9642372131347656,8.903451919555664,2.8766870498657227,2.966334819793701,325687.227,5428.12045,90.46867416666667,69.345,6,59,14.746473789215088,True,0.32309794850998497,-0.49066579949898154,10,3.9642372131347656,4.911465644836426,-0.49066579949898154,0.7076796569080348,11.476051926612854,25.19122886657715,10,0.9472284317016602,1.1983454564070164,13.715176939964294,False,True,True,True,True,0.060376819888068776,0.01950762664339188,0.07988444653146065,0.01950762664339188,4.2709112885474205
836,2026-05-15T14:15:24.262Z,2026-05-15 14:15:24.262000+00:00,1,9,4.604912757873535,4.881731033325195,8.808689117,7.916126251220703,325756.455,5429.27425,90.48790416666667,69.228,6,59,21.6065464015459,True,1.8044191818163227,0.25633743520283025,10,3.9642372131347656,4.911465644836426,-0.49066579949898154,0.7076796569080348,11.476051926612854,25.19122886657715,10,0.9472284317016602,1.1983454564070164,13.715176939964294,False,True,True,True,True,0.022593759051543375,0.040768612221941024,0.0633623712734844,0.040768612221941024,5.016624956962611
837,2026-05-15T14:16:33.579Z,2026-05-15 14:16:33.579000+00:00,2,0,4.849714279174805,1.697927713394165,7.753262042999268,4.338599205,325825.772,5430.429533333333,90.50715888888888,69.317,6,60,13.789788961393434,True,4.566308672529093,0.659565265508376,10,4.021027565002441,4.849714279174805,-0.3583078832467211,0.659565265508376,7.940947771072388,19.87007713317871,10,0.8286867141723633,1.0178731487550972,11.929129362106323,False,True,True,True,True,0.012312934724003147,0.05622466061450018,0.06853759533850333,0.05622466061450018,5.419728739493596
838,2026-05-15T14:17:43.312Z,2026-05-15 14:17:43.312000+00:00,2,1,4.266931533813477,7.754995822906494,5.489269733428955,3.471384763717652,325895.505,5431.5917500000005,90.52652916666668,69.733,6,60,16.7156503200531,True,0.7078365815768592,-0.1500669964223934,10,4.021027565002441,4.849714279174805,-0.3583078832467211,0.659565265508376,7.940947771072388,19.87007713317871,10,0.8286867141723633,1.0178731487550972,11.929129362106323,False,True,True,True,True,0.0463936231879841,0.03283910364434758,0.07923272683233168,0.03283910364434758,4.610486733582521
839,2026-05-15T14:18:52.402Z,2026-05-15 14:18:52.402000+00:00,2,2,4.228336334228516,9.879872322,6.483182430267334,2.012573003768921,325964.595,5432.7432499999995,90.54572083333332,69.09,6,60,18.375627756036256,True,0.6562010336743838,-0.1829630898312156,10,4.021027565002441,4.849714279174805,-0.3583078832467211,0.659565265508376,7.940947771072388,19.87007713317871,10,0.8286867141723633,1.0178731487550972,11.929129362106323,False,True,True,True,True,0.05376617579094427,0.035281420130736256,0.08904759592168052,0.035281420130736256,4.5775760645330985
840,2026-05-15T14:20:01.529Z,2026-05-15 14:20:01.529000+00:00,2,3,4.639097213745117,1.3972582817077637,4.041726112365723,5.182224273681641,326033.722,5433.895366666667,90.56492277777778,69.127,6,60,10.621208667755127,True,2.8926120283401184,0.4612901877958765,10,4.021027565002441,4.849714279174805,-0.3583078832467211,0.659565265508376,7.940947771072388,19.87007713317871,10,0.8286867141723633,1.0178731487550972,11.929129362106323,False,True,True,True,True,0.013155360424748012,0.03805335380177567,0.051208714226523684,0.03805335380177567,5.22155688585103
841,2026-05-15T14:21:11.090Z,2026-05-15 14:21:11.090000+00:00,2,4,4.105383873,8.970609664916992,4.394445896148682,4.573795795440674,326103.283,5435.0547166666665,90.58424527777778,69.561,6,60,17.938851356506348,True,0.4898714870333559,-0.3099178379154721,10,4.021027565002441,4.849714279174805,-0.3583078832467211,0.659565265508376,7.940947771072388,19.87007713317871,10,0.8286867141723633,1.0178731487550972,11.929129362106323,False,True,True,True,True,0.05000660012528277,0.024496807564854672,0.07450340769013744,0.024496807564854672,4.451016800961948
842,2026-05-15T14:22:20.335Z,2026-05-15 14:22:20.335000+00:00,2,5,4.1638288497924805,8.866909027,4.892608642578125,4.179888725280762,326172.528,5436.208799999999,90.60347999999999,69.245,6,60,17.939406394858885,True,0.5517828848452134,-0.2582317745573732,10,4.021027565002441,4.849714279174805,-0.3583078832467211,0.659565265508376,7.940947771072388,19.87007713317871,10,0.8286867141723633,1.0178731487550972,11.929129362106323,False,True,True,True,True,0.04942699235322022,0.02727296842988216,0.07669996078310237,0.02727296842988216,4.50254486849161
843,2026-05-15T14:23:29.694Z,2026-05-15 14:23:29.694000+00:00,2,6,4.427376747131348,6.328206062316895,7.796362400054932,5.745508670806885,326241.887,5437.364783333333,90.62274638888888,69.359,6,60,19.87007713317871,True,1.2320019802263695,0.09061140588091807,10,4.021027565002441,4.849714279174805,-0.3583078832467211,0.659565265508376,7.940947771072388,19.87007713317871,10,0.8286867141723633,1.0178731487550972,11.929129362106323,False,True,True,True,True,0.03184791895825188,0.03923669922265526,0.07108461818090714,0.03923669922265526,4.850959601318147
844,2026-05-15T14:24:39.252Z,2026-05-15 14:24:39.252000+00:00,2,7,4.029297828674316,4.422439098358154,2.106147289276123,8.315520286560059,326311.445,5438.524083333334,90.64206805555555,69.558,6,60,14.844106674194336,True,0.47624110641976675,-0.32217312148720934,10,4.021027565002441,4.849714279174805,-0.3583078832467211,0.659565265508376,7.940947771072388,19.87007713317871,10,0.8286867141723633,1.0178731487550972,11.929129362106323,False,True,True,True,True,0.029792558052997034,0.014188440810234439,0.04398099886323147,0.014188440810234439,4.439468394180535
845,2026-05-15T14:25:48.843Z,2026-05-15 14:25:48.843000+00:00,2,8,4.021027565002441,6.0789289474487305,2.663907766342163,2.7577035427093506,326381.036,5439.683933333334,90.6613988888889,69.591,6,60,11.500540256500244,True,0.43821992153077893,-0.3583078832467211,10,4.021027565002441,4.849714279174805,-0.3583078832467211,0.659565265508376,7.940947771072388,19.87007713317871,10,0.8286867141723633,1.0178731487550972,11.929129362106323,False,True,True,True,True,0.05285776852102967,0.0231633271735777,0.07602109569460737,0.0231633271735777,4.402758318621281
846,2026-05-15T14:26:58.153Z,2026-05-15 14:26:58.153000+00:00,2,9,4.488024711608887,2.539710283279419,3.972880363464356,1.4283571243286133,326450.346,5440.8391,90.68065166666666,69.31,6,60,7.940947771072388,True,1.564304554586575,0.19432130978525897,10,4.021027565002441,4.849714279174805,-0.3583078832467211,0.659565265508376,7.940947771072388,19.87007713317871,10,0.8286867141723633,1.0178731487550972,11.929129362106323,False,True,True,True,True,0.03198245796970458,0.05003030466888258,0.08201276263858716,0.05003030466888258,4.954568450311288
847,2026-05-15T14:28:07.559Z,2026-05-15 14:28:07.559000+00:00,3,0,4.270791053771973,5.42670488357544,4.308531284332275,8.620052337646484,326519.752,5441.995866666666,90.6999311111111,69.406,6,61,18.3552885055542,True,0.7939498050414628,-0.10020695359632475,10,3.836322784423828,4.822146415710449,-0.5594833535813794,0.5683367331237925,7.578941106796265,21.296160221099854,10,0.9858236312866211,1.1278200867051718,13.717219114303589,False,True,True,True,True,0.02956480298271178,0.023472969564213277,0.05303777254692506,0.023472969564213277,4.660518254635805
848,2026-05-15T14:29:17.166Z,2026-05-15 14:29:17.166000+00:00,3,1,4.531031608581543,1.1787769794464111,3.0548226833343506,8.403562545776367,326589.359,5443.155983333333,90.71926638888888,69.607,6,61,12.637162208557129,True,2.5915187831111077,0.4135543609169912,10,3.836322784423828,4.822146415710449,-0.5594833535813794,0.5683367331237925,7.578941106796265,21.296160221099854,10,0.9858236312866211,1.1278200867051718,13.717219114303589,False,True,True,True,True,0.009327861429587523,0.024173328101033693,0.033501189530621214,0.024173328101033693,5.173986613809906
849,2026-05-15T14:30:26.351Z,2026-05-15 14:30:26.351000+00:00,3,2,4.284023284912109,1.6203303337097168,1.8328001499176023,4.125810623168945,326658.544,5444.309066666667,90.73848444444444,69.185,6,61,7.578941106796265,True,1.1311274693731368,0.053511549333914214,10,3.836322784423828,4.822146415710449,-0.5594833535813794,0.5683367331237925,7.578941106796265,21.296160221099854,10,0.9858236312866211,1.1278200867051718,13.717219114303589,False,True,True,True,True,0.021379376233135232,0.024182799735362442,0.045562175968497674,0.024182799735362442,4.814098747200756
850,2026-05-15T14:31:35.571Z,2026-05-15 14:31:35.571000+00:00,3,3,4.803400993347168,2.819386959075928,9.624616622924805,3.661492109298706,326727.764,5445.462733333334,90.75771222222222,69.22,6,61,16.10549569129944,True,3.413726729472897,0.533228752680281,10,3.836322784423828,4.822146415710449,-0.5594833535813794,0.5683367331237925,7.578941106796265,21.296160221099854,10,0.9858236312866211,1.1278200867051718,13.717219114303589,False,True,True,True,True,0.017505744704269032,0.0597598286162918,0.07726557332056083,0.0597598286162918,5.293391933067432
851,2026-05-15T14:32:44.884Z,2026-05-15 14:32:44.884000+00:00,3,4,4.342467308044434,5.831935882568359,5.649240970611572,8.664951324,326797.077,5446.61795,90.77696583333334,69.313,6,61,20.146128177179932,True,0.9686733675342931,-0.013822640483982641,10,3.836322784423828,4.822146415710449,-0.5594833535813794,0.5683367331237925,7.578941106796265,21.296160221099854,10,0.9858236312866211,1.1278200867051718,13.717219114303589,False,True,True,True,True,0.028948172230802902,0.02804132347877455,0.056989495709577453,0.02804132347877455,4.7467236429244855
852,2026-05-15T14:33:54.158Z,2026-05-15 14:33:54.158000+00:00,3,5,4.501809120178223,7.247759819030762,9.566330909729004,4.482069492340088,326866.351,5447.772516666667,90.79620861111111,69.274,6,61,21.296160221099854,True,1.3199017556583854,0.12054160653666877,10,3.836322784423828,4.822146415710449,-0.5594833535813794,0.5683367331237925,7.578941106796265,21.296160221099854,10,0.9858236312866211,1.1278200867051718,13.717219114303589,False,True,True,True,True,0.03403317660922654,0.04492044955715,0.07895362616637655,0.04492044955715,4.880836691588673
853,2026-05-15T14:35:03.595Z,2026-05-15 14:35:03.595000+00:00,3,6,4.822146415710449,2.148528814315796,7.952028274536133,7.444545745849609,326935.788,5448.9298,90.81549666666666,69.437,6,61,17.545102834701538,True,3.7011503972165603,0.5683367331237925,10,3.836322784423828,4.822146415710449,-0.5594833535813794,0.5683367331237925,7.578941106796265,21.296160221099854,10,0.9858236312866211,1.1278200867051718,13.717219114303589,False,True,True,True,True,0.012245746488680213,0.045323349480792065,0.05756909596947228,0.045323349480792065,5.328548078560655
854,2026-05-15T14:36:12.734Z,2026-05-15 14:36:12.734000+00:00,3,7,3.836322784423828,5.442472935,1.5007658004760742,4.294166564941406,327004.927,5450.082116666667,90.83470194444446,69.139,6,61,11.23740530041748,True,0.2757507145005351,-0.5594833535813794,10,3.836322784423828,4.822146415710449,-0.5594833535813794,0.5683367331237925,7.578941106796265,21.296160221099854,10,0.9858236312866211,1.1278200867051718,13.717219114303589,False,True,True,True,True,0.04843175795036784,0.013355091859330903,0.06178684980969874,0.013355091859330903,4.203111155537328
855,2026-05-15T14:37:22.132Z,2026-05-15 14:37:22.132000+00:00,3,8,4.360661506652832,8.813997268676758,8.920549392700195,1.3766767978668213,327074.325,5451.23875,90.85397916666668,69.398,6,61,19.111223459243774,True,1.0120889672160556,0.005218690638885955,10,3.836322784423828,4.822146415710449,-0.5594833535813794,0.5683367331237925,7.578941106796265,21.296160221099854,10,0.9858236312866211,1.1278200867051718,13.717219114303589,False,True,True,True,True,0.04611948202831346,0.04667701893457521,0.09279650096288866,0.04667701893457521,4.7655398900248125
856,2026-05-15T14:38:31.723Z,2026-05-15 14:38:31.723000+00:00,3,9,4.033156394958496,5.447958946228027,2.7178542613983154,8.453203201293945,327143.916,5452.3986,90.87331,69.591,6,61,16.619016408920288,True,0.4988756868808751,-0.30200766124576867,10,3.836322784423828,4.822146415710449,-0.5594833535813794,0.5683367331237925,7.578941106796265,21.296160221099854,10,0.9858236312866211,1.1278200867051718,13.717219114303589,False,True,True,True,True,0.03278147642542687,0.016353881568704043,0.049135357994130914,0.016353881568704043,4.459373744024619
857,2026-05-15T14:39:40.775Z,2026-05-15 14:39:40.775000+00:00,4,0,4.193600654602051,4.766426086425781,3.229653596878052,2.807291269302368,327212.968,5453.549466666666,90.89249111111111,69.052,6,62,10.803370952606201,True,0.6775839042329271,-0.16903691906732468,10,4.040876388549805,4.731724739074707,-0.27212992873056413,0.4745188708160262,6.3336015939712516,19.393730640411377,10,0.6908483505249023,0.7466487995465902,13.060129046440125,False,True,True,True,True,0.044119803969851934,0.029894869027883676,0.0740146729977356,0.029894869027883676,4.591587129294846
858,2026-05-15T14:40:50.192Z,2026-05-15 14:40:50.192000+00:00,4,1,4.199114799499512,3.176997661590576,2.4815304279327397,4.197095871,327282.385,5454.706416666667,90.91177361111112,69.417,6,62,9.855623960523316,True,0.7810929349851494,-0.10729729038642326,10,4.040876388549805,4.731724739074707,-0.27212992873056413,0.4745188708160262,6.3336015939712516,19.393730640411377,10,0.6908483505249023,0.7466487995465902,13.060129046440125,False,True,True,True,True,0.032235378240038734,0.025178826199868276,0.05741420443990701,0.025178826199868276,4.653385047864995
859,2026-05-15T14:41:59.381Z,2026-05-15 14:41:59.381000+00:00,4,2,4.731724739074707,3.037663698196411,8.903866768,1.8860962390899656,327351.574,5455.859566666667,90.93099277777779,69.189,6,62,13.827626705286377,True,2.9311561952320795,0.46703896170693554,10,4.040876388549805,4.731724739074707,-0.27212992873056413,0.4745188708160262,6.3336015939712516,19.393730640411377,10,0.6908483505249023,0.7466487995465902,13.060129046440125,False,True,True,True,True,0.021968077117927226,0.06439186534154848,0.0863599424594757,0.06439186534154848,5.227196067525318
860,2026-05-15T14:43:08.713Z,2026-05-15 14:43:08.713000+00:00,4,3,4.511734008789063,7.126208782196045,9.004087448120117,2.50119423866272,327420.906,5457.0151000000005,90.95025166666667,69.332,6,62,18.631490468978882,True,1.2635172113699111,0.10158116216576187,10,4.040876388549805,4.731724739074707,-0.27212992873056413,0.4745188708160262,6.3336015939712516,19.393730640411377,10,0.6908483505249023,0.7466487995465902,13.060129046440125,False,True,True,True,True,0.038248194872337576,0.04832725252502891,0.08657544739736649,0.04832725252502891,4.86186075052554
861,2026-05-15T14:44:18.037Z,2026-05-15 14:44:18.037000+00:00,4,4,4.242671966552734,6.856061935424805,5.080866813659668,3.7324275970458975,327490.23,5458.170499999999,90.96950833333332,69.324,6,62,15.669356346130371,True,0.7410765628307958,-0.13013692144408084,10,4.040876388549805,4.731724739074707,-0.27212992873056413,0.4745188708160262,6.3336015939712516,19.393730640411377,10,0.6908483505249023,0.7466487995465902,13.060129046440125,False,True,True,True,True,0.043754585599924435,0.03242549790447784,0.07618008350440228,0.03242549790447784,4.630409160599962
862,2026-05-15T14:45:27.537Z,2026-05-15 14:45:27.537000+00:00,4,5,4.374997138977051,3.283672332763672,3.9763143062591553,6.311349868774414,327559.73,5459.328833333333,90.98881388888888,69.5,6,62,13.571336507797241,True,1.2109351674905175,0.08312089198298749,10,4.040876388549805,4.731724739074707,-0.27212992873056413,0.4745188708160262,6.3336015939712516,19.393730640411377,10,0.6908483505249023,0.7466487995465902,13.060129046440125,False,True,True,True,True,0.02419564448112446,0.02929935680229146,0.053495001283415916,0.02929935680229146,4.843590683366166
863,2026-05-15T14:46:36.715Z,2026-05-15 14:46:36.715000+00:00,4,6,4.644610404968262,1.2884308099746704,3.8422000408172607,4.389239311218262,327628.908,5460.4818,91.00802999999999,69.178,6,62,9.519870162010193,True,2.9820771213106863,0.4745188708160262,10,4.040876388549805,4.731724739074707,-0.27212992873056413,0.4745188708160262,6.3336015939712516,19.393730640411377,10,0.6908483505249023,0.7466487995465902,13.060129046440125,False,True,True,True,True,0.013534121663930431,0.040359794571042246,0.05389391623497268,0.040359794571042246,5.234768393849748
864,2026-05-15T14:47:46.364Z,2026-05-15 14:47:46.364000+00:00,4,7,4.7251081466674805,2.728194475,7.657481670379639,7.325005054473877,327698.557,5461.642616666666,91.02737694444444,69.649,6,62,17.710681199853518,True,2.806794655054654,0.44821064083580026,10,4.040876388549805,4.731724739074707,-0.27212992873056413,0.4745188708160262,6.3336015939712516,19.393730640411377,10,0.6908483505249023,0.7466487995465902,13.060129046440125,False,True,True,True,True,0.015404232305997157,0.04323651690169304,0.0586407492076902,0.04323651690169304,5.208447226424125
865,2026-05-15T14:48:55.539Z,2026-05-15 14:48:55.539000+00:00,4,8,4.269688606262207,7.048504829406738,5.8176984786987305,6.527527332305908,327767.732,5462.795533333334,91.04659222222223,69.175,6,62,19.393730640411377,True,0.8253805054409528,-0.08334579288458266,10,4.040876388549805,4.731724739074707,-0.27212992873056413,0.4745188708160262,6.3336015939712516,19.393730640411377,10,0.6908483505249023,0.7466487995465902,13.060129046440125,False,True,True,True,True,0.036344244230759444,0.029997830673053665,0.06634207490381311,0.029997830673053665,4.677209851282691
866,2026-05-15T14:50:04.940Z,2026-05-15 14:50:04.940000+00:00,4,9,4.040876388549805,2.627399682998657,1.404094099998474,2.302107810974121,327837.133,5463.952216666667,91.06587027777778,69.401,6,62,6.3336015939712516,True,0.5344044566512158,-0.27212992873056413,10,4.040876388549805,4.731724739074707,-0.27212992873056413,0.4745188708160262,6.3336015939712516,19.393730640411377,10,0.6908483505249023,0.7466487995465902,13.060129046440125,False,True,True,True,True,0.041483501038328534,0.02216896783237811,0.06365246887070664,0.02216896783237811,4.488845019954363
867,2026-05-15T14:51:14.274Z,2026-05-15 14:51:14.274000+00:00,5,0,4.1417741775512695,4.202544689178467,2.8861937522888184,7.846616744995117,327906.467,5465.107783333334,91.08512972222223,69.334,6,63,14.935355186462402,True,0.6867728877983746,-0.16318685811213102,10,4.006140709,4.8668060302734375,-0.3654539556299806,0.6601143032848206,5.761536002159119,20.262460947036743,10,0.8606653212734372,1.0255682589148012,14.500924944877625,False,True,True,True,True,0.028138230639387186,0.019324573913748644,0.047462804553135826,0.019324573913748644,4.597770039478445
868,2026-05-15T14:52:23.531Z,2026-05-15 14:52:23.531000+00:00,5,1,4.682102203369141,1.828486084938049,5.523552894592285,7.372217178344727,327975.724,5466.262066666666,91.10436777777777,69.257,6,63,14.724256157875061,True,3.0208339784983536,0.4801268576124619,10,4.006140709,4.8668060302734375,-0.3654539556299806,0.6601143032848206,5.761536002159119,20.262460947036743,10,0.8606653212734372,1.0255682589148012,14.500924944877625,False,True,True,True,True,0.012418189858508465,0.037513289876026035,0.049931479734534504,0.037513289876026035,5.240394439472596
869,2026-05-15T14:53:32.711Z,2026-05-15 14:53:32.711000+00:00,5,2,4.6920270919799805,3.446929931640625,7.842312812805176,8.573019027709961,328044.904,5467.4150666666665,91.12358444444445,69.18,6,63,19.86226177215576,True,2.275158755278931,0.35701170610789706,10,4.006140709,4.8668060302734375,-0.3654539556299806,0.6601143032848206,5.761536002159119,20.262460947036743,10,0.8606653212734372,1.0255682589148012,14.500924944877625,False,True,True,True,True,0.01735416626354588,0.03948348331507267,0.056837649578618546,0.03948348331507267,5.117286661692677
870,2026-05-15T14:54:42.248Z,2026-05-15 14:54:42.248000+00:00,5,3,4.62035083770752,3.567058563232422,7.129104137420654,4.280459403991699,328114.441,5468.5740166666665,91.14290027777777,69.537,6,63,14.976622104644775,True,1.9985946434701518,0.3007247191028037,10,4.006140709,4.8668060302734375,-0.3654539556299806,0.6601143032848206,5.761536002159119,20.262460947036743,10,0.8606653212734372,1.0255682589148012,14.500924944877625,False,True,True,True,True,0.023817510639639845,0.04760154918517754,0.07141905982481739,0.04760154918517754,5.060962458488607
871,2026-05-15T14:55:51.523Z,2026-05-15 14:55:51.523000+00:00,5,4,4.006140709,3.8521130084991455,1.8646669387817385,8.916324615478516,328183.716,5469.7286,91.16214333333333,69.275,6,63,14.6331045627594,True,0.48406340485536464,-0.31509774873717616,10,4.006140709,4.8668060302734375,-0.3654539556299806,0.6601143032848206,5.761536002159119,20.262460947036743,10,0.8606653212734372,1.0255682589148012,14.500924944877625,False,True,True,True,True,0.026324646229226038,0.01274279788533209,0.03906744411455813,0.01274279788533209,4.446709199841267
872,2026-05-15T14:57:00.782Z,2026-05-15 14:57:00.782000+00:00,5,5,4.410284042358398,1.7270288467407229,2.7997612953186035,1.2347458600997925,328252.975,5470.8829166666665,91.18138194444444,69.259,6,63,5.761536002159119,True,1.6211433298305113,0.2098214137397367,10,4.006140709,4.8668060302734375,-0.3654539556299806,0.6601143032848206,5.761536002159119,20.262460947036743,10,0.8606653212734372,1.0255682589148012,14.500924944877625,False,True,True,True,True,0.02997514631677254,0.04859400851212942,0.07856915482890196,0.04859400851212942,4.970072377980584
873,2026-05-15T14:58:10.081Z,2026-05-15 14:58:10.081000+00:00,5,6,4.8668060302734375,1.983072519302368,9.066776275634766,6.500990867614746,328322.274,5472.037899999999,91.20063166666665,69.299,6,63,17.55083966255188,True,4.572085078776846,0.6601143032848206,10,4.006140709,4.8668060302734375,-0.3654539556299806,0.6601143032848206,5.761536002159119,20.262460947036743,10,0.8606653212734372,1.0255682589148012,14.500924944877625,False,True,True,True,True,0.011299017924103299,0.05166007125562483,0.06295908917972813,0.05166007125562483,5.420292176853769
874,2026-05-15T14:59:19.610Z,2026-05-15 14:59:19.610000+00:00,5,7,4.865702629089356,1.959554433822632,8.051691055297852,1.059751272201538,328391.803,5473.196716666667,91.21994527777778,69.529,6,63,11.070996761322021,True,4.108939724420355,0.6137297704797747,10,4.006140709,4.8668060302734375,-0.3654539556299806,0.6601143032848206,5.761536002159119,20.262460947036743,10,0.8606653212734372,1.0255682589148012,14.500924944877625,False,True,True,True,True,0.017699891672523945,0.07272778801117068,0.09042767968369463,0.07272778801117068,5.373858699962053
875,2026-05-15T15:00:29.014Z,2026-05-15 15:00:29.014000+00:00,5,8,4.027643203735352,9.566641807556152,4.123875617980957,2.0721607208251958,328461.207,5474.35345,91.23922416666666,69.404,6,63,15.762678146362305,True,0.43106825790464315,-0.3654539556299806,10,4.006140709,4.8668060302734375,-0.3654539556299806,0.6601143032848206,5.761536002159119,20.262460947036743,10,0.8606653212734372,1.0255682589148012,14.500924944877625,False,True,True,True,True,0.0606917283898481,0.02616227762623359,0.08685400601608169,0.02616227762623359,4.3955012008749845
876,2026-05-15T15:01:38.148Z,2026-05-15 15:01:38.148000+00:00,5,9,4.212347984313965,9.634102821350098,6.711663722991943,3.916694402694702,328530.341,5475.505683333334,91.25842805555557,69.134,6,63,20.262460947036743,True,0.6966568498852069,-0.1569810883273492,10,4.006140709,4.8668060302734375,-0.3654539556299806,0.6601143032848206,5.761536002159119,20.262460947036743,10,0.8606653212734372,1.0255682589148012,14.500924944877625,False,True,True,True,True,0.04754655836984611,0.03312363557682011,0.08067019394666622,0.03312363557682011,4.603573040573451
877,2026-05-15T15:02:47.563Z,2026-05-15 15:02:47.563000+00:00,6,0,4.104281425476074,9.443244934082031,4.972620010375977,7.503407955169678,328599.756,5476.6626,91.27771,69.415,6,64,21.919272899627686,True,0.5265795862637296,-0.27853598105383864,10,3.692420006,4.855227470397949,-0.7007281111424996,0.7643070587275492,9.495352506637573,22.945446968078613,10,1.1628074643979494,1.4650351698700488,13.45009446144104,False,True,True,True,True,0.04308192601700046,0.02268606277747671,0.06576798879447718,0.02268606277747671,4.482425997869296
878,2026-05-15T15:03:56.809Z,2026-05-15 15:03:56.809000+00:00,6,1,4.789065361022949,2.675597906112671,8.973150253295898,1.6796602010726929,328669.002,5477.816699999999,91.296945,69.246,6,64,13.328408360481262,True,3.3536990863970404,0.5255240925634366,10,3.692420006,4.855227470397949,-0.7007281111424996,0.7643070587275492,9.495352506637573,22.945446968078613,10,1.1628074643979494,1.4650351698700488,13.45009446144104,False,True,True,True,True,0.020074399236189523,0.06732349437837824,0.08739789361456776,0.06732349437837824,5.2856695370896825
879,2026-05-15T15:05:06.042Z,2026-05-15 15:05:06.042000+00:00,6,2,4.019924163818359,5.703552722930908,2.783604383468628,7.33898115158081,328738.235,5478.970583333333,91.31617638888888,69.233,6,64,15.826138257980347,True,0.4880474536997364,-0.3115379487391124,10,3.692420006,4.855227470397949,-0.7007281111424996,0.7643070587275492,9.495352506637573,22.945446968078613,10,1.1628074643979494,1.4650351698700488,13.45009446144104,False,True,True,True,True,0.03603881521795051,0.017588652001476055,0.05362746721942656,0.017588652001476055,4.449765750382462
880,2026-05-15T15:06:15.470Z,2026-05-15 15:06:15.470000+00:00,6,3,4.855227470397949,1.233954906463623,7.1714396476745605,2.496415138244629,328807.663,5480.127716666667,91.33546194444445,69.428,6,64,10.901809692382812,True,5.811751799121335,0.7643070587275492,10,3.692420006,4.855227470397949,-0.7007281111424996,0.7643070587275492,9.495352506637573,22.945446968078613,10,1.1628074643979494,1.4650351698700488,13.45009446144104,False,True,True,True,True,0.011318807989519373,0.06578210269699816,0.07710091068651753,0.06578210269699816,5.524441364939839
881,2026-05-15T15:07:24.708Z,2026-05-15 15:07:24.708000+00:00,6,4,4.227785110473633,2.492751121520996,2.291223764419556,4.7113776206970215,328876.901,5481.281683333334,91.35469472222222,69.238,6,64,9.495352506637573,True,0.9191546418888081,-0.036611415198183186,10,3.692420006,4.855227470397949,-0.7007281111424996,0.7643070587275492,9.495352506637573,22.945446968078613,10,1.1628074643979494,1.4650351698700488,13.45009446144104,False,True,True,True,True,0.0262523283867395,0.02412994949706094,0.05038227788380044,0.02412994949706094,4.724040620633543
882,2026-05-15T15:08:33.800Z,2026-05-15 15:08:33.800000+00:00,6,5,4.440608024597168,8.555809020996094,9.883586883544922,4.506051063537598,328945.993,5482.433216666667,91.37388694444445,69.092,6,64,22.945446968078613,True,1.155190217463999,0.06265350249063222,10,3.692420006,4.855227470397949,-0.7007281111424996,0.7643070587275492,9.495352506637573,22.945446968078613,10,1.1628074643979494,1.4650351698700488,13.45009446144104,False,True,True,True,True,0.03728761105808406,0.04307428352690114,0.08036189458498519,0.04307428352690114,4.822980131755352
883,2026-05-15T15:09:42.976Z,2026-05-15 15:09:42.976000+00:00,6,6,3.692420006,8.345844268798828,1.6624253988265991,9.080878257751465,329015.169,5483.58615,91.3931025,69.176,6,64,19.089147925376892,True,0.19919199847061883,-0.7007281111424996,10,3.692420006,4.855227470397949,-0.7007281111424996,0.7643070587275492,9.495352506637573,22.945446968078613,10,1.1628074643979494,1.4650351698700488,13.45009446144104,False,True,True,True,True,0.04372036039232511,0.008708745960402926,0.05242910635272804,0.008708745960402926,4.0644075480476305
884,2026-05-15T15:10:52.264Z,2026-05-15 15:10:52.264000+00:00,6,7,4.765908241271973,2.273276805877685,7.868211269378662,1.2191734313964844,329084.457,5484.74095,91.41234916666667,69.288,6,64,11.360661506652832,True,3.4611760648922996,0.5392236917721237,10,3.692420006,4.855227470397949,-0.7007281111424996,0.7643070587275492,9.495352506637573,22.945446968078613,10,1.1628074643979494,1.4650351698700488,13.45009446144104,False,True,True,True,True,0.020010074277333662,0.06925839014542434,0.089268464422758,0.06925839014542434,5.299364058834422
885,2026-05-15T15:12:01.534Z,2026-05-15 15:12:01.534000+00:00,6,8,4.597744941711426,4.222699165344238,8.329392433166504,8.691819190979004,329153.727,5485.89545,91.43159083333333,69.27,6,64,21.243910789489746,True,1.9725280222484152,0.29502318162615365,10,3.692420006,4.855227470397949,-0.7007281111424996,0.7643070587275492,9.495352506637573,22.945446968078613,10,1.1628074643979494,1.4650351698700488,13.45009446144104,False,True,True,True,True,0.01987722132326683,0.03920837606457755,0.05908559738784438,0.03920837606457755,5.055313056161458
886,2026-05-15T15:13:10.841Z,2026-05-15 15:13:10.841000+00:00,6,9,3.99621582,8.944395065307617,3.675065755844116,7.164209842681885,329223.034,5487.050566666667,91.45084277777778,69.307,6,64,19.783670663833618,True,0.4108791851221436,-0.3862858592627468,10,3.692420006,4.855227470397949,-0.7007281111424996,0.7643070587275492,9.495352506637573,22.945446968078613,10,1.1628074643979494,1.4650351698700488,13.45009446144104,False,True,True,True,True,0.04521099859218138,0.018576258260113866,0.06378725685229525,0.018576258260113866,4.375103838620849
887,2026-05-15T15:14:20.080Z,2026-05-15 15:14:20.080000+00:00,7,0,4.295050621032715,5.397990703582764,4.966917991638184,9.655948638916016,329292.273,5488.2045499999995,91.47007583333333,69.239,6,65,20.020857334136963,True,0.9201420054950321,-0.03614514282432222,10,3.863339424133301,4.903746604919434,-0.5268850535200241,0.7671860029358603,8.810449242591858,25.50064277648096,10,1.0404071807861328,1.2940710564558844,16.6901935338891,False,True,True,True,True,0.0269618359168806,0.024808717772386506,0.051770553689267106,0.024808717772386506,4.724488726009514
888,2026-05-15T15:15:29.510Z,2026-05-15 15:15:29.510000+00:00,7,1,4.157212257385254,6.449989795684815,3.967228651046753,2.641309261322021,329361.703,5489.361716666666,91.48936194444444,69.43,6,65,13.058527708053589,True,0.6150751825531439,-0.21107179581426566,10,3.863339424133301,4.903746604919434,-0.5268850535200241,0.7671860029358603,8.810449242591858,25.50064277648096,10,1.0404071807861328,1.2940710564558844,16.6901935338891,False,True,True,True,True,0.04939293264819519,0.030380367065423793,0.07977329971361899,0.030380367065423793,4.549579415051543
889,2026-05-15T15:16:38.934Z,2026-05-15 15:16:38.934000+00:00,7,2,4.377754211425781,8.466106414794922,8.469292640686035,8.565243721,329431.127,5490.518783333333,91.50864638888888,69.424,6,65,25.50064277648096,True,1.0003763507963408,0.00016341632510715124,10,3.863339424133301,4.903746604919434,-0.5268850535200241,0.7671860029358603,8.810449242591858,25.50064277648096,10,1.0404071807861328,1.2940710564558844,16.6901935338891,False,True,True,True,True,0.033199580453725445,0.033212075142267386,0.06641165559599282,0.033212075142267386,4.760617324849605
890,2026-05-15T15:17:48.577Z,2026-05-15 15:17:48.577000+00:00,7,3,4.403116226196289,1.1225610971450806,2.146693229675293,5.541194915771484,329500.77,5491.6795,91.52799166666667,69.643,6,65,8.810449242591858,True,1.9123174989181484,0.2815599991225434,10,3.863339424133301,4.903746604919434,-0.5268850535200241,0.7671860029358603,8.810449242591858,25.50064277648096,10,1.0404071807861328,1.2940710564558844,16.6901935338891,False,True,True,True,True,0.012741246969772515,0.024365309538333813,0.03710655650810633,0.024365309538333813,5.042031237942752
891,2026-05-15T15:18:57.867Z,2026-05-15 15:18:57.867000+00:00,7,4,4.644610404968262,3.470476627349853,7.575432300567627,6.023900032043457,329570.06,5492.834333333333,91.54723888888888,69.29,6,65,17.069808959960938,True,2.1828218754933455,0.3390182974834942,10,3.863339424133301,4.903746604919434,-0.5268850535200241,0.7671860029358603,8.810449242591858,25.50064277648096,10,1.0404071807861328,1.2940710564558844,16.6901935338891,False,True,True,True,True,0.020331080655268185,0.044379127606738976,0.06471020826200716,0.044379127606738976,5.099266123471891
892,2026-05-15T15:20:07.139Z,2026-05-15 15:20:07.139000+00:00,7,5,4.903746604919434,1.3741346597671509,8.039245605,5.798343658447266,329639.332,5493.988866666667,91.56648111111112,69.272,6,65,15.211723923214416,True,5.850405961204895,0.7671860029358603,10,3.863339424133301,4.903746604919434,-0.5268850535200241,0.7671860029358603,8.810449242591858,25.50064277648096,10,1.0404071807861328,1.2940710564558844,16.6901935338891,False,True,True,True,True,0.009033392051443306,0.05284901070766484,0.06188240275910814,0.05284901070766484,5.527353000506624
893,2026-05-15T15:21:16.880Z,2026-05-15 15:21:16.880000+00:00,7,6,4.27023983,9.151499748,6.831424713134766,3.245405435562134,329709.073,5495.151216666666,91.5858536111111,69.741,6,65,19.2283298966969,True,0.7464814403374407,-0.12698098560705554,10,3.863339424133301,4.903746604919434,-0.5268850535200241,0.7671860029358603,8.810449242591858,25.50064277648096,10,1.0404071807861328,1.2940710564558844,16.6901935338891,False,True,True,True,True,0.04759383574738893,0.03552791505989446,0.08312175080728339,0.03552791505989446,4.633515399962855
894,2026-05-15T15:22:26.319Z,2026-05-15 15:22:26.319000+00:00,7,7,4.123027801513672,9.831826210021973,5.592966079711914,5.723219394683838,329778.512,5496.308533333333,91.60514222222221,69.439,6,65,21.148011684417725,True,0.568863399356142,-0.2449920078195147,10,3.863339424133301,4.903746604919434,-0.5268850535200241,0.7671860029358603,8.810449242591858,25.50064277648096,10,1.0404071807861328,1.2940710564558844,16.6901935338891,False,True,True,True,True,0.04649054651916169,0.02644677033081518,0.07293731684997687,0.02644677033081518,4.515793391099266
895,2026-05-15T15:23:35.703Z,2026-05-15 15:23:35.703000+00:00,7,8,3.863339424133301,8.514848709106445,2.530998468399048,6.905486583709717,329847.896,5497.464933333334,91.62441555555556,69.384,6,65,17.95133376121521,True,0.29724526587209943,-0.5268850535200241,10,3.863339424133301,4.903746604919434,-0.5268850535200241,0.7671860029358603,8.810449242591858,25.50064277648096,10,1.0404071807861328,1.2940710564558844,16.6901935338891,False,True,True,True,True,0.04743295858886663,0.014099222386847942,0.06153218097571458,0.014099222386847942,4.235435260635423
896,2026-05-15T15:24:45.024Z,2026-05-15 15:24:45.024000+00:00,7,9,4.318758964538574,8.885738372802734,8.401227951049805,4.075616836547852,329917.217,5498.620283333334,91.64367138888889,69.321,6,65,21.36258316040039,True,0.945473251470479,-0.02435075333728513,10,3.863339424133301,4.903746604919434,-0.5268850535200241,0.7671860029358603,8.810449242591858,25.50064277648096,10,1.0404071807861328,1.2940710564558844,16.6901935338891,False,True,True,True,True,0.04159486849546426,0.039326835560893586,0.08092170405635785,0.039326835560893586,4.736043756463407
897,2026-05-15T15:25:54.435Z,2026-05-15 15:25:54.435000+00:00,8,0,4.335851669311523,9.322631836,8.670869827270508,6.293560028076172,329986.628,5499.777133333334,91.66295222222223,69.411,6,66,24.28706169134668,True,0.9300881961022351,-0.03147586729078121,10,3.8660964965820312,4.676036834716797,-0.5363187892573679,0.3812728041101005,9.38669204711914,24.28706169134668,10,0.8099403381347656,0.9175915933674683,14.900369644227538,False,True,True,True,True,0.038385177896268906,0.03570160086660414,0.07408677876287305,0.03570160086660414,4.728962351557077
898,2026-05-15T15:27:04.058Z,2026-05-15 15:27:04.058000+00:00,8,1,4.160520553588867,6.780945777893066,4.1375226974487305,1.8140027523040767,330056.251,5500.937516666667,91.68229194444444,69.623,6,66,12.732471227645874,True,0.6101689694876629,-0.21454988244082182,10,3.8660964965820312,4.676036834716797,-0.5363187892573679,0.3812728041101005,9.38669204711914,24.28706169134668,10,0.8099403381347656,0.9175915933674683,14.900369644227538,False,True,True,True,True,0.05325710662647856,0.032495833868173,0.08575294049465157,0.032495833868173,4.546062029164282
899,2026-05-15T15:28:13.701Z,2026-05-15 15:28:13.701000+00:00,8,2,4.161623001098633,7.223861217498779,4.599279403686523,5.634607791900635,330125.894,5502.098233333333,91.70163722222222,69.643,6,66,17.457748413085938,True,0.6366788155544048,-0.19607960033387262,10,3.8660964965820312,4.676036834716797,-0.5363187892573679,0.3812728041101005,9.38669204711914,24.28706169134668,10,0.8099403381347656,0.9175915933674683,14.900369644227538,False,True,True,True,True,0.0413791117076927,0.026345203830747194,0.0677243155384399,0.026345203830747194,4.56465542692615
900,2026-05-15T15:29:22.975Z,2026-05-15 15:29:22.975000+00:00,8,3,4.035914421081543,9.368185997009276,4.217327117919922,7.683747768,330195.168,5503.2528,91.72088000000001,69.274,6,66,21.269260882929196,True,0.4501754255590434,-0.3466182162111043,10,3.8660964965820312,4.676036834716797,-0.5363187892573679,0.3812728041101005,9.38669204711914,24.28706169134668,10,0.8099403381347656,0.9175915933674683,14.900369644227538,False,True,True,True,True,0.04404565842026144,0.01982827302336946,0.0638739314436309,0.01982827302336946,4.414603813995723
901,2026-05-15T15:30:32.330Z,2026-05-15 15:30:32.330000+00:00,8,4,3.8660964965820312,9.028949737548828,2.626143455505371,1.2452287673950195,330264.523,5504.408716666667,91.74014527777778,69.355,6,66,12.900321960449219,True,0.29085813210189765,-0.5363187892573679,10,3.8660964965820312,4.676036834716797,-0.5363187892573679,0.3812728041101005,9.38669204711914,24.28706169134668,10,0.8099403381347656,0.9175915933674683,14.900369644227538,False,True,True,True,True,0.06999011160520228,0.02035719312709249,0.09034730473229477,0.02035719312709249,4.2253186889049665
902,2026-05-15T15:31:41.788Z,2026-05-15 15:31:41.788000+00:00,8,5,4.404218673706055,8.907128334,9.676588058,3.154108047485352,330333.981,5505.56635,91.75943916666667,69.458,6,66,21.73782443948535,True,1.0863869583042656,0.03598454341425344,10,3.8660964965820312,4.676036834716797,-0.5363187892573679,0.3812728041101005,9.38669204711914,24.28706169134668,10,0.8099403381347656,0.9175915933674683,14.900369644227538,False,True,True,True,True,0.04097525195677253,0.044514979339069026,0.08549023129584156,0.044514979339069026,4.7963098944168046
903,2026-05-15T15:32:51.223Z,2026-05-15 15:32:51.223000+00:00,8,6,4.676036834716797,3.4795165061950684,8.371276855,4.395429611206055,330403.416,5506.7236,91.77872666666667,69.435,6,66,16.24622297240112,True,2.405873586199533,0.3812728041101005,10,3.8660964965820312,4.676036834716797,-0.5363187892573679,0.3812728041101005,9.38669204711914,24.28706169134668,10,0.8099403381347656,0.9175915933674683,14.900369644227538,False,True,True,True,True,0.02141738736508804,0.05152752654706894,0.07294491391215699,0.05152752654706894,5.141480034238286
904,2026-05-15T15:34:00.496Z,2026-05-15 15:34:00.496000+00:00,8,7,4.177612305,3.0374038219451904,2.325367212295532,4.023921012878418,330472.689,5507.8781500000005,91.79796916666668,69.273,6,66,9.38669204711914,True,0.7655772326006814,-0.11601099046490565,10,3.8660964965820312,4.676036834716797,-0.5363187892573679,0.3812728041101005,9.38669204711914,24.28706169134668,10,0.8099403381347656,0.9175915933674683,14.900369644227538,False,True,True,True,True,0.032358617995541857,0.024773021215809543,0.0571316392113514,0.024773021215809543,4.644690378833914
905,2026-05-15T15:35:09.853Z,2026-05-15 15:35:09.853000+00:00,8,8,4.531582832336426,5.597064971923828,8.557381629943848,3.0040762424468994,330542.046,5509.0341,91.817235,69.357,6,66,17.158522844314575,True,1.5289051802810316,0.18438055215029334,10,3.8660964965820312,4.676036834716797,-0.5363187892573679,0.3812728041101005,9.38669204711914,24.28706169134668,10,0.8099403381347656,0.9175915933674683,14.900369644227538,False,True,True,True,True,0.03261973669125253,0.04987248440665923,0.08249222109791177,0.04987248440665923,4.9446307115534935
906,2026-05-15T15:36:19.048Z,2026-05-15 15:36:19.048000+00:00,8,9,4.243223190307617,7.992061614990234,5.754061698913574,2.8887853622436523,330611.241,5510.187349999999,91.83645583333332,69.195,6,66,16.63490867614746,True,0.7199721393690238,-0.14268430905817955,10,3.8660964965820312,4.676036834716797,-0.5363187892573679,0.3812728041101005,9.38669204711914,24.28706169134668,10,0.8099403381347656,0.9175915933674683,14.900369644227538,False,True,True,True,True,0.04804391638440389,0.03459028126294576,0.08263419764734965,0.03459028126294576,4.6178362446947
907,2026-05-15T15:37:28.174Z,2026-05-15 15:37:28.174000+00:00,9,0,5.011812210083008,1.1730668544769287,9.721030235290527,9.638673782348633,330680.367,5511.33945,91.8556575,69.126,6,67,20.53277087211609,True,8.286850999319336,0.9183895301366692,10,4.148941993713379,5.011812210083008,-0.2720061809921235,0.9183895301366692,8.672780871391296,21.908945083618164,10,0.8628702163696289,1.1903957111287928,13.236164212226868,False,True,True,True,True,0.00571314442548023,0.047343976591546544,0.053057121017026775,0.047343976591546544,5.678567727282116
908,2026-05-15T15:38:37.478Z,2026-05-15 15:38:37.478000+00:00,9,1,4.845854759216309,2.397249698638916,9.144902229309082,3.4551031589508057,330749.671,5512.494516666667,91.87490861111111,69.304,6,67,14.997255086898804,True,3.814747472698098,0.5814657939701512,10,4.148941993713379,5.011812210083008,-0.2720061809921235,0.9183895301366692,8.672780871391296,21.908945083618164,10,0.8628702163696289,1.1903957111287928,13.236164212226868,False,True,True,True,True,0.015984589744913312,0.06097717333152399,0.0769617630764373,0.06097717333152399,5.341621894651355
909,2026-05-15T15:39:46.508Z,2026-05-15 15:39:46.508000+00:00,9,2,4.329235076904297,8.762042999267578,7.699069976806641,5.447832107543945,330818.701,5513.645016666666,91.8940836111111,69.03,6,67,21.908945083618164,True,0.8786843407924623,-0.05616711317768806,10,4.148941993713379,5.011812210083008,-0.2720061809921235,0.9183895301366692,8.672780871391296,21.908945083618164,10,0.8628702163696289,1.1903957111287928,13.236164212226868,False,True,True,True,True,0.039992993573292425,0.03514121719426563,0.07513421076755805,0.03514121719426563,4.704291559762483
910,2026-05-15T15:40:55.539Z,2026-05-15 15:40:55.539000+00:00,9,3,5.006850242614746,1.0801368951797483,8.898091316223145,2.262293815612793,330887.732,5514.795533333334,91.9132588888889,69.031,6,67,12.240522027015686,True,8.237929243906061,0.9158180574537169,10,4.148941993713379,5.011812210083008,-0.2720061809921235,0.9183895301366692,8.672780871391296,21.908945083618164,10,0.8628702163696289,1.1903957111287928,13.236164212226868,False,True,True,True,True,0.008824271487734027,0.07269372414497058,0.0815179956327046,0.07269372414497058,5.675934230907223
911,2026-05-15T15:42:04.814Z,2026-05-15 15:42:04.814000+00:00,9,4,4.549777030944824,1.1259809732437134,2.807635545730591,4.739164352416992,330957.007,5515.950116666666,91.93250194444444,69.275,6,67,8.672780871391296,True,2.4935017664129666,0.3968096802115434,10,4.148941993713379,5.011812210083008,-0.2720061809921235,0.9183895301366692,8.672780871391296,21.908945083618164,10,0.8628702163696289,1.1903957111287928,13.236164212226868,False,True,True,True,True,0.01298292888914052,0.03237295611828582,0.045355885007426336,0.03237295611828582,5.157136047685543
912,2026-05-15T15:43:14.015Z,2026-05-15 15:43:14.015000+00:00,9,5,4.148941993713379,6.894925594329834,3.6857290267944336,3.856064796447754,331026.208,5517.1034666666665,91.95172444444444,69.201,6,67,14.436719417572021,True,0.5345567513919888,-0.2720061809921235,10,4.148941993713379,5.011812210083008,-0.2720061809921235,0.9183895301366692,8.672780871391296,21.908945083618164,10,0.8628702163696289,1.1903957111287928,13.236164212226868,False,True,True,True,True,0.04775964258152375,0.025530239386021832,0.07328988196754559,0.025530239386021832,4.48884053806113
913,2026-05-15T15:44:23.298Z,2026-05-15 15:44:23.298000+00:00,9,6,4.160520553588867,5.277148246765137,3.5383896827697754,9.219036102294922,331095.491,5518.258183333333,91.97096972222222,69.283,6,67,18.034574031829834,True,0.6705117077085695,-0.17359363459264102,10,4.148941993713379,5.011812210083008,-0.2720061809921235,0.9183895301366692,8.672780871391296,21.908945083618164,10,0.8628702163696289,1.1903957111287928,13.236164212226868,False,True,True,True,True,0.029261285780586323,0.01962003469848942,0.04888132047907574,0.01962003469848942,4.58736239437735
914,2026-05-15T15:45:32.592Z,2026-05-15 15:45:32.592000+00:00,9,7,4.511734008789063,3.0430002212524414,5.596164226531982,3.3462939262390137,331164.785,5519.413083333333,91.99021805555554,69.294,6,67,11.985458374023438,True,1.8390285309373744,0.2645884669936774,10,4.148941993713379,5.011812210083008,-0.2720061809921235,0.9183895301366692,8.672780871391296,21.908945083618164,10,0.8628702163696289,1.1903957111287928,13.236164212226868,False,True,True,True,True,0.02538910174555908,0.046691282484955035,0.07208038423051412,0.046691282484955035,5.024837850990564
915,2026-05-15T15:46:42.382Z,2026-05-15 15:46:42.382000+00:00,9,8,4.670523643493652,3.317999839782715,8.048895835876465,3.286436080932617,331234.575,5520.57625,92.00960416666666,69.79,6,67,14.653331756591797,True,2.4258276746642524,0.38485994632421666,10,4.148941993713379,5.011812210083008,-0.2720061809921235,0.9183895301366692,8.672780871391296,21.908945083618164,10,0.8628702163696289,1.1903957111287928,13.236164212226868,False,True,True,True,True,0.022643313445013035,0.054928776401009766,0.0775720898460228,0.054928776401009766,5.14505387927243
916,2026-05-15T15:47:51.554Z,2026-05-15 15:47:51.554000+00:00,9,9,4.628069877624512,3.219695806503296,6.762788296,1.3365367650985718,331303.747,5521.729116666666,92.0288186111111,69.172,6,67,11.319020867601868,True,2.1004432413584526,0.32231095043108304,10,4.148941993713379,5.011812210083008,-0.2720061809921235,0.9183895301366692,8.672780871391296,21.908945083618164,10,0.8628702163696289,1.1903957111287928,13.236164212226868,False,True,True,True,True,0.028445002833407132,0.05974711395185205,0.08819211678525918,0.05974711395185205,5.082497316685765
917,2026-05-15T15:49:00.656Z,2026-05-15 15:49:00.656000+00:00,10,0,4.403667449951172,8.997776031,8.708091735839844,1.5136263370513916,331372.849,5522.880816666667,92.04801361111112,69.102,6,68,19.219494103891236,True,0.9678049004373849,-0.014212183190892421,10,4.059070587158203,4.921941757202148,-0.34288912515104963,0.7936015410389322,9.135379195213318,21.572986602220702,10,0.8628711700439453,1.1364906661899818,12.437607407007384,False,True,True,True,True,0.046815883822760376,0.04530864178197478,0.09212452560473516,0.04530864178197478,4.746126223803932
918,2026-05-15T15:50:09.753Z,2026-05-15 15:50:09.753000+00:00,10,1,4.217309951782227,7.080188751220703,4.900061607,9.592736244,331441.946,5524.032433333333,92.06720722222221,69.097,6,68,21.572986602220702,True,0.6920806463182461,-0.15984329541278067,10,4.059070587158203,4.921941757202148,-0.34288912515104963,0.7936015410389322,9.135379195213318,21.572986602220702,10,0.8628711700439453,1.1364906661899818,12.437607407007384,False,True,True,True,True,0.03281969660376963,0.022713876837505625,0.055533573441275255,0.022713876837505625,4.600967415695577
919,2026-05-15T15:51:19.043Z,2026-05-15 15:51:19.043000+00:00,10,2,4.921941757202148,1.2119569778442385,7.535095215,3.012435913085937,331511.236,5525.187266666666,92.08645444444443,69.29,6,68,11.759488105930176,True,6.217295954187258,0.7936015410389322,10,4.059070587158203,4.921941757202148,-0.34288912515104963,0.7936015410389322,9.135379195213318,21.572986602220702,10,0.8628711700439453,1.1364906661899818,12.437607407007384,False,True,True,True,True,0.010306205227020575,0.06407672806097858,0.07438293328799916,0.06407672806097858,5.553738070709828
920,2026-05-15T15:52:28.442Z,2026-05-15 15:52:28.442000+00:00,10,3,4.676036834716797,2.384669780731201,6.028568267822266,3.3284003734588623,331580.635,5526.343916666667,92.10573194444444,69.399,6,68,11.741638422012329,True,2.5280516055240785,0.4027859350239517,10,4.059070587158203,4.921941757202148,-0.34288912515104963,0.7936015410389322,9.135379195213318,21.572986602220702,10,0.8628711700439453,1.1364906661899818,12.437607407007384,False,True,True,True,True,0.020309514694819796,0.05134350123165406,0.07165301592647386,0.05134350123165406,5.1629909544089685
921,2026-05-15T15:53:37.727Z,2026-05-15 15:53:37.727000+00:00,10,4,4.775832176208496,3.533058881759644,9.354855537,1.5001885890960691,331649.92,5527.498666666666,92.12497777777777,69.285,6,68,14.388103007855713,True,2.6478062919632985,0.4228862098429573,10,4.059070587158203,4.921941757202148,-0.34288912515104963,0.7936015410389322,9.135379195213318,21.572986602220702,10,0.8628711700439453,1.1364906661899818,12.437607407007384,False,True,True,True,True,0.024555418319083765,0.06501799112706083,0.0895734094461446,0.06501799112706083,5.183046044470558
922,2026-05-15T15:54:47.266Z,2026-05-15 15:54:47.266000+00:00,10,5,4.059070587158203,9.958820343017578,4.521877288818359,2.04067611694336,331719.459,5528.657649999999,92.14429416666665,69.539,6,68,16.521373748779297,True,0.45405752218321527,-0.34288912515104963,10,4.059070587158203,4.921941757202148,-0.34288912515104963,0.7936015410389322,9.135379195213318,21.572986602220702,10,0.8628711700439453,1.1364906661899818,12.437607407007384,False,True,True,True,True,0.06027840356649155,0.02736986256456104,0.08764826613105259,0.02736986256456104,4.417991788329946
923,2026-05-15T15:55:57.083Z,2026-05-15 15:55:57.083000+00:00,10,6,4.726210594177246,2.8971753120422363,8.102963448,1.1195892095565796,331789.276,5529.821266666667,92.16368777777778,69.817,6,68,12.119727969598816,True,2.796849543180793,0.44666910408197774,10,4.059070587158203,4.921941757202148,-0.34288912515104963,0.7936015410389322,9.135379195213318,21.572986602220702,10,0.8628711700439453,1.1364906661899818,12.437607407007384,False,True,True,True,True,0.023904623266376317,0.06685763466247356,0.09076225792884987,0.06685763466247356,5.206822268368318
924,2026-05-15T15:57:06.448Z,2026-05-15 15:57:06.448000+00:00,10,7,4.360110282897949,7.773075580596924,6.85299015,1.702354907989502,331858.641,5530.97735,92.18295583333334,69.365,6,68,16.328420638586426,True,0.8816317400935053,-0.05471278294404941,10,4.059070587158203,4.921941757202148,-0.34288912515104963,0.7936015410389322,9.135379195213318,21.572986602220702,10,0.8628711700439453,1.1364906661899818,12.437607407007384,False,True,True,True,True,0.047604577029501674,0.04196970608293487,0.08957428311243654,0.04196970608293487,4.705670647446108
925,2026-05-15T15:58:15.657Z,2026-05-15 15:58:15.657000+00:00,10,8,4.675485610961914,2.031219482421875,5.599815368652344,1.5043443441390991,331927.85,5532.130833333333,92.20218055555554,69.209,6,68,9.135379195213318,True,2.7568736008653976,0.4404168547147414,10,4.059070587158203,4.921941757202148,-0.34288912515104963,0.7936015410389322,9.135379195213318,21.572986602220702,10,0.8628711700439453,1.1364906661899818,12.437607407007384,False,True,True,True,True,0.02223464881989986,0.06129811635609489,0.08353276517599476,0.06129811635609489,5.200584545189402
926,2026-05-15T15:59:24.786Z,2026-05-15 15:59:24.786000+00:00,10,9,4.704707145690918,1.3532836437225342,4.970680236816406,5.1910271644592285,331996.979,5533.2829833333335,92.22138305555556,69.129,6,68,11.514991044998169,True,3.6730512925903303,0.5650269931243311,10,4.059070587158203,4.921941757202148,-0.34288912515104963,0.7936015410389322,9.135379195213318,21.572986602220702,10,0.8628711700439453,1.1364906661899818,12.437607407007384,False,True,True,True,True,0.011752363839747558,0.04316703519257663,0.054919399032324186,0.04316703519257663,5.325249283831233
927,2026-05-15T16:00:33.952Z,2026-05-15 16:00:33.952000+00:00,11,0,4.002281188964844,7.778479576,3.191003799438477,7.472362995147705,332066.145,5534.435750000001,92.24059583333334,69.166,6,69,18.441846370586184,True,0.4102349010832547,-0.3869673944233094,10,3.680289268493652,4.628069877624512,-0.7153945175723592,0.30618277781201303,9.960074067115784,21.48738431930542,10,0.9477806091308598,1.0215772953843723,11.527310252189636,False,True,True,True,True,0.0421784208570693,0.01730306030814771,0.05948148116521701,0.01730306030814771,4.374525790720254
928,2026-05-15T16:01:43.271Z,2026-05-15 16:01:43.271000+00:00,11,1,4.102075576782227,2.584921836853028,1.8162142038345337,5.558938026428223,332135.464,5535.591066666666,92.2598511111111,69.319,6,69,9.960074067115784,True,0.7026186161379854,-0.15328034759993625,10,3.680289268493652,4.628069877624512,-0.7153945175723592,0.30618277781201303,9.960074067115784,21.48738431930542,10,0.9477806091308598,1.0215772953843723,11.527310252189636,False,True,True,True,True,0.025952837493321612,0.018234946764411654,0.044187784257733266,0.018234946764411654,4.60772007339582
929,2026-05-15T16:02:52.753Z,2026-05-15 16:02:52.753000+00:00,11,2,3.859480857849121,9.199625968933104,2.708107709884644,4.497371673583984,332204.946,5536.7491,92.27915166666666,69.482,6,69,16.405105352401733,True,0.2943715015186327,-0.5311042369034409,10,3.680289268493652,4.628069877624512,-0.7153945175723592,0.30618277781201303,9.960074067115784,21.48738431930542,10,0.9477806091308598,1.0215772953843723,11.527310252189636,False,True,True,True,True,0.056077823161228675,0.01650771300586724,0.07258553616709591,0.01650771300586724,4.230894319613479
930,2026-05-15T16:04:01.964Z,2026-05-15 16:04:01.964000+00:00,11,3,3.691316604614258,7.729015350341797,1.7057859897613523,8.430353164672852,332274.157,5537.902616666667,92.29837694444446,69.211,6,69,17.865154504776,True,0.22069900400520204,-0.6561996267659426,10,3.680289268493652,4.628069877624512,-0.7153945175723592,0.30618277781201303,9.960074067115784,21.48738431930542,10,0.9477806091308598,1.0215772953843723,11.527310252189636,False,True,True,True,True,0.043263075884821214,0.009548117757981518,0.052811193642802734,0.009548117757981518,4.108115395619895
931,2026-05-15T16:05:11.064Z,2026-05-15 16:05:11.064000+00:00,11,4,4.140119552612305,8.402395248413086,5.110621929168701,7.974367141723633,332343.257,5539.054283333333,92.31757138888888,69.1,6,69,21.48738431930542,True,0.6082339354523838,-0.21592935274078112,10,3.680289268493652,4.628069877624512,-0.7153945175723592,0.30618277781201303,9.960074067115784,21.48738431930542,10,0.9477806091308598,1.0215772953843723,11.527310252189636,False,True,True,True,True,0.03910385332878289,0.023784290601518418,0.06288814393030132,0.023784290601518418,4.544907845479078
932,2026-05-15T16:06:20.292Z,2026-05-15 16:06:20.292000+00:00,11,5,4.415797233581543,3.5168278217315674,4.867520332336426,9.176299095153809,332412.485,5540.208083333333,92.33680138888889,69.228,6,69,17.5606472492218,True,1.3840655781492945,0.1411566678329162,10,3.680289268493652,4.628069877624512,-0.7153945175723592,0.30618277781201303,9.960074067115784,21.48738431930542,10,0.9477806091308598,1.0215772953843723,11.527310252189636,False,True,True,True,True,0.02002675511796648,0.02771834240080262,0.0477450975187691,0.02771834240080262,4.901625173623448
933,2026-05-15T16:07:29.464Z,2026-05-15 16:07:29.464000+00:00,11,6,4.28953743,9.299139022827148,7.716714859008789,2.809561491012573,332481.657,5541.36095,92.35601583333333,69.172,6,69,19.82541537284851,True,0.8298311101776317,-0.08101028760151245,10,3.680289268493652,4.628069877624512,-0.7153945175723592,0.30618277781201303,9.960074067115784,21.48738431930542,10,0.9477806091308598,1.0215772953843723,11.527310252189636,False,True,True,True,True,0.04690514094127174,0.038923345180333815,0.08582848612160555,0.038923345180333815,4.67941682777229
934,2026-05-15T16:08:38.543Z,2026-05-15 16:08:38.543000+00:00,11,7,3.680289268493652,7.916508197784424,1.5245411396026611,7.488248825073242,332550.736,5542.512266666667,92.37520444444445,69.079,6,69,16.929298162460327,True,0.1925774724807752,-0.7153945175723592,10,3.680289268493652,4.628069877624512,-0.7153945175723592,0.30618277781201303,9.960074067115784,21.48738431930542,10,0.9477806091308598,1.0215772953843723,11.527310252189636,False,True,True,True,True,0.046762175973359556,0.009005341656650817,0.05576751763001037,0.009005341656650817,4.049714388202819
935,2026-05-15T16:09:47.705Z,2026-05-15 16:09:47.705000+00:00,11,8,4.327580451965332,6.388840198516846,6.234550952911377,5.000342369,332619.898,5543.664966666666,92.3944161111111,69.162,6,69,17.623733520428225,True,0.9758501949005882,-0.010616846802060168,10,3.680289268493652,4.628069877624512,-0.7153945175723592,0.30618277781201303,9.960074067115784,21.48738431930542,10,0.9477806091308598,1.0215772953843723,11.527310252189636,False,True,True,True,True,0.03625134362767878,0.03537588074447853,0.07162722437215732,0.03537588074447853,4.749814673297108
936,2026-05-15T16:10:57.132Z,2026-05-15 16:10:57.132000+00:00,11,9,4.628069877624512,4.637896060943604,9.386502265930176,2.1244165897369385,332689.325,5544.8220833333335,92.4137013888889,69.427,6,69,16.148814916610718,True,2.0238707686822206,0.30618277781201303,10,3.680289268493652,4.628069877624512,-0.7153945175723592,0.30618277781201303,9.960074067115784,21.48738431930542,10,0.9477806091308598,1.0215772953843723,11.527310252189636,False,True,True,True,True,0.02871973011575637,0.05812502226572176,0.08684475238147812,0.05812502226572176,5.066376679855392
937,2026-05-15T16:12:06.577Z,2026-05-15 16:12:06.577000+00:00,12,0,4.421862602233887,8.974524498,9.187628746032717,3.639041423797608,332758.77,5545.9795,92.43299166666667,69.445,6,70,21.801194667830323,True,1.023745463960816,0.010191990488961666,10,3.8936643600463863,4.763151168823242,-0.4944531011707246,0.5612961569762885,5.3710503578186035,26.245622634887695,10,0.8694868087768559,1.0557492581470131,20.874572277069092,False,True,True,True,True,0.04116528765849121,0.04214277651302253,0.08330806417151373,0.04214277651302253,4.770545709430042
938,2026-05-15T16:13:15.951Z,2026-05-15 16:13:15.951000+00:00,12,1,4.47203540802002,8.240070343017578,9.526117324829102,2.238084554672241,332828.144,5547.135733333333,92.45226222222222,69.374,6,70,20.00427222251892,True,1.1560723304869946,0.06298500687748146,10,3.8936643600463863,4.763151168823242,-0.4944531011707246,0.5612961569762885,5.3710503578186035,26.245622634887695,10,0.8694868087768559,1.0557492581470131,20.874572277069092,False,True,True,True,True,0.041191552741127395,0.047620414373813105,0.0888119671149405,0.047620414373813105,4.823280369926695
939,2026-05-15T16:14:25.054Z,2026-05-15 16:14:25.054000+00:00,12,2,4.3137969970703125,1.7774723768234253,2.057887554168701,1.8281068801879885,332897.247,5548.28745,92.4714575,69.103,6,70,5.663466811180115,True,1.1577606386471189,0.06361878041048774,10,3.8936643600463863,4.763151168823242,-0.4944531011707246,0.5612961569762885,5.3710503578186035,26.245622634887695,10,0.8694868087768559,1.0557492581470131,20.874572277069092,False,True,True,True,True,0.03138488201810523,0.03633618104914599,0.06772106306725122,0.03633618104914599,4.824005528102902
940,2026-05-15T16:15:34.258Z,2026-05-15 16:15:34.258000+00:00,12,3,4.249288558959961,2.068960666656494,2.164322853088379,1.1377668380737305,332966.451,5549.44085,92.49068083333333,69.204,6,70,5.3710503578186035,True,1.0460918315020427,0.019569810883098216,10,3.8936643600463863,4.763151168823242,-0.4944531011707246,0.5612961569762885,5.3710503578186035,26.245622634887695,10,0.8694868087768559,1.0557492581470131,20.874572277069092,False,True,True,True,True,0.03852059706803384,0.04029608193745173,0.07881667900548557,0.04029608193745173,4.779935826033298
941,2026-05-15T16:16:43.565Z,2026-05-15 16:16:43.565000+00:00,12,4,4.705810547,3.1947031021118164,8.334090232849121,2.717710494995117,333035.758,5550.595966666666,92.50993277777776,69.307,6,70,14.246503829956055,True,2.608721363603391,0.4164276947722021,10,3.8936643600463863,4.763151168823242,-0.4944531011707246,0.5612961569762885,5.3710503578186035,26.245622634887695,10,0.8694868087768559,1.0557492581470131,20.874572277069092,False,True,True,True,True,0.02242447087540404,0.058499196240168555,0.0809236671155726,0.058499196240168555,5.176606065217636
942,2026-05-15T16:17:52.840Z,2026-05-15 16:17:52.840000+00:00,12,5,4.467624664306641,7.016859531402588,8.556081771850586,9.509085655212402,333105.033,5551.75055,92.52917583333333,69.275,6,70,25.082026958465576,True,1.2193605605983002,0.08613214394854947,10,3.8936643600463863,4.763151168823242,-0.4944531011707246,0.5612961569762885,5.3710503578186035,26.245622634887695,10,0.8694868087768559,1.0557492581470131,20.874572277069092,False,True,True,True,True,0.027975647833494925,0.034112401625351,0.062088049458845926,0.034112401625351,4.846534456806213
943,2026-05-15T16:19:01.914Z,2026-05-15 16:19:01.914000+00:00,12,6,4.763151168823242,1.5192726850509644,5.532633304595947,2.1509549617767334,333174.107,5552.901783333334,92.54836305555555,69.074,6,70,9.202860951423645,True,3.6416328411843684,0.5612961569762885,10,3.8936643600463863,4.763151168823242,-0.4944531011707246,0.5612961569762885,5.3710503578186035,26.245622634887695,10,0.8694868087768559,1.0557492581470131,20.874572277069092,False,True,True,True,True,0.01650869977358442,0.060118623260737976,0.0766273230343224,0.060118623260737976,5.321456051752372
944,2026-05-15T16:20:10.749Z,2026-05-15 16:20:10.749000+00:00,12,7,3.8936643600463863,5.865920066833496,1.8788107633590696,7.416406154632568,333242.942,5554.049033333333,92.56748388888887,68.835,6,70,15.161136984825134,True,0.32029259552683903,-0.4944531011707246,10,3.8936643600463863,4.763151168823242,-0.4944531011707246,0.5612961569762885,5.3710503578186035,26.245622634887695,10,0.8694868087768559,1.0557492581470131,20.874572277069092,False,True,True,True,True,0.0386905023858351,0.012392281431396483,0.05108278381723158,0.012392281431396483,4.268039320787582
945,2026-05-15T16:21:20.020Z,2026-05-15 16:21:20.020000+00:00,12,8,4.3490839,9.442098617553713,9.434246063232422,7.369277954101562,333312.213,5555.20355,92.58672583333333,69.271,6,70,26.245622634887695,True,0.9991683465043786,-0.00036133279668056377,10,3.8936643600463863,4.763151168823242,-0.4944531011707246,0.5612961569762885,5.3710503578186035,26.245622634887695,10,0.8694868087768559,1.0557492581470131,20.874572277069092,False,True,True,True,True,0.03597589871997379,0.0359459792380452,0.07192187795801899,0.0359459792380452,4.760058339770668
946,2026-05-15T16:22:29.128Z,2026-05-15 16:22:29.128000+00:00,12,9,4.243774414,7.910520553588867,5.714842796325684,4.242598056793213,333381.321,5556.35535,92.60592249999999,69.108,6,70,17.867961406707764,True,0.7224357433384024,-0.14120077494453098,10,3.8936643600463863,4.763151168823242,-0.4944531011707246,0.5612961569762885,5.3710503578186035,26.245622634887695,10,0.8694868087768559,1.0557492581470131,20.874572277069092,False,True,True,True,True,0.044272093349268155,0.031983742667925676,0.07625583601719382,0.031983742667925676,4.619361028363886
947,2026-05-15T16:23:38.729Z,2026-05-15 16:23:38.729000+00:00,13,0,4.470381736755371,7.911612033843994,9.568257331848145,1.4983625411987305,333450.922,5557.515366666667,92.62525611111113,69.601,6,71,18.97823190689087,True,1.209394152660345,0.08256786449029244,10,3.7596845626831055,4.812222480773926,-0.6553776424885005,0.5287922284493148,13.745834946632383,24.116827011295896,10,1.0525379180908203,1.1841698709378154,10.370992064663513,False,True,True,True,True,0.041687824622752875,0.050417011335887274,0.09210483595864015,0.050417011335887274,4.842841152543922
948,2026-05-15T16:24:48.157Z,2026-05-15 16:24:48.157000+00:00,13,1,4.731724739074707,2.410114049911499,7.474205017089844,9.311722755432127,333520.35,5558.6725,92.64454166666665,69.428,6,71,19.19604182243347,True,3.1011831234145544,0.491527411880768,10,3.7596845626831055,4.812222480773926,-0.6553776424885005,0.5287922284493148,13.745834946632383,24.116827011295896,10,1.0525379180908203,1.1841698709378154,10.370992064663513,False,True,True,True,True,0.012555265675108694,0.03893617802163313,0.05149144369674182,0.03893617802163313,5.251783521018767
949,2026-05-15T16:25:57.557Z,2026-05-15 16:25:57.557000+00:00,13,2,4.516695976257324,4.018672943115234,5.932935715,8.834968566894531,333589.75,5559.829166666666,92.66381944444444,69.4,6,71,18.786577225009765,True,1.4763420161285503,0.16918697978430697,10,3.7596845626831055,4.812222480773926,-0.6553776424885005,0.5287922284493148,13.745834946632383,24.116827011295896,10,1.0525379180908203,1.1841698709378154,10.370992064663513,False,True,True,True,True,0.021391192738213896,0.03158071661452911,0.052971909352743006,0.03158071661452911,4.92958746949837
950,2026-05-15T16:27:07.096Z,2026-05-15 16:27:07.096000+00:00,13,3,4.4885759353637695,7.218587875366211,8.894198417663574,5.518002510070801,333659.289,5560.98815,92.68313583333334,69.539,6,71,21.630788803100586,True,1.232124422564068,0.09065456603016796,10,3.7596845626831055,4.812222480773926,-0.6553776424885005,0.5287922284493148,13.745834946632383,24.116827011295896,10,1.0525379180908203,1.1841698709378154,10.370992064663513,False,True,True,True,True,0.033371819867851926,0.04111823428458914,0.07449005415244106,0.04111823428458914,4.850986825111099
951,2026-05-15T16:28:16.244Z,2026-05-15 16:28:16.244000+00:00,13,4,4.812222480773926,2.736635446548462,9.247177124023438,2.05918026,333728.437,5562.140616666667,92.7023436111111,69.148,6,71,14.0429928305719,True,3.379031407229009,0.5287922284493148,10,3.7596845626831055,4.812222480773926,-0.6553776424885005,0.5287922284493148,13.745834946632383,24.116827011295896,10,1.0525379180908203,1.1841698709378154,10.370992064663513,False,True,True,True,True,0.019487551404218817,0.06584904824484517,0.08533659964906398,0.06584904824484517,5.288940670255413
952,2026-05-15T16:29:25.606Z,2026-05-15 16:29:25.606000+00:00,13,5,4.665560722351074,4.204248905181885,9.19395351409912,6.249533653259277,333797.799,5563.29665,92.72161083333334,69.362,6,71,19.647736072540283,True,2.1868242631322916,0.339813883806501,10,3.7596845626831055,4.812222480773926,-0.6553776424885005,0.5287922284493148,13.745834946632383,24.116827011295896,10,1.0525379180908203,1.1841698709378154,10.370992064663513,False,True,True,True,True,0.021398134063179686,0.04679395875511891,0.06819209281829859,0.04679395875511891,5.1000487914241655
953,2026-05-15T16:30:34.766Z,2026-05-15 16:30:34.766000+00:00,13,6,3.7596845626831055,9.971034049987791,2.204766273498535,1.5700346231460571,333866.959,5564.449316666666,92.74082194444443,69.16,6,71,13.745834946632383,True,0.22111711407717385,-0.6553776424885005,10,3.7596845626831055,4.812222480773926,-0.6553776424885005,0.5287922284493148,13.745834946632383,24.116827011295896,10,1.0525379180908203,1.1841698709378154,10.370992064663513,False,True,True,True,True,0.07253858415076207,0.01603952238666073,0.0885781065374228,0.01603952238666073,4.107200620039394
954,2026-05-15T16:31:44.104Z,2026-05-15 16:31:44.104000+00:00,13,7,4.720145225524902,2.496918201446533,7.547965049743652,4.939545631408691,333936.297,5565.60495,92.7600825,69.338,6,71,14.984428882598877,True,3.022912422750136,0.4804255653494017,10,3.7596845626831055,4.812222480773926,-0.6553776424885005,0.5287922284493148,13.745834946632383,24.116827011295896,10,1.0525379180908203,1.1841698709378154,10.370992064663513,False,True,True,True,True,0.016663419213435324,0.05037205694578694,0.06703547615922226,0.05037205694578694,5.240624829363935
955,2026-05-15T16:32:53.356Z,2026-05-15 16:32:53.356000+00:00,13,8,4.222823143005371,5.724366664886475,4.297187805175781,6.728175640106201,334005.549,5566.75915,92.77931916666667,69.252,6,71,16.749730110168457,True,0.750683535269487,-0.12454310940339414,10,3.7596845626831055,4.812222480773926,-0.6553776424885005,0.5287922284493148,13.745834946632383,24.116827011295896,10,1.0525379180908203,1.1841698709378154,10.370992064663513,False,True,True,True,True,0.03417587404236033,0.02565526594704375,0.05983113998940408,0.02565526594704375,4.636141774332138
956,2026-05-15T16:34:02.835Z,2026-05-15 16:34:02.835000+00:00,13,9,4.430132865905762,8.739266395568848,9.688598633,5.688961982727051,334075.028,5567.917133333333,92.7986188888889,69.479,6,71,24.116827011295896,True,1.1086283670117323,0.04478598690216482,10,3.7596845626831055,4.812222480773926,-0.6553776424885005,0.5287922284493148,13.745834946632383,24.116827011295896,10,1.0525379180908203,1.1841698709378154,10.370992064663513,False,True,True,True,True,0.03623721475248601,0.04017360421610203,0.07641081896858803,0.04017360421610203,4.805143005065385
957,2026-05-15T16:35:11.957Z,2026-05-15 16:35:11.957000+00:00,14,0,4.779691696166992,3.2367043495178223,9.680793762207031,3.2136807441711426,334144.15,5569.069166666667,92.81781944444445,69.122,6,72,16.131178855895996,True,2.9909416235836295,0.4758079366679234,10,4.021027565002441,4.897130966186523,-0.37612619094351224,0.811877868631994,9.641583919525146,24.604893684387207,10,0.876103401184082,1.1880040595755061,14.96330976486206,False,True,True,True,True,0.020064896548678445,0.06001293426034187,0.08007783080902031,0.06001293426034187,5.23597564403862
958,2026-05-15T16:36:21.169Z,2026-05-15 16:36:21.169000+00:00,14,1,4.276304244995117,9.889732360839844,7.705867290496826,7.009294033050537,334213.362,5570.2227,92.837045,69.212,6,72,24.604893684387207,True,0.7791785469351608,-0.10836301336242322,10,4.021027565002441,4.897130966186523,-0.37612619094351224,0.811877868631994,9.641583919525146,24.604893684387207,10,0.876103401184082,1.1880040595755061,14.96330976486206,False,True,True,True,True,0.04019416823213212,0.0313184335983801,0.07151260183051222,0.0313184335983801,4.652186495269529
959,2026-05-15T16:37:30.165Z,2026-05-15 16:37:30.165000+00:00,14,2,4.623106956481934,3.819732666015625,7.7725934982299805,2.718940734863281,334282.358,5571.372633333333,92.85621055555556,68.996,6,72,14.311266899108887,True,2.034852744377422,0.3085329862303944,10,4.021027565002441,4.897130966186523,-0.37612619094351224,0.811877868631994,9.641583919525146,24.604893684387207,10,0.876103401184082,1.1880040595755061,14.96330976486206,False,True,True,True,True,0.02669038802045867,0.05431100931192858,0.08100139733238725,0.05431100931192858,5.068740129463345
960,2026-05-15T16:38:39.375Z,2026-05-15 16:38:39.375000+00:00,14,3,4.6286211013793945,4.305356025695801,8.340192794799805,8.121681213378906,334351.568,5572.526133333334,92.87543555555557,69.21,6,72,20.76723003387451,True,1.9371668092075898,0.28716701937642186,10,4.021027565002441,4.897130966186523,-0.37612619094351224,0.811877868631994,9.641583919525146,24.604893684387207,10,0.876103401184082,1.1880040595755061,14.96330976486206,False,True,True,True,True,0.020731489075207,0.04016035254194075,0.06089184161714775,0.04016035254194075,5.047451763747565
961,2026-05-15T16:39:48.968Z,2026-05-15 16:39:48.968000+00:00,14,4,4.448879241943359,8.030914306640625,9.249985694885254,2.794346809387207,334421.161,5573.6860166666675,92.89476694444446,69.593,6,72,20.075246810913086,True,1.1517973348609385,0.0613760692828552,10,4.021027565002441,4.897130966186523,-0.37612619094351224,0.811877868631994,9.641583919525146,24.604893684387207,10,0.876103401184082,1.1880040595755061,14.96330976486206,False,True,True,True,True,0.04000406262639295,0.04607657271668948,0.08608063534308244,0.04607657271668948,4.8216818479381836
962,2026-05-15T16:40:58.397Z,2026-05-15 16:40:58.397000+00:00,14,5,4.671626091003418,2.8272743225097656,6.965917587280273,8.097490310668945,334490.59,5574.8431666666675,92.9140527777778,69.429,6,72,17.890682220458984,True,2.4638279815368755,0.3916103831688576,10,4.021027565002441,4.897130966186523,-0.37612619094351224,0.811877868631994,9.641583919525146,24.604893684387207,10,0.876103401184082,1.1880040595755061,14.96330976486206,False,True,True,True,True,0.01580305483977923,0.03893600870800981,0.05473906354778904,0.03893600870800981,5.151882701252399
963,2026-05-15T16:42:08.186Z,2026-05-15 16:42:08.186000+00:00,14,6,4.574587821960449,5.771810054779053,9.672450065612791,7.368464469909668,334560.379,5576.006316666667,92.93343861111111,69.789,6,72,22.812724590301514,True,1.6758087972080808,0.2242244659324214,10,4.021027565002441,4.897130966186523,-0.37612619094351224,0.811877868631994,9.641583919525146,24.604893684387207,10,0.876103401184082,1.1880040595755061,14.96330976486206,False,True,True,True,True,0.0253008360835288,0.04239936368549721,0.06770019976902601,0.04239936368549721,4.984508506309565
964,2026-05-15T16:43:17.886Z,2026-05-15 16:43:17.886000+00:00,14,7,4.3634185791015625,6.490137100219727,6.007671833,3.5099658966064453,334630.079,5577.167983333334,92.95279972222222,69.7,6,72,16.00777482982617,True,0.9256617757422424,-0.03354766964758319,10,4.021027565002441,4.897130966186523,-0.37612619094351224,0.811877868631994,9.641583919525146,24.604893684387207,10,0.876103401184082,1.1880040595755061,14.96330976486206,False,True,True,True,True,0.04054365562493487,0.03752971226085917,0.07807336788579404,0.03752971226085917,4.726870255423416
965,2026-05-15T16:44:27.471Z,2026-05-15 16:44:27.471000+00:00,14,8,4.021027565002441,5.660436630249023,2.380804538726806,1.6003427505493164,334699.664,5578.3277333333335,92.97212888888889,69.585,6,72,9.641583919525146,True,0.42060439754840356,-0.37612619094351224,10,4.021027565002441,4.897130966186523,-0.37612619094351224,0.811877868631994,9.641583919525146,24.604893684387207,10,0.876103401184082,1.1880040595755061,14.96330976486206,False,True,True,True,True,0.05870857607520366,0.024693085271035656,0.08340166134623932,0.024693085271035656,4.384903170766493
966,2026-05-15T16:45:36.892Z,2026-05-15 16:45:36.892000+00:00,14,9,4.897130966186523,1.116580843925476,7.240491390228271,8.146263122558594,334769.085,5579.4847500000005,92.99141250000001,69.421,6,72,16.50333535671234,True,6.484520516018742,0.811877868631994,10,4.021027565002441,4.897130966186523,-0.37612619094351224,0.811877868631994,9.641583919525146,24.604893684387207,10,0.876103401184082,1.1880040595755061,14.96330976486206,False,True,True,True,True,0.0067657889741138495,0.043872897409694654,0.0506386863838085,0.043872897409694654,5.572076087233035
967,2026-05-15T16:46:46.877Z,2026-05-15 16:46:46.877000+00:00,15,0,4.342467308044434,8.176307678222656,7.321658611297607,5.028088092803955,334839.07,5580.6511666666665,93.01085277777777,69.985,6,73,20.52605438232422,True,0.8954724919169346,-0.04794775073306864,10,4.1417741775512695,4.572933197021484,-0.2561427659397592,0.2964146763214447,7.84064793586731,23.965263843536377,10,0.43115901947021484,0.5525574422612038,16.124615907669067,False,True,True,True,True,0.039833801109206805,0.03567007314178497,0.07550387425099178,0.03567007314178497,4.712499626686432
968,2026-05-15T16:47:56.232Z,2026-05-15 16:47:56.232000+00:00,15,1,4.142876625061035,7.734370708465576,4.288270950317383,1.542698860168457,334908.425,5581.807083333333,93.03011805555555,69.355,6,73,13.565340518951416,True,0.554443420409588,-0.2561427659397592,10,4.1417741775512695,4.572933197021484,-0.2561427659397592,0.2964146763214447,7.84064793586731,23.965263843536377,10,0.43115901947021484,0.5525574422612038,16.124615907669067,False,True,True,True,True,0.057015676810031404,0.03161196686752144,0.08862764367755285,0.03161196686752144,4.504525396657203
969,2026-05-15T16:49:05.824Z,2026-05-15 16:49:05.824000+00:00,15,2,4.256456375,5.253758907318115,4.171286106109619,5.122701644897461,334978.017,5582.96695,93.04944916666666,69.592,6,73,14.547746658325195,True,0.793962223942045,-0.10020016044922872,10,4.1417741775512695,4.572933197021484,-0.2561427659397592,0.2964146763214447,7.84064793586731,23.965263843536377,10,0.43115901947021484,0.5525574422612038,16.124615907669067,False,True,True,True,True,0.03611390155953508,0.028673073597432562,0.06478697515696764,0.028673073597432562,4.660393703580476
970,2026-05-15T16:50:15.114Z,2026-05-15 16:50:15.114000+00:00,15,3,4.572933197021484,2.891408920288086,5.721688270568848,1.7824033498764038,335047.307,5584.121783333333,93.06869638888888,69.29,6,73,10.395500540733337,True,1.978858206607029,0.2964146763214447,10,4.1417741775512695,4.572933197021484,-0.2561427659397592,0.2964146763214447,7.84064793586731,23.965263843536377,10,0.43115901947021484,0.5525574422612038,16.124615907669067,False,True,True,True,True,0.027814042324931815,0.05504004591360657,0.08285408823853838,0.05504004591360657,5.056620982466615
971,2026-05-15T16:51:24.387Z,2026-05-15 16:51:24.387000+00:00,15,4,4.1417741775512695,6.537575721740723,3.9703214168548575,7.424096584320068,335116.58,5585.276333333333,93.08793888888889,69.273,6,73,17.93199372291565,True,0.607307905230305,-0.21659106569852193,10,4.1417741775512695,4.572933197021484,-0.2561427659397592,0.2964146763214447,7.84064793586731,23.965263843536377,10,0.43115901947021484,0.5525574422612038,16.124615907669067,False,True,True,True,True,0.036457606570463076,0.022140992676018538,0.058598599246481614,0.022140992676018538,4.5443089751007735
972,2026-05-15T16:52:33.886Z,2026-05-15 16:52:33.886000+00:00,15,5,4.366726875305176,9.107599258422852,8.976686477661133,2.1234521865844727,335186.079,5586.43465,93.10724416666667,69.499,6,73,20.207737922668457,True,0.9856259836377135,-0.006287855908411398,10,4.1417741775512695,4.572933197021484,-0.2561427659397592,0.2964146763214447,7.84064793586731,23.965263843536377,10,0.43115901947021484,0.5525574422612038,16.124615907669067,False,True,True,True,True,0.04506986033407633,0.044422025424188355,0.0894918857582647,0.044422025424188355,4.754054135292434
973,2026-05-15T16:53:43.482Z,2026-05-15 16:53:43.482000+00:00,15,6,4.439505577087402,2.407575845718384,3.603735685348511,1.829336404800415,335255.675,5587.5945833333335,93.12657638888889,69.596,6,73,7.84064793586731,True,1.4968316332618845,0.1751729527428304,10,4.1417741775512695,4.572933197021484,-0.2561427659397592,0.2964146763214447,7.84064793586731,23.965263843536377,10,0.43115901947021484,0.5525574422612038,16.124615907669067,False,True,True,True,True,0.030706337861503084,0.045962217852724904,0.07666855571422798,0.045962217852724904,4.935446680861189
974,2026-05-15T16:54:53.026Z,2026-05-15 16:54:53.026000+00:00,15,7,4.552533149719238,5.5715813636779785,8.967796325683594,9.425886154174805,335325.219,5588.75365,93.14589416666666,69.544,6,73,23.965263843536377,True,1.6095603277277934,0.20670725906343468,10,4.1417741775512695,4.572933197021484,-0.2561427659397592,0.2964146763214447,7.84064793586731,23.965263843536377,10,0.43115901947021484,0.5525574422612038,16.124615907669067,False,True,True,True,True,0.023248570931885145,0.03741997744832791,0.06066854838021306,0.03741997744832791,4.967034008581846
975,2026-05-15T16:56:02.482Z,2026-05-15 16:56:02.482000+00:00,15,8,4.341364860534668,7.438154220581055,6.747581481933594,1.9757425785064695,335394.675,5589.91125,93.1651875,69.456,6,73,16.161478281021118,True,0.9071580504829174,-0.04231704097433529,10,4.1417741775512695,4.572933197021484,-0.2561427659397592,0.2964146763214447,7.84064793586731,23.965263843536377,10,0.43115901947021484,0.5525574422612038,16.124615907669067,False,True,True,True,True,0.04602397188700176,0.04175101661249312,0.08777498849949489,0.04175101661249312,4.718062640735477
976,2026-05-15T16:57:12.130Z,2026-05-15 16:57:12.130000+00:00,15,9,4.486371040344238,7.390966892242432,9.420244216918944,6.249266147613525,335464.323,5591.07205,93.18453416666667,69.648,6,73,23.060477256774902,True,1.2745618204306184,0.10536090502361609,10,4.1417741775512695,4.572933197021484,-0.2561427659397592,0.2964146763214447,7.84064793586731,23.965263843536377,10,0.43115901947021484,0.5525574422612038,16.124615907669067,False,True,True,True,True,0.03205036396231154,0.04085017023726768,0.07290053419957923,0.04085017023726768,4.865690368501959
977,2026-05-15T16:58:21.774Z,2026-05-15 16:58:21.774000+00:00,16,0,3.644451141357422,8.669244766235352,1.5069795846939087,8.025522232055664,335533.967,5592.232783333334,93.20387972222223,69.644,6,74,18.201746582984924,True,0.17383054987249133,-0.7598738960397351,10,3.644451141357422,4.764253616333008,-0.7598738960397351,0.6208421342139377,7.655208945274353,23.238783359527588,10,1.119802474975586,1.380716030253673,15.583574414253235,False,True,True,True,True,0.04762864226633834,0.008279313074837775,0.05590795534117611,0.008279313074837775,4.006167034740492
978,2026-05-15T16:59:31.409Z,2026-05-15 16:59:31.409000+00:00,16,1,4.764253616333008,1.5902265310287476,6.642034530639648,2.2987780570983887,335603.602,5593.393366666667,93.22322277777779,69.635,6,74,10.531039118766785,True,4.176785131576689,0.6208421342139377,10,3.644451141357422,4.764253616333008,-0.7598738960397351,0.6208421342139377,7.655208945274353,23.238783359527588,10,1.119802474975586,1.380716030253673,15.583574414253235,False,True,True,True,True,0.015100376260068132,0.06307102704426618,0.07817140330433431,0.06307102704426618,5.380990324108458
979,2026-05-15T17:00:40.926Z,2026-05-15 17:00:40.926000+00:00,16,2,4.441160202026367,7.732209205627441,9.541670799255373,5.964903354644775,335673.119,5594.551983333334,93.24253305555557,69.517,6,74,23.238783359527588,True,1.234016119521316,0.09132083277131925,10,3.644451141357422,4.764253616333008,-0.7598738960397351,0.6208421342139377,7.655208945274353,23.238783359527588,10,1.119802474975586,1.380716030253673,15.583574414253235,False,True,True,True,True,0.03327286582090942,0.04105925276567207,0.0743321185865815,0.04105925276567207,4.851653340789509
980,2026-05-15T17:01:50.213Z,2026-05-15 17:01:50.213000+00:00,16,3,4.080574035644531,4.049408912658691,2.106831312179565,1.7407934665679932,335742.406,5595.706766666667,93.26177944444446,69.287,6,74,7.89703369140625,True,0.5202811960020847,-0.28376187008725545,10,3.644451141357422,4.764253616333008,-0.7598738960397351,0.6208421342139377,7.655208945274353,23.238783359527588,10,1.119802474975586,1.380716030253673,15.583574414253235,False,True,True,True,True,0.051277594485450405,0.026678768187000036,0.07795636267245044,0.026678768187000036,4.477062924122699
981,2026-05-15T17:02:59.439Z,2026-05-15 17:02:59.439000+00:00,16,4,4.267482757568359,6.034497261047363,4.827116966247559,5.965817451477051,335811.632,5596.8605333333335,93.28100888888889,69.226,6,74,16.827431678771973,True,0.7999203177050993,-0.09695327213868488,10,3.644451141357422,4.764253616333008,-0.7598738960397351,0.6208421342139377,7.655208945274353,23.238783359527588,10,1.119802474975586,1.380716030253673,15.583574414253235,False,True,True,True,True,0.03586107123322902,0.028685999494129758,0.06454707072735878,0.028685999494129758,4.663637868846376
982,2026-05-15T17:04:08.710Z,2026-05-15 17:04:08.710000+00:00,16,5,4.258110046386719,6.300592899,5.113834857940674,4.331907272338867,335880.903,5598.01505,93.30025083333334,69.271,6,74,15.74633502927954,True,0.8116434341841571,-0.09063472023680125,10,3.644451141357422,4.764253616333008,-0.7598738960397351,0.6208421342139377,7.655208945274353,23.238783359527588,10,1.119802474975586,1.380716030253673,15.583574414253235,False,True,True,True,True,0.040013075342829656,0.03247634988352368,0.07248942522635334,0.03247634988352368,4.669883333677977
983,2026-05-15T17:05:17.814Z,2026-05-15 17:05:17.814000+00:00,16,6,4.335851669311523,1.7532707452774048,2.351337194442749,3.550601005554199,335950.007,5599.166783333333,93.31944638888889,69.104,6,74,7.655208945274353,True,1.341114714185639,0.12746592744671945,10,3.644451141357422,4.764253616333008,-0.7598738960397351,0.6208421342139377,7.655208945274353,23.238783359527588,10,1.119802474975586,1.380716030253673,15.583574414253235,False,True,True,True,True,0.02290297701618868,0.03071551947506614,0.053618496491254816,0.03071551947506614,4.887894426136843
984,2026-05-15T17:06:27.126Z,2026-05-15 17:06:27.126000+00:00,16,7,4.412489891052246,4.361614227294922,5.504227638244629,9.805163383483888,336019.319,5600.321983333333,93.33869972222222,69.312,6,74,19.671005249023438,True,1.2619703053514564,0.1010491359114991,10,3.644451141357422,4.764253616333008,-0.7598738960397351,0.6208421342139377,7.655208945274353,23.238783359527588,10,1.119802474975586,1.380716030253673,15.583574414253235,False,True,True,True,True,0.022172808008942266,0.027981425293544086,0.05015423330248635,0.027981425293544086,4.8615320630477
985,2026-05-15T17:07:36.433Z,2026-05-15 17:07:36.433000+00:00,16,8,4.519452095031738,6.416856766,8.759815216064453,7.198273181915283,336088.626,5601.4771,93.35795166666666,69.307,6,74,22.37494516397974,True,1.3651255646656666,0.13517259975289736,10,3.644451141357422,4.764253616333008,-0.7598738960397351,0.6208421342139377,7.655208945274353,23.238783359527588,10,1.119802474975586,1.380716030253673,15.583574414253235,False,True,True,True,True,0.028678759742080465,0.039150108086818576,0.06782886782889905,0.039150108086818576,4.895506323866616
986,2026-05-15T17:08:45.838Z,2026-05-15 17:08:45.838000+00:00,16,9,4.272444725036621,8.520008087158203,6.097723007202148,3.9504687786102295,336158.031,5602.63385,93.37723083333334,69.405,6,74,18.56819987297058,True,0.7156945093036886,-0.14527231461260084,10,3.644451141357422,4.764253616333008,-0.7598738960397351,0.6208421342139377,7.655208945274353,23.238783359527588,10,1.119802474975586,1.380716030253673,15.583574414253235,False,True,True,True,True,0.04588494385802384,0.03283960237889567,0.0787245462369195,0.03283960237889567,4.615277853747295
987,2026-05-15T17:09:55.143Z,2026-05-15 17:09:55.143000+00:00,17,0,4.903746604919434,1.369390845298767,7.877647399902344,4.481409072875977,336227.336,5603.788933333333,93.39648222222222,69.305,6,75,13.728447318077087,True,5.7526654475214025,0.7598691178947582,10,3.9697513580322266,4.903746604919434,-0.4246848619956958,0.7598691178947582,11.801993131637573,23.668039321899414,10,0.933995246887207,1.1845539798904539,11.86604619026184,False,True,True,True,True,0.00997484139007917,0.0573819254092148,0.06735676679929398,0.0573819254092148,5.520023315015816
988,2026-05-15T17:11:04.560Z,2026-05-15 17:11:04.560000+00:00,17,1,4.6275177001953125,4.787857055664063,9.087913513183594,9.792268753051758,336296.753,5604.945883333334,93.41576472222224,69.417,6,75,23.668039321899414,True,1.8981171341430376,0.27832300953610933,10,3.9697513580322266,4.903746604919434,-0.4246848619956958,0.7598691178947582,11.801993131637573,23.668039321899414,10,0.933995246887207,1.1845539798904539,11.86604619026184,False,True,True,True,True,0.020229208641013137,0.03839740753166143,0.05862661617267457,0.03839740753166143,5.038622905112926
989,2026-05-15T17:12:13.845Z,2026-05-15 17:12:13.845000+00:00,17,2,4.387678146362305,4.091512680053711,4.769117355,2.949628591537476,336366.038,5606.1006333333335,93.43501055555556,69.285,6,75,11.810258626591185,True,1.1656122632222647,0.06655410792952435,10,3.9697513580322266,4.903746604919434,-0.4246848619956958,0.7598691178947582,11.801993131637573,23.668039321899414,10,0.933995246887207,1.1845539798904539,11.86604619026184,False,True,True,True,True,0.034643717884734006,0.040381142410058454,0.07502486029479247,0.040381142410058454,4.8269010574174915
990,2026-05-15T17:13:23.168Z,2026-05-15 17:13:23.168000+00:00,17,3,4.099870681762695,6.376429080963135,3.421243190765381,5.392129421234131,336435.361,5607.256016666666,93.45426694444444,69.323,6,75,15.189801692962646,True,0.536545321421283,-0.27039358774862243,10,3.9697513580322266,4.903746604919434,-0.4246848619956958,0.7598691178947582,11.801993131637573,23.668039321899414,10,0.933995246887207,1.1845539798904539,11.86604619026184,False,True,True,True,True,0.041978356333100125,0.022523290691480357,0.06450164702458049,0.022523290691480357,4.4905635752036535
991,2026-05-15T17:14:32.279Z,2026-05-15 17:14:32.279000+00:00,17,4,4.669971466064453,3.0445187091827397,6.933326244354248,1.824148178100586,336504.472,5608.407866666666,93.47346444444445,69.111,6,75,11.801993131637573,True,2.277314382546661,0.35742298897285374,10,3.9697513580322266,4.903746604919434,-0.4246848619956958,0.7598691178947582,11.801993131637573,23.668039321899414,10,0.933995246887207,1.1845539798904539,11.86604619026184,False,True,True,True,True,0.025796648711998535,0.05874707913333807,0.0845437278453366,0.05874707913333807,5.117607798269981
992,2026-05-15T17:15:41.716Z,2026-05-15 17:15:41.716000+00:00,17,5,3.9697513580322266,6.598465919494629,2.481750488,7.181560516357422,336573.909,5609.565149999999,93.4927525,69.437,6,75,16.26177692385205,True,0.3761102229334656,-0.4246848619956958,10,3.9697513580322266,4.903746604919434,-0.4246848619956958,0.7598691178947582,11.801993131637573,23.668039321899414,10,0.933995246887207,1.1845539798904539,11.86604619026184,False,True,True,True,True,0.04057653693315823,0.015261250351798141,0.05583778728495637,0.015261250351798141,4.337115344677351
993,2026-05-15T17:16:50.905Z,2026-05-15 17:16:50.905000+00:00,17,6,4.610425949,4.122329711914063,9.148535728,6.041935920715332,336643.098,5610.7182999999995,93.51197166666665,69.189,6,75,19.312801360629397,True,2.2192634668594207,0.346208863931398,10,3.9697513580322266,4.903746604919434,-0.4246848619956958,0.7598691178947582,11.801993131637573,23.668039321899414,10,0.933995246887207,1.1845539798904539,11.86604619026184,False,True,True,True,True,0.021345063488913334,0.04737031959874025,0.06871538308765358,0.04737031959874025,5.10643985546481
994,2026-05-15T17:18:00.320Z,2026-05-15 17:18:00.320000+00:00,17,7,4.813876152038574,2.463056802749634,8.913812637329102,3.569662809371948,336712.513,5611.875216666666,93.53125361111111,69.415,6,75,14.946532249450684,True,3.6190040876759992,0.5585890736453996,10,3.9697513580322266,4.903746604919434,-0.4246848619956958,0.7598691178947582,11.801993131637573,23.668039321899414,10,0.933995246887207,1.1845539798904539,11.86604619026184,False,True,True,True,True,0.01647911877914127,0.05963799822301058,0.07611711700215185,0.05963799822301058,5.318750477414775
995,2026-05-15T17:19:09.742Z,2026-05-15 17:19:09.742000+00:00,17,8,4.4224138259887695,3.9235527515411377,4.836359024047852,7.884774684906006,336781.935,5613.03225,93.5505375,69.422,6,75,16.644686460494995,True,1.2326478909065697,0.09083903695656967,10,3.9697513580322266,4.903746604919434,-0.4246848619956958,0.7598691178947582,11.801993131637573,23.668039321899414,10,0.933995246887207,1.1845539798904539,11.86604619026184,False,True,True,True,True,0.023572404087354948,0.02905647418187548,0.05262887826923043,0.02905647418187548,4.8513089917472865
996,2026-05-15T17:20:18.957Z,2026-05-15 17:20:18.957000+00:00,17,9,4.653983116149902,3.611147642,7.926257610321045,7.05866289138794,336851.15,5614.185833333334,93.5697638888889,69.215,6,75,18.596068143708987,True,2.194941441367144,0.3414229382317352,10,3.9697513580322266,4.903746604919434,-0.4246848619956958,0.7598691178947582,11.801993131637573,23.668039321899414,10,0.933995246887207,1.1845539798904539,11.86604619026184,False,True,True,True,True,0.01941887722766624,0.04262329837182535,0.06204217559949159,0.04262329837182535,5.101680522640408
997,2026-05-15T17:21:28.614Z,2026-05-15 17:21:28.614000+00:00,18,0,4.553084373474121,6.151801109313965,8.968694686889648,2.1061103343963623,336920.807,5615.3467833333325,93.58911305555554,69.657,6,76,17.226606130599976,True,1.4578973746909412,0.16372695390371292,10,4.15831470489502,4.732275963,-0.21883277128714876,0.4417953207465676,11.182800769805908,25.037365913297364,10,0.5739612581049798,0.6606280920337163,13.854565143491456,False,True,True,True,True,0.03571104524405649,0.052063039108779366,0.08777408435283585,0.052063039108779366,4.923971204486037
998,2026-05-15T17:22:38.151Z,2026-05-15 17:22:38.151000+00:00,18,1,4.417451858520508,7.542778015136719,8.312520027160645,9.182067871,336990.344,5616.505733333333,93.6084288888889,69.537,6,76,25.037365913297364,True,1.1020502009311717,0.04220137808275471,10,4.15831470489502,4.732275963,-0.21883277128714876,0.4417953207465676,11.182800769805908,25.037365913297364,10,0.5739612581049798,0.6606280920337163,13.854565143491456,False,True,True,True,True,0.030126084514069208,0.03320045749199942,0.06332654200606863,0.03320045749199942,4.802634530265724
999,2026-05-15T17:23:47.571Z,2026-05-15 17:23:47.571000+00:00,18,2,4.167688369750977,9.300023078918455,5.684046268463135,5.082224369049072,337059.764,5617.662733333334,93.62771222222223,69.42,6,76,20.066293716430664,True,0.6111862540801523,-0.2138264218477295,10,4.15831470489502,4.732275963,-0.21883277128714876,0.4417953207465676,11.182800769805908,25.037365913297364,10,0.5739612581049798,0.6606280920337163,13.854565143491456,False,True,True,True,True,0.04634649133688011,0.028326338429945985,0.0746728297668261,0.028326338429945985,4.546874670217623
1000,2026-05-15T17:24:56.888Z,2026-05-15 17:24:56.888000+00:00,18,3,4.5685224533081055,5.663660049438477,9.729355812072754,5.928710460662842,337129.081,5618.818016666667,93.64696694444446,69.317,6,76,21.321726322174072,True,1.717856602823005,0.23498690850461204,10,4.15831470489502,4.732275963,-0.21883277128714876,0.4417953207465676,11.182800769805908,25.037365913297364,10,0.5739612581049798,0.6606280920337163,13.854565143491456,False,True,True,True,True,0.026562858766029696,0.04563118232107905,0.07219404108710875,0.04563118232107905,4.99524842168524
1001,2026-05-15T17:26:05.972Z,2026-05-15 17:26:05.972000+00:00,18,4,4.732275963,2.576612949371338,7.125978469848633,1.4802093505859375,337198.165,5619.969416666666,93.66615694444444,69.084,6,76,11.182800769805908,True,2.765637916857976,0.4417953207465676,10,4.15831470489502,4.732275963,-0.21883277128714876,0.4417953207465676,11.182800769805908,25.037365913297364,10,0.5739612581049798,0.6606280920337163,13.854565143491456,False,True,True,True,True,0.02304085534929957,0.06372266319086281,0.08676351854016238,0.06372266319086281,5.201956496425444
1002,2026-05-15T17:27:15.215Z,2026-05-15 17:27:15.215000+00:00,18,5,4.623106956481934,4.051094055175781,8.028575897216797,9.380104064941406,337267.408,5621.123466666667,93.68539111111112,69.243,6,76,21.459774017333984,True,1.9818290535514187,0.2970661908651336,10,4.15831470489502,4.732275963,-0.21883277128714876,0.4417953207465676,11.182800769805908,25.037365913297364,10,0.5739612581049798,0.6606280920337163,13.854565143491456,False,True,True,True,True,0.018877617499156972,0.037412210821659964,0.056289828320816936,0.037412210821659964,5.057369494751545
1003,2026-05-15T17:28:24.244Z,2026-05-15 17:28:24.244000+00:00,18,6,4.499052047729492,7.970849037,9.819222450256348,4.977705001831055,337336.437,5622.27395,93.70456583333333,69.029,6,76,22.767776489087403,True,1.2318916598064218,0.09057251495731802,10,4.15831470489502,4.732275963,-0.21883277128714876,0.4417953207465676,11.182800769805908,25.037365913297364,10,0.5739612581049798,0.6606280920337163,13.854565143491456,False,True,True,True,True,0.035009343318265745,0.04312771804907125,0.078137061367337,0.04312771804907125,4.850889330319044
1004,2026-05-15T17:29:33.429Z,2026-05-15 17:29:33.429000+00:00,18,7,4.317656517028809,7.093090534210205,6.381322383880615,9.228132247924805,337405.622,5623.4270333333325,93.72378388888887,69.185,6,76,22.702545166015625,True,0.8996533109373539,-0.0459248173983398,10,4.15831470489502,4.732275963,-0.21883277128714876,0.4417953207465676,11.182800769805908,25.037365913297364,10,0.5739612581049798,0.6606280920337163,13.854565143491456,False,True,True,True,True,0.031243591775023293,0.02810840078597478,0.059351992560998074,0.02810840078597478,4.714641362684626
1005,2026-05-15T17:30:42.790Z,2026-05-15 17:30:42.790000+00:00,18,8,4.15831470489502,7.593006610870361,4.587552070617676,5.943155765533447,337474.983,5624.58305,93.74305083333334,69.361,6,76,18.123714447021484,True,0.6041812296133139,-0.21883277128714876,10,4.15831470489502,4.732275963,-0.21883277128714876,0.4417953207465676,11.182800769805908,25.037365913297364,10,0.5739612581049798,0.6606280920337163,13.854565143491456,False,True,True,True,True,0.04189542178600272,0.025312427449835542,0.06720784923583827,0.025312427449835542,4.541957259579576
1006,2026-05-15T17:31:52.164Z,2026-05-15 17:31:52.164000+00:00,18,9,4.203525543212891,8.214078903198242,5.299895763397217,5.013434886932373,337544.357,5625.739283333333,93.76232138888889,69.374,6,76,18.527409553527832,True,0.6452209463599923,-0.19029154218062883,10,4.15831470489502,4.732275963,-0.21883277128714876,0.4417953207465676,11.182800769805908,25.037365913297364,10,0.5739612581049798,0.6606280920337163,13.854565143491456,False,True,True,True,True,0.04433474026396846,0.028605703069742177,0.07294044333371064,0.028605703069742177,4.570380037491713
1007,2026-05-15T17:33:01.713Z,2026-05-15 17:33:01.713000+00:00,19,0,4.349635124206543,7.944928169250488,7.325024604797363,2.716581106185913,337613.906,5626.898433333334,93.78164055555557,69.549,6,77,17.986533880233765,True,0.9219749315226842,-0.03528088724287463,10,3.7392845153808594,4.968806266784668,-0.6685079537389959,0.8175662896444426,8.217836737632751,22.050946950912476,10,1.2295217514038086,1.4860742433834384,13.833110213279724,False,True,True,True,True,0.04417153533945492,0.040725048269845764,0.08489658360930069,0.040725048269845764,4.725105075305327
1008,2026-05-15T17:34:10.986Z,2026-05-15 17:34:10.986000+00:00,19,1,4.401461601257324,3.2154998779296875,4.289710521697998,7.602951526641846,337683.179,5628.052983333333,93.80088305555554,69.273,6,77,15.108161926269531,True,1.33407267440481,0.12517948867594772,10,3.7392845153808594,4.968806266784668,-0.6685079537389959,0.8175662896444426,8.217836737632751,22.050946950912476,10,1.2295217514038086,1.4860742433834384,13.833110213279724,False,True,True,True,True,0.021283197079974975,0.028393331648366854,0.04967652872834183,0.028393331648366854,4.885644041902922
1009,2026-05-15T17:35:20.337Z,2026-05-15 17:35:20.337000+00:00,19,2,4.3716888427734375,1.5104063749313354,2.378084182739258,4.329346179962158,337752.53,5629.208833333334,93.82014722222223,69.351,6,77,8.217836737632751,True,1.5744664629393978,0.19713341434348758,10,3.7392845153808594,4.968806266784668,-0.6685079537389959,0.8175662896444426,8.217836737632751,22.050946950912476,10,1.2295217514038086,1.4860742433834384,13.833110213279724,False,True,True,True,True,0.018379610390829287,0.028938080162253188,0.04731769055308248,0.028938080162253188,4.957559458041246
1010,2026-05-15T17:36:29.697Z,2026-05-15 17:36:29.697000+00:00,19,3,4.968806266784668,1.3759686946868896,9.040133476257324,2.994435787200928,337821.89,5630.364833333334,93.8394138888889,69.36,6,77,13.410537958145142,True,6.570013919040842,0.8175662896444426,10,3.7392845153808594,4.968806266784668,-0.6685079537389959,0.8175662896444426,8.217836737632751,22.050946950912476,10,1.2295217514038086,1.4860742433834384,13.833110213279724,False,True,True,True,True,0.01026035420041572,0.06741066991102046,0.07767102411143618,0.06741066991102046,5.57769508081111
1011,2026-05-15T17:37:38.844Z,2026-05-15 17:37:38.844000+00:00,19,4,4.218963623046875,6.395733356,4.622671127319336,8.323575973510742,337891.037,5631.517283333334,93.85862138888889,69.147,6,77,19.34198045683008,True,0.7227742105575259,-0.14099735197769947,10,3.7392845153808594,4.968806266784668,-0.6685079537389959,0.8175662896444426,8.217836737632751,22.050946950912476,10,1.2295217514038086,1.4860742433834384,13.833110213279724,False,True,True,True,True,0.033066589898975554,0.023899678410061517,0.056966268309037074,0.023899678410061517,4.619753922802332
1012,2026-05-15T17:38:48.292Z,2026-05-15 17:38:48.292000+00:00,19,5,4.511181831359863,5.8823747634887695,8.113945007324219,3.822664022445679,337960.485,5632.67475,93.87791250000001,69.448,6,77,17.818983793258667,True,1.3793655340843891,0.13967937016389295,10,3.7392845153808594,4.968806266784668,-0.6685079537389959,0.8175662896444426,8.217836737632751,22.050946950912476,10,1.2295217514038086,1.4860742433834384,13.833110213279724,False,True,True,True,True,0.033011841930706554,0.045535396975858476,0.07854723890656504,0.045535396975858476,4.899965073936447
1013,2026-05-15T17:39:57.614Z,2026-05-15 17:39:57.614000+00:00,19,6,3.7392845153808594,8.571643829345703,1.8388917446136477,2.450252056121826,338029.807,5633.830116666666,93.8971686111111,69.322,6,77,12.860787630081177,True,0.21453198257235745,-0.6685079537389959,10,3.7392845153808594,4.968806266784668,-0.6685079537389959,0.8175662896444426,8.217836737632751,22.050946950912476,10,1.2295217514038086,1.4860742433834384,13.833110213279724,False,True,True,True,True,0.06664944695375238,0.014298437992339671,0.08094788494609205,0.014298437992339671,4.094453422596621
1014,2026-05-15T17:41:07.047Z,2026-05-15 17:41:07.047000+00:00,19,7,4.322067260742188,9.739361763000488,8.911893844604492,3.399691343307495,338099.24,5634.9873333333335,93.91645555555556,69.433,6,77,22.050946950912476,True,0.9150387942729965,-0.03856049305755469,10,3.7392845153808594,4.968806266784668,-0.6685079537389959,0.8175662896444426,8.217836737632751,22.050946950912476,10,1.2295217514038086,1.4860742433834384,13.833110213279724,False,True,True,True,True,0.04416754429948629,0.04041501648180109,0.08458256078128738,0.04041501648180109,4.7218299594886375
1015,2026-05-15T17:42:16.206Z,2026-05-15 17:42:16.206000+00:00,19,8,4.671626091003418,3.1561315059661865,7.713471889,9.396247863769531,338168.399,5636.139983333333,93.93566638888888,69.159,6,77,20.26585125873572,True,2.443964034584381,0.38809481053268063,10,3.7392845153808594,4.968806266784668,-0.6685079537389959,0.8175662896444426,8.217836737632751,22.050946950912476,10,1.2295217514038086,1.4860742433834384,13.833110213279724,False,True,True,True,True,0.015573643888290736,0.038061425550407424,0.05363506943869816,0.038061425550407424,5.148374036784406
1016,2026-05-15T17:43:25.826Z,2026-05-15 17:43:25.826000+00:00,19,9,4.921941757202148,1.6068572998046875,8.874078750610352,6.679888725280762,338238.019,5637.300316666666,93.95500527777776,69.62,6,77,17.1608247756958,True,5.522630261995879,0.7421459683458854,10,3.7392845153808594,4.968806266784668,-0.6685079537389959,0.8175662896444426,8.217836737632751,22.050946950912476,10,1.2295217514038086,1.4860742433834384,13.833110213279724,False,True,True,True,True,0.009363520231733945,0.05171126019058455,0.061074780422318495,0.05171126019058455,5.502318133567012
1017,2026-05-15T17:44:35.194Z,2026-05-15 17:44:35.194000+00:00,20,0,4.673280715942383,4.203428268432617,9.333587646484377,2.1456613540649414,338307.387,5638.45645,93.97427416666666,69.368,6,78,15.682677268981935,True,2.220470304341533,0.3464449694723853,10,3.916269302368164,4.673280715942383,-0.4917626878211532,0.3464449694723853,13.364661455154419,26.93696880298535,10,0.7570114135742188,0.8382076572935384,13.572307347830932,False,True,True,True,True,0.026803001785584084,0.059515269532102545,0.08631827131768663,0.059515269532102545,5.106628807873378
1018,2026-05-15T17:45:44.778Z,2026-05-15 17:45:44.778000+00:00,20,1,4.550879478,5.707809448242188,8.223890305,3.1069090366363525,338376.971,5639.6161833333335,93.99360305555555,69.584,6,78,17.03860878987854,True,1.440813744672692,0.15860784279248316,10,3.916269302368164,4.673280715942383,-0.4917626878211532,0.3464449694723853,13.364661455154419,26.93696880298535,10,0.7570114135742188,0.8382076572935384,13.572307347830932,False,True,True,True,True,0.03349926932786204,0.04826620768407597,0.08176547701193801,0.04826620768407597,4.918872566351357
1019,2026-05-15T17:46:54.112Z,2026-05-15 17:46:54.112000+00:00,20,2,4.2630720138549805,9.536493301391602,6.829023361206055,6.088335514068604,338446.305,5640.77175,94.0128625,69.334,6,78,22.45385217666626,True,0.7160937616565554,-0.1450301096696664,10,3.916269302368164,4.673280715942383,-0.4917626878211532,0.3464449694723853,13.364661455154419,26.93696880298535,10,0.7570114135742188,0.8382076572935384,13.572307347830932,False,True,True,True,True,0.042471524379686605,0.03041359365633788,0.07288511803602449,0.03041359365633788,4.615563686574148
1020,2026-05-15T17:48:03.450Z,2026-05-15 17:48:03.450000+00:00,20,3,4.367278099060059,9.602405548095703,9.410790443,7.923772811889648,338515.643,5641.927383333333,94.03212305555554,69.338,6,78,26.93696880298535,True,0.9800450934782999,-0.008753941248070335,10,3.916269302368164,4.673280715942383,-0.4917626878211532,0.3464449694723853,13.364661455154419,26.93696880298535,10,0.7570114135742188,0.8382076572935384,13.572307347830932,False,True,True,True,True,0.0356476841114784,0.03493633790731876,0.07058402201879715,0.03493633790731876,4.7516820562082005
1021,2026-05-15T17:49:12.897Z,2026-05-15 17:49:12.897000+00:00,20,4,4.500706672668457,6.295016765594482,8.498433113098145,4.549392223358154,338585.09,5643.084833333333,94.05141388888889,69.447,6,78,19.34284210205078,True,1.3500254931085285,0.13034196954080296,10,3.916269302368164,4.673280715942383,-0.4917626878211532,0.3464449694723853,13.364661455154419,26.93696880298535,10,0.7570114135742188,0.8382076572935384,13.572307347830932,False,True,True,True,True,0.03254442512833762,0.043935803581817576,0.0764802287101552,0.043935803581817576,4.89064076831933
1022,2026-05-15T17:50:22.282Z,2026-05-15 17:50:22.282000+00:00,20,5,4.055763244628906,4.684168815612793,2.371224403381348,8.416276931762695,338654.475,5644.24125,94.0706875,69.385,6,78,15.471670150756836,True,0.5062209533264098,-0.29565988263548004,10,3.916269302368164,4.673280715942383,-0.4917626878211532,0.3464449694723853,13.364661455154419,26.93696880298535,10,0.7570114135742188,0.8382076572935384,13.572307347830932,False,True,True,True,True,0.03027577998994281,0.015326234209209493,0.0456020141991523,0.015326234209209493,4.465799587928874
1023,2026-05-15T17:51:31.578Z,2026-05-15 17:51:31.578000+00:00,20,6,4.152250289916992,4.543971061706543,2.937318563461304,8.356453895568848,338723.771,5645.396183333333,94.08993638888889,69.296,6,78,15.837743520736694,True,0.6464210540896708,-0.18948450692706859,10,3.916269302368164,4.673280715942383,-0.4917626878211532,0.3464449694723853,13.364661455154419,26.93696880298535,10,0.7570114135742188,0.8382076572935384,13.572307347830932,False,True,True,True,True,0.02869077312533206,0.01854631980632475,0.04723709293165681,0.01854631980632475,4.571549209512664
1024,2026-05-15T17:52:40.863Z,2026-05-15 17:52:40.863000+00:00,20,7,3.916269302368164,9.095899582,2.931453227996826,3.9723095893859854,338793.056,5646.550933333333,94.10918222222222,69.285,6,78,15.99966239938281,True,0.32228293656604556,-0.4917626878211532,10,3.916269302368164,4.673280715942383,-0.4917626878211532,0.3464449694723853,13.364661455154419,26.93696880298535,10,0.7570114135742188,0.8382076572935384,13.572307347830932,False,True,True,True,True,0.05685057193676084,0.018321969269238503,0.07517254120599934,0.018321969269238503,4.269919154290706
1025,2026-05-15T17:53:50.423Z,2026-05-15 17:53:50.423000+00:00,20,8,4.485819816589356,3.107830286026001,5.166165351867676,5.090665817260742,338862.616,5647.710266666666,94.12850444444443,69.56,6,78,13.364661455154419,True,1.662306135279246,0.22071100778698635,10,3.916269302368164,4.673280715942383,-0.4917626878211532,0.3464449694723853,13.364661455154419,26.93696880298535,10,0.7570114135742188,0.8382076572935384,13.572307347830932,False,True,True,True,True,0.023254089124924205,0.03865541502269191,0.06190950414761612,0.03865541502269191,4.981023491187712
1026,2026-05-15T17:54:59.648Z,2026-05-15 17:54:59.648000+00:00,20,9,4.382164955,5.975994587,6.205255031585693,3.611085891723633,338931.841,5648.864016666667,94.14773361111112,69.225,6,78,15.792335510309325,True,1.0383635629597825,0.01634943996944321,10,3.916269302368164,4.673280715942383,-0.4917626878211532,0.3464449694723853,13.364661455154419,26.93696880298535,10,0.7570114135742188,0.8382076572935384,13.572307347830932,False,True,True,True,True,0.037841107055374024,0.03929282674836074,0.07713393380373476,0.03929282674836074,4.776726156342969
1027,2026-05-15T17:56:08.746Z,2026-05-15 17:56:08.746000+00:00,21,0,3.9829835891723633,6.671789646148682,2.725314855575561,1.591746807098389,339000.939,5650.01565,94.1669275,69.098,6,79,10.988851308822632,True,0.4084833305781396,-0.38882566149543907,10,3.9829835891723633,4.826005935668945,-0.38926320514393753,0.5674003679039513,10.988851308822632,24.202906131403566,10,0.843022346496582,0.9566635730478888,13.214054822580934,False,True,True,True,True,0.060714168011283355,0.02480072556252977,0.08551489357381312,0.02480072556252977,4.3722205731904635
1028,2026-05-15T17:57:18.082Z,2026-05-15 17:57:18.082000+00:00,21,1,4.566317558288574,5.5311126708984375,9.09828281402588,5.575882434844971,339070.275,5651.17125,94.1861875,69.336,6,79,20.205277919769287,True,1.6449281284570207,0.21614692715139563,10,3.9829835891723633,4.826005935668945,-0.38926320514393753,0.5674003679039513,10.988851308822632,24.202906131403566,10,0.843022346496582,0.9566635730478888,13.214054822580934,False,True,True,True,True,0.02737459337536098,0.045029238648204496,0.07240383202356548,0.045029238648204496,4.976416249911616
1029,2026-05-15T17:58:27.534Z,2026-05-15 17:58:27.534000+00:00,21,2,4.017167091369629,5.799208641052246,2.5913326740264893,6.391196250915527,339139.727,5652.328783333333,94.20547972222222,69.452,6,79,14.781737565994263,True,0.44684246324276083,-0.3498455627817179,10,3.9829835891723633,4.826005935668945,-0.38926320514393753,0.5674003679039513,10.988851308822632,24.202906131403566,10,0.843022346496582,0.9566635730478888,13.214054822580934,False,True,True,True,True,0.03923225273863245,0.017530636452293073,0.05676288919092552,0.017530636452293073,4.4115431000689505
1030,2026-05-15T17:59:37.115Z,2026-05-15 17:59:37.115000+00:00,21,3,4.392641067504883,7.975622177124023,8.607713699,7.619570255279541,339209.308,5653.488466666667,94.22480777777778,69.581,6,79,24.202906131403566,True,1.079252942007329,0.03312324120211315,10,3.9829835891723633,4.826005935668945,-0.38926320514393753,0.5674003679039513,10.988851308822632,24.202906131403566,10,0.843022346496582,0.9566635730478888,13.214054822580934,False,True,True,True,True,0.03295315915296452,0.035564793964272694,0.06851795311723721,0.035564793964272694,4.793531682988625
1031,2026-05-15T18:00:46.228Z,2026-05-15 18:00:46.228000+00:00,21,4,4.385472297668457,3.2865450382232666,4.113969802856445,5.993330001831055,339278.421,5654.64035,94.24400583333333,69.113,6,79,13.393844842910767,True,1.2517612736201817,0.09752151143422891,10,3.9829835891723633,4.826005935668945,-0.38926320514393753,0.5674003679039513,10.988851308822632,24.202906131403566,10,0.843022346496582,0.9566635730478888,13.214054822580934,False,True,True,True,True,0.024537726670492258,0.03071537598879929,0.05525310265929155,0.03071537598879929,4.857963077002559
1032,2026-05-15T18:01:55.709Z,2026-05-15 18:01:55.709000+00:00,21,5,4.104832649230957,7.130065441131592,3.7546286582946777,2.6197898387908936,339347.902,5655.798366666667,94.26330611111112,69.481,6,79,13.504483938217163,True,0.5265910515540502,-0.2785265252028283,10,3.9829835891723633,4.826005935668945,-0.38926320514393753,0.5674003679039513,10.988851308822632,24.202906131403566,10,0.843022346496582,0.9566635730478888,13.214054822580934,False,True,True,True,True,0.05279776312631825,0.027802829604389585,0.08060059273070784,0.027802829604389585,4.48225877114008
1033,2026-05-15T18:03:04.850Z,2026-05-15 18:03:04.850000+00:00,21,6,4.012205123901367,9.215582847595217,3.760621309280396,4.261412143707275,339417.043,5656.950716666667,94.28251194444445,69.141,6,79,17.237616300582886,True,0.40807199842620057,-0.38926320514393753,10,3.9829835891723633,4.826005935668945,-0.38926320514393753,0.5674003679039513,10.988851308822632,24.202906131403566,10,0.843022346496582,0.9566635730478888,13.214054822580934,False,True,True,True,True,0.05346204885233229,0.021816365115130402,0.0752784139674627,0.021816365115130402,4.371926523664576
1034,2026-05-15T18:04:14.293Z,2026-05-15 18:04:14.293000+00:00,21,7,4.705258369445801,3.9864001274108887,9.631915092468262,5.981102943,339486.486,5658.1080999999995,94.30180166666666,69.443,6,79,19.59941816287915,True,2.41619375492145,0.3831317574819044,10,3.9829835891723633,4.826005935668945,-0.38926320514393753,0.5674003679039513,10.988851308822632,24.202906131403566,10,0.843022346496582,0.9566635730478888,13.214054822580934,False,True,True,True,True,0.02033937994629371,0.049143882805209434,0.06948326275150314,0.049143882805209434,5.1433487623342975
1035,2026-05-15T18:05:24.056Z,2026-05-15 18:05:24.056000+00:00,21,8,4.826005935668945,2.284307718276977,8.436357498168945,6.312403202056885,339556.249,5659.270816666667,94.32118027777778,69.763,6,79,17.033068418502808,True,3.6931790890819114,0.5674003679039513,10,3.9829835891723633,4.826005935668945,-0.38926320514393753,0.5674003679039513,10.988851308822632,24.202906131403566,10,0.843022346496582,0.9566635730478888,13.214054822580934,False,True,True,True,True,0.01341101710009902,0.049529287917405636,0.06294030501750465,0.049529287917405636,5.327593891913189
1036,2026-05-15T18:06:33.574Z,2026-05-15 18:06:33.574000+00:00,21,9,4.7747297286987305,2.390779972076416,7.596518993377685,8.325420379638672,339625.767,5660.42945,94.34049083333333,69.518,6,79,18.312719345092773,True,3.1774228837880187,0.5020750190051988,10,3.9829835891723633,4.826005935668945,-0.38926320514393753,0.5674003679039513,10.988851308822632,24.202906131403566,10,0.843022346496582,0.9566635730478888,13.214054822580934,False,True,True,True,True,0.013055297397527523,0.04148220070556212,0.054537498103089645,0.04148220070556212,5.262314059769267
1037,2026-05-15T18:07:42.888Z,2026-05-15 18:07:42.888000+00:00,22,0,5.012914657592773,1.3725721836090088,9.402025223,6.371198654174805,339695.081,5661.5846833333335,94.35974472222223,69.314,6,80,17.145796060783816,True,6.849931344432858,0.8356862186627343,10,3.871058464050293,5.012914657592773,-0.5077755780863366,0.8356862186627343,13.808190107192871,23.445743560762207,10,1.1418561935424805,1.3434617967490707,9.637553453569335,False,True,True,True,True,0.008005298667633061,0.054835746264966304,0.06284104493259937,0.054835746264966304,5.595843662535343
1038,2026-05-15T18:08:52.162Z,2026-05-15 18:08:52.162000+00:00,22,1,4.318758964538574,6.486405849456787,5.353653430938721,3.5133602619171143,339764.355,5662.73925,94.3789875,69.274,6,80,15.353419542312622,True,0.8253651644981588,-0.08335386497821179,10,3.871058464050293,5.012914657592773,-0.5077755780863366,0.8356862186627343,13.808190107192871,23.445743560762207,10,1.1418561935424805,1.3434617967490707,9.637553453569335,False,True,True,True,True,0.042247304136911294,0.034869453128565535,0.07711675726547683,0.034869453128565535,4.677124259237547
1039,2026-05-15T18:10:01.493Z,2026-05-15 18:10:01.493000+00:00,22,2,4.417451858520508,8.040309906,8.419924736,6.985508918762207,339833.686,5663.894766666666,94.3982461111111,69.331,6,80,23.445743560762207,True,1.047213954989063,0.020035420913176637,10,3.871058464050293,5.012914657592773,-0.5077755780863366,0.8356862186627343,13.808190107192871,23.445743560762207,10,1.1418561935424805,1.3434617967490707,9.637553453569335,False,True,True,True,True,0.034293260459676435,0.03591238091544781,0.07020564137512425,0.03591238091544781,4.7804458577550495
1040,2026-05-15T18:11:10.917Z,2026-05-15 18:11:10.917000+00:00,22,3,4.685961723327637,3.820504665374756,9.049875259399414,7.633774757385254,339903.11,5665.051833333333,94.41753055555554,69.424,6,80,20.504154682159424,True,2.368764352369062,0.37452185871512483,10,3.871058464050293,5.012914657592773,-0.5077755780863366,0.8356862186627343,13.808190107192871,23.445743560762207,10,1.1418561935424805,1.3434617967490707,9.637553453569335,False,True,True,True,True,0.01863283185577487,0.044136787883646195,0.06276961973942106,0.044136787883646195,5.134764887595095
1041,2026-05-15T18:12:20.347Z,2026-05-15 18:12:20.347000+00:00,22,4,3.964789390563965,8.188258171081543,2.8698954582214355,9.242975234985352,339972.54,5666.209,94.43681666666666,69.43,6,80,20.30112886428833,True,0.35048912702301455,-0.4553254502997496,10,3.871058464050293,5.012914657592773,-0.5077755780863366,0.8356862186627343,13.808190107192871,23.445743560762207,10,1.1418561935424805,1.3434617967490707,9.637553453569335,False,True,True,True,True,0.040334004211388906,0.01413662992539229,0.054470634136781194,0.01413662992539229,4.3067196602473485
1042,2026-05-15T18:13:29.651Z,2026-05-15 18:13:29.651000+00:00,22,5,4.545917510986328,5.403214454650879,8.849850655,3.0675301551818848,340041.844,5667.364066666666,94.45606777777776,69.304,6,80,17.32059526483276,True,1.6378862488758685,0.21428373674006126,10,3.871058464050293,5.012914657592773,-0.5077755780863366,0.8356862186627343,13.808190107192871,23.445743560762207,10,1.1418561935424805,1.3434617967490707,9.637553453569335,False,True,True,True,True,0.031195316165729074,0.05109437937718274,0.08228969554291181,0.05109437937718274,4.9745214951368215
1043,2026-05-15T18:14:39.292Z,2026-05-15 18:14:39.292000+00:00,22,6,4.805606842041016,2.689086914,8.883833885192871,2.235269308,340111.485,5668.52475,94.47541249999999,69.641,6,80,13.808190107192871,True,3.303661863416018,0.5189955899898883,10,3.871058464050293,5.012914657592773,-0.5077755780863366,0.8356862186627343,13.808190107192871,23.445743560762207,10,1.1418561935424805,1.3434617967490707,9.637553453569335,False,True,True,True,True,0.019474579167324896,0.06433742450116733,0.08381200366849223,0.06433742450116733,5.27914831784974
1044,2026-05-15T18:15:48.871Z,2026-05-15 18:15:48.871000+00:00,22,7,4.124131202697754,9.62049961090088,4.706995010375977,3.382960796356201,340181.064,5669.6844,94.49474000000001,69.579,6,80,17.710455417633057,True,0.4892672107218354,-0.31045388842916966,10,3.871058464050293,5.012914657592773,-0.5077755780863366,0.8356862186627343,13.808190107192871,23.445743560762207,10,1.1418561935424805,1.3434617967490707,9.637553453569335,False,True,True,True,True,0.054321017636409424,0.026577492782537664,0.08089851041894709,0.026577492782537664,4.450408461223667
1045,2026-05-15T18:16:58.392Z,2026-05-15 18:16:58.392000+00:00,22,8,4.650123596191406,1.827157020568848,5.130509853363037,8.638582229614258,340250.585,5670.843083333334,94.5140513888889,69.521,6,80,15.596249103546143,True,2.8079195140906705,0.4483846550648705,10,3.871058464050293,5.012914657592773,-0.5077755780863366,0.8356862186627343,13.808190107192871,23.445743560762207,10,1.1418561935424805,1.3434617967490707,9.637553453569335,False,True,True,True,True,0.011715361869626746,0.032895793208358705,0.04461115507798545,0.032895793208358705,5.208695537541347
1046,2026-05-15T18:18:08.698Z,2026-05-15 18:18:08.698000+00:00,22,9,3.871058464050293,6.333928108215332,1.9674221277236936,9.090519905090332,340320.891,5672.0148500000005,94.53358083333335,70.306,6,80,17.391870141029358,True,0.31061642855906063,-0.5077755780863366,10,3.871058464050293,5.012914657592773,-0.5077755780863366,0.8356862186627343,13.808190107192871,23.445743560762207,10,1.1418561935424805,1.3434617967490707,9.637553453569335,False,True,True,True,True,0.03641890180212932,0.011312309209820546,0.04773121101194987,0.011312309209820546,4.255016689710133
1047,2026-05-15T18:19:18.137Z,2026-05-15 18:19:18.137000+00:00,23,0,3.956519127,9.63885498,3.6050901412963863,7.757990837097168,340390.33,5673.172166666667,94.55286944444445,69.439,6,81,21.001935958393553,True,0.3740164312853254,-0.42710931796049467,10,3.956519127,4.787961959838867,-0.42710931796049467,0.5709090374936744,13.362355470807739,21.001935958393553,10,0.8314428328388672,0.9980183554541691,7.639580487585814,False,True,True,True,True,0.04589507843036619,0.017165513448085677,0.06306059187845187,0.017165513448085677,4.334498559430221
1048,2026-05-15T18:20:27.378Z,2026-05-15 18:20:27.378000+00:00,23,1,4.456598281860352,4.320962905883789,6.145410537719727,7.7248382568359375,340459.571,5674.326183333334,94.57210305555556,69.241,6,81,18.191211700439453,True,1.4222317274123355,0.15297036273513648,10,3.956519127,4.787961959838867,-0.42710931796049467,0.5709090374936744,13.362355470807739,21.001935958393553,10,0.8314428328388672,0.9980183554541691,7.639580487585814,False,True,True,True,True,0.023753024136261392,0.033782304548581936,0.05753532868484333,0.033782304548581936,4.91335051749489
1049,2026-05-15T18:21:37.024Z,2026-05-15 18:21:37.024000+00:00,23,2,4.151698112487793,7.041073799133301,4.278895854949951,4.995225429534912,340529.217,5675.48695,94.59144916666668,69.646,6,81,16.315195083618164,True,0.6077050144647893,-0.21630718006636993,10,3.956519127,4.787961959838867,-0.42710931796049467,0.5709090374936744,13.362355470807739,21.001935958393553,10,0.8314428328388672,0.9980183554541691,7.639580487585814,False,True,True,True,True,0.043156540654565236,0.026226446162732828,0.06938298681729807,0.026226446162732828,4.544452622370382
1050,2026-05-15T18:22:46.264Z,2026-05-15 18:22:46.264000+00:00,23,3,4.252596855163574,9.778641700744627,7.122469425201416,2.197849750518799,340598.457,5676.64095,94.6106825,69.24,6,81,19.098960876464844,True,0.7283700173469954,-0.13764793982488494,10,3.956519127,4.787961959838867,-0.42710931796049467,0.5709090374936744,13.362355470807739,21.001935958393553,10,0.8314428328388672,0.9980183554541691,7.639580487585814,False,True,True,True,True,0.051199862463693485,0.0372924447108442,0.08849230717453768,0.0372924447108442,4.622831708764871
1051,2026-05-15T18:23:55.483Z,2026-05-15 18:23:55.483000+00:00,23,4,4.575690269470215,1.2127925157546997,3.220757007598877,9.058979988098145,340667.676,5677.794599999999,94.62990999999998,69.219,6,81,13.492529511451721,True,2.6556537625025296,0.42417145215813246,10,3.956519127,4.787961959838867,-0.42710931796049467,0.5709090374936744,13.362355470807739,21.001935958393553,10,0.8314428328388672,0.9980183554541691,7.639580487585814,False,True,True,True,True,0.00898862229447301,0.023870668616031373,0.03285929091050438,0.023870668616031373,5.184606237659397
1052,2026-05-15T18:25:04.863Z,2026-05-15 18:25:04.863000+00:00,23,5,4.4554948806762695,7.533251762390137,8.942380905151367,1.8063900470733645,340737.056,5678.950933333333,94.64918222222221,69.38,6,81,18.282022714614868,True,1.1870545665015906,0.07447068305388035,10,3.956519127,4.787961959838867,-0.42710931796049467,0.5709090374936744,13.362355470807739,21.001935958393553,10,0.8314428328388672,0.9980183554541691,7.639580487585814,False,True,True,True,True,0.041205789315467624,0.0489135203732283,0.09011930968869591,0.0489135203732283,4.83475476702752
1053,2026-05-15T18:26:14.233Z,2026-05-15 18:26:14.233000+00:00,23,6,4.665009498596191,4.294641017913818,9.326129913330078,5.896692752838135,340806.426,5680.107099999999,94.66845166666666,69.37,6,81,19.51746368408203,True,2.1715737996328213,0.3367745931864733,10,3.956519127,4.787961959838867,-0.42710931796049467,0.5709090374936744,13.362355470807739,21.001935958393553,10,0.8314428328388672,0.9980183554541691,7.639580487585814,False,True,True,True,True,0.02200409380762124,0.0477835135972931,0.06978760740491434,0.0477835135972931,5.097005143221132
1054,2026-05-15T18:27:23.505Z,2026-05-15 18:27:23.505000+00:00,23,7,4.063481330871582,7.808421611785889,3.4167914390563965,7.453450679779053,340875.698,5681.261633333333,94.68769388888887,69.272,6,81,18.678663730621338,True,0.43757773451924703,-0.3589447845298352,10,3.956519127,4.787961959838867,-0.42710931796049467,0.5709090374936744,13.362355470807739,21.001935958393553,10,0.8314428328388672,0.9980183554541691,7.639580487585814,False,True,True,True,True,0.04180396266240907,0.01829248327574415,0.06009644593815322,0.01829248327574415,4.40240564109893
1055,2026-05-15T18:28:33.276Z,2026-05-15 18:28:33.276000+00:00,23,8,4.787961959838867,1.9067763090133667,7.099189758300781,4.778178691864014,340945.469,5682.424483333333,94.70707472222222,69.771,6,81,13.784144759178162,True,3.7231371738482277,0.5709090374936744,10,3.956519127,4.787961959838867,-0.42710931796049467,0.5709090374936744,13.362355470807739,21.001935958393553,10,0.8314428328388672,0.9980183554541691,7.639580487585814,False,True,True,True,True,0.013833112915792192,0.05150257692682596,0.06533568984261814,0.05150257692682596,5.331094797067966
1056,2026-05-15T18:29:43.014Z,2026-05-15 18:29:43.014000+00:00,23,9,4.40587329864502,1.1606085300445557,2.272826194763184,9.928920746,341015.207,5683.586783333333,94.72644638888889,69.738,6,81,13.362355470807739,True,1.9583056094512163,0.29188046792747424,10,3.956519127,4.787961959838867,-0.42710931796049467,0.5709090374936744,13.362355470807739,21.001935958393553,10,0.8314428328388672,0.9980183554541691,7.639580487585814,False,True,True,True,True,0.008685658247755013,0.01700917326835487,0.025694831516109882,0.01700917326835487,5.052549809396366
1057,2026-05-15T18:30:52.422Z,2026-05-15 18:30:52.422000+00:00,24,0,4.578998565673828,5.170724868774414,8.747851371765137,5.707396030426025,341084.615,5684.743583333333,94.74572638888888,69.408,6,82,19.625972270965576,True,1.6918036820316429,0.22834996582063727,10,4.042530059814453,4.578998565673828,-0.3489797206194309,0.22834996582063727,9.170592427253723,24.568458557128906,10,0.536468505859375,0.5773296864400681,15.397866129875183,False,True,True,True,True,0.02634633738081818,0.044572830588916104,0.07091916796973428,0.044572830588916104,4.9886192047564
1058,2026-05-15T18:32:02.038Z,2026-05-15 18:32:02.038000+00:00,24,1,4.340813636779785,7.687489509582519,6.876101016998291,5.141491413116455,341154.231,5685.903850000001,94.76506416666668,69.616,6,82,19.705081939697266,True,0.8944533853902727,-0.04844228784707619,10,4.042530059814453,4.578998565673828,-0.3489797206194309,0.22834996582063727,9.170592427253723,24.568458557128906,10,0.536468505859375,0.5773296864400681,15.397866129875183,False,True,True,True,True,0.03901272541321198,0.03489506431914858,0.07390778973236056,0.03489506431914858,4.712015289464186
1059,2026-05-15T18:33:11.302Z,2026-05-15 18:33:11.302000+00:00,24,2,4.250943183898926,3.001326799,2.7382071018218994,5.204617023468018,341223.495,5687.05825,94.78430416666667,69.264,6,82,10.944150924289918,True,0.912332206787422,-0.039846993575130656,10,4.042530059814453,4.578998565673828,-0.3489797206194309,0.22834996582063727,9.170592427253723,24.568458557128906,10,0.536468505859375,0.5773296864400681,15.397866129875183,False,True,True,True,True,0.02742402603694661,0.02501982219328322,0.05244384823022983,0.02501982219328322,4.720784332992048
1060,2026-05-15T18:34:21.146Z,2026-05-15 18:34:21.146000+00:00,24,3,4.529376983642578,3.855597257614136,6.407905578613281,2.941873788833618,341293.339,5688.222316666666,94.80370527777777,69.844,6,82,13.205376625061035,True,1.6619748252903694,0.22062444103637072,10,4.042530059814453,4.578998565673828,-0.3489797206194309,0.22834996582063727,9.170592427253723,24.568458557128906,10,0.536468505859375,0.5773296864400681,15.397866129875183,False,True,True,True,True,0.029197177536739248,0.048524974035594116,0.07772215157233336,0.048524974035594116,4.9808733870964605
1061,2026-05-15T18:35:30.399Z,2026-05-15 18:35:30.399000+00:00,24,4,4.503462791442871,6.552835464477539,8.883281707763672,7.900187969207764,341362.592,5689.376533333333,94.82294222222222,69.253,6,82,23.336305141448975,True,1.3556393649618272,0.13214417136147777,10,4.042530059814453,4.578998565673828,-0.3489797206194309,0.22834996582063727,9.170592427253723,24.568458557128906,10,0.536468505859375,0.5773296864400681,15.397866129875183,False,True,True,True,True,0.028080004202716162,0.03806635906549558,0.06614636326821174,0.03806635906549558,4.892488403493078
1062,2026-05-15T18:36:40.185Z,2026-05-15 18:36:40.185000+00:00,24,5,4.042530059814453,9.528369903564451,4.266177177429199,2.0875582695007324,341432.378,5690.539633333334,94.84232722222222,69.786,6,82,15.882105350494383,True,0.4477342106369393,-0.3489797206194309,10,4.042530059814453,4.578998565673828,-0.3489797206194309,0.22834996582063727,9.170592427253723,24.568458557128906,10,0.536468505859375,0.5773296864400681,15.397866129875183,False,True,True,True,True,0.05999437538844842,0.026861534307203172,0.0868559096956516,0.026861534307203172,4.411926513000171
1063,2026-05-15T18:37:49.703Z,2026-05-15 18:37:49.703000+00:00,24,6,4.424619674682617,6.4165873527526855,7.310070514678955,1.816116571426392,341501.896,5691.698266666667,94.86163777777779,69.518,6,82,15.542774438858032,True,1.1392458502950122,0.056617455338963056,10,4.042530059814453,4.578998565673828,-0.3489797206194309,0.22834996582063727,9.170592427253723,24.568458557128906,10,0.536468505859375,0.5773296864400681,15.397866129875183,False,True,True,True,True,0.04128341035890456,0.04703195393740814,0.0883153642963127,0.04703195393740814,4.816918561197534
1064,2026-05-15T18:38:59.414Z,2026-05-15 18:38:59.414000+00:00,24,7,4.269136428833008,9.160995483398438,6.411920547485352,8.995542526245117,341571.607,5692.860116666667,94.88100194444445,69.711,6,82,24.568458557128906,True,0.6999152612950239,-0.15495453681383725,10,4.042530059814453,4.578998565673828,-0.3489797206194309,0.22834996582063727,9.170592427253723,24.568458557128906,10,0.536468505859375,0.5773296864400681,15.397866129875183,False,True,True,True,True,0.03728762820873122,0.02609818004078582,0.06338580824951705,0.02609818004078582,4.605746572801088
1065,2026-05-15T18:40:08.814Z,2026-05-15 18:40:08.814000+00:00,24,8,4.218963623046875,2.1954708099365234,1.9749261140823364,5.000195503234863,341641.007,5694.0167833333335,94.90027972222222,69.4,6,82,9.170592427253723,True,0.8995456032227713,-0.045976814835409545,10,4.042530059814453,4.578998565673828,-0.3489797206194309,0.22834996582063727,9.170592427253723,24.568458557128906,10,0.536468505859375,0.5773296864400681,15.397866129875183,False,True,True,True,True,0.023940337850059612,0.02153542565268882,0.04547576350274843,0.02153542565268882,4.714761920919352
1066,2026-05-15T18:41:18.202Z,2026-05-15 18:41:18.202000+00:00,24,9,4.269688606262207,9.085269927978516,6.653936862945557,2.041834831237793,341710.395,5695.173250000001,94.91955416666669,69.388,6,82,17.781041622161865,True,0.7323873606060339,-0.13525915927260726,10,4.042530059814453,4.578998565673828,-0.3489797206194309,0.22834996582063727,9.170592427253723,24.568458557128906,10,0.536468505859375,0.5773296864400681,15.397866129875183,False,True,True,True,True,0.05109526270190411,0.03742152458971948,0.08851678729162359,0.03742152458971948,4.625217322204337
1067,2026-05-15T18:42:28.060Z,2026-05-15 18:42:28.060000+00:00,25,0,4.625312805175781,2.2074179649353027,5.531639099121094,4.616172790527344,341780.253,5696.33755,94.93895916666666,69.858,6,83,12.35522985458374,True,2.5059319018830313,0.39896926496688384,10,3.749208450317383,4.764253616333008,-0.6933337597534777,0.567373047988969,8.841639399528503,24.397422790356934,10,1.015045166015625,1.2607068077424466,15.55578339082843,False,True,True,True,True,0.017866263848716337,0.04477164054595778,0.06263790439467412,0.04477164054595778,5.159204954232506
1068,2026-05-15T18:43:37.664Z,2026-05-15 18:43:37.664000+00:00,25,1,3.791111946105957,5.69184160232544,1.4646366834640503,9.371755599975586,341849.857,5697.4976166666665,94.9582936111111,69.604,6,83,16.528233885765076,True,0.25732210869425165,-0.5895228983157969,10,3.749208450317383,4.764253616333008,-0.6933337597534777,0.567373047988969,8.841639399528503,24.397422790356934,10,1.015045166015625,1.2607068077424466,15.55578339082843,False,True,True,True,True,0.034437082882929994,0.008861422784714265,0.04329850566764426,0.008861422784714265,4.174587895368945
1069,2026-05-15T18:44:47.161Z,2026-05-15 18:44:47.161000+00:00,25,2,4.474240303039551,3.3444409370422363,5.255845546722412,5.920670509338379,341919.354,5698.6559,94.97759833333333,69.497,6,83,14.520956993103027,True,1.5715169278398404,0.19631906344958244,10,3.749208450317383,4.764253616333008,-0.6933337597534777,0.567373047988969,8.841639399528503,24.397422790356934,10,1.015045166015625,1.2607068077424466,15.55578339082843,False,True,True,True,True,0.023031821791296092,0.03619489782401231,0.059226719615308406,0.03619489782401231,4.9566599960652065
1070,2026-05-15T18:45:56.453Z,2026-05-15 18:45:56.453000+00:00,25,3,4.246531486511231,7.244839668273926,5.328485012054443,2.913440704345703,341988.646,5699.8107666666665,94.99684611111111,69.292,6,83,15.486765384674072,True,0.735486947404586,-0.13342503023823643,10,3.749208450317383,4.764253616333008,-0.6933337597534777,0.567373047988969,8.841639399528503,24.397422790356934,10,1.015045166015625,1.2607068077424466,15.55578339082843,False,True,True,True,True,0.04678084472980733,0.0344067006873339,0.08118754541714124,0.0344067006873339,4.627091890074904
1071,2026-05-15T18:47:05.722Z,2026-05-15 18:47:05.722000+00:00,25,4,4.699745178222656,1.1825608015060425,4.367134094238281,3.29194450378418,342057.915,5700.965249999999,95.01608749999998,69.269,6,83,8.841639399528503,True,3.6929467716810387,0.567373047988969,10,3.749208450317383,4.764253616333008,-0.6933337597534777,0.567373047988969,8.841639399528503,24.397422790356934,10,1.015045166015625,1.2607068077424466,15.55578339082843,False,True,True,True,True,0.013374904223860394,0.04939280937504833,0.06276771359890872,0.04939280937504833,5.327567108818202
1072,2026-05-15T18:48:15.301Z,2026-05-15 18:48:15.301000+00:00,25,5,4.196358680725098,7.010666370391846,4.350043773651123,7.336872100830078,342127.494,5702.1249,95.035415,69.579,6,83,18.697582244873047,True,0.6204893434984536,-0.20726567282691086,10,3.749208450317383,4.764253616333008,-0.6933337597534777,0.567373047988969,8.841639399528503,24.397422790356934,10,1.015045166015625,1.2607068077424466,15.55578339082843,False,True,True,True,True,0.03749504229250923,0.023265274176525807,0.06076031646903504,0.023265274176525807,4.553579680398588
1073,2026-05-15T18:49:24.632Z,2026-05-15 18:49:24.632000+00:00,25,6,4.334197044372559,7.744244575500488,7.099755287,9.553422927856444,342196.825,5703.2804166666665,95.05467361111111,69.331,6,83,24.397422790356934,True,0.916778288415712,-0.03773568042566263,10,3.749208450317383,4.764253616333008,-0.6933337597534777,0.567373047988969,8.841639399528503,24.397422790356934,10,1.015045166015625,1.2607068077424466,15.55578339082843,False,True,True,True,True,0.03174205997922615,0.029100431418543824,0.06084249139776997,0.029100431418543824,4.722805865453408
1074,2026-05-15T18:50:34.097Z,2026-05-15 18:50:34.097000+00:00,25,7,4.764253616333008,2.3572354316711426,7.370981693267822,2.2783124446868896,342266.29,5704.438166666666,95.07396944444443,69.465,6,83,12.006529569625854,True,3.126960334226024,0.4951223722131864,10,3.749208450317383,4.764253616333008,-0.6933337597534777,0.567373047988969,8.841639399528503,24.397422790356934,10,1.015045166015625,1.2607068077424466,15.55578339082843,False,True,True,True,True,0.019632945706763445,0.06139144246906241,0.08102438817582586,0.06139144246906241,5.2552844981033315
1075,2026-05-15T18:51:43.454Z,2026-05-15 18:51:43.454000+00:00,25,8,3.749208450317383,8.548856735229492,1.7321052551269531,4.314399719238281,342335.647,5705.594116666666,95.09323527777777,69.357,6,83,14.595361709594727,True,0.20261250232314895,-0.6933337597534777,10,3.749208450317383,4.764253616333008,-0.6933337597534777,0.567373047988969,8.841639399528503,24.397422790356934,10,1.015045166015625,1.2607068077424466,15.55578339082843,False,True,True,True,True,0.058572421193300264,0.011867504825100008,0.07043992601840027,0.011867504825100008,4.070398017683958
1076,2026-05-15T18:52:53.120Z,2026-05-15 18:52:53.120000+00:00,25,9,4.550879478,5.390768051147461,9.15200901031494,1.725316286087036,342405.313,5706.755216666667,95.11258694444446,69.666,6,83,16.268093347549435,True,1.6977189379103175,0.2298657932000084,10,3.749208450317383,4.764253616333008,-0.6933337597534777,0.567373047988969,8.841639399528503,24.397422790356934,10,1.015045166015625,1.2607068077424466,15.55578339082843,False,True,True,True,True,0.033137061215348304,0.0562574163719903,0.0893944775873386,0.0562574163719903,4.990078861743178
1077,2026-05-15T18:54:02.475Z,2026-05-15 18:54:02.475000+00:00,26,0,4.503462791442871,5.001410484313965,7.089616775512695,6.275969505310059,342474.668,5707.911133333333,95.13185222222222,69.355,6,84,18.36699676513672,True,1.4175234761769742,0.15153026015026277,9,3.946594238,4.993066787719727,-0.3706134015142608,0.7835700043580206,7.781863689300537,26.654473304748535,9,1.0464725497197267,1.1541834058722813,18.872609615448,False,True,True,True,True,0.027230420673930663,0.03859976057147154,0.0658301812454022,0.03859976057147154,4.911863457760994
1078,2026-05-15T18:55:11.801Z,2026-05-15 18:55:11.801000+00:00,26,1,4.0485944747924805,9.176527023,3.9089934825897217,2.2533748149871826,342543.994,5709.066566666666,95.15110944444444,69.326,6,84,15.338895320576905,True,0.42597743926348614,-0.3706134015142608,9,3.946594238,4.993066787719727,-0.3706134015142608,0.7835700043580206,7.781863689300537,26.654473304748535,9,1.0464725497197267,1.1541834058722813,18.872609615448,False,True,True,True,True,0.059825214470887116,0.025484191663697347,0.08530940613458446,0.025484191663697347,4.390375259954978
1079,2026-05-15T18:56:21.597Z,2026-05-15 18:56:21.597000+00:00,26,2,4.680998802185059,1.6517083644866943,5.018184661865234,5.281645774841309,342613.79,5710.229833333333,95.17049722222221,69.796,6,84,11.951538801193237,True,3.0381783913922047,0.4826132705546457,9,3.946594238,4.993066787719727,-0.3706134015142608,0.7835700043580206,7.781863689300537,26.654473304748535,9,1.0464725497197267,1.1541834058722813,18.872609615448,False,True,True,True,True,0.013820047710691351,0.04198777032263177,0.05580781803332312,0.04198777032263177,5.242852008970031
1080,2026-05-15T18:57:31.333Z,2026-05-15 18:57:31.333000+00:00,26,3,3.946594238,2.483078956604004,1.1458439826965332,4.15294075,342683.526,5711.3921,95.18986833333334,69.736,6,84,7.781863689300537,True,0.4614609534058687,-0.33586504098213904,9,3.946594238,4.993066787719727,-0.3706134015142608,0.7835700043580206,7.781863689300537,26.654473304748535,9,1.0464725497197267,1.1541834058722813,18.872609615448,False,True,True,True,True,0.03190853831091961,0.01472454451074465,0.04663308282166426,0.01472454451074465,4.425751095805061
1081,2026-05-15T18:58:40.710Z,2026-05-15 18:58:40.710000+00:00,26,4,4.139568328857422,6.406728744506836,3.696241855621338,1.1766704320907593,342752.903,5712.548383333333,95.20913972222222,69.377,6,84,11.279641032218933,True,0.5769312238777887,-0.23887595611748064,9,3.946594238,4.993066787719727,-0.3706134015142608,0.7835700043580206,7.781863689300537,26.654473304748535,9,1.0464725497197267,1.1541834058722813,18.872609615448,False,True,True,True,True,0.056799048180760266,0.03276914438201951,0.08956819256277979,0.03276914438201951,4.521752521774356
1082,2026-05-15T18:59:50.230Z,2026-05-15 18:59:50.230000+00:00,26,5,4.2961530685424805,7.734940052032471,6.007556438446045,2.033608913421631,342822.423,5713.70705,95.22845083333333,69.52,6,84,15.776105403900146,True,0.7766778278866519,-0.1097590926360185,9,3.946594238,4.993066787719727,-0.3706134015142608,0.7835700043580206,7.781863689300537,26.654473304748535,9,1.0464725497197267,1.1541834058722813,18.872609615448,False,True,True,True,True,0.04902946483940358,0.038080098253912946,0.08710956309331652,0.038080098253912946,4.650693767454276
1083,2026-05-15T19:00:59.544Z,2026-05-15 19:00:59.544000+00:00,26,6,4.467073440551758,7.782082557678223,9.086191177368164,9.786199569702148,342891.737,5714.862283333334,95.24770472222222,69.314,6,84,26.654473304748535,True,1.167578358366712,0.06728603653092892,9,3.946594238,4.993066787719727,-0.3706134015142608,0.7835700043580206,7.781863689300537,26.654473304748535,9,1.0464725497197267,1.1541834058722813,18.872609615448,False,True,True,True,True,0.029196159566551378,0.03408880405732664,0.06328496362387802,0.03408880405732664,4.827696650384537
1084,2026-05-15T19:02:08.916Z,2026-05-15 19:02:08.916000+00:00,26,7,4.630274772644043,3.764366626739502,7.998788833618164,3.5915589332580566,342961.109,5716.018483333333,95.26697472222222,69.372,6,84,15.354714393615723,True,2.1248697660850047,0.32733231716097055,9,3.946594238,4.993066787719727,-0.3706134015142608,0.7835700043580206,7.781863689300537,26.654473304748535,9,1.0464725497197267,1.1541834058722813,18.872609615448,False,True,True,True,True,0.024516031560343925,0.052093374246960596,0.07660940580730452,0.052093374246960596,5.087545262660793
1085,2026-05-15T19:03:18.401Z,2026-05-15 19:03:18.401000+00:00,26,8,4.993066787719727,1.5474485158920288,9.401263236999512,1.0609419345855713,343030.594,5717.176566666666,95.2862761111111,69.485,6,84,12.009653687477112,True,6.07533183847486,0.7835700043580206,9,3.946594238,4.993066787719727,-0.3706134015142608,0.7835700043580206,7.781863689300537,26.654473304748535,9,1.0464725497197267,1.1541834058722813,18.872609615448,False,True,True,True,True,0.012885038621102022,0.0782808853747593,0.09116592399586132,0.0782808853747593,5.543682138032603
