sample_index,utc_time,utc_datetime,elapsed_min,elapsed_h,dt_s,session_id,trial_id,split,episode_number,step_number,ph_measured,acid_flow,acetate_flow,water_flow,total_flow,water_fraction,valid_for_model,valid_for_model_before_flat_trial_filter,uninformative_flat_ph_trial,trial_ph_range,trial_log10_flow_ratio_range,trial_total_flow_range,flow_ratio_acetate_acid,log10_molar_base_acid_ratio,total_buffer_mol_l,ph_henderson_hasselbalch,ph_equilibrium_charge_balance,prediction_hh_raw,residual_hh_raw,prediction_equilibrium_raw,residual_equilibrium_raw,prediction_equilibrium_bias,residual_equilibrium_bias,prediction_hh_effective_pka,residual_hh_effective_pka,prediction_hh_affine,residual_hh_affine,prediction_equilibrium_affine,residual_equilibrium_affine
0,2026-05-11T19:46:07.807Z,2026-05-11 19:46:07.807000+00:00,0.0,0.0,,0,0,train,1,0,4.414143562316895,8.549332618713379,3.926202774047852,4.3504838943481445,16.826019287109375,0.2585569301992364,True,True,False,1.12255859375,1.430094314181045,14.341903805531068,0.4592408494499213,-0.3379594884200798,0.07414430698007636,4.42204051157992,4.423065365111247,4.42204051157992,-0.007896949263024311,4.423065365111247,-0.00892180279435184,4.080023108221863,0.3341204540950322,4.0798299766454855,0.3343135856714099,4.155469221154664,0.258674341162231,4.15497492271976,0.2591686395971351
1,2026-05-11T19:48:30.329Z,2026-05-11 19:48:30.329000+00:00,2.3753666666666664,0.03958944444444444,142.522,0,0,train,1,1,4.619248390197754,7.116000175476074,6.097648143768311,7.160530090332031,20.374178409576416,0.35145123137659323,True,True,False,1.12255859375,1.430094314181045,14.341903805531068,0.8568926353856318,-0.06707358972274756,0.06485487686234068,4.692926410277252,4.69347214830501,4.692926410277252,-0.0736780200794982,4.69347214830501,-0.07422375810725601,4.350429891415626,0.26881849878212805,4.350715875342818,0.268532514854936,4.369227724113169,0.25002066608458495,4.368843177842583,0.25040521235517055
2,2026-05-11T19:50:50.952Z,2026-05-11 19:50:50.952000+00:00,4.719083333333333,0.07865138888888888,140.623,0,0,train,1,2,4.845854759216309,6.221703052520752,9.732967376708984,8.711876869,24.666547298229737,0.35318590655065984,True,True,False,1.12255859375,1.430094314181045,14.341903805531068,1.5643574266640108,0.1943359882974261,0.06468140934493402,4.954335988297426,4.954649299351862,4.954335988297426,-0.10848122908111701,4.954649299351862,-0.10879454013555367,4.611607042462478,0.23424771675383038,4.612125453362991,0.2337293058533172,4.575508377057164,0.2703463821591443,4.575411596402982,0.2704431628133266
3,2026-05-11T19:53:12.043Z,2026-05-11 19:53:12.043000+00:00,7.0706,0.11784333333333333,141.091,0,0,train,1,3,4.805054664611816,4.207277774810791,5.855237007141113,3.0271997451782227,13.089714527130127,0.23126552828206906,True,True,False,1.12255859375,1.430094314181045,14.341903805531068,1.3916925196136911,0.1435432928996799,0.07687344717179309,4.90354329289968,4.90383304682413,4.90354329289968,-0.0984886282878632,4.90383304682413,-0.09877838221231361,4.560790789934746,0.24426387467707045,4.561332757965245,0.243721906646571,4.535427403548902,0.26962726106291424,4.535220358847379,0.26983430576443723
4,2026-05-11T19:55:33.210Z,2026-05-11 19:55:33.210000+00:00,9.423383333333334,0.1570563888888889,141.167,0,0,train,1,4,4.993066787719727,2.5869803428649902,6.577486038208008,4.8657331466674805,14.030199527740479,0.3468042729575559,True,True,False,1.12255859375,1.430094314181045,14.341903805531068,2.542534216136978,0.40526680614915495,0.0653195727042444,5.1652668061491545,5.165490970579203,5.1652668061491545,-0.1722000184294279,5.165490970579203,-0.17242418285947636,4.822448713689819,0.1706180740299077,4.82305627121472,0.17001051650500631,4.741955785610449,0.25111100210927795,4.742169026819436,0.2508977609002905
5,2026-05-11T19:57:54.609Z,2026-05-11 19:57:54.609000+00:00,11.780033333333334,0.1963338888888889,141.399,0,0,train,1,5,4.670523643493652,7.768003463745117,7.414762974,7.852952003479004,23.03571844122412,0.3409032812897021,True,True,False,1.12255859375,1.430094314181045,14.341903805531068,0.9545262188162295,-0.020212137955673292,0.0659096718710298,4.739787862044326,4.740267423435141,4.739787862044326,-0.069264218550674,4.740267423435141,-0.06974377994148906,4.397225166545757,0.273298476947895,4.397577327109892,0.2729463163837602,4.406206517857557,0.26431712563609544,4.405854171878566,0.26466947161508614
6,2026-05-11T20:00:15.871Z,2026-05-11 20:00:15.871000+00:00,14.1344,0.23557333333333333,141.262,0,0,train,1,6,4.743302345275879,8.820981979370117,9.993937492370604,3.0263543128967285,21.84127378463745,0.1385612552975451,True,True,False,1.12255859375,1.430094314181045,14.341903805531068,1.1329733487432252,0.05421969394999294,0.08614387447024549,4.814219693949993,4.8145299840991145,4.814219693949993,-0.07091734867411414,4.8145299840991145,-0.07122763882323557,4.47148772720973,0.2718146180661485,4.472009159015559,0.27129318626032006,4.464941346939198,0.27836099833668104,4.46458940064232,0.27871294463355856
7,2026-05-11T20:02:37.094Z,2026-05-11 20:02:37.094000+00:00,16.488116666666667,0.27480194444444445,141.223,0,0,train,1,7,4.902092933654785,3.8793654441833496,7.435241699,2.0945754051208496,13.409182548304198,0.15620455591349539,True,True,False,1.12255859375,1.430094314181045,14.341903805531068,1.9166128600099448,0.28253439783321266,0.08437954440865048,5.0425343978332124,5.042741416058761,5.0425343978332124,-0.1404414641784273,5.042741416058761,-0.14064848240397598,4.699699159169377,0.20239377448540807,4.700323862898778,0.20176907075600692,4.645106536564005,0.2569863970907802,4.645084801592811,0.2570081320619746
8,2026-05-11T20:04:58.331Z,2026-05-11 20:04:58.331000+00:00,18.842066666666664,0.3140344444444444,141.237,0,0,train,1,8,4.618697166442871,5.235406398773193,4.867502212524414,5.546240329742432,15.649148941040039,0.3544116265132709,True,True,False,1.12255859375,1.430094314181045,14.341903805531068,0.9297276737991171,-0.031644241860911845,0.0645588373486729,4.728355758139088,4.728858781063189,4.728355758139088,-0.10965859169621694,4.728858781063189,-0.11016161462031793,4.385816524173805,0.23288064226906613,4.386145223204654,0.23255194323821726,4.397185341678947,0.22151182476392428,4.396830927681096,0.22186623876177514
9,2026-05-11T20:07:19.569Z,2026-05-11 20:07:19.569000+00:00,21.196033333333332,0.35326722222222223,141.238,0,0,train,1,9,5.189899444580078,1.6605889797210691,8.562686920166016,9.065704345703123,19.28898024559021,0.4699939670359556,True,True,False,1.12255859375,1.430094314181045,14.341903805531068,5.1564155999664045,0.7123479136267027,0.053000603296404436,5.472347913626702,5.472550660107976,5.472347913626702,-0.28244846904662424,5.472550660107976,-0.2826512155278982,5.129508403218592,0.060391041361485875,5.130137378692268,0.05976206588780997,4.984276253884742,0.20562319069533608,4.985026544084518,0.20487290049555984
10,2026-05-11T20:09:40.352Z,2026-05-11 20:09:40.352000+00:00,23.542416666666668,0.39237361111111113,140.783,0,0,train,1,10,4.953369141,2.5687642097473145,5.994353771209717,1.7615255117416382,10.32464349269867,0.1706136887910314,True,True,False,1.12255859375,1.430094314181045,14.341903805531068,2.3335554693824436,0.36801812866681155,0.08293863112089686,5.128018128666811,5.128203715134962,5.128018128666811,-0.1746489876668118,5.128203715134962,-0.1748345741349624,4.785161458245578,0.16820768275442166,4.785807593732377,0.1675615472676224,4.712562518651557,0.2408066223484422,4.7126780496849445,0.24069109131505506
11,2026-05-11T20:12:01.263Z,2026-05-11 20:12:01.263000+00:00,25.890933333333333,0.43151555555555554,140.911,0,0,train,1,11,4.251494407653809,6.424426078796387,2.2115581035614014,7.750305652618408,16.386289834976196,0.47297501329895564,True,True,False,1.12255859375,1.430094314181045,14.341903805531068,0.3442421278471206,-0.4631359824338476,0.05270249867010444,4.296864017566152,4.299034116326978,4.296864017566152,-0.045369609912343734,4.299034116326978,-0.04753970867316948,3.9559918594375936,0.295502548216215,3.954653482631718,0.2968409250220905,4.056691322066333,0.19480308558747517,4.056876988766718,0.1946174188870904
12,2026-05-11T20:14:21.480Z,2026-05-11 20:14:21.480000+00:00,28.227883333333335,0.47046472222222224,140.217,0,0,train,1,12,4.067340850830078,6.418696880340576,1.307341456413269,7.155996799468994,14.88203513622284,0.48084799786900884,True,True,False,1.12255859375,1.430094314181045,14.341903805531068,0.2036770828698023,-0.6910578337543448,0.051915200213099116,4.068942166245655,4.0739421926136306,4.068942166245655,-0.0016013154155771758,4.0739421926136306,-0.006601341783552428,3.730899935724246,0.3364409151058321,3.7267316313112206,0.3406092195188575,3.8768361359378125,0.19050471489226561,3.878848847614956,0.18849200321512205
13,2026-05-11T20:16:42.488Z,2026-05-11 20:16:42.488000+00:00,30.578016666666667,0.5096336111111112,141.008,0,0,train,1,13,5.113813400268555,2.360363245010376,9.187598228,8.145929336547852,19.693890809558226,0.41362722152365694,True,True,False,1.12255859375,1.430094314181045,14.341903805531068,3.8924509807640275,0.5902231520255815,0.05863727784763432,5.350223152025581,5.350426320313486,5.350223152025581,-0.2364097517570265,5.350426320313486,-0.23661292004493095,5.007384063424102,0.1064293368444531,5.008012617091147,0.10580078317740771,4.887906504334994,0.2259068959335604,4.8884368093471355,0.22537659092141915
14,2026-05-11T20:19:03.252Z,2026-05-11 20:19:03.252000+00:00,32.924083333333336,0.5487347222222223,140.764,0,0,train,1,14,5.118224143981934,1.1490943431854248,6.300748825073242,8.297214508,15.747057676258667,0.5269057038197964,True,True,False,1.12255859375,1.430094314181045,14.341903805531068,5.483230217291667,0.7390364804267001,0.04730942961802037,5.4990364804267,5.499259214698434,5.4990364804267,-0.380812336444766,5.499259214698434,-0.3810350707165,5.1562169578090495,-0.037992813827115945,5.156825945492265,-0.03860180151033177,5.005336442372625,0.11288770160930817,5.006150688603558,0.11207345537837554
15,2026-05-11T20:21:23.783Z,2026-05-11 20:21:23.783000+00:00,35.26626666666667,0.5877711111111111,140.531,0,0,train,1,15,4.189741134643555,9.768297195,2.7110466957092285,5.772246837615967,18.251590728325198,0.31625993172517514,True,True,False,1.12255859375,1.430094314181045,14.341903805531068,0.2775352389049859,-0.5566818662697477,0.06837400682748249,4.203318133730252,4.205640991120131,4.203318133730252,-0.013576999086697406,4.205640991120131,-0.01589985647657599,3.862598734230746,0.3271424004128085,3.861107598795818,0.3286335358477368,3.9828734224161395,0.20686771222741518,3.9830111467469815,0.20672998789657315
16,2026-05-11T20:23:44.271Z,2026-05-11 20:23:44.271000+00:00,37.607733333333336,0.6267955555555556,140.488,0,0,train,1,16,4.790167808532715,2.717064380645752,4.586766242980957,8.125826835632324,15.429657459259033,0.52663689113566,True,True,False,1.12255859375,1.430094314181045,14.341903805531068,1.6881330731997015,0.22740667847351673,0.047336310886434,4.9874066784735165,4.987810590406428,4.9874066784735165,-0.19723886994080164,4.987810590406428,-0.19764278187371342,4.644768333517044,0.14539947501567063,4.645196143539082,0.14497166499363257,4.601604756594972,0.18856305193774325,4.601639294435166,0.18852851409754923
17,2026-05-11T20:26:05.085Z,2026-05-11 20:26:05.085000+00:00,39.95463333333333,0.6659105555555555,140.814,0,0,train,1,17,4.327580451965332,6.713934421539307,2.7263143062591557,4.685109615325928,14.12535834312439,0.33168076175613875,True,True,False,1.12255859375,1.430094314181045,14.341903805531068,0.40606805713096206,-0.3914011724340739,0.06683192382438613,4.3685988275659255,4.369947726639729,4.3685988275659255,-0.041018375600593515,4.369947726639729,-0.042367274674396604,4.026905469750345,0.30067498221498745,4.026388292631491,0.3011921593338407,4.113297906865704,0.2142825450996284,4.11296348897548,0.21461696298985178
18,2026-05-11T20:28:25.695Z,2026-05-11 20:28:25.695000+00:00,42.29813333333333,0.7049688888888889,140.61,0,0,train,1,18,4.789616584777832,6.364859580993652,8.544281005859375,3.0984294414520264,18.007570028305054,0.17206260681378915,True,True,False,1.12255859375,1.430094314181045,14.341903805531068,1.3424146907142736,0.12788669621200424,0.08279373931862108,4.8878866962120044,4.888164053903471,4.8878866962120044,-0.09827011143417241,4.888164053903471,-0.09854746912563872,4.545121797014087,0.24449478776374534,4.54567616127757,0.2439404235002618,4.523072642059002,0.26654394271882964,4.5228275477799444,0.2667890369978876
19,2026-05-11T20:30:46.486Z,2026-05-11 20:30:46.486000+00:00,44.64465,0.7440775,140.791,0,0,train,1,19,5.087900161743164,2.196958541870117,7.608425140380859,5.5309882164001465,15.336371898651123,0.36064515473093167,True,True,False,1.12255859375,1.430094314181045,14.341903805531068,3.463162820498351,0.5394729103717786,0.06393548452690684,5.299472910371779,5.29966882536137,5.299472910371779,-0.21157274862861453,5.29966882536137,-0.2117686636182059,4.956626568471986,0.13127359327117816,4.957262375437344,0.13063778630581968,4.847859031458526,0.24004113028463792,4.8482920439251975,0.23960811781796654
20,2026-05-12T13:21:36.495Z,2026-05-12 13:21:36.495000+00:00,1055.4781333333333,17.59130222222222,60650.009,1,1,train,1,0,4.8419952392578125,8.163414001464844,7.909221172332764,2.349125385284424,18.42176055908203,0.12751904888516705,True,True,False,1.2019548416137695,1.5721089067505956,20.46043336391449,0.9688619456165684,-0.013738101719457671,0.08724809511148329,4.746261898280542,4.746618817005707,4.746261898280542,0.09573334097727049,4.746618817005707,0.09537642225210519,4.403576560116323,0.43841867914148924,4.404051363346108,0.4379438759117047,4.411315238173408,0.4306800010844043,4.410877571974124,0.4311176672836883
21,2026-05-12T13:24:00.581Z,2026-05-12 13:24:00.581000+00:00,1057.8795666666667,17.63132611111111,144.086,1,1,train,1,1,4.887206077575684,3.049386978149414,4.935805320739746,2.1768593788146973,10.162051677703857,0.21421455507757903,True,True,False,1.2019548416137695,1.5721089067505956,20.46043336391449,1.6186221545863442,0.20914548042126263,0.07857854449224211,4.969145480421262,4.969396712870982,4.969145480421262,-0.08193940284557844,4.969396712870982,-0.0821906352952988,4.626354455981598,0.26085162159408526,4.626934945486828,0.26027113208885577,4.587194680704531,0.3000113968711524,4.587075518290063,0.3001305592856207
22,2026-05-12T13:26:21.283Z,2026-05-12 13:26:21.283000+00:00,1060.2246,17.67041,140.702,1,1,train,1,2,5.218570709228516,1.0759644508361816,6.213901519775391,4.809741020202637,12.099606990814209,0.39751216910219483,True,True,False,1.2019548416137695,1.5721089067505956,20.46043336391449,5.775192214711444,0.7615664433519425,0.06024878308978052,5.521566443351942,5.5217386277216995,5.521566443351942,-0.3029957341234262,5.5217386277216995,-0.3031679184931839,5.1786963708323155,0.03987433839620014,5.179355908417508,0.03921480081100803,5.023115039079837,0.1954556701486787,5.023929949843563,0.19464075938495284
23,2026-05-12T13:28:42.658Z,2026-05-12 13:28:42.658000+00:00,1062.58085,17.709680833333334,141.375,1,1,train,1,3,4.871767997741699,6.396834850311279,8.592846870422363,6.241216659545898,21.23089838027954,0.2939685616574329,True,True,False,1.2019548416137695,1.5721089067505956,20.46043336391449,1.34329665709663,0.1281719339738082,0.07060314383425671,4.888171933973808,4.888496968395388,4.888171933973808,-0.016403936232109118,4.888496968395388,-0.016728970653688613,4.545454711506004,0.32631328623569544,4.545961399039374,0.3258065987023251,4.523297725746429,0.3484702719952706,4.5230908541979655,0.3486771435437337
24,2026-05-12T13:31:01.831Z,2026-05-12 13:31:01.831000+00:00,1064.9004,17.74834,139.173,1,1,train,1,4,4.835929870605469,1.7671830654144287,3.2878217697143555,8.654005051,13.709009886128785,0.6312640462646686,True,True,False,1.2019548416137695,1.5721089067505956,20.46043336391449,1.8604873677551432,0.26962672561642953,0.036873595373533144,5.0296267256164295,5.030110045845827,5.0296267256164295,-0.1936968550109608,5.030110045845827,-0.19418017524035847,4.687067788956443,0.1488620816490256,4.687416190681995,0.14851367992347342,4.634920976137984,0.20100889446748482,4.635094485982589,0.20083538462287986
25,2026-05-12T13:33:20.143Z,2026-05-12 13:33:20.143000+00:00,1067.2056,17.78676,138.312,1,1,train,1,5,4.692578315734863,9.40855312347412,8.54344368,4.960746765136719,22.912743568610836,0.2165060133581149,True,True,False,1.2019548416137695,1.5721089067505956,20.46043336391449,0.9080507457288314,-0.04188988058222415,0.07834939866418852,4.7181101194177755,4.718534994381752,4.7181101194177755,-0.02553180368291219,4.718534994381752,-0.025956678646888776,4.375492737492368,0.3170855782424953,4.375899584483341,0.316678731251522,4.389100415865336,0.30347789986952733,4.388665710012583,0.30391260572227985
26,2026-05-12T13:35:41.312Z,2026-05-12 13:35:41.312000+00:00,1069.5584166666665,17.82597361111111,141.169,1,1,train,1,6,4.618144989013672,4.251001358032227,3.6455094814300537,8.510936737060547,16.407447576522827,0.5187239939281427,True,True,False,1.2019548416137695,1.5721089067505956,20.46043336391449,0.8575648828109401,-0.06673301159917364,0.04812760060718573,4.6932669884008265,4.69400145298998,4.6932669884008265,-0.07512199938715458,4.69400145298998,-0.07585646397630796,4.350959196100596,0.2671857929130761,4.351056453466392,0.2670885355472796,4.369496477378606,0.24864851163506607,4.369261811828261,0.24888317718541053
27,2026-05-12T13:38:03.077Z,2026-05-12 13:38:03.077000+00:00,1071.9211666666665,17.865352777777776,141.765,1,1,train,1,7,4.325926780700684,8.786769867,3.122873544692993,5.473313808441162,17.382957220134156,0.3148666673413651,True,True,False,1.2019548416137695,1.5721089067505956,20.46043336391449,0.3554063201793189,-0.4492748534170505,0.0685133332658635,4.310725146582949,4.3123200056608075,4.310725146582949,0.015201634117734564,4.3123200056608075,0.013606775039876062,3.969277748771423,0.35664903192926056,3.9685146116485153,0.3574121690521683,4.067629263842534,0.25829751685814983,4.067384972094729,0.25854180860595477
28,2026-05-12T13:40:24.077Z,2026-05-12 13:40:24.077000+00:00,1074.2711666666667,17.904519444444443,141.0,1,1,train,1,8,4.607117652893066,6.329463005065918,5.166192054748535,6.474543571472168,17.97019863128662,0.36029337818224255,True,True,False,1.2019548416137695,1.5721089067505956,20.46043336391449,0.8162133265671456,-0.08819631864468198,0.06397066218177574,4.671803681355318,4.672386994036578,4.671803681355318,-0.06468602846225124,4.672386994036578,-0.06526934114351146,4.329344737147194,0.2777729157458726,4.329593146420883,0.27752450647218296,4.352559588435144,0.25455806445792284,4.352166654054518,0.25495099883854877
29,2026-05-12T13:42:45.457Z,2026-05-12 13:42:45.457000+00:00,1076.6275,17.943791666666666,141.38,1,1,train,1,9,5.171705246,1.5641522407531738,7.235342502593994,7.955297470092773,16.75479221343994,0.4748072890877985,True,True,False,1.2019548416137695,1.5721089067505956,20.46043336391449,4.625727799430838,0.6651800731636817,0.05251927109122015,5.4251800731636814,5.425392403284964,5.4251800731636814,-0.2534748271636813,5.425392403284964,-0.25368715728496394,5.08235014639558,0.08935509960442012,5.082969538229247,0.0887357077707529,4.947055686060255,0.22464955993974556,4.94772846308873,0.22397678291127043
30,2026-05-12T13:45:06.960Z,2026-05-12 13:45:06.960000+00:00,1078.9858833333333,17.983098055555555,141.503,1,1,train,1,10,4.368380546569824,3.3075551986694336,1.660105586051941,7.472054481506348,12.439715266227722,0.6006612146334286,True,True,False,1.2019548416137695,1.5721089067505956,20.46043336391449,0.5019131915681315,-0.2993713897932175,0.03993387853665715,4.460628610206783,4.462313253920476,4.460628610206783,-0.09224806363695848,4.462313253920476,-0.09393270735065151,4.119270997031092,0.24910954953873254,4.1184180752723485,0.24996247129747573,4.185919437404975,0.1824611091648496,4.186016590379664,0.18236395619016044
31,2026-05-12T13:47:27.965Z,2026-05-12 13:47:27.965000+00:00,1081.3359666666668,18.02226611111111,141.005,1,1,train,1,11,4.169893264770508,7.915419578552246,1.7931630611419678,2.0687265396118164,11.77730917930603,0.17565358165571354,True,True,False,1.2019548416137695,1.5721089067505956,20.46043336391449,0.2265404939493988,-0.6448541568877426,0.08243464183442864,4.115145843112257,4.117808068540203,4.115145843112257,0.05474742165825042,4.117808068540203,0.05208519623030483,3.7747658116508185,0.39512745311968933,3.772935308177823,0.3969579565926846,3.9132958735826224,0.2565973911878854,3.9135429415760825,0.2563503231944253
32,2026-05-12T13:49:51.054Z,2026-05-12 13:49:51.054000+00:00,1083.7207833333334,18.062013055555557,143.089,1,1,train,1,12,4.016615867614746,9.095129967,1.406910419464111,2.13208556175232,12.63412594821643,0.16875607940676798,True,True,False,1.2019548416137695,1.5721089067505956,20.46043336391449,0.15468832491331358,-0.8105424633986531,0.0831243920593232,3.9494575366013467,3.9544379735716753,3.9494575366013467,0.06715833101339941,3.9544379735716753,0.062177894043070836,3.6113957166822908,0.40522015093245534,3.6072470016669125,0.4093688659478336,3.7825497382990183,0.2340661293157278,3.7843314005877318,0.23228446702701433
33,2026-05-12T13:52:13.493Z,2026-05-12 13:52:13.493000+00:00,1086.0947666666666,18.101579444444443,142.439,1,1,train,1,13,4.113655090332031,6.596598148345947,1.4997410774230957,9.336196899414062,17.432536125183105,0.5355615977142281,True,True,False,1.2019548416137695,1.5721089067505956,20.46043336391449,0.22735068041080322,-0.6433037417086418,0.0464438402285772,4.116696258291358,4.121365677812501,4.116696258291358,-0.0030411679593269625,4.121365677812501,-0.007710587480469933,3.7783234209231167,0.33533166940891457,3.774485723356924,0.33916936697510724,3.9145193201674853,0.19913577016454598,3.916356701195899,0.19729838913613218
34,2026-05-12T13:54:35.522Z,2026-05-12 13:54:35.522000+00:00,1088.4619166666666,18.141031944444443,142.029,1,1,train,1,14,5.025596618652344,2.5937695503234863,8.060962677001953,4.796279430389404,15.451011657714844,0.31041847204837064,True,True,False,1.2019548416137695,1.5721089067505956,20.46043336391449,3.107817607002371,0.4924555228068737,0.06895815279516294,5.252455522806874,5.252646582879389,5.252455522806874,-0.22685890415452992,5.252646582879389,-0.22704996422704493,4.909604325990005,0.11599229266233912,4.9102449878724395,0.11535163077990429,4.81075718737131,0.21483943128103355,4.811101538447465,0.21449508020487862
35,2026-05-12T13:56:57.013Z,2026-05-12 13:56:57.013000+00:00,1090.8201,18.180335,141.491,1,1,train,1,15,5.144688606262207,2.6386256217956543,9.893185616,1.616839886,14.148651123795654,0.11427519640234446,True,True,False,1.2019548416137695,1.5721089067505956,20.46043336391449,3.7493707080989482,0.573958382145338,0.08857248035976556,5.333958382145338,5.3340950575185335,5.333958382145338,-0.18926977588313054,5.3340950575185335,-0.1894064512563265,4.9910528006291495,0.15363580563305756,4.991747847210903,0.15294075905130367,4.875071827900065,0.26961677836214193,4.87552020038986,0.2691684058723469
36,2026-05-12T13:59:18.578Z,2026-05-12 13:59:18.578000+00:00,1093.1795166666666,18.21965861111111,141.565,1,1,train,1,16,5.101132392883301,2.3411550521850586,8.106987953186035,2.909078836,13.357221841371093,0.21779071056450977,True,True,False,1.2019548416137695,1.5721089067505956,20.46043336391449,3.4628154788891834,0.5394293501589674,0.07822092894354904,5.2994293501589675,5.2995895022692245,5.2994293501589675,-0.19829695727566676,5.2995895022692245,-0.19845710938592376,4.9565472453798405,0.1445851475034603,4.957218815224533,0.14391357765876744,4.847824657702182,0.25330773518111904,4.848229306256018,0.252903086627283
37,2026-05-12T14:01:39.706Z,2026-05-12 14:01:39.706000+00:00,1095.5316500000001,18.258860833333337,141.128,1,1,train,1,17,4.335300445556641,9.832083702087402,3.861116647720337,9.266672134399414,22.959872484207153,0.40360294425735393,True,True,False,1.2019548416137695,1.5721089067505956,20.46043336391449,0.39270583578337537,-0.40593264487247477,0.05963970557426461,4.354067355127525,4.355651887108808,4.354067355127525,-0.01876690957088467,4.355651887108808,-0.02035144155216706,4.012609630219424,0.322690815337217,4.011856820193091,0.32344362536354954,4.1018309910566755,0.23346945449996515,4.101656722851189,0.23364372270545175
38,2026-05-12T14:04:01.828Z,2026-05-12 14:04:01.828000+00:00,1097.90035,18.298339166666665,142.122,1,1,train,1,18,4.927454948425293,5.234331607818604,9.27167510986328,1.112860918045044,15.618867635726929,0.07125106275306811,True,True,False,1.2019548416137695,1.5721089067505956,20.46043336391449,1.7713197795902023,0.2482969722429829,0.09287489372469318,5.008296972242983,5.008495787175126,5.008296972242983,-0.08084202381768968,5.008495787175126,-0.08104083874983292,4.665453530285742,0.26200141813955113,4.666086437308548,0.26136851111674453,4.618089475600275,0.3093654728250179,4.617999486615047,0.30945546181024586
39,2026-05-12T14:06:23.735Z,2026-05-12 14:06:23.735000+00:00,1100.2654666666667,18.337757777777778,141.907,1,1,train,1,19,5.037725448608398,2.7481374740600586,8.593023300170898,9.474826813,20.815987587230957,0.45517066020985203,True,True,False,1.2019548416137695,1.5721089067505956,20.46043336391449,3.1268535076142645,0.4951075351204345,0.0544829339790148,5.255107535120434,5.255348687036941,5.255107535120434,-0.2173820865120355,5.255348687036941,-0.21762323842854236,4.912306430147557,0.1254190184608417,4.912897000186,0.12482844842239871,4.812849914178798,0.22487553442960007,4.8132386679029855,0.22448678070541295
40,2026-05-12T14:08:45.405Z,2026-05-12 14:08:45.405000+00:00,1102.6266333333333,18.377110555555554,141.67,1,1,train,1,20,4.972665786743164,2.798015594482422,7.081581592559815,7.36138105392456,17.240978240966797,0.426970033314755,True,True,False,1.2019548416137695,1.5721089067505956,20.46043336391449,2.5309299942875296,0.4032801327066148,0.0573029966685245,5.163280132706615,5.163536304753556,5.163280132706615,-0.19061434596345084,5.163536304753556,-0.19087051801039223,4.820494047864172,0.15217173887899182,4.821069597772181,0.15159618897098337,4.740388083699841,0.23227770304332296,4.7406230560988,0.23204273064436443
41,2026-05-12T14:11:06.405Z,2026-05-12 14:11:06.405000+00:00,1104.9766333333332,18.41627722222222,141.0,1,1,train,1,21,4.567420006,3.407503128051758,3.0750389099121094,2.7852180004119877,9.267760038375854,0.3005276343883509,True,True,False,1.2019548416137695,1.5721089067505956,20.46043336391449,0.9024317203401263,-0.04458564770629316,0.06994723656116492,4.715414352293706,4.715893313351654,4.715414352293706,-0.14799434629370634,4.715893313351654,-0.14847330735165443,4.37285105646227,0.19456894953772963,4.373203817359272,0.19421618864072787,4.3869731617427075,0.1804468442572924,4.386576369997421,0.1808436360025789
42,2026-05-12T14:13:28.000Z,2026-05-12 14:13:28+00:00,1107.33655,18.455609166666665,141.595,1,1,train,1,22,4.763151168823242,1.8840086460113523,3.156545162200928,1.175512194633484,6.216066002845764,0.18910870542483385,True,True,False,1.2019548416137695,1.5721089067505956,20.46043336391449,1.6754409109977662,0.22412911585966586,0.08108912945751663,4.984129115859665,4.9843663243210745,4.984129115859665,-0.22097794703642304,4.9843663243210745,-0.22121515549783233,4.6413240674316905,0.12182710139155173,4.641918580925231,0.12123258789801117,4.599018402410207,0.16413276641303476,4.598915179421654,0.1642359894015879
43,2026-05-12T14:15:48.903Z,2026-05-12 14:15:48.903000+00:00,1109.6849333333334,18.49474888888889,140.903,1,1,train,1,23,4.567420006,7.6740570068359375,5.443904876708984,9.056580543518066,22.17454242706299,0.4084224318633486,True,True,False,1.2019548416137695,1.5721089067505956,20.46043336391449,0.7093907266859802,-0.14911449302143553,0.05915775681366514,4.610885506978565,4.611624899203194,4.610885506978565,-0.04346550097856472,4.611624899203194,-0.04420489320319376,4.26858264231381,0.2988373636861903,4.26867497204413,0.2987450339558695,4.304488508248392,0.26293149775160796,4.304109119971463,0.2633108860285365
44,2026-05-12T14:18:10.664Z,2026-05-12 14:18:10.664000+00:00,1112.0476166666667,18.534126944444445,141.761,1,1,train,1,24,4.65343189239502,9.119361877441406,8.345041275024414,9.212096214294434,26.676499366760254,0.3453262771716214,True,True,False,1.2019548416137695,1.5721089067505956,20.46043336391449,0.9150904840905117,-0.038535960798780654,0.06546737228283786,4.721464039201219,4.7219683315987755,4.721464039201219,-0.06803214680619885,4.7219683315987755,-0.06853643920375507,4.378926074709391,0.274505817685629,4.379253504266785,0.27417838812823536,4.391747024180495,0.26168486821452586,4.39138118124145,0.26205071115357015
45,2026-05-12T14:20:31.995Z,2026-05-12 14:20:31.995000+00:00,1114.4031333333332,18.573385555555554,141.331,1,1,train,1,25,4.345775604248047,9.048858642578123,3.539415121078491,3.339630603790283,15.927904367446898,0.20967168855029963,True,True,False,1.2019548416137695,1.5721089067505956,20.46043336391449,0.3911449234519229,-0.40766230195412934,0.07903283114497003,4.35233769804587,4.353541560318699,4.35233769804587,-0.006562093797823465,4.353541560318699,-0.0077659560706520026,4.010499303429315,0.33527630081873205,4.010127163111436,0.33564844113661074,4.100466103071793,0.24530950117625405,4.099987637841528,0.24578796640651923
46,2026-05-12T14:22:53.376Z,2026-05-12 14:22:53.376000+00:00,1116.7594833333335,18.61265805555556,141.381,1,1,train,1,26,4.328131675720215,3.804446220397949,1.855440974235535,9.726368904,15.386256098633483,0.6321465625977614,True,True,False,1.2019548416137695,1.5721089067505956,20.46043336391449,0.48770329944142404,-0.31184430628180515,0.036785343740223866,4.448155693718195,4.450055028487928,4.448155693718195,-0.1200240179979799,4.450055028487928,-0.12192335276771349,4.107012771598544,0.22111890412167057,4.1059451587837605,0.2221865169364543,4.1760769466406025,0.15205472907961237,4.17632139984784,0.15181027587237494
47,2026-05-12T14:25:14.335Z,2026-05-12 14:25:14.335000+00:00,1119.1088000000002,18.651813333333337,140.959,1,1,train,1,27,4.867908477783203,4.621294021606445,7.777799606323242,4.400923728942871,16.80001735687256,0.261959475127717,True,True,False,1.2019548416137695,1.5721089067505956,20.46043336391449,1.6830350049053011,0.22609314882140633,0.07380405248722831,4.986093148821406,4.986352874530159,4.986093148821406,-0.11818467103820307,4.986352874530159,-0.1184443967469555,4.643310617640775,0.22459786014242855,4.643882613886972,0.22402586389623114,4.600568238513459,0.2673402392697444,4.600486367917419,0.26742210986578385
48,2026-05-12T14:27:35.593Z,2026-05-12 14:27:35.593000+00:00,1121.4631,18.691051666666667,141.258,1,1,train,1,28,4.827108383178711,2.9393019676208496,5.055250644683838,6.315067291259766,14.309619903564453,0.44131621481341476,True,True,False,1.2019548416137695,1.5721089067505956,20.46043336391449,1.7198813529103627,0.23549848786474636,0.05586837851865853,4.995498487864746,4.995836074936932,4.995498487864746,-0.16839010468603544,4.995836074936932,-0.168727691758221,4.652793818047548,0.17431456513116306,4.653287952930312,0.17382043024839877,4.607990076281278,0.21911830689743272,4.607986754927028,0.21912162825168302
49,2026-05-12T14:29:57.389Z,2026-05-12 14:29:57.389000+00:00,1123.8263666666667,18.730439444444446,141.796,1,1,train,1,29,4.637993812561035,4.788331031799316,4.447020530700684,1.4427543878555298,10.67810595035553,0.13511332389500152,True,True,False,1.2019548416137695,1.5721089067505956,20.46043336391449,0.9287203623074535,-0.032115032387984285,0.08648866761049985,4.727884967612016,4.728260976619935,4.727884967612016,-0.08989115505098066,4.728260976619935,-0.09026716405889967,4.385218719730551,0.2527750928304844,4.385674432677582,0.25231937988345354,4.396813836632882,0.2411799759281532,4.396358116342292,0.2416356962187436
50,2026-05-12T14:32:18.768Z,2026-05-12 14:32:18.768000+00:00,1126.1826833333332,18.769711388888886,141.379,1,2,train,2,0,4.604361534118652,8.834828377,6.996333599090576,4.639993667602539,20.471155643693116,0.22666007471014749,True,True,False,1.219596862730469,1.5245368431838553,19.533921480079222,0.7919037360481572,-0.10132760811254647,0.07733399252898523,4.658672391887453,4.659171461817782,4.658672391887453,-0.05431085776880096,4.659171461817782,-0.054809927699129624,4.316129204928398,0.28823232919025443,4.316461856953019,0.28789967716563325,4.342197569621821,0.262163964496831,4.341714317087334,0.26264721703131855
51,2026-05-12T14:34:40.909Z,2026-05-12 14:34:40.909000+00:00,1128.5517,18.809195,142.141,1,2,train,2,1,4.560252189636231,5.993945121765137,4.859119415283203,7.390170574188232,18.243235111236572,0.40509101204513875,True,True,False,1.219596862730469,1.5245368431838553,19.533921480079222,0.8106713219043049,-0.09115519019847167,0.059490898795486136,4.668844809801528,4.669476702812655,4.668844809801528,-0.1085926201652967,4.669476702812655,-0.10922451317642334,4.326434445923271,0.2338177437129607,4.326634274867094,0.2336179147691375,4.350224716236826,0.2100274733994052,4.349864866730219,0.21038732290601203
52,2026-05-12T14:37:02.605Z,2026-05-12 14:37:02.605000+00:00,1130.9133,18.848554999999998,141.696,1,2,train,2,2,4.470381736755371,8.788537025,5.004181385040283,9.226182938,23.01890134804028,0.40080900467412933,True,True,False,1.219596862730469,1.5245368431838553,19.533921480079222,0.5693986804408192,-0.2445835436483801,0.059919099532587075,4.51541645635162,4.516370923957488,4.51541645635162,-0.04503471959624861,4.516370923957488,-0.04598918720211653,4.173328667068104,0.2970530696872675,4.1732059214171855,0.2971758153381856,4.229153020358389,0.24122871639698218,4.228771507361671,0.24161022939370014
53,2026-05-12T14:39:24.168Z,2026-05-12 14:39:24.168000+00:00,1133.2726833333334,18.887878055555557,141.563,1,2,train,2,3,4.853573799133301,6.068652629852295,9.204799652,9.646328926086426,24.91978120793872,0.38709524957680547,True,True,False,1.219596862730469,1.5245368431838553,19.533921480079222,1.5167781406239487,0.18092206111028536,0.061290475042319464,4.940922061110285,4.941260826720923,4.940922061110285,-0.08734826197698453,4.941260826720923,-0.08768702758762181,4.5982185698315385,0.25535522930176224,4.598711526175851,0.2548622729574497,4.564923326273398,0.28865047285990286,4.564822478606011,0.2887513205272896
54,2026-05-12T14:41:45.518Z,2026-05-12 14:41:45.518000+00:00,1135.6285166666667,18.927141944444443,141.35,1,2,train,2,4,4.454943656921387,7.181658744812012,3.965494155883789,3.490147829055786,14.637300729751587,0.23844203883587342,True,True,False,1.219596862730469,1.5245368431838553,19.533921480079222,0.5521696723265275,-0.25792745047281684,0.07615579611641266,4.502072549527183,4.502854026246169,4.502072549527183,-0.047128892605796224,4.502854026246169,-0.04791036932478221,4.159811769356785,0.29513188756460185,4.159862014592749,0.295081642328638,4.218623223273616,0.2363204336477711,4.218080816491975,0.23686284042941175
55,2026-05-12T14:44:07.194Z,2026-05-12 14:44:07.194000+00:00,1137.9897833333334,18.966496388888892,141.676,1,2,train,2,5,4.212347984313965,6.720005989074707,2.10981822,2.2132785320281982,11.043102741102906,0.20042180027813014,True,True,False,1.219596862730469,1.5245368431838553,19.533921480079222,0.31396076483117924,-0.5031246216146124,0.07995781997218698,4.256875378385388,4.258520740100368,4.256875378385388,-0.04452739407142303,4.258520740100368,-0.04617275578640356,3.915478483210984,0.29686950110298094,3.9146648434509532,0.2976831408630116,4.025135926648062,0.18721205766590288,4.024834430586841,0.18751355372712375
56,2026-05-12T14:46:29.068Z,2026-05-12 14:46:29.068000+00:00,1140.35435,19.005905833333333,141.874,1,2,train,2,6,4.425170898,3.9526641368865967,2.5090510845184326,8.314724922180176,14.776440143585205,0.5627014924694017,True,True,False,1.219596862730469,1.5245368431838553,19.533921480079222,0.634774672885499,-0.1973804096511253,0.043729850753059823,4.562619590348874,4.563760913241724,4.562619590348874,-0.13744869234887425,4.563760913241724,-0.1385900152417241,4.22071865635234,0.20445224164765996,4.22040905541444,0.20476184258555996,4.266401438628683,0.15876945937131737,4.266252868586425,0.15891802941357547
57,2026-05-12T14:48:51.658Z,2026-05-12 14:48:51.658000+00:00,1142.73085,19.045514166666667,142.59,1,2,train,2,7,4.793475151062012,7.425939559936523,9.599676132202148,7.379024505615234,24.404640197753906,0.3023615364054565,True,True,False,1.219596862730469,1.5245368431838553,19.533921480079222,1.2927220932409806,0.11150517117257985,0.06976384635945435,4.871505171172579,4.871845204640053,4.871505171172579,-0.07803002011056748,4.871845204640053,-0.07837005357804117,4.528802947750669,0.2646722033113429,4.529294636238145,0.26418051482386673,4.510145833076165,0.2833293179858467,4.509920756846824,0.28355439421518813
58,2026-05-12T14:51:13.162Z,2026-05-12 14:51:13.162000+00:00,1145.08925,19.084820833333332,141.504,1,2,train,2,8,4.4554948806762695,6.393741130828857,3.7063279151916495,3.857410430908203,13.957479476928711,0.27636869803637437,True,True,False,1.219596862730469,1.5245368431838553,19.533921480079222,0.5796806344443253,-0.2368112079860518,0.07236313019636256,4.523188792013948,4.5239617318108705,4.523188792013948,-0.06769391133767844,4.5239617318108705,-0.06846685113460094,4.180919474921486,0.2745754057547831,4.180978257079514,0.27451662359675577,4.2352862404472145,0.22020864022905506,4.234775176394678,0.22071970428159116
59,2026-05-12T14:53:35.106Z,2026-05-12 14:53:35.106000+00:00,1147.4549833333333,19.12424972222222,141.944,1,2,train,2,9,4.767561912536621,6.490094661712647,8.302104949951172,3.8765311241149902,18.66873073577881,0.20764834947699898,True,True,False,1.219596862730469,1.5245368431838553,19.533921480079222,1.2791962802835852,0.10693718787493413,0.0792351650523001,4.866937187874934,4.867239366257201,4.866937187874934,-0.09937527533831325,4.867239366257201,-0.09967745372058001,4.524197109367817,0.24336480316880404,4.5247266529405,0.24283525959612096,4.5065411963049655,0.26102071623165557,4.506277939138318,0.261283973398303
60,2026-05-12T14:55:56.695Z,2026-05-12 14:55:56.695000+00:00,1149.8148,19.163580000000003,141.589,1,2,train,2,10,4.378856658935547,4.671301842,2.4536473751068115,1.6579327583312988,8.78288197543811,0.1887686482600829,True,True,False,1.219596862730469,1.5245368431838553,19.533921480079222,0.5252598650435939,-0.279625782246591,0.08112313517399171,4.4803742177534085,4.481157052830006,4.4803742177534085,-0.10151755881786162,4.481157052830006,-0.10230039389445889,4.138114795940622,0.24074186299492517,4.138163682818974,0.2406929761165726,4.201500874199841,0.17735578473570612,4.200920396952366,0.1779362619831808
61,2026-05-12T14:58:17.999Z,2026-05-12 14:58:17.999000+00:00,1152.1698666666666,19.20283111111111,141.304,1,2,train,2,11,4.0662384033203125,8.486347198486328,1.842304229736328,7.040344715118408,17.368996143341064,0.40533975924783305,True,True,False,1.219596862730469,1.5245368431838553,19.533921480079222,0.2170903672271306,-0.6633594467110145,0.059466024075216686,4.096640553288985,4.100582139962794,4.096640553288985,-0.03040214996867263,4.100582139962794,-0.034343736642481915,3.75753988307341,0.3086985202469026,3.754430018354551,0.3118083849657616,3.8986931826767526,0.16754522064355992,3.8999187297711555,0.166319673549157
62,2026-05-12T15:00:39.600Z,2026-05-12 15:00:39.600000+00:00,1154.5298833333334,19.242164722222224,141.601,1,2,train,2,12,4.496295928955078,5.389996528625488,3.587766170501709,2.4772002696990967,11.454962968826294,0.21625563316447083,True,True,False,1.219596862730469,1.5245368431838553,19.533921480079222,0.6656342265616693,-0.1767643549494524,0.07837443668355293,4.583235645050547,4.583837690203224,4.583235645050547,-0.08693971609546924,4.583837690203224,-0.08754176124814617,4.24079543331384,0.2555004956412379,4.241025110116113,0.25527081883896496,4.282669753115087,0.2136261758399911,4.282131853597571,0.21416407535750714
63,2026-05-12T15:03:00.933Z,2026-05-12 15:03:00.933000+00:00,1156.8854333333334,19.281423888888888,141.333,1,2,train,2,13,4.931865692138672,2.319996118545532,5.883328914642334,9.158088684082031,17.361413717269897,0.527496713874874,True,True,False,1.219596862730469,1.5245368431838553,19.533921480079222,2.5359218783222586,0.4041358705282497,0.047250328612512604,5.164135870528249,5.164446167249677,5.164135870528249,-0.23227017838957753,5.164446167249677,-0.2325804751110052,4.821403910360293,0.11046178177837884,4.821925335593815,0.10994035654485668,4.741063354123872,0.19080233801479984,4.7413426782256884,0.19052301391298343
64,2026-05-12T15:05:23.209Z,2026-05-12 15:05:23.209000+00:00,1159.2567000000001,19.320945000000002,142.276,1,2,train,2,14,4.642955780029297,8.354703903198242,7.741885662078857,3.4639968872070312,19.56058645248413,0.1770906458056177,True,True,False,1.219596862730469,1.5245368431838553,19.533921480079222,0.9266499150395032,-0.0330843097422317,0.08229093541943823,4.726915690257768,4.72731177719889,4.726915690257768,-0.08395991022847138,4.72731177719889,-0.08435599716959352,4.384269520309506,0.25868625971979053,4.384705155323334,0.25825062470596283,4.396048971140836,0.24690680888846117,4.395607382127918,0.24734839790137908
65,2026-05-12T15:07:45.645Z,2026-05-12 15:07:45.645000+00:00,1161.6306333333334,19.360510555555557,142.436,1,2,train,2,15,4.440056800842285,6.315206527709961,3.978550672531128,9.969668388,20.26342558824109,0.4920031089800246,True,True,False,1.219596862730469,1.5245368431838553,19.533921480079222,0.6299953382480813,-0.20066266416645775,0.05079968910199753,4.559337335833542,4.560329334665905,4.559337335833542,-0.11928053499125646,4.560329334665905,-0.12027253382361991,4.217287077776521,0.22276972306576415,4.217126800899107,0.22292999994317775,4.263811382022192,0.17624541882009304,4.263538788289846,0.17651801255243882
66,2026-05-12T15:10:07.556Z,2026-05-12 15:10:07.556000+00:00,1163.9958166666665,19.399930277777777,141.911,1,2,train,2,16,4.5767927169799805,8.860002517700195,6.578691482543945,3.931365966796875,19.370059967041016,0.20296096003245534,True,True,False,1.219596862730469,1.5245368431838553,19.533921480079222,0.7425157576875708,-0.1292943253048338,0.07970390399675448,4.630705674695166,4.631226485045645,4.630705674695166,-0.05391295771518578,4.631226485045645,-0.0544337680656648,4.288184228156261,0.28860848882371926,4.288495139760732,0.2882975772192484,4.3201287811450655,0.256663935834915,4.319612270122698,0.2571804468572827
67,2026-05-12T15:12:29.770Z,2026-05-12 15:12:29.770000+00:00,1166.36605,19.43943416666667,142.214,1,2,train,2,17,4.197461128234863,6.807454109191895,2.1034352779388428,1.0485353469848633,9.9594247341156,0.10528071399477004,True,True,False,1.219596862730469,1.5245368431838553,19.533921480079222,0.30899000480938077,-0.5100555688804715,0.08947192860052303,4.249944431119529,4.251451645891479,4.249944431119529,-0.052483302884665406,4.251451645891479,-0.053990517656616,3.908409389002095,0.2890517392327685,3.907733896185094,0.28972723204976925,4.019666653722601,0.17779447451226194,4.019243391686494,0.17821773654836903
68,2026-05-12T15:14:51.128Z,2026-05-12 15:14:51.128000+00:00,1168.7220166666666,19.478700277777776,141.358,1,2,train,2,18,4.352943420410156,5.532317161560059,2.561502456665039,2.992248058319092,11.08606767654419,0.2699106793881536,True,True,False,1.219596862730469,1.5245368431838553,19.533921480079222,0.4630071599045346,-0.33441229303606923,0.07300893206118464,4.42558770696393,4.426616918801823,4.42558770696393,-0.07264428655377397,4.426616918801823,-0.07367349839166693,4.083574661912439,0.26936875849771713,4.083377172029496,0.26956624838066023,4.15826834498737,0.1946750754227864,4.157783892900935,0.1951595275092215
69,2026-05-12T15:17:13.116Z,2026-05-12 15:17:13.116000+00:00,1171.0884833333332,19.518141388888886,141.988,1,2,train,2,19,4.843097686767578,6.219867706298828,9.886786460876465,6.341348648071289,22.448002815246582,0.2824905493937427,True,True,False,1.219596862730469,1.5245368431838553,19.533921480079222,1.589549316437095,0.2012740066290522,0.07175094506062574,4.961274006629052,4.961552986805224,4.961274006629052,-0.11817631986147425,4.961552986805224,-0.11845530003764626,4.61851072991584,0.2245869568517378,4.619063471694618,0.22403421507295995,4.580983229824322,0.2621144569432561,4.580871812940916,0.2622258738266625
70,2026-05-12T15:19:34.334Z,2026-05-12 15:19:34.334000+00:00,1173.4421166666666,19.55736861111111,141.218,1,2,train,2,20,4.722351074,1.3204381465911863,2.331531047821045,1.7338905334472656,5.385859727859497,0.32193384548772236,True,True,False,1.219596862730469,1.5245368431838553,19.533921480079222,1.7657253040137273,0.24692314078724745,0.06780661545122776,5.006923140787247,5.007196038164305,5.006923140787247,-0.28457206678724756,5.007196038164305,-0.2848449641643054,4.664153781274921,0.058197292725078675,4.664712605852813,0.05763846814718665,4.6170053728222875,0.10534570117771214,4.616971498153521,0.10537957584647906
71,2026-05-12T15:21:55.987Z,2026-05-12 15:21:55.987000+00:00,1175.8029999999999,19.596716666666666,141.653,1,2,train,2,21,4.517247200012207,7.322654724121094,4.923448563,5.513732433319092,17.759835720440186,0.3104607790359916,True,True,False,1.219596862730469,1.5245368431838553,19.533921480079222,0.6723584203392766,-0.1723991518291779,0.06895392209640083,4.587600848170822,4.5882768279689445,4.587600848170822,-0.07035364815861467,4.5882768279689445,-0.0710296279567375,4.2452345710795605,0.27201262893264655,4.2453903132363875,0.27185688677581954,4.2861143742215635,0.23113282579064354,4.285642825611627,0.2316043744005798
72,2026-05-12T15:24:17.907Z,2026-05-12 15:24:17.907000+00:00,1178.1683333333335,19.63613888888889,141.92,1,2,train,2,22,3.930053711,8.417365074157715,1.214712142944336,8.550868988,18.18294620510205,0.4702686182726904,True,True,False,1.219596862730469,1.5245368431838553,19.533921480079222,0.14431026006863393,-0.8407027906474136,0.05297313817273098,3.919297209352586,3.928011877932297,3.919297209352586,0.010756501647413597,3.928011877932297,0.0020418330677030028,3.5849696210429123,0.3450840899570875,3.577086674418152,0.3529670365818478,3.7587499523653953,0.17130375863460445,3.763430656540742,0.16662305445925796
73,2026-05-12T15:26:39.779Z,2026-05-12 15:26:39.779000+00:00,1180.5328666666667,19.675547777777776,141.872,1,2,train,2,23,4.512285232543945,3.695390939712525,2.7524333000183105,3.100379467010498,9.548203706741333,0.3247081401103259,True,True,False,1.219596862730469,1.5245368431838553,19.533921480079222,0.7448287190508808,-0.12794358620922913,0.06752918598896741,4.632056413790771,4.632668793060843,4.632056413790771,-0.11977118124682562,4.632668793060843,-0.12038356051689725,4.2896265361714585,0.2226586963724868,4.289845878856337,0.2224393536876086,4.321194661533644,0.19109057101030125,4.320753010361965,0.19153222218197996
74,2026-05-12T15:29:01.672Z,2026-05-12 15:29:01.672000+00:00,1182.89775,19.714962500000002,141.893,1,2,train,2,24,4.772523880004883,5.554773807525635,7.206357002258301,9.81508445739746,22.576215267181396,0.43475331632160047,True,True,False,1.219596862730469,1.5245368431838553,19.533921480079222,1.2973268132889755,0.11304939422526303,0.05652466836783995,4.873049394225263,4.873467699697497,4.873049394225263,-0.10052551422038025,4.873467699697497,-0.10094381969261423,4.530425442808113,0.24209843719676982,4.530838859290829,0.24168502071405396,4.51136439339829,0.2611594866065925,4.5112040093702355,0.26131987063464734
75,2026-05-12T15:31:23.818Z,2026-05-12 15:31:23.818000+00:00,1185.26685,19.7544475,142.146,1,2,train,2,25,5.149650573730469,1.4570271968841553,7.035609245300293,8.114689826965332,16.60732626914978,0.48862108779300617,True,True,False,1.219596862730469,1.5245368431838553,19.533921480079222,4.828742565921834,0.6838340525364418,0.05113789122069939,5.443834052536442,5.444048857876581,5.443834052536442,-0.29418347880597295,5.444048857876581,-0.29439828414611213,5.101006600987197,0.048643972743271924,5.1016235176020075,0.048027056128461254,4.961775709229107,0.18787486450136193,4.962484096594522,0.18716647713594714
76,2026-05-12T15:33:46.786Z,2026-05-12 15:33:46.786000+00:00,1187.64965,19.794160833333333,142.968,1,2,train,2,26,4.904297828674316,2.913615703582764,6.170339107513428,4.517364978790283,13.601319789886475,0.3321269588962431,True,True,False,1.219596862730469,1.5245368431838553,19.533921480079222,2.117760108145351,0.3258767633213846,0.0667873041103757,5.085876763321385,5.086121536120309,5.085876763321385,-0.1815789346470682,5.086121536120309,-0.18182370744599297,4.743079279230925,0.1612185494433911,4.74366622838695,0.160631600287366,4.6793083876237525,0.22498944105056395,4.679394704898505,0.22490312377581123
77,2026-05-12T15:36:09.161Z,2026-05-12 15:36:09.161000+00:00,1190.0225666666668,19.833709444444445,142.375,1,2,train,2,27,5.111607551574707,2.077772617340088,8.441777229309082,6.848407269,17.36795711564917,0.39431276939469945,True,True,False,1.219596862730469,1.5245368431838553,19.533921480079222,4.062897527312701,0.6088358688723488,0.06056872306053006,5.368835868872349,5.369029194723838,5.368835868872349,-0.25722831729764195,5.369029194723838,-0.2574216431491312,5.025986937834454,0.08562061374025287,5.026625333937915,0.08498221763679226,4.902593966872869,0.20901358470183773,4.90315006558805,0.20845748598665725
78,2026-05-12T15:38:31.252Z,2026-05-12 15:38:31.252000+00:00,1192.39075,19.873179166666667,142.091,1,2,train,2,28,4.479203224182129,8.029460906982422,4.680170536,4.752354621887207,17.461986064869627,0.27215430159162074,True,True,False,1.219596862730469,1.5245368431838553,19.533921480079222,0.58287481441377,-0.23442470981596483,0.07278456984083793,4.525575290184035,4.526338452174521,4.525575290184035,-0.04637206600190602,4.526338452174521,-0.047135227992392004,4.183296195285137,0.29590702889699205,4.183364755249601,0.2958384689325282,4.237169447652183,0.2420337765299463,4.236654955559555,0.24254826862257417
79,2026-05-12T15:40:53.322Z,2026-05-12 15:40:53.322000+00:00,1194.7585833333333,19.912643055555556,142.07,1,2,train,2,29,4.419105529785156,4.373124122619629,2.3989381790161133,5.145124435424805,11.917186737060547,0.431739851774269,True,True,False,1.219596862730469,1.5245368431838553,19.533921480079222,0.5485639354729953,-0.26077274784326004,0.056826014822573115,4.499227252156739,4.500282676794952,4.499227252156739,-0.0801217223715831,4.500282676794952,-0.08117714700979572,4.157240419905568,0.26186510987958833,4.157016717222305,0.2620888125628511,4.216377973486518,0.2027275562986386,4.216047102640763,0.20305842714439315
80,2026-05-12T15:43:15.106Z,2026-05-12 15:43:15.106000+00:00,1197.12165,19.9520275,141.784,1,3,train,3,0,4.013307571411133,6.323430538,1.245916485786438,4.5049028396606445,12.074249863447083,0.37310001785688884,True,True,False,1.196991920187012,1.523992149531273,15.79223120212555,0.19703173432509966,-0.705463819867156,0.06268999821431112,4.0545361801328434,4.058920187300633,4.0545361801328434,-0.041228608721710636,4.058920187300633,-0.045612615889500496,3.715877930411249,0.297429640999884,3.7123256451984097,0.3009819262127231,3.865468242518759,0.1478393288923736,3.8669677474931654,0.1463398239179674
81,2026-05-12T15:45:37.754Z,2026-05-12 15:45:37.754000+00:00,1199.4991166666666,19.991651944444445,142.648,1,3,train,3,1,4.808362961,3.23929214477539,5.761162757873535,7.821721076965332,16.822175979614258,0.4649648824530183,True,True,False,1.196991920187012,1.523992149531273,15.79223120212555,1.7785252148885784,0.2500600267381865,0.05350351175469817,5.010060026738186,5.010404035335842,5.010060026738186,-0.2016970657381858,5.010404035335842,-0.20204107433584184,4.667361778446458,0.14100118255354221,4.667849491803752,0.1405134691962484,4.619480717785052,0.18888224321494818,4.619508744998486,0.18885421600151453
82,2026-05-12T15:48:00.440Z,2026-05-12 15:48:00.440000+00:00,1201.8772166666668,20.031286944444446,142.686,1,3,train,3,2,4.669971466064453,6.256481170654297,5.423519134521484,6.229099273681641,17.909099578857422,0.34781755756360866,True,True,False,1.196991920187012,1.523992149531273,15.79223120212555,0.8668641344211538,-0.06204896514775528,0.06521824424363915,4.697951034852244,4.698487043926574,4.697951034852244,-0.027979568787791287,4.698487043926574,-0.028515577862120445,4.3554447870371895,0.3145266790272636,4.35574049991781,0.3142309661466429,4.373192700630012,0.2967787654344409,4.372809524261632,0.2971619418028215
83,2026-05-12T15:50:21.660Z,2026-05-12 15:50:21.660000+00:00,1204.2308833333334,20.070514722222224,141.22,1,3,train,3,3,4.4637651443481445,8.331745147705078,4.553992271,8.414236068725586,21.299973487430663,0.39503504892580804,True,True,False,1.196991920187012,1.523992149531273,15.79223120212555,0.5465832415978742,-0.26234368803512853,0.06049649510741921,4.497656311964871,4.4986525005496665,4.497656311964871,-0.03389116761672639,4.4986525005496665,-0.034887356201521946,4.155610243660282,0.3081549006878621,4.155445777030437,0.3083193673177078,4.215138330429179,0.2486268139189658,4.214757774965606,0.24900736938253853
84,2026-05-12T15:52:43.613Z,2026-05-12 15:52:43.613000+00:00,1206.5967666666666,20.10994611111111,141.953,1,3,train,3,4,4.228887557983398,8.030882835388184,2.735448837280273,7.576201438903809,18.342533111572266,0.4130400851845266,True,True,False,1.196991920187012,1.523992149531273,15.79223120212555,0.3406162053848531,-0.4677346935965651,0.05869599148154734,4.292265306403435,4.294245854233084,4.292265306403435,-0.06337774842003618,4.294245854233084,-0.06535829624968592,3.9512035973437,0.2776839606396986,3.9500547714690004,0.278832786514398,4.053062437659989,0.17582512032340958,4.053089889763518,0.17579766821988052
85,2026-05-12T15:55:05.414Z,2026-05-12 15:55:05.414000+00:00,1208.9601166666666,20.149335277777777,141.801,1,3,train,3,5,4.459354400634766,9.446430206298828,5.658636569976807,8.926506042480469,24.031572818756104,0.3714490978099249,True,True,False,1.196991920187012,1.523992149531273,15.79223120212555,0.599023805437493,-0.22255591823721543,0.06285509021900751,4.537444081762784,4.538297770933638,4.537444081762784,-0.07808968112801828,4.538297770933638,-0.07894337029887222,4.195255514044254,0.26409888659051184,4.19523354682835,0.2641208538064159,4.246535218007895,0.2128191826268706,4.246113736900988,0.21324066373377804
86,2026-05-12T15:57:28.706Z,2026-05-12 15:57:28.706000+00:00,1211.3483166666667,20.18913861111111,143.292,1,3,train,3,6,4.930763244628906,4.809371948242188,9.95445156097412,2.764582872390747,17.528406381607056,0.1577201493509236,True,True,False,1.196991920187012,1.523992149531273,15.79223120212555,2.0698028075396504,0.31592897170002693,0.08422798506490764,5.075928971700026,5.076125972872053,5.075928971700026,-0.1451657270711202,5.076125972872053,-0.1453627282431471,4.733083715982669,0.19767952864623695,4.733718436765592,0.19704480786331402,4.671458495639893,0.25930474898901323,4.6714890834284155,0.25927416120049074
87,2026-05-12T15:59:51.516Z,2026-05-12 15:59:51.516000+00:00,1213.7284833333333,20.228808055555554,142.81,1,3,train,3,7,4.4306840896606445,8.223516464233398,4.436218262,1.5015095472335815,14.16124427346698,0.10602949276476108,True,True,False,1.196991920187012,1.523992149531273,15.79223120212555,0.539455144437842,-0.2680446609588384,0.08939705072352389,4.491955339041161,4.492641603399561,4.491955339041161,-0.06127124938051676,4.492641603399561,-0.06195751373891678,4.149599346510177,0.2810847431504673,4.149744804106727,0.28093928555391745,4.210639641337427,0.22004444832321735,4.21000367793434,0.22068041172630437
88,2026-05-12T16:02:13.404Z,2026-05-12 16:02:13.404000+00:00,1216.0932833333331,20.268221388888886,141.888,1,3,train,3,8,4.722351074,3.125374794006348,4.181918144226074,2.473954200744629,9.78124713897705,0.2529282989779728,True,True,False,1.196991920187012,1.523992149531273,15.79223120212555,1.3380533279547464,0.12647342253117,0.07470717010220272,4.88647342253117,4.886781639066828,4.88647342253117,-0.16412234853117003,4.886781639066828,-0.1644305650668283,4.543739382177444,0.17861169182255576,4.5442628875967355,0.17808818640326418,4.521957415065872,0.20039365893412775,4.521734177837531,0.2006168961624688
89,2026-05-12T16:04:35.577Z,2026-05-12 16:04:35.577000+00:00,1218.4628333333335,20.30771388888889,142.173,1,3,train,3,9,4.813324928283691,2.937996864318848,4.786731719970703,2.405787467956543,10.130516052246094,0.2374792612290607,True,True,False,1.196991920187012,1.523992149531273,15.79223120212555,1.6292501119059124,0.21198775949738607,0.07625207387709393,4.971987759497386,4.972245365465158,4.971987759497386,-0.15866283121369484,4.972245365465158,-0.1589204371814663,4.629203108575774,0.18412181970791774,4.629777224562952,0.18354770372073936,4.589437548728391,0.22388737955530047,4.589328554817371,0.22399637346632062
90,2026-05-12T16:06:57.964Z,2026-05-12 16:06:57.964000+00:00,1220.8359500000001,20.347265833333335,142.387,1,3,train,3,10,4.172650337219238,5.659758567810059,1.6289029121398926,4.344859600067139,11.63352108001709,0.37347760580674993,True,True,False,1.196991920187012,1.523992149531273,15.79223120212555,0.2878043104884891,-0.5409027058568623,0.06265223941932502,4.219097294143138,4.221492236606768,4.219097294143138,-0.04644695692389966,4.221492236606768,-0.04884189938753014,3.878449979717384,0.29420035750185436,3.8768867592087033,0.295763578010535,3.995324900045727,0.17732543717351135,3.9955481037482468,0.17710223347099152
91,2026-05-12T16:09:20.287Z,2026-05-12 16:09:20.287000+00:00,1223.2079999999999,20.386799999999997,142.323,1,3,train,3,11,4.780243873596191,2.981888055801392,4.477949142456055,1.8164279460906985,9.276265144348145,0.19581457815459427,True,True,False,1.196991920187012,1.523992149531273,15.79223120212555,1.5017160465645285,0.17658782143752835,0.08041854218454059,4.936587821437528,4.93684811318365,4.936587821437528,-0.15634394784133665,4.93684811318365,-0.15660423958745895,4.593805856294266,0.1864380173019251,4.594377286503094,0.18586658709309756,4.561503138702294,0.21874073489389723,4.561332405859216,0.21891146773697567
92,2026-05-12T16:11:41.775Z,2026-05-12 16:11:41.775000+00:00,1225.5661333333333,20.42610222222222,141.488,1,3,train,3,12,4.894925117492676,4.2156829833984375,7.869575977325439,9.926755905151367,22.012014865875244,0.4509698892008566,True,True,False,1.196991920187012,1.523992149531273,15.79223120212555,1.8667380845087753,0.2710833878837251,0.05490301107991434,5.031083387883725,5.031407333616514,5.031083387883725,-0.1361582703910491,5.031407333616514,-0.13648221612383793,4.68836507672713,0.20656004076554613,4.688872852949291,0.2060522645433851,4.636070441455561,0.25885467603711465,4.636120527817161,0.2588045896755151
93,2026-05-12T16:14:04.844Z,2026-05-12 16:14:04.844000+00:00,1227.9506166666665,20.465843611111108,143.069,1,3,train,3,13,4.648469924926758,8.045789719,7.092952728271484,8.478935241699219,23.6176776889707,0.3590080004207537,True,True,False,1.196991920187012,1.523992149531273,15.79223120212555,0.8815732172966928,-0.05474161240896672,0.06409919995792464,4.705258387591033,4.705794052683997,4.705258387591033,-0.05678846266427495,4.705794052683997,-0.05732412775723894,4.362751795794613,0.2857181291321451,4.363047852656599,0.28542207227015925,4.378958998505039,0.26951092642171925,4.378588732884507,0.26988119204225125
94,2026-05-12T16:16:26.813Z,2026-05-12 16:16:26.813000+00:00,1230.3167666666666,20.505279444444444,141.969,1,3,train,3,14,4.021027565002441,7.409592151641846,1.482351541519165,9.951426506,18.84337019916101,0.5281128800644739,True,True,False,1.196991920187012,1.523992149531273,15.79223120212555,0.2000584527706697,-0.6988430943019543,0.04718871199355261,4.061156905698045,4.066812755711932,4.061156905698045,-0.04012934069560359,4.066812755711932,-0.045785190709490386,3.7237704988225473,0.2972570661798941,3.7189463707636112,0.3020811942388302,3.870692716705575,0.1503348482968665,3.8732100828910623,0.14781748211137913
95,2026-05-12T16:18:48.689Z,2026-05-12 16:18:48.689000+00:00,1232.6813666666667,20.544689444444444,141.876,1,3,train,3,15,4.003383636474609,9.056743621826172,1.710686445236206,9.847497940063477,20.614928007125854,0.47768771914505564,True,True,False,1.196991920187012,1.523992149531273,15.79223120212555,0.1888853783067858,-0.7238016596877765,0.052231228085494436,4.0361983403122235,4.041824261292047,4.0361983403122235,-0.03281470383761409,4.041824261292047,-0.038440624817437374,3.6987820044026622,0.3046016320719471,3.6939878053777893,0.3093958310968201,3.8509976879184684,0.15238594855614096,3.853446356417168,0.14993728005744122
96,2026-05-12T16:21:11.855Z,2026-05-12 16:21:11.855000+00:00,1235.0674666666666,20.58445777777778,143.166,1,3,train,3,16,3.941632270812988,9.695536613464355,1.3416810035705566,7.364595413208008,18.40181303024292,0.4002103162935347,True,True,False,1.196991920187012,1.523992149531273,15.79223120212555,0.13838130441458407,-0.8589225799517328,0.059978968370646535,3.901077420048267,3.909371620763599,3.901077420048267,0.04055485076472065,3.909371620763599,0.03226065004938894,3.5663293638742144,0.37530290693877344,3.558866885113833,0.38276538569915486,3.7443725524909848,0.19725971832200306,3.7486878337882024,0.19294443702478548
97,2026-05-12T16:23:34.427Z,2026-05-12 16:23:34.427000+00:00,1237.4436666666666,20.62406111111111,142.572,1,3,train,3,17,5.0085039138793945,3.5627453327178955,9.780977249145508,9.621156692504885,22.964879274368286,0.41895089356046883,True,True,False,1.196991920187012,1.523992149531273,15.79223120212555,2.745348414135438,0.4385974689079053,0.05810491064395313,5.198597468907905,5.1988390521312295,5.198597468907905,-0.19009355502851033,5.1988390521312295,-0.190335138251835,4.8557967952418455,0.15270711863754904,4.856386933973471,0.15211697990592388,4.768257311855216,0.2402466020241789,4.768544459894704,0.23995945398469054
98,2026-05-12T16:25:57.310Z,2026-05-12 16:25:57.310000+00:00,1239.82505,20.66375083333333,142.883,1,3,train,3,18,4.077816963195801,6.377004146575928,1.47468364238739,8.523088455200195,16.374776244163513,0.5205010638382368,True,True,False,1.196991920187012,1.523992149531273,15.79223120212555,0.23125022479077537,-0.635917836425272,0.047949893616176326,4.124082163574728,4.128485158805922,4.124082163574728,-0.046265200378926785,4.128485158805922,-0.050668195610120925,3.785442901916537,0.2923740612792636,3.7818716286402934,0.2959453345555074,3.9203476045630876,0.15746935863271316,3.9219875916619564,0.15582937153384435
99,2026-05-12T16:28:19.492Z,2026-05-12 16:28:19.492000+00:00,1242.1947499999999,20.70324583333333,142.182,1,3,train,3,19,4.445570945739746,9.343351364135742,4.998967170715332,3.034790277481079,17.377108812332153,0.17464299212578763,True,True,False,1.196991920187012,1.523992149531273,15.79223120212555,0.5350293460977784,-0.27162239648568776,0.08253570078742124,4.488377603514312,4.4891287966010704,4.488377603514312,-0.04280665777456605,4.4891287966010704,-0.043557850861324354,4.146086539711686,0.2994844060280597,4.146167068579878,0.29940387715986816,4.207816418002885,0.23775452773686112,4.207225353175976,0.2383455925637703
100,2026-05-12T16:30:42.384Z,2026-05-12 16:30:42.384000+00:00,1244.5762833333333,20.742938055555555,142.892,1,3,train,3,20,4.094908714294434,6.308492183685303,1.5127555131912231,2.5563910007476807,10.377638697624207,0.24633648127805077,True,True,False,1.196991920187012,1.523992149531273,15.79223120212555,0.23979668503092283,-0.620156824918275,0.07536635187219493,4.139843175081725,4.142498706772742,4.139843175081725,-0.044934460787291464,4.142498706772742,-0.04758999247830875,3.799456449883358,0.29545226441107575,3.797632640147291,0.29727607414714274,3.9327847607275426,0.16212395356689102,3.9330710897027448,0.16183762459168882
101,2026-05-12T16:33:05.343Z,2026-05-12 16:33:05.343000+00:00,1246.958933333333,20.782648888888886,142.959,1,3,train,3,21,4.3976030349731445,8.745513916015625,4.401782035827637,4.147047043,17.294342994843262,0.23979211261373415,True,True,False,1.196991920187012,1.523992149531273,15.79223120212555,0.5033188533113727,-0.29815680150084994,0.0760207887386266,4.46184319849915,4.462726749951201,4.46184319849915,-0.06424016352600503,4.462726749951201,-0.06512371497805614,4.119684493061817,0.2779185419113279,4.119632663564715,0.2779703714084292,4.186877879968193,0.21072515500495115,4.18634362978876,0.2112594051843848
102,2026-05-12T16:35:28.904Z,2026-05-12 16:35:28.904000+00:00,1249.3516166666666,20.822526944444444,143.561,1,3,train,3,22,5.138624191,1.9713456630706787,7.977984905,5.381337642669678,15.330668210740356,0.3510178140115003,True,True,False,1.196991920187012,1.523992149531273,15.79223120212555,4.0469741326709,0.6071304284898635,0.06489821859884998,5.3671304284898635,5.367311142112778,5.3671304284898635,-0.22850623748986365,5.367311142112778,-0.22868695111277848,5.024268885223394,0.11435530577660558,5.024919893555429,0.11370429744457056,4.901248188503461,0.23737600249653923,4.9017912353479325,0.2368329556520674
103,2026-05-12T16:37:50.432Z,2026-05-12 16:37:50.432000+00:00,1251.7104166666666,20.861840277777777,141.528,1,3,train,3,23,4.910914421081543,1.8790521621704104,4.597433567047119,1.762855887413025,8.239341616630554,0.21395591655707288,True,True,False,1.196991920187012,1.523992149531273,15.79223120212555,2.4466769255286804,0.38857662618734373,0.07860440834429272,5.148576626187343,5.148767061979848,5.148576626187343,-0.23766220510580016,5.148767061979848,-0.23785264089830527,4.805724805090464,0.10518961599107879,4.806366091252909,0.10454832982863405,4.728785414247815,0.182129006833728,4.728941869169272,0.18197255191227057
104,2026-05-12T16:40:12.205Z,2026-05-12 16:40:12.205000+00:00,1254.0733,20.901221666666668,141.773,1,3,train,3,24,4.879487991333008,3.4123246669769287,6.176530361175537,3.865297317504883,13.454152345657349,0.2872940054638597,True,True,False,1.196991920187012,1.523992149531273,15.79223120212555,1.8100652675138011,0.25769423498523203,0.07127059945361404,5.017694234985232,5.017949301106869,5.017694234985232,-0.138206243652224,5.017949301106869,-0.13846130977386117,4.674907044217485,0.20458094711552288,4.675483700050798,0.2040042912822102,4.625504940286147,0.2539830510468608,4.625476394203983,0.25401159712902466
105,2026-05-12T16:42:34.978Z,2026-05-12 16:42:34.978000+00:00,1256.4528500000001,20.940880833333335,142.773,1,3,train,3,25,4.415797233581543,6.550953388214111,3.4678773880004883,1.3320295810699463,11.350860357284546,0.11735053900254362,True,True,False,1.196991920187012,1.523992149531273,15.79223120212555,0.5293698767937477,-0.27624077537782055,0.08826494609974564,4.48375922462218,4.484471547301714,4.48375922462218,-0.0679619910406366,4.484471547301714,-0.0686743137201713,4.14142929041233,0.27436794316921276,4.141548689687745,0.2742485438937976,4.204172013614082,0.21162521996746086,4.203541873902412,0.21225535967913078
106,2026-05-12T16:44:57.399Z,2026-05-12 16:44:57.399000+00:00,1258.8265333333334,20.980442222222223,142.421,1,3,train,3,26,4.619799613952637,5.963613510131836,5.786372184753418,5.041311264038086,16.79129695892334,0.3002335838840013,True,True,False,1.196991920187012,1.523992149531273,15.79223120212555,0.9702795419124168,-0.01310312550706019,0.06997664161159989,4.74689687449294,4.747341118812102,4.74689687449294,-0.12709726054030313,4.747341118812102,-0.12754150485946525,4.404298861922718,0.2155007520299188,4.404686339558506,0.21511327439413108,4.411816303622843,0.20798331032979345,4.411448849902811,0.20835076404982544
107,2026-05-12T16:47:20.218Z,2026-05-12 16:47:20.218000+00:00,1261.2068499999998,21.020114166666662,142.819,1,3,train,3,27,5.121532440185547,1.5709567070007324,7.264969348907471,8.713197708129883,17.549123764038086,0.4965032912916764,True,True,False,1.196991920187012,1.523992149531273,15.79223120212555,4.624550960909506,0.6650695695795399,0.05034967087083236,5.42506956957954,5.425291066085119,5.42506956957954,-0.3035371293939928,5.425291066085119,-0.30375862589957237,5.082248809195735,0.03928363098981169,5.0828590346451055,0.03867340554044141,4.946968486686529,0.17456395349901754,4.947648314174365,0.17388412601118208
108,2026-05-12T16:49:42.725Z,2026-05-12 16:49:42.725000+00:00,1263.5819666666669,21.059699444444448,142.507,1,3,train,3,28,4.429581642150879,7.257782459259033,4.115303993225098,5.928508281707764,17.301594734191895,0.34265675348363583,True,True,False,1.196991920187012,1.523992149531273,15.79223120212555,0.5670194741060398,-0.2464020251431491,0.06573432465163642,4.513597974856851,4.514472845482777,4.513597974856851,-0.0840163327059722,4.514472845482777,-0.08489120333189781,4.171430588593393,0.25815105355748624,4.171387439922417,0.258194202228462,4.227718040228936,0.20186360192194286,4.227270292315665,0.20231134983521404
109,2026-05-12T16:52:04.560Z,2026-05-12 16:52:04.560000+00:00,1265.9458833333333,21.099098055555555,141.835,1,3,train,3,29,4.756534576416016,7.745972633361816,9.487553596496582,2.522180557250977,19.755706787109375,0.127668454711866,True,True,False,1.196991920187012,1.523992149531273,15.79223120212555,1.2248369630992235,0.0880782840159744,0.08723315452881342,4.848078284015974,4.848363541905648,4.848078284015974,-0.09154370759995878,4.848363541905648,-0.09182896548963271,4.505321285016264,0.25121329139975135,4.50586774908154,0.25066682733447543,4.491659465377975,0.26487511103804096,4.491348803225412,0.26518577319060377
110,2026-05-12T16:54:25.586Z,2026-05-12 16:54:25.586000+00:00,1268.2963166666666,21.138271944444444,141.026,1,4,train,4,0,5.058677673339844,2.2797908782958984,7.243326187133789,2.210524082183838,11.733641147613525,0.18839199651452018,True,True,False,0.9444713592529297,1.0776065097024143,9.169205069541931,3.1771888624048015,0.5020430314662322,0.08116080034854799,5.262043031466232,5.262203705507676,5.262043031466232,-0.2033653581263879,5.262203705507676,-0.20352603216783205,4.919161448618292,0.139516224721552,4.919832496531797,0.1388451768080463,4.818322776824218,0.24035489651562614,4.818660391507161,0.24001728183268245
111,2026-05-12T16:56:48.927Z,2026-05-12 16:56:48.927000+00:00,1270.6853333333333,21.17808888888889,143.341,1,4,train,4,1,4.677140235900879,1.650342345237732,2.4211604595184326,5.702972888946533,9.774475693702698,0.5834556315507266,True,True,False,0.9444713592529297,1.0776065097024143,9.169205069541931,1.4670655858192043,0.166449529605162,0.04165443684492735,4.926449529605161,4.926961317454788,4.926449529605161,-0.24930929370428245,4.926961317454788,-0.24982108155390925,4.583919060565404,0.0932211753354748,4.584238994670727,0.09290124123015175,4.553502921285792,0.12363731461508731,4.553512810040229,0.12362742586064979
112,2026-05-12T16:59:11.222Z,2026-05-12 16:59:11.222000+00:00,1273.0569166666667,21.217615277777778,142.295,1,4,train,4,2,4.114206314086914,9.197636604309082,2.4440650939941406,7.301979064941406,18.94368076324463,0.3854572485780604,True,True,False,0.9444713592529297,1.0776065097024143,9.169205069541931,0.26572751230996655,-0.5755634782361821,0.06145427514219396,4.184436521763818,4.187200114911533,4.184436521763818,-0.07023020767690369,4.187200114911533,-0.07299380082461937,3.844157858022149,0.27004845606476513,3.8422259868293835,0.2719803272575305,3.9679737723169732,0.14623254176994083,3.9684260169988024,0.1457802970881117
113,2026-05-12T17:01:34.011Z,2026-05-12 17:01:34.011000+00:00,1275.4367333333332,21.257278888888887,142.789,1,4,train,4,3,4.698642730712891,3.1678454875946045,4.217148303985596,9.215991973876951,16.600985765457153,0.5551472728236005,True,True,False,0.9444713592529297,1.0776065097024143,9.169205069541931,1.3312354786557925,0.12425488345018916,0.04448527271763994,4.884254883450189,4.88477453577125,4.884254883450189,-0.18561215273729825,4.88477453577125,-0.18613180505835913,4.541732278881866,0.15691045183102492,4.542044348515755,0.15659838219713595,4.5202067458911905,0.1784359848217001,4.520146733637327,0.1784959970755633
114,2026-05-12T17:03:56.434Z,2026-05-12 17:03:56.434000+00:00,1277.81045,21.29684083333333,142.423,1,4,train,4,4,4.935725212097168,1.855609893798828,4.768946647644043,3.162666320800781,9.787222862243652,0.32314236278418224,True,True,False,0.9444713592529297,1.0776065097024143,9.169205069541931,2.5700157471573917,0.40993578437511125,0.06768576372158178,5.169935784375111,5.170150811073309,5.169935784375111,-0.23421057227794329,5.170150811073309,-0.23442559897614146,4.827108554183925,0.1086166579132426,4.827725249440677,0.10799996265649092,4.745640118389401,0.19008509370776672,4.745854555502758,0.18987065659440994
115,2026-05-12T17:46:23.537Z,2026-05-12 17:46:23.537000+00:00,1320.2621666666666,22.004369444444443,2547.103,2,5,train,1,0,4.787961959838867,7.543157101,7.981068134307861,7.851915836334228,23.37614107164209,0.3358944409288962,True,True,False,0.9295845031738281,1.0751397628187254,22.343428134918213,1.0580540783447037,0.024507865550290543,0.0664105559071104,4.784507865550291,4.784937407173089,4.784507865550291,0.00345409428857657,4.784937407173089,0.0030245526657779465,4.441895150283705,0.346066809555162,4.442297330615856,0.3456646292230108,4.441495475487702,0.3464664843511649,4.4411842452057355,0.3467777146331317
116,2026-05-12T17:48:48.799Z,2026-05-12 17:48:48.799000+00:00,1322.6832,22.044719999999998,145.262,2,5,train,1,1,4.897682189941406,4.324800491333008,7.176953315734863,8.691786766052246,20.193540573120117,0.43042411183811896,True,True,False,0.9295845031738281,1.0751397628187254,22.343428134918213,1.6594877220620075,0.2199740435717123,0.056957588816188114,4.979974043571712,4.980314107636175,4.979974043571712,-0.08229185363030567,4.980314107636175,-0.08263191769476919,4.637271850746791,0.26041033919461487,4.637763508637278,0.25991868130412854,4.595739597436495,0.3019425925049113,4.595710228341866,0.30197196159954043
117,2026-05-12T17:51:10.875Z,2026-05-12 17:51:10.875000+00:00,1325.0511333333334,22.084185555555557,142.076,2,5,train,1,2,5.083488464355469,1.6750736236572266,5.8752617835998535,8.555215835571289,16.10555124282837,0.5311967101641948,True,True,False,0.9295845031738281,1.0751397628187254,22.343428134918213,3.5074648066944425,0.5449933220852633,0.04688032898358052,5.304993322085263,5.305258967781991,5.304993322085263,-0.22150485772979422,5.305258967781991,-0.22177050342652205,4.962216710892607,0.12127175346286201,4.962782787150829,0.12070567720463998,4.85221523807269,0.23127322628277902,4.852713360547753,0.2307751038077157
118,2026-05-12T17:53:33.387Z,2026-05-12 17:53:33.387000+00:00,1327.4263333333333,22.12377222222222,142.512,2,5,train,1,3,4.312693595886231,1.9117560386657717,1.0327486991882324,3.4475693702697754,6.392074108123779,0.5393506570720464,True,True,False,0.9295845031738281,1.0751397628187254,22.343428134918213,0.5402094609880219,-0.2674378140417357,0.04606493429279536,4.492562185958264,4.493889334996816,4.492562185958264,-0.17986859007203293,4.493889334996816,-0.18119573911058495,4.150847078107432,0.1618465177787991,4.15035165102383,0.16234194486240128,4.211118509706541,0.10157508617969047,4.210990525144365,0.10170307074186624
119,2026-05-12T17:55:56.645Z,2026-05-12 17:55:56.645000+00:00,1329.8139666666668,22.163566111111113,143.258,2,5,train,1,4,4.524414063,1.0617680549621582,1.356583833694458,6.921240329742432,9.339592218399048,0.7410645098730917,True,True,False,0.9295845031738281,1.0751397628187254,22.343428134918213,1.2776649545580905,0.10641698256771455,0.02589354901269083,4.866416982567714,4.86734136804816,4.866416982567714,-0.34200291956771434,4.86734136804816,-0.3429273050481596,4.524299111158776,0.00011495184122445323,4.52420644763328,0.00020761536671987102,4.506130697610728,0.018283365389272,4.506358613686471,0.018055449313528982
120,2026-05-12T17:58:18.896Z,2026-05-12 17:58:18.896000+00:00,1332.1848166666668,22.20308027777778,142.251,2,5,train,1,5,4.214001655578613,5.605854511260986,1.7724813222885132,8.471328735351562,15.849664568901062,0.5344800010451529,True,True,False,0.9295845031738281,1.0751397628187254,22.343428134918213,0.31618396780151353,-0.50006015487141,0.04655199989548472,4.2599398451285895,4.26272653289767,4.2599398451285895,-0.045938189549976194,4.26272653289767,-0.0487248773190565,3.9196842760082853,0.294317379570328,3.9177293101941557,0.29627234538445757,4.027554124961607,0.18644753061700658,4.028160847018941,0.18584080855967233
121,2026-05-12T18:00:40.073Z,2026-05-12 18:00:40.073000+00:00,1334.5377666666668,22.242296111111113,141.177,2,5,train,1,6,4.976525307,3.2838714122772217,7.913933277130127,2.570388078689575,13.768192768096924,0.18669030293108405,True,True,False,0.9295845031738281,1.0751397628187254,22.343428134918213,2.409940062678081,0.3820062414247163,0.0813309697068916,5.142006241424716,5.142191927107623,5.142006241424716,-0.1654809344247159,5.142191927107623,-0.1656666201076229,4.799149670218239,0.17737563678176116,4.799795706490282,0.1767296005097183,4.723600664441809,0.2529246425581908,4.723741509157178,0.252783797842822
122,2026-05-12T18:03:01.602Z,2026-05-12 18:03:01.602000+00:00,1336.8965833333334,22.281609722222225,141.529,2,5,train,1,7,4.827659606933594,5.267858982086182,7.759117126464844,3.1691620349884038,16.19613814353943,0.19567393207575037,True,True,False,0.9295845031738281,1.0751397628187254,22.343428134918213,1.4729166351738732,0.16817816713555497,0.08043260679242498,4.928178167135555,4.928442494378081,4.928178167135555,-0.10051856020196137,4.928442494378081,-0.10078288744448738,4.585400237488697,0.24225936944489668,4.585967632201121,0.24169197473247284,4.554867004733589,0.27279260220000445,4.554684292206362,0.2729753147272316
123,2026-05-12T18:05:24.542Z,2026-05-12 18:05:24.542000+00:00,1339.2789166666666,22.321315277777778,142.94,2,5,train,1,8,4.784654617,4.264469146728516,5.835362434387207,2.391511917114258,12.49134349822998,0.19145353880094118,True,True,False,0.9295845031738281,1.0751397628187254,22.343428134918213,1.3683678398432784,0.13620285859784656,0.08085464611990588,4.896202858597847,4.896482289557321,4.896202858597847,-0.1115482415978466,4.896482289557321,-0.11182767255732085,4.553440032667937,0.2312145843320632,4.5539923236634126,0.2306622933365876,4.529635000714459,0.2550196162855416,4.529406548957273,0.2552480680427269
124,2026-05-12T18:07:47.148Z,2026-05-12 18:07:47.148000+00:00,1341.6556833333334,22.360928055555558,142.606,2,5,train,1,9,4.267482757568359,7.439232349395752,2.753178596496582,4.622891426086426,14.81530237197876,0.31203490215832724,True,True,False,0.9295845031738281,1.0751397628187254,22.343428134918213,0.3700890719887527,-0.43169373858781696,0.06879650978416728,4.328306261412183,4.329803393093204,4.328306261412183,-0.06082350384382362,4.329803393093204,-0.0623206355248449,3.9867611362038198,0.2807216213645396,3.986095726477749,0.2813870310906106,4.081502679935106,0.18598007763325342,4.081212811469319,0.18626994609904024
125,2026-05-12T18:10:09.120Z,2026-05-12 18:10:09.120000+00:00,1344.0218833333333,22.40036472222222,141.972,2,5,train,1,10,4.783551216125488,3.407980204,5.189589023590088,9.268029213,17.865598440590087,0.5187639946022364,True,True,False,0.9295845031738281,1.0751397628187254,22.343428134918213,1.522775577598422,0.18263590294710116,0.04812360053977636,4.942635902947101,4.943065926660034,4.942635902947101,-0.15908468682161292,4.943065926660034,-0.15951471053454558,4.60002366977065,0.18352754635483848,4.600425368012667,0.1831258481128213,4.566275734306105,0.2172754818193834,4.5662501557143305,0.21730106041115782
126,2026-05-12T18:12:31.942Z,2026-05-12 18:12:31.942000+00:00,1346.4022499999999,22.4400375,142.822,2,5,train,1,11,4.704707145690918,9.701196670532228,9.469735145568848,9.564570426940918,28.735502243041992,0.332848555979455,True,True,False,0.9295845031738281,1.0751397628187254,22.343428134918213,0.9761409305651483,-0.010487476443663154,0.0667151444020545,4.749512523556336,4.749975640911868,4.749512523556336,-0.04480537786541827,4.749975640911868,-0.04526849522094967,4.406933384022484,0.2977737616684344,4.407301988621902,0.29740515706901594,4.413880335862045,0.2908268098288733,4.4135325278265105,0.29117461786440746
127,2026-05-12T18:14:53.430Z,2026-05-12 18:14:53.430000+00:00,1348.7603833333335,22.479339722222225,141.488,2,5,train,1,12,4.4444684982299805,9.181890487670898,5.1043243408203125,3.7697055339813232,18.055920362472534,0.2087794727881215,True,True,False,0.9295845031738281,1.0751397628187254,22.343428134918213,0.5559121346169625,-0.25499384594764446,0.07912205272118786,4.505006154052356,4.505751894951924,4.505006154052356,-0.060537655822375136,4.505751894951924,-0.06128339672194372,4.16270963806254,0.28175886016744034,4.162795619117921,0.28167287911205907,4.22093815703203,0.22353034119795012,4.220372778684473,0.22409571954550778
128,2026-05-12T18:17:15.559Z,2026-05-12 18:17:15.559000+00:00,1351.1291999999999,22.518819999999998,142.129,2,5,train,1,13,4.828210830688477,6.375922679901123,9.206503868103027,2.367205858230591,17.94963240623474,0.1318804644382773,True,True,False,0.9295845031738281,1.0751397628187254,22.343428134918213,1.4439484809194394,0.15955169818407183,0.08681195355617227,4.919551698184072,4.919800597868789,4.919551698184072,-0.09134086749559511,4.919800597868789,-0.09158976718031209,4.576758340979405,0.25145248970907197,4.5773411632496375,0.2508696674388391,4.548059780371766,0.28015105031671084,4.547849303432911,0.2803615272555655
129,2026-05-12T18:19:37.929Z,2026-05-12 18:19:37.929000+00:00,1353.5020333333334,22.558367222222223,142.37,2,5,train,1,14,4.549225807189941,6.626776695251465,5.112069129943848,2.614516496658325,14.353362321853638,0.18215359147435486,True,True,False,0.9295845031738281,1.0751397628187254,22.343428134918213,0.771426194820627,-0.11270561816261063,0.08178464085256451,4.647294381837389,4.647780390514492,4.647294381837389,-0.09806857464744745,4.647780390514492,-0.09855458332455047,4.304738133625108,0.24448767356483359,4.305083846902955,0.24414196028698676,4.333219079391638,0.21600672779830354,4.332704970077468,0.2165208371124736
130,2026-05-12T18:22:00.204Z,2026-05-12 18:22:00.204000+00:00,1355.8732833333333,22.597888055555554,142.275,2,5,train,1,15,4.759291648864746,6.115901947021484,7.3441338539123535,2.449049234390259,15.909085035324097,0.1539402944262638,True,True,False,0.9295845031738281,1.0751397628187254,22.343428134918213,1.2008259644334278,0.07948006971510625,0.08460597055737362,4.839480069715106,4.8397794890333055,4.839480069715106,-0.0801884208503596,4.8397794890333055,-0.08048784016855937,4.496737232143921,0.2625544167208247,4.4972695347806715,0.2620221140840746,4.484874537015484,0.274417111849262,4.484559563739602,0.27473208512514447
131,2026-05-12T18:24:21.438Z,2026-05-12 18:24:21.438000+00:00,1358.2271833333332,22.63711972222222,141.234,2,5,train,1,16,4.518900871276856,2.8598403930664062,2.369830369949341,8.639083862304688,13.868754625320435,0.6229170603777326,True,True,False,0.9295845031738281,1.0751397628187254,22.343428134918213,0.8286582620816604,-0.08162453518081164,0.03770829396222674,4.678375464819188,4.679347839533791,4.678375464819188,-0.15947459354233207,4.679347839533791,-0.1604469682569345,4.336305582644407,0.18259528863244956,4.336164929884754,0.18273594139210214,4.3577454419689,0.16115542930795623,4.357672077635559,0.16122879364129705
132,2026-05-12T18:26:44.184Z,2026-05-12 18:26:44.184000+00:00,1360.6062833333333,22.676771388888888,142.746,2,5,train,1,17,4.290088653564453,9.556440353393556,3.5858449935913086,7.650800228118896,20.79308557510376,0.36794924930619477,True,True,False,0.9295845031738281,1.0751397628187254,22.343428134918213,0.37522810387425803,-0.42570464124068136,0.06320507506938053,4.334295358759318,4.335892083270201,4.334295358759318,-0.04420670519486514,4.335892083270201,-0.04580342970574769,3.9928498263808163,0.2972388271836368,3.992084823824884,0.29800382973956907,4.086228730604974,0.20385992295947908,4.08602843602118,0.2040602175432733
133,2026-05-12T18:29:06.206Z,2026-05-12 18:29:06.206000+00:00,1362.9733166666667,22.716221944444445,142.022,2,5,train,1,18,4.653983116149902,3.5640995502471924,4.003465652,9.872911453,17.440476655247192,0.5660918361442608,True,True,False,0.9295845031738281,1.0751397628187254,22.343428134918213,1.1232754853108227,0.05048628081885771,0.04339081638557392,4.810486280818857,4.811106868628389,4.810486280818857,-0.15650316466895475,4.811106868628389,-0.15712375247848698,4.468064611739005,0.18591850441089708,4.468275745884423,0.18570737026547945,4.461995277004679,0.19198783914522366,4.4618820139260515,0.1921011022238508
134,2026-05-12T18:31:28.845Z,2026-05-12 18:31:28.845000+00:00,1365.3506333333332,22.755843888888887,142.639,2,5,train,1,19,4.745508193969727,4.642705917358398,5.750741004943848,4.196063995361328,14.589510917663574,0.2876082700127485,True,True,False,0.9295845031738281,1.0751397628187254,22.343428134918213,1.2386614847696185,0.09295263374994944,0.07123917299872515,4.85295263374995,4.853298405537955,4.85295263374995,-0.107444439780223,4.853298405537955,-0.10779021156822832,4.510256148648571,0.23525204532115573,4.510742098815515,0.2347660951542112,4.495505858664009,0.2500023353057177,4.495251851299299,0.2502563426704274
135,2026-05-12T18:33:51.356Z,2026-05-12 18:33:51.356000+00:00,1367.7258166666666,22.795430277777776,142.511,2,5,train,1,20,5.143586158752441,2.3970086574554443,9.010506629943848,1.0616852045059204,12.469200491905212,0.0851446093272097,True,True,False,0.9295845031738281,1.0751397628187254,22.343428134918213,3.759063031298766,0.5750796079473154,0.09148553906727903,5.335079607947315,5.3352117878418985,5.335079607947315,-0.19149344919487366,5.3352117878418985,-0.19162562908945713,4.9921695309525145,0.15141662779992693,4.992869073012881,0.15071708573956055,4.875956597281055,0.26762956147138617,4.876403436982079,0.2671827217703626
136,2026-05-12T18:36:13.764Z,2026-05-12 18:36:13.764000+00:00,1370.0992833333332,22.834988055555552,142.408,2,5,train,1,21,4.898233413696289,4.552788734436035,8.627081871032715,9.771245002746582,22.951115608215332,0.42574161402633404,True,True,False,0.9295845031738281,1.0751397628187254,22.343428134918213,1.8949005487076203,0.2775864215437253,0.0574258385973666,5.037586421543725,5.037892942803833,5.037586421543725,-0.13935300784743632,5.037892942803833,-0.13965952910754353,4.6948506859144485,0.20338272778184052,4.695375886609291,0.2028575270869979,4.641202043899746,0.2570313697965432,4.641250080796261,0.2569833329000284
137,2026-05-12T18:38:36.585Z,2026-05-12 18:38:36.585000+00:00,1372.4796333333334,22.874660555555558,142.821,2,5,train,1,22,4.229439735412598,6.014262199401856,2.104924201965332,3.06613564491272,11.185322046279907,0.2741213558471012,True,True,False,0.9295845031738281,1.0751397628187254,22.343428134918213,0.34998876540079604,-0.4559458962290086,0.0725878644152899,4.304054103770991,4.3055942429338945,4.304054103770991,-0.07461436835839308,4.3055942429338945,-0.07615450752129682,3.96255198604451,0.2668877493680877,3.961843568836557,0.2675961665760407,4.062365083863015,0.16707465154958268,4.06206547854584,0.16737425686675778
138,2026-05-12T18:40:59.198Z,2026-05-12 18:40:59.198000+00:00,1374.8565166666667,22.91427527777778,142.613,2,5,train,1,23,4.5437116622924805,5.491227626800537,3.9689435958862314,2.2319869995117188,11.692158222198486,0.190896065302479,True,True,False,0.9295845031738281,1.0751397628187254,22.343428134918213,0.7227789240634221,-0.14099451977519906,0.08091039346975212,4.619005480224801,4.619534715565545,4.619005480224801,-0.07529381793232037,4.619534715565545,-0.07582305327306482,4.276492458676161,0.26721920361631923,4.276794945290367,0.26691671700211383,4.310896052286399,0.23281561000608164,4.310365096999028,0.2333465652934521
139,2026-05-12T18:43:20.928Z,2026-05-12 18:43:20.928000+00:00,1377.2186833333333,22.953644722222222,141.73,2,5,train,1,24,4.700296401977539,4.161565304,5.031970024108887,1.3287742137908936,10.52230954189978,0.1262816122734008,True,True,False,0.9295845031738281,1.0751397628187254,22.343428134918213,1.2091532047502112,0.08248133126792424,0.08737183877265993,4.8424813312679245,4.842769466127766,4.8424813312679245,-0.1421849292903854,4.842769466127766,-0.1424730641502272,4.499727209238382,0.20056919273915685,4.50027079633349,0.2000256056440488,4.48724285954391,0.21305354243362906,4.486924375659247,0.2133720263182921
140,2026-05-12T18:45:43.466Z,2026-05-12 18:45:43.466000+00:00,1379.5943166666666,22.99323861111111,142.538,2,5,train,1,25,4.453841209411621,8.705640793,5.346917629241943,6.670559883117676,20.72311830535962,0.3218897747349379,True,True,False,0.9295845031738281,1.0751397628187254,22.343428134918213,0.6141900127031744,-0.21169724986488997,0.06781102252650621,4.54830275013511,4.549069976598865,4.54830275013511,-0.094461540723489,4.549069976598865,-0.09522876718724405,4.206027719709481,0.24781348970214,4.206092215200676,0.2477489942109452,4.255103891041646,0.1987373183699752,4.254633614998112,0.199207594413509
141,2026-05-12T18:48:05.532Z,2026-05-12 18:48:05.532000+00:00,1381.9620833333333,23.03270138888889,142.066,2,5,train,1,26,4.932416915893555,4.965035438537598,9.921024322509766,3.1368625164031982,18.02292227745056,0.17404849602707848,True,True,False,0.9295845031738281,1.0751397628187254,22.343428134918213,1.99817794763453,0.3006341616850006,0.08259515039729215,5.060634161685001,5.0608397733914625,5.060634161685001,-0.1282172457914461,5.0608397733914625,-0.12842285749790783,4.7177975165020785,0.21461939939147623,4.718423626750567,0.2139932891429881,4.659389223272565,0.2730276926209898,4.659399028690289,0.2730178872032658
142,2026-05-12T18:50:28.022Z,2026-05-12 18:50:28.022000+00:00,1384.3369166666666,23.072281944444445,142.49,2,5,train,1,27,4.393743515014648,7.588895797729492,3.9835362434387207,4.336717606,15.909149647168213,0.2725926716499221,True,True,False,0.9295845031738281,1.0751397628187254,22.343428134918213,0.5249164502470237,-0.2799098167545092,0.07274073283500779,4.4800901832454905,4.480963767559407,4.4800901832454905,-0.08634666823084203,4.480963767559407,-0.08722025254475874,4.137921510670023,0.2558220043446253,4.137879648311056,0.2558638667035922,4.201276740010895,0.1924667750037532,4.2007675251084144,0.192975989906234
143,2026-05-12T18:52:50.405Z,2026-05-12 18:52:50.405000+00:00,1386.7099666666666,23.111832777777774,142.383,2,5,train,1,28,4.335851669311523,5.439786911010742,2.5176923274993896,8.414495468139648,16.37197470664978,0.513957272650925,True,True,False,0.9295845031738281,1.0751397628187254,22.343428134918213,0.4628292189907837,-0.3345792312978615,0.0486042727349075,4.425420768702138,4.426965399228636,4.425420768702138,-0.08956909939061486,4.426965399228636,-0.09111372991711253,4.083923142339252,0.2519285269722715,4.083210233767704,0.25264143554381935,4.158136612501114,0.17771505681040978,4.1580595106200855,0.17779215869143794
144,2026-05-12T18:55:12.452Z,2026-05-12 18:55:12.452000+00:00,1389.0774166666667,23.15129027777778,142.047,2,5,train,1,29,4.720697402954102,6.504141330718994,7.309062480926514,1.4453870058059692,15.258590817451477,0.09472611351192789,True,True,False,0.9295845031738281,1.0751397628187254,22.343428134918213,1.1237551752459445,0.050671704808542814,0.09052738864880722,4.810671704808542,4.810969254626038,4.810671704808542,-0.08997430185444077,4.810969254626038,-0.09027185167193608,4.467926997736654,0.252770405217448,4.468461169874108,0.25223623307999343,4.4621415967453455,0.25855580620875607,4.461773173214972,0.25892422973912943
145,2026-05-12T18:57:34.436Z,2026-05-12 18:57:34.436000+00:00,1391.4438166666666,23.190730277777778,141.984,2,6,train,2,0,5.1237382888793945,1.734874248504639,7.588912010192871,7.268160343170166,16.591946601867676,0.43805350376139857,True,True,False,1.0271739960000001,1.3491529883898232,20.323718905448914,4.374329734119965,0.6409115167700762,0.05619464962386015,5.400911516770076,5.401114052015454,5.400911516770076,-0.2771732278906818,5.401114052015454,-0.2773757631360594,5.05807179512607,0.06566649375332467,5.058700981835642,0.06503730704375243,4.927905149584905,0.1958331392944892,4.928526398103738,0.19521189077565637
146,2026-05-12T18:59:55.970Z,2026-05-12 18:59:55.970000+00:00,1393.8027166666666,23.230045277777776,141.534,2,6,train,2,1,4.657842636108398,5.649968624,6.021924018859863,7.69212532,19.36401796285986,0.3972380801728999,True,True,False,1.0271739960000001,1.3491529883898232,20.323718905448914,1.0658331788392357,0.027689235479405452,0.06027619198271002,4.787689235479405,4.788159098798391,4.787689235479405,-0.12984659937100673,4.788159098798391,-0.13031646268999264,4.445116841909007,0.21272579419939142,4.445478700544971,0.21236393556342748,4.444005923158382,0.21383671295001605,4.443732323172972,0.2141103129354267
147,2026-05-12T19:02:17.828Z,2026-05-12 19:02:17.828000+00:00,1396.1670166666665,23.269450277777775,141.858,2,6,train,2,2,4.601604461669922,1.4128093719482422,1.9532058238983157,5.430089950561523,8.796105146408081,0.6173289041205833,True,True,False,1.0271739960000001,1.3491529883898232,20.323718905448914,1.3824977825599183,0.14066444339607492,0.038267109587941675,4.900664443396074,4.901249402036155,4.900664443396074,-0.29905998172615256,4.901249402036155,-0.2996449403662327,4.5582071451467705,0.043397316523151375,4.55845390846164,0.04315055320828165,4.533155677471271,0.06844878419865097,4.533176920453804,0.06842754121611794
148,2026-05-12T19:04:40.691Z,2026-05-12 19:04:40.691000+00:00,1398.5480666666667,23.309134444444446,142.863,2,6,train,2,3,4.842546463012695,5.638144493103027,8.750115394592285,2.549004554748535,16.937264442443848,0.15049682688786925,True,True,False,1.0271739960000001,1.3491529883898232,20.323718905448914,1.5519494765159068,0.1908775787601176,0.08495031731121308,4.950877578760117,4.951117660438479,4.950877578760117,-0.10833111574742205,4.951117660438479,-0.1085711974257837,4.608075403549095,0.23447105946360036,4.608667043825683,0.23387941918701216,4.572779314935926,0.2697671480767694,4.572618377079087,0.26992808593360795
149,2026-05-12T19:07:02.830Z,2026-05-12 19:07:02.830000+00:00,1400.91705,23.3486175,142.139,2,6,train,2,4,4.651226043701172,8.275125503540039,8.169450759887695,8.868526458740234,25.31310272216797,0.35035319676452054,True,True,False,1.0271739960000001,1.3491529883898232,20.323718905448914,0.9872298319092397,-0.005581729690678479,0.06496468032354795,4.754418270309321,4.754888468495344,4.754418270309321,-0.10319222660814908,4.754888468495344,-0.1036624247941722,4.41184621160596,0.23937983209521185,4.412207735374887,0.23901830832628512,4.4177515048186216,0.23347453888255032,4.417418147301686,0.23380789639948585
150,2026-05-12T19:09:24.292Z,2026-05-12 19:09:24.292000+00:00,1403.27475,23.387912500000002,141.462,2,6,train,2,5,4.418003082275391,6.378178596496582,3.656946897506714,2.137426376342773,12.17255187034607,0.1755939427582004,True,True,False,1.0271739960000001,1.3491529883898232,20.323718905448914,0.5733528533546252,-0.24157802183556135,0.08244060572417997,4.518421978164438,4.519110099270805,4.518421978164438,-0.10041889588904773,4.519110099270805,-0.10110701699541469,4.176067842381421,0.24193523989396937,4.176211443230004,0.24179163904538648,4.231524704696358,0.18647837757903218,4.230937956878268,0.1870651253971225
151,2026-05-12T19:11:46.284Z,2026-05-12 19:11:46.284000+00:00,1405.6412833333334,23.427354722222223,141.992,2,6,train,2,6,4.865151405334473,5.467805386,8.60830307,2.4208292961120605,16.49693775211206,0.1467441614006289,True,True,False,1.0271739960000001,1.3491529883898232,20.323718905448914,1.5743616427975038,0.19710450021562473,0.08532558385993712,4.957104500215625,4.957340868507631,4.957104500215625,-0.091953094881152,4.957340868507631,-0.0921894631731579,4.6142986116182465,0.25085279371622615,4.6148939652811904,0.2502574400532822,4.577693034752167,0.2874583705823053,4.577540393588052,0.2876110117464208
152,2026-05-12T19:14:08.675Z,2026-05-12 19:14:08.675000+00:00,1408.0144666666667,23.46690777777778,142.391,2,6,train,2,7,4.662804604,9.544548034667969,9.349561691,3.549530267715454,22.44363999338342,0.15815305666825374,True,True,False,1.0271739960000001,1.3491529883898232,20.323718905448914,0.9795709191299856,-0.00896411641057887,0.08418469433317463,4.751035883589421,4.751401680690317,4.751035883589421,-0.08823127958942134,4.751401680690317,-0.08859707669031724,4.408359423800933,0.2544451801990668,4.408825348654987,0.25397925534501287,4.415082432987458,0.24772217101254146,4.4146604013049435,0.24814420269505622
153,2026-05-12T19:16:31.256Z,2026-05-12 19:16:31.256000+00:00,1410.3908166666665,23.50651361111111,142.581,2,6,train,2,8,4.850265502929688,6.158670425415039,9.249773979187012,4.070502758026123,19.478947162628174,0.20896934131202372,True,True,False,1.0271739960000001,1.3491529883898232,20.323718905448914,1.501910857417518,0.17664415684887702,0.07910306586879763,4.936644156848876,4.9369087474541455,4.936644156848876,-0.08637865391918798,4.9369087474541455,-0.08664324452445715,4.5938664905647615,0.2563990123649269,4.594433621914442,0.25583188101524623,4.56154759348289,0.288717909446798,4.561380362295361,0.2888851406343278
154,2026-05-12T19:18:53.626Z,2026-05-12 19:18:53.626000+00:00,1412.76365,23.546060833333335,142.37,2,6,train,2,9,4.706361770629883,5.2391438484191895,6.073420524597168,6.661333560943604,17.97389793395996,0.37061151595601594,True,True,False,1.0271739960000001,1.3491529883898232,20.323718905448914,1.1592391238560296,0.06417302997524449,0.06293884840439842,4.8241730299752446,4.824588644833719,4.8241730299752446,-0.11781125934536174,4.824588644833719,-0.11822687420383637,4.481546387944335,0.22481538268554768,4.48196249504081,0.22439927558907247,4.472795614062116,0.23356615656776647,4.472544926738132,0.23381684389175117
155,2026-05-12T19:21:16.436Z,2026-05-12 19:21:16.436000+00:00,1415.1438166666667,23.585730277777778,142.81,2,6,train,2,10,4.304424285888672,7.571396827697754,3.112863779067993,9.827672958374023,20.51193356513977,0.47911977323660254,True,True,False,1.0271739960000001,1.3491529883898232,20.323718905448914,0.41113467566255224,-0.3860158926825117,0.052088022676339746,4.373984107317488,4.375682971949514,4.373984107317488,-0.06955982142881645,4.375682971949514,-0.07125868606084218,4.03264071506013,0.2717835708285419,4.031773572383054,0.27265071350561776,4.1175474796313685,0.1868768062573034,4.1174995693674665,0.18692471652120535
156,2026-05-12T19:23:38.614Z,2026-05-12 19:23:38.614000+00:00,1417.51345,23.625224166666666,142.178,2,6,train,2,11,4.534890174865723,1.284639835357666,1.4684510231018066,7.350613594055176,10.103704452514648,0.727516687429008,True,True,False,1.0271739960000001,1.3491529883898232,20.323718905448914,1.1430838299459742,0.05807808126837246,0.027248331257099204,4.818078081268372,4.819049495933523,4.818078081268372,-0.2831879064026497,4.819049495933523,-0.2841593210678006,4.476007239044139,0.05888293582158344,4.475867546333938,0.05902262853178453,4.46798603513071,0.06690413973501297,4.468163941556627,0.06672623330909566
157,2026-05-12T19:26:00.338Z,2026-05-12 19:26:00.338000+00:00,1419.8755166666667,23.664591944444446,141.724,2,6,train,2,12,4.798438072,4.216410636901856,6.546890735626221,8.233444213867188,18.996745586395264,0.4334134063343809,True,True,False,1.0271739960000001,1.3491529883898232,20.323718905448914,1.5527165874993523,0.19109219254918736,0.05665865936656192,4.951092192549187,4.95145192790175,4.951092192549187,-0.1526541205491876,4.95145192790175,-0.15301385590174998,4.608409671012366,0.19002840098763407,4.608881657614753,0.18955641438524662,4.5729486686102465,0.2254894033897532,4.572882753579815,0.2255553184201844
158,2026-05-12T19:28:21.883Z,2026-05-12 19:28:21.883000+00:00,1422.2346,23.70391,141.545,2,6,train,2,13,4.378856658935547,2.320890426635742,1.4332921504974363,3.843435049057007,7.5976176261901855,0.5058737143875313,True,True,False,1.0271739960000001,1.3491529883898232,20.323718905448914,0.6175613178667257,-0.2093199146851938,0.049412628561246875,4.550680085314806,4.551725127419354,4.550680085314806,-0.17182342637925885,4.551725127419354,-0.17286846848380755,4.20868287052997,0.1701737884055765,4.2084695503803715,0.17038710855517536,4.256979867648351,0.12187679128719608,4.25673360844635,0.12212305048919703
159,2026-05-12T19:30:44.037Z,2026-05-12 19:30:44.037000+00:00,1424.6038333333333,23.74339722222222,142.154,2,6,train,2,14,4.616490364074707,8.014825820922852,7.140639781951904,3.1232385635375977,18.278704166412354,0.17086761375987686,True,True,False,1.0271739960000001,1.3491529883898232,20.323718905448914,0.8909288787425838,-0.05015696353041897,0.08291323862401231,4.7098430364695805,4.710252665806722,4.7098430364695805,-0.09335267239487344,4.710252665806722,-0.09376230173201527,4.367210408917338,0.24927995515736878,4.367632501535146,0.24885786253956077,4.382576786236262,0.2339135778384449,4.382115108212679,0.23437525586202845
160,2026-05-12T19:33:06.234Z,2026-05-12 19:33:06.234000+00:00,1426.9737833333334,23.78289638888889,142.197,2,6,train,2,15,4.94068718,2.79406213760376,6.997148036956787,8.972794532775879,18.764004707336426,0.4781918717632628,True,True,False,1.0271739960000001,1.3491529883898232,20.323718905448914,2.504292206957742,0.398685002040511,0.05218081282367373,5.158685002040511,5.158968005198552,5.158685002040511,-0.21799782204051077,5.158968005198552,-0.2182808251985513,4.8159257483091675,0.12476143169083276,4.816474467106077,0.12421271289392344,4.736762024695629,0.20392515530437105,4.737009928339326,0.2036772516606744
161,2026-05-12T19:35:29.146Z,2026-05-12 19:35:29.146000+00:00,1429.3556500000002,23.82259416666667,142.912,2,6,train,2,16,4.740546226501465,5.081352233886719,6.269730567932129,4.455780982971191,15.806863784790039,0.2818889973138575,True,True,False,1.0271739960000001,1.3491529883898232,20.323718905448914,1.2338704894575714,0.09126957731012683,0.07181110026861424,4.851269577310126,4.8516137860663955,4.851269577310126,-0.11072335080866136,4.8516137860663955,-0.11106755956493064,4.508571529177011,0.23197469732445342,4.509059042375692,0.23148718412577285,4.494177743665401,0.24636848283606394,4.493919463765699,0.24662676273576611
162,2026-05-12T19:37:50.915Z,2026-05-12 19:37:50.915000+00:00,1431.7184666666665,23.861974444444442,141.769,2,6,train,2,17,4.420207977294922,1.2416582107543943,1.198929786682129,8.027692794799805,10.468280792236328,0.7668587568603857,True,True,False,1.0271739960000001,1.3491529883898232,20.323718905448914,0.9655876120318934,-0.015208314638857598,0.023314124313961425,4.744791685361142,4.746128911585434,4.744791685361142,-0.3245837080662204,4.746128911585434,-0.3259209342905125,4.40308665469605,0.017121322598871558,4.402581150426708,0.01762682686821382,4.410155079914183,0.010052897380738557,4.410490099381272,0.00971787791364953
163,2026-05-12T19:40:13.123Z,2026-05-12 19:40:13.123000+00:00,1434.0886,23.901476666666667,142.208,2,6,train,2,18,5.171705246,1.0721098184585571,6.397107124328613,3.045468807220459,10.51468575000763,0.2896395460243069,True,True,False,1.0271739960000001,1.3491529883898232,20.323718905448914,5.966839417184104,0.7757443500329254,0.07103604539756932,5.5357443500329255,5.535888998006595,5.5357443500329255,-0.3640391040329254,5.535888998006595,-0.3641837520065945,5.192846741117211,-0.021141495117210418,5.193533815098491,-0.02182856909849118,5.034302952964563,0.1374022930354375,5.035121662441999,0.13658358355800093
164,2026-05-12T19:42:34.937Z,2026-05-12 19:42:34.937000+00:00,1436.4521666666667,23.940869444444445,141.814,2,6,train,2,19,4.680447578430176,6.685596466064453,6.858957290649414,6.761167049407959,20.305720806121826,0.3329685813157435,True,True,False,1.0271739960000001,1.3491529883898232,20.323718905448914,1.0259304948279375,0.011117939006611625,0.06670314186842566,4.771117939006611,4.771558694896335,4.771117939006611,-0.09067036057643563,4.771558694896335,-0.0911111164661591,4.428516438006951,0.25193114042322495,4.428907404072177,0.2515401743579986,4.430929363827903,0.24951821460227297,4.4306028470003165,0.2498447314298593
165,2026-05-12T19:44:56.678Z,2026-05-12 19:44:56.678000+00:00,1438.8145166666666,23.980241944444444,141.741,2,6,train,2,20,4.238812446594238,2.4034652709960938,1.0337040424346924,1.552214503288269,4.989383816719055,0.3111034468999786,True,True,False,1.0271739960000001,1.3491529883898232,20.323718905448914,0.4300890280833071,-0.3664416365057898,0.06888965531000214,4.39355836349421,4.394765591484838,4.39355836349421,-0.15474591689997208,4.394765591484838,-0.1559531448905993,4.0517233345954535,0.18708911199878475,4.051347828559776,0.18746461803446213,4.132993701516611,0.10581874507762734,4.1325922622910305,0.10622018430320779
166,2026-05-12T19:47:19.249Z,2026-05-12 19:47:19.249000+00:00,1441.1906999999999,24.019844999999997,142.571,2,6,train,2,21,4.370586395263672,8.03917408,4.065876007080078,9.923268318,22.02831840508008,0.45047779569554147,True,True,False,1.0271739960000001,1.3491529883898232,20.323718905448914,0.5057579257047358,-0.296057302698806,0.054952220430445856,4.463942697301194,4.465156108406256,4.463942697301194,-0.0933563020375221,4.465156108406256,-0.094569713142584,4.122113851516872,0.24847254374680006,4.12173216236676,0.2488542328969121,4.188534613386382,0.18205178187728954,4.1882650411073445,0.18232135415632733
167,2026-05-12T19:49:41.611Z,2026-05-12 19:49:41.611000+00:00,1443.5634,24.05939,142.362,2,6,train,2,22,4.828210830688477,5.967372417449951,9.666806221,6.792750358581543,22.426928997031496,0.3028836609542329,True,True,False,1.0271739960000001,1.3491529883898232,20.323718905448914,1.6199435102679471,0.20949987034098708,0.0697116339045767,4.969499870340987,4.969782863440705,4.969499870340987,-0.14128903965251016,4.969782863440705,-0.14157203275222852,4.626740606551321,0.20147022413715554,4.6272893354065525,0.20092149528192405,4.587474332982735,0.24073649770574157,4.587380929817044,0.2408299008714323
168,2026-05-12T19:52:03.518Z,2026-05-12 19:52:03.518000+00:00,1445.9285166666666,24.09880861111111,141.907,2,6,train,2,23,4.593334197998047,6.287487506866455,5.229246616363525,9.281452178955078,20.79818630218506,0.4462625752121457,True,True,False,1.0271739960000001,1.3491529883898232,20.323718905448914,0.8316909752349817,-0.08003801106550414,0.05537374247878543,4.679961988934496,4.680622012008411,4.679961988934496,-0.08662779093644879,4.680622012008411,-0.0872878140103639,4.337579755119027,0.25575444287902016,4.3377514540000615,0.2555827439979854,4.358997382440614,0.23433681555743302,4.3586798372806905,0.23465436071735635
169,2026-05-12T19:54:25.656Z,2026-05-12 19:54:25.656000+00:00,1448.2974833333333,24.138291388888888,142.138,2,6,train,2,24,4.765908241271973,3.5648081302642822,5.365047931671143,3.621104001998901,12.550960063934326,0.2885121125039896,True,True,False,1.0271739960000001,1.3491529883898232,20.323718905448914,1.505003280856352,0.17753744667820537,0.07114878874960104,4.937537446678205,4.937831117458189,4.937537446678205,-0.17162920540623272,4.937831117458189,-0.17192287618621638,4.594788860568805,0.17111938070316768,4.595326911743771,0.1705813295282015,4.562252496534484,0.20365574473748893,4.562109876773557,0.20379836449841537
170,2026-05-12T19:56:47.354Z,2026-05-12 19:56:47.354000+00:00,1450.6591166666667,24.177651944444445,141.698,2,6,train,2,25,4.570728302001953,4.845654487609863,4.221555709838867,7.144629001617432,16.211839199066162,0.44070440829619,True,True,False,1.0271739960000001,1.3491529883898232,20.323718905448914,0.8712044411406569,-0.05987991934277216,0.055929559170381005,4.700120080657228,4.700741652432865,4.700120080657228,-0.12939177865527451,4.700741652432865,-0.13001335043091178,4.357699395543481,0.21302890645847228,4.357909545722793,0.2128187562791597,4.37490431421474,0.19582398778721277,4.374592723564291,0.19613557843766216
171,2026-05-12T19:59:09.045Z,2026-05-12 19:59:09.045000+00:00,1453.0206333333333,24.217010555555554,141.691,2,6,train,2,26,4.658393859863281,3.593733310699463,3.8036744594573975,6.83250618,14.22991395015686,0.48015091334580307,True,True,False,1.0271739960000001,1.3491529883898232,20.323718905448914,1.0584186779060334,0.02465749523835398,0.0519849086654197,4.784657495238354,4.785205901688319,4.784657495238354,-0.12626363537507235,4.785205901688319,-0.1268120418250378,4.442163644798935,0.21623021506434625,4.442446960303919,0.21594689955936186,4.441613549622504,0.21678031024077704,4.44139660102316,0.216997258840121
172,2026-05-12T20:01:31.443Z,2026-05-12 20:01:31.443000+00:00,1455.3939333333333,24.256565555555554,142.398,2,6,train,2,27,4.14453125,9.536799430847168,2.546795129776001,3.582962989807129,15.666557550430298,0.22870135818118634,True,True,False,1.0271739960000001,1.3491529883898232,20.323718905448914,0.2670492494094285,-0.5734086383568978,0.07712986418188136,4.186591361643102,4.188779849544475,4.186591361643102,-0.04206011164310208,4.188779849544475,-0.04424859954447502,3.8457375926550905,0.2987936573449095,3.844380826708668,0.3001504232913321,3.969674175877757,0.17485707412224283,3.9696754497442166,0.1748558002557834
173,2026-05-12T20:03:53.561Z,2026-05-12 20:03:53.561000+00:00,1457.7625666666668,24.296042777777778,142.118,2,6,train,2,28,4.797885894775391,5.612346649169922,7.919260025024414,8.927486419677734,22.45909309387207,0.39749986263308135,True,True,False,1.0271739960000001,1.3491529883898232,20.323718905448914,1.4110425674072875,0.14954011546323684,0.060250013736691865,4.909540115463237,4.909905532631645,4.909540115463237,-0.11165422068784636,4.909905532631645,-0.11201963785625413,4.566863275742261,0.23102261903312993,4.567329580528803,0.23055631424658785,4.540159550256642,0.25772634451874854,4.540023167151862,0.2578627276235288
174,2026-05-12T20:06:15.936Z,2026-05-12 20:06:15.936000+00:00,1460.1354833333332,24.335591388888886,142.375,2,6,train,2,29,4.549777030944824,6.85363245,5.102411270141602,7.131011009216309,19.08705472935791,0.3736045770460363,True,True,False,1.0271739960000001,1.3491529883898232,20.323718905448914,0.7444827698838157,-0.12814534899437383,0.06263954229539637,4.631854651005626,4.632515105748867,4.631854651005626,-0.08207762006080177,4.632515105748867,-0.08273807480404294,4.289472848859483,0.2603041820853411,4.289644116071192,0.26013291487363244,4.3210354487022915,0.22874158224253271,4.320631457060459,0.22914557388436485
175,2026-05-12T20:08:37.316Z,2026-05-12 20:08:37.316000+00:00,1462.4918166666669,24.374863611111113,141.38,2,7,train,3,0,4.644610404968262,9.542545318603516,8.496578216552734,2.5826752185821533,20.621798753738403,0.12524005541048913,True,True,False,1.1203536987304688,1.3669804064820061,19.711204886436462,0.8903890872792993,-0.050420171408552136,0.08747599445895109,4.709579828591448,4.709968359508254,4.709579828591448,-0.06496942362318592,4.709968359508254,-0.06535795453999249,4.36692610261887,0.27768430234939157,4.367369293657013,0.2772411113112483,4.3823690865285,0.26224131843976206,4.38189024664946,0.26272015831880147
176,2026-05-12T20:10:59.201Z,2026-05-12 20:10:59.201000+00:00,1464.8565666666666,24.41427611111111,141.885,2,7,train,3,1,4.017719268798828,8.793756484985352,1.7661807537078855,5.839504718780518,16.399441957473755,0.3560794772116783,True,True,False,1.1203536987304688,1.3669804064820061,19.711204886436462,0.2008448558614854,-0.6971392871565112,0.06439205227883217,4.062860712843489,4.066997767816091,4.062860712843489,-0.045141444044660695,4.066997767816091,-0.04927849901726322,3.723955510926707,0.2937637578721213,3.7206501779090546,0.2970690908897735,3.8720372062729225,0.14568206252590565,3.873356411379667,0.1443628574191611
177,2026-05-12T20:13:21.120Z,2026-05-12 20:13:21.120000+00:00,1467.2218833333332,24.453698055555552,141.919,2,7,train,3,2,4.312142372131348,5.712976932525635,2.693763971328736,9.727528572,18.13426947585437,0.536416897573521,True,True,False,1.1203536987304688,1.3669804064820061,19.711204886436462,0.4715166896600538,-0.32650293050038204,0.046358310242647915,4.433497069499618,4.435075872594215,4.433497069499618,-0.12135469736826998,4.435075872594215,-0.12293350046286733,4.092033615704831,0.22010875642651673,4.091286534565183,0.22085583756616423,4.164509694216381,0.1476326779149666,4.164474189891181,0.14766818224016642
178,2026-05-12T20:15:42.890Z,2026-05-12 20:15:42.890000+00:00,1469.5847166666667,24.493078611111113,141.77,2,7,train,3,3,4.925249099731445,4.074304103851318,7.760206223,2.3196709156036377,14.154181242454957,0.16388591299409594,True,True,False,1.1203536987304688,1.3669804064820061,19.711204886436462,1.9046703498799975,0.27981982115783455,0.0836114087005904,5.039819821157835,5.040029639518721,5.039819821157835,-0.11457072142638935,5.040029639518721,-0.11478053978727587,4.696987382629337,0.22826171710210819,4.6976092862234005,0.22763981350804485,4.642964439654992,0.2822846600764537,4.642940022123703,0.28230907760774215
179,2026-05-12T20:18:04.341Z,2026-05-12 20:18:04.341000+00:00,1471.9422333333334,24.532370555555556,141.451,2,7,train,3,4,4.793475151062012,3.311570882797241,5.202599525,5.206424713134766,13.720595120932007,0.3794605603653368,True,True,False,1.1203536987304688,1.3669804064820061,19.711204886436462,1.5710367403053838,0.19618634158059403,0.06205394396346632,4.956186341580594,4.956511828685343,4.956186341580594,-0.16271119051858207,4.956511828685343,-0.16303667762333163,4.613469571795959,0.18000557926605243,4.61397580664616,0.17949934441585214,4.576968507501961,0.21650664356005045,4.576884695169078,0.21659045589293413
180,2026-05-12T20:20:27.025Z,2026-05-12 20:20:27.025000+00:00,1474.3202999999999,24.572004999999997,142.684,2,7,train,3,5,5.117672920227051,1.6180973052978516,6.675900936126709,7.867712497711182,16.161710739135742,0.48681186198064036,True,True,False,1.1203536987304688,1.3669804064820061,19.711204886436462,4.125772235247522,0.6155052489145209,0.05131881380193597,5.3755052489145205,5.375732033266719,5.3755052489145205,-0.25783232868746975,5.375732033266719,-0.25805911303966855,5.032689776377335,0.0849831438497155,5.033294713980086,0.08437820624696446,4.90785683474577,0.20981608548128072,4.908451428100501,0.2092214921265496
181,2026-05-12T20:22:49.168Z,2026-05-12 20:22:49.168000+00:00,1476.68935,24.61148916666667,142.143,2,7,train,3,6,5.138072967529297,2.0108442306518555,7.794434070587158,7.454750061035156,17.26002836227417,0.4319083320470815,True,True,False,1.1203536987304688,1.3669804064820061,19.711204886436462,3.876199832773937,0.5884061584803545,0.056809166795291854,5.348406158480354,5.34861622271892,5.348406158480354,-0.21033319095105707,5.34861622271892,-0.2105432551896227,5.0055739658295355,0.13249900169976137,5.00619562354592,0.13187734398337714,4.886472698359929,0.2516002691693675,4.88700517952787,0.2510677880014267
182,2026-05-12T20:25:10.893Z,2026-05-12 20:25:10.893000+00:00,1479.0514333333333,24.65085722222222,141.725,2,7,train,3,7,4.096011161804199,8.205654144,2.0521554946899414,7.715114593505859,17.9729242321958,0.4292631790927704,True,True,False,1.1203536987304688,1.3669804064820061,19.711204886436462,0.2500904204194962,-0.6019029433699808,0.057073682090722964,4.158097056630019,4.161368836303396,4.158097056630019,-0.06208589482581939,4.161368836303396,-0.0653576744991966,3.8183265794140113,0.2776845823901879,3.815886521695585,0.2801246401086144,3.9471890630987962,0.14882209870540297,3.947995721507453,0.14801544029674618
183,2026-05-12T20:27:32.473Z,2026-05-12 20:27:32.473000+00:00,1481.4111,24.690185,141.58,2,7,train,3,8,4.418554306030273,3.118473052978516,2.122923851013184,3.8299639225006095,9.07136082649231,0.42220390035808664,True,True,False,1.1203536987304688,1.3669804064820061,19.711204886436462,0.6807574780822739,-0.1670075792615507,0.05777960996419134,4.592992420738449,4.593787038567966,4.592992420738449,-0.17443811470817572,4.593787038567966,-0.175232732537693,4.250744781678582,0.16780952435169105,4.250781885804015,0.1677724202262585,4.290368912705073,0.12818539332520018,4.29000092311293,0.1285533829173433
184,2026-05-12T20:29:54.374Z,2026-05-12 20:29:54.374000+00:00,1483.7761166666667,24.729601944444443,141.901,2,7,train,3,9,4.5861663818359375,6.623647689819336,5.637491226196289,2.030766487121582,14.291905403137207,0.14209207448824912,True,True,False,1.1203536987304688,1.3669804064820061,19.711204886436462,0.8511158035867779,-0.07001134539470578,0.08579079255117508,4.689988654605294,4.690404358161881,4.689988654605294,-0.10382227276935652,4.690404358161881,-0.10423797632594312,4.347362101272497,0.23880428056344094,4.34777811967086,0.2383882621650777,4.366909514647428,0.21925686718850912,4.366416822566858,0.21974955926907924
185,2026-05-12T20:32:17.416Z,2026-05-12 20:32:17.416000+00:00,1486.16015,24.769335833333333,143.042,2,7,train,3,10,4.555841445922852,2.8945183753967285,2.5017216205596924,1.1294678449630735,6.525707840919495,0.1730797443735893,True,True,False,1.1203536987304688,1.3669804064820061,19.711204886436462,0.8642963340029933,-0.06333732909832474,0.08269202556264107,4.696662670901675,4.697086871865643,4.696662670901675,-0.14082122497882388,4.697086871865643,-0.14124542594279177,4.354044614976259,0.2017968309465923,4.354452135967241,0.20138930995561033,4.372176041030293,0.183665404892559,4.3717021098987,0.18413933602415167
186,2026-05-12T20:34:39.218Z,2026-05-12 20:34:39.218000+00:00,1488.5235166666666,24.80872527777778,141.802,2,7,train,3,11,4.551981925964356,8.919845581054688,2.7343437671661377,4.778940200805664,16.43312954902649,0.2908113263848012,True,True,False,1.1203536987304688,1.3669804064820061,19.711204886436462,0.3065460878575913,-0.5135042219693091,0.07091886736151988,4.246495778030691,4.248418191944869,4.246495778030691,0.30548614793366546,4.248418191944869,0.30356373401948744,3.9053759350554844,0.6466059909088719,3.9042852430962567,0.6476966828680997,4.016945290502743,0.535036635461613,4.016844193356873,0.5351377326074838
187,2026-05-12T20:37:01.024Z,2026-05-12 20:37:01.024000+00:00,1490.88695,24.848115833333335,141.806,2,7,train,3,12,4.550879478,6.321552276611328,2.450877904891968,3.098689556121826,11.871119737625122,0.26102757150200684,True,True,False,1.1203536987304688,1.3669804064820061,19.711204886436462,0.38770191206988847,-0.41150205713219196,0.07389724284979933,4.348497942867808,4.349801587946092,4.348497942867808,0.20238153513219181,4.349801587946092,0.20107789005390764,4.006759331056708,0.5441201469432917,4.006287407933374,0.544592070066626,4.097436117670054,0.4534433603299455,4.097029644864835,0.45384983313516436
188,2026-05-12T20:39:22.506Z,2026-05-12 20:39:22.506000+00:00,1493.2449833333333,24.887416388888887,141.482,2,7,train,3,13,4.553636551,5.609539031982422,4.121610164642334,2.6237668991088867,12.354916095733643,0.21236622562049748,True,True,False,1.1203536987304688,1.3669804064820061,19.711204886436462,0.7347502426034014,-0.13386026185786618,0.07876337743795025,4.626139738142133,4.626673162053612,4.626139738142133,-0.07250318714213311,4.626673162053612,-0.07303661105361137,4.283630905164228,0.2700056458357727,4.283929203207699,0.2697073477923011,4.316525759478477,0.23711079152152337,4.3160109875224055,0.23762556347759478
189,2026-05-12T20:41:43.731Z,2026-05-12 20:41:43.731000+00:00,1495.5987333333333,24.926645555555556,141.225,2,7,train,3,14,4.557495117,3.851474046707153,2.850994348526001,6.965711594,13.668179989233154,0.5096297824207103,True,True,False,1.1203536987304688,1.3669804064820061,19.711204886436462,0.740234599520015,-0.13063061928219674,0.049037021757928956,4.629369380717803,4.630218203660799,4.629369380717803,-0.07187426371780248,4.630218203660799,-0.07272308666079841,4.287175946771415,0.27031917022858565,4.2871588457833685,0.27033627121663173,4.319074299529421,0.23842081747057886,4.318814807211808,0.238680309788192
190,2026-05-12T20:44:05.340Z,2026-05-12 20:44:05.340000+00:00,1497.9588833333332,24.96598138888889,141.609,2,7,train,3,15,4.559700965881348,4.512784481048584,9.559214592,8.438563346862793,22.510562419911377,0.37487127995516406,True,True,False,1.1203536987304688,1.3669804064820061,19.711204886436462,2.118251964423268,0.32597761783486995,0.06251287200448359,5.08597761783487,5.086239080344632,5.08597761783487,-0.5262766519535225,5.086239080344632,-0.5265381144632846,4.743196823455248,-0.18349585757390052,4.743767082900436,-0.18406611701908826,4.6793879728289,-0.11968700694755263,4.67948767216012,-0.11978670627877275
191,2026-05-12T20:46:26.478Z,2026-05-12 20:46:26.478000+00:00,1500.3111833333335,25.00518638888889,141.138,2,7,train,3,16,4.548673629760742,7.070611476898193,3.827148438,3.484979152679444,14.382739067577637,0.24230288377653156,True,True,False,1.1203536987304688,1.3669804064820061,19.711204886436462,0.5412754541109267,-0.266581666952692,0.07576971162234686,4.493418333047308,4.494224235653803,4.493418333047308,0.0552552967134341,4.494224235653803,0.05444939410693905,4.151181978764419,0.3974916509963231,4.151207798112874,0.3974658316478683,4.211794103087172,0.33687952667357024,4.2112554024462705,0.3374182273144717
192,2026-05-12T20:48:48.719Z,2026-05-12 20:48:48.719000+00:00,1502.6818666666666,25.044697777777778,142.241,2,7,train,3,17,4.553084373474121,8.379892349243164,7.891027450561523,3.3917808532714844,19.662700653076172,0.1724982195027645,True,True,False,1.1203536987304688,1.3669804064820061,19.711204886436462,0.9416621505017552,-0.026104885413978873,0.08275017804972355,4.733895114586021,4.734282520718524,4.733895114586021,-0.1808107411119,4.734282520718524,-0.18119814724440264,4.39124026382914,0.16184410964498142,4.391684579651587,0.16139979382253422,4.4015564977529404,0.15152787572118065,4.401120634184116,0.1519637392900055
193,2026-05-12T20:51:10.789Z,2026-05-12 20:51:10.789000+00:00,1505.0497,25.084161666666667,142.07,2,7,train,3,18,4.565215110778809,4.927229881286621,8.333495140075684,5.5010600090026855,18.76178503036499,0.29320557719318824,True,True,False,1.1203536987304688,1.3669804064820061,19.711204886436462,1.6913144588049143,0.2282243616055769,0.07067944228068118,4.988224361605576,4.988494571337388,4.988224361605576,-0.42300925082676777,4.988494571337388,-0.4232794605585797,4.645452314448004,-0.08023720366919562,4.646013826671142,-0.08079871589233356,4.602249997720642,-0.0370348869418331,4.602180263883173,-0.03696515310436421
194,2026-05-12T20:53:32.949Z,2026-05-12 20:53:32.949000+00:00,1507.4190333333333,25.123650555555557,142.16,2,7,train,3,19,4.570728302001953,7.137866020202637,7.456635952,1.0926467180252075,15.687148690227843,0.06965234661834124,True,True,False,1.1203536987304688,1.3669804064820061,19.711204886436462,1.0446589962455353,0.018974548612205974,0.09303476533816588,4.778974548612206,4.779285082345734,4.778974548612206,-0.20824624661025304,4.779285082345734,-0.20855678034378045,4.4362428254563495,0.1344854765456036,4.436764013677772,0.13396428832418117,4.43712908524455,0.13359921675740338,4.436713747705872,0.13401455429608156
195,2026-05-12T20:55:54.568Z,2026-05-12 20:55:54.568000+00:00,1509.77935,25.162989166666666,141.619,2,7,train,3,20,4.566868782043457,7.172682285308838,1.4326977729797363,6.776312828063965,15.381692886352539,0.4405440206179303,True,True,False,1.1203536987304688,1.3669804064820061,19.711204886436462,0.1997436546038297,-0.6995270083309374,0.05594559793820697,4.060472991669062,4.065268725334604,4.060472991669062,0.5063957903743947,4.065268725334604,0.5016000567088534,3.722226468445219,0.8446423135982379,3.718262456734628,0.848606325308829,3.8701530339842125,0.6967157480592445,3.87198888910755,0.6948798929359072
196,2026-05-12T20:58:16.503Z,2026-05-12 20:58:16.503000+00:00,1512.1449333333333,25.202415555555554,141.935,2,7,train,3,21,4.567971229553223,2.1303534507751465,1.1738219261169434,7.507896423339844,10.812071800231934,0.6943994233536989,True,True,False,1.1203536987304688,1.3669804064820061,19.711204886436462,0.5509986738068459,-0.25884944644596797,0.03056005766463011,4.501150553554032,4.503097339600416,4.501150553554032,0.06682067599919073,4.503097339600416,0.06487388995280696,4.160055082711032,0.407916146842191,4.158940018619598,0.40903121093362493,4.21789566794533,0.350075561607893,4.218273256200425,0.3496979733527974
197,2026-05-12T21:00:38.039Z,2026-05-12 21:00:38.039000+00:00,1514.5038666666667,25.24173111111111,141.536,2,7,train,3,22,4.578998565673828,3.3311359882354736,7.616665363311768,6.235091686248779,17.18289303779602,0.362866234023216,True,True,False,1.1203536987304688,1.3669804064820061,19.711204886436462,2.28650688240031,0.3591725129478305,0.06371337659767841,5.119172512947831,5.119417064617118,5.119172512947831,-0.5401739472740026,5.119417064617118,-0.5404184989432901,4.776374807727734,-0.19737624205390603,4.7769619780133965,-0.19796341233956838,4.705582363601302,-0.12658379792747354,4.7057285730762946,-0.12673000740246643
198,2026-05-12T21:02:59.059Z,2026-05-12 21:02:59.059000+00:00,1516.8542,25.280903333333335,141.02,2,7,train,3,23,4.558598518371582,2.907059669494629,1.9698972702026367,1.8399066925048828,6.716863632202148,0.27392348471747413,True,True,False,1.1203536987304688,1.3669804064820061,19.711204886436462,0.677625330802064,-0.16901036769810307,0.07260765152825259,4.590989632301897,4.591625708078474,4.590989632301897,-0.032391113930314575,4.591625708078474,-0.03302718970689167,4.24858345118909,0.3100150671824924,4.248779097367462,0.30981942100411963,4.288788494307516,0.26981002406406596,4.288291498611548,0.27030701976003435
199,2026-05-12T21:05:20.846Z,2026-05-12 21:05:20.846000+00:00,1519.2173166666666,25.32028861111111,141.787,2,7,train,3,24,4.573485374450684,9.455929756,5.500927448272705,1.6760663986206057,16.63292360289331,0.10076799717453476,True,True,False,1.1203536987304688,1.3669804064820061,19.711204886436462,0.5817436878464799,-0.23526832028586483,0.08992320028254652,4.524731679714135,4.525351141651764,4.524731679714135,0.04875369473654878,4.525351141651764,0.04813423279891982,4.18230888476238,0.3911764896883039,4.182521144779701,0.390964229670983,4.236503747030655,0.3369816274200286,4.235874078777277,0.33761129567340653
200,2026-05-12T21:07:43.066Z,2026-05-12 21:07:43.066000+00:00,1521.5876500000002,25.35979416666667,142.22,2,7,train,3,25,4.582306861877441,1.846617579460144,8.586780548095703,4.173785209655762,14.607183337211609,0.28573511492959075,True,True,False,1.1203536987304688,1.3669804064820061,19.711204886436462,4.650004767422411,0.6674533981510689,0.07142648850704093,5.427453398151068,5.427609245619403,5.427453398151068,-0.845146536273627,5.427609245619403,-0.845302383741962,5.084566988730019,-0.5022601268525779,5.085242863216634,-0.5029360013391928,4.948849587287226,-0.3665427254097846,4.949481792633016,-0.3671749307555743
201,2026-05-12T21:10:04.344Z,2026-05-12 21:10:04.344000+00:00,1523.9422833333333,25.399038055555554,141.278,2,7,train,3,26,4.5861663818359375,9.369320869,9.640662193,6.396867752075195,25.406850814075195,0.2517772784548088,True,True,False,1.1203536987304688,1.3669804064820061,19.711204886436462,1.0289606181487263,0.012398753141448973,0.07482227215451913,4.772398753141449,4.772790584189565,4.772398753141449,-0.18623237130551118,4.772790584189565,-0.1866242023536273,4.429748327300181,0.15641805453575675,4.4301882182070145,0.15597816362892303,4.431940065800015,0.1542263160359223,4.431577164325258,0.15458921751067933
202,2026-05-12T21:12:26.482Z,2026-05-12 21:12:26.482000+00:00,1526.31125,25.43852083333333,142.138,2,7,train,3,27,4.582306861877441,6.637747764587402,9.825267791748049,9.773897171020508,26.236912727355957,0.37252466677719054,True,True,False,1.1203536987304688,1.3669804064820061,19.711204886436462,1.4802110806569313,0.1703236509544154,0.06274753332228096,4.930323650954415,4.930661077951837,4.930323650954415,-0.34801678907697386,4.930661077951837,-0.3483542160743953,4.587618821062453,-0.005311959185011261,4.588113116019981,-0.0058062541425396574,4.556560025342808,0.02574683653463339,4.556438998919556,0.025867862957885457
203,2026-05-12T21:14:49.121Z,2026-05-12 21:14:49.121000+00:00,1528.6885666666667,25.47814277777778,142.639,2,7,train,3,28,4.585063934326172,7.704174518585205,9.803174018859863,7.864185810089111,25.37153434753418,0.30996098629145064,True,True,False,1.1203536987304688,1.3669804064820061,19.711204886436462,1.272449630419343,0.10464059991732913,0.06900390137085494,4.864640599917329,4.864989161009946,4.864640599917329,-0.2795766655911569,4.864989161009946,-0.2799252266837744,4.521946904120562,0.06311703020560966,4.522430064982895,0.0626338693432773,4.504728938058629,0.08033499626754281,4.504498222430717,0.08056571189545458
204,2026-05-12T21:17:10.855Z,2026-05-12 21:17:10.855000+00:00,1531.0508,25.517513333333333,141.734,2,7,train,3,29,4.585615158081055,3.1202094554901123,9.280196189880373,8.964114189,21.364519834370483,0.4195794831100697,True,True,False,1.1203536987304688,1.3669804064820061,19.711204886436462,2.974222186767481,0.4733734090019103,0.05804205168899304,5.23337340900191,5.233605413935608,5.23337340900191,-0.6477582509208553,5.233605413935608,-0.6479902558545536,4.890563157046224,-0.30494799896516955,4.891162874067476,-0.30554771598642105,4.795699319465125,-0.2100841613840707,4.7960416293379105,-0.21042647125685576
205,2026-05-12T21:19:32.410Z,2026-05-12 21:19:32.410000+00:00,1533.41005,25.556834166666665,141.555,2,8,train,4,0,4.597192764282227,9.673283576965332,1.9706493616104128,8.322223663330078,19.966156601905823,0.41681650751630883,False,True,True,0.03197956085205078,1.5524325933490568,15.910540103764404,0.20372083025696203,,,,,,,,,,,,,,,,
206,2026-05-12T21:21:54.384Z,2026-05-12 21:21:54.384000+00:00,1535.7762833333334,25.59627138888889,141.974,2,8,train,4,1,4.581754684448242,2.295010805130005,4.386499404907227,5.327077388763428,12.00858759880066,0.443605656779775,False,True,True,0.03197956085205078,1.5524325933490568,15.910540103764404,1.9113197180170773,,,,,,,,,,,,,,,,
207,2026-05-12T21:24:16.073Z,2026-05-12 21:24:16.073000+00:00,1538.1377666666667,25.635629444444444,141.689,2,8,train,4,2,4.571830749511719,2.172534704208374,4.306606769561768,8.992809295654297,15.471950769424438,0.5812330603730865,False,True,True,0.03197956085205078,1.5524325933490568,15.910540103764404,1.9822959611275828,,,,,,,,,,,,,,,,
208,2026-05-12T21:26:37.098Z,2026-05-12 21:26:37.098000+00:00,1540.4881833333334,25.674803055555557,141.025,2,8,train,4,3,4.581203460693359,9.28447723388672,6.559344291687012,2.6919069290161133,18.535728454589844,0.14522800847082648,False,True,True,0.03197956085205078,1.5524325933490568,15.910540103764404,0.7064850423399769,,,,,,,,,,,,,,,,
209,2026-05-12T21:28:59.397Z,2026-05-12 21:28:59.397000+00:00,1542.8598333333332,25.714330555555552,142.299,2,8,train,4,4,4.574036598205566,1.740973711013794,8.216662406921387,9.12351417541504,19.08115029335022,0.47814277625571583,False,True,True,0.03197956085205078,1.5524325933490568,15.910540103764404,4.719578678839847,,,,,,,,,,,,,,,,
210,2026-05-12T21:31:21.534Z,2026-05-12 21:31:21.534000+00:00,1545.2287833333332,25.753813055555554,142.137,2,8,train,4,5,4.585063934326172,6.323366641998291,6.031274795532227,5.825654983520508,18.180296421051025,0.3204378437292674,False,True,True,0.03197956085205078,1.5524325933490568,15.910540103764404,0.9538075422471852,,,,,,,,,,,,,,,,
211,2026-05-12T21:33:44.159Z,2026-05-12 21:33:44.159000+00:00,1547.6058666666665,25.793431111111108,142.625,2,8,train,4,6,4.585063934326172,8.093380928,5.795618534088135,3.2466487884521484,17.135648250540285,0.1894675206320124,False,True,True,0.03197956085205078,1.5524325933490568,15.910540103764404,0.7160936307887737,,,,,,,,,,,,,,,,
212,2026-05-12T21:36:06.105Z,2026-05-12 21:36:06.105000+00:00,1549.9716333333333,25.832860555555555,141.946,2,8,train,4,7,4.578447341918945,1.6989171504974363,6.477692127227783,6.137236118,14.31384539572522,0.4287622192589047,False,True,True,0.03197956085205078,1.5524325933490568,15.910540103764404,3.812835796808067,,,,,,,,,,,,,,,,
213,2026-05-12T21:38:27.624Z,2026-05-12 21:38:27.624000+00:00,1552.3302833333332,25.872171388888887,141.519,2,8,train,4,8,4.576241493225098,7.480860233306885,5.828138351,7.148883819580078,20.457882403886963,0.34944397853327197,False,True,True,0.03197956085205078,1.5524325933490568,15.910540103764404,0.7790732842529922,,,,,,,,,,,,,,,,
214,2026-05-12T21:40:49.758Z,2026-05-12 21:40:49.758000+00:00,1554.6991833333334,25.911653055555558,142.134,2,8,train,4,9,4.590025901794434,1.8320579528808596,1.8685290813446045,7.313234806060791,11.013821840286255,0.6640051847679712,False,True,True,0.03197956085205078,1.5524325933490568,15.910540103764404,1.019907191476337,,,,,,,,,,,,,,,,
215,2026-05-12T21:43:12.005Z,2026-05-12 21:43:12.005000+00:00,1557.0699666666667,25.95116611111111,142.247,2,8,train,4,10,4.590577125549316,1.8762457370758057,8.476800918579102,1.3862676620483398,11.739314317703247,0.11808761777149161,False,True,True,0.03197956085205078,1.5524325933490568,15.910540103764404,4.517958789231144,,,,,,,,,,,,,,,,
216,2026-05-12T21:45:33.393Z,2026-05-12 21:45:33.393000+00:00,1559.4264333333333,25.990440555555555,141.388,2,8,train,4,11,4.590577125549316,1.0048768520355225,6.323449135,4.086383819580078,11.414709806615601,0.3579927907770148,False,True,True,0.03197956085205078,1.5524325933490568,15.910540103764404,6.292760274247481,,,,,,,,,,,,,,,,
217,2026-05-12T21:47:55.343Z,2026-05-12 21:47:55.343000+00:00,1561.7922666666666,26.02987111111111,141.95,2,8,train,4,12,4.587268829345703,8.275108337402344,7.275407314300537,2.365873098373413,17.916388750076294,0.13205077939399693,False,True,True,0.03197956085205078,1.5524325933490568,15.910540103764404,0.8791917903257778,,,,,,,,,,,,,,,,
218,2026-05-12T21:50:17.410Z,2026-05-12 21:50:17.410000+00:00,1564.16005,26.069334166666668,142.067,2,8,train,4,13,4.587268829345703,9.913923263549805,3.864881992340088,5.737701416015625,19.516506671905518,0.29399223500767097,False,True,True,0.03197956085205078,1.5524325933490568,15.910540103764404,0.38984384784881,,,,,,,,,,,,,,,,
219,2026-05-12T21:52:39.223Z,2026-05-12 21:52:39.223000+00:00,1566.5236,26.108726666666666,141.813,2,8,train,4,14,4.596090316772461,8.838511467,8.579621315002441,1.7130650281906128,19.131197810193054,0.08954300954840873,False,True,True,0.03197956085205078,1.5524325933490568,15.910540103764404,0.970708851488832,,,,,,,,,,,,,,,,
220,2026-05-12T21:55:01.046Z,2026-05-12 21:55:01.046000+00:00,1568.8873166666667,26.148121944444444,141.823,2,8,train,4,15,4.585063934326172,2.966193914413452,3.66498065,2.9323601722717285,9.563534736685181,0.3066188656191481,False,True,True,0.03197956085205078,1.5524325933490568,15.910540103764404,1.2355836320042917,,,,,,,,,,,,,,,,
221,2026-05-12T21:57:22.758Z,2026-05-12 21:57:22.758000+00:00,1571.2491833333333,26.18748638888889,141.712,2,8,train,4,16,4.588372230529785,9.496008873,3.157712936401367,1.1277177333831787,13.781439542784545,0.0818287327591703,False,True,True,0.03197956085205078,1.5524325933490568,15.910540103764404,0.33253053768512075,,,,,,,,,,,,,,,,
222,2026-05-12T21:59:44.397Z,2026-05-12 21:59:44.397000+00:00,1573.6098333333332,26.226830555555555,141.639,2,8,train,4,17,4.596090316772461,8.959188461303711,3.319704532623291,3.809304237365722,16.088197231292725,0.23677632630934844,False,True,True,0.03197956085205078,1.5524325933490568,15.910540103764404,0.370536298791087,,,,,,,,,,,,,,,,
223,2026-05-12T22:02:05.838Z,2026-05-12 22:02:05.838000+00:00,1575.9671833333334,26.266119722222225,141.441,2,8,train,4,18,4.598296165466309,6.374973297119141,1.4010696411132812,5.901155471801758,13.67719841003418,0.43145937456551164,False,True,True,0.03197956085205078,1.5524325933490568,15.910540103764404,0.21977655055377668,,,,,,,,,,,,,,,,
224,2026-05-12T22:04:27.366Z,2026-05-12 22:04:27.366000+00:00,1578.3259833333332,26.305433055555554,141.528,2,8,train,4,19,4.602155685424805,8.256122589111328,1.456078290939331,5.405181884765625,15.117382764816284,0.35754746498484336,False,True,True,0.03197956085205078,1.5524325933490568,15.910540103764404,0.1763634533309492,,,,,,,,,,,,,,,,
225,2026-05-12T22:06:48.973Z,2026-05-12 22:06:48.973000+00:00,1580.6861,26.34476833333333,141.607,2,8,train,4,20,4.592782020568848,9.58723259,2.8734359741210938,5.014285564422607,17.4749541285437,0.28694127192198127,False,True,True,0.03197956085205078,1.5524325933490568,15.910540103764404,0.29971484963431916,,,,,,,,,,,,,,,,
226,2026-05-12T22:09:11.284Z,2026-05-12 22:09:11.284000+00:00,1583.05795,26.384299166666665,142.311,2,8,train,4,21,4.592782020568848,9.813723564,6.222843647003174,7.816064834594727,23.8526320455979,0.32768144075895445,False,True,True,0.03197956085205078,1.5524325933490568,15.910540103764404,0.6340960804959529,,,,,,,,,,,,,,,,
227,2026-05-12T22:11:32.197Z,2026-05-12 22:11:32.197000+00:00,1585.4065,26.42344166666667,140.913,2,8,train,4,22,4.6038103103637695,8.795659065246582,5.8894243240356445,2.6443545818328857,17.329437971115112,0.15259321082660174,False,True,True,0.03197956085205078,1.5524325933490568,15.910540103764404,0.6695830614110482,,,,,,,,,,,,,,,,
228,2026-05-12T22:13:53.468Z,2026-05-12 22:13:53.468000+00:00,1587.7610166666666,26.46268361111111,141.271,2,8,train,4,23,4.594987869262695,7.970355033874512,6.606223583221436,3.653001070022583,18.22957968711853,0.20038866132519137,False,True,True,0.03197956085205078,1.5524325933490568,15.910540103764404,0.8288493492629336,,,,,,,,,,,,,,,,
229,2026-05-12T22:16:15.287Z,2026-05-12 22:16:15.287000+00:00,1590.1246666666666,26.502077777777778,141.819,2,8,train,4,24,4.593334197998047,3.8334975242614746,8.577958106994629,1.9208967685699463,14.33235239982605,0.1340252259352247,False,True,True,0.03197956085205078,1.5524325933490568,15.910540103764404,2.2376323586245634,,,,,,,,,,,,,,,,
230,2026-05-12T22:18:36.977Z,2026-05-12 22:18:36.977000+00:00,1592.4861666666666,26.54143611111111,141.69,2,8,train,4,25,4.592782020568848,6.1235527992248535,9.419863701,1.3190112113952637,16.862427711620118,0.07822190457702101,False,True,True,0.03197956085205078,1.5524325933490568,15.910540103764404,1.5383003968206836,,,,,,,,,,,,,,,,
231,2026-05-12T22:20:58.914Z,2026-05-12 22:20:58.914000+00:00,1594.8517833333333,26.580863055555554,141.937,2,8,train,4,26,4.595539093017578,3.0525002479553223,5.901025295257568,2.8663370609283447,11.819862604141235,0.24250172416759633,False,True,True,0.03197956085205078,1.5524325933490568,15.910540103764404,1.9331776628717046,,,,,,,,,,,,,,,,
232,2026-05-12T22:23:21.352Z,2026-05-12 22:23:21.352000+00:00,1597.22575,26.620429166666668,142.438,2,8,train,4,27,4.592782020568848,9.476270676,8.726006507873535,3.7495408058166495,21.951817989690184,0.17080775758880865,False,True,True,0.03197956085205078,1.5524325933490568,15.910540103764404,0.9208270643823402,,,,,,,,,,,,,,,,
233,2026-05-12T22:25:42.908Z,2026-05-12 22:25:42.908000+00:00,1599.5850166666667,26.65975027777778,141.556,2,8,train,4,28,4.601053237915039,9.895938873291016,7.390047073364258,4.266472816467285,21.55245876312256,0.1979575909811021,False,True,True,0.03197956085205078,1.5524325933490568,15.910540103764404,0.7467757398249376,,,,,,,,,,,,,,,,
234,2026-05-12T22:28:04.624Z,2026-05-12 22:28:04.624000+00:00,1601.94695,26.699115833333334,141.716,2,8,train,4,29,4.599950790405273,1.4398677349090576,3.707204580307007,2.795019626617432,7.942091941833496,0.35192486401412515,False,True,True,0.03197956085205078,1.5524325933490568,15.910540103764404,2.574684111899455,,,,,,,,,,,,,,,,
235,2026-05-12T22:30:26.019Z,2026-05-12 22:30:26.019000+00:00,1604.3035333333332,26.73839222222222,141.395,2,9,train,5,0,4.604912757873535,1.7228540182113647,8.488994598388672,5.0135698318481445,15.225418448448181,0.3292894608331203,False,True,True,0.024259567260742188,1.4030113872171426,21.854918956756592,4.927286066408453,,,,,,,,,,,,,,,,
236,2026-05-12T22:32:47.638Z,2026-05-12 22:32:47.638000+00:00,1606.6638500000001,26.777730833333337,141.619,2,9,train,5,1,4.590577125549316,3.515377759933472,1.6301560401916504,1.575680136680603,6.721213936805725,0.23443386142674238,False,True,True,0.024259567260742188,1.4030113872171426,21.854918956756592,0.4637214409135082,,,,,,,,,,,,,,,,
237,2026-05-12T22:35:09.056Z,2026-05-12 22:35:09.056000+00:00,1609.0208166666666,26.81701361111111,141.418,2,9,train,5,2,4.609323501586914,5.818350315093994,5.144968032836914,7.941873550415039,18.905191898345947,0.42008954963900097,False,True,True,0.024259567260742188,1.4030113872171426,21.854918956756592,0.8842657719473872,,,,,,,,,,,,,,,,
238,2026-05-12T22:37:30.413Z,2026-05-12 22:37:30.413000+00:00,1611.3767666666668,26.856279444444446,141.357,2,9,train,5,3,4.602155685424805,4.173156261444092,5.681988716125488,7.495442867279053,17.350587844848633,0.43199936130719857,False,True,True,0.024259567260742188,1.4030113872171426,21.854918956756592,1.3615566636268912,,,,,,,,,,,,,,,,
239,2026-05-12T22:39:52.392Z,2026-05-12 22:39:52.392000+00:00,1613.7430833333335,26.89571805555556,141.979,2,9,train,5,4,4.6038103103637695,7.801742076873779,7.459996700286865,3.510404348373413,18.772143125534058,0.18700072362001788,False,True,True,0.024259567260742188,1.4030113872171426,21.854918956756592,0.9561962734451414,,,,,,,,,,,,,,,,
240,2026-05-12T22:42:14.076Z,2026-05-12 22:42:14.076000+00:00,1616.1044833333333,26.93507472222222,141.684,2,9,train,5,5,4.596641540527344,6.238706588745117,4.696681022644043,5.638033390045166,16.573421001434326,0.34018525140688993,False,True,True,0.024259567260742188,1.4030113872171426,21.854918956756592,0.7528292853388951,,,,,,,,,,,,,,,,
241,2026-05-12T22:44:36.576Z,2026-05-12 22:44:36.576000+00:00,1618.4794833333333,26.974658055555555,142.5,2,9,train,5,6,4.6038103103637695,1.3071341514587402,3.0424060821533203,1.2309598922729492,5.58050012588501,0.22058236081084787,False,True,True,0.024259567260742188,1.4030113872171426,21.854918956756592,2.3275392803087924,,,,,,,,,,,,,,,,
242,2026-05-12T22:46:58.299Z,2026-05-12 22:46:58.299000+00:00,1620.8415333333332,27.014025555555556,141.723,2,9,train,5,7,4.596090316772461,4.200015068054199,7.532260417938232,5.874582290649414,17.606857776641846,0.33365307797527244,False,True,True,0.024259567260742188,1.4030113872171426,21.854918956756592,1.793388903585008,,,,,,,,,,,,,,,,
243,2026-05-12T22:49:21.053Z,2026-05-12 22:49:21.053000+00:00,1623.2207666666666,27.053679444444445,142.754,2,9,train,5,8,4.602706909179688,7.410916328430176,2.7594308853149414,3.1268696784973145,13.297216892242432,0.2351521904047097,False,True,True,0.024259567260742188,1.4030113872171426,21.854918956756592,0.37234678722913883,,,,,,,,,,,,,,,,
244,2026-05-12T22:51:44.195Z,2026-05-12 22:51:44.195000+00:00,1625.6064666666668,27.093441111111115,143.142,2,9,train,5,9,4.600502014160156,1.2029705047607422,5.575952529907227,6.519660949707031,13.298583984375,0.4902522672614786,False,True,True,0.024259567260742188,1.4030113872171426,21.854918956756592,4.635153154495856,,,,,,,,,,,,,,,,
245,2026-05-12T22:54:06.071Z,2026-05-12 22:54:06.071000+00:00,1627.9710666666665,27.13285111111111,141.876,2,9,train,5,10,4.601604461669922,5.820002555847168,7.052996635437012,8.386407852172852,21.25940704345703,0.39447985708302813,False,True,True,0.024259567260742188,1.4030113872171426,21.854918956756592,1.211854559814771,,,,,,,,,,,,,,,,
246,2026-05-12T22:56:27.623Z,2026-05-12 22:56:27.623000+00:00,1630.3302666666668,27.172171111111115,141.552,2,9,train,5,11,4.607668876647949,9.726446151733398,1.8947441577911377,3.899412631988525,15.520602941513062,0.2512410533716277,False,True,True,0.024259567260742188,1.4030113872171426,21.854918956756592,0.19480333600093658,,,,,,,,,,,,,,,,
247,2026-05-12T22:58:49.659Z,2026-05-12 22:58:49.659000+00:00,1632.6975333333332,27.211625555555553,142.036,2,9,train,5,12,4.602155685424805,3.651416778564453,4.073415756225586,7.582317352294922,15.307149887084961,0.49534481652213513,False,True,True,0.024259567260742188,1.4030113872171426,21.854918956756592,1.1155712982802912,,,,,,,,,,,,,,,,
248,2026-05-12T23:01:11.492Z,2026-05-12 23:01:11.492000+00:00,1635.0614166666667,27.251023611111112,141.833,2,9,train,5,13,4.6038103103637695,5.594438552856445,7.493293285369873,5.222875118255615,18.310606956481934,0.2852376838555165,False,True,True,0.024259567260742188,1.4030113872171426,21.854918956756592,1.3394182838140027,,,,,,,,,,,,,,,,
249,2026-05-12T23:03:33.612Z,2026-05-12 23:03:33.612000+00:00,1637.4300833333332,27.290501388888888,142.12,2,9,train,5,14,4.606015205383301,6.841993808746338,8.264070510864258,2.219604969024658,17.325669288635254,0.1281107778318616,False,True,True,0.024259567260742188,1.4030113872171426,21.854918956756592,1.207845365235501,,,,,,,,,,,,,,,,
250,2026-05-12T23:05:56.088Z,2026-05-12 23:05:56.088000+00:00,1639.8046833333333,27.330078055555553,142.476,2,9,train,5,15,4.611528396606445,2.878544330596924,9.103222846984863,1.574152588844299,13.555919766426086,0.11612289066087562,False,True,True,0.024259567260742188,1.4030113872171426,21.854918956756592,3.1624396922513704,,,,,,,,,,,,,,,,
251,2026-05-12T23:08:18.272Z,2026-05-12 23:08:18.272000+00:00,1642.1744166666665,27.369573611111107,142.184,2,9,train,5,16,4.602706909179688,2.555204391479492,5.955127716064453,5.529056549072266,14.039388656616211,0.3938245948100197,False,True,True,0.024259567260742188,1.4030113872171426,21.854918956756592,2.330587617930778,,,,,,,,,,,,,,,,
252,2026-05-12T23:10:40.220Z,2026-05-12 23:10:40.220000+00:00,1644.5402166666668,27.409003611111114,141.948,2,9,train,5,17,4.601604461669922,8.315498352050781,2.356717348098755,4.011821746826172,14.684037446975708,0.2732097191465851,False,True,True,0.024259567260742188,1.4030113872171426,21.854918956756592,0.28341264086926765,,,,,,,,,,,,,,,,
253,2026-05-12T23:13:00.777Z,2026-05-12 23:13:00.777000+00:00,1646.8828333333333,27.448047222222222,140.557,2,9,train,5,18,4.594987869262695,3.917249917984009,1.349490761756897,5.828430176,11.095170855740907,0.5253123409978163,False,True,True,0.024259567260742188,1.4030113872171426,21.854918956756592,0.3444995315620314,,,,,,,,,,,,,,,,
254,2026-05-12T23:15:22.111Z,2026-05-12 23:15:22.111000+00:00,1649.2384,27.487306666666665,141.334,2,9,train,5,19,4.602706909179688,9.278496742248535,8.703334808,7.292832374572754,25.27466392482129,0.28854319868565054,False,True,True,0.024259567260742188,1.4030113872171426,21.854918956756592,0.9380113018060777,,,,,,,,,,,,,,,,
255,2026-05-12T23:17:42.795Z,2026-05-12 23:17:42.795000+00:00,1651.5831333333333,27.526385555555557,140.684,2,9,train,5,20,4.614836692810059,2.236849308013916,9.139513016,1.1216877698898315,12.498050093903748,0.0897490217643602,False,True,True,0.024259567260742188,1.4030113872171426,21.854918956756592,4.085886779791578,,,,,,,,,,,,,,,,
256,2026-05-12T23:20:02.918Z,2026-05-12 23:20:02.918000+00:00,1653.9185166666668,27.565308611111114,140.123,2,9,train,5,21,4.606015205383301,8.640480041503906,9.591248512268066,9.203690528869627,27.4354190826416,0.3354674663851884,False,True,True,0.024259567260742188,1.4030113872171426,21.854918956756592,1.1100365334098585,,,,,,,,,,,,,,,,
257,2026-05-12T23:22:23.580Z,2026-05-12 23:22:23.580000+00:00,1656.2628833333333,27.60438138888889,140.662,2,9,train,5,22,4.604912757873535,5.822964191436768,8.930428504943848,2.3932037353515625,17.146596431732178,0.13957310681918214,False,True,True,0.024259567260742188,1.4030113872171426,21.854918956756592,1.5336567788063864,,,,,,,,,,,,,,,,
258,2026-05-12T23:24:44.154Z,2026-05-12 23:24:44.154000+00:00,1658.6057833333332,27.64342972222222,140.574,2,9,train,5,23,4.604361534118652,9.336367607,4.843417644500732,3.7927069664001465,17.97249221790088,0.21102843837220037,False,True,True,0.024259567260742188,1.4030113872171426,21.854918956756592,0.5187689525923711,,,,,,,,,,,,,,,,
259,2026-05-12T23:27:04.854Z,2026-05-12 23:27:04.854000+00:00,1660.9507833333334,27.682513055555557,140.7,2,9,train,5,24,4.604912757873535,8.748619079589844,9.419809341430664,7.6280694007873535,25.79649782180786,0.295701744224316,False,True,True,0.024259567260742188,1.4030113872171426,21.854918956756592,1.0767195663378097,,,,,,,,,,,,,,,,
260,2026-05-12T23:29:25.571Z,2026-05-12 23:29:25.571000+00:00,1663.2960666666665,27.72160111111111,140.717,2,9,train,5,25,4.601053237915039,3.835585117340088,4.897727966308594,6.061033248901367,14.794346332550049,0.4096857754077363,False,True,True,0.024259567260742188,1.4030113872171426,21.854918956756592,1.2769180754630427,,,,,,,,,,,,,,,,
261,2026-05-12T23:31:45.810Z,2026-05-12 23:31:45.810000+00:00,1665.6333833333333,27.76055638888889,140.239,2,9,train,5,26,4.604912757873535,3.201841354370117,4.140279293060303,1.5786179304122925,8.920738577842712,0.17696045194433296,False,True,True,0.024259567260742188,1.4030113872171426,21.854918956756592,1.2930932031998819,,,,,,,,,,,,,,,,
262,2026-05-12T23:34:06.084Z,2026-05-12 23:34:06.084000+00:00,1667.9712833333333,27.799521388888888,140.274,2,9,train,5,27,4.601604461669922,4.049111366271973,6.523565292358398,1.9995683431625368,12.572245001792908,0.15904624375975665,False,True,True,0.024259567260742188,1.4030113872171426,21.854918956756592,1.611110365276187,,,,,,,,,,,,,,,,
263,2026-05-12T23:36:26.211Z,2026-05-12 23:36:26.211000+00:00,1670.3067333333333,27.838445555555555,140.127,2,9,train,5,28,4.596090316772461,8.351072311401367,2.42453408241272,9.145073890686035,19.920680284500122,0.45907437698308085,False,True,True,0.024259567260742188,1.4030113872171426,21.854918956756592,0.29032607933505805,,,,,,,,,,,,,,,,
264,2026-05-12T23:38:46.676Z,2026-05-12 23:38:46.676000+00:00,1672.6478166666668,27.877463611111114,140.465,2,9,train,5,29,4.609874725341797,6.457474708557129,7.070789337158203,1.207836627960205,14.736100673675537,0.0819644663610283,False,True,True,0.024259567260742188,1.4030113872171426,21.854918956756592,1.0949774728174064,,,,,,,,,,,,,,,,
265,2026-05-12T23:41:07.484Z,2026-05-12 23:41:07.484000+00:00,1674.9946166666666,27.916576944444444,140.808,2,10,train,6,0,4.601053237915039,6.9601263999938965,9.867917061,8.528712272644043,25.35675573363794,0.33634871756602386,False,True,True,0.027568817138671875,1.3446733898875416,19.184215068965088,1.4177784272723342,,,,,,,,,,,,,,,,
266,2026-05-12T23:43:27.810Z,2026-05-12 23:43:27.810000+00:00,1677.3333833333334,27.95555638888889,140.326,2,10,train,6,1,4.615939140319824,3.5786707401275635,2.794595241546631,3.957703113555908,10.330969095230103,0.3830911773207427,False,True,True,0.027568817138671875,1.3446733898875416,19.184215068965088,0.7809031465820229,,,,,,,,,,,,,,,,
267,2026-05-12T23:45:48.022Z,2026-05-12 23:45:48.022000+00:00,1679.67025,27.994504166666665,140.212,2,10,train,6,2,4.608772277832031,5.733865737915039,6.970927715301514,1.164964199066162,13.869757652282715,0.08399311857294275,False,True,True,0.027568817138671875,1.3446733898875416,19.184215068965088,1.2157465894617019,,,,,,,,,,,,,,,,
268,2026-05-12T23:48:08.398Z,2026-05-12 23:48:08.398000+00:00,1682.00985,28.0334975,140.376,2,10,train,6,3,4.6038103103637695,2.9151618480682373,8.78195858,6.083753586,17.78087401406824,0.3421515489725944,False,True,True,0.027568817138671875,1.3446733898875416,19.184215068965088,3.012511495997883,,,,,,,,,,,,,,,,
269,2026-05-12T23:50:28.494Z,2026-05-12 23:50:28.494000+00:00,1684.3447833333335,28.072413055555558,140.096,2,10,train,6,4,4.609323501586914,7.623536109924316,2.051023483276367,2.864326477050781,12.538886070251465,0.22843548150950999,False,True,True,0.027568817138671875,1.3446733898875416,19.184215068965088,0.26903833781364866,,,,,,,,,,,,,,,,
270,2026-05-12T23:52:48.978Z,2026-05-12 23:52:48.978000+00:00,1686.6861833333335,28.11143638888889,140.484,2,10,train,6,5,4.601604461669922,5.470940589904785,6.338641644,9.759559631347656,21.56914186525244,0.4524778821669377,False,True,True,0.027568817138671875,1.3446733898875416,19.184215068965088,1.1586018052720832,,,,,,,,,,,,,,,,
271,2026-05-12T23:55:09.164Z,2026-05-12 23:55:09.164000+00:00,1689.0226166666666,28.150376944444442,140.186,2,10,train,6,6,4.604361534118652,1.0965633392333984,2.934919595718384,5.277831077575684,9.309314012527466,0.5669409228728723,False,True,True,0.027568817138671875,1.3446733898875416,19.184215068965088,2.676470652183366,,,,,,,,,,,,,,,,
272,2026-05-12T23:57:29.224Z,2026-05-12 23:57:29.224000+00:00,1691.35695,28.1892825,140.06,2,10,train,6,7,4.613734245300293,5.123155117034912,6.431890011,7.070981979370117,18.62602710740503,0.3796291038661139,False,True,True,0.027568817138671875,1.3446733898875416,19.184215068965088,1.255454864057002,,,,,,,,,,,,,,,,
273,2026-05-12T23:59:49.727Z,2026-05-12 23:59:49.727000+00:00,1693.6986666666667,28.22831111111111,140.503,2,10,train,6,8,4.619799613952637,8.438204765319824,7.929050445556641,1.6938496828079224,18.061104893684387,0.09378438876130044,False,True,True,0.027568817138671875,1.3446733898875416,19.184215068965088,0.9396608243194385,,,,,,,,,,,,,,,,
274,2026-05-13T00:02:10.508Z,2026-05-13 00:02:10.508000+00:00,1696.0450166666667,28.267416944444445,140.781,2,10,train,6,9,4.606015205383301,8.817798614501953,1.2012004852294922,1.7742775678634644,11.79327666759491,0.15044822722922738,False,True,True,0.027568817138671875,1.3446733898875416,19.184215068965088,0.13622453151220423,,,,,,,,,,,,,,,,
275,2026-05-13T00:04:31.101Z,2026-05-13 00:04:31.101000+00:00,1698.3882333333333,28.306470555555556,140.593,2,10,train,6,10,4.62035083770752,2.5716183185577397,2.101430654525757,1.4994916915893557,6.172540664672852,0.24292941481477137,False,True,True,0.027568817138671875,1.3446733898875416,19.184215068965088,0.8171627334278433,,,,,,,,,,,,,,,,
276,2026-05-13T00:06:51.536Z,2026-05-13 00:06:51.536000+00:00,1700.7288166666667,28.345480277777778,140.435,2,10,train,6,11,4.600502014160156,4.168999195098877,9.681185722351074,4.237885475158691,18.088070392608643,0.23429173942680062,False,True,True,0.027568817138671875,1.3446733898875416,19.184215068965088,2.322184598580011,,,,,,,,,,,,,,,,
277,2026-05-13T00:09:12.293Z,2026-05-13 00:09:12.293000+00:00,1703.0747666666668,28.384579444444448,140.757,2,10,train,6,12,4.606015205383301,8.356901168823242,1.793717384338379,3.936431407928467,14.087049961090088,0.27943617853285846,False,True,True,0.027568817138671875,1.3446733898875416,19.184215068965088,0.21463905676306533,,,,,,,,,,,,,,,,
278,2026-05-13T00:11:32.752Z,2026-05-13 00:11:32.752000+00:00,1705.4157500000001,28.423595833333334,140.459,2,10,train,6,13,4.617041588,8.838807106018066,8.286384582519531,7.180283069610596,24.305474758148193,0.29541834261860983,False,True,True,0.027568817138671875,1.3446733898875416,19.184215068965088,0.9375003304323263,,,,,,,,,,,,,,,,
279,2026-05-13T00:13:53.237Z,2026-05-13 00:13:53.237000+00:00,1707.7571666666665,28.462619444444442,140.485,2,10,train,6,14,4.624761581420898,9.737529754638672,4.807708740234375,4.312875747680664,18.85811424255371,0.22870132677150581,False,True,True,0.027568817138671875,1.3446733898875416,19.184215068965088,0.4937298125270554,,,,,,,,,,,,,,,,
280,2026-05-13T00:16:13.983Z,2026-05-13 00:16:13.983000+00:00,1710.1029333333333,28.501715555555556,140.746,2,10,train,6,15,4.614285469055176,8.150537490844727,2.8823812007904053,2.6563639640808105,13.689282655715942,0.19404698046552857,False,True,True,0.027568817138671875,1.3446733898875416,19.184215068965088,0.3536430823155043,,,,,,,,,,,,,,,,
281,2026-05-13T00:18:34.631Z,2026-05-13 00:18:34.631000+00:00,1712.4470666666666,28.540784444444444,140.648,2,10,train,6,16,4.618144989013672,2.9467170238494877,5.681501388549805,1.1216145753860474,9.74983298778534,0.11503936290921231,False,True,True,0.027568817138671875,1.3446733898875416,19.184215068965088,1.9280783809799593,,,,,,,,,,,,,,,,
282,2026-05-13T00:20:54.632Z,2026-05-13 00:20:54.632000+00:00,1714.7804166666667,28.57967361111111,140.001,2,10,train,6,17,4.609874725341797,5.946578502655029,9.510712623596191,3.1371777057647705,18.59446883201599,0.1687156398016152,False,True,True,0.027568817138671875,1.3446733898875416,19.184215068965088,1.5993587941956617,,,,,,,,,,,,,,,,
283,2026-05-13T00:23:15.326Z,2026-05-13 00:23:15.326000+00:00,1717.1253166666668,28.61875527777778,140.694,2,10,train,6,18,4.597192764282227,7.675373077392578,5.905945777893066,6.379865646362305,19.96118450164795,0.3196135803381607,False,True,True,0.027568817138671875,1.3446733898875416,19.184215068965088,0.7694669325311013,,,,,,,,,,,,,,,,
284,2026-05-13T00:25:35.830Z,2026-05-13 00:25:35.830000+00:00,1719.46705,28.657784166666666,140.504,2,10,train,6,19,4.610425949,8.910871505737305,2.4682936668396,8.030412673950195,19.4095778465271,0.41373453546734684,False,True,True,0.027568817138671875,1.3446733898875416,19.184215068965088,0.2769980091453881,,,,,,,,,,,,,,,,
285,2026-05-13T00:27:56.529Z,2026-05-13 00:27:56.529000+00:00,1721.8120333333331,28.69686722222222,140.699,2,10,train,6,20,4.612079620361328,9.24110507965088,4.796757698059082,1.9014770984649656,15.939339876174929,0.11929459521138437,False,True,True,0.027568817138671875,1.3446733898875416,19.184215068965088,0.5190675418918944,,,,,,,,,,,,,,,,
286,2026-05-13T00:30:17.156Z,2026-05-13 00:30:17.156000+00:00,1724.1558166666666,28.735930277777776,140.627,2,10,train,6,21,4.613183022,7.324322700500488,5.197127342224121,1.580772042274475,14.102222084999084,0.11209382696901257,False,True,True,0.027568817138671875,1.3446733898875416,19.184215068965088,0.7095710490567256,,,,,,,,,,,,,,,,
287,2026-05-13T00:32:37.674Z,2026-05-13 00:32:37.674000+00:00,1726.4977833333332,28.774963055555553,140.518,2,10,train,6,22,4.602706909179688,2.934453010559082,1.7687329053878784,2.9349048137664795,7.63809072971344,0.3842458695010276,False,True,True,0.027568817138671875,1.3446733898875416,19.184215068965088,0.6027470533770426,,,,,,,,,,,,,,,,
288,2026-05-13T00:34:57.889Z,2026-05-13 00:34:57.889000+00:00,1728.8346999999999,28.813911666666666,140.215,2,10,train,6,23,4.621453285217285,6.464269638061523,8.355550765991211,1.354412317276001,16.174232721328735,0.08373889139668161,False,True,True,0.027568817138671875,1.3446733898875416,19.184215068965088,1.2925746037562933,,,,,,,,,,,,,,,,
289,2026-05-13T00:37:18.418Z,2026-05-13 00:37:18.418000+00:00,1731.17685,28.852947500000003,140.529,2,10,train,6,24,4.621453285217285,1.9532101154327397,1.395636796951294,5.057088851928711,8.405935764312744,0.6016092667991224,False,True,True,0.027568817138671875,1.3446733898875416,19.184215068965088,0.7145349012500308,,,,,,,,,,,,,,,,
290,2026-05-13T00:39:39.516Z,2026-05-13 00:39:39.516000+00:00,1733.5284833333333,28.892141388888888,141.098,2,10,train,6,25,4.619248390197754,9.762156487,7.855429172515869,2.310025691986084,19.92761135150195,0.11592085229080787,False,True,True,0.027568817138671875,1.3446733898875416,19.184215068965088,0.8046817506948113,,,,,,,,,,,,,,,,
291,2026-05-13T13:32:54.593Z,2026-05-13 13:32:54.593000+00:00,2506.7797666666665,41.77966277777777,46395.077,3,11,train,1,0,4.300564765930176,2.0,2.0,6.0,10.0,0.6,True,True,False,1.0150451663110354,1.2361681430207798,17.27584171295166,1.0,0.0,0.04,4.76,4.760753385474143,4.76,-0.459435234069824,4.760753385474143,-0.46018861954396684,4.417711128584759,-0.11714636265458278,4.417789465065566,-0.1172246991353898,4.422156098000977,-0.12159133207080153,4.422056786709622,-0.12149202077944654
292,2026-05-13T13:35:17.721Z,2026-05-13 13:35:17.721000+00:00,2509.165233333333,41.81942055555555,143.128,3,11,train,1,1,3.895318031311035,5.409165859222412,1.5117745399475098,7.6568474769592285,14.57778787612915,0.5252406978357238,True,True,False,1.0150451663110354,1.2361681430207798,17.27584171295166,0.27948385745465626,-0.5536432712152104,0.047475930216427625,4.206356728784789,4.2096561557550425,4.206356728784789,-0.31103869747375423,4.2096561557550425,-0.3143381244440073,3.866613898865658,0.028704132445377173,3.864146193850355,0.031171837460679974,3.9852712051470918,-0.08995317383605661,3.986186792876702,-0.09086876156566692
293,2026-05-13T13:37:38.080Z,2026-05-13 13:37:38.080000+00:00,2511.5045499999997,41.85840916666666,140.359,3,11,train,1,2,4.508424758911133,4.432991027832031,6.061048984527588,2.132323265075684,12.626363277435303,0.16887865636547778,True,True,False,1.0150451663110354,1.2361681430207798,17.27584171295166,1.367259474804704,0.13585094162147432,0.08311213436345224,4.895850941621474,4.896122972674344,4.895850941621474,-0.38742618271034157,4.896122972674344,-0.387698213763211,4.55308071578496,-0.04465595687382695,4.55364040668704,-0.045215647775907364,4.529357299858132,-0.020932540946999367,4.529122360543465,-0.020697601632332585
294,2026-05-13T13:39:58.499Z,2026-05-13 13:39:58.499000+00:00,2513.844866666667,41.89741444444444,140.419,3,11,train,1,3,4.186433792114258,7.58273983,4.223146915435791,2.022603988647461,13.828490734083253,0.14626353862770602,True,True,False,1.0150451663110354,1.2361681430207798,17.27584171295166,0.5569420829562856,-0.25418996525768095,0.08537364613722939,4.505810034742319,4.5064996282345655,4.505810034742319,-0.31937624262806086,4.5064996282345655,-0.3200658361203077,4.1634573713451815,0.022976420769076356,4.1635994998078845,0.02283429230637335,4.221572506526302,-0.03513871441204408,4.220964170699743,-0.03453037858548491
295,2026-05-13T13:42:18.727Z,2026-05-13 13:42:18.727000+00:00,2516.1820000000002,41.93636666666667,140.228,3,11,train,1,4,3.87050724,7.342101573944092,2.0451855659484863,5.228659629821777,14.615946769714355,0.3577366360320949,True,True,False,1.0150451663110354,1.2361681430207798,17.27584171295166,0.27855588013199284,-0.5550876694360098,0.06422633639679051,4.20491233056399,4.20737006112886,4.20491233056399,-0.3344050905639899,4.20737006112886,-0.33686282112886046,3.8643278042394757,0.0061794357605240435,3.8627017956295555,0.007805444370444281,3.9841314174990865,-0.11362417749908671,3.9843786907907535,-0.11387145079075367
296,2026-05-13T13:44:38.791Z,2026-05-13 13:44:38.791000+00:00,2518.5164,41.975273333333334,140.064,3,11,train,1,5,4.239914894104004,9.474337577819824,6.333772659301758,4.844608306884766,20.652718544006348,0.23457484769193862,True,True,False,1.0150451663110354,1.2361681430207798,17.27584171295166,0.6685187863824509,-0.17488638390297712,0.07654251523080614,4.585113616097023,4.585726863912815,4.585113616097023,-0.34519872199301904,4.585726863912815,-0.34581196980881135,4.242684607023431,-0.002769712919427292,4.242903081162589,-0.0029881870585848347,4.284151676985707,-0.044236782881703185,4.283626025748587,-0.04371113164458329
297,2026-05-13T13:46:58.938Z,2026-05-13 13:46:58.938000+00:00,2520.8521833333334,42.014203055555555,140.147,3,11,train,1,6,4.416348457336426,7.453158855438232,8.384086608886719,2.580932378768921,18.418177843093872,0.1401296263265627,True,True,False,1.0150451663110354,1.2361681430207798,17.27584171295166,1.1249037852949062,0.05111537817854743,0.08598703736734374,4.811115378178547,4.811428327437967,4.811115378178547,-0.3947669208421214,4.811428327437967,-0.395079870101541,4.468386070548583,-0.05203761321215694,4.468904843244113,-0.052556385907687186,4.462491703398483,-0.046143246062056775,4.462136259895351,-0.045787802558924895
298,2026-05-13T13:49:19.297Z,2026-05-13 13:49:19.297000+00:00,2523.1915,42.05319166666666,140.359,3,11,train,1,7,4.4554948806762695,5.668975830078125,7.238452434539795,3.943468570709229,16.85089683532715,0.23402128736803635,True,True,False,1.0150451663110354,1.2361681430207798,17.27584171295166,1.2768536419108425,0.10614111953964163,0.07659787126319637,4.866141119539641,4.866454197289685,4.866141119539641,-0.4106462388633716,4.866454197289685,-0.41095931661341556,4.523411940400301,-0.0679170597240315,4.523930584605207,-0.06843570392893739,4.505913011610142,-0.05041813093387226,4.505656938751139,-0.05016205807486962
299,2026-05-13T13:51:39.514Z,2026-05-13 13:51:39.514000+00:00,2525.52845,42.09214083333333,140.217,3,11,train,1,8,4.545917510986328,5.075520038604736,8.446838379,3.952305793762207,17.474664211366942,0.22617349014302124,True,True,False,1.0150451663110354,1.2361681430207798,17.27584171295166,1.664231116171899,0.2212136377649913,0.0773826509856979,4.981213637764991,4.9814634605464265,4.981213637764991,-0.43529612677866325,4.9814634605464265,-0.4355459495600984,4.6384212036570425,-0.09250369267071434,4.639003102830557,-0.09308559184422904,4.596717772381391,-0.05080026139506266,4.596619266563957,-0.050701755577629015
300,2026-05-13T13:53:59.685Z,2026-05-13 13:53:59.685000+00:00,2527.864633333333,42.13107722222222,140.171,3,11,train,1,9,4.209038734436035,9.767338752746582,5.951909065246582,1.9870312213897705,17.706279039382935,0.11222184045389463,True,True,False,1.0150451663110354,1.2361681430207798,17.27584171295166,0.6093685512415448,-0.21511996293692676,0.08877781595461054,4.544880037063073,4.545472097413006,4.544880037063073,-0.3358413026270375,4.545472097413006,-0.3364333629769707,4.202429840523622,0.006608893912413372,4.202669502128638,0.006369232307396722,4.2524029973227275,-0.04336426288669237,4.251788005377915,-0.04274927094188019
301,2026-05-13T13:56:20.048Z,2026-05-13 13:56:20.048000+00:00,2530.204016666667,42.17006694444445,140.363,3,11,train,1,10,4.072303771972656,2.596588134765625,1.709921956062317,9.487032890319824,13.793542981147766,0.6877879674051955,True,True,False,1.0150451663110354,1.2361681430207798,17.27584171295166,0.6585264459804901,-0.18142677937680565,0.03122120325948044,4.578573220623194,4.580100584702026,4.578573220623194,-0.5062694486505377,4.580100584702026,-0.5077968127293699,4.237058327812642,-0.16475455583998588,4.23636268568876,-0.16405891371610348,4.278990591997653,-0.20668682002499672,4.279176128066904,-0.20687235609424803
302,2026-05-13T13:58:40.429Z,2026-05-13 13:58:40.429000+00:00,2532.5437,42.20906166666667,140.381,3,11,train,1,11,4.324824333190918,8.935621262,7.854085445404053,4.446170330047607,21.235877037451658,0.20937069480136505,True,True,False,1.0150451663110354,1.2361681430207798,17.27584171295166,0.8789635566588602,-0.05602913114928252,0.0790629305198635,4.703970868850718,4.704406625852941,4.703970868850718,-0.3791465356597996,4.704406625852941,-0.3795822926620227,4.361364368963557,-0.036540035772638646,4.361760333916283,-0.0369360007253654,4.377943005868344,-0.053118672677426204,4.377491398890277,-0.052667065699359306
303,2026-05-13T14:01:00.729Z,2026-05-13 14:01:00.729000+00:00,2534.8820333333333,42.24803388888889,140.3,3,11,train,1,12,3.979675293,8.412832260131836,3.176182270050049,1.7354533672332764,13.324467897415161,0.13024560384658515,True,True,False,1.0150451663110354,1.2361681430207798,17.27584171295166,0.3775401876371508,-0.4230368126702706,0.08697543961534149,4.336963187329729,4.3381146671545325,4.336963187329729,-0.3572878943297293,4.3381146671545325,-0.3584393741545324,3.995072410265148,-0.01539711726514792,3.994752652395295,-0.015077359395295087,4.088333938163224,-0.10865864516322388,4.087786306632235,-0.10811101363223452
304,2026-05-13T14:03:20.989Z,2026-05-13 14:03:20.989000+00:00,2537.2197,42.286995000000005,140.26,3,11,train,1,13,4.885552406311035,1.8670899868011477,8.915605545043945,9.862728118896484,20.645423650741577,0.4777198223559931,True,True,False,1.0150451663110354,1.2361681430207798,17.27584171295166,4.775134357781488,0.6789855958196992,0.0522280177644007,5.438985595819699,5.43919673304763,5.438985595819699,-0.5534331895086639,5.43919673304763,-0.5536443267365945,5.096154476158246,-0.21060206984721042,5.096775060885265,-0.21122265457422973,4.957949748356231,-0.07239734204519621,4.958646487720404,-0.07309408140936924
305,2026-05-13T14:05:41.347Z,2026-05-13 14:05:41.347000+00:00,2539.559,42.32598333333333,140.358,3,11,train,1,14,4.538198471069336,5.549419403076172,8.299148559570312,6.118420600891113,19.966988563537598,0.30642680950216855,True,True,False,1.0150451663110354,1.2361681430207798,17.27584171295166,1.495498529984939,0.17478599047349333,0.06935731904978315,4.934785990473493,4.935088771365873,4.934785990473493,-0.39658751940415726,4.935088771365873,-0.39689030029653694,4.592046514476489,-0.05384804340715288,4.592575455539059,-0.054376984469723055,4.560081297656641,-0.021882826587305004,4.559940919446454,-0.02174244837711825
306,2026-05-13T14:08:01.868Z,2026-05-13 14:08:01.868000+00:00,2541.9010166666662,42.365016944444434,140.521,3,11,train,1,15,4.781897545,2.8602161407470703,8.312158584594727,1.0527150630950928,12.22508978843689,0.0861110291468619,True,True,False,1.0150451663110354,1.2361681430207798,17.27584171295166,2.9061295285270448,0.46331496724723786,0.09138889708531381,5.223314967247237,5.2234640816762115,5.223314967247237,-0.44141742224723757,5.2234640816762115,-0.4415665366762118,4.880421824786827,-0.09852427978682776,4.881104432312803,-0.09920688731280336,4.787762112464266,-0.005864567464266557,4.788020717253823,-0.006123172253823306
307,2026-05-13T14:10:22.260Z,2026-05-13 14:10:22.260000+00:00,2544.2408833333334,42.40401472222222,140.392,3,11,train,1,16,4.388781547546387,8.928237915039062,9.144607543945312,9.202996253967283,27.27584171295166,0.3374046656678365,True,True,False,1.0150451663110354,1.2361681430207798,17.27584171295166,1.024234303673941,0.010399317140652656,0.06625953343321635,4.770399317140653,4.77084374572494,4.770399317140653,-0.38161776959426597,4.77084374572494,-0.382062198178553,4.427801488835556,-0.03901994128916897,4.4281887822062185,-0.03940723465983176,4.430362292839714,-0.041580745293327226,4.430037384366643,-0.04125583682025624
308,2026-05-13T14:12:42.655Z,2026-05-13 14:12:42.655000+00:00,2546.5808,42.44301333333333,140.395,3,11,train,1,17,4.8761796951293945,1.8514130115509035,8.883493423461914,9.643140793,20.378047228012818,0.4732122114107182,True,True,False,1.0150451663110354,1.2361681430207798,17.27584171295166,4.798223501746016,0.68108047358477,0.05267877885892819,5.44108047358477,5.441289454778044,5.44108047358477,-0.5649007784553755,5.441289454778044,-0.5651097596486494,5.09824719788866,-0.22206750275926534,5.098869938650336,-0.22269024352094124,4.959602835272516,-0.0834231401431218,4.96030164865851,-0.08412195352911578
309,2026-05-13T14:15:03.051Z,2026-05-13 14:15:03.051000+00:00,2548.9207333333334,42.482012222222224,140.396,3,11,train,1,18,4.597744941711426,5.104634761810303,8.88956356,2.187124490737915,16.181322812548217,0.13516351636232446,True,True,False,1.0150451663110354,1.2361681430207798,17.27584171295166,1.7414690716966033,0.2409157658394607,0.08648364836376757,5.00091576583946,5.0011319157486565,5.00091576583946,-0.4031708241280345,5.0011319157486565,-0.4033869740372307,4.658089658859272,-0.060344717147846616,4.658705230905026,-0.0609602891936003,4.6122648991330895,-0.014519957421663676,4.612175304564853,-0.014430362853427248
310,2026-05-13T14:17:23.187Z,2026-05-13 14:17:23.187000+00:00,2551.2563333333333,42.520938888888885,140.136,3,11,train,1,19,4.495744705200195,2.2735037803649902,4.164804935455322,9.593246459960938,16.03155517578125,0.5983977446213942,True,True,False,1.0150451663110354,1.2361681430207798,17.27584171295166,1.8318882824935092,0.2628989847379383,0.04016022553786059,5.022898984737938,5.023347638536227,5.022898984737938,-0.5271542795377426,5.023347638536227,-0.5276029333360315,4.680305381646843,-0.18456067644664742,4.680688449803504,-0.18494374460330842,4.6296120552033955,-0.13386735000320016,4.6297460097548395,-0.1340013045546442
311,2026-05-13T14:19:43.500Z,2026-05-13 14:19:43.500000+00:00,2553.594883333333,42.55991472222222,140.313,3,11,train,1,20,4.130195617675781,8.890006065368652,4.594384670257568,1.1533818244934082,14.637772560119629,0.07879489995873949,True,True,False,1.0150451663110354,1.2361681430207798,17.27584171295166,0.5168033223458828,-0.28667470307828585,0.09212051000412605,4.473325296921714,4.474029686964904,4.473325296921714,-0.34312967924593263,4.474029686964904,-0.3438340692891231,4.13098743007552,-0.0007918123997390225,4.13111476198728,-0.000919144311498421,4.195938507270805,-0.06574288959502361,4.195283270238356,-0.06508765256257476
312,2026-05-13T14:22:03.557Z,2026-05-13 14:22:03.557000+00:00,2555.929166666667,42.598819444444445,140.057,3,11,train,1,21,4.260867118835449,7.999597549438477,6.175517082214356,5.257735252380371,19.432849884033203,0.2705591451462986,True,True,False,1.0150451663110354,1.2361681430207798,17.27584171295166,0.7719784706729204,-0.1123948113201295,0.07294408548537015,4.64760518867987,4.6481495819840575,4.64760518867987,-0.38673806984442116,4.6481495819840575,-0.38728246314860826,4.305107325094673,-0.0442402062592242,4.305394653745436,-0.044527534909986954,4.333464339870966,-0.07259722103551702,4.3329969684307255,-0.07212984959527624
313,2026-05-13T14:24:23.791Z,2026-05-13 14:24:23.791000+00:00,2558.2664,42.637773333333335,140.234,3,11,train,1,22,4.3386077880859375,6.521120548248291,6.200735569000244,7.388328552246094,20.11018466949463,0.3673923772293118,True,True,False,1.0150451663110354,1.2361681430207798,17.27584171295166,0.9508696432035582,-0.02187901736102155,0.06326076227706882,4.7381209826389785,4.7386225664792185,4.7381209826389785,-0.399513194553041,4.7386225664792185,-0.40001477839328103,4.3955803095898345,-0.05697252150389698,4.395910447704544,-0.05730265961860681,4.404891168302586,-0.0662833802166487,4.404553233037702,-0.06594544495176446
314,2026-05-13T14:26:43.941Z,2026-05-13 14:26:43.941000+00:00,2560.602233333333,42.67670388888889,140.15,3,11,train,1,23,4.345775604248047,7.151160717010498,7.086976528167725,3.121375084,17.359512329178223,0.17980776330643394,True,True,False,1.0150451663110354,1.2361681430207798,17.27584171295166,0.9910246474128181,-0.003915544200629324,0.08201922366935661,4.75608445579937,4.756455533560129,4.75608445579937,-0.41030885155132335,4.756455533560129,-0.4106799293120824,4.413413276670745,-0.06763767242269836,4.413873920864936,-0.06809831661688914,4.41906630679878,-0.07329070255073322,4.418657559520238,-0.07288195527219088
315,2026-05-13T14:29:04.254Z,2026-05-13 14:29:04.254000+00:00,2562.940783333333,42.71567972222222,140.313,3,11,train,1,24,4.237709999084473,9.166446685791016,6.3685736656188965,2.041278123855591,17.576298475265503,0.11613811217010274,True,True,False,1.0150451663110354,1.2361681430207798,17.27584171295166,0.6947701638292267,-0.15815884014225476,0.08838618878298973,4.601841159857745,4.602348593378473,4.601841159857745,-0.36413116077327246,4.602348593378473,-0.36463859429400003,4.259306336489089,-0.021596337404615973,4.259630624923311,-0.021920625838838248,4.297351532458657,-0.059641533374183986,4.296772368587911,-0.05906236950343846
316,2026-05-13T14:31:24.670Z,2026-05-13 14:31:24.670000+00:00,2565.28105,42.75468416666667,140.416,3,11,train,1,25,4.157212257385254,7.9552483558654785,4.838144302368164,9.51248264312744,22.305875301361084,0.4264563714541611,True,True,False,1.0150451663110354,1.2361681430207798,17.27584171295166,0.6081701143624203,-0.215974925011327,0.05735436285458388,4.544025074988673,4.54494297791704,4.544025074988673,-0.3868128176034187,4.54494297791704,-0.3877307205317857,4.2019007210276555,-0.044688463642401643,4.201814540054238,-0.04460228266898447,4.251728339047827,-0.09451608166257319,4.251369517860638,-0.09415726047538442
317,2026-05-13T14:33:44.994Z,2026-05-13 14:33:44.994000+00:00,2567.6197833333335,42.79366305555556,140.324,3,11,train,1,26,4.582306861877441,2.3128554821014404,4.951000690460205,3.557969570159912,10.821825742721558,0.32877720033081276,True,True,False,1.0150451663110354,1.2361681430207798,17.27584171295166,2.140644207463308,0.33054449000540814,0.06712227996691873,5.090544490005408,5.090786376379755,5.090544490005408,-0.5082376281279668,5.090786376379755,-0.508479514502314,4.747744119490371,-0.16543725761292993,4.748333955070974,-0.1660270931935326,4.682991732799691,-0.1006848709222492,4.683084187961508,-0.10077732608406631
318,2026-05-13T14:36:05.537Z,2026-05-13 14:36:05.537000+00:00,2569.9621666666667,42.832702777777776,140.543,3,11,train,1,27,4.212899208068848,4.797491073608398,3.7779135704040527,6.544902801513672,15.120307445526123,0.43285514035299677,True,True,False,1.0150451663110354,1.2361681430207798,17.27584171295166,0.7874769358481625,-0.10376215725970578,0.05671448596470033,4.656237842740294,4.656922326392705,4.656237842740294,-0.44333863467144674,4.656922326392705,-0.444023118323857,4.313880069503321,-0.10098086143447293,4.31402730780586,-0.10112809973701253,4.340276444957976,-0.12737723688912794,4.33993544651606,-0.12703623844721257
319,2026-05-13T14:38:25.717Z,2026-05-13 14:38:25.717000+00:00,2572.2985,42.87164166666666,140.18,3,11,train,1,28,4.066789627075195,9.821391105651855,4.327126979827881,1.0353699922561646,15.1838880777359,0.06818872656038114,True,True,False,1.0150451663110354,1.2361681430207798,17.27584171295166,0.4405818822689767,-0.35597336599684826,0.09318112734396189,4.404026634003151,4.404890495947181,4.404026634003151,-0.337237006927956,4.404890495947181,-0.33810086887198576,4.061848239057797,0.004941388017398296,4.061816099068717,0.004973528006478212,4.141254308079436,-0.07446468100424042,4.140600181415955,-0.07381055434075989
320,2026-05-13T14:40:46.005Z,2026-05-13 14:40:46.005000+00:00,2574.6366333333335,42.91061055555556,140.288,3,11,train,1,29,4.352391242980957,6.460755348205566,6.009022235870361,3.9218573570251465,16.391634941101074,0.23925968160694674,True,True,False,1.0150451663110354,1.2361681430207798,17.27584171295166,0.9300804491133268,-0.03147948467734769,0.07607403183930533,4.728520515322652,4.728947301861459,4.728520515322652,-0.3761292723416947,4.728947301861459,-0.37655605888050214,4.385905044972075,-0.033513801991118086,4.3863099803882175,-0.03391873740726048,4.397315353056725,-0.04492411007576802,4.39690093993613,-0.04450969695517326
321,2026-05-13T14:43:06.264Z,2026-05-13 14:43:06.264000+00:00,2576.9742833333335,42.94957138888889,140.259,3,12,train,2,0,4.897130966186523,1.188876390457153,6.513851165771484,4.299782752990723,12.00251030921936,0.35824028825769694,True,True,False,1.4131231300000002,1.6819523722950587,19.836084365844727,5.478997831950169,0.7387011285835938,0.06417597117423031,5.498701128583594,5.498865378058773,5.498701128583594,-0.6015701623970706,5.498865378058773,-0.6017344118722496,5.155823121169389,-0.2586921549828656,5.15649059364916,-0.2593596274626364,5.0050718132121865,-0.10794084702566309,5.0058391980635175,-0.10870823187699408
322,2026-05-13T14:45:26.686Z,2026-05-13 14:45:26.686000+00:00,2579.31465,42.9885775,140.422,3,12,train,2,1,4.239914894104004,8.400867462158203,5.926684856414795,8.766579627990723,23.09413194656372,0.3796020412577205,True,True,False,1.4131231300000002,1.6819523722950587,19.836084365844727,0.705484866070273,-0.15151229821390874,0.06203979587422795,4.608487701786091,4.609197371464946,4.608487701786091,-0.3685728076820869,4.609197371464946,-0.369282477360942,4.266155114575562,-0.02624022047155794,4.266277166851657,-0.026362272747652682,4.302596378570198,-0.06268148446619382,4.3021891565907024,-0.06227426248669854
323,2026-05-13T14:47:47.070Z,2026-05-13 14:47:47.070000+00:00,2581.6543833333335,43.02757305555556,140.384,3,12,train,2,2,4.352943420410156,6.004016876220703,5.448150634765625,3.9401121139526367,15.392279624938965,0.2559797645287555,True,True,False,1.4131231300000002,1.6819523722950587,19.836084365844727,0.907417608425349,-0.042192797510198034,0.07440202354712445,4.7178072024898015,4.718254922225119,4.7178072024898015,-0.3648637820796452,4.718254922225119,-0.3653115018149631,4.375212665335735,-0.022269244925579024,4.375596667555367,-0.022653247145210997,4.388861381388621,-0.035917960978464336,4.388444197287422,-0.035500776877265494
324,2026-05-13T14:50:07.564Z,2026-05-13 14:50:07.564000+00:00,2583.99595,43.06659916666667,140.494,3,12,train,2,3,4.060725212097168,2.151942014694214,1.4495530128479004,4.8586626052856445,8.460157632827759,0.574299299865606,True,True,False,1.4131231300000002,1.6819523722950587,19.836084365844727,0.6736022638852928,-0.17159646190146197,0.042570070013439404,4.588403538098538,4.589494911177666,4.588403538098538,-0.5276783260013698,4.589494911177666,-0.528769699080498,4.246452654288282,-0.18572744219111392,4.2461930031641035,-0.18546779106693556,4.286747784074617,-0.2260225719774489,4.286606223524087,-0.2258810114269192
325,2026-05-13T14:52:27.857Z,2026-05-13 14:52:27.857000+00:00,2586.3341666666665,43.10556944444444,140.293,3,12,train,2,4,4.469278335571289,7.0223822593688965,8.924671173095703,1.012295484542847,16.959348917007446,0.05968952519914727,True,True,False,1.4131231300000002,1.6819523722950587,19.836084365844727,1.2708893995607933,0.1041077572806406,0.09403104748008528,4.864107757280641,4.864363874750051,4.864107757280641,-0.39482942170935154,4.864363874750051,-0.395085539178762,4.521321617860667,-0.052043282289377935,4.521897222346206,-0.05261888677491733,4.504308467133865,-0.03503013156257584,4.504003675364343,-0.03472533979305403
326,2026-05-13T14:54:47.891Z,2026-05-13 14:54:47.891000+00:00,2588.6680666666666,43.14446777777778,140.034,3,12,train,2,5,5.036071777,1.2410881519317627,9.475845336914062,4.738319396972656,15.455252885818481,0.3065831036204183,True,True,False,1.4131231300000002,1.6819523722950587,19.836084365844727,7.635110626239434,0.8828153339945719,0.06934168963795817,5.642815333994571,5.6429542390242045,5.642815333994571,-0.6067435569945712,5.6429542390242045,-0.6068824620242044,5.29991198213482,-0.2638402051348203,5.300604799060137,-0.26453302206013696,5.118793630965886,-0.08272185396588583,5.119800959352732,-0.08372918235273197
327,2026-05-13T14:57:07.890Z,2026-05-13 14:57:07.890000+00:00,2591.0013833333337,43.183356388888896,139.999,3,12,train,2,6,4.456046104431152,1.400801658630371,2.6680917739868164,3.2151031494140625,7.28399658203125,0.4413927317518707,True,True,False,1.4131231300000002,1.6819523722950587,19.836084365844727,1.9046891881863801,0.2798241165636259,0.05586072682481293,5.039824116563626,5.040138103474912,5.039824116563626,-0.5837780121324734,5.040138103474912,-0.5840919990437596,4.697095846585528,-0.24104974215437558,4.6976135816291915,-0.24156747719803917,4.642967829198398,-0.18692172476724522,4.643025807682705,-0.186979703251553
328,2026-05-13T14:59:28.022Z,2026-05-13 14:59:28.022000+00:00,2593.3369166666666,43.22228194444445,140.132,3,12,train,2,7,3.840182304382324,7.569385528564453,2.0904858112335205,6.042367935180664,15.702239274978638,0.3848093147331615,True,True,False,1.4131231300000002,1.6819523722950587,19.836084365844727,0.2761764218964263,-0.5588134013452515,0.06151906852668385,4.201186598654749,4.203786073959155,4.201186598654749,-0.36100429427242453,4.203786073959155,-0.36360376957683105,3.8607438170697708,-0.020561512687446548,3.858976063720314,-0.01879375933798988,3.981191408885962,-0.14100910450363768,3.981544068547501,-0.14136176416517676
329,2026-05-13T15:01:48.086Z,2026-05-13 15:01:48.086000+00:00,2595.671316666667,43.261188611111116,140.064,3,12,train,2,8,4.6109771728515625,5.438202857971191,9.956950187683104,1.379495620727539,16.774648666381836,0.08223693074968501,True,True,False,1.4131231300000002,1.6819523722950587,19.836084365844727,1.830926585073677,0.2626709306825783,0.0917763069250315,5.022670930682578,5.022867426440579,5.022670930682578,-0.41169375783101536,5.022867426440579,-0.4118902535890161,4.6798251695511945,-0.06884799669963204,4.680460395748144,-0.06948322289658115,4.629432095693868,-0.018454922842305876,4.629366203738983,-0.01838903088742061
330,2026-05-13T15:04:08.380Z,2026-05-13 15:04:08.380000+00:00,2598.00955,43.30015916666667,140.294,3,12,train,2,9,4.373343467712402,6.662702083587647,6.716535568237305,8.868682861328125,22.247920513153076,0.39862974411855334,True,True,False,1.4131231300000002,1.6819523722950587,19.836084365844727,1.0080798276696576,0.0034949243155866414,0.06013702558814467,4.763494924315586,4.763992321653267,4.763494924315586,-0.39015145660318407,4.763992321653267,-0.39064885394086435,4.420950064763883,-0.04760659705148029,4.421284389381152,-0.04794092166874986,4.424913974262701,-0.05157050655029849,4.424618503619612,-0.051275035907210054
331,2026-05-13T15:06:28.766Z,2026-05-13 15:06:28.766000+00:00,2600.3493166666667,43.33915527777778,140.386,3,12,train,2,10,4.377754211425781,7.857167243957519,8.013490676879883,6.517296314239502,22.387954235076904,0.29110727339384856,True,True,False,1.4131231300000002,1.6819523722950587,19.836084365844727,1.019895647893022,0.008555738563266531,0.07088927266061515,4.768555738563267,4.768972915296212,4.768555738563267,-0.3908015271374854,4.768972915296212,-0.3912187038704307,4.425930658406828,-0.04817644698104662,4.426345203628832,-0.048590992203051186,4.42890750837628,-0.05115329695049908,4.428557720155942,-0.050803508730160374
332,2026-05-13T15:08:49.048Z,2026-05-13 15:08:49.048000+00:00,2602.68735,43.3781225,140.282,3,12,train,2,11,4.682653427124023,3.221418857574463,8.051958084106445,8.465297699,19.73867464068091,0.4288685969600632,True,True,False,1.4131231300000002,1.6819523722950587,19.836084365844727,2.499506720516652,0.39785430879389955,0.057113140303993684,5.157854308793899,5.158113165691494,5.157854308793899,-0.47520088166987584,5.158113165691494,-0.47545973856747015,4.8150709088021095,-0.1324174816780861,4.815643773859465,-0.13299034673544163,4.736106517171365,-0.053453090047341334,4.7363338246128395,-0.053680397488816034
333,2026-05-13T15:11:09.253Z,2026-05-13 15:11:09.253000+00:00,2605.0241,43.41706833333333,140.205,3,12,train,2,12,4.331991195678711,6.122631072998047,5.759654998779297,8.033277512,19.91556358377734,0.40336681802686625,True,True,False,1.4131231300000002,1.6819523722950587,19.836084365844727,0.94071567110755,-0.026541621129901723,0.05966331819731338,4.733458378870098,4.733996060724158,4.733458378870098,-0.40146718319138675,4.733996060724158,-0.40200486504544664,4.3909538038347735,-0.05896260815606258,4.3912478439356635,-0.05925664825695254,4.401211865665138,-0.06922066998642684,4.400894069234694,-0.06890287355598268
334,2026-05-13T15:13:29.567Z,2026-05-13 15:13:29.567000+00:00,2607.362666666667,43.45604444444445,140.314,3,12,train,2,13,4.151146889,5.147984027862549,3.055848836898804,1.5005385875701904,9.704371452331543,0.15462501563763573,True,True,False,1.4131231300000002,1.6819523722950587,19.836084365844727,0.5936010718680488,-0.22650532352087793,0.08453749843623644,4.533494676479122,4.534137028248879,4.533494676479122,-0.3823477874791221,4.534137028248879,-0.3829901392488795,4.191094771359495,-0.039947882359495424,4.1912841415446875,-0.04013725254468792,4.2434187067200355,-0.0922718177200359,4.242822951191049,-0.09167606219104929
335,2026-05-13T15:15:49.958Z,2026-05-13 15:15:49.958000+00:00,2609.7025166666667,43.495041944444445,140.391,3,12,train,2,14,4.100973129272461,8.727850914001465,4.683068275,9.471365928649902,22.882285117651367,0.4139169615251277,True,True,False,1.4131231300000002,1.6819523722950587,19.836084365844727,0.5365660253759937,-0.2703768297238146,0.058608303847487234,4.489623170276185,4.4906762599301455,4.489623170276185,-0.38865004100372413,4.4906762599301455,-0.3897031306576846,4.1476340030407615,-0.046660873768300526,4.147412635341751,-0.046439506069289926,4.208799305955463,-0.10782617668300176,4.208449262125844,-0.10747613285338264
336,2026-05-13T15:18:10.122Z,2026-05-13 15:18:10.122000+00:00,2612.0385833333335,43.53397638888889,140.164,3,12,train,2,15,3.7635440826416016,8.904948234558105,2.065351963043213,8.631914138793945,19.602214336395264,0.44035403300162596,True,True,False,1.4131231300000002,1.6819523722950587,19.836084365844727,0.23193306784513867,-0.6346373274342375,0.0559645966998374,4.125362672565762,4.129124386352028,4.125362672565762,-0.3618185899241606,4.129124386352028,-0.36558030371042616,3.786082129462643,-0.022538046821041657,3.783152137631328,-0.019608054989726398,3.9213580657434766,-0.157813983101875,3.922493165073605,-0.15894908243200323
337,2026-05-13T15:20:30.332Z,2026-05-13 15:20:30.332000+00:00,2614.3754166666668,43.572923611111115,140.21,3,12,train,2,16,4.417451858520508,8.283895492553711,8.799889565,4.23688554763794,21.32067060519165,0.1987219645242418,True,True,False,1.4131231300000002,1.6819523722950587,19.836084365844727,1.0622888196634193,0.02624261065593923,0.08012780354757582,4.786242610655939,4.78659730071881,4.786242610655939,-0.368790752135431,4.78659730071881,-0.3691454421983025,4.443555043829426,-0.02610318530891842,4.444032075721505,-0.026580217200996792,4.442864378478154,-0.02541251995764604,4.442497076681781,-0.025045218161273475
338,2026-05-13T15:22:50.714Z,2026-05-13 15:22:50.714000+00:00,2616.7151166666667,43.611918611111115,140.382,3,12,train,2,17,5.0222883224487305,1.0920008420944214,8.965006828308105,9.697868347167969,19.754876017570496,0.49091010941007346,True,True,False,1.4131231300000002,1.6819523722950587,19.836084365844727,8.209706881831263,0.9143276514098495,0.05090898905899266,5.6743276514098495,5.674513749416784,5.6743276514098495,-0.652039328961119,5.674513749416784,-0.6522254269680534,5.3314714925274,-0.30918317007866936,5.332117116475415,-0.30982879402668484,5.143660284519415,-0.12137196207068435,5.144761788147307,-0.12247346569857687
339,2026-05-13T15:25:10.890Z,2026-05-13 15:25:10.890000+00:00,2619.0513833333334,43.65085638888889,140.176,3,12,train,2,18,4.081125259399414,4.365048885345459,2.281461715698242,6.423364639282227,13.069875240325928,0.4914633476732441,True,True,False,1.4131231300000002,1.6819523722950587,19.836084365844727,0.5226657880872009,-0.2817759264016024,0.05085366523267559,4.478224073598398,4.479479430605197,4.478224073598398,-0.3970988141989835,4.479479430605197,-0.3983541712057832,4.136437173715813,-0.05531191431639915,4.136013538663963,-0.05488827926454931,4.199804176077382,-0.11867891667796826,4.199593543632574,-0.11846828423315969
340,2026-05-13T15:27:31.203Z,2026-05-13 15:27:31.203000+00:00,2621.3899333333334,43.68983222222222,140.313,3,12,train,2,19,4.591128349304199,4.9071245193481445,9.37217140197754,7.457568168640137,21.73686408996582,0.34308390289299834,True,True,False,1.4131231300000002,1.6819523722950587,19.836084365844727,1.9099110619720991,0.28101314410947686,0.06569160971070018,5.041013144109477,5.041279664365685,5.041013144109477,-0.44988479480527754,5.041279664365685,-0.4501513150614862,4.698237407476301,-0.10710905817210215,4.6988026091750426,-0.10767425987084334,4.643906101546274,-0.052777752242074705,4.643928683094862,-0.05280033379066307
341,2026-05-13T15:29:51.452Z,2026-05-13 15:29:51.452000+00:00,2623.7274166666666,43.728790277777776,140.249,3,12,train,2,20,4.526619911193848,6.487237453460693,9.469579696655272,6.0930585861206055,22.049875736236572,0.27633074485346537,True,True,False,1.4131231300000002,1.6819523722950587,19.836084365844727,1.4597245383092325,0.16427090867534422,0.07236692551465346,4.924270908675344,4.924566828184168,4.924270908675344,-0.3976509974814961,4.924566828184168,-0.39794691699032025,4.581524571294784,-0.0549046601009362,4.58206037374091,-0.05544046254706192,4.551783751883798,-0.02516384068995059,4.551618977214848,-0.024999066021000438
342,2026-05-13T15:32:11.846Z,2026-05-13 15:32:11.846000+00:00,2626.0673166666666,43.76778861111111,140.394,3,12,train,2,21,3.622948647,8.434318542480469,1.4402081966400146,3.873974561691284,13.748501300811768,0.28177431684590587,True,True,False,1.4131231300000002,1.6819523722950587,19.836084365844727,0.17075572725718519,-0.7676247208852093,0.07182256831540941,3.9923752791147904,3.997240668486794,3.9923752791147904,-0.36942663211479054,3.997240668486794,-0.3742920214867942,3.6541984115974095,-0.03124976459740969,3.650164744180356,-0.027216097180356336,3.816416515544159,-0.19346786854415932,3.818184610806543,-0.1952359638065433
343,2026-05-13T15:34:32.341Z,2026-05-13 15:34:32.341000+00:00,2628.4089000000004,43.80681500000001,140.495,3,12,train,2,22,4.522760391235352,6.721276760101318,9.610162734985352,3.994364261627197,20.325803756713867,0.19651691561313084,True,True,False,1.4131231300000002,1.6819523722950587,19.836084365844727,1.4298120845183713,0.1552789633256141,0.08034830843868693,4.915278963325614,4.915550053073238,4.915278963325614,-0.3925185720902622,4.915550053073238,-0.39278966183788633,4.572507796183854,-0.04974740494850227,4.5730684283911796,-0.05030803715582799,4.544688126803695,-0.02192773556834382,4.544487492061136,-0.02172710082578444
344,2026-05-13T15:36:52.727Z,2026-05-13 15:36:52.727000+00:00,2630.748666666667,43.84581111111111,140.386,3,12,train,2,23,4.449981689453125,6.724656105041504,8.683657646,9.300100326538086,24.70841407757959,0.3763940614455298,True,True,False,1.4131231300000002,1.6819523722950587,19.836084365844727,1.2913162413598853,0.11103261334215032,0.062360593855447025,4.87103261334215,4.871413340807594,4.87103261334215,-0.421050923889025,4.871413340807594,-0.42143165135446914,4.52837108391821,-0.07838939446508508,4.528822078407716,-0.07884038895459078,4.5097729334351,-0.05979124398197477,4.509579190103535,-0.05959750065041014
345,2026-05-13T15:39:12.631Z,2026-05-13 15:39:12.631000+00:00,2633.0804,43.88467333333333,139.904,3,12,train,2,24,4.282369613647461,3.1048383712768555,2.873502731323242,3.1825568675994877,9.160897970199585,0.34740664921193865,True,True,False,1.4131231300000002,1.6819523722950587,19.836084365844727,0.9254918896604344,-0.03362738273620187,0.06525933507880616,4.726372617263798,4.726872611992065,4.726372617263798,-0.44400300361633693,4.726872611992065,-0.44450299834460427,4.383830355102681,-0.10146074145522022,4.384162082329364,-0.10179246868190273,4.3956204273489785,-0.11325081370151757,4.39526004063232,-0.11289042698485918
346,2026-05-13T15:41:32.916Z,2026-05-13 15:41:32.916000+00:00,2635.4184833333334,43.92364138888889,140.285,3,12,train,2,25,4.37279224395752,9.666420936584473,9.229816436767578,8.223843574523926,27.120080947875977,0.3032381647506849,True,True,False,1.4131231300000002,1.6819523722950587,19.836084365844727,0.9548328690958947,-0.02007263928690966,0.06967618352493152,4.73992736071309,4.740380876785293,4.73992736071309,-0.36713511675556987,4.740380876785293,-0.3675886328277729,4.397338619895909,-0.02454637593838882,4.397716825778656,-0.02492458182113566,4.406316597513763,-0.033524353556242836,4.405943903614391,-0.03315165965687061
347,2026-05-13T15:43:53.271Z,2026-05-13 15:43:53.271000+00:00,2637.7577333333334,43.96262888888889,140.355,3,12,train,2,26,4.505117416381836,5.010132789611816,7.332557201385498,8.921291351,21.263981341997315,0.4195494346761888,True,True,False,1.4131231300000002,1.6819523722950587,19.836084365844727,1.4635454805886736,0.1654062229514228,0.05804505653238112,4.925406222951422,4.925774319404853,4.925406222951422,-0.42028880656958645,4.925774319404853,-0.4206569030230174,4.582732062515469,-0.07761464613363334,4.583195688016988,-0.07807827163515224,4.552679638606618,-0.04756222222478179,4.552573997785686,-0.047456581403849896
348,2026-05-13T15:46:13.696Z,2026-05-13 15:46:13.696000+00:00,2640.09815,44.00163583333333,140.425,3,12,train,2,27,3.952108383178711,6.222025394439697,2.304558277130127,5.230282306671143,13.756865978240967,0.3801943200539864,True,True,False,1.4131231300000002,1.6819523722950587,19.836084365844727,0.3703871538662622,-0.4313440843598206,0.06198056799460137,4.328655915640179,4.33031497405125,4.328655915640179,-0.3765475324614682,4.33031497405125,-0.37820659087253894,3.9872727171618654,-0.03516433398315444,3.986445380705745,-0.03433699752703401,4.081778595236305,-0.12967021205759366,4.081617427527981,-0.1295090443492697
349,2026-05-13T15:48:34.098Z,2026-05-13 15:48:34.098000+00:00,2642.438183333333,44.040636388888885,140.402,3,12,train,2,28,4.705258369445801,3.712399482727051,9.140630722045898,3.786210060119629,16.639240264892578,0.22754705141846046,True,True,False,1.4131231300000002,1.6819523722950587,19.836084365844727,2.462189418077222,0.39132146048048977,0.07724529485815396,5.1513214604804896,5.151514537824702,5.1513214604804896,-0.4460630910346888,5.151514537824702,-0.44625616837890103,4.808472280935318,-0.10321391148951697,4.809110925546055,-0.10385255610025457,4.730951387715587,-0.025693018269786094,4.731114883684629,-0.02585651423882851
350,2026-05-13T15:50:53.958Z,2026-05-13 15:50:53.958000+00:00,2644.7691833333333,44.07948638888889,139.86,3,12,train,2,29,4.612079620361328,1.240022063,3.9018144607543945,9.68601417541504,14.827850699169435,0.6532311642413281,True,True,False,1.4131231300000002,1.6819523722950587,19.836084365844727,3.1465685790418023,0.49783720157686623,0.03467688357586719,5.257837201576866,5.258214815720338,5.257837201576866,-0.6457575812155376,5.258214815720338,-0.64613519535901,4.915172558830954,-0.3030929384696259,4.9156266666424315,-0.3035470462811034,4.815003918569978,-0.2029242982086501,4.815505526497418,-0.2034259061360899
351,2026-05-13T15:53:14.452Z,2026-05-13 15:53:14.452000+00:00,2647.11075,44.118512499999994,140.494,3,13,train,3,0,4.524414063,6.677691459655762,9.580991744995115,4.000587463378906,20.259270668029785,0.19746947108476356,True,True,False,1.2466144561767583,1.4832613512224744,18.65118384361267,1.4347760454163032,0.1567841172161112,0.08025305289152364,4.916784117216111,4.917054756898399,4.916784117216111,-0.39237005421611126,4.917054756898399,-0.3926406938983993,4.574012500009015,-0.04959843700901523,4.574573582281677,-0.050159519281677056,4.5458758572979825,-0.02146179429798245,4.545677581961112,-0.02126351896111167
352,2026-05-13T15:55:34.556Z,2026-05-13 15:55:34.556000+00:00,2649.445816666667,44.15743027777778,140.104,3,13,train,3,1,3.740939140319824,7.414548397064209,1.626594305038452,4.342222690582275,13.383365392684937,0.32444923703238665,True,True,False,1.2466144561767583,1.4832613512224744,18.65118384361267,0.21937874270029745,-0.658805456867155,0.06755507629676133,4.101194543132845,4.104610444656122,4.101194543132845,-0.3602554028130207,4.104610444656122,-0.3636713043362976,3.7615681877667373,-0.020629047446913074,3.7589840081984107,-0.0180448678785865,3.90228677708751,-0.16134763676768582,3.903104768544627,-0.16216562822480274
353,2026-05-13T15:57:54.704Z,2026-05-13 15:57:54.704000+00:00,2651.7816166666667,44.19636027777778,140.148,3,13,train,3,2,4.393192291259766,9.811089515686035,9.827285766601562,8.140188217163086,27.778563499450684,0.29303848693702456,True,True,False,1.2466144561767583,1.4832613512224744,18.65118384361267,1.0016508106352136,0.00071634683559997,0.07069615130629756,4.7607163468356,4.76114223183172,4.7607163468356,-0.3675240555758341,4.76114223183172,-0.36794994057195396,4.4180999749423355,-0.024907683682569903,4.4185058119011655,-0.02531352064139991,4.422721373742215,-0.029529082482449454,4.422364330370413,-0.02917203911064714
354,2026-05-13T16:00:15.261Z,2026-05-13 16:00:15.261000+00:00,2654.1242333333334,44.23540388888889,140.557,3,13,train,3,3,4.468727111816406,7.396331310272217,9.313321113586426,7.598237514,24.307889937858643,0.31258317910046257,True,True,False,1.2466144561767583,1.4832613512224744,18.65118384361267,1.2591811700825035,0.10008822058169162,0.06874168208995374,4.860088220581692,4.860441356725848,4.860088220581692,-0.3913611087652855,4.860441356725848,-0.3917142449094415,4.517399099836464,-0.048671988020057455,4.517877685647258,-0.04915057383085131,4.501136614514419,-0.03240950269801246,4.50090130464858,-0.03217419283217371
355,2026-05-13T16:02:35.448Z,2026-05-13 16:02:35.448000+00:00,2656.4606833333332,44.27434472222222,140.187,3,13,train,3,4,4.5437116622924805,5.517484664916992,8.929527282714844,6.184117317199707,20.631129264831543,0.2997469134053337,True,True,False,1.2466144561767583,1.4832613512224744,18.65118384361267,1.6184054555680734,0.2090873337513274,0.07002530865946663,4.969087333751327,4.969369264232093,4.969087333751327,-0.4253756714588466,4.969369264232093,-0.4256576019396121,4.6263270073427085,-0.08261534505022805,4.626876798816893,-0.08316513652441238,4.587148796643467,-0.043437134350986284,4.587053808803209,-0.043342146510728874
356,2026-05-13T16:04:56.085Z,2026-05-13 16:04:56.085000+00:00,2658.804633333333,44.313410555555556,140.637,3,13,train,3,5,4.553636551,3.3866424560546875,5.991919994354248,9.409219741821287,18.787782192230225,0.5008158837242915,True,True,False,1.2466144561767583,1.4832613512224744,18.65118384361267,1.7692803631047052,0.24779665738775328,0.04991841162757084,5.007796657387753,5.008166752180125,5.007796657387753,-0.4541601063877527,5.008166752180125,-0.4545302011801251,4.665124495290741,-0.11148794429074105,4.665586122453319,-0.11194957145331852,4.617694672640888,-0.06405812164088776,4.6177392485417865,-0.06410269754178621
357,2026-05-13T16:07:16.127Z,2026-05-13 16:07:16.127000+00:00,2661.1386666666667,44.35231111111111,140.042,3,13,train,3,6,3.708959579467773,9.55878448486328,1.8389325141906736,3.785595655441284,15.183312654495237,0.24932606879569882,True,True,False,1.2466144561767583,1.4832613512224744,18.65118384361267,0.19238141806656456,-0.7158368783526745,0.07506739312043012,4.044163121647325,4.047980170725967,4.044163121647325,-0.3352035421795523,4.047980170725967,-0.3390205912581936,3.704937913836582,0.004021665631190885,3.701952586712891,0.007006992754881924,3.8572827686213422,-0.14832318915356923,3.8583151455569107,-0.1493555660891377
358,2026-05-13T16:09:36.448Z,2026-05-13 16:09:36.448000+00:00,2663.47735,44.39128916666667,140.321,3,13,train,3,7,4.489127159118652,4.959897994995117,7.332588195800781,3.365722894668579,15.658209085464478,0.21494941575361778,True,True,False,1.2466144561767583,1.4832613512224744,18.65118384361267,1.4783747978688018,0.16978455044001758,0.07850505842463823,4.929784550440018,4.930054556737928,4.929784550440018,-0.4406573913213654,4.930054556737928,-0.4409273976192756,4.587012299848544,-0.09788514072989152,4.5875740155055835,-0.09844685638693118,4.556134616270368,-0.06700745715171585,4.555959293373039,-0.06683213425438694
359,2026-05-13T16:11:57.010Z,2026-05-13 16:11:57.010000+00:00,2665.8200500000003,44.43033416666667,140.562,3,13,train,3,8,4.333645820617676,9.802682876586914,8.599370002746582,9.221449851989746,27.623502731323242,0.3338262327439462,True,True,False,1.2466144561767583,1.4832613512224744,18.65118384361267,0.8772465773921577,-0.05687831752418264,0.06661737672560539,4.7031216824758175,4.703639825473038,4.7031216824758175,-0.36947586185814174,4.703639825473038,-0.3699940048553625,4.360597568583654,-0.026951747965978434,4.360911147541383,-0.027265326923707534,4.37727290524995,-0.04362708463227438,4.376884926458853,-0.043239105841177405
360,2026-05-13T16:14:17.916Z,2026-05-13 16:14:17.916000+00:00,2668.1684833333334,44.46947472222222,140.906,3,13,train,3,9,4.630274772644043,5.065757751464844,9.655864715576172,1.288937211036682,16.010559678077698,0.08050544371672069,True,True,False,1.2466144561767583,1.4832613512224744,18.65118384361267,1.906104711142973,0.2801467547611088,0.09194945562832793,5.040146754761109,5.0403374548563065,5.040146754761109,-0.40987198211706577,5.0403374548563065,-0.4100626822122635,4.697295197966922,-0.06702042532287944,4.6979362198266745,-0.06766144718263156,4.643222425906542,-0.012947653262498804,4.643183477292881,-0.01290870464883831
361,2026-05-13T16:16:38.863Z,2026-05-13 16:16:38.863000+00:00,2670.5176,44.50862666666667,140.947,3,13,train,3,10,4.955574035644531,1.3807687759399414,8.082494735717773,3.0977044105529785,12.560967922210693,0.24661351177209215,True,True,False,1.2466144561767583,1.4832613512224744,18.65118384361267,5.853619285543095,0.7674244728697996,0.07533864882279079,5.527424472869799,5.527561630753009,5.527424472869799,-0.571850437225268,5.527561630753009,-0.5719875951084781,5.184519373863625,-0.22894533821909402,5.185213937935365,-0.22963990229083375,5.027737662944887,-0.07216362730035542,5.028535438963223,-0.07296140331869161
362,2026-05-13T16:18:59.309Z,2026-05-13 16:18:59.309000+00:00,2672.858366666667,44.54763944444445,140.446,3,13,train,3,11,4.676589012145996,3.837014675140381,9.274188995361328,8.942249298095703,22.053452968597412,0.40548068870796994,True,True,False,1.2466144561767583,1.4832613512224744,18.65118384361267,2.4170324537583436,0.38328248176616964,0.05945193112920301,5.143282481766169,5.143536033404474,5.143282481766169,-0.4666934696201732,5.143536033404474,-0.46694702125847787,4.80049377651509,-0.12390476436909381,4.801071946831735,-0.12448293468573901,4.724607757192359,-0.048018745046363165,4.7248045803753325,-0.04821556822933637
363,2026-05-13T16:21:20.182Z,2026-05-13 16:21:20.182000+00:00,2675.20625,44.58677083333334,140.873,3,13,train,3,12,4.092702865600586,8.061115264892578,4.100265502929688,3.9817376136779785,16.143118381500244,0.2466523207957755,True,True,False,1.2466144561767583,1.4832613512224744,18.65118384361267,0.5086474226199181,-0.29358315178509264,0.07533476792042246,4.466416848214907,4.467296082560684,4.466416848214907,-0.373713982614321,4.467296082560684,-0.37459321696009784,4.1242538256713,-0.031550960070713785,4.124206313280473,-0.031503447679886776,4.1904869881609725,-0.0977841225603866,4.189957574604507,-0.09725470900392086
364,2026-05-13T16:23:40.793Z,2026-05-13 16:23:40.793000+00:00,2677.5497666666665,44.62582944444444,140.611,3,13,train,3,13,4.028745651245117,5.389552593231201,2.6211366653442383,6.837344169616699,14.848033428192139,0.4604881988367936,True,True,False,1.2466144561767583,1.4832613512224744,18.65118384361267,0.48633659659173806,-0.31306304875418167,0.05395118011632065,4.446936951245818,4.448238963680629,4.446936951245818,-0.4181913000007009,4.448238963680629,-0.41949331243551224,4.105196706791245,-0.07645105554612819,4.104726416311384,-0.07598076506626672,4.175115225976516,-0.14636957473139844,4.174885050482119,-0.14613939923700148
365,2026-05-13T16:26:01.190Z,2026-05-13 16:26:01.190000+00:00,2679.8897166666666,44.66482861111111,140.397,3,13,train,3,14,4.3634185791015625,7.284557819366455,7.186082363128662,1.7513232231140137,16.22196340560913,0.1079600033192315,True,True,False,1.2466144561767583,1.4832613512224744,18.65118384361267,0.9864816151261797,-0.005911004201604984,0.08920399966807685,4.754088995798395,4.7544317902178586,4.754088995798395,-0.39067041669683267,4.7544317902178586,-0.39101321111629606,4.4113895333284745,-0.047970954226912,4.411878460863961,-0.04845988176239846,4.417491671335755,-0.054073092234192544,4.417056954489861,-0.05363837538829852
366,2026-05-13T16:28:21.855Z,2026-05-13 16:28:21.855000+00:00,2682.2341333333334,44.703902222222226,140.665,3,13,train,3,15,4.347980499267578,6.09321928,5.743249893188477,2.233166456222534,14.06963562941101,0.15872240867093584,True,True,False,1.2466144561767583,1.4832613512224744,18.65118384361267,0.9425641240320629,-0.02568909442087909,0.08412775913290642,4.734310905579121,4.734691598499139,4.734310905579121,-0.3863304063115427,4.734691598499139,-0.3867110992315608,4.391649341609755,-0.04366884234217672,4.392100370644687,-0.04411987137710849,4.401884602171281,-0.05390410290370262,4.401444179141517,-0.053463679873939185
367,2026-05-13T16:30:42.492Z,2026-05-13 16:30:42.492000+00:00,2684.5780833333333,44.74296805555556,140.637,3,13,train,3,16,4.836481094360352,2.042135000228882,7.6403069496154785,3.707382678985596,13.389824628829956,0.2768806001389399,True,True,False,1.2466144561767583,1.4832613512224744,18.65118384361267,3.741332942611118,0.5730263579455508,0.07231193998610602,5.333026357945551,5.3331938557593315,5.333026357945551,-0.49654526358519924,5.3331938557593315,-0.4967127613989799,4.990151598869947,-0.15367050450959585,4.990815823011117,-0.15433472865076503,4.874336359207803,-0.03785526484745105,4.87480742815287,-0.038326333792518597
368,2026-05-13T16:33:02.680Z,2026-05-13 16:33:02.680000+00:00,2686.91455,44.781909166666665,140.188,3,13,train,3,17,3.9895992279052734,7.405407428741455,3.2787628173828125,8.155632019042969,18.839802265167236,0.4328937164123985,True,True,False,1.2466144561767583,1.4832613512224744,18.65118384361267,0.44275252225251793,-0.35383895606170385,0.056710628358760146,4.406161043938296,4.407568714434666,4.406161043938296,-0.4165618160330222,4.407568714434666,-0.41796948652939214,4.0645264575452815,-0.07492722964000809,4.0639505090038615,-0.07435128109858802,4.142938590187255,-0.1533393622819812,4.14271841938318,-0.15311919147790665
369,2026-05-13T16:35:23.025Z,2026-05-13 16:35:23.025000+00:00,2689.2536333333333,44.82089388888889,140.345,3,13,train,3,18,4.706361770629883,2.409048318862915,6.658300399780273,6.761423587799072,15.82877230644226,0.42716032910822743,True,True,False,1.2466144561767583,1.4832613512224744,18.65118384361267,2.763871669839744,0.4415178743120303,0.05728396708917726,5.20151787431203,5.201762041780248,5.20151787431203,-0.495156103682147,5.201762041780248,-0.49540027115036533,4.858719784890864,-0.15235801426098128,4.859307339377596,-0.1529455687477128,4.770561830068308,-0.06420005943842533,4.770856290569195,-0.06449451993931188
370,2026-05-13T16:37:43.378Z,2026-05-13 16:37:43.378000+00:00,2691.59285,44.859880833333335,140.353,3,13,train,3,19,4.479754447937012,6.665757179260254,8.770471572875977,9.001437187194824,24.437665939331055,0.36834275456345916,True,True,False,1.2466144561767583,1.4832613512224744,18.65118384361267,1.3157502346716592,0.11917345614825312,0.06316572454365409,4.879173456148253,4.879543244272771,4.879173456148253,-0.39941900821124143,4.879543244272771,-0.39978879633575914,4.536500987383387,-0.05674653944637509,4.536962921213819,-0.057208473276807226,4.516196945830805,-0.03644249789379295,4.516009236894072,-0.036254788957060136
371,2026-05-13T16:40:03.657Z,2026-05-13 16:40:03.657000+00:00,2693.9308333333333,44.89884722222222,140.279,3,13,train,3,20,4.462662696838379,3.754547595977783,5.3496503829956055,1.5680594444274902,10.672257423400879,0.14692856274149016,True,True,False,1.2466144561767583,1.4832613512224744,18.65118384361267,1.4248455363108576,0.15376778619446085,0.08530714372585099,4.913767786194461,4.9140238583050335,4.913767786194461,-0.45110508935608173,4.9140238583050335,-0.4513611614666546,4.5709816014156495,-0.10831890457727056,4.571557251260026,-0.10889455442164753,4.543495643315948,-0.08083294647756922,4.543280404693732,-0.08061770785535316
372,2026-05-13T16:42:24.005Z,2026-05-13 16:42:24.005000+00:00,2696.2699666666667,44.93783277777778,140.348,3,13,train,3,21,4.449430465698242,9.009311676,9.840830803,2.752934694290161,21.60307717329016,0.12743252603355337,True,True,False,1.2466144561767583,1.4832613512224744,18.65118384361267,1.092295522333309,0.03834015334607029,0.08725674739664467,4.79834015334607,4.798657272767964,4.79834015334607,-0.3489096876478275,4.798657272767964,-0.349226807069722,4.45561501587858,-0.006184550180337922,4.4561296184116355,-0.006699152713393275,4.4524106583965795,-0.0029801926983372695,4.452035466024383,-0.0026050003261408605
373,2026-05-13T16:44:44.387Z,2026-05-13 16:44:44.387000+00:00,2698.6096666666663,44.97682777777777,140.382,3,13,train,3,22,4.2630720138549805,8.404096603393555,6.410407066345215,2.109581470489502,16.92408514022827,0.12464966070603495,True,True,False,1.2466144561767583,1.4832613512224744,18.65118384361267,0.7627717015719104,-0.1176054274235366,0.0875350339293965,4.642394572576463,4.642854517849773,4.642394572576463,-0.3793225587214826,4.642854517849773,-0.3797825039947922,4.299812260960389,-0.03674024710540813,4.300184037642029,-0.037112023787048365,4.329352595763533,-0.06628058190855235,4.328809033077227,-0.0657370192222464
374,2026-05-13T16:47:04.908Z,2026-05-13 16:47:04.908000+00:00,2700.951683333333,45.01586138888889,140.521,3,13,train,3,23,4.408630371,5.933389186859131,6.872577667236328,3.266444683074951,16.07241153717041,0.20323301674553917,True,True,False,1.2466144561767583,1.4832613512224744,18.65118384361267,1.1582887032688245,0.06381682071223656,0.07967669832544609,4.823816820712237,4.824145439492888,4.823816820712237,-0.4151864497122366,4.824145439492888,-0.4155150684928879,4.481103182603504,-0.07247281160350383,4.4816062857778025,-0.07297591477780241,4.472514526123739,-0.06388415512373857,4.472194389847803,-0.06356401884780283
375,2026-05-13T16:49:25.077Z,2026-05-13 16:49:25.077000+00:00,2703.2878333333333,45.05479722222222,140.169,3,13,train,3,24,4.572381973266602,4.616175651550293,7.935174465179443,9.610655784606934,22.16200590133667,0.43365459910951837,True,True,False,1.2466144561767583,1.4832613512224744,18.65118384361267,1.7189931805377683,0.2352741537896171,0.05663454008904817,4.995274153789617,4.9956073034446105,4.995274153789617,-0.42289218052301525,4.9956073034446105,-0.4232253301780089,4.652565046555226,-0.08018307328862484,4.653063618855183,-0.08068164558858104,4.607813052241663,-0.03543107897506115,4.6078058165670255,-0.03542384330042392
376,2026-05-13T16:51:45.059Z,2026-05-13 16:51:45.059000+00:00,2705.6208666666666,45.09368111111111,139.982,3,13,train,3,25,4.402565002441406,6.2313385009765625,6.546560764312744,5.227645397186279,18.005544662475586,0.29033531032698734,True,True,False,1.2466144561767583,1.4832613512224744,18.65118384361267,1.0505866056364586,0.021431859502253587,0.07096646896730127,4.781431859502254,4.781836629061273,4.781431859502254,-0.37886685706084755,4.781836629061273,-0.37927162661986635,4.4387943721718885,-0.0362293697304823,4.43922132456782,-0.03665632212641334,4.4390681714047595,-0.03650316896335326,4.438731799314901,-0.03616679687349489
377,2026-05-13T16:54:05.171Z,2026-05-13 16:54:05.171000+00:00,2707.9560666666666,45.13260111111111,140.112,3,13,train,3,26,4.623659133911133,3.320151090621948,6.826529026031494,7.439649105072021,17.586329221725464,0.42303592815045044,True,True,False,1.2466144561767583,1.4832613512224744,18.65118384361267,2.0560898705223423,0.3130420935036521,0.05769640718495495,5.073042093503652,5.073330886068908,5.073042093503652,-0.44938295959251917,5.073330886068908,-0.44967175215777555,4.730288629179524,-0.1066294952683915,4.730831558569218,-0.10717242465808496,4.669180434048471,-0.04552130013733802,4.6692784127845615,-0.04561927887342865
378,2026-05-13T16:56:25.603Z,2026-05-13 16:56:25.603000+00:00,2710.2966,45.17161,140.432,3,13,train,3,27,4.238261222839356,8.715127944946289,5.898122787475586,1.537726879119873,16.150977611541748,0.09520952329356142,True,True,False,1.2466144561767583,1.4832613512224744,18.65118384361267,0.6767683532283398,-0.16955995779947497,0.09047904767064385,4.590440042200525,4.590951412063951,4.590440042200525,-0.35217881936116857,4.590951412063951,-0.35269018922459505,4.247909155174567,-0.009647932335210996,4.248229507266091,-0.009968284426734364,4.288354807807499,-0.05009358496814276,4.287758189090392,-0.049496966251036056
379,2026-05-13T16:58:46.085Z,2026-05-13 16:58:46.085000+00:00,2712.6379666666667,45.210632777777775,140.482,3,13,train,3,28,4.535442352294922,2.852504253387451,5.100419998168945,1.1744554042816162,9.127379655838013,0.12867388544864752,True,True,False,1.2466144561767583,1.4832613512224744,18.65118384361267,1.788049918632729,0.25237963922730033,0.08713261145513526,5.0123796392273,5.012590110338115,5.0123796392273,-0.4769372869323778,5.012590110338115,-0.4771477580431931,4.669547853448731,-0.13410550115380904,4.6701691042928655,-0.1347267519979436,4.621311144896619,-0.08586879260169678,4.621237740258078,-0.08579538796315589
380,2026-05-13T17:01:06.547Z,2026-05-13 17:01:06.547000+00:00,2714.979,45.249649999999995,140.462,3,13,train,3,29,4.3386077880859375,7.494130611419678,7.268008708953857,3.021409511566162,17.783548831939697,0.16989913206410384,True,True,False,1.2466144561767583,1.4832613512224744,18.65118384361267,0.9698267999064158,-0.013305818889647457,0.08301008679358962,4.746694181110352,4.747068922343584,4.746694181110352,-0.40808639302441474,4.747068922343584,-0.40846113425764674,4.4040266654542,-0.06541887736826268,4.404483646175918,-0.06587585808998053,4.411656356448665,-0.07304856836272755,4.4112335661622,-0.07262577807626247
381,2026-05-13T17:03:27.121Z,2026-05-13 17:03:27.121000+00:00,2717.3219000000004,45.288698333333336,140.574,3,14,train,4,0,4.5767927169799805,3.8935978412628174,6.928095341,4.1779890060424805,14.999682188305297,0.27853850192238777,True,True,False,1.205262184143066,1.4546862326937864,18.59721314907074,1.779355655989628,0.2502627631463855,0.07214614980776124,5.010262763146385,5.010517822126182,5.010262763146385,-0.4334700461664047,5.010517822126182,-0.4337251051462019,4.667475565236798,-0.09068284825681783,4.668052228211951,-0.09125951123197051,4.6196406989111285,-0.04284798193114803,4.619598740456508,-0.042806023476527955
382,2026-05-13T17:05:47.473Z,2026-05-13 17:05:47.473000+00:00,2719.6611,45.327684999999995,140.352,3,14,train,4,1,4.201320648193359,6.918266296386719,4.3813676834106445,3.5898101329803467,14.88944411277771,0.24109765991194196,True,True,False,1.205262184143066,1.4546862326937864,18.59721314907074,0.6333042840081121,-0.1983875741631269,0.0758902340088058,4.561612425836873,4.5622727658210875,4.561612425836873,-0.3602917776435133,4.5622727658210875,-0.36095211762772816,4.2192305089317035,-0.017909860738344108,4.2194018909024384,-0.01808124270907907,4.265606676039143,-0.06428602784578352,4.265075873362939,-0.06375522516957943
383,2026-05-13T17:08:07.786Z,2026-05-13 17:08:07.786000+00:00,2721.9996499999997,45.36666083333333,140.313,3,14,train,4,2,4.182023048400879,5.3710103034973145,3.775545597076416,4.444301605224609,13.59085750579834,0.3270067104543266,True,True,False,1.205262184143066,1.4546862326937864,18.59721314907074,0.7029488650613801,-0.15307626591813503,0.06729932895456733,4.606923734081865,4.607580798424084,4.606923734081865,-0.4249006856809858,4.607580798424084,-0.42555775002320484,4.2645385415347,-0.08251549313382078,4.2647131991474305,-0.08269015074655162,4.3013622375656695,-0.11933918916479058,4.300910587867521,-0.11888753946664199
384,2026-05-13T17:10:28.315Z,2026-05-13 17:10:28.315000+00:00,2724.3418,45.40569666666667,140.529,3,14,train,4,3,4.205731391906738,9.220062255859377,5.928615570068359,5.257707118988037,20.40638494491577,0.25765009986729615,True,True,False,1.205262184143066,1.4546862326937864,18.59721314907074,0.6430125313200251,-0.19178056326534754,0.07423499001327039,4.568219436734652,4.568882077302621,4.568219436734652,-0.36248804482791375,4.568882077302621,-0.36315068539588236,4.225839820413237,-0.0201084285064983,4.226008901800218,-0.02027750989347954,4.270820327858347,-0.06508893595160892,4.270303264101528,-0.0645718721947901
385,2026-05-13T17:12:48.437Z,2026-05-13 17:12:48.437000+00:00,2726.677166666667,45.44461944444445,140.122,3,14,train,4,4,4.449430465698242,8.174140930175781,9.667536735534668,3.653695583343506,21.495373249053955,0.1699759078854009,True,True,False,1.205262184143066,1.4546862326937864,18.59721314907074,1.182697584751181,0.0728737099163362,0.08300240921145992,4.832873709916336,4.833183175219586,4.832873709916336,-0.3834432442180935,4.833183175219586,-0.3837527095213442,4.490140918330202,-0.04071045263196016,4.4906631749819015,-0.0412327092836593,4.479661398984375,-0.030230933286133244,4.479342453026177,-0.029911987327935208
386,2026-05-13T17:15:08.458Z,2026-05-13 17:15:08.458000+00:00,2729.01085,45.483514166666666,140.021,3,14,train,4,5,5.0564727783203125,1.198941349983215,9.586523056030272,4.771748065948486,15.557212471961973,0.30672256193379,True,True,False,1.205262184143066,1.4546862326937864,18.59721314907074,7.995823195325176,0.9028631823765961,0.069327743806621,5.662863182376596,5.663000752315206,5.662863182376596,-0.6063904040562837,5.663000752315206,-0.6065279739948934,5.319958495425822,-0.2634857171055094,5.320652647442162,-0.26417986912184954,5.134613568726724,-0.07814079040641175,5.1356560084317735,-0.079183230111461
387,2026-05-13T17:17:28.436Z,2026-05-13 17:17:28.436000+00:00,2731.3438166666665,45.522396944444445,139.978,3,14,train,4,6,4.252045631408691,4.214341163635254,3.395461082458496,1.3098264932632446,8.919628739356995,0.14684764708689751,True,True,False,1.205262184143066,1.4546862326937864,18.59721314907074,0.8056920288649818,-0.09383093303843573,0.08531523529131024,4.666169066961564,4.666612910502844,4.666169066961564,-0.4141234355528729,4.666612910502844,-0.41456727909415303,4.32357065361346,-0.07152502220476897,4.32395853202713,-0.07191290061843869,4.348113263457176,-0.09606763204848434,4.347599856004159,-0.09555422459546747
388,2026-05-13T17:19:48.651Z,2026-05-13 17:19:48.651000+00:00,2733.6807333333336,45.56134555555556,140.215,3,14,train,4,7,5.070807456970215,1.205540418624878,9.661692619,1.4911398887634275,12.358372926388306,0.12065826930820805,True,True,False,1.205262184143066,1.4546862326937864,18.59721314907074,8.014407870306654,0.9038714408313984,0.0879341730691792,5.663871440831398,5.663979710590262,5.663871440831398,-0.5930639838611835,5.663979710590262,-0.5931722536200468,5.320937453700878,-0.2501299967306627,5.321660905896964,-0.2508534489267493,5.135409194556383,-0.06460173758616783,5.136430279312302,-0.06562282234208716
389,2026-05-13T17:22:08.847Z,2026-05-13 17:22:08.847000+00:00,2736.0173333333337,45.6002888888889,140.196,3,14,train,4,8,4.877282143,1.9447400569915767,8.059001922607422,4.22996997833252,14.233711957931519,0.29717968094580094,True,True,False,1.205262184143066,1.4546862326937864,18.59721314907074,4.143999550805945,0.6174196996612814,0.07028203190541991,5.3774196996612815,5.37758502539057,5.3774196996612815,-0.5001375566612811,5.37758502539057,-0.50030288239057,5.034542768501186,-0.1572606255011859,5.035209164726847,-0.15792702172684692,4.909367545076517,-0.032085402076516445,4.9099169837629875,-0.03263484076298706
390,2026-05-13T17:24:29.401Z,2026-05-13 17:24:29.401000+00:00,2738.3599000000004,45.63933166666667,140.554,3,14,train,4,9,4.468727111816406,5.611107349395752,7.567383289337158,6.251458168029785,19.429948806762695,0.321743419409007,True,True,False,1.205262184143066,1.4546862326937864,18.59721314907074,1.348643470553468,0.129897154092832,0.06782565805909929,4.889897154092832,4.890234347401539,4.889897154092832,-0.42117004227642596,4.890234347401539,-0.4215072355851328,4.547192090512155,-0.07846497869574875,4.547686619158398,-0.07895950734199175,4.524659112484128,-0.05593200066772219,4.524464969936276,-0.055737858119869976
391,2026-05-13T17:26:49.569Z,2026-05-13 17:26:49.569000+00:00,2740.696033333333,45.67826722222222,140.168,3,14,train,4,10,4.403667449951172,9.204072952270508,9.993342399597168,8.319426536560059,27.516841888427734,0.3023394388895628,True,True,False,1.205262184143066,1.4546862326937864,18.59721314907074,1.0857521937754697,0.035730715532418696,0.06976605611104372,4.795730715532419,4.796129552899184,4.795730715532419,-0.39206326558124704,4.796129552899184,-0.392462102948012,4.4530872960098,-0.049419846058627925,4.453520180597985,-0.04985273064681284,4.450351527510507,-0.0466840775593349,4.450036259379526,-0.04636880942835386
392,2026-05-13T17:29:10.056Z,2026-05-13 17:29:10.056000+00:00,2743.0374833333335,45.71729138888889,140.487,3,14,train,4,11,4.680998802185059,1.7836320400238037,5.515382766723633,7.602388381958008,14.901403188705444,0.5101793626871499,True,True,False,1.205262184143066,1.4546862326937864,18.59721314907074,3.092220056021211,0.49027039265737427,0.048982063731285004,5.250270392657374,5.250540001306461,5.250270392657374,-0.5692715904723151,5.250540001306461,-0.5695411991214021,4.907497744417077,-0.22649894223201805,4.9080598577229395,-0.22706105553788092,4.809032881485427,-0.12803407930036848,4.809435415578968,-0.12843661339390966
393,2026-05-13T17:31:30.529Z,2026-05-13 17:31:30.529000+00:00,2745.3787,45.75631166666667,140.473,3,14,train,4,12,4.378856658935547,8.194441795349121,8.412229537963867,8.507905960083008,25.114577293395996,0.3387636535025499,True,True,False,1.205262184143066,1.4546862326937864,18.59721314907074,1.0265774958262996,0.0113917396192875,0.06612363464974502,4.771391739619287,4.771836078109069,4.771391739619287,-0.3925350806837402,4.771836078109069,-0.3929794191735221,4.428793821219685,-0.049937162284138026,4.429181204684853,-0.050324545749306004,4.431145422357919,-0.05228876342237232,4.430822233004643,-0.0519655740690963
394,2026-05-13T17:33:51.051Z,2026-05-13 17:33:51.051000+00:00,2747.7207333333336,45.795345555555556,140.522,3,14,train,4,13,4.0910491943359375,5.788467884063721,3.143545866012573,6.240091800689697,15.172105550765991,0.41128713347071694,True,True,False,1.205262184143066,1.4546862326937864,18.59721314907074,0.5430704512790155,-0.26514382673339926,0.058871286652928304,4.494856173266601,4.495888342153385,4.494856173266601,-0.4038069789306631,4.495888342153385,-0.4048391478174471,4.152846085264001,-0.061796890928063064,4.152645638332166,-0.06159644399622888,4.212928715757109,-0.12187952142117187,4.212571566002526,-0.12152237166658875
395,2026-05-13T17:36:11.240Z,2026-05-13 17:36:11.240000+00:00,2750.0572166666666,45.83428694444444,140.189,3,14,train,4,14,4.359007835388184,3.979618787765503,4.505301475524902,1.7468106746673584,10.231730937957764,0.17072484462888143,True,True,False,1.205262184143066,1.4546862326937864,18.59721314907074,1.1320937295239182,0.05388238491752309,0.08292751553711186,4.813882384917523,4.814204935839968,4.813882384917523,-0.4548745495293396,4.814204935839968,-0.45519710045178474,4.471162678950584,-0.11215484356240069,4.471671849983089,-0.11266401459490538,4.464675173343002,-0.10566733795481831,4.464332315730496,-0.10532448034231212
396,2026-05-13T17:38:31.772Z,2026-05-13 17:38:31.772000+00:00,2752.3994166666666,45.87332361111111,140.532,3,14,train,4,15,4.5944366455078125,6.047500133514404,9.564828872680664,1.5660971403121948,17.178426146507263,0.09116650890807104,True,True,False,1.205262184143066,1.4546862326937864,18.59721314907074,1.5816169758597793,0.19910131771346995,0.0908833491091929,4.95910131771347,4.959322448139123,4.95910131771347,-0.3646646722056577,4.959322448139123,-0.3648858026313109,4.616280191249739,-0.021843545741926818,4.616890782779036,-0.022454137271223473,4.579268741428201,0.015167904079611105,4.579107650789106,0.015328994718706745
397,2026-05-13T17:40:52.003Z,2026-05-13 17:40:52.003000+00:00,2754.7365999999997,45.91227666666666,140.231,3,14,train,4,16,3.933362007141113,4.6711931228637695,1.754760742,5.408768177032471,11.83472204189624,0.45702536636558305,True,True,False,1.205262184143066,1.4546862326937864,18.59721314907074,0.3756557898261779,-0.42520991317273216,0.05429746336344169,4.334790086827268,4.336644333642799,4.334790086827268,-0.4014280796861551,4.336644333642799,-0.4032823265016865,3.993602076753415,-0.060240069612301994,3.9925795518928333,-0.059217544751720474,4.086619124980189,-0.1532571178390758,4.08662340066187,-0.1532613935207574
398,2026-05-13T17:43:12.094Z,2026-05-13 17:43:12.094000+00:00,2757.0714500000004,45.95119083333334,140.091,3,14,train,4,17,3.9096527099609375,4.2883710861206055,1.6781761646270752,7.906450271606445,13.872997522354126,0.5699165057058837,True,True,False,1.205262184143066,1.4546862326937864,18.59721314907074,0.3913318439391881,-0.407454810713236,0.04300834942941163,4.352545189286764,4.354749710686959,4.352545189286764,-0.44289247932582665,4.354749710686959,-0.44509700072602154,4.011707453797575,-0.10205474383663748,4.01033465435233,-0.10068194439139244,4.100629836279182,-0.19097712631824493,4.100943179740788,-0.1912904697798501
399,2026-05-13T17:45:32.718Z,2026-05-13 17:45:32.718000+00:00,2759.415183333333,45.99025305555555,140.624,3,14,train,4,18,4.127990723,5.839771270751953,3.2426791191101074,1.489819884300232,10.572270274162292,0.14091768803349852,True,True,False,1.205262184143066,1.4546862326937864,18.59721314907074,0.5552750217034728,-0.25549186223846415,0.08590823119665016,4.504508137761536,4.505196087839655,4.504508137761536,-0.376517414761536,4.505196087839655,-0.3772053648396554,4.162153830950271,-0.03416310795027133,4.162297602827102,-0.03430687982710179,4.220545167890527,-0.09255444489052689,4.219933183583041,-0.09194246058304145
400,2026-05-13T17:47:53.245Z,2026-05-13 17:47:53.245000+00:00,2761.7572999999998,46.02928833333333,140.527,3,14,train,4,19,4.743302345275879,2.358746052,7.256134510040283,5.081063270568848,14.695943832609132,0.34574596422275183,True,True,False,1.205262184143066,1.4546862326937864,18.59721314907074,3.076267792324548,0.488024138563285,0.0654254035777248,5.248024138563284,5.248226534015245,5.248024138563284,-0.5047217932874055,5.248226534015245,-0.5049241887393663,4.905184277125861,-0.16188193184998223,4.90581360362885,-0.1625112583529713,4.807260342144229,-0.06395799686834991,4.807605664094881,-0.06430331881900209
401,2026-05-13T17:50:13.235Z,2026-05-13 17:50:13.235000+00:00,2764.090466666667,46.06817444444445,139.99,3,14,train,4,20,3.865545272827149,8.883464813232422,2.4990077018737797,1.2598663568496704,12.642338871955872,0.09965453146050332,True,True,False,1.205262184143066,1.4546862326937864,18.59721314907074,0.2813100242319153,-0.550814791862388,0.09003454685394968,4.209185208137612,4.210915410404108,4.209185208137612,-0.3436399353104629,4.210915410404108,-0.3453701375769591,3.8678731535147235,-0.0023278806875746128,3.8669746732031776,-0.0014294003760286778,3.9875031836849777,-0.12195791085782881,3.9871827538188427,-0.1216374809916938
402,2026-05-13T17:52:33.264Z,2026-05-13 17:52:33.264000+00:00,2766.4242833333333,46.10707138888889,140.029,3,14,train,4,21,4.328683853149414,8.037932395935059,7.418594837188721,1.377280354499817,16.833807587623596,0.08181632986659589,True,True,False,1.205262184143066,1.4546862326937864,18.59721314907074,0.9229481503154282,-0.034822696226957724,0.09181836701334042,4.725177303773042,4.7255338033904195,4.725177303773042,-0.39649345062362773,4.7255338033904195,-0.39684995024100544,4.3824915465010355,-0.05380769335162139,4.382966768838608,-0.05428291568919352,4.394677194705349,-0.06599334155593528,4.394201159430467,-0.06551730628105279
403,2026-05-13T17:54:53.334Z,2026-05-13 17:54:53.334000+00:00,2768.758783333333,46.14597972222222,140.07,3,14,train,4,22,4.377754211425781,6.453321933746338,6.581615447998047,1.031609058380127,14.066546440124512,0.07333776366297594,True,True,False,1.205262184143066,1.4546862326937864,18.59721314907074,1.0198802284418547,0.008549172564880409,0.09266622363370242,4.76854917256488,4.768868387430747,4.76854917256488,-0.3907949611390986,4.768868387430747,-0.3911141760049661,4.425826130541363,-0.04807191911558206,4.426338637630446,-0.04858442620466441,4.428902327087803,-0.05114811566202171,4.428475047702483,-0.05072083627670132
404,2026-05-13T17:57:13.795Z,2026-05-13 17:57:13.795000+00:00,2771.0998000000004,46.18499666666667,140.461,3,14,train,4,23,4.1969099044799805,9.56947898864746,5.846657752990723,3.633256912231445,19.049393653869625,0.19072821834900755,True,True,False,1.205262184143066,1.4546862326937864,18.59721314907074,0.610969286826041,-0.21398062101313892,0.08092717816509926,4.546019378986861,4.546666663068242,4.546019378986861,-0.34910947450688035,4.546666663068242,-0.3497567585882617,4.203624406178858,-0.006714501698877662,4.203808844052427,-0.006898939572446139,4.253302062298638,-0.05639215781865747,4.25273280295029,-0.055822898470309745
405,2026-05-13T17:59:34.117Z,2026-05-13 17:59:34.117000+00:00,2773.4384999999997,46.223974999999996,140.322,3,14,train,4,24,4.200768471,5.194295883178711,3.4571218490600586,1.0810973644256592,9.732515096664429,0.11108098509872107,True,True,False,1.205262184143066,1.4546862326937864,18.59721314907074,0.6655612092209949,-0.1768119978834913,0.0888919014901279,4.583188002116509,4.5837189803073075,4.583188002116509,-0.3824195311165086,4.5837189803073075,-0.38295050930730756,4.2406767234179235,-0.039908252417923507,4.240977467182074,-0.04020899618207441,4.282632157646642,-0.08186368664664201,4.2820379643910735,-0.08126949339107359
406,2026-05-13T18:01:53.821Z,2026-05-13 18:01:53.821000+00:00,2775.7669,46.26278166666667,139.704,3,14,train,4,25,4.521657943725586,5.980834007263184,8.279717445373535,7.92725658416748,22.1878080368042,0.3572798435527332,True,True,False,1.205262184143066,1.4546862326937864,18.59721314907074,1.3843750612905432,0.1412537671307169,0.06427201564472669,4.901253767130717,4.9016018228112985,4.901253767130717,-0.37959582340513087,4.9016018228112985,-0.3799438790857126,4.5585595659219145,-0.03690162219632853,4.559043232196283,-0.037385288470696665,4.533620718139245,-0.011962774413659005,4.533455654645893,-0.011797710920307125
407,2026-05-13T18:04:13.875Z,2026-05-13 18:04:13.875000+00:00,2778.101133333333,46.30168555555555,140.054,3,14,train,4,26,4.1638288497924805,9.810475349,5.247830867767334,1.8307209014892576,16.889027118256593,0.10839706092426701,True,True,False,1.205262184143066,1.4546862326937864,18.59721314907074,0.5349211614197935,-0.2717102211252488,0.0891602939075733,4.488289778874751,4.488985444079477,4.488289778874751,-0.32446092908227087,4.488985444079477,-0.3251565942869963,4.145943187190093,0.017885662602387775,4.146079243940317,0.01774960585216334,4.207747114788633,-0.0439182649961527,4.207111973795109,-0.04328312400262835
408,2026-05-13T18:06:34.141Z,2026-05-13 18:06:34.141000+00:00,2780.4389,46.340648333333334,140.266,3,14,train,4,27,4.40587329864502,3.783614635467529,4.3814873695373535,3.927225589752197,12.09232759475708,0.32477002950655587,True,True,False,1.205262184143066,1.4546862326937864,18.59721314907074,1.1580162864540637,0.06371466739434556,0.0675229970493444,4.823714667394345,4.824102469207763,4.823714667394345,-0.41784136874932454,4.824102469207763,-0.4182291705627428,4.481060212318379,-0.07518691367335872,4.481504132459911,-0.07563083381489033,4.472433916020334,-0.06656061737531349,4.472160404088299,-0.06628710544327898
409,2026-05-13T18:08:54.033Z,2026-05-13 18:08:54.033000+00:00,2782.770433333333,46.379507222222216,139.892,3,14,train,4,28,4.094357490539551,8.653905868530273,4.205327511,2.459256410598755,15.318489790129028,0.160541701191945,True,True,False,1.205262184143066,1.4546862326937864,18.59721314907074,0.48594560362536127,-0.31341234260503265,0.08394582988080551,4.446587657394967,4.447426399808004,4.446587657394967,-0.3522301668554162,4.447426399808004,-0.3530689092684529,4.10438414291862,-0.010026652379068857,4.104377122460533,-0.010019631920981986,4.174839595052168,-0.08048210451261717,4.174242383106834,-0.07988489256728304
410,2026-05-13T18:11:13.919Z,2026-05-13 18:11:13.919000+00:00,2785.1018666666664,46.41836444444444,139.886,3,14,train,4,29,4.286229133605957,8.507207870483398,7.1768107414245605,8.533608436584473,24.21762704849243,0.3523717835565437,True,True,False,1.205262184143066,1.4546862326937864,18.59721314907074,0.8436153025395344,-0.07385555108973045,0.06476282164434563,4.6861444489102695,4.686700249237945,4.6861444489102695,-0.39991531530431246,4.686700249237945,-0.400471115631988,4.343657992348561,-0.05742885874260395,4.343933913975835,-0.05770478036987825,4.363876017302663,-0.07764688369670569,4.363487194459935,-0.07725806085397835
411,2026-05-13T18:13:33.788Z,2026-05-13 18:13:33.788000+00:00,2787.433016666667,46.45721694444445,139.869,3,15,train,5,0,4.079471588134766,7.538750171661377,3.688419342041016,3.787360668182373,15.014530181884766,0.2522463655074519,True,True,False,1.3232526779174805,1.60469629626623,8.512779593467712,0.4892613839235594,-0.31045906057508815,0.07477536344925481,4.449540939424912,4.450473742522752,4.449540939424912,-0.3700693512901463,4.450473742522752,-0.37100215438798667,4.107431485633368,-0.027959897498602615,4.107330404490478,-0.02785881635571208,4.177170056506865,-0.09769846837209961,4.176652566244502,-0.09718097810973614
412,2026-05-13T18:15:53.822Z,2026-05-13 18:15:53.822000+00:00,2789.766916666667,46.49611527777778,140.034,3,15,train,5,1,3.632321357727051,9.681921959,1.5066912174224854,3.7997660636901855,14.988379240112671,0.2535141393754607,True,True,False,1.3232526779174805,1.60469629626623,8.512779593467712,0.15561902107896192,-0.8079373209403984,0.07464858606245393,3.952062679059601,3.9575427401980945,3.952062679059601,-0.3197413213325504,3.9575427401980945,-0.3252213824710437,3.61450048330871,0.017820874418340793,3.609852144125167,0.02246921360188381,3.784605479681453,-0.15228412195440244,3.7867870010468376,-0.15446564331978685
413,2026-05-13T18:18:13.719Z,2026-05-13 18:18:13.719000+00:00,2792.0985333333333,46.534975555555555,139.897,3,15,train,5,2,4.679345131,3.528120756149292,8.399980545043945,4.002233028411865,15.930334329605103,0.25123346099360094,True,True,False,1.3232526779174805,1.60469629626623,8.512779593467712,2.3808653744074117,0.3767348389979248,0.07487665390063991,5.136734838997924,5.136937972087224,5.136734838997924,-0.45738970799792433,5.136937972087224,-0.45759284108722387,4.79389571519784,-0.11455058419783981,4.79452430406349,-0.11517917306349013,4.719440953298994,-0.04009582229899422,4.719586087538551,-0.04024095653855131
414,2026-05-13T18:20:33.353Z,2026-05-13 18:20:33.353000+00:00,2794.4257666666667,46.57376277777778,139.634,3,15,train,5,3,4.162174224853516,4.594911575317383,3.177110433578491,8.244260787963867,16.01628279685974,0.5147424588169917,True,True,False,1.3232526779174805,1.60469629626623,8.512779593467712,0.6914410389625484,-0.16024484743456507,0.04852575411830084,4.599755152565435,4.600683681555035,4.599755152565435,-0.43758092771191937,4.600683681555035,-0.4385094567015191,4.257641424665651,-0.09546719981213503,4.257544617631001,-0.09537039277748516,4.295705445312338,-0.13353122045882238,4.295455568090503,-0.13328134323698748
415,2026-05-13T18:22:53.318Z,2026-05-13 18:22:53.318000+00:00,2796.7585166666668,46.61264194444445,139.965,3,15,train,5,4,4.75267505645752,3.439703226089477,9.20216941833496,5.847757339477539,18.489629983901978,0.31627227503032224,True,True,False,1.3232526779174805,1.60469629626623,8.512779593467712,2.6752800499003233,0.4273692509405381,0.06837277249696777,5.187369250940538,5.187577450085561,5.187369250940538,-0.4346941944830176,5.187577450085561,-0.4349023936280405,4.844535193196177,-0.09186013673865645,4.845158716006104,-0.0924836595485834,4.759397023906903,-0.006721967449382582,4.759637511810976,-0.006962455353455965
416,2026-05-13T18:25:13.297Z,2026-05-13 18:25:13.297000+00:00,2799.0915,46.651525,139.979,3,15,train,5,5,4.955574035644531,1.1505264043807983,7.205358028411865,1.6209659576416016,9.976850390434265,0.1624727137530069,True,True,False,1.3232526779174805,1.60469629626623,8.512779593467712,6.262662031028932,0.7967589753258314,0.08375272862469932,5.556758975325831,5.556879988398794,5.556758975325831,-0.6011849396812998,5.556879988398794,-0.601305952754263,5.21383773150941,-0.25826369586487896,5.214548440391397,-0.2589744047468656,5.050885783095062,-0.0953117474505305,5.051723710790997,-0.09614967514646544
417,2026-05-14T16:26:02.964Z,2026-05-14 16:26:02.964000+00:00,4119.919283333334,68.6653213888889,79249.667,4,16,train,1,0,4.528273582458496,1.0,1.0,1.0,3.0,0.3333333333333333,True,True,False,0.3302621841430664,0.4689278396091642,9.81880259513855,1.0,0.0,0.06666666666666667,4.76,4.760452344018065,4.76,-0.2317264175415037,4.760452344018065,-0.23217876155956851,4.4174100871286806,0.11086349532981554,4.417789465065566,0.11048411739293051,4.422156098000977,0.10611748445751878,4.421818689091765,0.10645489336673108
418,2026-05-14T16:27:14.194Z,2026-05-14 16:27:14.194000+00:00,4121.10645,68.6851075,71.23,4,16,train,1,1,4.8585357666015625,2.402804374694824,7.073693752288818,3.3423044681549072,12.81880259513855,0.2607345298711796,True,True,False,0.3302621841430664,0.4689278396091642,9.81880259513855,2.9439324427679368,0.4689278396091642,0.07392654701288204,5.228927839609164,5.229110954757021,5.228927839609164,-0.3703920730076016,5.229110954757021,-0.37057518815545887,4.886068697867637,-0.02753293126607481,4.88671730467473,-0.028181538073167367,4.792191280609055,0.06634448599250753,4.792486902896169,0.06604886370539376
419,2026-05-14T16:30:09.975Z,2026-05-14 16:30:09.975000+00:00,4124.036133333333,68.73393555555555,175.781,4,17,train,1,0,4.743853569030762,2.828554153442383,7.536417961120605,1.0917634963989258,11.456735610961914,0.0952944654980356,True,True,False,0.9687309260307617,1.228973489860791,12.60486626625061,2.664406460787996,0.4256004780853969,0.09047055345019643,5.185600478085397,5.185758187775915,5.185600478085397,-0.4417469090546353,5.185758187775915,-0.44190461874515297,4.842715930886531,-0.09886236185576891,4.843389943150963,-0.09953637412020111,4.758001269312784,-0.014147700282022058,4.758198633498904,-0.014345064468142432
420,2026-05-14T16:31:21.440Z,2026-05-14 16:31:21.440000+00:00,4125.227216666667,68.75378694444446,71.465,4,17,train,1,1,4.651226043701172,3.845787525177002,7.536779880523682,7.259095191955566,18.64166259765625,0.389401704591962,True,True,False,0.9687309260307617,1.228973489860791,12.60486626625061,1.9597494222400658,0.2922005450833128,0.0610598295408038,5.052200545083313,5.0524822837003525,5.052200545083313,-0.40097450138214086,5.0524822837003525,-0.4012562399991806,4.709440026810968,-0.05821398310979653,4.7099900101488785,-0.05876396644770665,4.65273418043729,-0.0015081367361178266,4.652788980982411,-0.0015629372812391296
421,2026-05-14T16:32:31.525Z,2026-05-14 16:32:31.525000+00:00,4126.3953,68.773255,70.085,4,17,train,1,2,4.674934387207031,3.115859031677246,6.701409339904785,1.469370722770691,11.286639094352722,0.13018673765389482,True,True,False,0.9687309260307617,1.228973489860791,12.60486626625061,2.150742145833684,0.3325883456016598,0.08698132623461052,5.092588345601659,5.092774467673006,5.092588345601659,-0.41765395839462816,5.092774467673006,-0.4178400804659743,4.7497322107836215,-0.07479782357659026,4.750377810667225,-0.07544342346019395,4.684604557662922,-0.009670170455891025,4.684656595320859,-0.009722208113827513
422,2026-05-14T16:33:41.741Z,2026-05-14 16:33:41.741000+00:00,4127.565566666667,68.79275944444446,70.216,4,17,train,1,3,3.775122643,7.888556957244873,1.240579367,8.465868949890137,17.595005274135012,0.4811518279187516,True,True,False,0.9687309260307617,1.228973489860791,12.60486626625061,0.15726315645862815,-0.803373011775394,0.05188481720812482,3.9566269882246057,3.964315948998733,3.9566269882246057,-0.18150434522460568,3.964315948998733,-0.18919330599873296,3.6212736921093485,0.15384895089065154,3.6144164532901715,0.16070618970982853,3.7882072171614882,-0.013084574161488227,3.792144020314868,-0.01702137731486797
423,2026-05-14T16:34:51.276Z,2026-05-14 16:34:51.276000+00:00,4128.724483333333,68.81207472222222,69.535,4,17,train,1,4,4.553084373474121,3.698712348937988,6.169853210449219,4.8211445808410645,14.689710140228271,0.3281987551026072,True,True,False,0.9687309260307617,1.228973489860791,12.60486626625061,1.6681084194667828,0.2222242743868124,0.06718012448973928,4.982224274386812,4.982511504018605,4.982224274386812,-0.4291399009126913,4.982511504018605,-0.4294271305444841,4.639469247129221,-0.08638487365510006,4.640013739452378,-0.08692936597825707,4.597515274844068,-0.044430901369946874,4.597448177828832,-0.044363804354710545
424,2026-05-14T16:36:00.957Z,2026-05-14 16:36:00.957000+00:00,4129.885833333333,68.83143055555554,69.681,4,17,train,1,5,4.22447681427002,8.578654289245605,5.017170906066895,8.426432609558105,22.022257804870605,0.38263254768066757,True,True,False,0.9687309260307617,1.228973489860791,12.60486626625061,0.5848435823269547,-0.23296027138048006,0.061736745231933246,4.52703972861952,4.5279353366868484,4.52703972861952,-0.3025629143494992,4.5279353366868484,-0.303458522416828,4.184893079797464,0.03958373447255603,4.184829193685085,0.039647620584934984,4.23832504921413,-0.013848234944109805,4.237917952368475,-0.013441138098454708
425,2026-05-14T16:37:10.634Z,2026-05-14 16:37:10.634000+00:00,4131.047116666667,68.85078527777777,69.677,4,17,train,1,6,4.508424758911133,1.864347219467163,3.314729690551758,4.238314628601074,9.417391538619995,0.45005186534085084,True,True,False,0.9687309260307617,1.228973489860791,12.60486626625061,1.7779572688713634,0.2499213189984361,0.05499481346591492,5.009921318998436,5.010256082159601,5.009921318998436,-0.5014965600873031,5.010256082159601,-0.5018313232484681,4.667213825270217,-0.15878906635908407,4.667710784064002,-0.15928602515286894,4.619371262258055,-0.11094650334692258,4.619391726899794,-0.11096696798866112
426,2026-05-14T16:38:20.219Z,2026-05-14 16:38:20.219000+00:00,4132.206866666666,68.87011444444444,69.585,4,17,train,1,7,4.606566429138184,2.9277288913726807,5.652953147888184,1.9975014925003047,10.57818353176117,0.1888321833803293,True,True,False,0.9687309260307617,1.228973489860791,12.60486626625061,1.930832176621985,0.28574452756789775,0.08111678166196706,5.045744527567898,5.045958783378884,5.045744527567898,-0.4391780984297142,5.045958783378884,-0.43939235424070056,4.7029165264895,-0.0963500973513165,4.703533992633464,-0.09696756349528002,4.647639678856345,-0.04107324971816162,4.647629459410624,-0.04106303027244085
427,2026-05-14T16:39:29.831Z,2026-05-14 16:39:29.831000+00:00,4133.367066666667,68.88945111111111,69.612,4,17,train,1,8,4.2878828048706055,7.530465126037598,5.418348312,8.246042251586914,21.19485568962451,0.3890586646279261,True,True,False,0.9687309260307617,1.228973489860791,12.60486626625061,0.719523724140934,-0.14295488193080338,0.06109413353720739,4.617045118069196,4.617749392330741,4.617045118069196,-0.3291623131985908,4.617749392330741,-0.32986658746013564,4.274707135441357,0.013175669429248416,4.274834583134762,0.013048221735843413,4.309349112849339,-0.02146630797873339,4.30895306154434,-0.021070256673734633
428,2026-05-14T16:40:39.613Z,2026-05-14 16:40:39.613000+00:00,4134.5301,68.908835,69.782,4,17,train,1,9,4.057416915893555,4.415274620056152,1.9086229801177976,4.258406639099121,10.582304239273071,0.40240826031964877,True,True,False,0.9687309260307617,1.228973489860791,12.60486626625061,0.43227729741837084,-0.36423757238868953,0.05975917396803512,4.39576242761131,4.397143612156165,4.39576242761131,-0.3383455117177556,4.397143612156165,-0.33972669626261,4.054101355266781,0.0033155606267740723,4.053551892676876,0.003865023216678587,4.134732948366896,-0.07731603247334107,4.134473069886225,-0.07705615399266996
429,2026-05-14T16:41:49.706Z,2026-05-14 16:41:49.706000+00:00,4135.698316666667,68.92830527777778,70.093,4,18,train,2,0,4.046389579772949,7.560497760772705,3.101325750350952,8.667284965515137,19.329108476638794,0.44840583185667554,True,True,False,1.4395885467529297,1.8803246293211355,14.359514355319883,0.41020126564179915,-0.3870030039861765,0.055159416814332445,4.372996996013823,4.374606846677111,4.372996996013823,-0.32660741624087386,4.374606846677111,-0.3282172669041614,4.031564589787727,0.014824989985222636,4.030786461079389,0.015603118693560347,4.1167685412091775,-0.07037896143622824,4.116648447840173,-0.07025886806722337
430,2026-05-14T16:42:59.811Z,2026-05-14 16:42:59.811000+00:00,4136.866733333333,68.94777888888889,70.105,4,18,train,2,1,4.505117416381836,4.129807949066162,6.361728191375732,3.069538354873657,13.561074495315552,0.22634919938932405,True,True,False,1.4395885467529297,1.8803246293211355,14.359514355319883,1.5404416548750783,0.18764525380800176,0.0773650800610676,4.947645253808002,4.947910406244732,4.947645253808002,-0.44252783742616586,4.947910406244732,-0.4427929898628964,4.604868149355348,-0.09975073297351233,4.605434718873568,-0.10031730249173165,4.570228658197564,-0.06511124181572825,4.570081717864956,-0.06496430148312005
431,2026-05-14T16:44:09.815Z,2026-05-14 16:44:09.815000+00:00,4138.033466666667,68.96722444444444,70.004,4,18,train,2,2,4.192498207092285,9.582213401794434,5.372310161590576,5.394876003265381,20.34939956665039,0.2651122941291483,True,True,False,1.4395885467529297,1.8803246293211355,14.359514355319883,0.5606544058583082,-0.2513047606292971,0.07348877058708517,4.508695239370702,4.509489340417386,4.508695239370702,-0.3161970322784171,4.509489340417386,-0.316991133325101,4.166447083528002,0.026051123564283074,4.166484704436268,0.026013502656017096,4.223849247490147,-0.03135104039786185,4.223328773097314,-0.030830566005028537
432,2026-05-14T16:45:19.672Z,2026-05-14 16:45:19.672000+00:00,4139.19775,68.98662916666667,69.857,4,18,train,2,3,4.1500444412231445,5.167928218841553,3.1343605518341064,6.846477985,15.14876675567566,0.45194952799935934,True,True,False,1.4395885467529297,1.8803246293211355,14.359514355319883,0.6065023388689225,-0.2171675200143771,0.05480504720006407,4.542832479985623,4.543796252556861,4.542832479985623,-0.39278803876247803,4.543796252556861,-0.3937518113337166,4.200753995667477,-0.05070955444433256,4.200621945051188,-0.050577503828043824,4.250787251587337,-0.10074281036419208,4.250462557802203,-0.10041811657905875
433,2026-05-14T16:46:29.737Z,2026-05-14 16:46:29.737000+00:00,4140.3655,69.00609166666666,70.065,4,18,train,2,4,5.025596618652344,1.1132562160491943,9.733211517333984,3.3749003410339355,14.221368074417114,0.23731193253517288,True,True,False,1.4395885467529297,1.8803246293211355,14.359514355319883,8.743011156834967,0.9416610325858955,0.07626880674648272,5.701661032585895,5.70178358632,5.701661032585895,-0.6760644139335517,5.70178358632,-0.6761869676676566,5.358741329430616,-0.33314471077827257,5.359450497651461,-0.33385387899911745,5.165229301840299,-0.13963268318795485,5.166329858175328,-0.14073323952298455
434,2026-05-14T16:47:39.835Z,2026-05-14 16:47:39.835000+00:00,4141.5338,69.02556333333334,70.098,4,18,train,2,5,3.586008071899414,9.867508888244627,1.136433243751526,8.351887702941895,19.35582983493805,0.4314921020780211,True,True,False,1.4395885467529297,1.8803246293211355,14.359514355319883,0.1151692140967193,-0.9386635967352401,0.05685078979219788,3.82133640326476,3.833312908015885,3.82133640326476,-0.2353283313653458,3.833312908015885,-0.24730483611647092,3.4902706511265005,0.09573742077291358,3.4791258683303257,0.1068822035690884,3.6814481977940403,-0.09544012589462625,3.6885320048917594,-0.1025239329923453
435,2026-05-14T16:48:49.585Z,2026-05-14 16:48:49.585000+00:00,4142.6963,69.04493833333332,69.75,4,18,train,2,6,4.057416915893555,2.231187582015991,1.4076043367385864,4.027916908,7.6667088267545775,0.5253775771350211,True,True,False,1.4395885467529297,1.8803246293211355,14.359514355319883,0.6308767349210256,-0.20005548793990316,0.0474622422864979,4.559944512060096,4.561004263649655,4.559944512060096,-0.5025275961665416,4.561004263649655,-0.5035873477560999,4.2179620067602706,-0.16054509086671587,4.217733977125662,-0.16031706123210743,4.26429051025236,-0.2068735943588056,4.264072598434627,-0.20665568254107214
436,2026-05-14T16:49:59.628Z,2026-05-14 16:49:59.628000+00:00,4143.863683333333,69.06439472222222,70.043,4,18,train,2,7,4.459905624389648,5.994959831237793,8.221460342407227,4.029926776885986,18.246346950531006,0.2208621149105524,True,True,False,1.4395885467529297,1.8803246293211355,14.359514355319883,1.3713954011114238,0.13716268875245627,0.07791378850894476,4.897162688752456,4.897452121068807,4.897162688752456,-0.4372570643628073,4.897452121068807,-0.43754649667915846,4.554409864179423,-0.0945042397897744,4.5549521538180215,-0.0950465294283731,4.530392411336165,-0.07048678694651667,4.530173601361339,-0.07026797697169052
437,2026-05-14T16:51:09.758Z,2026-05-14 16:51:09.758000+00:00,4145.032516666667,69.08387527777778,70.13,4,18,train,2,8,4.194152832,8.857570648,5.294661045074463,7.873991489,22.02622318207446,0.3574825980791872,True,True,False,1.4395885467529297,1.8803246293211355,14.359514355319883,0.5977554405699236,-0.2234764623912032,0.0642517401920813,4.5365235376087965,4.537360922502143,4.5365235376087965,-0.3423707056087961,4.537360922502143,-0.3432080905021424,4.194318665612759,-0.00016583361275834818,4.194313002674362,-0.00016017067436191468,4.24580880832319,-0.051655976323189634,4.2453727712454965,-0.05121993924549617
438,2026-05-14T16:52:19.842Z,2026-05-14 16:52:19.842000+00:00,4146.200583333333,69.10334305555556,70.084,4,18,train,2,9,4.080574035644531,8.736639976501465,3.9861936569213863,1.797316074371338,14.52014970779419,0.12378082254940985,True,True,False,1.4395885467529297,1.8803246293211355,14.359514355319883,0.45626163692711,-0.34078604573814175,0.08762191774505902,4.419213954261858,4.4200893023928,4.419213954261858,-0.3386399186173268,4.4200893023928,-0.3395152667482684,4.077047045503416,0.0035269901411156823,4.077003419327424,0.0035706163171074223,4.153238759311723,-0.07266472366719157,4.152621115861763,-0.0720470802172315
439,2026-05-14T16:53:29.733Z,2026-05-14 16:53:29.733000+00:00,4147.365433333333,69.12275722222222,69.891,4,19,train,3,0,4.076163291931152,6.237651824951172,3.431779384613037,9.160170555114746,18.829601764678955,0.48647712626071715,True,True,False,0.8772058490688472,1.0870397320402636,11.995943546190187,0.5501716801321948,-0.25950176850623685,0.05135228737392829,4.500498231493763,4.501661422791494,4.500498231493763,-0.4243349395626108,4.501661422791494,-0.4254981308603414,4.15861916590211,-0.08245587397095733,4.158287696559329,-0.0821244046281766,4.217380914731079,-0.14121762279992645,4.217137570849642,-0.14097427891849001
440,2026-05-14T16:54:39.864Z,2026-05-14 16:54:39.864000+00:00,4148.534283333333,69.14223805555555,70.131,4,19,train,3,1,4.245429039001465,4.500831604003906,3.641085386276245,2.401885271072388,10.543802261352539,0.22780067489280464,True,True,False,0.8772058490688472,1.0870397320402636,11.995943546190187,0.8089805855071678,-0.09206190077126172,0.07721993251071954,4.6679380992287385,4.668426216248947,4.6679380992287385,-0.42250906022727364,4.668426216248947,-0.4229971772474821,4.325383959359563,-0.07995492035809804,4.325727564294304,-0.08029852529283943,4.349509222755666,-0.10408018375420092,4.349034023192359,-0.10360498419089392
441,2026-05-14T16:55:50.061Z,2026-05-14 16:55:50.061000+00:00,4149.704233333333,69.16173722222221,70.197,4,19,train,3,2,4.640750885009766,3.9728055000305176,8.63660717,9.930333137512209,22.539745807542726,0.44056988141317505,True,True,False,0.8772058490688472,1.0870397320402636,11.995943546190187,2.173931537784484,0.33724586301127396,0.055943011858682494,5.097245863011274,5.097533242358976,5.097245863011274,-0.4564949780015084,5.097533242358976,-0.45678235734921024,4.754490985469592,-0.11374010045982619,4.75503532807684,-0.11428444306707419,4.688279846608452,-0.04752896159868669,4.68842037234816,-0.04766948733839449
442,2026-05-14T16:57:00.069Z,2026-05-14 16:57:00.069000+00:00,4150.871033333333,69.18118388888888,70.008,4,19,train,3,3,4.953369141,1.310960054397583,8.813074111938477,4.5904316902160645,14.714465856552124,0.3119672664279564,True,True,False,0.8772058490688472,1.0870397320402636,11.995943546190187,6.722610717523572,0.8275379635340269,0.06880327335720436,5.587537963534027,5.587682469730431,5.587537963534027,-0.6341688225340274,5.587682469730431,-0.634313328730431,5.2446402128410465,-0.29127107184104695,5.245327428599593,-0.2919582875995932,5.075173759965029,-0.12180461896502948,5.076085795417883,-0.12271665441788304
443,2026-05-14T16:58:10.316Z,2026-05-14 16:58:10.316000+00:00,4152.041816666667,69.20069694444445,70.247,4,19,train,3,4,4.253699303,7.374316215515137,5.342310905456543,5.357476711273193,18.074103832244873,0.2964172808233654,True,True,False,0.8772058490688472,1.0870397320402636,11.995943546190187,0.7244483080636858,-0.1399925975269783,0.07035827191766346,4.620007402473021,4.620614267135119,4.620007402473021,-0.366308099473021,4.620614267135119,-0.3669149641351188,4.277572010245735,-0.02387270724573476,4.277796867538587,-0.024097564538586802,4.311686678158364,-0.05798737515836372,4.311218928429486,-0.057519625429486076
444,2026-05-14T16:59:20.258Z,2026-05-14 16:59:20.258000+00:00,4153.207516666666,69.22012527777777,69.942,4,19,train,3,5,4.511181831359863,5.155566692352295,8.679261207580566,5.166172981262207,19.00100088119507,0.2718895185345247,True,True,False,0.8772058490688472,1.0870397320402636,11.995943546190187,1.6834737528379329,0.2262063496599481,0.07281104814654753,4.986206349659948,4.986469564052352,4.986206349659948,-0.47502451830008496,4.986469564052352,-0.4752877326924887,4.643427307162968,-0.13224547580310464,4.643995814725514,-0.13281398336565076,4.600657566314931,-0.08947573495506767,4.600578659183961,-0.08939682782409797
445,2026-05-14T17:00:30.377Z,2026-05-14 17:00:30.377000+00:00,4154.376166666667,69.23960277777778,70.119,4,19,train,3,6,4.948407173156738,1.3887290954589844,9.288988113,4.429559707641602,15.107276916100586,0.29320702415408806,True,True,False,0.8772058490688472,1.0870397320402636,11.995943546190187,6.688841001008859,0.8253508725552363,0.0706792975845912,5.585350872555236,5.585491730083385,5.585350872555236,-0.6369436993984978,5.585491730083385,-0.6370845569266468,5.242449473194001,-0.2940423000372627,5.243140337620802,-0.2947331644640636,5.073447906771088,-0.12504073361434997,5.07435311082984,-0.12594593767310158
446,2026-05-14T17:01:40.335Z,2026-05-14 17:01:40.335000+00:00,4155.542133333333,69.25903555555556,69.958,4,19,train,3,7,4.425722122192383,7.627596855163574,8.794168472290039,4.523181915283203,20.944947242736816,0.21595575595692795,True,True,False,0.8772058490688472,1.0870397320402636,11.995943546190187,1.15294091170232,0.0618070502442231,0.0784044244043072,4.821807050244223,4.822142434540979,4.821807050244223,-0.3960849280518399,4.822142434540979,-0.39642031234859587,4.479100177651595,-0.053378055459211815,4.4795965153097885,-0.05387439311740572,4.470928598142256,-0.04520647594987359,4.470610187081113,-0.044888064888730206
447,2026-05-14T17:02:50.384Z,2026-05-14 17:02:50.384000+00:00,4156.709616666666,69.2784936111111,70.049,4,19,train,3,8,4.350737571716309,5.9412126541137695,5.414473533630371,2.9679551124572754,14.323641300201416,0.20720674654255275,True,True,False,0.8772058490688472,1.0870397320402636,11.995943546190187,0.9113414800733184,-0.04031886218894853,0.07927932534574474,4.719681137811051,4.72009944813673,4.719681137811051,-0.36894356609474244,4.72009944813673,-0.3693618764204212,4.377057191247346,-0.02631961953103712,4.377470602876617,-0.02673303116030823,4.390340120632109,-0.039602548915800284,4.389903056912116,-0.03916548519580765
448,2026-05-14T17:04:00.514Z,2026-05-14 17:04:00.514000+00:00,4157.87845,69.29797416666666,70.13,4,19,train,3,9,4.881141662597656,1.5714197158813477,8.664034843444824,2.6927719116210938,12.928226470947266,0.20828625779973603,True,True,False,0.8772058490688472,1.0870397320402636,11.995943546190187,5.513507789092176,0.7414279924511689,0.0791713742200264,5.501427992451169,5.501560879938737,5.501427992451169,-0.6202863298535126,5.501560879938737,-0.6204192173410812,5.158518623049353,-0.27737696045169713,5.159217457516735,-0.2780757949190784,5.007223606055254,-0.1260819434575975,5.007971105691498,-0.12682944309384148
449,2026-05-14T17:05:10.631Z,2026-05-14 17:05:10.631000+00:00,4159.047066666667,69.31745111111111,70.117,4,20,train,4,0,3.69627857208252,9.325201988220217,1.729438543319702,5.946636677,17.001277208539918,0.3497758788388523,True,True,False,0.9323415756225581,1.077256632068842,14.457037687301636,0.1854585611662207,-0.7317531139049046,0.06502241211611477,4.028246886095095,4.032921230421807,4.028246886095095,-0.3319683140125753,4.032921230421807,-0.33664265833928697,3.6898789735324224,0.006399598550097529,3.686036351160661,0.010242220921858891,3.8447231237644464,-0.14844455168192638,3.8464048330684046,-0.15012626098588466
450,2026-05-14T17:06:20.722Z,2026-05-14 17:06:20.722000+00:00,4160.21525,69.33692083333334,70.091,4,20,train,4,1,4.40587329864502,4.402459144592285,6.169421195983887,8.091853141784668,18.66373348236084,0.43356026003223347,True,True,False,0.9323415756225581,1.077256632068842,14.457037687301636,1.4013579668449692,0.14654908686880525,0.05664397399677666,4.906549086868805,4.906939976919468,4.906549086868805,-0.5006757882237842,4.906939976919468,-0.501066678274448,4.563897720030084,-0.1580244213850639,4.56433855193437,-0.15846525328935002,4.537799302647865,-0.13192600400284427,4.5376776704222985,-0.1318043717772781
451,2026-05-14T17:07:30.567Z,2026-05-14 17:07:30.567000+00:00,4161.379333333333,69.35632222222222,69.845,4,20,train,4,2,4.519452095031738,4.198347568511963,7.026671409606934,5.835440158843994,17.06045913696289,0.342044731152694,True,True,False,0.9323415756225581,1.077256632068842,14.457037687301636,1.6736754865908887,0.22367125530295823,0.0657955268847306,4.983671255302958,4.983963791885054,4.983671255302958,-0.46421916027121934,4.983963791885054,-0.4645116968533154,4.64092153499567,-0.12146943996393134,4.641460720368523,-0.12200862533678514,4.598657100520237,-0.07920500548849851,4.598596811262745,-0.07914471623100638
452,2026-05-14T17:08:40.810Z,2026-05-14 17:08:40.810000+00:00,4162.55005,69.37583416666666,70.243,4,20,train,4,3,4.020476341247559,8.842449188232422,3.841378688812256,9.204194068908691,21.88802194595337,0.42051283079101404,True,True,False,0.9323415756225581,1.077256632068842,14.457037687301636,0.4344247399153147,-0.36208545021764826,0.05794871692089859,4.397914549782351,4.399328946487893,4.397914549782351,-0.3774382085347927,4.399328946487893,-0.3788526052403345,4.056286689598509,-0.03581034835095043,4.055704014847917,-0.0352276736003585,4.136431207359622,-0.11595486611206329,4.136201479339814,-0.11572513809225526
453,2026-05-14T17:09:50.830Z,2026-05-14 17:09:50.830000+00:00,4163.71705,69.39528416666667,70.02,4,20,train,4,4,4.035363197,8.714832305908203,3.887411117553711,3.0980114936828613,15.700254917144775,0.19732236896993396,True,True,False,0.9323415756225581,1.077256632068842,14.457037687301636,0.4460683787246541,-0.3505985623045352,0.08026776310300661,4.409401437695465,4.410386902186132,4.409401437695465,-0.374038240695465,4.410386902186132,-0.37502370518613226,4.067344645296748,-0.031981448296748205,4.0671909027610305,-0.03182770576103078,4.145495614092372,-0.11013241709237231,4.144947360868655,-0.10958416386865544
454,2026-05-14T17:11:00.673Z,2026-05-14 17:11:00.673000+00:00,4164.8811000000005,69.414685,69.843,4,20,train,4,5,4.327029228210449,7.427002906799316,7.237465381622314,5.775532245635986,20.440000534057617,0.282560278607266,True,True,False,0.9323415756225581,1.077256632068842,14.457037687301636,0.9744799446620004,-0.011227094475813678,0.07174397213927342,4.748772905524186,4.749204346446836,4.748772905524186,-0.42174367731373685,4.749204346446836,-0.4221751182363871,4.406162089557452,-0.07913286134700304,4.406562370589752,-0.07953314237930265,4.41329669660997,-0.08626746839952038,4.412922500964485,-0.0858932727540358
455,2026-05-14T17:12:10.589Z,2026-05-14 17:12:10.589000+00:00,4166.0463666666665,69.4341061111111,69.916,4,20,train,4,6,3.974713325500488,6.9090681076049805,2.674503326416016,7.608575344085693,17.19214677810669,0.44256109735957005,True,True,False,0.9323415756225581,1.077256632068842,14.457037687301636,0.38710044318019166,-0.4121763314694677,0.055743890264043,4.347823668530532,4.349553650477558,4.347823668530532,-0.3731103430300444,4.349553650477558,-0.3748403249770704,4.006511393588174,-0.03179806808768637,4.005613133596098,-0.030899808095610215,4.096904041716257,-0.1221907162157696,4.096833547884025,-0.12212022238353759
456,2026-05-14T17:13:20.676Z,2026-05-14 17:13:20.676000+00:00,4167.214483333333,69.45357472222221,70.087,4,20,train,4,7,4.189741134643555,6.404359340667725,4.694512367248535,5.250429630279541,16.3493013381958,0.3211409173805676,True,True,False,0.9323415756225581,1.077256632068842,14.457037687301636,0.7330182642061245,-0.1348852041513465,0.06788590826194324,4.625114795848654,4.625735243930479,4.625114795848654,-0.4353736612050989,4.625735243930479,-0.4359941092869244,4.282692987041095,-0.09295185239754034,4.282904260914219,-0.0931631262706647,4.315716968281421,-0.12597583363786669,4.315269175833833,-0.12552804119027794
457,2026-05-14T17:14:30.795Z,2026-05-14 17:14:30.795000+00:00,4168.383133333334,69.47305222222222,70.119,4,20,train,4,8,4.212899208068848,2.976303100585937,2.511207103729248,1.943474054336548,7.430984258651733,0.2615365591810807,True,True,False,0.9323415756225581,1.077256632068842,14.457037687301636,0.8437336584553076,-0.07379462555222348,0.07384634408189193,4.686205374447776,4.686692811653735,4.686205374447776,-0.4733061663789284,4.686692811653735,-0.47379360358488753,4.343650554764351,-0.13075134669550348,4.343994839513342,-0.1310956314444942,4.363924094193162,-0.15102488612431397,4.363481311977482,-0.15058210390863458
458,2026-05-14T17:15:40.800Z,2026-05-14 17:15:40.800000+00:00,4169.549883333333,69.49249805555556,70.005,4,20,train,4,9,3.58711051940918,8.419623374938965,1.179525375366211,8.589582443237305,18.18873119354248,0.4722474784984921,True,True,False,0.9323415756225581,1.077256632068842,14.457037687301636,0.14009241540150974,-0.8535853767658835,0.05277525215015079,3.906414623234116,3.9156135870416193,3.906414623234116,-0.319304103824936,3.9156135870416193,-0.3285030676324392,3.572571330152235,0.014539189256945306,3.564204088299682,0.022906431109498193,3.7485841876055432,-0.1614736681963631,3.753624686409459,-0.16651416700027877
459,2026-05-14T17:16:50.776Z,2026-05-14 17:16:50.776000+00:00,4170.71615,69.51193583333334,69.976,4,21,train,5,0,4.731724739074707,2.3828330039978027,8.089807510375977,1.2227840423583984,11.695424556732178,0.1045523432199418,True,True,False,0.6169672012329102,0.7464728698705283,15.517096996307373,3.3950375443026375,0.5308445813244159,0.08954476567800583,5.290844581324416,5.290985743668298,5.290844581324416,-0.559119842249709,5.290985743668298,-0.5592610045935906,4.947943486778914,-0.21621874770420657,4.948634046389982,-0.2169093073152748,4.841050339278288,-0.10932560020358117,4.8414244812522025,-0.10969974217749545
460,2026-05-14T17:18:00.957Z,2026-05-14 17:18:00.957000+00:00,4171.885833333333,69.53143055555554,70.181,4,21,train,5,1,4.344673156738281,9.183122634887695,8.673872947692871,9.355525970458984,27.21252155303955,0.34379489428145266,True,True,False,0.6169672012329102,0.7464728698705283,15.517096996307373,0.9445450412194074,-0.02477732764511587,0.06562051057185474,4.735222672354884,4.7357095601126105,4.735222672354884,-0.3905495156166028,4.7357095601126105,-0.3910364033743292,4.392667303223226,-0.047994146484945155,4.39301213742045,-0.048338980682168575,4.402604085547756,-0.05793092880947448,4.402249298271607,-0.057576141533325575
461,2026-05-14T17:19:10.839Z,2026-05-14 17:19:10.839000+00:00,4173.050533333333,69.55084222222222,69.882,4,21,train,5,2,4.413592338562012,5.934236526489258,6.777801513671875,8.025571823120117,20.73760986328125,0.38700563256957016,True,True,False,0.6169672012329102,0.7464728698705283,15.517096996307373,1.1421522353241416,0.05772399406294669,0.06129943674304299,4.817723994062947,4.818156644994868,4.817723994062947,-0.4041316555009349,4.818156644994868,-0.40456430643285657,4.475114388105484,-0.06152204954347251,4.475513459128512,-0.061921120566500676,4.467706621727086,-0.05411428316507472,4.467457774092632,-0.05386543553062051
462,2026-05-14T17:20:20.772Z,2026-05-14 17:20:20.772000+00:00,4174.216083333334,69.57026805555556,69.933,4,21,train,5,3,4.319862365722656,9.774289131,8.607541084,5.355743885040283,23.737574100040284,0.2256230507156666,True,True,False,0.6169672012329102,0.7464728698705283,15.517096996307373,0.8806309050855107,-0.055206077367770195,0.07743769492843333,4.70479392263223,4.705237920722135,4.70479392263223,-0.3849315569095735,4.705237920722135,-0.38537555499947906,4.362195663832751,-0.04233329811009501,4.3625833876977955,-0.04272102197513927,4.378592485021879,-0.05873011929922267,4.378148880855291,-0.05828651513263505
463,2026-05-14T17:21:30.796Z,2026-05-14 17:21:30.796000+00:00,4175.38315,69.58971916666665,70.024,4,21,train,5,4,4.453841209411621,6.372848510742188,8.533260345458984,7.127196311950684,22.033305168151855,0.3234737710732897,True,True,False,0.6169672012329102,0.7464728698705283,15.517096996307373,1.3390025403985621,0.1267814009702098,0.06765262289267104,4.88678140097021,4.887121529170973,4.88678140097021,-0.43294019155858887,4.887121529170973,-0.4332803197593522,4.544079272281589,-0.09023806286996816,4.544570866035776,-0.09072965662415466,4.522200443626566,-0.06835923421494527,4.522003001358334,-0.06816179194671257
464,2026-05-14T17:22:40.975Z,2026-05-14 17:22:40.975000+00:00,4176.5528,69.60921333333334,70.179,4,21,train,5,5,4.328683853149414,9.544429779052734,9.169128418,3.013535976409912,21.727094173462646,0.13869944836390632,True,True,False,0.6169672012329102,0.7464728698705283,15.517096996307373,0.9606784931378077,-0.017421931809135763,0.08613005516360937,4.742578068190864,4.742942731054574,4.742578068190864,-0.4138942150414495,4.742942731054574,-0.41425887790516036,4.39990047416519,-0.0712166210157763,4.400367533256429,-0.07168368010701531,4.408408294663577,-0.07972444151416269,4.407970107602245,-0.079286254452831
465,2026-05-14T17:23:50.998Z,2026-05-14 17:23:50.998000+00:00,4177.7198499999995,69.62866416666665,70.023,4,21,train,5,6,4.114757537841797,5.1971611976623535,3.163281917572021,7.597070217132568,15.957513332366943,0.47608108224000534,True,True,False,0.6169672012329102,0.7464728698705283,15.517096996307373,0.6086557251668167,-0.21562828854611232,0.052391891775999455,4.544371711453888,4.545375338011981,4.544371711453888,-0.42961417361209087,4.545375338011981,-0.43061780017018414,4.202333081122597,-0.08757554328080008,4.2021611765194535,-0.08740363867765666,4.252001873005229,-0.13724433516343204,4.251711477104403,-0.13695393926260646
466,2026-05-14T17:25:00.983Z,2026-05-14 17:25:00.983000+00:00,4178.886266666666,69.64810444444444,69.985,4,21,train,5,7,4.250391006469727,6.867644786834717,5.549808502197266,1.851370930671692,14.268824219703674,0.12974936842484558,True,True,False,0.6169672012329102,0.7464728698705283,15.517096996307373,0.808109428262256,-0.09252982626423242,0.08702506315751543,4.667470173735768,4.667903867278796,4.667470173735768,-0.4170791672660412,4.667903867278796,-0.4175128608090697,4.324861610389412,-0.07447060391968563,4.325259638801334,-0.07486863233160701,4.34913997853382,-0.09874897206409372,4.348620890572342,-0.09822988410261502
467,2026-05-14T17:26:11.056Z,2026-05-14 17:26:11.056000+00:00,4180.05415,69.66756916666667,70.073,4,21,train,5,8,4.687064170837402,2.748014450073242,7.902866363525391,1.4058113098144531,12.056692123413086,0.11660008362364047,True,True,False,0.6169672012329102,0.7464728698705283,15.517096996307373,2.8758459997598473,0.45876562606230065,0.08833999163763595,5.2187656260623,5.218920718926963,5.2187656260623,-0.5317014552248978,5.218920718926963,-0.5318565480895607,4.875878462037579,-0.18881429120017668,4.876555091127866,-0.18949092029046355,4.7841721863521425,-0.09710801551474013,4.784427312339585,-0.09736314150218295
468,2026-05-14T17:27:21.085Z,2026-05-14 17:27:21.085000+00:00,4181.2213,69.68702166666667,70.029,4,21,train,5,9,4.624210357666016,4.559953689575195,9.360037803649902,1.6332210302352903,15.553212523460388,0.10500859727672003,True,True,False,0.6169672012329102,0.7464728698705283,15.517096996307373,2.052660715622724,0.3123171707491283,0.08949914027232801,5.072317170749128,5.072503583119023,5.072317170749128,-0.44810681308311207,5.072503583119023,-0.448293225453007,4.7294613262296386,-0.10525096856362293,4.7301066358146935,-0.10589627814867786,4.668608390972352,-0.044398033306336515,4.668624088080646,-0.04441373041463059
469,2026-05-14T17:28:31.023Z,2026-05-14 17:28:31.023000+00:00,4182.386933333333,69.70644888888889,69.938,4,22,train,6,0,4.616490364074707,1.29723858833313,3.84742283821106,2.903017044067383,8.047678470611572,0.3607272649707105,True,True,False,0.92737865447998,1.1602473406692575,11.423298835754395,2.965855990419431,0.47215005967801366,0.06392727350292897,5.2321500596780135,5.232361013065721,5.2321500596780135,-0.6156596956033065,5.232361013065721,-0.615870648991014,4.889318756176337,-0.2728283921016299,4.889939524743579,-0.27344916066887226,4.794733963493002,-0.1782435994182947,4.795057416443645,-0.17856705236893777
470,2026-05-14T17:29:40.978Z,2026-05-14 17:29:40.978000+00:00,4183.55285,69.72588083333333,69.955,4,22,train,6,1,4.041427612304688,3.992306709289551,2.0435984134674072,8.391628265,14.427533387756958,0.5816398437255422,True,True,False,0.92737865447998,1.1602473406692575,11.423298835754395,0.5118841217064395,-0.29082834175709316,0.04183601562744578,4.469171658242907,4.470738785209681,4.469171658242907,-0.42774404593821824,4.470738785209681,-0.42931117290499277,4.127696528320297,-0.08626891601560871,4.126961123308472,-0.08553351100378404,4.192660833570985,-0.15123322126629635,4.192680453075792,-0.1512528407711038
471,2026-05-14T17:30:51.188Z,2026-05-14 17:30:51.188000+00:00,4184.723016666667,69.74538361111111,70.21,4,22,train,6,2,3.754171371459961,8.958148956298828,2.122225046157837,6.183496475219727,17.26387047767639,0.3581755599484772,True,True,False,0.92737865447998,1.1602473406692575,11.423298835754395,0.23690441591347025,-0.625426843924856,0.06418244400515227,4.1345731560751435,4.1377481265346665,4.1345731560751435,-0.3804017846151826,4.1377481265346665,-0.38357675507470557,3.794705869645282,-0.040534498185321066,3.7923626211407093,-0.038191249680748385,3.928626141254078,-0.17445476979411723,3.9293137937712657,-0.17514242231130472
472,2026-05-14T17:32:01.117Z,2026-05-14 17:32:01.117000+00:00,4185.8885,69.76480833333333,69.929,4,22,train,6,3,4.360661506652832,1.9722771644592283,2.892667055130005,2.5380349159240723,7.402979135513306,0.34283966893121476,True,True,False,0.92737865447998,1.1602473406692575,11.423298835754395,1.466663563953566,0.16633050302156774,0.06571603310687851,4.926330503021568,4.926655100268513,4.926330503021568,-0.5656689963687356,4.926655100268513,-0.5659935936156808,4.583612843379129,-0.22295133672629674,4.584119968087133,-0.22345846143430137,4.553408996336418,-0.1927474896835859,4.553270618869786,-0.19260911221695398
473,2026-05-14T17:33:11.274Z,2026-05-14 17:33:11.274000+00:00,4187.057783333334,69.78429638888889,70.157,4,22,train,6,4,4.249288558959961,9.041465759277344,6.639795780181885,3.111891746520996,18.793153285980225,0.16558646115244965,True,True,False,0.92737865447998,1.1602473406692575,11.423298835754395,0.7343716115242561,-0.13408411992862954,0.08344135388475504,4.6259158800713704,4.626419734815743,4.6259158800713704,-0.3766273211114095,4.626419734815743,-0.3771311758557818,4.283377477926359,-0.03408891896639776,4.283705345136936,-0.0344167861769753,4.316349111058196,-0.06706055209823525,4.315810548611356,-0.06652198965139533
474,2026-05-14T17:34:21.125Z,2026-05-14 17:34:21.125000+00:00,4188.221966666667,69.80369944444445,69.851,4,22,train,6,5,4.290639877319336,3.3639943599700928,3.486858845,5.350299358,12.201152562970094,0.4385077008411401,True,True,False,0.92737865447998,1.1602473406692575,11.423298835754395,1.0365233920995633,0.015579107631158554,0.05614922991588598,4.775579107631159,4.776097348910967,4.775579107631159,-0.48493923031182273,4.776097348910967,-0.4854574715916309,4.433055092021583,-0.14241521470224683,4.4333685726967245,-0.14272869537738853,4.4344497121783135,-0.14380983485897758,4.434192527714871,-0.14355265039553533
475,2026-05-14T17:35:31.264Z,2026-05-14 17:35:31.264000+00:00,4189.39095,69.8231825,70.139,4,22,train,6,6,3.689111709594727,6.196597099304199,1.270737886428833,9.009205818,16.47654080373303,0.5467898829807053,True,True,False,0.92737865447998,1.1602473406692575,11.423298835754395,0.20507027745462442,-0.6880972809912439,0.04532101170192948,4.071902719008756,4.077554555307521,4.071902719008756,-0.3827910094140292,4.077554555307521,-0.38844284571279397,3.7345122984181365,-0.04540058882340947,3.7296921840743216,-0.040580474479594564,3.8791723347935423,-0.19006062519881528,3.8817059124307436,-0.19259420283601658
476,2026-05-14T17:36:41.427Z,2026-05-14 17:36:41.427000+00:00,4190.560333333333,69.84267222222222,70.163,4,22,train,6,7,4.357353210449219,4.895693778991699,5.825448036193848,6.338499069213867,17.059640884399414,0.3715493844310788,True,True,False,0.92737865447998,1.1602473406692575,11.423298835754395,1.1899126659416264,0.07551508736606433,0.06284506155689212,4.835515087366064,4.835921457394803,4.835515087366064,-0.478161876916845,4.835921457394803,-0.4785682469455841,4.492879200505419,-0.13552599005620003,4.4933045524316295,-0.13595134198241077,4.481745733725008,-0.1243925232757892,4.481508196148191,-0.1241549856989721
477,2026-05-14T17:37:51.538Z,2026-05-14 17:37:51.538000+00:00,4191.72885,69.8621475,70.111,4,22,train,6,8,4.345775604248047,8.131330490112305,7.878332138061523,2.816615343093872,18.8262779712677,0.14961084434175123,True,True,False,0.92737865447998,1.1602473406692575,11.423298835754395,0.9688859833752389,-0.013727326875328322,0.08503891556582488,4.746272673124672,4.746638843807438,4.746272673124672,-0.40049706887662495,4.746638843807438,-0.4008632395593912,4.403596586918054,-0.057820982670007126,4.404062138190238,-0.058286533942190744,4.411323740699977,-0.06554813645193036,4.410893411433073,-0.06511780718502624
478,2026-05-14T17:39:01.618Z,2026-05-14 17:39:01.618000+00:00,4192.89685,69.88161416666667,70.08,4,22,train,6,9,4.270791053771973,7.472982406616211,5.957310676574707,1.4764686822891235,14.906761765480042,0.09904690941718937,True,True,False,0.92737865447998,1.1602473406692575,11.423298835754395,0.7971798075291061,-0.09844371046044766,0.09009530905828106,4.661556289539552,4.661981588374166,4.661556289539552,-0.3907652357675797,4.661981588374166,-0.39119053460219355,4.318939331484782,-0.048148277712809495,4.319345754605118,-0.0485547008331455,4.3444732792389065,-0.07368222546693382,4.343936882868377,-0.07314582909640421
479,2026-05-14T17:40:11.882Z,2026-05-14 17:40:11.882000+00:00,4194.067916666667,69.90113194444444,70.264,4,23,train,7,0,4.299461364746094,3.164029359817505,3.428013801574707,9.064626693725586,15.656669855117798,0.57896262599946,True,True,False,0.6798210144042969,0.8315275679221288,14.978423357481567,1.0834329937356928,0.03480205700267595,0.042103737400054,4.794802057002676,4.79546389642861,4.794802057002676,-0.4953406922565824,4.79546389642861,-0.4960025316825165,4.452421639539226,-0.15296027479313246,4.452591522068242,-0.15313015732214819,4.449618714698795,-0.15015734995270158,4.449509782986474,-0.15004841824038007
480,2026-05-14T17:41:22.060Z,2026-05-14 17:41:22.060000+00:00,4195.23755,69.92062583333333,70.178,4,23,train,7,1,4.317104339599609,8.480957031,7.906256675720215,3.526937961578369,19.914151668298587,0.17710711559925071,True,True,False,0.6798210144042969,0.8315275679221288,14.978423357481567,0.9322363793167312,-0.03047395329333509,0.08228928844007494,4.729526046706665,4.729919684109611,4.729526046706665,-0.4124217071070557,4.729919684109611,-0.412815344510002,4.386877427220227,-0.06977308762061796,4.387315511772231,-0.07021117217262152,4.398108826930256,-0.08100448733064702,4.397670009751128,-0.08056567015151828
481,2026-05-14T17:42:32.297Z,2026-05-14 17:42:32.297000+00:00,4196.408166666666,69.9401361111111,70.237,4,23,train,7,2,4.770870208740234,2.4658637046813965,8.811050415039062,6.673189163208008,17.950103282928467,0.3717632738946175,True,True,False,0.6798210144042969,0.8315275679221288,14.978423357481567,3.573210635409997,0.5530586179656537,0.06282367261053826,5.313058617965654,5.313255252853064,5.313058617965654,-0.5421884092254192,5.313255252853064,-0.5423850441128293,4.97021299596368,-0.19934278722344523,4.970848083031219,-0.199977874290985,4.858579635708745,-0.08770942696851058,4.859037726805938,-0.08816751806570355
482,2026-05-14T17:43:42.538Z,2026-05-14 17:43:42.538000+00:00,4197.57885,69.9596475,70.241,4,23,train,7,3,4.234401702880859,6.628214359283447,4.927308082580566,4.943331718444824,16.498854160308838,0.2996166685524718,True,True,False,0.6798210144042969,0.8315275679221288,14.978423357481567,0.743383936531775,-0.12878682762418245,0.07003833314475282,4.631213172375817,4.631804958801843,4.631213172375817,-0.39681146949495805,4.631804958801843,-0.3974032559209837,4.288762701912459,-0.05436099903159963,4.289002637441383,-0.05460093456052384,4.3205292521367,-0.08612754925584021,4.320069792568737,-0.08566808968787765
483,2026-05-14T17:44:52.668Z,2026-05-14 17:44:52.668000+00:00,4198.747683333333,69.97912805555555,70.13,4,23,train,7,4,4.356250762939453,6.614192962646484,6.603909492492676,1.627769112586975,14.845871567726135,0.10964456382107124,True,True,False,0.6798210144042969,0.8315275679221288,14.978423357481567,0.9984452418893909,-0.0006757483169483297,0.08903554361789288,4.759324251683052,4.759663566727886,4.759324251683052,-0.4030734887435985,4.759663566727886,-0.4034128037884326,4.416621309838502,-0.06037054689904853,4.417113716748617,-0.06086295380916429,4.4216228589165425,-0.06537209597708937,4.421194834835083,-0.06494407189562956
484,2026-05-14T17:46:02.863Z,2026-05-14 17:46:02.863000+00:00,4199.9176,69.99862666666667,70.195,4,23,train,7,5,4.525517463684082,5.012232303619385,8.311044692993164,6.299970626831055,19.623247623443604,0.32104627876705655,True,True,False,0.6798210144042969,0.8315275679221288,14.978423357481567,1.658152334039201,0.21962442657226816,0.06789537212329436,4.979624426572268,4.9799099193182705,4.979624426572268,-0.45410696288818553,4.9799099193182705,-0.4543924556341885,4.6368676624288865,-0.11135019874480445,4.637413891637833,-0.11189642795375132,4.595463711512682,-0.06994624782860015,4.595390550524356,-0.06987308684027393
485,2026-05-14T17:47:13.341Z,2026-05-14 17:47:13.341000+00:00,4201.092233333334,70.01820388888889,70.478,4,23,train,7,6,4.382164955,7.725614070892334,7.8565545082092285,8.186098098754883,23.768266677856445,0.3444129186913495,True,True,False,0.6798210144042969,0.8315275679221288,14.978423357481567,1.0169488711337829,0.0072991185641883005,0.06555870813086506,4.767299118564188,4.7677514743241085,4.767299118564188,-0.38513416356418784,4.7677514743241085,-0.38558651932410815,4.4247092174347245,-0.04254426243472409,4.425088583629754,-0.04292362862975363,4.42791589821465,-0.04575094321464945,4.427591666544587,-0.04542671154458677
486,2026-05-14T17:48:23.411Z,2026-05-14 17:48:23.411000+00:00,4202.260066666667,70.03766777777778,70.07,4,23,train,7,7,4.0910491943359375,6.799304962158203,3.580927848815918,7.778584957122803,18.158817768096924,0.42836406292864143,True,True,False,0.6798210144042969,0.8315275679221288,14.978423357481567,0.5266608673600774,-0.27846894995647514,0.05716359370713586,4.481531050043524,4.482637180634733,4.481531050043524,-0.39048185570758687,4.482637180634733,-0.3915879862987959,4.139594923745349,-0.04854572940941182,4.13932051510909,-0.04827132077315266,4.202413740981383,-0.11136454664544537,4.202091049356929,-0.11104185502099106
487,2026-05-14T17:49:33.343Z,2026-05-14 17:49:33.343000+00:00,4203.4256,70.05709333333333,69.932,4,23,train,7,8,4.184779167175293,6.952586650848389,4.796080589294434,9.879159927368164,21.627827167510986,0.45678004779918424,True,True,False,0.6798210144042969,0.8315275679221288,14.978423357481567,0.6898267983052311,-0.16125993822316478,0.054321995220081576,4.598740061776835,4.599572012892778,4.598740061776835,-0.4139608946015416,4.599572012892778,-0.41479284571748476,4.256529756003394,-0.0717505888281007,4.2565295268424,-0.07175035966710741,4.29490442802653,-0.11012526085123664,4.294576334832137,-0.10979716765684433
488,2026-05-14T17:50:43.358Z,2026-05-14 17:50:43.358000+00:00,4204.592516666667,70.07654194444444,70.015,4,23,train,7,9,4.492986679077148,2.677553176879883,4.500806808,1.6114833354949951,8.789843320374878,0.18333470538201435,True,True,False,0.6798210144042969,0.8315275679221288,14.978423357481567,1.6809402132004454,0.225552266955897,0.08166652946179856,4.985552266955897,4.985787220969632,4.985552266955897,-0.49256558787874827,4.985787220969632,-0.4928005418924837,4.642744964080248,-0.14975828500309962,4.6433417320214625,-0.15035505294431406,4.600141423760809,-0.10715474468366093,4.60003898513151,-0.10705230605436178
489,2026-05-14T17:51:53.349Z,2026-05-14 17:51:53.349000+00:00,4205.759033333333,70.09598388888888,69.991,4,24,train,8,0,4.317104339599609,7.227475166320801,6.968343734741211,4.438312530517578,18.63413143157959,0.23818188396996556,True,True,False,0.9196615219116206,1.0704856778594094,12.4067384005401,0.9641463407875668,-0.015857042681196865,0.07618181160300344,4.744142957318803,4.744553697407704,4.744142957318803,-0.4270386177191936,4.744553697407704,-0.42744935780809445,4.40151144051832,-0.0844071009187104,4.401932422384369,-0.0848280827847594,4.409643162771857,-0.09253882317224793,4.409244241922901,-0.09213990232329206
490,2026-05-14T17:53:03.417Z,2026-05-14 17:53:03.417000+00:00,4206.926833333333,70.11544722222222,70.068,4,24,train,8,1,4.399807929992676,4.365084648132324,5.503822326660156,4.360609531402588,14.229516506195068,0.30644818673242485,True,True,False,0.9196615219116206,1.0704856778594094,12.4067384005401,1.260874134254203,0.10067173563961249,0.06935518132675751,4.860671735639612,4.861021335264224,4.860671735639612,-0.4608638056469365,4.861021335264224,-0.46121340527154864,4.51797907837484,-0.11817114838216458,4.518461200705178,-0.11865327071250231,4.501597071503264,-0.10178914151058827,4.50136001724649,-0.10155208725381382
491,2026-05-14T17:54:13.419Z,2026-05-14 17:54:13.419000+00:00,4208.093533333334,70.13489222222223,70.002,4,24,train,8,2,4.908709526062012,1.7738821506500244,9.966646194458008,5.418963432312012,17.159491777420044,0.3157997627553723,True,True,False,0.9196615219116206,1.0704856778594094,12.4067384005401,5.61855035905616,0.7496242777979912,0.06842002372446278,5.509624277797991,5.509777157805027,5.509624277797991,-0.6009147517359796,5.509777157805027,-0.6010676317430157,5.166734900915643,-0.25802537485363164,5.167413742863557,-0.25870421680154543,5.013691368659298,-0.1049818425972866,5.0144694671235355,-0.10575994106152375
492,2026-05-14T17:55:23.669Z,2026-05-14 17:55:23.669000+00:00,4209.264366666666,70.1544061111111,70.25,4,24,train,8,3,4.253148078918457,1.9207905530929563,1.965026855,4.185223103,8.071040511092956,0.5185481471995795,True,True,False,0.9196615219116206,1.0704856778594094,12.4067384005401,1.0230302579507236,0.009888478938649681,0.04814518528004205,4.7698884789386495,4.7705005975195975,4.7698884789386495,-0.5167404000201925,4.7705005975195975,-0.5173525186011405,4.4274583406302135,-0.17431026171175645,4.427677944004215,-0.1745298650857583,4.429959185812589,-0.1768111068941316,4.429765983971068,-0.17661790505261088
493,2026-05-14T17:56:33.914Z,2026-05-14 17:56:33.914000+00:00,4210.4351166666665,70.1739186111111,70.245,4,24,train,8,4,4.241569519042969,2.913104295730591,2.5209436416625977,2.8990752696990967,8.333123207092285,0.347897804658847,True,True,False,0.9196615219116206,1.0704856778594094,12.4067384005401,0.865380496454336,-0.06279289695530736,0.06521021953411531,4.6972071030446925,4.697744161495732,4.6972071030446925,-0.4556375840017237,4.697744161495732,-0.45617464245276285,4.3547019046063475,-0.11313238556337879,4.354996568110258,-0.11342704906728951,4.372605657338906,-0.1310361382959373,4.372221968848379,-0.13065244980541024
494,2026-05-14T17:57:43.929Z,2026-05-14 17:57:43.929000+00:00,4211.602033333334,70.19336722222222,70.015,4,24,train,8,5,3.989048004150391,2.312481641769409,1.199903130531311,4.681730270385742,8.194115042686462,0.571352763049666,True,True,False,0.9196615219116206,1.0704856778594094,12.4067384005401,0.5188811486577675,-0.2849321072634979,0.042864723695033406,4.475067892736502,4.476570522267828,4.475067892736502,-0.48601988858611067,4.476570522267828,-0.48752251811743674,4.133528265378444,-0.1444802612280527,4.1328573578020675,-0.14380935365167646,4.1973136053265625,-0.20826560117617143,4.197292850051305,-0.20824484590091386
495,2026-05-14T17:58:53.980Z,2026-05-14 17:58:53.980000+00:00,4212.76955,70.21282583333333,70.051,4,24,train,8,6,4.460456848144531,5.701928139,7.708622932434082,1.291859745979309,14.70241081741339,0.08786720504702829,True,True,False,0.9196615219116206,1.0704856778594094,12.4067384005401,1.3519326698820893,0.13095506303549312,0.09121327949529717,4.890955063035493,4.891205322177069,4.890955063035493,-0.43049821489096196,4.891205322177069,-0.430748474032538,4.548163065287685,-0.08770621714315396,4.548744528101059,-0.08828767995652775,4.525493917961036,-0.06503706981650481,4.5252329265628015,-0.06477607841827027
496,2026-05-14T18:00:03.998Z,2026-05-14 18:00:03.998000+00:00,4213.936516666667,70.23227527777777,70.018,4,24,train,8,7,4.092702865600586,9.628633499145508,4.599421977996826,1.657955527305603,15.886011004447937,0.10436575467821285,True,True,False,0.9196615219116206,1.0704856778594094,12.4067384005401,0.4776816957884005,-0.32086140006141817,0.08956342453217872,4.439138599938581,4.439943215071107,4.439138599938581,-0.34643573433799535,4.439943215071107,-0.3472403494705212,4.096900958181723,-0.004198092581137125,4.096928065004147,-0.004225199403561142,4.168961476707928,-0.07625861110734178,4.168323834601729,-0.07562096900114312
497,2026-05-14T18:01:13.966Z,2026-05-14 18:01:13.966000+00:00,4215.10265,70.25171083333333,69.968,4,24,train,8,8,4.661149978637695,2.891284465789795,7.443780899047852,5.104394912719727,15.439460277557373,0.3306070821749785,True,True,False,0.9196615219116206,1.0704856778594094,12.4067384005401,2.5745584660119145,0.4107027587299817,0.06693929178250216,5.170702758729981,5.170919967429773,5.170702758729981,-0.5095527800922861,5.170919967429773,-0.5097699887920779,4.827877710540389,-0.16672773190269385,4.828492223795547,-0.1673422451578519,4.746245344762176,-0.08509536612448088,4.746462891306803,-0.08531291266910745
498,2026-05-14T18:02:24.033Z,2026-05-14 18:02:24.033000+00:00,4216.270433333333,70.27117388888888,70.067,4,24,train,8,9,4.696437835693359,3.030916690826416,7.992038726806641,9.454823494,20.477778911633056,0.46171137674647345,True,True,False,0.9196615219116206,1.0704856778594094,12.4067384005401,2.63683879896663,0.4210835803587777,0.05382886232535265,5.181083580358777,5.181350108268651,5.181083580358777,-0.48464574466541777,5.181350108268651,-0.4849122725752917,4.838307851379267,-0.14187001568590762,4.838873045424343,-0.14243520973098356,4.754436944625889,-0.05799910893252935,4.754712225866942,-0.05827439017358227
499,2026-05-14T18:03:34.065Z,2026-05-14 18:03:34.065000+00:00,4217.437633333333,70.29062722222221,70.032,4,25,train,9,0,4.844201088,1.511392355,7.251422405,5.521921634674072,14.284736394674072,0.3865609754431918,True,True,False,0.9836177825927734,1.35326329193384,15.968165636062622,4.797842453689003,0.6810459829780241,0.06134390245568082,5.441045982978024,5.441225457682191,5.441045982978024,-0.5968448949780241,5.441225457682191,-0.5970243696821909,5.098183200792807,-0.2539821127928068,5.09883544804359,-0.25463436004358986,4.9595756184240205,-0.11537453042402035,4.960251032519887,-0.1160499445198866
500,2026-05-14T18:04:44.172Z,2026-05-14 18:04:44.172000+00:00,4218.606083333333,70.31010138888888,70.107,4,25,train,9,1,4.374997138977051,6.277174472808838,6.267149448394775,3.973879576,16.518203497203615,0.24057577306592345,True,True,False,0.9836177825927734,1.35326329193384,15.968165636062622,0.9984029399760214,-0.0006941488019927276,0.07594242269340765,4.759305851198007,4.75970363034487,4.759305851198007,-0.38430871222095586,4.75970363034487,-0.38470649136781887,4.416661373455486,-0.041664234478434814,4.417095316263572,-0.042098177286521654,4.421608338928031,-0.04661119995098062,4.421226521672806,-0.04622938269575538
501,2026-05-14T18:05:54.325Z,2026-05-14 18:05:54.325000+00:00,4219.7753,70.32958833333333,70.153,4,25,train,9,2,3.917923927307129,9.467308044433594,2.914344072341919,1.18097186088562,13.562623977661133,0.08707547026525157,True,True,False,0.9836177825927734,1.35326329193384,15.968165636062622,0.30783239107292376,-0.5116856842962644,0.09129245297347485,4.248314315703736,4.249800062985919,4.248314315703736,-0.33039038839660684,4.249800062985919,-0.33187613567879026,3.9067578060965347,0.011166121210594238,3.906103780769301,0.011820146537827814,4.018380314962979,-0.10045638765584997,4.017937133204252,-0.10001320589712304
502,2026-05-14T18:07:04.399Z,2026-05-14 18:07:04.399000+00:00,4220.9432,70.34905333333333,70.074,4,25,train,9,3,4.076163291931152,3.4157159328460693,2.166432380676269,5.377462387084961,10.9596107006073,0.4906618066996652,True,True,False,0.9836177825927734,1.35326329193384,15.968165636062622,0.6342542598005618,-0.19773660727270326,0.05093381933003348,4.562263392727297,4.563244674667458,4.562263392727297,-0.4861001007961443,4.563244674667458,-0.48708138273630563,4.220202417778074,-0.14403912584692158,4.220052857792862,-0.1438895658617101,4.266120359876663,-0.18995706794551026,4.265844568758286,-0.18968127682713387
503,2026-05-14T18:08:14.630Z,2026-05-14 18:08:14.630000+00:00,4222.113716666667,70.36856194444445,70.231,4,25,train,9,4,4.286780357,9.874042510986328,8.177275657653809,8.876458168029785,26.927776336669922,0.3296394792146996,True,True,False,0.9836177825927734,1.35326329193384,15.968165636062622,0.8281588466482075,-0.08188635451180737,0.06703605207853004,4.678113645488192,4.6786615291830715,4.678113645488192,-0.3913332884881928,4.6786615291830715,-0.39188117218307195,4.3356192722936875,-0.04883891529368789,4.335903110553758,-0.049122753553758614,4.3575388379761915,-0.07075848097619186,4.357129265819053,-0.07034890881905298
504,2026-05-14T18:09:24.442Z,2026-05-14 18:09:24.442000+00:00,4223.27725,70.38795416666667,69.812,4,25,train,9,5,4.901541709899902,1.056236743927002,7.333965778,5.684462547302246,14.074665069229248,0.4038790635046733,True,True,False,0.9836177825927734,1.35326329193384,15.968165636062622,6.9434866947848395,0.8415776076375758,0.059612093649532676,5.601577607637576,5.601743001412847,5.601577607637576,-0.7000358977376733,5.601743001412847,-0.7002012915129443,5.258700744523463,-0.35715903462356025,5.259367072703141,-0.35782536280323907,5.086252569604353,-0.18471085970445067,5.087206453492731,-0.18566474359282825
505,2026-05-14T18:10:34.510Z,2026-05-14 18:10:34.510000+00:00,4224.44505,70.40741750000001,70.068,4,25,train,9,6,4.499052047729492,2.4770569801330566,4.209453582763672,7.602771282196045,14.289281845092773,0.532061118579377,True,True,False,0.9836177825927734,1.35326329193384,15.968165636062622,1.699376968929297,0.230289728113412,0.0467938881420623,4.990289728113412,4.990696309927767,4.990289728113412,-0.4912376803839198,4.990696309927767,-0.4916442621982746,4.647654053038383,-0.14860200530889056,4.648079193178978,-0.1490271454494856,4.603879797037988,-0.10482774930849548,4.603921647679094,-0.10486959994960188
506,2026-05-14T18:11:44.487Z,2026-05-14 18:11:44.487000+00:00,4225.611333333333,70.42685555555555,69.977,4,25,train,9,7,3.964789390563965,7.260856628417969,2.9827704429626465,8.34233284,18.585959911380613,0.4488513307774755,True,True,False,0.9836177825927734,1.35326329193384,15.968165636062622,0.41080145162052967,-0.38636803043583046,0.05511486692225246,4.373631969564169,4.375239785816821,4.373631969564169,-0.40884257900020415,4.375239785816821,-0.4104503952528562,4.032197528927437,-0.06740813836347215,4.031421434629735,-0.06663204406576995,4.117269604557964,-0.15248021399399914,4.117149047669105,-0.15235965710513977
507,2026-05-14T18:12:54.485Z,2026-05-14 18:12:54.485000+00:00,4226.7779666666665,70.44629944444445,69.998,4,25,train,9,8,4.459354400634766,5.129590988,6.924576282501221,2.0450000762939453,14.099167346795166,0.14504403174977473,True,True,False,0.9836177825927734,1.35326329193384,15.968165636062622,1.3499275670712052,0.13031046622447504,0.08549559682502253,4.8903104662244745,4.890577790203754,4.8903104662244745,-0.4309560655897089,4.890577790203754,-0.43122338956898876,4.54753553331437,-0.0881811326796047,4.54809993129004,-0.08874553065527468,4.524985260810562,-0.065630860175796,4.524736603332365,-0.06538220269759965
508,2026-05-14T18:14:04.628Z,2026-05-14 18:14:04.628000+00:00,4227.947016666667,70.46578361111112,70.143,4,25,train,9,9,4.12523365020752,2.7704029083251958,1.828807711601257,6.733218669891357,11.33242928981781,0.5941549245704234,True,True,False,0.9836177825927734,1.35326329193384,15.968165636062622,0.6601233727071253,-0.18037489009642285,0.040584507542957664,4.579625109903577,4.580797725941944,4.579625109903577,-0.45439145969605654,4.580797725941944,-0.4555640757344239,4.23775546905256,-0.11252181884503987,4.237414574969143,-0.11218092476162234,4.279820647304829,-0.15458699709730883,4.279727506175081,-0.15449385596756038
509,2026-05-14T18:15:14.837Z,2026-05-14 18:15:14.837000+00:00,4229.117166666667,70.48528611111111,70.209,4,26,train,10,0,4.5023603439331055,6.479462146759033,9.195235252380373,3.1758077144622803,18.850505113601685,0.16847334834389976,True,True,False,0.8336486816406246,0.9225012899715733,8.670176148352112,1.4191355770138643,0.1520238877311454,0.08315266516561004,4.912023887731145,4.912287462830807,4.912023887731145,-0.4096635437980396,4.912287462830807,-0.40992711889770117,4.569245205941423,-0.06688486200831711,4.569813352796711,-0.06745300886360539,4.542119517328501,-0.03975917339539592,4.5419070668436605,-0.039546722910555054
510,2026-05-14T18:16:25.074Z,2026-05-14 18:16:25.074000+00:00,4230.287783333333,70.50479638888889,70.237,4,26,train,10,1,3.912410736083984,3.441640138626098,1.2914048433303833,9.146728516,13.879773497956482,0.6589969582246189,True,True,False,0.8336486816406246,0.9225012899715733,8.670176148352112,0.37522948109441556,-0.42570304722890306,0.034100304177538114,4.334296952771097,4.33724519836114,4.334296952771097,-0.4218862166871129,4.33724519836114,-0.42483446227715627,3.9942029414717557,-0.08179220538777177,3.9920864178366626,-0.0796756817526787,4.086229988454029,-0.17381925237004525,4.087098632412194,-0.1746878963282099
511,2026-05-14T18:17:35.018Z,2026-05-14 18:17:35.018000+00:00,4231.4535166666665,70.52422527777777,69.944,4,26,train,10,2,4.300564765930176,8.327812194824219,7.076866149902344,4.66246509552002,20.067143440246582,0.23234323855825934,True,True,False,0.8336486816406246,0.9225012899715733,8.670176148352112,0.849786952964748,-0.07068994104941416,0.07676567614417407,4.689310058950586,4.689775368718163,4.689310058950586,-0.38874529302040983,4.689775368718163,-0.3892106027879869,4.346733111828779,-0.04616834589860286,4.347099524016151,-0.046534758085975625,4.366374028703118,-0.06580926277294186,4.365919346604052,-0.06535458067387623
512,2026-05-14T18:18:44.731Z,2026-05-14 18:18:44.731000+00:00,4232.6154,70.54359,69.713,4,26,train,10,3,4.419105529785156,8.21472168,9.806729316711426,4.528498649597168,22.549949646308594,0.20082078765699057,True,True,False,0.8336486816406246,0.9225012899715733,8.670176148352112,1.1937993396157793,0.0769313343133182,0.07991792123430094,4.836931334313318,4.83725000307465,4.836931334313318,-0.417825804528162,4.83725000307465,-0.41814447328949367,4.494207746185266,-0.07510221640010961,4.494720799378884,-0.07561526959372777,4.482863306949456,-0.06375777716429987,4.482558960271206,-0.06345343048604946
513,2026-05-14T18:19:54.763Z,2026-05-14 18:19:54.763000+00:00,4233.7826000000005,70.56304333333334,70.032,4,26,train,10,4,3.955415725708008,5.020756721496582,1.963243007659912,8.293488502502441,15.277488231658936,0.5428568084455253,True,True,False,0.8336486816406246,0.9225012899715733,8.670176148352112,0.3910253207956092,-0.40779511900884313,0.04571431915544747,4.352204880991157,4.354281988427927,4.352204880991157,-0.39678915528314906,4.354281988427927,-0.39886626271991954,4.011239731538543,-0.055824005830535484,4.009994346056723,-0.05457862034871486,4.100361295937425,-0.14494557022941734,4.100573252099773,-0.14515752639176505
514,2026-05-14T18:21:04.717Z,2026-05-14 18:21:04.717000+00:00,4234.9485,70.582475,69.954,4,26,train,10,5,4.182023048400879,9.476554870605469,6.148540019989014,1.5100128650665283,17.13510775566101,0.08812392000089161,True,True,False,0.8336486816406246,0.9225012899715733,8.670176148352112,0.6488159572695193,-0.18787847743303457,0.09118760799991084,4.572121522566965,4.572655291355862,4.572121522566965,-0.390098474166086,4.572655291355862,-0.39063224295498333,4.229613034466478,-0.04758998606559928,4.229910987632531,-0.0478879392316518,4.273899498940865,-0.09187645053998583,4.273287548357421,-0.09126449995654173
515,2026-05-14T18:22:14.803Z,2026-05-14 18:22:14.803000+00:00,4236.1166,70.60194333333334,70.086,4,26,train,10,6,4.187536239624023,9.311367035,6.150739192962647,4.502571105957031,19.964677333919678,0.2255268658065028,True,True,False,0.8336486816406246,0.9225012899715733,8.670176148352112,0.6605624254572892,-0.1800861337639929,0.07744731341934973,4.579913866236007,4.580528726896726,4.579913866236007,-0.3923776266119834,4.580528726896726,-0.39299248727270264,4.237486470007342,-0.04995023038331858,4.237703331301573,-0.05016709167754918,4.280048507528033,-0.09251226790400935,4.279514751318302,-0.09197851169427818
516,2026-05-14T18:23:24.913Z,2026-05-14 18:23:24.913000+00:00,4237.2851,70.62141833333334,70.11,4,26,train,10,7,3.668711662292481,8.312856674194336,1.4101746082305908,4.536637783050537,14.259669065475464,0.3181446751828438,True,True,False,0.8336486816406246,0.9225012899715733,8.670176148352112,0.16963778680416886,-0.7704774022404279,0.06818553248171562,3.9895225977595716,3.9947002739298236,3.9895225977595716,-0.3208109354670907,3.9947002739298236,-0.3259886116373427,3.651658017040439,0.017053645252041782,3.6473120628251374,0.02139959946734349,3.8141654389881565,-0.1454537766956756,3.8161753795853226,-0.1474637172928417
517,2026-05-14T18:24:34.064Z,2026-05-14 18:24:34.064000+00:00,4238.437616666667,70.64062694444445,69.151,4,26,train,10,8,4.333645820617676,9.238930702209473,9.218502044677734,1.3508069515228271,19.808239698410034,0.06819419454174182,True,True,False,0.8336486816406246,0.9225012899715733,8.670176148352112,0.9977888504427409,-0.0009613532914524829,0.09318058054582581,4.7590386467085475,4.75936309247267,4.7590386467085475,-0.4253928260908717,4.75936309247267,-0.4257172718549942,4.416320835583286,-0.08267501496561014,4.416828111774113,-0.0831822911564375,4.421397485458268,-0.08775166484059227,4.420957185823792,-0.0873113652061166
518,2026-05-14T18:25:44.101Z,2026-05-14 18:25:44.101000+00:00,4239.6049,70.66008166666667,70.037,4,26,train,10,9,3.861685752868652,6.6908955574035645,2.121742486953736,7.052425384521484,15.865063428878784,0.4445255082739933,True,True,False,0.8336486816406246,0.9225012899715733,8.670176148352112,0.31710889353309357,-0.4987915777200425,0.05554744917260067,4.2612084222799576,4.26353658940927,4.2612084222799576,-0.39952266941130565,4.26353658940927,-0.40185083654061815,3.9204943325198855,-0.05880857965123365,3.918997887345523,-0.057312134476871,4.028555170619826,-0.1668694177511738,4.028801531289656,-0.16711577842100445
519,2026-05-14T18:26:53.644Z,2026-05-14 18:26:53.644000+00:00,4240.76395,70.67939916666666,69.543,4,27,train,11,0,4.201871871948242,1.2933995723724363,1.5376322269439695,6.618128299713135,9.449160099029541,0.7003932868480912,True,True,False,0.8093900680541992,1.0196568850474115,17.064005374442626,1.1888300102987865,0.07511975969262588,0.02996067131519088,4.835119759692626,4.835972030150779,4.835119759692626,-0.6332478877443837,4.835972030150779,-0.6341001582025365,4.492929773261395,-0.29105790131315246,4.492909224758192,-0.29103735280994947,4.481433777096558,-0.2795619051483156,4.481548194801144,-0.279676322852902
520,2026-05-14T18:28:03.352Z,2026-05-14 18:28:03.352000+00:00,4241.92575,70.6987625,69.708,4,27,train,11,1,4.295601844787598,9.651456832885742,7.874637603759766,4.413471221923828,21.939565658569336,0.20116493145797434,True,True,False,0.8093900680541992,1.0196568850474115,17.064005374442626,0.8159014478444582,-0.08836229619976373,0.07988350685420258,4.671637703800236,4.672105157356738,4.671637703800236,-0.3760358590126387,4.672105157356738,-0.37650331256913994,4.3290629004673535,-0.03346105567975588,4.329427168865802,-0.03382532407820449,4.352428614051207,-0.0568267692636093,4.351943745744914,-0.056341900957316504
521,2026-05-14T18:29:13.367Z,2026-05-14 18:29:13.367000+00:00,4243.092666666666,70.7182111111111,70.015,4,27,train,11,2,4.248186111450195,9.633552551269531,7.288256645202637,9.591356277,26.513165473472167,0.3617582474863917,True,True,False,0.8093900680541992,1.0196568850474115,17.064005374442626,0.7565492175824767,-0.12116281353743623,0.06382417525136083,4.638837186462563,4.639473625264621,4.638837186462563,-0.39065107501236795,4.639473625264621,-0.39128751381442584,4.296431368375237,-0.04824525692504178,4.296626651528129,-0.04844054007793375,4.326545430334068,-0.07835931888387293,4.326135040992399,-0.07794892954220334
522,2026-05-14T18:30:23.305Z,2026-05-14 18:30:23.305000+00:00,4244.2582999999995,70.73763833333332,69.938,4,27,train,11,3,3.7883548736572266,8.432224274,1.930387020111084,4.317152023,14.679763317111084,0.2940886668089413,True,True,False,0.8093900680541992,1.0196568850474115,17.064005374442626,0.22892975297908735,-0.6402977603402102,0.07059113331910588,4.119702239659789,4.122754865115426,4.119702239659789,-0.33134736600256254,4.122754865115426,-0.33439999145819943,3.7797126082260415,0.00864226543118507,3.7774917047253553,0.010863168931871225,3.9168913671449284,-0.1285364934877018,3.917455427570313,-0.12910055391308628
523,2026-05-14T18:31:33.578Z,2026-05-14 18:31:33.578000+00:00,4245.429516666667,70.75715861111112,70.273,4,27,train,11,4,4.217309951782227,9.510834693908691,7.122383117675781,1.1234116554260254,17.756629467010498,0.0632671677647595,True,True,False,0.8093900680541992,1.0196568850474115,17.064005374442626,0.7488704563688172,-0.12559330239398286,0.09367328322352406,4.634406697606017,4.63484562427219,4.634406697606017,-0.4170967458237902,4.63484562427219,-0.41753567248996326,4.291803367382806,-0.0744934156005792,4.2921961626715825,-0.07488621088935599,4.323049291664967,-0.10573933988274042,4.322474694586632,-0.1051647428044058
524,2026-05-14T18:32:43.692Z,2026-05-14 18:32:43.692000+00:00,4246.598083333333,70.77663472222223,70.114,4,27,train,11,5,4.597744941711426,1.920279860496521,4.599637985229492,5.114728927612305,11.634646773338318,0.4396118788352988,True,True,False,0.8093900680541992,1.0196568850474115,17.064005374442626,2.3952956440631405,0.3793591247072013,0.05603881211647012,5.139359124707201,5.139629542217668,5.139359124707201,-0.541614182995775,5.139629542217668,-0.5418846005062425,4.796587285328284,-0.19884234361685849,4.797148589772767,-0.1994036480613408,4.721511800793264,-0.12376685908183838,4.721714885494505,-0.12396994378307902
525,2026-05-14T18:33:54.047Z,2026-05-14 18:33:54.047000+00:00,4247.770666666666,70.79617777777777,70.355,4,27,train,11,6,4.341916084289551,5.229957580566406,5.344484806060791,8.474315643310547,19.048758029937744,0.44487496927579184,True,True,False,0.8093900680541992,1.0196568850474115,17.064005374442626,1.021898308682263,0.009407680362779568,0.05551250307242082,4.76940768036278,4.769939241286471,4.76940768036278,-0.42749159607322884,4.769939241286471,-0.42802315699691995,4.426896984397087,-0.0849809001075359,4.427197145428345,-0.08528106113879463,4.4295797833250585,-0.08766369903550775,4.429321999997503,-0.08740591570795253
526,2026-05-14T18:35:04.016Z,2026-05-14 18:35:04.016000+00:00,4248.936816666666,70.8156136111111,69.969,4,27,train,11,7,4.002832412719727,8.521203994750977,3.518461942672729,1.486870288848877,13.526536226272583,0.109922471205964,True,True,False,0.8093900680541992,1.0196568850474115,17.064005374442626,0.41290666727848385,-0.38414810443729314,0.0890077528794036,4.375851895562707,4.376842001119585,4.375851895562707,-0.37301948284298003,4.376842001119585,-0.37400958839985865,4.033799744230201,-0.030967331510474594,4.033641360628272,-0.030808947908545825,4.119021368161784,-0.1161889554420572,4.118416260669777,-0.11558384795005061
527,2026-05-14T18:36:14.191Z,2026-05-14 18:36:14.191000+00:00,4250.1064,70.83510666666666,70.175,4,27,train,11,8,4.058519363,3.2666709423065186,1.9919699430465696,8.502263069152832,13.76090395450592,0.6178564356863213,True,True,False,0.8093900680541992,1.0196568850474115,17.064005374442626,0.609785919129059,-0.21482260836544725,0.03821435643136787,4.545177391634552,4.546548893635869,4.545177391634552,-0.4866580286345519,4.546548893635869,-0.4880295306358686,4.203506636746485,-0.14498727374648457,4.202966856700118,-0.14444749370011767,4.2526376424938235,-0.1941182794938232,4.252639657568688,-0.1941202945686875
528,2026-05-14T18:37:24.197Z,2026-05-14 18:37:24.197000+00:00,4251.273166666667,70.85455277777778,70.006,4,27,train,11,9,4.043081283569336,1.759478211402893,1.1705292463302612,6.557624340057373,9.487631797790527,0.6911760995599037,True,True,False,0.8093900680541992,1.0196568850474115,17.064005374442626,0.665270668738181,-0.17700162383482296,0.03088239004400964,4.582998376165177,4.5845236987671125,4.582998376165177,-0.5399170925958412,4.5845236987671125,-0.5414424151977766,4.2414814418777285,-0.19840015830839253,4.240787841230743,-0.197706557661407,4.282482522100186,-0.23940123853085016,4.282674426726933,-0.23959314315759705
529,2026-05-14T18:38:34.262Z,2026-05-14 18:38:34.262000+00:00,4252.440916666666,70.87401527777777,70.065,4,28,train,12,0,4.4610090255737305,5.07542896270752,7.414926052093506,5.274530410766602,17.764885425567627,0.2969076514940748,True,True,False,0.6891937255859379,0.7452388997476183,16.123805523177,1.4609456868721429,0.16463407060221072,0.07030923485059254,4.9246340706022105,4.924938438373373,4.9246340706022105,-0.46362504502848,4.924938438373373,-0.4639294127996427,4.581896181483989,-0.12088715591025867,4.582423535667776,-0.1214145100940458,4.552070326231862,-0.09106130065813112,4.551912888565046,-0.0909038629913157
530,2026-05-14T18:39:44.305Z,2026-05-14 18:39:44.305000+00:00,4253.6083,70.89347166666667,70.043,4,28,train,12,1,4.425170898,4.405882358551025,5.561964035,9.662323951721191,19.630170345272216,0.49221803895595295,True,True,False,0.6891937255859379,0.7452388997476183,16.123805523177,1.2623950397144008,0.1011952794102622,0.05077819610440471,4.861195279410262,4.861672136918909,4.861195279410262,-0.43602438141026223,4.861672136918909,-0.43650123891890846,4.518629880029525,-0.0934589820295244,4.518984744475828,-0.09381384647582802,4.502010204609069,-0.07683930660906846,4.501874744771718,-0.07670384677171782
531,2026-05-14T18:40:54.583Z,2026-05-14 18:40:54.583000+00:00,4254.7796,70.91299333333333,70.278,4,28,train,12,2,4.642955780029297,3.689396381378174,8.703330993652344,9.403017998,21.795745373030517,0.43141529858552335,True,True,False,0.6891937255859379,0.7452388997476183,16.123805523177,2.359012178138803,0.3727301828884909,0.05685847014144767,5.132730182888491,5.132999124024782,5.132730182888491,-0.4897744028591937,5.132999124024782,-0.49004334399548544,4.789956867135398,-0.14700108710610138,4.790519647954056,-0.1475638679247595,4.716280843086787,-0.07332506305749042,4.716470801182348,-0.07351502115305131
532,2026-05-14T18:42:04.656Z,2026-05-14 18:42:04.656000+00:00,4255.947483333333,70.93245805555556,70.073,4,28,train,12,3,4.469278335571289,2.3619837760925293,4.011630058288574,8.867923736572266,15.24153757095337,0.581826058905786,True,True,False,0.6891937255859379,0.7452388997476183,16.123805523177,1.6984155856163767,0.23004396650658374,0.041817394109421396,4.990043966506583,4.990499080070563,4.990043966506583,-0.5207656309352942,4.990499080070563,-0.5212207444992742,4.647456823181179,-0.1781784876098902,4.647833431572149,-0.17855509600085995,4.603685864340076,-0.13440752876878737,4.603765656010098,-0.13448732043880884
533,2026-05-14T18:43:14.640Z,2026-05-14 18:43:14.640000+00:00,4257.113883333333,70.95189805555556,69.984,4,28,train,12,4,4.077816963195801,2.201421976089477,1.3536288738250732,2.116888999938965,5.671939849853516,0.37322134154748415,True,True,False,0.6891937255859379,0.7452388997476183,16.123805523177,0.6148884169084241,-0.2112036879931396,0.06267786584525158,4.548796312006861,4.549625073581681,4.548796312006861,-0.47097934881105985,4.549625073581681,-0.4718081103858802,4.206582816692297,-0.12876585349649616,4.206585777072426,-0.12876881387662564,4.255493365160934,-0.17767640196513312,4.255072648448888,-0.17725568525308688
534,2026-05-14T18:44:24.459Z,2026-05-14 18:44:24.459000+00:00,4258.277533333333,70.97129222222222,69.819,4,28,train,12,5,3.978572845458984,4.105097770690918,1.9244132041931152,5.177854061126709,11.207365036010742,0.4620045875626948,True,True,False,0.6891937255859379,0.7452388997476183,16.123805523177,0.46878620478489175,-0.32902517701119055,0.053799541243730514,4.4309748229888095,4.432346810974687,4.4309748229888095,-0.4524019775298256,4.432346810974687,-0.45377396551570337,4.089304554085303,-0.11073170862631931,4.088764288054375,-0.11019144259539138,4.16251936677285,-0.18394652131386602,4.162315739427042,-0.18374289396805787
535,2026-05-14T18:45:34.296Z,2026-05-14 18:45:34.296000+00:00,4259.441483333333,70.99069138888889,69.837,4,28,train,12,6,4.2878828048706055,3.9956326484680176,3.862049102783203,1.9417917728424072,9.799473524093628,0.19815266280052604,True,True,False,0.6891937255859379,0.7452388997476183,16.123805523177,0.9665676108297813,-0.014767761932060983,0.08018473371994739,4.745232238067938,4.745621498927208,4.745232238067938,-0.4573494331973329,4.745621498927208,-0.4577386940566024,4.402579242037824,-0.11469643716721833,4.403021703133504,-0.11513889826289869,4.4105027240238694,-0.12261991915326398,4.410088780085356,-0.12220597521475085
536,2026-05-14T18:46:44.484Z,2026-05-14 18:46:44.484000+00:00,4260.611283333334,71.01018805555556,70.188,4,28,train,12,7,4.059070587158203,3.1880877017974854,1.805996537208557,6.567421913146973,11.561506152153015,0.5680420722627016,True,True,False,0.6891937255859379,0.7452388997476183,16.123805523177,0.5664827025273842,-0.24681334672132307,0.04319579277372984,4.513186653278677,4.514518034470251,4.513186653278677,-0.4541160661204735,4.514518034470251,-0.4554474473120482,4.171475777580867,-0.11240519042266417,4.170976118344242,-0.1119055311860393,4.227393462666177,-0.16832287550797354,4.227306032875823,-0.16823544571762028
537,2026-05-14T18:47:54.496Z,2026-05-14 18:47:54.496000+00:00,4261.77815,71.02963583333333,70.012,4,28,train,12,8,4.288434028625488,1.6275451183319092,2.1703572273254395,6.159841060638428,9.957743406295776,0.6185980908831084,True,True,False,0.6891937255859379,0.7452388997476183,16.123805523177,1.3335158594865038,0.12499818511514627,0.038140190911689166,4.884998185115146,4.885603291085142,4.884998185115146,-0.5965641564896575,4.885603291085142,-0.5971692624596541,4.542561034195758,-0.25412700557027,4.542787650180712,-0.25435362155522334,4.520793291931097,-0.23235926330560908,4.520802207034897,-0.23236817840940915
538,2026-05-14T18:49:04.302Z,2026-05-14 18:49:04.302000+00:00,4262.941583333333,71.04902638888889,69.806,4,28,train,12,9,4.667766571044922,2.707748413085937,7.060281753540039,5.103650093078613,14.87168025970459,0.34317911654590616,True,True,False,0.6891937255859379,0.7452388997476183,16.123805523177,2.607436392324815,0.4162137227364277,0.0656820883454094,5.176213722736428,5.176433527894706,5.176213722736428,-0.5084471516915059,5.176433527894706,-0.5086669568497841,4.833391271005322,-0.16562469996040008,4.834003187801994,-0.1662366167570717,4.750594096105605,-0.08282752506068292,4.75082363826079,-0.0830570672158677
539,2026-05-14T18:50:14.380Z,2026-05-14 18:50:14.380000+00:00,4264.10955,71.0684925,70.078,4,29,train,13,0,4.220066070556641,5.9515767097473145,4.379785537719727,3.993240594863892,14.324602842330933,0.27876797973507395,True,True,False,1.0927858352661133,1.4369257849009065,10.91875719983777,0.7359034002782229,-0.13317919039008516,0.07212320202649261,4.626820809609915,4.627402223509564,4.626820809609915,-0.406754739053274,4.627402223509564,-0.40733615295292314,4.28435996662018,-0.06429389606353908,4.28461027467548,-0.06454420411883977,4.317063199109189,-0.09699712855254816,4.3165876117461774,-0.09652154118953682
540,2026-05-14T18:51:24.376Z,2026-05-14 18:51:24.376000+00:00,4265.27615,71.08793583333333,69.996,4,29,train,13,1,4.182023048400879,9.881648063659668,6.078583240509033,9.283128738,25.243360042168703,0.3677453683856925,True,True,False,1.0927858352661133,1.4369257849009065,10.91875719983777,0.6151386085953996,-0.21102701403668647,0.06322546316143074,4.548972985963314,4.5497941719880215,4.548972985963314,-0.36694993756243477,4.5497941719880215,-0.3677711235871426,4.206751915098637,-0.024728866697758534,4.2067624510288795,-0.024739402628000562,4.2556327801715526,-0.07360973177067365,4.255206390586126,-0.07318334218524747
541,2026-05-14T18:52:34.355Z,2026-05-14 18:52:34.355000+00:00,4266.442466666666,71.10737444444445,69.979,4,29,train,13,2,4.395397186279297,2.600984573364258,3.784827709197998,8.404079437,14.789891719562256,0.5682313025918989,True,True,False,1.0927858352661133,1.4369257849009065,10.91875719983777,1.4551519251429053,0.16290833820630557,0.043176869740810114,4.922908338206305,4.923405377061668,4.922908338206305,-0.5275111519270084,4.923405377061668,-0.528008190782371,4.580363120172284,-0.184965933892987,4.580697803271871,-0.18530061699257416,4.550708535251859,-0.15531134897256216,4.550700370358742,-0.155303184079445
542,2026-05-14T18:53:44.302Z,2026-05-14 18:53:44.302000+00:00,4267.60825,71.12680416666667,69.947,4,29,train,13,3,4.649572372436523,4.621794700622559,9.871216773986816,1.028838872909546,15.521850347518921,0.06628326197424007,True,True,False,1.0927858352661133,1.4369257849009065,10.91875719983777,2.135797328396512,0.3295600389299787,0.093371673802576,5.089560038929979,5.0897341969940575,5.089560038929979,-0.43998766649345544,5.0897341969940575,-0.44016182455753405,4.746691940104673,-0.09711956766815,4.747349503995545,-0.09777713155902124,4.682214893587565,-0.03264252115104149,4.6822520055486345,-0.032679633112111084
543,2026-05-14T18:54:54.501Z,2026-05-14 18:54:54.501000+00:00,4268.778233333333,71.1463038888889,70.199,4,29,train,13,4,4.408079147338867,9.002386093139648,9.144792556762695,5.088829517364502,23.236008167266846,0.21900618560348353,True,True,False,1.0927858352661133,1.4369257849009065,10.91875719983777,1.0158187465133903,0.006816223290960261,0.07809938143965164,4.76681622329096,4.7671964246480405,4.76681622329096,-0.35873707595209314,4.7671964246480405,-0.3591172773091733,4.424154167758656,-0.016075020419789254,4.424605688356526,-0.016526541017658936,4.427534841204346,-0.01945569386547863,4.427152670509336,-0.0190735231704684
544,2026-05-14T18:56:04.628Z,2026-05-14 18:56:04.628000+00:00,4269.947016666667,71.16578361111111,70.127,4,29,train,13,5,4.448879241943359,6.643120765686035,8.314079284667969,4.912647724151611,19.869847774505615,0.24724133671798318,True,True,False,1.0927858352661133,1.4369257849009065,10.91875719983777,1.2515321605491503,0.09744201412768017,0.07527586632820168,4.85744201412768,4.857766262743571,4.85744201412768,-0.4085627721843208,4.857766262743571,-0.40888702080021133,4.514724005854187,-0.06584476391082728,4.515231479193246,-0.06635223724988659,4.499048469163004,-0.05016922721964434,4.498785537893316,-0.04990629594995699
545,2026-05-14T18:57:14.441Z,2026-05-14 18:57:14.441000+00:00,4271.110566666666,71.1851761111111,69.813,4,29,train,13,6,4.8668060302734375,1.116909146308899,6.91506815,9.036527633666992,17.06850492997589,0.5294270160590894,True,True,False,1.0927858352661133,1.4369257849009065,10.91875719983777,6.191253937576341,0.7917786171976003,0.04705729839409106,5.5517786171976,5.5519946528333355,5.5517786171976,-0.6849725869241627,5.5519946528333355,-0.685188622559898,5.208952395943951,-0.34214636567051393,5.209568082263166,-0.34276205198972853,5.046955737630135,-0.18014970735669777,5.047859835111793,-0.18105380483835543
546,2026-05-14T18:58:24.451Z,2026-05-14 18:58:24.451000+00:00,4272.2774,71.20462333333333,70.01,4,29,train,13,7,4.429581642150879,6.530421733856201,7.091780662536621,2.760211944580078,16.3824143409729,0.16848627358158721,True,True,False,1.0927858352661133,1.4369257849009065,10.91875719983777,1.0859605935969068,0.03581406623448557,0.08315137264184129,4.7958140662344855,4.7961486875229555,4.7958140662344855,-0.36623242408360657,4.7961486875229555,-0.3665670453720766,4.4531064306335715,-0.02352478848269257,4.453603531300051,-0.02402188914917236,4.450417300300378,-0.02083565814949928,4.450051393203279,-0.02046975105240012
547,2026-05-14T18:59:34.494Z,2026-05-14 18:59:34.494000+00:00,4273.444783333333,71.22407972222223,70.043,4,29,train,13,8,3.774020195007324,9.441749572753906,2.137495994567871,7.952524662017822,19.5317702293396,0.4071584177286684,True,True,False,1.0927858352661133,1.4369257849009065,10.91875719983777,0.22638770262834038,-0.6451471677033062,0.05928415822713316,4.114852832296694,4.118547167969706,4.114852832296694,-0.3408326372893695,4.118547167969706,-0.3445269729623819,3.7755049110803216,-0.001484716072997383,3.7726422973622595,0.0013778976450646852,3.9130646561084506,-0.13904446110112634,3.9141275049641866,-0.14010730995686238
548,2026-05-14T19:00:44.736Z,2026-05-14 19:00:44.736000+00:00,4274.615483333333,71.24359138888889,70.242,4,29,train,13,9,4.776384353637695,1.9062299728393557,7.882523536682129,9.842144966125488,19.630898475646973,0.5013598831625113,True,True,False,1.0927858352661133,1.4369257849009065,10.91875719983777,4.135137758295239,0.6164899822491208,0.04986401168374887,5.376489982249121,5.376723173961617,5.376489982249121,-0.6001056286114252,5.376723173961617,-0.6003388203239215,5.033680917072233,-0.25729656343453744,5.034279447314686,-0.25789509367699104,4.90863389669115,-0.1322495430534545,4.909235334215929,-0.13285098057823408
549,2026-05-14T19:01:54.826Z,2026-05-14 19:01:54.826000+00:00,4275.78365,71.26306083333334,70.09,4,30,train,14,0,4.566317558288574,5.259489059448242,9.143111228942873,1.390416145324707,15.793016433715822,0.0880399353195358,True,True,False,1.0172500610351562,1.2779943802639788,9.159491777420044,1.738402937167066,0.2401504470874172,0.09119600646804643,5.000150447087417,5.00035569635824,5.000150447087417,-0.4338328887988432,5.00035569635824,-0.43403813806966607,4.657313439468856,-0.09099588118028201,4.657939912152983,-0.09162235386440898,4.61166097921142,-0.04534342092284582,4.611561382515044,-0.04524382422646944
550,2026-05-14T19:03:04.909Z,2026-05-14 19:03:04.909000+00:00,4276.9517000000005,71.28252833333335,70.083,4,30,train,14,1,3.8181285858154297,9.853396416,2.524346113204956,4.963622093200684,17.341364622405642,0.28623019014244777,True,True,False,1.0172500610351562,1.2779943802639788,9.159491777420044,0.256190455212571,-0.5914370546293081,0.07137698098575522,4.168562945370692,4.171086081265893,4.168562945370692,-0.3504343595552619,4.171086081265893,-0.35295749545046373,3.828043824376509,-0.009915238561079232,3.8263524104362574,-0.008223824620827713,3.9554477901868244,-0.13731920437139467,3.9556812174117524,-0.1375526315963227
551,2026-05-14T19:04:14.702Z,2026-05-14 19:04:14.702000+00:00,4278.114916666666,71.30191527777778,69.793,4,30,train,14,2,4.256456375,4.267605304718018,3.907118320465088,3.5248141288757324,11.699537754058838,0.3012780678153625,True,True,False,1.0172500610351562,1.2779943802639788,9.159491777420044,0.9155294460210751,-0.03832768299657022,0.06987219321846376,4.72167231700343,4.722144617280713,4.72167231700343,-0.46521594200342964,4.722144617280713,-0.4656882422807129,4.379102360391329,-0.12264598539132887,4.379461782068995,-0.12300540706899543,4.391911378070506,-0.13545500307050595,4.391520607888792,-0.13506423288879166
552,2026-05-14T19:05:25.148Z,2026-05-14 19:05:25.148000+00:00,4279.289016666667,71.3214836111111,70.446,4,30,train,14,3,4.743853569030762,2.099180221557617,7.397472858428955,7.347624778747559,16.84427785873413,0.4362089512158963,True,True,False,1.0172500610351562,1.2779943802639788,9.159491777420044,3.5239817822501873,0.5470336545956667,0.05637910487841037,5.307033654595666,5.307254100872388,5.307033654595666,-0.5631800855649045,5.307254100872388,-0.5634005318416264,4.964211843983004,-0.22035827495224236,4.964823119661232,-0.2209695506304703,4.853825282837143,-0.10997171380638093,4.854291337356401,-0.11043776832563967
553,2026-05-14T19:06:35.252Z,2026-05-14 19:06:35.252000+00:00,4280.457416666667,71.34095694444446,70.104,4,30,train,14,4,4.3490839,7.625257492,6.880172729492188,1.633256196975708,16.1386864184679,0.10120130936472825,True,True,False,1.0172500610351562,1.2779943802639788,9.159491777420044,0.9022872652773347,-0.044655172144488005,0.08987986906352716,4.715344827855512,4.715717725216125,4.715344827855512,-0.366260927855512,4.715717725216125,-0.366633825216125,4.372675468326741,-0.02359156832674092,4.373134292921078,-0.0240503929210778,4.386918299382211,-0.037834399382211004,4.386437495048641,-0.037353595048641
554,2026-05-14T19:07:45.248Z,2026-05-14 19:07:45.248000+00:00,4281.624016666667,71.36040027777777,69.996,4,30,train,14,5,3.862236976623535,9.460277557373049,2.9599454402923584,8.438806533813477,20.859029531478882,0.40456371764938837,True,True,False,1.0172500610351562,1.2779943802639788,9.159491777420044,0.3128814585345298,-0.5046201725352739,0.05954362823506117,4.255379827464726,4.2575972164390885,4.255379827464726,-0.3931428508411905,4.2575972164390885,-0.39536023981555335,3.914554959549704,-0.05231798292616885,3.9131692925302914,-0.05093231590675629,4.023955773943782,-0.16171879732024674,4.024104003666075,-0.16186702704253975
555,2026-05-14T19:08:55.263Z,2026-05-14 19:08:55.263000+00:00,4282.790933333334,71.3798488888889,70.015,4,30,train,14,6,4.475343704223633,5.186836242675781,7.822379112243652,4.407233238220215,17.41644859313965,0.25305005292274263,True,True,False,1.0172500610351562,1.2779943802639788,9.159491777420044,1.5081214725622896,0.17843632345607724,0.07469499470772574,4.938436323456077,4.938715598713079,4.938436323456077,-0.4630926192324445,4.938715598713079,-0.4633718944894465,4.595673341823695,-0.12032963760006243,4.596225788521643,-0.12088208429801028,4.562961808297503,-0.08761810407387038,4.562809424545392,-0.08746572032175948
556,2026-05-14T19:10:05.244Z,2026-05-14 19:10:05.244000+00:00,4283.957283333333,71.39928805555556,69.981,4,30,train,14,7,3.855069160461426,9.620897293,2.719017505645752,5.744823455810547,18.084738254456298,0.3176614101337603,True,True,False,1.0172500610351562,1.2779943802639788,9.159491777420044,0.2826157917332786,-0.5488035747202652,0.06823385898662399,4.211196425279734,4.213459444107561,4.211196425279734,-0.3561272648183085,4.213459444107561,-0.358390283646135,3.8704171872181763,-0.01534802675675051,3.8689858903453005,-0.013916729883874712,3.9890902532500307,-0.13402109278860497,3.9891948632885272,-0.13412570282710146
557,2026-05-14T19:11:15.330Z,2026-05-14 19:11:15.330000+00:00,4285.125383333333,71.41875638888888,70.086,4,30,train,14,8,4.835378646850586,1.798329472541809,8.738292694091797,3.538116931915283,14.07473909854889,0.2513806406741894,True,True,False,1.0172500610351562,1.2779943802639788,9.159491777420044,4.859116656605116,0.6865573256346706,0.07486193593258106,5.446557325634671,5.446703757860739,5.446557325634671,-0.6111786787840847,5.446703757860739,-0.611325111010153,5.103661500971355,-0.2682828541207689,5.1043467907002364,-0.2689681438496505,4.963924668563735,-0.12854602171314866,4.96458389165303,-0.12920524480244389
558,2026-05-14T19:12:25.897Z,2026-05-14 19:12:25.897000+00:00,4286.3015,71.43835833333333,70.567,4,30,train,14,9,3.846798896789551,8.755414009094238,2.414215564727783,2.664906740188598,13.83453631401062,0.1926271094094981,True,True,False,1.0172500610351562,1.2779943802639788,9.159491777420044,0.27573973797471374,-0.5595006414403947,0.0807372890590502,4.200499358559605,4.202488570330748,4.200499358559605,-0.3537004617700541,4.202488570330748,-0.35568967354119696,3.8594463134413632,-0.01264741665181246,3.8582888236251707,-0.01148992683561989,3.9806491015358287,-0.13385020474627796,3.980517855988239,-0.13371895919868804
559,2026-05-14T19:13:36.465Z,2026-05-14 19:13:36.465000+00:00,4287.477633333333,71.45796055555554,70.568,4,31,train,15,0,4.377754211425781,7.864475727081299,8.829929352,7.83625316619873,24.53065824528003,0.31944732537727605,True,True,False,0.9124927520751962,1.121717243285248,16.479299068644288,1.122761345882748,0.05028745244940201,0.06805526746227239,4.810287452449402,4.810683497238367,4.810287452449402,-0.4325332410236209,4.810683497238367,-0.4329292858125857,4.467641240348983,-0.08988702892320166,4.468076917514968,-0.09032270608918669,4.4618383797471814,-0.0840841683214002,4.461547163966359,-0.08379295254057784
560,2026-05-14T19:14:46.599Z,2026-05-14 19:14:46.599000+00:00,4288.6465333333335,71.47744222222222,70.134,4,31,train,15,1,4.119168281555176,7.623489856719971,3.921891450881958,1.3328505754470823,12.878231883049011,0.10349639512248948,True,True,False,0.9124927520751962,1.121717243285248,16.479299068644288,0.5144483070866659,-0.28865825758743197,0.08965036048775106,4.471341742412568,4.4720698683062645,4.471341742412568,-0.3521734608573919,4.4720698683062645,-0.35290158675108874,4.1290276114168805,-0.00985932986170468,4.1291312074781334,-0.009962925922957666,4.194373266538634,-0.07520498498345862,4.1937332240748315,-0.07456494251965573
561,2026-05-14T19:15:56.864Z,2026-05-14 19:15:56.864000+00:00,4289.817616666666,71.49696027777777,70.265,4,31,train,15,2,4.330888748168945,3.070195436477661,3.729729652404785,4.336772918701172,11.136698007583618,0.38941281479914547,True,True,False,0.9124927520751962,1.121717243285248,16.479299068644288,1.2148183168051956,0.08451133150721796,0.06105871852008546,4.844511331507218,4.84492179023971,4.844511331507218,-0.5136225833382726,4.84492179023971,-0.5140330420707651,4.501879533350326,-0.170990785181381,4.502300796572784,-0.1714120484038384,4.4888447510201495,-0.15795600285120415,4.488626676899044,-0.15773792873009906
562,2026-05-14T19:17:07.047Z,2026-05-14 19:17:07.047000+00:00,4290.9873333333335,71.51645555555555,70.183,4,31,train,15,3,3.9443883895874015,9.364230155944824,3.2790274620056152,6.7820892333984375,19.425346851348877,0.349136068730093,True,True,False,0.9124927520751962,1.121717243285248,16.479299068644288,0.35016519322989353,-0.45572702541264487,0.0650863931269907,4.304272974587355,4.305988480423246,4.304272974587355,-0.35988458499995346,4.305988480423246,-0.36160009083584477,3.9629462235338617,-0.018557833946460267,3.9620624396529207,-0.017674050065519253,4.062537796795922,-0.11814940720852096,4.062377286123135,-0.11798889653573319
563,2026-05-14T19:18:17.294Z,2026-05-14 19:18:17.294000+00:00,4292.1581166666665,71.5359686111111,70.247,4,31,train,15,4,4.325926780700684,5.665111541748047,5.592947006225586,9.345573425292969,20.6036319732666,0.45358864094538937,True,True,False,0.9124927520751962,1.121717243285248,16.479299068644288,0.9872615861151793,-0.005567760851622374,0.05464113590546106,4.754432239148377,4.754991140967841,4.754432239148377,-0.4285054584476935,4.754991140967841,-0.4290643602671578,4.411948884078457,-0.08602210337777372,4.412221704213943,-0.08629492351325929,4.417762527755361,-0.09183574705467734,4.4174993523006245,-0.09157257159994092
564,2026-05-14T19:19:27.490Z,2026-05-14 19:19:27.490000+00:00,4293.32805,71.5554675,70.196,4,31,train,15,5,4.232748031616211,2.040876865386963,2.1050539016723637,3.905428409576416,8.051359176635742,0.48506448711288247,True,True,False,0.9124927520751962,1.121717243285248,16.479299068644288,1.0314458149699455,0.013446418079742636,0.05149355128871176,4.773446418079742,4.774014185434362,4.773446418079742,-0.5406983864635313,4.774014185434362,-0.5412661538181514,4.430971928544978,-0.1982238969287673,4.431235883145308,-0.1984878515290971,4.432766787640793,-0.20001875602458163,4.432544926524491,-0.19979689490828
565,2026-05-14T19:20:37.608Z,2026-05-14 19:20:37.608000+00:00,4294.496683333334,71.57494472222223,70.118,4,31,train,15,6,4.2476348876953125,2.016220808029175,2.104370594024658,4.759443283081055,8.880034685134888,0.5359712491943671,True,True,False,0.9124927520751962,1.121717243285248,16.479299068644288,1.0437203036713267,0.018584131954989428,0.04640287508056329,4.7785841319549895,4.779206836888292,4.7785841319549895,-0.530949244259677,4.779206836888292,-0.5315719491929798,4.436164579998908,-0.18852969230359573,4.436373597020555,-0.18873870932524284,4.4368210039432405,-0.18918611624792803,4.436651862352048,-0.1890169746567354
566,2026-05-14T19:21:47.646Z,2026-05-14 19:21:47.646000+00:00,4295.663983333334,71.59439972222224,70.038,4,31,train,15,7,4.844752311706543,2.0299229621887207,9.135513305664062,3.6148605346679688,14.780296802520752,0.24457293266610594,True,True,False,0.9124927520751962,1.121717243285248,16.479299068644288,4.500423649483669,0.6532533982137478,0.0755427067333894,5.413253398213747,5.413402500501774,5.413253398213747,-0.5685010865072044,5.413402500501774,-0.5686501887952309,5.07036024361239,-0.22560793190584683,5.071042863279313,-0.22629055157277023,4.937644239414894,-0.09289192770835086,4.938245492443368,-0.09349318073682511
567,2026-05-14T19:22:57.724Z,2026-05-14 19:22:57.724000+00:00,4296.83195,71.61386583333334,70.078,4,31,train,15,8,4.856881141662598,1.6423463821411133,7.611232280731201,6.236016750335693,15.489595413208008,0.40259390797375055,True,True,False,0.9124927520751962,1.121717243285248,16.479299068644288,4.634364810916745,0.6659902178726034,0.059740609202624945,5.425990217872603,5.4261767652983615,5.425990217872603,-0.5691090762100055,5.4261767652983615,-0.5692956236357638,5.083134508408977,-0.22625336674637975,5.083779682938169,-0.2268985412755713,4.947694978548316,-0.09081383688571876,4.948348825245361,-0.09146768358276347
568,2026-05-14T19:24:07.686Z,2026-05-14 19:24:07.686000+00:00,4297.997983333333,71.63329972222222,69.962,4,31,train,15,9,4.6947832107543945,1.8237673044204712,5.626325607299805,9.203662872314451,16.65375578403473,0.5526478826558526,True,True,False,0.9124927520751962,1.121717243285248,16.479299068644288,3.0850019043891415,0.48925543646178565,0.04473521173441473,5.249255436461786,5.249550968210417,5.249255436461786,-0.5544722257073911,5.249550968210417,-0.5547677574560224,4.906508711321033,-0.2117255005666383,4.907044901527351,-0.21226169077295687,4.808231970408178,-0.11344875965378343,4.8086531763909885,-0.11386996563659402
569,2026-05-14T19:25:18.011Z,2026-05-14 19:25:18.011000+00:00,4299.170066666667,71.65283444444444,70.325,4,32,train,16,0,4.299461364746094,9.872559547424316,8.229925155639648,9.582147598266602,27.684632301330566,0.34611792903624977,True,True,False,1.0492286682128906,1.3700947023687626,22.140666246414185,0.8336161576039093,-0.07903387622999582,0.06538820709637502,4.680966123770004,4.681523788728817,4.680966123770004,-0.38150475902391,4.681523788728817,-0.38206242398272305,4.338481531839433,-0.039020167093339,4.3387555888355696,-0.039294224089475804,4.3597897542851385,-0.060328389539044736,4.359393064262003,-0.05993169951590893
570,2026-05-14T19:26:28.328Z,2026-05-14 19:26:28.328000+00:00,4300.3420166666665,71.67236694444445,70.317,4,32,train,16,1,4.035363197,9.935533524,3.854738951,1.4510070085525513,15.241279483552551,0.09520244085271112,True,True,False,1.0492286682128906,1.3700947023687626,22.140666246414185,0.38797503341804435,-0.41119622079146784,0.09047975591472888,4.348803779208532,4.349868136882772,4.348803779208532,-0.313440582208532,4.349868136882772,-0.31450493988277195,4.006825879993388,0.028537317006612106,4.0065932442740975,0.028769952725902215,4.097677455881669,-0.06231425888166964,4.097082279287685,-0.06171908228768519
571,2026-05-14T19:27:38.411Z,2026-05-14 19:27:38.411000+00:00,4301.510066666667,71.69183444444444,70.083,4,32,train,16,2,4.460456848144531,3.2637248039245605,5.120664119720459,5.524085521697998,13.908474445343018,0.39717407853796866,True,True,False,1.0492286682128906,1.3700947023687626,22.140666246414185,1.5689632022782583,0.19561275796876998,0.060282592146203136,4.95561275796877,4.955948146965903,4.95561275796877,-0.4951559098242386,4.955948146965903,-0.49549129882137155,4.612905890076519,-0.1524490419319875,4.613402223034336,-0.15294537488980442,4.5765158875067,-0.11605903936216855,4.576438871938027,-0.11598202379349587
572,2026-05-14T19:28:48.431Z,2026-05-14 19:28:48.431000+00:00,4302.677066666667,71.71128444444444,70.02,4,32,train,16,3,4.509528160095215,4.943986892700195,7.945857048034668,3.8179502487182617,16.707794189453125,0.22851312419974393,True,True,False,1.0492286682128906,1.3700947023687626,22.140666246414185,1.6071759938859747,0.2060634368059491,0.0771486875800256,4.966063436805949,4.966320716211838,4.966063436805949,-0.456535276710734,4.966320716211838,-0.45679255611662306,4.623278459322454,-0.113750299227239,4.623852901871515,-0.11432474177629981,4.58476261232286,-0.07523445222764558,4.584642672373682,-0.07511451227846688
573,2026-05-14T19:29:58.502Z,2026-05-14 19:29:58.502000+00:00,4303.844916666667,71.73074861111111,70.071,4,32,train,16,4,3.7811880111694336,9.342967987060549,2.21350622177124,7.256812572479248,18.813286781311035,0.38572805787918496,True,True,False,1.0492286682128906,1.3700947023687626,22.140666246414185,0.23691681538851608,-0.6254041137336515,0.06142719421208151,4.134595886266348,4.137911580520525,4.134595886266348,-0.35340787509691474,4.137911580520525,-0.3567235693510913,3.7948693236311404,-0.013681312461706785,3.792385351331914,-0.011197340162480529,3.9286440778527245,-0.14745606668329092,3.929443071662654,-0.14825506049322046
574,2026-05-14T19:31:08.782Z,2026-05-14 19:31:08.782000+00:00,4305.01625,71.75027083333333,70.28,4,32,train,16,5,4.830416679382324,1.2259269952774048,6.810126781463623,2.7773985862731934,10.813452363014221,0.2568466104102761,True,True,False,1.0492286682128906,1.3700947023687626,22.140666246414185,5.555083465571795,0.7446905886351112,0.0743153389589724,5.5046905886351105,5.504831831407337,5.5046905886351105,-0.6742739092527863,5.504831831407337,-0.6744151520250128,5.161789574517953,-0.33137289513562873,5.162480053700676,-0.3320633743183521,5.0097981500953495,-0.17938147071302524,5.01055814391191,-0.18014146452958535
575,2026-05-14T19:32:18.802Z,2026-05-14 19:32:18.802000+00:00,4306.18325,71.76972083333334,70.02,4,32,train,16,6,4.387678146362305,7.337582588195801,7.210770606994629,3.2103960514068604,17.75874924659729,0.18077827480006772,True,True,False,1.0492286682128906,1.3700947023687626,22.140666246414185,0.9827174713637734,-0.007571322721326659,0.08192217251999323,4.752428677278673,4.752803354223152,4.752428677278673,-0.36475053091636855,4.752803354223152,-0.36512520786084757,4.409761097333768,-0.02208295097146351,4.410218142344239,-0.022539995981934347,4.416181499034736,-0.028503352672431426,4.415769003201607,-0.028090856839302347
576,2026-05-14T19:33:28.844Z,2026-05-14 19:33:28.844000+00:00,4307.350616666667,71.78917694444445,70.042,4,32,train,16,7,4.667766571044922,3.1796016693115234,8.093502044677734,4.648393154144287,15.921496868133545,0.2919570435269766,True,True,False,1.0492286682128906,1.3700947023687626,22.140666246414185,2.545445274731603,0.4057637644503285,0.07080429564730234,5.165763764450328,5.165970437338248,5.165763764450328,-0.49799719340540616,5.165970437338248,-0.49820386629332614,4.822928180448864,-0.15516160940394208,4.823553229515894,-0.15578665847097195,4.742347939882793,-0.0745813688378707,4.742548243338842,-0.07478167229391985
577,2026-05-14T19:34:39.008Z,2026-05-14 19:34:39.008000+00:00,4308.520016666666,71.80866694444444,70.164,4,32,train,16,8,3.8859453201293945,3.3121330738067627,1.1336156129837036,1.0982173681259155,5.543966054916382,0.1980923687568429,True,True,False,1.0492286682128906,1.3700947023687626,22.140666246414185,0.34226149364246267,-0.4656419587040249,0.08019076312431571,4.2943580412959745,4.29579956548852,4.2943580412959745,-0.40841272116658,4.29579956548852,-0.4098542453591252,3.952757308599135,-0.06681198846974068,3.9521475063615408,-0.06620218623214624,4.054713833616256,-0.16876851348686106,4.054318740279913,-0.1683734201505187
578,2026-05-14T22:05:44.519Z,2026-05-14 22:05:44.519000+00:00,4459.611866666667,74.32686444444445,9065.511,5,33,train,1,0,4.010000228881836,0.0,0.0,0.0,0.0,,False,False,True,0.00992393493652255,0.5877187914422447,19.11558425455194,,,,,,,,,,,,,,,,,
579,2026-05-14T22:06:56.275Z,2026-05-14 22:06:56.275000+00:00,4460.8078,74.34679666666666,71.756,5,33,train,1,1,4.001729965209961,3.6098086833953857,3.380829095840454,8.295549392700195,15.286187171936035,0.5426827042867841,False,True,True,0.00992393493652255,0.5877187914422447,19.11558425455194,0.936567389676853,,,,,,,,,,,,,,,,
580,2026-05-14T22:08:05.659Z,2026-05-14 22:08:05.659000+00:00,4461.9642,74.36607000000001,69.384,5,33,train,1,2,4.002281188964844,8.222080231,6.795296669006348,9.768881797790527,24.786258697796875,0.3941249027090496,False,True,True,0.00992393493652255,0.5877187914422447,19.11558425455194,0.8264692727499545,,,,,,,,,,,,,,,,
581,2026-05-14T22:09:14.758Z,2026-05-14 22:09:14.758000+00:00,4463.11585,74.38526416666667,69.099,5,33,train,1,3,4.001178741455078,1.822758793830872,1.500499963760376,2.3474156856536865,5.670674443244934,0.4139570538121781,False,True,True,0.00992393493652255,0.5877187914422447,19.11558425455194,0.8232027017720714,,,,,,,,,,,,,,,,
582,2026-05-14T22:10:23.994Z,2026-05-14 22:10:23.994000+00:00,4464.269783333333,74.40449638888889,69.236,5,33,train,1,4,4.002281188964844,2.751373052597046,6.811801433563232,7.061158180236816,16.624332666397095,0.424748368667429,False,True,True,0.00992393493652255,0.5877187914422447,19.11558425455194,2.475782565048208,,,,,,,,,,,,,,,,
583,2026-05-14T22:11:33.262Z,2026-05-14 22:11:33.262000+00:00,4465.42425,74.4237375,69.268,5,33,train,1,5,3.9989728927612314,9.150855064,8.600259780883789,6.527002334594727,24.278117179478514,0.268843019676657,False,True,True,0.00992393493652255,0.5877187914422447,19.11558425455194,0.9398312748627956,,,,,,,,,,,,,,,,
584,2026-05-14T22:12:42.637Z,2026-05-14 22:12:42.637000+00:00,4466.5805,74.44300833333334,69.375,5,33,train,1,6,4.000075340270996,4.353733539581299,7.394618988037109,1.3861809968948364,13.134533524513245,0.10553713189035445,False,True,True,0.00992393493652255,0.5877187914422447,19.11558425455194,1.6984546529570697,,,,,,,,,,,,,,,,
585,2026-05-14T22:13:52.044Z,2026-05-14 22:13:52.044000+00:00,4467.737283333334,74.46228805555556,69.407,5,33,train,1,7,4.003934860229492,6.809643745422363,4.356303215026856,7.979281425476074,19.145228385925293,0.4167765076828272,False,True,True,0.00992393493652255,0.5877187914422447,19.11558425455194,0.6397255683096913,,,,,,,,,,,,,,,,
586,2026-05-14T22:15:01.189Z,2026-05-14 22:15:01.189000+00:00,4468.8897,74.481495,69.145,5,33,train,1,8,4.008896827697754,6.247568130493164,9.391419410705566,4.125819206237793,19.764806747436523,0.2087457397868516,False,True,True,0.00992393493652255,0.5877187914422447,19.11558425455194,1.5032120041825356,,,,,,,,,,,,,,,,
587,2026-05-14T22:16:10.351Z,2026-05-14 22:16:10.351000+00:00,4470.0424,74.50070666666667,69.162,5,33,train,1,9,4.006691932678223,2.2568907737731934,5.538862705230713,1.0559895038604736,8.85174298286438,0.11929735261232818,False,True,True,0.00992393493652255,0.5877187914422447,19.11558425455194,2.454200606248454,,,,,,,,,,,,,,,,
588,2026-05-14T22:17:19.747Z,2026-05-14 22:17:19.747000+00:00,4471.199,74.51998333333333,69.396,5,34,train,2,0,4.008896827697754,3.914367676,1.565069317817688,1.5133485794067385,6.992785573224426,0.21641569923170434,True,True,False,0.0,0.0,0.0,0.39982685515556765,-0.39812803899684324,0.07835843007682958,4.361871961003157,4.363048678498812,4.361871961003157,-0.352975133305403,4.363048678498812,-0.35415185080105793,4.020006421609428,-0.011109593911673876,4.019661426068723,-0.01076459837096877,4.107989675861528,-0.0990928481637745,4.107506941730329,-0.09861011403257525
589,2026-05-14T22:22:00.127Z,2026-05-14 22:22:00.127000+00:00,4475.872,74.59786666666668,280.38,5,35,train,1,0,3.975815773010254,6.762317180633545,2.423252820968628,8.400869369506836,17.58643937110901,0.477690178906128,True,True,False,0.809941291809082,0.8900208514498025,18.47794020175934,0.3583465188395081,-0.4456968101316131,0.0522309821093872,4.314303189868387,4.316367229431477,4.314303189868387,-0.33848741685813266,4.316367229431477,-0.3405514564212231,3.9733249725420925,0.0024908004681614138,3.9720926549339524,0.003723118076301546,4.07045273003215,-0.0946369570218959,4.070585974213468,-0.09477020120321367
590,2026-05-14T22:23:11.782Z,2026-05-14 22:23:11.782000+00:00,4477.06625,74.61777083333332,71.655,5,35,train,1,1,4.661702156066895,4.191912651062012,9.074371337890623,8.639604568481445,21.905888557434082,0.3943964448568086,True,True,False,0.809941291809082,0.8900208514498025,18.47794020175934,2.1647329258141035,0.3354043228602996,0.06056035551431913,5.0954043228603,5.095670512098579,5.0954043228603,-0.43370216679340423,5.095670512098579,-0.4339683560316834,4.752628255209195,-0.09092609914229932,4.753193787925865,-0.09149163185897002,4.686826670685663,-0.025124514618767968,4.686947114666343,-0.025244958599447642
591,2026-05-14T22:24:21.051Z,2026-05-14 22:24:21.051000+00:00,4478.220733333334,74.63701222222222,69.269,5,35,train,1,2,4.785757064819336,3.014894962310791,8.386798858642578,3.4521169662475586,14.853810787200928,0.2324061492167479,True,True,False,0.809941291809082,0.8900208514498025,18.47794020175934,2.781788076694535,0.4443240413181895,0.07675938507832522,5.2043240413181895,5.2045056549398865,5.2043240413181895,-0.41856697649885355,5.2045056549398865,-0.41874859012055055,4.861463398050502,-0.07570633323116649,4.862113506383755,-0.07635644156441934,4.772776201732439,0.012980863086896832,4.773026250036385,0.012730814782950794
592,2026-05-14T22:25:30.133Z,2026-05-14 22:25:30.133000+00:00,4479.3721,74.65620166666666,69.082,5,35,train,1,3,4.684307098388672,3.5533788204193115,7.756874084472656,5.300461292266846,16.610714197158813,0.3190989399584917,True,True,False,0.809941291809082,0.8900208514498025,18.47794020175934,2.1829572574413323,0.3390452322555881,0.06809010600415083,5.0990452322555875,5.099280752624863,5.0990452322555875,-0.4147381338669156,5.099280752624863,-0.41497365423619126,4.756238495735479,-0.0719313973468072,4.756834697321153,-0.0725275989324814,4.689699745088896,-0.005392646700224546,4.689802501032065,-0.005495402643393099
593,2026-05-14T22:26:39.271Z,2026-05-14 22:26:39.271000+00:00,4480.524399999999,74.67540666666666,69.138,5,35,train,1,4,4.053006172180176,2.662097454071045,1.2840877771377563,2.4501631259918213,6.396348357200623,0.3830565486999431,True,True,False,0.809941291809082,0.8900208514498025,18.47794020175934,0.48235941744884264,-0.3166292380143083,0.0616943451300057,4.443370761985691,4.444522487014416,4.443370761985691,-0.39036458980551547,4.444522487014416,-0.39151631483424065,4.101480230125032,-0.0484740579448566,4.101160227051257,-0.048154054871081264,4.172301113905059,-0.11929494172488297,4.171945640566362,-0.11893946838618596
594,2026-05-14T22:27:48.341Z,2026-05-14 22:27:48.341000+00:00,4481.675566666667,74.69459277777779,69.07,5,35,train,1,5,4.617041588,3.8645224571228023,7.351354598999023,6.116567611694336,17.332444667816162,0.352896993408663,True,True,False,0.809941291809082,0.8900208514498025,18.47794020175934,1.9022672737868427,0.2792715364583538,0.0647103006591337,5.039271536458354,5.039542843726258,5.039271536458354,-0.4222299484583534,5.039542843726258,-0.4225012557262575,4.696500586836874,-0.07945899883687346,4.697061001523919,-0.08001941352391917,4.642531783259367,-0.025490195259366466,4.642555008976083,-0.025513420976082557
595,2026-05-14T22:28:57.232Z,2026-05-14 22:28:57.232000+00:00,4482.82375,74.71372916666665,68.891,5,35,train,1,6,4.314348220825195,6.411692142486572,5.222047805786133,2.944361686706543,14.578101634979248,0.20197154337583503,True,True,False,0.809941291809082,0.8900208514498025,18.47794020175934,0.81445704031587,-0.08913181822570172,0.0798028456624165,4.670868181774298,4.671337019668668,4.670868181774298,-0.356519960949103,4.671337019668668,-0.35698879884347257,4.328294762779284,-0.01394654195408851,4.328657646839864,-0.01430942601466878,4.351821377288241,-0.0374731564630455,4.351336215619001,-0.036987994793805434
596,2026-05-14T22:30:06.420Z,2026-05-14 22:30:06.420000+00:00,4483.976883333334,74.73294805555557,69.188,5,35,train,1,7,4.210693359,9.600225448608398,5.840292453765869,4.545532227,19.986050129374267,0.22743524596284567,True,True,False,0.809941291809082,0.8900208514498025,18.47794020175934,0.6083495106474244,-0.2158468369548514,0.07725647540371544,4.544153163045149,4.54483477014053,4.544153163045149,-0.3334598040451482,4.54483477014053,-0.3341414111405294,4.201792513251146,0.008900845748854636,4.201942628110714,0.008750730889286018,4.251829414487084,-0.04113605548708321,4.25128393491749,-0.0405905759174896
597,2026-05-14T22:31:15.624Z,2026-05-14 22:31:15.624000+00:00,4485.130283333333,74.75217138888888,69.204,5,35,train,1,8,4.418003082275391,2.3097264766693115,3.261233329772949,5.898064136505127,11.469023942947388,0.5142603386168713,True,True,False,0.809941291809082,0.8900208514498025,18.47794020175934,1.4119565077141674,0.14982131941362584,0.048573966138312885,4.909821319413625,4.91027424884243,4.909821319413625,-0.4918182371382347,4.91027424884243,-0.49227116656703895,4.5672319919530455,-0.1492289096776549,4.567610784479191,-0.14960770220380049,4.540381450827141,-0.12237836855175033,4.540314789616745,-0.12231170734135421
598,2026-05-14T22:32:24.746Z,2026-05-14 22:32:24.746000+00:00,4486.282316666667,74.77137194444444,69.122,5,35,train,1,9,4.380510330200195,8.033791542053223,7.745114326477051,9.095382690429688,24.87428855895996,0.36565398318310666,True,True,False,0.809941291809082,0.8900208514498025,18.47794020175934,0.9640671264539192,-0.015892725813375527,0.06343460168168935,4.744107274186624,4.744600499221786,4.744107274186624,-0.36359694398642883,4.744600499221786,-0.3640901690215905,4.401558242332402,-0.02104791213220647,4.40189673925219,-0.021386409051994626,4.409615004890801,-0.029104674690605847,4.40928125808868,-0.0287709278884849
599,2026-05-14T22:33:34.101Z,2026-05-14 22:33:34.101000+00:00,4487.438233333333,74.79063722222222,69.355,5,36,train,2,0,4.802849769592285,1.2108447551727295,5.052787780761719,2.175985097885132,8.43961763381958,0.2578298202948716,True,True,False,0.7498435974121094,0.901965252461782,17.44187593494751,4.172944350773463,0.6204425931197711,0.07421701797051285,5.380442593119771,5.380598732457854,5.380442593119771,-0.5775928235274854,5.380598732457854,-0.5777489628655692,5.03755647556847,-0.23470670597618515,5.038232058185336,-0.23538228859305121,4.911752937536578,-0.10890316794429289,4.912300564027945,-0.10945079443566019
600,2026-05-14T22:34:43.324Z,2026-05-14 22:34:43.324000+00:00,4488.59195,74.80986583333333,69.223,5,36,train,2,1,4.598296165466309,6.1298346519470215,9.506011962890623,4.059738159179688,19.695584774017334,0.2061242763675312,True,True,False,0.7498435974121094,0.901965252461782,17.44187593494751,1.5507778761815745,0.19054959661631932,0.07938757236324688,4.9505495966163195,4.950806644202209,4.9505495966163195,-0.35225343115001095,4.950806644202209,-0.35251047873590036,4.607764387312825,-0.0094682218465163,4.608339061681885,-0.010042896215576746,4.572520501271603,0.025775664194705783,4.57237239027735,0.025923775188958942
601,2026-05-14T22:35:52.679Z,2026-05-14 22:35:52.679000+00:00,4489.747866666667,74.82913111111111,69.355,5,36,train,2,2,4.461560249328613,7.164329528808594,8.034793853759766,9.215996742248535,24.415120124816895,0.3774708744062611,True,True,False,0.7498435974121094,0.901965252461782,17.44187593494751,1.121499760926816,0.049799185339249014,0.062252912559373895,4.809799185339249,4.81023256684762,4.809799185339249,-0.3482389360106355,4.81023256684762,-0.3486723175190063,4.4671903099582355,-0.0056300606296222355,4.467588650404815,-0.006028401076201284,4.461453083771968,0.00010716555664558314,4.461190517233197,0.000369732095416353
602,2026-05-14T22:37:01.879Z,2026-05-14 22:37:01.879000+00:00,4490.901199999999,74.84835333333332,69.2,5,36,train,2,3,4.364521026611328,8.233088493347168,7.435933113098144,6.092218876,21.761240482445313,0.27995733427579933,True,True,False,0.7498435974121094,0.901965252461782,17.44187593494751,0.9031766291722512,-0.044227308851962924,0.07200426657242007,4.715772691148037,4.71623758133379,4.715772691148037,-0.35125166453670875,4.71623758133379,-0.35171655472246144,4.3731953244444055,-0.008674297833077382,4.373562156213603,-0.009041129602274545,4.387255930160782,-0.022734903549453733,4.386848656039081,-0.022327629427753237
603,2026-05-14T22:38:10.917Z,2026-05-14 22:38:10.917000+00:00,4492.051833333333,74.86753055555555,69.038,5,36,train,2,4,4.431786537,7.798150062561035,8.175084114074707,4.805579662322998,20.77881383895874,0.23127305050074087,True,True,False,0.7498435974121094,0.901965252461782,17.44187593494751,1.0483363424004026,0.0205006416301611,0.07687269494992591,4.7805006416301605,4.780875120635971,4.7805006416301605,-0.3487141046301607,4.780875120635971,-0.3490885836359716,4.437832863746587,-0.00604632674658756,4.438290106695726,-0.006503569695726519,4.438333338992943,-0.00654680199294333,4.437971329748361,-0.006184792748361367
604,2026-05-14T22:39:19.733Z,2026-05-14 22:39:19.733000+00:00,4493.198766666666,74.8866461111111,68.816,5,36,train,2,5,4.2796125411987305,9.671000480651855,7.13517952,9.075313568115234,25.88149356876709,0.35064875773116183,True,True,False,0.7498435974121094,0.901965252461782,17.44187593494751,0.7377912486174406,-0.13206650050484497,0.06493512422688381,4.627933499495155,4.628577272454738,4.627933499495155,-0.3483209582964246,4.628577272454738,-0.34896473125600735,4.285535015565354,-0.005922474366623298,4.285722964560721,-0.006110423361990414,4.317941232721384,-0.03832869152265328,4.317516973297763,-0.03790443209903227
605,2026-05-14T22:40:28.956Z,2026-05-14 22:40:28.956000+00:00,4494.352483333333,74.90587472222222,69.223,5,36,train,2,6,4.053006172180176,3.197667360305786,1.6722862720489502,4.880918502807617,9.750872135162354,0.5005622507556704,True,True,False,0.7498435974121094,0.901965252461782,17.44187593494751,0.5229706794421022,-0.2815226593420111,0.049943774924432964,4.478477340657989,4.4797545157756185,4.478477340657989,-0.42547116847781297,4.4797545157756185,-0.42674834359544267,4.136712258886234,-0.08370608670605861,4.1362668057235545,-0.08326063354337876,4.2000040313956815,-0.14699785921550568,4.199811112085233,-0.14680493990505727
606,2026-05-14T22:41:38.259Z,2026-05-14 22:41:38.259000+00:00,4495.507533333333,74.92512555555555,69.303,5,36,train,2,7,4.795129776000977,2.956259250640869,9.710168838500977,9.043495178222656,21.709923267364502,0.4165604395210974,True,True,False,0.7498435974121094,0.901965252461782,17.44187593494751,3.2846134304344146,0.5164842643347343,0.05834395604789026,5.276484264334734,5.276704221315044,5.276484264334734,-0.48135448833375705,5.276704221315044,-0.48157444531406757,4.93366196442566,-0.1385321884246835,4.934273729400299,-0.13914395339932284,4.829718483775709,-0.03458870777473244,4.830129038770646,-0.03499926276966914
607,2026-05-14T22:42:47.538Z,2026-05-14 22:42:47.538000+00:00,4496.662183333334,74.94436972222223,69.279,5,36,train,2,8,4.388230323791504,9.39760685,8.926584243774414,5.5672993659973145,23.89149045977173,0.2330243638575618,True,True,False,0.7498435974121094,0.901965252461782,17.44187593494751,0.949878451637335,-0.02233196435374308,0.07669756361424382,4.737668035646257,4.738082278004616,4.737668035646257,-0.3494377118547529,4.738082278004616,-0.3498519542131122,4.395040021115232,-0.006809697323728159,4.395457500711823,-0.007227176920318712,4.404533743750221,-0.016303419958717313,4.4041259118294045,-0.015895588037900588
608,2026-05-14T22:43:56.616Z,2026-05-14 22:43:56.616000+00:00,4497.813483333333,74.96355805555555,69.078,5,36,train,2,9,4.490781784057617,4.929704189300537,6.799516677856445,4.435009956359863,16.164230823516846,0.27437185256643964,True,True,False,0.7498435974121094,0.901965252461782,17.44187593494751,1.3792950685791983,0.1396571834693456,0.07256281474335605,4.899657183469345,4.899966448487714,4.899657183469345,-0.4088753994117278,4.899966448487714,-0.4091846644300965,4.55692419159833,-0.06614240754071243,4.557446648534911,-0.06666486447729358,4.53236083958911,-0.04157905553149277,4.532162215742746,-0.04138043168512873
609,2026-05-14T22:45:05.820Z,2026-05-14 22:45:05.820000+00:00,4498.966883333333,74.98278138888888,69.204,5,37,train,3,0,3.832463264465332,8.936424255371094,2.2494571208953857,4.462143898010254,15.648025274276733,0.2851569971161424,True,True,False,0.9527416229248056,1.1459501110565098,17.814449548460082,0.2517178075496344,-0.5990860595927638,0.07148430028838576,4.1609139404072355,4.163504498871507,4.1609139404072355,-0.32845067594190347,4.163504498871507,-0.3310412344061753,3.820462241982123,0.012001022483209223,3.8187034054728017,0.013759858992530294,3.949411891463512,-0.11694862699817987,3.949684844914708,-0.11722158044937592
610,2026-05-14T22:46:14.884Z,2026-05-14 22:46:14.884000+00:00,4500.11795,75.00196583333333,69.064,5,37,train,3,1,4.553636551,5.066357135772705,8.428759574890137,2.712796688079834,16.207913398742676,0.16737482619386887,True,True,False,0.9527416229248056,1.1459501110565098,17.814449548460082,1.6636726051892528,0.22106786537466272,0.0832625173806131,4.981067865374662,4.981300075967515,4.981067865374662,-0.42743131437466175,4.981300075967515,-0.4276635249675147,4.638257819078131,-0.08462126807813064,4.638857330440228,-0.08522077944022755,4.596602742074981,-0.042966191074980564,4.596490043567429,-0.04285349256742865
611,2026-05-14T22:47:24.027Z,2026-05-14 22:47:24.027000+00:00,4501.270333333333,75.02117222222222,69.143,5,37,train,3,2,4.445019721984863,6.414625644683838,7.152374744415283,3.014840841293335,16.581841230392456,0.1818158067855279,True,True,False,0.9527416229248056,1.1459501110565098,17.814449548460082,1.115010468357239,0.04727894480879084,0.0818184193214472,4.8072789448087905,4.8076105777293225,4.8072789448087905,-0.3622592228239272,4.8076105777293225,-0.36259085574445926,4.4645683208399385,-0.019548598855075205,4.465068409874356,-0.02004868788949299,4.459464339265603,-0.014444617280739536,4.459116751808165,-0.014097029823301632
612,2026-05-14T22:48:33.056Z,2026-05-14 22:48:33.056000+00:00,4502.420816666667,75.04034694444445,69.029,5,37,train,3,3,3.7944202423095694,5.377164840698242,1.2497742176055908,2.720761775970459,9.347700834274292,0.2910621364768661,True,True,False,0.9527416229248056,1.1459501110565098,17.814449548460082,0.23242252276634756,-0.6337217891939668,0.07089378635231339,4.126278210806033,4.129244741577392,4.126278210806033,-0.33185796849646376,4.129244741577392,-0.3348244992678229,3.786202484688008,0.008217757621561628,3.784067675871599,0.010352566437970445,3.922080525216571,-0.1276602829070015,3.922588355592643,-0.12816811328307365
613,2026-05-14T22:49:42.004Z,2026-05-14 22:49:42.004000+00:00,4503.56995,75.05949916666667,68.948,5,37,train,3,4,4.142876625061035,3.685457706451416,2.6379354000091557,4.946763038635254,11.270156145095825,0.4389258653517257,True,True,False,0.9527416229248056,1.1459501110565098,17.814449548460082,0.715768734882355,-0.14522727572055702,0.056107413464827435,4.614772724279443,4.6155441489191915,4.614772724279443,-0.4718960992184078,4.6155441489191915,-0.47266752385815636,4.2725018920298075,-0.1296252669687723,4.272562189345009,-0.1296855642839736,4.307555946438811,-0.16467932137777552,4.307208905739597,-0.1643322806785621
614,2026-05-14T22:50:51.227Z,2026-05-14 22:50:51.227000+00:00,4504.723666666667,75.07872777777779,69.223,5,37,train,3,5,4.245429039001465,9.839513778686523,7.097188472747803,5.492161750793457,22.428864002227783,0.24487025960155356,True,True,False,0.9527416229248056,1.1459501110565098,17.814449548460082,0.7212946322735071,-0.14188729972823455,0.07551297403984464,4.618112700271765,4.618681063459982,4.618112700271765,-0.37268366127030017,4.618681063459982,-0.3732520244585169,4.275638806570598,-0.03020976756913285,4.275902165337331,-0.030473126335865963,4.310191551582783,-0.06476251258131782,4.309689932403886,-0.06426089340242136
615,2026-05-14T22:52:00.395Z,2026-05-14 22:52:00.395000+00:00,4505.876466666667,75.09794111111111,69.168,5,37,train,3,6,4.747161865234375,2.250961303710937,7.321437358856201,7.362955093383789,16.935353755950928,0.434768307735911,True,True,False,0.9527416229248056,1.1459501110565098,17.814449548460082,3.2525825063212204,0.512228321862543,0.056523169226408904,5.272228321862543,5.27245641021339,5.272228321862543,-0.525066456628168,5.27245641021339,-0.5252945449790154,4.929414153324006,-0.18225228808963134,4.930017786928109,-0.18285592169373377,4.82636008123092,-0.07919821599654497,4.826769389513063,-0.07960752427868822
616,2026-05-14T22:53:09.633Z,2026-05-14 22:53:09.633000+00:00,4507.030433333333,75.11717388888889,69.238,5,37,train,3,7,4.399256706237793,8.911113739013672,8.773386955,9.477649688720703,27.162150382734374,0.3489285478201745,True,True,False,0.9527416229248056,1.1459501110565098,17.814449548460082,0.9845443804167046,-0.006764702343881349,0.06510714521798255,4.7532352976561185,4.753705755243767,4.7532352976561185,-0.35397859141832555,4.753705755243767,-0.3544490490059742,4.410663498354383,-0.011406792116590125,4.411024762721684,-0.011768056483891343,4.41681801044108,-0.017561304203287165,4.416482723950105,-0.01722601771231247
617,2026-05-14T22:54:18.833Z,2026-05-14 22:54:18.833000+00:00,4508.183766666667,75.13639611111111,69.2,5,37,train,3,8,4.519452095031738,4.159537315368652,6.353402614593506,6.289340019226074,16.802279949188232,0.37431467861776285,True,True,False,0.9527416229248056,1.1459501110565098,17.814449548460082,1.5274301281344353,0.18396135268892544,0.06256853213822372,4.943961352688925,4.94429136814054,4.943961352688925,-0.4245092576571867,4.94429136814054,-0.42483927310880176,4.601249111251156,-0.0817970162194177,4.601750817754491,-0.08229872272275252,4.567321658637794,-0.04786956360605554,4.56721937338001,-0.04776727834827188
618,2026-05-14T22:55:28.025Z,2026-05-14 22:55:28.025000+00:00,4509.336966666667,75.15561611111112,69.192,5,37,train,3,9,4.393743515014648,5.994668006896973,6.170247554779053,3.924541711807251,16.089457273483276,0.2439200804041546,True,True,False,0.9527416229248056,1.1459501110565098,17.814449548460082,1.0292892863591565,0.012537452325709885,0.07560799195958454,4.77253745232571,4.772925093148201,4.77253745232571,-0.3787939373110616,4.772925093148201,-0.3791815781335526,4.429882836258817,-0.03613932124416852,4.430326917391276,-0.03658340237662738,4.432049514575798,-0.03830599956114966,4.431683549216725,-0.03794003420207659
619,2026-05-14T22:56:37.104Z,2026-05-14 22:56:37.104000+00:00,4510.488283333334,75.17480472222223,69.079,5,38,train,4,0,4.779691696166992,2.9302754402160645,9.124853134155272,6.995248794555664,19.050377368927002,0.3671973871743658,True,True,False,1.076245308030273,1.2436904755777627,9.818238854408264,3.1139916094312445,0.49331743803858197,0.06328026128256341,5.253317438038581,5.253525429734589,5.253317438038581,-0.47362574187158923,5.253525429734589,-0.47383373356759684,4.910483172845205,-0.13079147667821278,4.911106903104147,-0.13141520693715503,4.81143733244528,-0.03174563627828775,4.811796629899026,-0.03210493373203338
620,2026-05-14T22:57:46.357Z,2026-05-14 22:57:46.357000+00:00,4511.6425,75.19404166666666,69.253,5,38,train,4,1,4.292844772338867,9.191133499145508,6.529592514038086,1.9903440475463867,17.71107006072998,0.11237853165967052,True,True,False,1.076245308030273,1.2436904755777627,9.818238854408264,0.7104229869629395,-0.1484829946539371,0.08876214683403295,4.611517005346062,4.61200925836805,4.611517005346062,-0.31867223300719516,4.61200925836805,-0.3191644860291829,4.268967001478666,0.023877770860201153,4.269306470411628,0.023538301927239047,4.304986829299086,-0.012142056960218639,4.304413114652948,-0.01156834231408066
621,2026-05-14T22:58:55.375Z,2026-05-14 22:58:55.375000+00:00,4512.7928,75.21321333333334,69.018,5,38,train,4,2,3.755273818969727,4.273054122924805,1.0735427141189575,7.122714042663574,12.469310879707336,0.571219541430725,True,True,False,1.076245308030273,1.2436904755777627,9.818238854408264,0.2512354590501051,-0.599919064843288,0.042878045856927505,4.160080935156712,4.164390830817492,4.160080935156712,-0.40480711618698484,4.164390830817492,-0.40911701184776517,3.8213485739281077,-0.06607475495838067,3.8178704002222776,-0.06259658125255063,3.948754559516132,-0.19348074054640518,3.950385856422291,-0.1951120374525641
622,2026-05-14T23:00:04.610Z,2026-05-14 23:00:04.610000+00:00,4513.946716666667,75.23244527777779,69.235,5,38,train,4,3,4.143980026245117,9.571556091308594,5.430254936218262,6.713531494140625,21.71534252166748,0.30916074602285876,True,True,False,1.076245308030273,1.2436904755777627,9.818238854408264,0.5673325094076583,-0.2461623296878396,0.06908392539771413,4.51383767031216,4.514669629880793,4.51383767031216,-0.3698576440670429,4.514669629880793,-0.37068960363567616,4.171627372991409,-0.0276473467462921,4.171627135377726,-0.027647109132608705,4.227907186072036,-0.0839271598269189,4.2274259316651746,-0.08344590542005736
623,2026-05-14T23:01:13.634Z,2026-05-14 23:01:13.634000+00:00,4515.097116666667,75.25161861111111,69.024,5,38,train,4,4,4.531582832336426,4.392673015594482,7.131916999816895,3.278442383,14.803032398411377,0.22147099964138656,True,True,False,1.076245308030273,1.2436904755777627,9.818238854408264,1.6235938742760476,0.21047740408086693,0.07785290003586136,4.970477404080866,4.970730384571505,4.970477404080866,-0.4388945717444406,4.970730384571505,-0.4391475522350792,4.627688127682121,-0.09610529534569512,4.628266869146432,-0.09668403681000637,4.588245713663062,-0.05666288132663588,4.588130336649753,-0.056547504313327224
624,2026-05-14T23:02:22.995Z,2026-05-14 23:02:22.995000+00:00,4516.253133333334,75.27088555555557,69.361,5,38,train,4,5,4.831519127,2.0082030296325684,8.242362976074219,1.6465376615524292,11.897103667259216,0.1383981940145394,True,True,False,1.076245308030273,1.2436904755777627,9.818238854408264,4.104347446175443,0.613244118080793,0.08616018059854606,5.373244118080793,5.37337949145657,5.373244118080793,-0.5417249910807929,5.37337949145657,-0.5418603644565696,5.0303372345671855,-0.19881810756718554,5.031033583146359,-0.19951445614635865,4.906072556035305,-0.07455342903530493,4.906590772069252,-0.07507164506925168
625,2026-05-14T23:03:32.113Z,2026-05-14 23:03:32.113000+00:00,4517.4051,75.290085,69.118,5,38,train,4,6,3.980226516723633,6.11795187,2.331994057,4.972879409790039,13.422825336790039,0.37047933538702094,True,True,False,1.076245308030273,1.2436904755777627,9.818238854408264,0.3811723443649779,-0.41887861675717863,0.06295206646129792,4.341121383242821,4.342688521499306,4.341121383242821,-0.360894866519188,4.342688521499306,-0.36246200477567303,3.9996462646099213,-0.01941974788628853,3.998910848308387,-0.018684331584754243,4.091615208017672,-0.11138869129403961,4.091403827747457,-0.11117731102382411
626,2026-05-14T23:04:41.072Z,2026-05-14 23:04:41.072000+00:00,4518.554416666667,75.30924027777777,68.959,5,38,train,4,7,4.786308288574219,1.293027639389038,5.693498611450195,6.472530841827393,13.459057092666626,0.4809052222056514,True,True,False,1.076245308030273,1.2436904755777627,9.818238854408264,4.403230401277734,0.6437714107344746,0.05190947777943486,5.403771410734475,5.403990122916908,5.403771410734475,-0.617463122160256,5.403990122916908,-0.6176818343426893,5.060947866027524,-0.27463957745330525,5.0615608758000405,-0.2752525872258218,4.930161917675788,-0.14385362910156907,4.9308011201282325,-0.1444928315540137
627,2026-05-14T23:05:50.268Z,2026-05-14 23:05:50.268000+00:00,4519.707683333333,75.32846138888888,69.196,5,38,train,4,8,4.7444047927856445,2.479830026626587,7.740009307861328,6.873239517211914,17.09307885169983,0.40210658225147083,True,True,False,1.076245308030273,1.2436904755777627,9.818238854408264,3.1211854138206303,0.49431956866768884,0.05978934177485292,5.254319568667689,5.254539449734197,5.254319568667689,-0.5099147758820441,5.254539449734197,-0.5101346569485523,4.911497192844813,-0.16709240005916826,4.9121090337332545,-0.16770424094760994,4.8122281227524795,-0.06782332996683493,4.81259863155525,-0.06819383876960572
628,2026-05-14T23:06:59.332Z,2026-05-14 23:06:59.332000+00:00,4520.85875,75.34764583333335,69.064,5,38,train,4,9,4.555290222167969,5.553618431091309,8.101902008,3.4433748722076416,17.09889531129895,0.20137996107457654,True,True,False,1.076245308030273,1.2436904755777627,9.818238854408264,1.4588510371260675,0.16401094846851982,0.07986200389254236,4.92401094846852,4.92427924154258,4.92401094846852,-0.36872072630055097,4.92427924154258,-0.36898901937461126,4.581236984653196,-0.025946762485227204,4.5818004135340855,-0.026510191366116764,4.551578614942722,0.0037116072252469934,4.5513915211854306,0.0038987009825381946
629,2026-05-14T23:08:08.487Z,2026-05-14 23:08:08.487000+00:00,4522.011333333333,75.36685555555555,69.155,5,39,train,5,0,4.451636314,7.946434020996094,9.214640617370604,8.876422882080078,26.037497520446777,0.34090921660614976,True,True,False,1.1727333068847652,1.4452019954867885,13.98454165480139,1.1595944285227373,0.06430612004304609,0.06590907833938502,4.824306120043046,4.824702908751027,4.824306120043046,-0.3726698060430458,4.824702908751027,-0.37306659475102677,4.481660651861643,-0.030024337861642714,4.4820955851086115,-0.030459271108611574,4.47290063663357,-0.021264322633570032,4.472635299562103,-0.020998985562102668
630,2026-05-14T23:09:17.758Z,2026-05-14 23:09:17.758000+00:00,4523.16585,75.3860975,69.271,5,39,train,5,1,4.6782426834106445,1.6161763668060305,4.722636222839356,5.714143276,12.052955865645387,0.4740864680577697,True,True,False,1.1727333068847652,1.4452019954867885,13.98454165480139,2.9221044929474305,0.4656957420223238,0.05259135319422303,5.225695742022324,5.225954086227071,5.225695742022324,-0.547453058611679,5.225954086227071,-0.547711402816426,4.8829118293376865,-0.204669145927042,4.883485207087889,-0.20524252367724483,4.78964080328668,-0.11139811987603565,4.789990094361344,-0.11174741095069951
631,2026-05-14T23:10:27.017Z,2026-05-14 23:10:27.017000+00:00,4524.320166666667,75.40533611111113,69.259,5,39,train,5,2,4.436197280883789,9.014187812805176,9.798366547,1.6001893281936646,20.41274368799884,0.07839168279639232,True,True,False,1.1727333068847652,1.4452019954867885,13.98454165480139,1.0869938313334069,0.03622707948145207,0.09216083172036078,4.796227079481452,4.796528736206573,4.796227079481452,-0.3600297985976626,4.796528736206573,-0.3603314553227843,4.453486479317189,-0.017289198433400266,4.4540165445470175,-0.01781926366322839,4.4507432127742215,-0.014545931890432406,4.450351978668877,-0.014154697785087933
632,2026-05-14T23:11:36.375Z,2026-05-14 23:11:36.375000+00:00,4525.476133333334,75.42460222222222,69.358,5,39,train,5,3,4.985898971557617,1.269909143447876,8.956295013427734,8.344896317,18.57110047387561,0.4493485094617282,True,True,False,1.1727333068847652,1.4452019954867885,13.98454165480139,7.052705352692304,0.8483557403066987,0.055065149053827186,5.608355740306698,5.608534081563094,5.608355740306698,-0.622456768749081,5.608534081563094,-0.6226351100054766,5.26549182467371,-0.2795928531160925,5.266145205372264,-0.28024623381464675,5.091601255154886,-0.10570228359726919,5.092577607444486,-0.10667863588686899
633,2026-05-14T23:12:45.489Z,2026-05-14 23:12:45.489000+00:00,4526.6280333333325,75.44380055555554,69.114,5,39,train,5,4,4.695885658,3.663601875305176,8.622967720031738,8.520511627197266,20.80708122253418,0.40950057031399034,True,True,False,1.1727333068847652,1.4452019954867885,13.98454165480139,2.353685802531,0.3717484876771859,0.05904994296860097,5.131748487677186,5.132007801594709,5.131748487677186,-0.4358628296771858,5.132007801594709,-0.4361221435947087,4.7889655447053245,-0.09307988670532463,4.7895379527427515,-0.09365229474275161,4.71550617855187,-0.019620520551869802,4.715686751330196,-0.019801093330196196
634,2026-05-14T23:13:54.797Z,2026-05-14 23:13:54.797000+00:00,4527.783166666666,75.46305277777778,69.308,5,39,train,5,5,3.813165664672852,6.043503761291504,1.5291234254837036,6.872276782989502,14.44490396976471,0.47575787262928015,True,True,False,1.1727333068847652,1.4452019954867885,13.98454165480139,0.25301935530804204,-0.5968462551800896,0.05242421273707199,4.16315374481991,4.166647762277043,4.16315374481991,-0.34998808014705807,4.166647762277043,-0.3534820976041906,3.823605505387658,-0.010439840714806081,3.820943209885476,-0.00777754521262386,3.951179341303004,-0.13801367663015185,3.952170892979011,-0.1390052283061589
635,2026-05-14T23:15:03.803Z,2026-05-14 23:15:03.803000+00:00,4528.933266666666,75.4822211111111,69.006,5,39,train,5,6,4.416348457336426,6.634596824645996,7.689690113067627,3.5352935791015625,17.859580516815186,0.197949418564059,True,True,False,1.1727333068847652,1.4452019954867885,13.98454165480139,1.1590289984919961,0.06409430199250796,0.0802050581435941,4.824094301992508,4.8244205643102065,4.824094301992508,-0.4077458446560822,4.8244205643102065,-0.4080721069737807,4.481378307420822,-0.06502985008439666,4.481883767058074,-0.065535309721648,4.472733489101712,-0.05638503176528609,4.4724119896577115,-0.05606353232128569
636,2026-05-14T23:16:12.886Z,2026-05-14 23:16:12.886000+00:00,4530.084650000001,75.50141083333334,69.083,5,39,train,5,7,4.3386077880859375,6.049955845,5.592577934265137,8.000649452209473,19.64318323147461,0.4072990287740072,True,True,False,1.1727333068847652,1.4452019954867885,13.98454165480139,0.9243997935765326,-0.03414016017322135,0.059270097122599286,4.725859839826779,4.726410960607973,4.725859839826779,-0.3872520517408411,4.726410960607973,-0.38780317252203567,4.383368703718589,-0.04476091563265161,4.383649304892344,-0.04504151680640689,4.395215790054031,-0.0566080019680939,4.394894914525554,-0.05628712643961631
637,2026-05-14T23:17:21.987Z,2026-05-14 23:17:21.987000+00:00,4531.236333333333,75.52060555555555,69.101,5,39,train,5,8,4.432338714599609,5.819300174713135,6.5434346199035645,2.0591769218444824,14.421911716461182,0.1427811348681421,True,True,False,1.1727333068847652,1.4452019954867885,13.98454165480139,1.124436688854279,0.05093500761043804,0.0857218865131858,4.810935007610438,4.811249046880265,4.810935007610438,-0.37859629301082887,4.811249046880265,-0.37891033228065574,4.468206789990881,-0.03586807539127168,4.468724472676004,-0.03638575807639466,4.462349371358306,-0.030010656758696186,4.461994464561668,-0.029655749962058664
638,2026-05-14T23:18:31.133Z,2026-05-14 23:18:31.133000+00:00,4532.388766666667,75.53981277777778,69.146,5,39,train,5,9,4.487473487854004,5.560686111450195,7.556756496429443,2.346548795700073,15.463991403579712,0.15174276384794663,True,True,False,1.1727333068847652,1.4452019954867885,13.98454165480139,1.3589611686351208,0.13320704724873306,0.08482572361520535,4.893207047248733,4.893474960951375,4.893207047248733,-0.4057335593947293,4.893474960951375,-0.4060014730973709,4.550432704061991,-0.06295921620798683,4.550996512314299,-0.06352302446029512,4.527270978990877,-0.039797491136873475,4.5270280135006615,-0.03955452564665762
639,2026-05-14T23:19:40.400Z,2026-05-14 23:19:40.400000+00:00,4533.543216666667,75.55905361111111,69.267,5,40,train,6,0,4.515041351318359,3.801365375518799,5.935455322265625,2.7441649436950684,12.480985641479492,0.21986764687678753,True,True,False,1.0481262207031254,1.202336796404938,12.089199304506955,1.5614009009737908,0.19351442562930463,0.07801323531232125,4.953514425629304,4.953774606410102,4.953514425629304,-0.43847307431094507,4.953774606410102,-0.43873325509174244,4.610732349520718,-0.09569099820235838,4.61130389069487,-0.09626253937651086,4.574860074554639,-0.05981872323627968,4.574719790335793,-0.05967843901743386
640,2026-05-14T23:20:49.663Z,2026-05-14 23:20:49.663000+00:00,4534.6976,75.57829333333333,69.263,5,40,train,6,1,4.408079147338867,4.855933189,5.503447532653809,3.3494701385498047,13.708850860203613,0.24432902310384141,True,True,False,1.0481262207031254,1.202336796404938,12.089199304506955,1.1333449861131952,0.05436212765668926,0.07556709768961586,4.814362127656689,4.81471570473993,4.814362127656689,-0.4062829803178216,4.81471570473993,-0.40663655740106286,4.471673447850546,-0.0635943005116788,4.472151592722255,-0.06407244538338741,4.465053742660276,-0.05697459532140847,4.464736289521817,-0.05665714218294937
641,2026-05-14T23:21:58.568Z,2026-05-14 23:21:58.568000+00:00,4535.846016666666,75.5974336111111,68.905,5,40,train,6,2,4.486371040344238,6.199004173278809,8.387766838,8.092450141906738,22.679221153185544,0.35682222450439244,True,True,False,1.0481262207031254,1.202336796404938,12.089199304506955,1.3530829474443633,0.13132442077588052,0.06431777754956076,4.89132442077588,4.891678999879927,4.89132442077588,-0.40495338043164164,4.891678999879927,-0.40530795953568877,4.548636742990543,-0.06226570264630471,4.549113885841446,-0.06274284549720743,4.525785381481363,-0.03941434113712461,4.5256075644420894,-0.039236524097851166
642,2026-05-14T23:23:07.643Z,2026-05-14 23:23:07.643000+00:00,4536.997266666667,75.61662111111112,69.075,5,40,train,6,3,4.763151168823242,2.343240737915039,7.751183032989502,5.266149520874023,15.360573291778564,0.342835480215613,True,True,False,1.0481262207031254,1.202336796404938,12.089199304506955,3.3078901828440914,0.519551083172985,0.0657164519784387,5.279551083172985,5.279745730364384,5.279551083172985,-0.5163999143497424,5.279745730364384,-0.516594561541142,4.936703473475,-0.17355230465175797,4.93734054823855,-0.1741893794153082,4.832138538148646,-0.06898736932540395,4.83253460798618,-0.06938343916293821
643,2026-05-14T23:24:17.202Z,2026-05-14 23:24:17.202000+00:00,4538.156583333333,75.63594305555556,69.559,5,40,train,6,4,4.327580451965332,1.7146482467651367,2.178166151046753,6.697207450866699,10.590021848678589,0.6324073308406223,True,True,False,1.0481262207031254,1.202336796404938,12.089199304506955,1.2703282758758778,0.10391596503368744,0.03675926691593777,4.863915965033687,4.864570798550885,4.863915965033687,-0.5363355130683551,4.864570798550885,-0.5369903465855526,4.5215285416615005,-0.1939480896961685,4.521705430099253,-0.19412497813392093,4.504157122144019,-0.1765766701786866,4.5041673340999155,-0.1765868821345835
644,2026-05-14T23:25:26.362Z,2026-05-14 23:25:26.362000+00:00,4539.30925,75.65515416666668,69.16,5,40,train,6,5,4.0662384033203125,8.072714805603027,3.604891777038574,7.441350936889648,19.11895751953125,0.38921321569378603,True,True,False,1.0481262207031254,1.202336796404938,12.089199304506955,0.44655259895178356,-0.350127378681126,0.0610786784306214,4.409872621318874,4.411164663830141,4.409872621318874,-0.3436342179985612,4.411164663830141,-0.3449262605098289,4.068122406940757,-0.0018840036204448296,4.0676620863844395,-0.0014236830641269904,4.145867429334299,-0.07962902601398625,4.145562502706967,-0.07932409938665419
645,2026-05-14T23:26:35.581Z,2026-05-14 23:26:35.581000+00:00,4540.4628999999995,75.67438166666666,69.219,5,40,train,6,6,3.814820289611816,4.432000160217285,1.3035061359405518,6.562709808349609,12.298216104507446,0.5336310366138627,True,True,False,1.0481262207031254,1.202336796404938,12.089199304506955,0.2941123846612509,-0.5314866875745442,0.04663689633861373,4.228513312425456,4.231618017453806,4.228513312425456,-0.41369302281363973,4.231618017453806,-0.41679772784198965,3.888575760564421,-0.07375547095260515,3.8863027774910215,-0.07148248787920553,4.002755164897229,-0.18793487528541286,4.003556716017267,-0.1887364264054514
646,2026-05-14T23:27:44.527Z,2026-05-14 23:27:44.527000+00:00,4541.611999999999,75.69353333333332,68.946,5,40,train,6,7,4.456046104431152,5.059220790863037,6.578851699829102,4.573064804077148,16.211137294769287,0.2820940148075053,True,True,False,1.0481262207031254,1.202336796404938,12.089199304506955,1.3003685689524602,0.11406646367284655,0.07179059851924947,4.874066463672846,4.874395214768556,4.874066463672846,-0.41802035924169356,4.874395214768556,-0.4183491103374033,4.531352957879172,-0.07530685344801924,4.531855928738412,-0.07580982430725935,4.512166972061726,-0.05612086763057356,4.5119375931491055,-0.05589148871795313
647,2026-05-14T23:28:53.647Z,2026-05-14 23:28:53.647000+00:00,4542.764,75.71273333333333,69.12,5,40,train,6,8,4.862946510314941,1.995943665504456,9.354022026062012,4.598310470581055,15.948276162147522,0.2883264889464936,True,True,False,1.0481262207031254,1.202336796404938,12.089199304506955,4.686516051392598,0.6708501088303939,0.07116735110535065,5.430850108830394,5.43100609103968,5.430850108830394,-0.5679035985154526,5.43100609103968,-0.5680595807247384,5.087963834150296,-0.22501732383535433,5.08863957389596,-0.22569306358101837,4.951529962283811,-0.0885834519688693,4.952168402023417,-0.08922189170847528
648,2026-05-14T23:30:02.840Z,2026-05-14 23:30:02.840000+00:00,4543.917216666667,75.73195361111111,69.193,5,40,train,6,9,4.3799591064453125,5.730303764343262,5.552531719207764,1.1369889974594116,12.419824481010437,0.09154630157598731,True,True,False,1.0481262207031254,1.202336796404938,12.089199304506955,0.9689768549022336,-0.013686596435603306,0.09084536984240127,4.746313403564397,4.7466561435412835,4.746313403564397,-0.3663542971190843,4.7466561435412835,-0.366697037095971,4.4036138866518995,-0.023654780206586956,4.404102868629963,-0.024143762184650086,4.411355881456887,-0.031396775011574896,4.4109070940184285,-0.03094798757311601
649,2026-05-14T23:31:11.920Z,2026-05-14 23:31:11.920000+00:00,4545.06855,75.7511425,69.08,5,41,train,7,0,4.202974319458008,6.700732707977295,4.6786088943481445,2.516784906387329,13.896126508712769,0.18111413312258806,True,True,False,1.2554359436035156,1.4619702143768847,12.319068669832397,0.6982234776770322,-0.1560055521787324,0.0818885866877412,4.603994447821267,4.6045389027178025,4.603994447821267,-0.4010201283632595,4.6045389027178025,-0.4015645832597947,4.2614966458284185,-0.05852232637041066,4.261783912886833,-0.0588095934288253,4.299050711388732,-0.09607639193072437,4.298504712839963,-0.09553039338195557
650,2026-05-14T23:32:21.089Z,2026-05-14 23:32:21.089000+00:00,4546.221366666667,75.77035611111111,69.169,5,41,train,7,1,3.603099822998047,8.999819756,1.2922500371932983,1.9455376863479612,12.23760747954126,0.15898023282741305,True,True,False,1.2554359436035156,1.4619702143768847,12.319068669832397,0.14358621308296546,-0.8428872583488741,0.08410197671725869,3.9171127416511258,3.9227052232728545,3.9171127416511258,-0.3140129186530789,3.9227052232728545,-0.31960540027480766,3.57966296638347,0.02343685661457684,3.5749022067166916,0.02819761628135531,3.7570261692232276,-0.15392634622518075,3.7592335540895765,-0.15613373109152962
651,2026-05-14T23:33:30.096Z,2026-05-14 23:33:30.096000+00:00,4547.371483333333,75.78952472222223,69.007,5,41,train,7,2,4.205731391906738,9.128218650817873,6.670399188995361,4.9253010749816895,20.723918914794922,0.23766263008612185,True,True,False,1.2554359436035156,1.4619702143768847,12.319068669832397,0.7307448960370494,-0.1362342093344485,0.07623373699138783,4.623765790665551,4.624320373308376,4.623765790665551,-0.4180343987588131,4.624320373308376,-0.4185889814016379,4.281278116418992,-0.07554672451225386,4.281555255731117,-0.07582386382437889,4.314652456138818,-0.1089210642320797,4.3141501361869725,-0.10841874428023424
652,2026-05-14T23:34:39.448Z,2026-05-14 23:34:39.448000+00:00,4548.52735,75.80878916666667,69.352,5,41,train,7,3,4.517798424,4.827731609344482,7.631136417388916,2.431995153427124,14.890863180160522,0.16332130139153608,True,True,False,1.2554359436035156,1.4619702143768847,12.319068669832397,1.5806877918851592,0.19884609912190354,0.0836678698608464,4.958846099121903,4.95908639974767,4.958846099121903,-0.44104767512190257,4.95908639974767,-0.4412879757476693,4.616044142858286,-0.09824571885828526,4.616635564187469,-0.09883714018746836,4.579067346138439,-0.0612689221384386,4.578920957034576,-0.06112253303457571
653,2026-05-14T23:35:48.607Z,2026-05-14 23:35:48.607000+00:00,4549.679999999999,75.82799999999999,69.159,5,41,train,7,4,4.8585357666015625,2.300534963607788,9.569996834,1.6704964637756348,13.541028261383422,0.12336555478135958,True,True,False,1.2554359436035156,1.4619702143768847,12.319068669832397,4.1599006254579844,0.6190829560280104,0.08766344452186405,5.37908295602801,5.379215311423182,5.37908295602801,-0.5205471894264475,5.379215311423182,-0.5206795448216193,5.036173054533798,-0.1776372879322352,5.036872421093576,-0.1783366544920133,4.910680035659075,-0.05214426905751246,4.911206398270374,-0.052670631668811474
654,2026-05-14T23:36:57.791Z,2026-05-14 23:36:57.791000+00:00,4550.833066666667,75.84721777777779,69.184,5,41,train,7,5,4.5437116622924805,3.826026439666748,6.1287384033203125,2.844087839126587,12.798852682113647,0.22221428043321334,True,True,False,1.2554359436035156,1.4619702143768847,12.319068669832397,1.6018546917971987,0.20462311760786872,0.07777857195667867,4.964623117607869,4.964878964952323,4.964623117607869,-0.4209114553153883,4.964878964952323,-0.4211673026598426,4.621836708062939,-0.07812504577045853,4.622412582673435,-0.07870092038095411,4.5836260434684295,-0.03991438117594903,4.583502372479752,-0.03979071018727165
655,2026-05-14T23:38:06.961Z,2026-05-14 23:38:06.961000+00:00,4551.9859,75.86643166666666,69.17,5,41,train,7,6,4.655636787414551,1.1922907829284668,4.053720474243164,8.470541000366211,13.716552257537842,0.6175415542715029,True,True,False,1.2554359436035156,1.4619702143768847,12.319068669832397,3.399942809493624,0.5314716118274813,0.03824584457284971,5.291471611827481,5.291801787009329,5.291471611827481,-0.6358348244129299,5.291801787009329,-0.6361649995947785,4.948759530119945,-0.2931227427053944,4.9492610768930465,-0.2936242894784957,4.841545134696908,-0.18590834728235706,4.842069900584475,-0.18643311316992417
656,2026-05-14T23:39:16.101Z,2026-05-14 23:39:16.101000+00:00,4553.138233333333,75.88563722222221,69.14,5,41,train,7,7,4.184227943,4.342235565185547,2.7100160121917725,1.6382460594177246,8.690497636795044,0.18851004026299822,True,True,False,1.2554359436035156,1.4619702143768847,12.319068669832397,0.624106171005481,-0.20474152320284023,0.08114899597370018,4.555258476797159,4.555887267245327,4.555258476797159,-0.37103053379715956,4.555887267245327,-0.37165932424532766,4.212845010355943,-0.028617067355943604,4.213047941862725,-0.02881999886272535,4.260592717611868,-0.07636477461186786,4.260025499173515,-0.07579755617351491
657,2026-05-14T23:40:25.206Z,2026-05-14 23:40:25.206000+00:00,4554.289983333333,75.90483305555556,69.105,5,41,train,7,8,4.402013778686523,3.049438953399658,4.083176612854004,4.148284912109375,11.280900478363037,0.3677263991527855,True,True,False,1.2554359436035156,1.4619702143768847,12.319068669832397,1.3389927377630846,0.12677822155422586,0.06322736008472146,4.886778221554225,4.887142139959628,4.886778221554225,-0.4847644428677018,4.887142139959628,-0.4851283612731043,4.544099883070244,-0.14208610438372027,4.544567686619791,-0.1425539079332676,4.52219793472077,-0.12018415603424693,4.522019302700165,-0.12000552401364128
658,2026-05-14T23:41:34.393Z,2026-05-14 23:41:34.393000+00:00,4555.4431,75.92405166666667,69.187,5,41,train,7,9,4.604361534118652,4.970716476,9.647238731384276,6.391611099243164,21.00956630662744,0.3042238476491987,True,True,False,1.2554359436035156,1.4619702143768847,12.319068669832397,1.940814524015567,0.2879840335617671,0.06957761523508013,5.047984033561767,5.04823293004935,5.047984033561767,-0.4436224994431148,5.04823293004935,-0.4438713959306977,4.705190673159966,-0.10082913904131363,4.705773498627333,-0.10141196450868062,4.64940689321087,-0.045045359092217296,4.64942811170241,-0.04506657758375798
659,2026-05-14T23:42:43.586Z,2026-05-14 23:42:43.586000+00:00,4556.596316666666,75.94327194444443,69.193,5,42,train,8,0,4.515041351318359,6.785973549,9.176757813,9.636733055114746,25.599464417114746,0.3764427606021329,True,True,False,0.9053258895874023,1.0984331130276899,16.611422062531005,1.3523126411761968,0.1310771077602995,0.062355723939786716,4.8910771077602995,4.891443012397602,4.8910771077602995,-0.3760357564419401,4.891443012397602,-0.37640166107924244,4.548400755508218,-0.03335940418985839,4.548866572825865,-0.03382522150750589,4.525590224552831,-0.010548873234471401,4.525420918861385,-0.010379567543025381
660,2026-05-14T23:43:52.644Z,2026-05-14 23:43:52.644000+00:00,4557.747283333333,75.96245472222222,69.058,5,42,train,8,1,4.4444684982299805,6.070846080780029,6.9553961753845215,2.437584638595581,15.463826894760132,0.15763139714280874,True,True,False,0.9053258895874023,1.0984331130276899,16.611422062531005,1.1457045826618681,0.059072650215072825,0.08423686028571914,4.819072650215072,4.819386663313326,4.819072650215072,-0.3746041519850918,4.819386663313326,-0.3749181650833453,4.476344406423942,-0.031875908193961244,4.476862115280638,-0.032393617050657575,4.468770858446201,-0.024302360216220897,4.4684306116392,-0.023962113409219832
661,2026-05-14T23:45:01.820Z,2026-05-14 23:45:01.820000+00:00,4558.900216666666,75.98167027777777,69.176,5,42,train,8,2,4.7168378829956055,1.7455929517745972,5.360626220703125,1.881823182106018,8.98804235458374,0.20936963888986593,True,True,False,0.9053258895874023,1.0984331130276899,16.611422062531005,3.0709485938594265,0.48727254663191816,0.07906303611101341,5.247272546631918,5.247440193781873,5.247272546631918,-0.5304346636363126,5.247440193781873,-0.5306023107862679,4.904397936892489,-0.1875600538968838,4.905062011697484,-0.18822412870187843,4.8066672541804145,-0.08982937118480905,4.8069837373382445,-0.090145854342639
662,2026-05-14T23:46:10.950Z,2026-05-14 23:46:10.950000+00:00,4560.052383333333,76.00087305555554,69.13,5,42,train,8,3,3.874917984008789,8.640649795532227,2.4715075492858887,6.962075710296631,18.074233055114746,0.38519342364717735,True,True,False,0.9053258895874023,1.0984331130276899,16.611422062531005,0.28603260261326846,-0.5435844622273798,0.061480657635282265,4.21641553777262,4.218879140429706,4.21641553777262,-0.34149755376383073,4.218879140429706,-0.3439611564209173,3.875836883540322,-0.0009188995315327908,3.8742050028381856,0.0007129811706034772,3.9932087019349427,-0.11829071792615364,3.99348137186654,-0.11856338785775078
663,2026-05-14T23:47:20.341Z,2026-05-14 23:47:20.341000+00:00,4561.2089,76.02014833333332,69.391,5,42,train,8,4,4.375548362731934,7.407989025115967,7.523542404174805,1.734657883644104,16.666189312934875,0.10408245406751802,True,True,False,0.9053258895874023,1.0984331130276899,16.611422062531005,1.0155984814052865,0.00672204281432996,0.0895917545932482,4.7667220428143295,4.767053582192356,4.7667220428143295,-0.39117368008239595,4.767053582192356,-0.3915052194604227,4.424011325302972,-0.04846296257103866,4.424511507879895,-0.04896314514796174,4.427460522541804,-0.05191215980987085,4.427039694546256,-0.051491331814322194
664,2026-05-14T23:48:29.426Z,2026-05-14 23:48:29.426000+00:00,4562.360316666667,76.03933861111112,69.085,5,42,train,8,5,4.780243873596191,2.264489889144897,8.124918937683105,1.675530195236206,12.064939022064209,0.13887597709130708,True,True,False,0.9053258895874023,1.0984331130276899,16.611422062531005,3.5879687414948838,0.5548486508003101,0.08611240229086929,5.31484865080031,5.314991861047541,5.31484865080031,-0.5346047772041187,5.314991861047541,-0.5347479874513494,4.971949604158157,-0.19170573056196538,4.972638115865876,-0.1923942422696845,4.85999216674422,-0.07974829314802889,4.860411232899232,-0.08016735930304097
665,2026-05-14T23:49:38.538Z,2026-05-14 23:49:38.538000+00:00,4563.512183333334,76.0585363888889,69.112,5,42,train,8,6,4.376650810241699,9.065412521362305,8.568153381347656,4.674427032470703,22.307992935180664,0.20954045691394005,True,True,False,0.9053258895874023,1.0984331130276899,16.611422062531005,0.9451476544676951,-0.024500339097801277,0.079045954308606,4.735499660902199,4.735903659856384,4.735499660902199,-0.35884885066049943,4.735903659856384,-0.35925284961468495,4.392861402967,-0.0162105927253009,4.393289125967764,-0.016638315726065223,4.4028226597057145,-0.026171849464015295,4.402402814293025,-0.02575200405132616
666,2026-05-14T23:50:47.599Z,2026-05-14 23:50:47.599000+00:00,4564.6632,76.07772,69.061,5,42,train,8,7,4.679345131,3.7740941047668457,8.326635360717773,3.138716697692871,15.23944616317749,0.20596002401168856,True,True,False,0.9053258895874023,1.0984331130276899,16.611422062531005,2.2062606627113164,0.3436568216533694,0.07940399759883114,5.103656821653369,5.103857460719294,5.103656821653369,-0.4243116906533695,5.103857460719294,-0.42451232971929453,4.76081520382991,-0.08147007282991048,4.761446286718935,-0.08210115571893528,4.693338791826545,-0.01399366082654474,4.693422279215148,-0.01407714821514805
667,2026-05-14T23:51:56.438Z,2026-05-14 23:51:56.438000+00:00,4565.810516666666,76.09684194444444,68.839,5,42,train,8,8,4.385472297668457,8.925308227539062,8.953741073608398,5.588927745819092,23.467977046966553,0.23815123624136622,True,True,False,0.9053258895874023,1.0984331130276899,16.611422062531005,1.0031856430438566,0.0013813081841626278,0.07618487637586338,4.761381308184163,4.761775934946636,4.761381308184163,-0.3759090105157057,4.761775934946636,-0.3763036372781787,4.418733678057252,-0.03326138038879467,4.4191707732497285,-0.03369847558127148,4.4232461007327215,-0.03777380306426448,4.4228655344373085,-0.03739323676885142
668,2026-05-14T23:53:05.526Z,2026-05-14 23:53:05.526000+00:00,4566.961983333333,76.11603305555555,69.088,5,42,train,8,9,3.968097686767578,8.363320350646973,3.061056137084961,7.558425426483154,18.982801914215088,0.3981722751277882,True,True,False,0.9053258895874023,1.0984331130276899,16.611422062531005,0.3660096718462019,-0.43650743817406906,0.06018277248722118,4.323492561825931,4.325230728689867,4.323492561825931,-0.35539487505835243,4.325230728689867,-0.3571330419222889,3.9821884718004825,-0.014090785032904396,3.9812820268914964,-0.013184340123918226,4.077704146227012,-0.10960645945943348,4.077596231494314,-0.10949854472673604
669,2026-05-14T23:54:14.552Z,2026-05-14 23:54:14.552000+00:00,4568.112416666667,76.13520694444445,69.026,5,43,train,9,0,4.311591148376465,6.163873672485352,5.529486179351807,9.900377274,21.59373712583716,0.45848373610856286,True,True,False,0.5921545026811521,0.7956946248572688,13.993376970291138,0.897079738028156,-0.04716895244473177,0.05415162638914371,4.712831047555268,4.713453392433487,4.712831047555268,-0.4012398991788029,4.713453392433487,-0.4018622440570221,4.370411135544103,-0.05881998716763803,4.3706205126208335,-0.059029364244368665,4.3849346527017055,-0.07334350432524062,4.3846466046888635,-0.07305545631239863
670,2026-05-14T23:55:23.527Z,2026-05-14 23:55:23.527000+00:00,4569.262,76.15436666666666,68.975,5,43,train,9,1,4.194704055786133,4.705288887023926,3.318019390106201,8.147077560424805,16.17038583755493,0.5038270355617375,True,True,False,0.5921545026811521,0.7956946248572688,13.993376970291138,0.7051680502033604,-0.1517073729676,0.04961729644382626,4.6082926270324,4.609180046917855,4.6082926270324,-0.413588571246267,4.609180046917855,-0.41447599113172195,4.266137790028471,-0.0714337342423379,4.266082092097966,-0.07137803631183282,4.302442443324715,-0.107738387538582,4.302175454380228,-0.10747139859409494
671,2026-05-14T23:56:32.491Z,2026-05-14 23:56:32.491000+00:00,4570.4114,76.17352333333334,68.964,5,43,train,9,2,4.116411209106445,6.538043975830078,3.557945966720581,2.6964848041534424,12.792474746704102,0.21078679907874542,True,True,False,0.5921545026811521,0.7956946248572688,13.993376970291138,0.544191195390187,-0.26424848906193915,0.07892132009212546,4.495751510938061,4.496519938712688,4.495751510938061,-0.3793403018316157,4.496519938712688,-0.38010872960624287,4.153477681823304,-0.03706647271685881,4.153540976003627,-0.037129766897181504,4.213635234779377,-0.09722402567293198,4.213071103967086,-0.09665989486064053
672,2026-05-14T23:57:41.469Z,2026-05-14 23:57:41.469000+00:00,4571.561033333333,76.1926838888889,68.978,5,43,train,9,3,4.518900871276856,1.5414302349090576,3.309746742248535,3.571086883544922,8.422263860702515,0.42400558123182,True,True,False,0.5921545026811521,0.7956946248572688,13.993376970291138,2.1471920475491424,0.33187089001650577,0.05759944187681801,5.091870890016506,5.092152199914875,5.091870890016506,-0.5729700187396496,5.092152199914875,-0.573251328638019,4.749109943025491,-0.23020907174863492,4.749660355082072,-0.23075948380521538,4.6840384069974235,-0.1651375357205671,4.684164435626939,-0.1652635643500826
673,2026-05-14T23:58:50.397Z,2026-05-14 23:58:50.397000+00:00,4572.709833333333,76.21183055555555,68.928,5,43,train,9,4,3.965340614318848,8.149163246154785,2.8008463382720947,7.873523235321045,18.823532819747925,0.4182808461470562,True,True,False,0.5921545026811521,0.7956946248572688,13.993376970291138,0.34369741452825664,-0.46382373484076306,0.058171915385294384,4.296176265159237,4.298148082831211,4.296176265159237,-0.3308356508403887,4.298148082831211,-0.33280746851236254,3.955105825941826,0.010234788377021964,3.9539657302248026,0.011374884094045523,4.056148610446366,-0.09080799612751767,4.0561762133073085,-0.09083559898846039
674,2026-05-14T23:59:59.616Z,2026-05-14 23:59:59.616000+00:00,4573.8634833333335,76.23105805555556,69.219,5,43,train,9,5,4.385472297668457,7.768542289733887,8.025695801,5.389913082122803,21.184151172856687,0.2544313925133292,True,True,False,0.5921545026811521,0.7956946248572688,13.993376970291138,1.0331019001603352,0.014143160333496201,0.0745568607486671,4.774143160333496,4.774534834369029,4.774143160333496,-0.38867086266503925,4.774534834369029,-0.389062536700572,4.431492577479645,-0.04602027981118795,4.431932625399062,-0.046460327730605044,4.433316593229886,-0.04784429556142911,4.4329567145642494,-0.047484416895792414
675,2026-05-15T00:01:08.694Z,2026-05-15 00:01:08.694000+00:00,4575.014783333333,76.25024638888888,69.078,5,43,train,9,6,4.449981689453125,4.150158405303955,5.382058143615723,7.884538650512695,17.416755199432373,0.4526984825950622,True,True,False,0.5921545026811521,0.7956946248572688,13.993376970291138,1.296831980373902,0.11288371184096793,0.05473015174049378,4.872883711840967,4.8733158629937385,4.872883711840967,-0.42290202238784236,4.8733158629937385,-0.42333417354061353,4.5302736061043545,-0.08029191665122948,4.530673176906533,-0.08069148745340815,4.51123365193628,-0.0612519624831549,4.511083919738929,-0.06110223028580375
676,2026-05-15T00:02:17.696Z,2026-05-15 00:02:17.696000+00:00,4576.164816666667,76.26941361111112,69.002,5,43,train,9,7,4.363969802856445,5.403474807739258,5.245102882385254,8.705920219421387,19.3544979095459,0.44981379832785584,True,True,False,0.5921545026811521,0.7956946248572688,13.993376970291138,0.970690725692443,-0.012919119752448352,0.05501862016721441,4.747080880247552,4.747645514793283,4.747080880247552,-0.3831110773911064,4.747645514793283,-0.3836757119368377,4.404603257903899,-0.04063345504745364,4.4048703453131175,-0.040900542456672184,4.411961504221438,-0.04799170136499242,4.4116896006583675,-0.04771979780192215
677,2026-05-15T00:03:26.990Z,2026-05-15 00:03:26.990000+00:00,4577.319716666667,76.28866194444444,69.294,5,43,train,9,8,4.557495117,5.244602680206299,8.370645523071289,6.960899353027344,20.57614755630493,0.33829944764827413,True,True,False,0.5921545026811521,0.7956946248572688,13.993376970291138,1.5960495071748744,0.20304635841784266,0.0661700552351726,4.963046358417842,4.9633479035830135,4.963046358417842,-0.40555124141784216,4.9633479035830135,-0.40585278658301327,4.620305646693629,-0.06281052969362921,4.620835823483408,-0.06334070648340795,4.582381808587224,-0.024886691587223453,4.582291436053999,-0.024796319053998594
678,2026-05-15T00:04:35.973Z,2026-05-15 00:04:35.973000+00:00,4578.469433333334,76.30782388888889,68.983,5,43,train,9,9,4.162725448608398,9.379661560058594,5.567760467529297,7.468218803405762,22.415640830993652,0.3331699887464117,True,True,False,0.5921545026811521,0.7956946248572688,13.993376970291138,0.5935992926694165,-0.22650662523231832,0.06668300112535883,4.533493374767682,4.534307362631404,4.533493374767682,-0.37076792615928333,4.534307362631404,-0.37158191402300567,4.19126510574202,-0.02853965713362161,4.191282839833248,-0.028557391224849127,4.243417679527813,-0.08069223091941424,4.242957670877988,-0.08023222226958993
679,2026-05-15T00:05:45.242Z,2026-05-15 00:05:45.242000+00:00,4579.623916666666,76.32706527777778,69.269,5,44,train,10,0,4.68651294708252,3.5167548656463623,8.60333252,2.787356376647949,14.907443762294312,0.18697748729383531,True,True,False,1.1672191619873047,1.464643056040099,12.231826066970825,2.44638391036071,0.38852461176325065,0.08130225127061648,5.148524611763251,5.148708743265284,5.148524611763251,-0.4620116646807304,5.148708743265284,-0.46219579618276363,4.8056664863759,-0.11915353929337957,4.806314076828817,-0.1198011297462962,4.728744369197187,-0.042231422114666906,4.728895744136544,-0.04238279705402359
680,2026-05-15T00:06:54.298Z,2026-05-15 00:06:54.298000+00:00,4580.77485,76.34624749999999,69.056,5,44,train,10,1,3.840182304382324,6.674781799316406,1.7613259553909302,8.761538506,17.197646260707337,0.5094614910191576,True,True,False,1.1672191619873047,1.464643056040099,12.231826066970825,0.2638776829485745,-0.5785973380183939,0.04905385089808424,4.181402661981606,4.184895720130074,4.181402661981606,-0.3412203575992816,4.184895720130074,-0.3447134157477496,3.8418534632406893,-0.0016711588583651071,3.8391921270471716,0.0009901773351526089,3.965579726232071,-0.12539742184974667,3.9666034410811277,-0.1264211366988035
681,2026-05-15T00:08:03.337Z,2026-05-15 00:08:03.337000+00:00,4581.9255,76.365425,69.039,5,44,train,10,2,4.249288558959961,9.088737487792969,6.565085887908936,3.984553337097168,19.638376712799072,0.2028962676176939,True,True,False,1.1672191619873047,1.464643056040099,12.231826066970825,0.722331995695383,-0.14126314763978703,0.07971037323823063,4.618736852360213,4.61927442990428,4.618736852360213,-0.36944829340025187,4.61927442990428,-0.3699858709443191,4.276232173014896,-0.02694361405493506,4.276526317425779,-0.027237758465817663,4.310684075618498,-0.061395516658537375,4.310159233671375,-0.060870674711414274
682,2026-05-15T00:09:12.444Z,2026-05-15 00:09:12.444000+00:00,4583.077283333333,76.38462138888889,69.107,5,44,train,10,3,4.855778694152832,1.3817287683486938,6.990905284881592,9.847223281860352,18.219857335090637,0.540466541573574,True,True,False,1.1672191619873047,1.464643056040099,12.231826066970825,5.059535159882669,0.704110618268397,0.0459533458426426,5.464110618268397,5.464345908771446,5.464110618268397,-0.6083319241155651,5.464345908771446,-0.6085672146186143,5.121303651882062,-0.26552495772923024,5.121900083333963,-0.26612138918113093,4.977776129911195,-0.12199743575836308,4.978537299135352,-0.12275860498252023
683,2026-05-15T00:10:21.629Z,2026-05-15 00:10:21.629000+00:00,4584.230366666667,76.40383944444444,69.185,5,44,train,10,4,5.007401466369629,1.1108940839767456,8.545124053955078,3.445666790008545,13.101684927940369,0.2629941728075288,True,True,False,1.1672191619873047,1.464643056040099,12.231826066970825,7.6921141062931015,0.8860457180217053,0.07370058271924712,5.646045718021705,5.64617617689278,5.646045718021705,-0.6386442516520763,5.64617617689278,-0.6387747105231512,5.303133920003396,-0.2957324536337671,5.303835183087271,-0.29643371671764207,5.121342756102861,-0.1139412897332317,5.122349232076988,-0.11494776570735876
684,2026-05-15T00:11:30.716Z,2026-05-15 00:11:30.716000+00:00,4585.381816666666,76.42303027777777,69.087,5,44,train,10,5,4.792923927307129,2.7738232612609863,8.611686706542969,6.824950695037842,18.210460662841797,0.37478188066730583,True,True,False,1.1672191619873047,1.464643056040099,12.231826066970825,3.104627041965203,0.49200943596347557,0.06252181193326942,5.252009435963475,5.252220262988905,5.252009435963475,-0.45908550865634634,5.252220262988905,-0.45929633568177586,4.909178006099521,-0.1162540787923918,4.909798901029041,-0.11687497372191213,4.810405176224577,-0.01748124891744851,4.810764356480264,-0.017840429173134886
685,2026-05-15T00:12:39.999Z,2026-05-15 00:12:39.999000+00:00,4586.536533333333,76.44227555555555,69.283,5,44,train,10,6,4.332542419433594,3.094722032546997,3.026963710784912,4.195100307,10.31678605033191,0.4066286037660959,True,True,False,1.1672191619873047,1.464643056040099,12.231826066970825,0.9781051994171125,-0.00961443246258423,0.059337139623390406,4.750385567537416,4.75090514361711,4.750385567537416,-0.41784314810382206,4.75090514361711,-0.41836272418351594,4.407862886727726,-0.07532046729413189,4.408175032602982,-0.07563261316938785,4.414569262732399,-0.08202684329880494,4.414267683651206,-0.08172526421761184
686,2026-05-15T00:13:49.080Z,2026-05-15 00:13:49.080000+00:00,4587.687883333333,76.46146472222222,69.081,5,44,train,10,7,4.250943183898926,7.789391994476318,5.799689769744873,8.192085266113281,21.781167030334473,0.37610864719526843,True,True,False,1.1672191619873047,1.464643056040099,12.231826066970825,0.7445625761108954,-0.12809879647779843,0.06238913528047316,4.631901203522201,4.632564223426183,4.631901203522201,-0.38095801962327513,4.632564223426183,-0.381621039527257,4.289521966536799,-0.038578782637872955,4.289690668587767,-0.03874748468884093,4.321072183712492,-0.07012899981356657,4.320670304872705,-0.06972712097377887
687,2026-05-15T00:14:58.089Z,2026-05-15 00:14:58.089000+00:00,4588.838033333333,76.48063388888889,69.009,5,44,train,10,8,4.142876625061035,4.130131721496582,2.529968023300171,2.8892412185668945,9.549340963363647,0.3025592268253444,True,True,False,1.1672191619873047,1.464643056040099,12.231826066970825,0.6125635194955524,-0.21284887065960173,0.06974407731746557,4.547151129340398,4.547899582625205,4.547151129340398,-0.4042745042793632,4.547899582625205,-0.40502295756416995,4.204857325735821,-0.061980700674785894,4.204940594405964,-0.06206396934492897,4.254195136698074,-0.11131851163703921,4.253707935124269,-0.11083131006323388
688,2026-05-15T00:16:07.219Z,2026-05-15 00:16:07.219000+00:00,4589.9902,76.49983666666667,69.13,5,44,train,10,9,4.506219863891602,5.125380039215088,7.440125465393066,7.237451553344727,19.80295705795288,0.3654732741259044,True,True,False,1.1672191619873047,1.464643056040099,12.231826066970825,1.4516241543978199,0.16185418606090443,0.06345267258740957,4.921854186060904,4.922193180873962,4.921854186060904,-0.41563432216930263,4.922193180873962,-0.4159733169823605,4.579150923984578,-0.07293106009297645,4.57964365112647,-0.07342378723486842,4.549876694297513,-0.043656830405911506,4.549741628568062,-0.04352176467646007
689,2026-05-15T00:17:16.406Z,2026-05-15 00:17:16.406000+00:00,4591.143316666667,76.51905527777778,69.187,5,45,train,11,0,4.425170898,7.095794200897217,7.471175670623779,1.2137460708618164,15.780715942382812,0.07691324495627076,True,True,False,0.6500473022460938,0.7096036478048642,16.701217412556517,1.0529019668692052,0.02238793696922334,0.09230867550437294,4.782387936969223,4.782698521385298,4.782387936969223,-0.35721703896922286,4.782698521385298,-0.3575276233852982,4.439656264495914,-0.014485366495914143,4.440177402034789,-0.015006504034788648,4.439822620746843,-0.014651722746842566,4.439413481206406,-0.014242583206406145
690,2026-05-15T00:18:25.447Z,2026-05-15 00:18:25.447000+00:00,4592.294,76.53823333333334,69.041,5,45,train,11,1,4.303320885,4.186565399169922,3.598761558532715,2.8486969470977783,10.634023904800415,0.2678851366707779,True,True,False,0.6500473022460938,0.7096036478048642,16.701217412556517,0.8595975974115316,-0.06570480703863558,0.07321148633292221,4.6942951929613645,4.694777074395002,4.6942951929613645,-0.3909743079613648,4.694777074395002,-0.3914561893950026,4.351734817505618,-0.04841393250561854,4.35208465802693,-0.04876377302693058,4.370307842859987,-0.06698695785998687,4.3698752609236164,-0.06655437592361668
691,2026-05-15T00:19:34.535Z,2026-05-15 00:19:34.535000+00:00,4593.445466666667,76.55742444444445,69.088,5,45,train,11,2,4.440056800842285,3.9304141998291016,5.039947986602783,8.119422912597656,17.08978509902954,0.4751038626611358,True,True,False,0.6500473022460938,0.7096036478048642,16.701217412556517,1.2822943665382456,0.10798773430000973,0.05248961373388642,4.8679877343000095,4.868442764390958,4.8679877343000095,-0.42793093345772437,4.868442764390958,-0.4283859635486724,4.5254005075015735,-0.08534370665928837,4.525777199365575,-0.08572039852329016,4.50737019195292,-0.06731339111063495,4.507229722433267,-0.06717292159098154
692,2026-05-15T00:20:43.919Z,2026-05-15 00:20:43.919000+00:00,4594.601866666667,76.57669777777778,69.384,5,45,train,11,3,4.011102676391602,9.840267181396484,4.084085464477539,8.63731575,22.561668395874023,0.38283142888402505,True,True,False,0.6500473022460938,0.7096036478048642,16.701217412556517,0.41503806646619373,-0.38191206883478285,0.06171685711159751,4.378087931165217,4.3795038190816555,4.378087931165217,-0.3669852547736152,4.3795038190816555,-0.368401142690054,4.0364615621922715,-0.025358885800669917,4.035877396230783,-0.024774719839181003,4.120785843999224,-0.10968316760762242,4.120521527247335,-0.10941885085573322
693,2026-05-15T00:21:52.869Z,2026-05-15 00:21:52.869000+00:00,4595.751033333333,76.59585055555554,68.95,5,45,train,11,4,4.0579681396484375,6.458565711975098,3.0038137435913086,3.873577833175659,13.335957288742065,0.290461175700199,True,True,False,0.6500473022460938,0.7096036478048642,16.701217412556517,0.4650899096717111,-0.3324630825943376,0.0709538824299801,4.4275369174056625,4.42858940090312,4.4275369174056625,-0.36956877775722496,4.42858940090312,-0.37062126125468264,4.085547144013736,-0.027579004365298587,4.085326382471228,-0.027358242822790757,4.159806484506552,-0.10183834485811438,4.159343954746584,-0.1013758150981463
694,2026-05-15T00:23:02.133Z,2026-05-15 00:23:02.133000+00:00,4596.905433333333,76.61509055555555,69.264,5,45,train,11,5,4.516144752502441,2.1568822860717773,4.080495834350586,2.3457067012786865,8.58308482170105,0.2732941302581465,True,True,False,0.6500473022460938,0.7096036478048642,16.701217412556517,1.891849110496517,0.276886495124997,0.07267058697418535,5.036886495124997,5.0371290149692785,5.036886495124997,-0.5207417426225556,5.0371290149692785,-0.520984262466837,4.694086758079894,-0.177942005577453,4.694675960190563,-0.17853120768812136,4.640649725657386,-0.12450497315494502,4.640645880298455,-0.1245011277960133
695,2026-05-15T00:24:11.154Z,2026-05-15 00:24:11.154000+00:00,4598.055783333333,76.63426305555555,69.021,5,45,train,11,6,4.43895435333252,7.625329494476318,8.237989426,2.796506643295288,18.659825563771605,0.14986778058229855,True,True,False,0.6500473022460938,0.7096036478048642,16.701217412556517,1.0803453715629578,0.033562615659264015,0.08501322194177016,4.793562615659264,4.79389154572545,4.793562615659264,-0.35460826232674325,4.79389154572545,-0.35493719239292965,4.450849288836066,-0.01189493550354559,4.4513520807248295,-0.012397727392309044,4.448640660369106,-0.009686307036585795,4.448266190287525,-0.00931183695500426
696,2026-05-15T00:25:20.321Z,2026-05-15 00:25:20.321000+00:00,4599.208566666667,76.65347611111112,69.167,5,45,train,11,7,4.661149978637695,4.062740325927734,8.639938354492188,2.009774923324585,14.712453603744507,0.1366036541187849,True,True,False,0.6500473022460938,0.7096036478048642,16.701217412556517,2.1266282512208656,0.3276915789700813,0.08633963458812152,5.087691578970081,5.087880434531708,5.087691578970081,-0.42654160033238586,5.087880434531708,-0.4267304558940124,4.744838177642324,-0.08368819900462832,4.745481044035647,-0.08433106539795165,4.680740475001045,-0.01959049636334953,4.680785840615372,-0.01963586197767686
697,2026-05-15T00:26:29.342Z,2026-05-15 00:26:29.342000+00:00,4600.358916666666,76.6726486111111,69.021,5,45,train,11,8,4.481960296630859,7.840213298797607,9.857886314,7.586202621459961,25.284302234257567,0.30003606788015114,True,True,False,0.6500473022460938,0.7096036478048642,16.701217412556517,1.257349250372031,0.0994559272021924,0.06999639321198489,4.859455927202192,4.8598031847251955,4.859455927202192,-0.3774956305713326,4.8598031847251955,-0.3778428880943361,4.516760927835811,-0.034800631204952026,4.517245392267758,-0.03528509563689841,4.500637666112592,-0.018677369481732597,4.500396566081611,-0.01843626945075183
698,2026-05-15T00:27:38.423Z,2026-05-15 00:27:38.423000+00:00,4601.510266666666,76.69183777777776,69.081,5,45,train,11,9,4.408079147338867,7.228440284729004,7.375304698944092,1.8861922025680544,16.48993718624115,0.11438443829500168,True,True,False,0.6500473022460938,0.7096036478048642,16.701217412556517,1.0203175800629296,0.008735369606953444,0.08856155617049984,4.768735369606953,4.769069226572866,4.768735369606953,-0.36065622226808625,4.769069226572866,-0.36099007923399906,4.426026969683482,-0.017947822344615005,4.426524834672519,-0.01844568733365204,4.429049256851073,-0.02097010951220568,4.428633894002039,-0.02055474666317192
699,2026-05-15T00:28:47.722Z,2026-05-15 00:28:47.722000+00:00,4602.66525,76.7110875,69.299,5,46,train,12,0,3.953210830688477,3.711829185,1.4164084196090698,5.901358127593994,11.029595732203063,0.535047545792075,True,True,False,0.8805150985717778,1.000403908305493,17.753800988197327,0.3815931038348872,-0.41839948248344877,0.0464952454207925,4.341600517516551,4.343715686083673,4.341600517516551,-0.38838968682807407,4.343715686083673,-0.39050485539519597,4.000673429194289,-0.047462598505811915,3.999389982582117,-0.04617915189363986,4.091993297189391,-0.13878246650091386,4.092216225627376,-0.13900539493889896
700,2026-05-15T00:29:56.735Z,2026-05-15 00:29:56.735000+00:00,4603.815466666667,76.73025777777778,69.013,5,46,train,12,1,4.676589012145996,3.44446325302124,8.473745346069336,4.971662521362305,16.88987112045288,0.29435763517116736,True,True,False,0.8805150985717778,1.000403908305493,17.753800988197327,2.460106183056755,0.3909538525181778,0.07056423648288326,5.150953852518177,5.151165306918412,5.150953852518177,-0.4743648403721812,5.151165306918412,-0.47457629477241614,4.808123050029028,-0.13153403788303208,4.808743317583743,-0.13215430543774698,4.730661304960902,-0.05407229281490622,4.730838672401462,-0.05424966025546585
701,2026-05-15T00:31:05.885Z,2026-05-15 00:31:05.885000+00:00,4604.967966666666,76.7494661111111,69.15,5,46,train,12,2,4.425722122192383,3.780649185180664,4.987875938415527,5.748745441436768,14.517270565032959,0.395993545459123,True,True,False,0.8805150985717778,1.000403908305493,17.753800988197327,1.3193173167102978,0.12034926281123112,0.0604006454540877,4.880349262811231,4.880735065104321,4.880349262811231,-0.45462714061884846,4.880735065104321,-0.45501294291193783,4.537692808214937,-0.11197068602255378,4.538138727876797,-0.11241660568441425,4.517124785460904,-0.09140266326852142,4.516951863549558,-0.09122974135717499
702,2026-05-15T00:32:14.948Z,2026-05-15 00:32:14.948000+00:00,4606.1190166666665,76.76865027777778,69.063,5,46,train,12,3,3.7960739135742183,5.733279228210449,1.409136414527893,1.500279188156128,8.64269483089447,0.17358928175887675,True,True,False,0.8805150985717778,1.000403908305493,17.753800988197327,0.24578192661440149,-0.6094500557873153,0.08264107182411233,4.150549944212685,4.152879842413175,4.150549944212685,-0.35447603063846644,4.152879842413175,-0.3568059288389569,3.8098375855237907,-0.013763671949572398,3.8083394092782505,-0.012265495704032237,3.9412335687015356,-0.14515965512731732,3.9412816654116454,-0.14520775183742707
703,2026-05-15T00:33:23.965Z,2026-05-15 00:33:23.965000+00:00,4607.2693,76.78782166666666,69.017,5,46,train,12,4,3.945490837097168,4.477007389068604,1.8530523777008057,5.797338962554932,12.12739872932434,0.47803647690224177,True,True,False,0.8805150985717778,1.000403908305493,17.753800988197327,0.4139042482318338,-0.38310011606318073,0.05219635230977583,4.376899883936819,4.378579284022423,4.376899883936819,-0.43140904683965076,4.378579284022423,-0.4330884469252547,4.035537027133039,-0.09004619003587067,4.0346893490023845,-0.08919851190521655,4.11984834522868,-0.17435750813151163,4.119790300398723,-0.17429946330155488
704,2026-05-15T00:34:33.068Z,2026-05-15 00:34:33.068000+00:00,4608.421016666666,76.80701694444444,69.103,5,46,train,12,5,4.506219863891602,4.072435379,6.240315437316895,3.4397571086883545,13.75250792500525,0.2501185331029025,True,True,False,0.8805150985717778,1.000403908305493,17.753800988197327,1.5323301308833108,0.1853523413901251,0.07498814668970975,4.945352341390125,4.945627034269285,4.945352341390125,-0.43913247749852324,4.945627034269285,-0.4394071703776836,4.602584777379901,-0.09636491348829956,4.603141806455691,-0.09692194256408904,4.568419300352739,-0.062199436461137125,4.56827576915902,-0.06205590526741833
705,2026-05-15T00:35:42.265Z,2026-05-15 00:35:42.265000+00:00,4609.574299999999,76.82623833333332,69.197,5,46,train,12,6,4.656740188598633,4.817472935,9.854090690612791,7.227663516998291,21.899227142611082,0.33004194485634825,True,True,False,0.8805150985717778,1.000403908305493,17.753800988197327,2.0454895800287027,0.3107972714914142,0.06699580551436518,5.070797271491414,5.071046840728084,5.070797271491414,-0.4140570828927812,5.071046840728084,-0.4143066521294516,4.7280045838387,-0.07126439524006756,4.72858673655698,-0.071846547958347,4.667409024775962,-0.010668836177329055,4.667471931505157,-0.010731742906524566
706,2026-05-15T00:36:51.251Z,2026-05-15 00:36:51.251000+00:00,4610.724066666667,76.84540111111112,68.986,5,46,train,12,7,4.271342277526856,7.934273242950439,5.7644147872924805,7.414055347442627,21.112743377685547,0.3511649440725302,True,True,False,0.8805150985717778,1.000403908305493,17.753800988197327,0.7265208306777352,-0.13875192917228932,0.06488350559274698,4.62124807082771,4.621903887140725,4.62124807082771,-0.34990579330085403,4.621903887140725,-0.3505616096138686,4.278861630251341,-0.007519352724484563,4.279037535893276,-0.0076952583664198215,4.312665700733705,-0.04132342320684845,4.31223890572855,-0.040896628201693375
707,2026-05-15T00:38:00.594Z,2026-05-15 00:38:00.594000+00:00,4611.879783333334,76.86466305555557,69.343,5,46,train,12,8,4.43895435333252,7.901021003723144,9.126389503479004,9.369085311889648,26.396495819091797,0.35493670736072735,True,True,False,0.8805150985717778,1.000403908305493,17.753800988197327,1.1550898927086055,0.06261578369843789,0.06450632926392727,4.822615783698438,4.823022658468782,4.822615783698438,-0.38366143036591716,4.823022658468782,-0.3840683051362612,4.479980401579398,-0.04102604824687717,4.480405248764003,-0.04145089543148295,4.471566776996515,-0.03261242366399486,4.471306367677373,-0.0323520143448528
708,2026-05-15T00:39:09.675Z,2026-05-15 00:39:09.675000+00:00,4613.031133333334,76.88385222222223,69.081,5,46,train,12,9,4.499052047729492,5.040310382843018,6.680240154266357,4.038823605,15.759374142109376,0.25628071067925084,True,True,False,0.8805150985717778,1.000403908305493,17.753800988197327,1.3253628540427955,0.12233479445010909,0.07437192893207491,4.8823347944501085,4.882646936962936,4.8823347944501085,-0.38328274672061635,4.882646936962936,-0.38359488923344376,4.539604680073552,-0.0405526323440597,4.540124259515674,-0.041072211786182145,4.518691586363957,-0.01963953863446477,4.518463987962973,-0.01941194023348114
709,2026-05-15T00:40:18.755Z,2026-05-15 00:40:18.755000+00:00,4614.182466666666,76.90304111111111,69.08,5,47,train,13,0,4.865151405334473,1.975316882133484,9.042840003967283,2.9779391288757324,13.9960960149765,0.21276926977988672,True,True,False,0.8772058486938477,1.0848991249124917,14.668327451008118,4.5779186548541855,0.660668071418073,0.07872307302201133,5.420668071418072,5.420810269136909,5.420668071418072,-0.5555166660835997,5.420810269136909,-0.555658863802436,5.077768012247525,-0.21261660691305195,5.078457536483638,-0.21330613114916552,4.943495224836081,-0.07834381950160818,4.944104393368995,-0.07895298803452278
710,2026-05-15T00:41:27.792Z,2026-05-15 00:41:27.792000+00:00,4615.333083333333,76.92221805555555,69.037,5,47,train,13,1,4.413041114807129,8.425569534301758,8.869358063,8.593496322631836,25.888423919933594,0.33194358796075674,True,True,False,0.8772058486938477,1.0848991249124917,14.668327451008118,1.0526716356551937,0.022292920983523052,0.06680564120392432,4.782292920983523,4.782722046749614,4.782292920983523,-0.3692518061763943,4.782722046749614,-0.36968093194248475,4.43967978986023,-0.02663867505310069,4.440082386049089,-0.027041271241960096,4.4397476427765685,-0.02670652796943962,4.439432087724178,-0.026390972917049282
711,2026-05-15T00:42:37.221Z,2026-05-15 00:42:37.221000+00:00,4616.490233333333,76.94150388888889,69.429,5,47,train,13,2,3.987945556640625,7.478182792663574,2.815561532974243,4.534917831420898,14.828662157058716,0.3058211039801857,True,True,False,0.8772058486938477,1.0848991249124917,14.668327451008118,0.37650343820646276,-0.4242310534944187,0.06941788960198143,4.335768946505581,4.33721622722829,4.335768946505581,-0.3478233898649563,4.33721622722829,-0.34927067058766514,3.9941739703389056,-0.006228413698280644,3.993558411571147,-0.005612854930522104,4.087391551970478,-0.09944599532985343,4.08707571876499,-0.0991301621243652
712,2026-05-15T00:43:46.576Z,2026-05-15 00:43:46.576000+00:00,4617.64615,76.96076916666667,69.355,5,47,train,13,3,4.393743515014648,9.093373299,9.670580863952637,4.453043460845947,23.216997623798584,0.19180100429012212,True,True,False,0.8772058486938477,1.0848991249124917,14.668327451008118,1.063475626258092,0.02672754078043471,0.08081989957098779,4.786727540780435,4.7870788157589645,4.786727540780435,-0.39298402576578617,4.7870788157589645,-0.3933353007443161,4.4440365588695805,-0.05029304385493205,4.444517005846,-0.050773490831351964,4.443247041207924,-0.04950352619327525,4.442877913213457,-0.049134398198808604
713,2026-05-15T00:44:55.866Z,2026-05-15 00:44:55.866000+00:00,4618.8009833333335,76.9800163888889,69.29,5,47,train,13,4,4.301115989685059,9.923107147216797,7.318453311920166,3.4484870433807373,20.6900475025177,0.16667371319283356,True,True,False,0.8772058486938477,1.0848991249124917,14.668327451008118,0.7375163044543789,-0.13222837418871922,0.08333262868071664,4.62777162581128,4.628273663128149,4.62777162581128,-0.3266556361262216,4.628273663128149,-0.3271576734430903,4.285231406238765,0.015884583446293732,4.285561090876846,0.015554898808212592,4.317813496739187,-0.016697507054128202,4.317276844717593,-0.016160855032534727
714,2026-05-15T00:46:05.162Z,2026-05-15 00:46:05.162000+00:00,4619.955916666667,76.99926527777778,69.296,5,47,train,13,5,4.40587329864502,6.183122634887695,6.609888076782227,2.399478912353516,15.192489624023438,0.15793849275100313,True,True,False,0.8772058486938477,1.0848991249124917,14.668327451008118,1.0690210217546952,0.02898624547285534,0.08420615072489969,4.788986245472855,4.789321713528858,4.788986245472855,-0.3831129468278345,4.789321713528858,-0.38344841488383796,4.446279456639474,-0.040406157994453906,4.446775710538421,-0.04090241189340027,4.4450294054284285,-0.039156106783408084,4.444651850341811,-0.03877855169679023
715,2026-05-15T00:47:14.461Z,2026-05-15 00:47:14.461000+00:00,4621.1109,77.018515,69.299,5,47,train,13,6,4.412489891052246,9.139994621276855,9.108685493469238,2.3578906059265137,20.606570720672607,0.11442421147547209,True,True,False,0.8772058486938477,1.0848991249124917,14.668327451008118,0.9965744916594663,-0.0014902332329060136,0.0885575788524528,4.7585097667670935,4.758851552335023,4.7585097667670935,-0.3460198757148474,4.758851552335023,-0.3463616612827769,4.415809295445639,-0.003319404393392844,4.416299231832659,-0.003809340780413173,4.420980141532011,-0.008490250479765038,4.420552602050517,-0.008062710998270717
716,2026-05-15T00:48:23.621Z,2026-05-15 00:48:23.621000+00:00,4622.2635666666665,77.03772611111111,69.16,5,47,train,13,7,4.572933197021484,3.940943479537964,6.500703335,4.372736930847168,14.814383745385133,0.2951683314001725,True,True,False,0.8772058486938477,1.0848991249124917,14.668327451008118,1.6495297049431783,0.21736014078269533,0.07048316685998274,4.977360140782695,4.977636208710095,4.977360140782695,-0.40442694376121047,4.977636208710095,-0.40470301168861056,4.634593951820711,-0.0616607547992265,4.635149605848261,-0.06221640882677626,4.593676943198137,-0.020743746176652422,4.593592243119929,-0.020659046098444378
717,2026-05-15T00:49:32.812Z,2026-05-15 00:49:32.812000+00:00,4623.41675,77.05694583333334,69.191,5,47,train,13,8,4.034259796142578,8.707241058,3.57396936416626,3.877334356307984,16.158544778474244,0.2399556649106924,True,True,False,0.8772058486938477,1.0848991249124917,14.668327451008118,0.41045944867721157,-0.3867297425290516,0.07600443350893075,4.373270257470948,4.3744389785198905,4.373270257470948,-0.3390104613283702,4.3744389785198905,-0.3401791823773124,4.031396721630506,0.002863074512071684,4.031059722536514,0.0032000736060640023,4.116984174286692,-0.08272437814411404,4.116515678723025,-0.08225588258044692
718,2026-05-15T00:50:42.103Z,2026-05-15 00:50:42.103000+00:00,4624.571599999999,77.07619333333332,69.291,5,47,train,13,9,4.757637023925781,2.243337392807007,7.889118671417236,1.087640404701233,11.220096468925476,0.09693681402058335,True,True,False,0.8772058486938477,1.0848991249124917,14.668327451008118,3.516688437821592,0.5461338935576078,0.09030631859794166,5.3061338935576075,5.30627166574774,5.3061338935576075,-0.5484968696318262,5.30627166574774,-0.548634641821959,4.963229408858356,-0.20559238493257492,4.963923358623173,-0.206286334697392,4.853115273296444,-0.09547824937066274,4.853514316590139,-0.0958772926643574
719,2026-05-15T00:51:51.001Z,2026-05-15 00:51:51.001000+00:00,4625.7199,77.09533166666667,68.898,5,48,train,14,0,4.517247200012207,2.5839643478393555,4.507430553436279,8.784240723,15.875635624275635,0.5533158439066154,True,True,False,1.0679750437817384,1.2429767490435073,11.598800778087707,1.7443857370575864,0.2416425270139377,0.04466841560933846,5.001642527013938,5.002060341303488,5.001642527013938,-0.4843953270017307,5.002060341303488,-0.48481314129128084,4.659018084414104,-0.14177088440189678,4.6594319920795035,-0.1421847920672965,4.612838392922954,-0.09559119291074669,4.612909608457226,-0.09566240844501905
720,2026-05-15T00:53:00.144Z,2026-05-15 00:53:00.144000+00:00,4626.872283333333,77.11453805555556,69.143,5,48,train,14,1,4.700848579406738,4.326951026916504,9.656910896,7.605649948120117,21.58951187103662,0.35228447931347007,True,True,False,1.0679750437817384,1.2429767490435073,11.598800778087707,2.2318049906106197,0.34865624438665116,0.06477155206865298,5.108656244386651,5.108900442671295,5.108656244386651,-0.40780766497991294,5.108900442671295,-0.4080518632645571,4.765858185781911,-0.06500960637517306,4.766445709452217,-0.06559713004547874,4.697283881343061,0.0035646980636769854,4.69741083947962,0.0034377399271185993
721,2026-05-15T00:54:09.321Z,2026-05-15 00:54:09.321000+00:00,4628.025233333334,77.13375388888889,69.177,5,48,train,14,2,4.550328254699707,3.693356275558472,6.240413188934326,2.073237657546997,12.007007122039795,0.17266897874503698,True,True,False,1.0679750437817384,1.2429767490435073,11.598800778087707,1.6896320645347744,0.22779214263779918,0.08273310212549631,4.987792142637799,4.988023176973369,4.987792142637799,-0.4374638879380921,4.988023176973369,-0.43769492227366236,4.644980920083985,-0.0946526653842783,4.645581607703365,-0.09525335300365789,4.601908929839491,-0.051580675139783594,4.601807431926383,-0.05147917722667561
722,2026-05-15T00:55:18.350Z,2026-05-15 00:55:18.350000+00:00,4629.175716666667,77.15292861111111,69.029,5,48,train,14,3,3.8991775512695312,1.8943029642105105,1.783003568649292,6.313404560089111,9.990711092948914,0.6319274475412352,True,True,False,1.0679750437817384,1.2429767490435073,11.598800778087707,0.9412451980153002,-0.02629722644147099,0.03680725524587648,4.733702773558528,4.734573155600494,4.733702773558528,-0.8345252222889972,4.734573155600494,-0.8353956043309632,4.39153089871111,-0.4923533474415791,4.391492238624094,-0.49231468735456296,4.401404719715426,-0.502227168445895,4.4013505011066485,-0.5021729498371172
723,2026-05-15T00:56:27.724Z,2026-05-15 00:56:27.724000+00:00,4630.331950000001,77.17219916666667,69.374,5,48,train,14,4,4.2476348876953125,4.864665985107422,4.173658371,5.718749046325684,14.757073402433106,0.38752596062731465,True,True,False,1.0679750437817384,1.2429767490435073,11.598800778087707,0.8579537390187,-0.06653612873701485,0.061247403937268546,4.693463871262985,4.694040941141077,4.693463871262985,-0.4458289835676723,4.694040941141077,-0.4464060534457648,4.350998684251693,-0.10336379655638073,4.351253336328551,-0.1036184486332381,4.369651839418769,-0.12201695172345683,4.369293043522502,-0.12165815582718942
724,2026-05-15T00:57:37.029Z,2026-05-15 00:57:37.029000+00:00,4631.487033333334,77.19145055555556,69.305,5,48,train,14,5,4.767010688781738,2.1905856132507324,7.364757061004639,1.1226078271865845,10.677950501441956,0.10513326757180481,True,True,False,1.0679750437817384,1.2429767490435073,11.598800778087707,3.362003756646454,0.5265981943770731,0.08948667324281952,5.286598194377073,5.286740083238968,5.286598194377073,-0.519587505595335,5.286740083238968,-0.5197293944572294,4.943697826349584,-0.17668713756784538,4.944387659442639,-0.17737697066090075,4.837699477084236,-0.07068878830249758,4.838066532989439,-0.0710558442077005
725,2026-05-15T00:58:46.328Z,2026-05-15 00:58:46.328000+00:00,4632.642016666667,77.21070027777778,69.299,5,48,train,14,6,4.470932960510254,6.961555004119873,8.410897254943848,4.193567276000977,19.566019535064697,0.21432909583298695,True,True,False,1.0679750437817384,1.2429767490435073,11.598800778087707,1.20819231478689,0.08213606889033462,0.0785670904167013,4.842136068890334,4.842456702110971,4.842136068890334,-0.3712031083800804,4.842456702110971,-0.37152374160071666,4.4994144452215865,-0.028481484711332605,4.4999255339559,-0.028992573445646208,4.4869704098914305,-0.01603744938117657,4.486677006515073,-0.015744046004819268
726,2026-05-15T00:59:55.564Z,2026-05-15 00:59:55.564000+00:00,4633.79595,77.22993249999999,69.236,5,48,train,14,7,4.713529586791992,3.230489015579224,8.379723549,3.112520217895508,14.722732782474731,0.21140913605390638,True,True,False,1.0679750437817384,1.2429767490435073,11.598800778087707,2.593948937324438,0.41396142261294205,0.07885908639460937,5.173961422612942,5.174145039766348,5.173961422612942,-0.46043183582095004,5.174145039766348,-0.4606154529743556,4.831102782876964,-0.11757319608497152,4.831750887678508,-0.11822130088651583,4.748816785788144,-0.0352871989961514,4.749013643122721,-0.03548405633072882
727,2026-05-15T01:01:04.785Z,2026-05-15 01:01:04.785000+00:00,4634.949633333334,77.24916055555556,69.221,5,48,train,14,8,3.699035645,7.117587089538574,1.3675847053527832,6.172279357910156,14.657451152801514,0.4211018200616984,True,True,False,1.0679750437817384,1.2429767490435073,11.598800778087707,0.1921416188026499,-0.7163785546664342,0.057889817993830174,4.0436214453335655,4.048564304432416,4.0436214453335655,-0.34458580033356556,4.048564304432416,-0.34952865943241607,3.7055220475430315,-0.006486402543031566,3.7014109103991313,-0.0023752653991313544,3.856855326962422,-0.15781968196242202,3.8587771445314973,-0.1597414995314974
728,2026-05-15T01:02:13.913Z,2026-05-15 01:02:13.913000+00:00,4636.101766666668,77.2683627777778,69.128,5,48,train,14,9,4.719042778015137,3.4632859230041504,9.638237953186035,7.593172073364258,20.694695949554443,0.36691392286571567,True,True,False,1.0679750437817384,1.2429767490435073,11.598800778087707,2.7829749456047104,0.44450929651205195,0.06330860771342843,5.204509296512052,5.204729431852629,5.204509296512052,-0.48546651849691536,5.204729431852629,-0.485686653837492,4.861687174963245,-0.14264439694810793,4.862298761577618,-0.14325598356248115,4.772922388274802,-0.053879610259665256,4.773203238118192,-0.05416046010305564
729,2026-05-15T01:03:23.439Z,2026-05-15 01:03:23.439000+00:00,4637.260533333333,77.28767555555555,69.526,5,49,train,15,0,4.064584732055664,7.889843940734863,3.575603485107422,9.000218391418457,20.465665817260742,0.4397715897338494,True,True,False,0.994645118713378,1.1640094424127168,10.779601573944092,0.45319064761810596,-0.3437190611426187,0.05602284102661506,4.416280938857381,4.417660878989442,4.416280938857381,-0.35169620680171665,4.417660878989442,-0.35307614693377776,4.074618622100058,-0.0100338900443937,4.0740704039229465,-0.009485671867282441,4.150924290433755,-0.08633955837809104,4.150700444087773,-0.08611571203210922
730,2026-05-15T01:04:32.618Z,2026-05-15 01:04:32.618000+00:00,4638.4135166666665,77.30689194444444,69.179,5,49,train,15,1,4.723454475402832,3.227600098,8.769061088562012,2.7885570526123047,14.785218239174316,0.18860438902578094,True,True,False,0.994645118713378,1.1640094424127168,10.779601573944092,2.716898259482582,0.43407337556452263,0.0811395610974219,5.194073375564522,5.194247366018998,5.194073375564522,-0.47061890016169006,5.194247366018998,-0.470792890616166,4.851205109129614,-0.12775063372678197,4.851862840630088,-0.12840836522725585,4.76468730904231,-0.04123283363947827,4.764912835401797,-0.0414583599989653
731,2026-05-15T01:05:41.752Z,2026-05-15 01:05:41.752000+00:00,4639.56575,77.32609583333333,69.134,5,49,train,15,2,4.547571182250977,4.153491973876953,6.712915420532227,2.1483588218688965,13.014766216278076,0.16507087305047863,True,True,False,0.994645118713378,1.1640094424127168,10.779601573944092,1.6162100379036621,0.20849779973996774,0.08349291269495214,4.968497799739968,4.968734521300777,4.968497799739968,-0.4209266174889912,4.968734521300777,-0.42116333904980063,4.625692264411393,-0.07812108216041658,4.6262872648055335,-0.07871608255455698,4.586683590044241,-0.0391124077932643,4.586551782331948,-0.03898060008097115
732,2026-05-15T01:06:50.871Z,2026-05-15 01:06:50.871000+00:00,4640.717733333334,77.34529555555557,69.119,5,49,train,15,3,4.257007598876953,2.058003187179565,2.038094282150269,6.040048599243164,10.136146068572998,0.5958920242842853,True,True,False,0.994645118713378,1.1640094424127168,10.779601573944092,0.9903261058324304,-0.004221772429846185,0.04041079757157147,4.755778227570153,4.756531254153784,4.755778227570153,-0.4987706286932001,4.756531254153784,-0.49952365527683096,4.4134889972644,-0.1564813983874469,4.413567692635719,-0.1565600937587659,4.418824659344424,-0.16181706046747113,4.418717447926329,-0.1617098490493758
733,2026-05-15T01:08:00.281Z,2026-05-15 01:08:00.281000+00:00,4641.874566666666,77.3645761111111,69.41,5,49,train,15,4,4.148941993713379,1.5332051515579224,1.338006854057312,6.814852237701416,9.68606424331665,0.7035728926125634,True,True,False,0.994645118713378,1.1640094424127168,10.779601573944092,0.872686119465314,-0.059141931661972014,0.02964271073874366,4.700858068338028,4.702027196647479,4.700858068338028,-0.551916074624649,4.702027196647479,-0.5530852029341,4.358984939758095,-0.21004294604471596,4.358647533403594,-0.20970553969021477,4.375486666941878,-0.22654467322849925,4.375609477267048,-0.22666748355366906
734,2026-05-15T01:09:09.457Z,2026-05-15 01:09:09.457000+00:00,4643.0275,77.38379166666667,69.176,5,49,train,15,5,3.7514142990112314,7.951995849609375,1.652266263961792,1.151108980178833,10.75537109375,0.10702643080792891,True,True,False,0.994645118713378,1.1640094424127168,10.779601573944092,0.20778007121859302,-0.6823961092083112,0.08929735691920712,4.077603890791688,4.080434984193641,4.077603890791688,-0.3261895917804569,4.080434984193641,-0.32902068518240934,3.737392727304256,0.014021571706975156,3.7353933558572545,0.01602094315397684,3.8836711808068984,-0.13225688179566708,3.8839840812422053,-0.13256978223097393
735,2026-05-15T01:10:18.751Z,2026-05-15 01:10:18.751000+00:00,4644.182400000001,77.40304,69.294,5,49,train,15,6,4.359007835388184,6.619947910308838,6.932364463806152,3.645730495452881,17.19804286956787,0.21198519640301872,True,True,False,0.994645118713378,1.1640094424127168,10.779601573944092,1.0471932041958831,0.0200268151796316,0.07880148035969814,4.780026815179632,4.7803925249699395,4.780026815179632,-0.4210189797914481,4.7803925249699395,-0.4213846895817559,4.437350268080555,-0.07834243269237184,4.4378162802451975,-0.07880844485701388,4.437959438272329,-0.07895160288414527,4.43758963853557,-0.07858180314738661
736,2026-05-15T01:11:27.774Z,2026-05-15 01:11:27.774000+00:00,4645.332783333333,77.42221305555556,69.023,5,49,train,15,7,4.746059417724609,2.933581113815308,8.892245292663574,7.400453567504883,19.226279973983765,0.38491344022446783,True,True,False,0.994645118713378,1.1640094424127168,10.779601573944092,3.031191212265014,0.4816133332044054,0.06150865597755322,5.2416133332044055,5.241830200296215,5.2416133332044055,-0.4955539154797961,5.241830200296215,-0.495770782571606,4.898787943406831,-0.15272852568222195,4.899402798269971,-0.1533433805453619,4.802201517883304,-0.05614210015869503,4.802546720249186,-0.05648730252457668
737,2026-05-15T01:12:37.050Z,2026-05-15 01:12:37.050000+00:00,4646.487383333334,77.4414563888889,69.276,5,49,train,15,8,4.494090080261231,4.055516242980957,6.043869972229004,5.259434223175049,15.35882043838501,0.34243737950282865,True,True,False,0.994645118713378,1.1640094424127168,10.779601573944092,1.4902837543036278,0.17326896720125765,0.06575626204971714,4.933268967201258,4.9335892140886655,4.933268967201258,-0.4391788869400264,4.9335892140886655,-0.4394991338274341,4.590546957199281,-0.09645687693805005,4.5910584322668235,-0.09696835200559217,4.558884200926299,-0.06479412066506729,4.558754900018445,-0.06466481975721372
738,2026-05-15T01:13:46.234Z,2026-05-15 01:13:46.234000+00:00,4647.640450000001,77.46067416666668,69.184,5,49,train,15,9,3.8688535690307617,4.657606125,1.4004971981048584,4.148589134216309,10.206692457321168,0.40645773854394557,True,True,False,0.994645118713378,1.1640094424127168,10.779601573944092,0.30069034618182927,-0.5218805149233032,0.05935422614560544,4.238119485076696,4.240482370911627,4.238119485076696,-0.3692659160459346,4.240482370911627,-0.3716288018808651,3.8974401140222423,-0.02858654499148061,3.895908950142262,-0.02705538111150041,4.010335482274267,-0.14148191324350545,4.010567648895596,-0.1417140798648342
739,2026-05-15T01:14:55.539Z,2026-05-15 01:14:55.539000+00:00,4648.795533333334,77.47992555555557,69.305,5,50,train,16,0,4.860740661621094,2.039508343,9.044146537780762,8.553600311279297,19.63725519206006,0.4355802390721987,True,True,False,1.1506776809692378,1.3445657057701639,11.292237401008606,4.434473910745243,0.6468421041648912,0.05644197609278012,5.406842104164891,5.407042732727435,5.406842104164891,-0.5461014425437973,5.407042732727435,-0.5463020711063411,5.064000475838051,-0.20325981421695705,5.064631569230457,-0.20389090760936313,4.932585029524306,-0.07184436790321236,4.933215469080716,-0.07247480745962243
740,2026-05-15T01:16:04.815Z,2026-05-15 01:16:04.815000+00:00,4649.950133333333,77.49916888888887,69.276,5,50,train,16,1,4.822146415710449,2.79013466835022,9.908740043640137,8.287394523620605,20.986269235610962,0.39489603562113734,True,True,False,1.1506776809692378,1.3445657057701639,11.292237401008606,3.551348311620772,0.5503932694281906,0.06051039643788627,5.31039326942819,5.310597925611784,5.31039326942819,-0.4882468537177411,5.310597925611784,-0.4884515099013349,4.9675556687224,-0.14540925301195085,4.968182734493756,-0.14603631878330692,4.856476385166836,-0.03432996945638678,4.856936011998083,-0.03478959628763345
741,2026-05-15T01:17:14.006Z,2026-05-15 01:17:14.006000+00:00,4651.103316666667,77.5183886111111,69.191,5,50,train,16,2,4.977627754211426,1.705196976661682,9.764240264892578,2.522738456726074,13.992175698280334,0.18029636785050687,True,True,False,1.1506776809692378,1.3445657057701639,11.292237401008606,5.726165597600542,0.7578639034278442,0.08197036321494931,5.517863903427844,5.517990789078807,5.517863903427844,-0.540236149216418,5.517990789078807,-0.5403630348673811,5.174948532189423,-0.19732077797799707,5.17565336849341,-0.19802561428198384,5.0201933314711145,-0.04256557725968868,5.0209657353310035,-0.04333798111957776
742,2026-05-15T01:18:22.720Z,2026-05-15 01:18:22.720000+00:00,4652.24855,77.53747583333333,68.714,5,50,train,16,3,4.121373176574707,6.0290398597717285,3.0965070724487305,4.719962120056152,13.845509052276611,0.340902028393102,True,True,False,1.1506776809692378,1.3445657057701639,11.292237401008606,0.5135987063396145,-0.2893760788455007,0.0659097971606898,4.470623921154499,4.471615787360733,4.470623921154499,-0.3492507445797921,4.471615787360733,-0.3502426107860259,4.128573530471349,-0.0072003538966418645,4.128413386220065,-0.007040209645357898,4.193806827317344,-0.07243365074263686,4.193374085526758,-0.07200090895205058
743,2026-05-15T01:19:31.754Z,2026-05-15 01:19:31.754000+00:00,4653.3991166666665,77.55665194444444,69.034,5,50,train,16,4,4.215104103088379,1.0728204250335691,1.3194022178649902,9.344726563,11.73694920589856,0.796180199732285,True,True,False,1.1506776809692378,1.3445657057701639,11.292237401008606,1.229844424171646,0.08985017648237557,0.02038198002677149,4.849850176482375,4.8510641648661865,4.849850176482375,-0.6347460733939965,4.8510641648661865,-0.6359600617778076,4.5080219079768025,-0.29291780488842356,4.507639641547941,-0.29253553845956226,4.493057681685441,-0.27795357859706193,4.493484761182875,-0.2783806580944965
744,2026-05-15T01:20:40.770Z,2026-05-15 01:20:40.770000+00:00,4654.549383333333,77.57582305555555,69.016,5,50,train,16,5,3.826950073242188,6.437691688537598,1.6673561334609983,3.693315744400024,11.79836356639862,0.3130362718198034,True,True,False,1.1506776809692378,1.3445657057701639,11.292237401008606,0.25899906583438126,-0.5867018023423198,0.06869637281801966,4.1732981976576795,4.175874341490059,4.1732981976576795,-0.34634812441549157,4.175874341490059,-0.3489242682478708,3.8328320846006743,-0.0058820113584863165,3.8310876627232457,-0.004137589481057802,3.959184420424371,-0.13223434718218297,3.9594683149361605,-0.13251824169397253
745,2026-05-15T01:21:49.958Z,2026-05-15 01:21:49.958000+00:00,4655.702516666667,77.59504194444445,69.188,5,50,train,16,6,4.4885759353637695,7.120830059051514,9.731969833374023,1.0208641290664673,17.873664021492004,0.05711554876711007,True,True,False,1.1506776809692378,1.3445657057701639,11.292237401008606,1.3666903651216065,0.13567013274566578,0.09428844512328899,4.895670132745666,4.895910018421253,4.895670132745666,-0.40709419738189645,4.895910018421253,-0.4073340830574832,4.552867761531869,-0.06429182616809914,4.553459597811232,-0.06488366244746224,4.5292146219454015,-0.040638686581631944,4.528953932244472,-0.04037799688070276
746,2026-05-15T01:22:59.400Z,2026-05-15 01:22:59.400000+00:00,4656.8598833333335,77.61433138888889,69.442,5,50,train,16,7,4.657842636108398,1.355652093887329,4.21019458770752,6.206289291381836,11.772135972976685,0.5272016315160284,True,True,False,1.1506776809692378,1.3445657057701639,11.292237401008606,3.1056600780476042,0.4921539194199283,0.04727983684839718,5.2521539194199285,5.252432711558478,5.2521539194199285,-0.59431128331153,5.252432711558478,-0.5945900754500792,4.909390454669094,-0.2515478185606952,4.909943384485494,-0.25210074837709584,4.810519189421655,-0.15267655331325614,4.81093238482756,-0.1530897487191618
747,2026-05-15T01:24:08.696Z,2026-05-15 01:24:08.696000+00:00,4658.014816666667,77.63358027777778,69.296,5,50,train,16,8,4.175957679748535,4.841530799865723,3.1150059700012207,1.7374950647354126,9.694031834602356,0.17923348039084336,True,True,False,1.1506776809692378,1.3445657057701639,11.292237401008606,0.6433927819043542,-0.19152381567012752,0.08207665196091567,4.568476184329873,4.569075182047427,4.568476184329873,-0.3925185045813375,4.569075182047427,-0.39311750229889153,4.226032925158043,-0.050075245409507474,4.2262656493954385,-0.05030796964690332,4.271022929698666,-0.09506524995013077,4.270455993165274,-0.09449831341673853
748,2026-05-15T01:25:17.755Z,2026-05-15 01:25:17.755000+00:00,4659.1658,77.65276333333333,69.059,5,50,train,16,9,4.431235313415527,7.044685363769531,8.170198440551758,4.353118896484375,19.568002700805664,0.22246107398100196,True,True,False,1.1506776809692378,1.3445657057701639,11.292237401008606,1.1597676856614043,0.06437100393414108,0.0777538926018998,4.824371003934141,4.824707345334441,4.824371003934141,-0.39313569051861386,4.824707345334441,-0.3934720319189138,4.481665088445057,-0.05042977502952972,4.482160468999707,-0.05092515558417965,4.472951837096545,-0.04171652368101775,4.472638808513847,-0.04140349509831953
749,2026-05-15T01:26:27.126Z,2026-05-15 01:26:27.126000+00:00,4660.321983333333,77.67203305555556,69.371,5,51,train,17,0,4.107038497924805,9.732174873,4.929239273071289,8.326600074768066,22.988014220839354,0.3622148479106013,True,True,False,1.1231107711791992,1.4415541338558944,13.044439077025267,0.5064889747045639,-0.2954300039603328,0.06377851520893987,4.464569996039667,4.465613954796516,4.464569996039667,-0.35753149811486207,4.465613954796516,-0.3585754568717112,4.122571697907132,-0.015533199982327162,4.1223594611052325,-0.01532096318042786,4.189029620471981,-0.08199112254717633,4.188627157794813,-0.0815886598700084
750,2026-05-15T01:27:36.520Z,2026-05-15 01:27:36.520000+00:00,4661.47855,77.69130916666667,69.394,5,51,train,17,1,4.467073440551758,6.604974269866943,8.684326172,6.922669887542725,22.211970329409667,0.3116639264719705,True,True,False,1.1231107711791992,1.4415541338558944,13.044439077025267,1.3148160488102774,0.11886499649508007,0.06883360735280296,4.878864996495079,4.879204564301482,4.878864996495079,-0.4117915559433216,4.879204564301482,-0.4121311237497238,4.536162307412098,-0.06908886686033977,4.536654461560645,-0.06958102100888741,4.515953537539702,-0.04888009698794438,4.515741370483144,-0.048667929931386134
751,2026-05-15T01:28:45.699Z,2026-05-15 01:28:45.699000+00:00,4662.631533333333,77.71052555555555,69.179,5,51,train,17,2,3.893113136291504,8.231775283813477,2.360337257385254,5.895820140838623,16.487932682037354,0.3575839527330056,True,True,False,1.1231107711791992,1.4415541338558944,13.044439077025267,0.286734899338967,-0.5425194445912844,0.06424160472669944,4.217480555408716,4.219830099564136,4.217480555408716,-0.3243674191172117,4.219830099564136,-0.32671696327263167,3.876787842674751,0.016325293616752834,3.8752700204742814,0.017843115817222532,3.994049116945879,-0.10093598065437526,3.9942334978612037,-0.10112036156969983
752,2026-05-15T01:29:55.079Z,2026-05-15 01:29:55.079000+00:00,4663.787866666667,77.72979777777778,69.38,5,51,train,17,3,4.559149742126465,4.960491180419922,8.309014320373535,2.227839946746826,15.497345447540283,0.14375622936768348,True,True,False,1.1231107711791992,1.4415541338558944,13.044439077025267,1.6750386238304227,0.22402482565526902,0.08562437706323164,4.984024825655268,4.984249518567492,4.984024825655268,-0.42487508352880354,4.984249518567492,-0.42509977644102737,4.641207261678108,-0.08205751955164331,4.641814290720834,-0.08266454859436934,4.598936106070411,-0.03978636394394641,4.598822796226189,-0.039673054099724325
753,2026-05-15T01:31:04.038Z,2026-05-15 01:31:04.038000+00:00,4664.937183333333,77.74895305555556,68.959,5,51,train,17,4,4.495744705200195,5.664956092834473,7.566265583,4.502905368804932,17.734127044639404,0.253911870455786,True,True,False,1.1231107711791992,1.4415541338558944,13.044439077025267,1.3356265183715137,0.12568503322456576,0.0746088129544214,4.885685033224566,4.885994135045409,4.885685033224566,-0.3899403280243705,4.885994135045409,-0.3902494298452135,4.542951878156025,-0.047207172955829435,4.543474498290132,-0.0477297930899363,4.521335289961765,-0.025590584761570057,4.521111330625734,-0.025366625425538913
754,2026-05-15T01:32:13.100Z,2026-05-15 01:32:13.100000+00:00,4666.088216666667,77.76813694444445,69.062,5,51,train,17,5,5.016223907470703,1.1172382831573486,8.854835510253906,7.596809864044189,17.568883657455444,0.4324013985271309,True,True,False,1.1231107711791992,1.4415541338558944,13.044439077025267,7.925646340393812,0.8990346892646102,0.05675986014728691,5.65903468926461,5.6592030164131,5.65903468926461,-0.6428107817939068,5.6592030164131,-0.6429791089423968,5.316160759523716,-0.2999368520530128,5.316824154330176,-0.3006002468594726,5.131592470322781,-0.11536856285207797,5.132652329525469,-0.11642842205476622
755,2026-05-15T01:33:22.439Z,2026-05-15 01:33:22.439000+00:00,4667.243866666667,77.78739777777778,69.339,5,51,train,17,6,4.484165191650391,5.387366295,7.028181076049805,2.6624906063079834,15.078037977357788,0.1765807070061875,True,True,False,1.1231107711791992,1.4415541338558944,13.044439077025267,1.3045671467656916,0.11546643737976311,0.08234192929938125,4.875466437379763,4.875752289517386,4.875466437379763,-0.3913012457293723,4.875752289517386,-0.39158709786699575,4.532710032628002,-0.04854484097761169,4.533255902445329,-0.0490907107949381,4.513271703925625,-0.02910651227523431,4.5130109212852405,-0.02884572963484988
756,2026-05-15T01:34:31.834Z,2026-05-15 01:34:31.834000+00:00,4668.40045,77.80667416666667,69.395,5,51,train,17,7,4.177612305,9.154090881347656,5.143506050109863,7.11618185,21.41377878145752,0.33231789319510474,True,True,False,1.1231107711791992,1.4415541338558944,13.044439077025267,0.5618805970771225,-0.2503559647512127,0.06676821068048953,4.509644035248787,4.5105154474164415,4.509644035248787,-0.3320317302487865,4.5105154474164415,-0.33290314241644126,4.1674731905270574,0.0101391144729428,4.167433500314353,0.010178804685647691,4.224597950864844,-0.04698564586484366,4.224140334519203,-0.04652802951920254
757,2026-05-15T01:35:40.930Z,2026-05-15 01:35:40.930000+00:00,4669.55205,77.8258675,69.096,5,51,train,17,8,4.625312805175781,4.829179763793945,9.014965057373049,4.960478782653809,18.8046236038208,0.26379037874737987,True,True,False,1.1231107711791992,1.4415541338558944,13.044439077025267,1.866769409778738,0.2710906756108343,0.07362096212526202,5.031090675610834,5.031332294977897,5.031090675610834,-0.40577787043505253,5.031332294977897,-0.4060194898021159,4.688290038088513,-0.06297723291273183,4.6888801406764,-0.06356733550061833,4.636076192266675,-0.010763387090893417,4.636061178778212,-0.010748373602431194
758,2026-05-15T01:36:49.895Z,2026-05-15 01:36:49.895000+00:00,4670.701466666666,77.84502444444443,68.965,5,51,train,17,9,4.278510093688965,2.045252561569214,2.0637545585632324,5.834568023681641,9.943575143814087,0.5867676302834935,True,True,False,1.1231107711791992,1.4415541338558944,13.044439077025267,1.0090463140551322,0.003911100307245616,0.04132323697165065,4.763911100307245,4.764633889930063,4.763911100307245,-0.48540100661828056,4.764633889930063,-0.486123796241098,4.421591633040679,-0.14308153935171397,4.421700565372811,-0.14319047168384635,4.425242382486873,-0.14673228879790834,4.425125928345723,-0.14661583465675854
759,2026-05-15T01:37:59.180Z,2026-05-15 01:37:59.180000+00:00,4671.856216666667,77.86427027777778,69.285,5,52,train,18,0,4.865151405334473,2.222325325012207,9.451854705810549,2.481970787,14.156150817822756,0.17532808310258818,True,True,False,0.691950798034668,0.894496185578439,15.330775380134583,4.253137287970486,0.6287094016290727,0.08246719168974118,5.388709401629073,5.388848898721972,5.388709401629073,-0.5235579962946,5.388848898721972,-0.5236974933874992,5.045806641832588,-0.1806552364981151,5.046498866694638,-0.18134746136016577,4.918276350603447,-0.0531249452689746,4.918825728236254,-0.05367432290178176
760,2026-05-15T01:39:08.443Z,2026-05-15 01:39:08.443000+00:00,4673.0106,77.88350999999999,69.263,5,52,train,18,1,4.580652236938477,4.057123184204102,6.602071285247803,6.656601428985596,17.3157958984375,0.3844236480972993,True,True,False,0.691950798034668,0.894496185578439,15.330775380134583,1.627278982051158,0.21146201512423307,0.06155763519027008,4.971462015124233,4.971781368396538,4.971462015124233,-0.3908097781857567,4.971781368396538,-0.3911291314580616,4.628739111507154,-0.04808687456867755,4.629251480189799,-0.04859924325132248,4.589022679107327,-0.00837044216885019,4.5889615734780875,-0.008309336539610968
761,2026-05-15T01:40:17.797Z,2026-05-15 01:40:17.797000+00:00,4674.1665,77.902775,69.354,5,52,train,18,2,4.913671493530273,1.4525798559188845,7.722254276275635,8.20134449,17.37617862219452,0.4719878097664384,True,True,False,0.691950798034668,0.894496185578439,15.330775380134583,5.316233902604019,0.7256040806934727,0.05280121902335617,5.485604080693473,5.485805601889944,5.485604080693473,-0.5719325871631993,5.485805601889944,-0.5721341083596707,5.14276334500056,-0.22909185147028666,5.1433935457590385,-0.22972205222876507,4.99473681473633,-0.08106532120605614,4.995510050589726,-0.0818385570594522
762,2026-05-15T01:41:27.298Z,2026-05-15 01:41:27.298000+00:00,4675.32485,77.92208083333334,69.501,5,52,train,18,3,4.331991195678711,8.845995903015137,7.496705055236816,4.0699872970581055,20.41268825531006,0.19938516897691605,True,True,False,0.691950798034668,0.894496185578439,15.330775380134583,0.8474687460211894,-0.07187630926744142,0.0800614831023084,4.688123690732558,4.6885711833472135,4.688123690732558,-0.35613249505384736,4.6885711833472135,-0.3565799876685025,4.345528926457829,-0.013537730779118462,4.345913155798124,-0.013921960119413157,4.3654378548547825,-0.03344665917607159,4.36496694067293,-0.032975744994218736
763,2026-05-15T01:42:36.720Z,2026-05-15 01:42:36.720000+00:00,4676.481883333333,77.94136472222222,69.422,5,52,train,18,4,4.459354400634766,4.384469509124756,5.961052417755127,2.483749866485596,12.829271793365479,0.19360022193699575,True,True,False,0.691950798034668,0.894496185578439,15.330775380134583,1.359583503853604,0.13340588654590396,0.08063997780630043,4.893405886545904,4.893687589808349,4.893405886545904,-0.4340514859111382,4.893687589808349,-0.4343331891735831,4.550645332918965,-0.09129093228419904,4.55119535161147,-0.09184095097670397,4.527427884871534,-0.06807348423676807,4.527196184439617,-0.06784178380485173
764,2026-05-15T01:43:45.779Z,2026-05-15 01:43:45.779000+00:00,4677.632866666667,77.96054777777778,69.059,5,52,train,18,5,4.266380310058594,4.184394836425781,3.332782745361328,2.444040298461914,9.961217880249023,0.24535557075886535,True,True,False,0.691950798034668,0.894496185578439,15.330775380134583,0.7964790311729087,-0.09882565334153338,0.07546444292411347,4.661174346658466,4.661682496182333,4.661174346658466,-0.39479403659987256,4.661682496182333,-0.3953021861237396,4.318640239292949,-0.05225992923435552,4.318963811724032,-0.05258350166543835,4.344171884670679,-0.07779157461208541,4.343700326949059,-0.0773200168904653
765,2026-05-15T01:44:55.340Z,2026-05-15 01:44:55.340000+00:00,4678.792216666667,77.97987027777778,69.561,5,52,train,18,6,4.2217206954956055,5.881371021270752,3.986451387405396,5.947376251220703,15.81519865989685,0.3760544764007089,True,True,False,0.691950798034668,0.894496185578439,15.330775380134583,0.6778098802112416,-0.16889210488496628,0.06239455235992912,4.591107895115034,4.591847653707731,4.591107895115034,-0.36938719961942823,4.591847653707731,-0.3701269582121256,4.248805396818347,-0.027084701322741545,4.2488973601805995,-0.027176664684994023,4.288881816558742,-0.06716112106313687,4.2884670383073376,-0.06674634281173208
766,2026-05-15T01:46:04.695Z,2026-05-15 01:46:04.695000+00:00,4679.948133333333,77.99913555555555,69.355,5,52,train,18,7,4.343569755554199,7.453927993774414,7.062913417816162,1.7887964248657229,16.3056378364563,0.10970416752825915,True,True,False,0.691950798034668,0.894496185578439,15.330775380134583,0.9475424801145341,-0.02340131068360762,0.08902958324717408,4.736598689316392,4.736956498027511,4.736598689316392,-0.39302893376219306,4.736956498027511,-0.39338674247331173,4.393914241138127,-0.05034448558392768,4.394388154381958,-0.05081839882775885,4.403689912928037,-0.06012015737383791,4.403235517747895,-0.05966576219369557
767,2026-05-15T01:47:13.927Z,2026-05-15 01:47:13.927000+00:00,4681.102,78.01836666666667,69.232,5,52,train,18,8,4.364521026611328,1.684970140457153,2.1892099380493164,1.2077327966690063,5.081912875175476,0.23765318814665903,True,True,False,0.691950798034668,0.894496185578439,15.330775380134583,1.2992574084757116,0.11369520188585168,0.07623468118533411,4.873695201885852,4.87400503182147,4.873695201885852,-0.5091741752745236,4.87400503182147,-0.5094840052101421,4.530962774932086,-0.1664417483207581,4.5314846669514175,-0.16696364034008937,4.511874006041069,-0.14735297942974057,4.5116289923622235,-0.14710796575089535
768,2026-05-15T01:48:23.135Z,2026-05-15 01:48:23.135000+00:00,4682.2554666666665,78.03759111111111,69.208,5,52,train,18,9,4.710221290588379,1.9448988437652588,5.994935989379883,3.326789379119873,11.266624212265015,0.29527827647772975,True,True,False,0.691950798034668,0.894496185578439,15.330775380134583,3.0823896104405555,0.4888875321663964,0.07047217235222702,5.248887532166396,5.249075254582889,5.248887532166396,-0.5386662415780172,5.249075254582889,-0.5388539639945105,4.906032997693505,-0.1958117071051264,4.906676997231962,-0.19645570664358303,4.807941653814392,-0.09772036322601352,4.808276928272299,-0.09805563768392034
769,2026-05-15T01:49:32.354Z,2026-05-15 01:49:32.354000+00:00,4683.409116666667,78.05681861111111,69.219,5,53,train,19,0,4.019372940063477,4.74005127,2.1933274269104004,7.856081485748291,14.789460182658692,0.5311946067483856,True,True,False,0.72613525390625,0.8813618375310464,20.61669743013776,0.4627223002400985,-0.33467956979372326,0.04688053932516144,4.425320430206277,4.42692211140519,4.425320430206277,-0.4059474901428004,4.42692211140519,-0.40754917134171365,4.083879854515806,-0.06450691445232959,4.083109895271843,-0.0637369552083662,4.1580574344901216,-0.138684494426645,4.158025273715379,-0.1386523336519021
770,2026-05-15T01:50:41.578Z,2026-05-15 01:50:41.578000+00:00,4684.56285,78.0760475,69.224,5,53,train,19,1,4.110898017883301,7.094471454620361,3.580770492553711,2.1966326236724854,12.871874570846558,0.17065366909708918,True,True,False,0.72613525390625,0.8813618375310464,20.61669743013776,0.5047268870497309,-0.2969435595692461,0.08293463309029109,4.463056440430754,4.463863507444965,4.463056440430754,-0.3521584225474532,4.463863507444965,-0.3529654895616643,4.120821250555581,-0.009923232672280236,4.12084590549632,-0.009947887613019013,4.187835260106006,-0.07693724222270504,4.187242706131512,-0.07634468824821106
771,2026-05-15T01:51:50.941Z,2026-05-15 01:51:50.941000+00:00,4685.718900000001,78.09531500000001,69.363,5,53,train,19,2,4.386023521,9.614319801330566,9.61400032,6.124859333,25.35317945433057,0.24158150830876615,True,True,False,0.72613525390625,0.8813618375310464,20.61669743013776,0.999966770261738,-1.4431731744951509e-05,0.07584184916912337,4.759985568268255,4.7603832519384115,4.759985568268255,-0.37396204726825477,4.7603832519384115,-0.37435973093841124,4.417340995049027,-0.03131747404902718,4.417775033333821,-0.031751512333820564,4.422144709791448,-0.03612118879144788,4.421764043263936,-0.03574052226393576
772,2026-05-15T01:53:00.464Z,2026-05-15 01:53:00.464000+00:00,4686.877616666667,78.11462694444444,69.523,5,53,train,19,3,4.137363433837891,2.524498701095581,1.7730813026428225,5.805668354034424,10.103248357772827,0.574633835420654,True,True,False,0.72613525390625,0.8813618375310464,20.61669743013776,0.7023498573690456,-0.15344650143746105,0.042536616457934606,4.606553498562539,4.607593118432711,4.606553498562539,-0.4691900647246481,4.607593118432711,-0.4702296845948206,4.264550861543327,-0.12718742770543656,4.2643429636281045,-0.12697952979021387,4.301070081382075,-0.16370664754418396,4.300920331923188,-0.1635568980852975
773,2026-05-15T01:54:09.830Z,2026-05-15 01:54:09.830000+00:00,4688.033716666667,78.13389527777778,69.366,5,53,train,19,4,4.745508193969727,1.7785868644714355,6.262638568878174,5.761371136,13.80259656934961,0.41741212293300267,True,True,False,0.72613525390625,0.8813618375310464,20.61669743013776,3.521131688296438,0.5466822677373232,0.058258787706699726,5.306682267737323,5.306895680422922,5.306682267737323,-0.5611740737675968,5.306895680422922,-0.5613874864531958,4.963853423533538,-0.21834522956381175,4.964471732802889,-0.21896353883316255,4.853548000301728,-0.10803980633200183,4.854007857943563,-0.10849966397383604
774,2026-05-15T01:55:18.863Z,2026-05-15 01:55:18.863000+00:00,4689.184266666666,78.1530711111111,69.033,5,53,train,19,5,4.3799591064453125,7.065398693084717,6.815913200378418,6.659376621246338,20.540688514709473,0.324204157834216,True,True,False,0.72613525390625,0.8813618375310464,20.61669743013776,0.9646891133050307,-0.015612622541588676,0.06757958421657839,4.744387377458411,4.744850072749066,4.744387377458411,-0.3644282710130984,4.744850072749066,-0.3648909663037534,4.401807815859682,-0.02184870941436934,4.402176842523977,-0.022217736078664174,4.409836036905899,-0.029876930460586593,4.409478649049712,-0.029519542604399263
775,2026-05-15T01:56:28.382Z,2026-05-15 01:56:28.382000+00:00,4690.3429166666665,78.17238194444444,69.519,5,53,train,19,6,4.543160438537598,4.009778976,7.001586437225342,8.872658729553223,19.884024142778564,0.44622047659178565,True,True,False,0.72613525390625,0.8813618375310464,20.61669743013776,1.746127773907841,0.24207602028177636,0.055377952340821435,5.002076020281776,5.002412843383846,5.002076020281776,-0.45891558174417835,5.002412843383846,-0.4592524048462483,4.659370586494462,-0.11621014795686424,4.659865485347342,-0.11670504680974414,4.613180466365763,-0.07002002782816508,4.613188406954671,-0.07002796841707326
776,2026-05-15T01:57:37.471Z,2026-05-15 01:57:37.471000+00:00,4691.4944,78.19157333333332,69.089,5,53,train,19,7,4.286229133605957,1.0218379497528076,1.3900972604751587,2.324546813964844,4.73648202419281,0.49077496802302184,True,True,False,0.72613525390625,0.8813618375310464,20.61669743013776,1.3603891505609442,0.1336631596688713,0.050922503197697824,4.893663159668871,4.8941088870216864,4.893663159668871,-0.6074340260629141,4.8941088870216864,-0.6078797534157294,4.551066630132302,-0.26483749652634536,4.551452624734437,-0.26522349112847987,4.527630901410531,-0.24140176780457434,4.5275293939058905,-0.24130026029993346
777,2026-05-15T01:58:46.713Z,2026-05-15 01:58:46.713000+00:00,4692.648433333334,78.21080722222223,69.242,5,53,train,19,8,4.587820053100586,4.506059646606445,7.862677097320557,6.358954906463623,18.727691650390625,0.33954824893387153,True,True,False,0.72613525390625,0.8813618375310464,20.61669743013776,1.744911899522238,0.2417735043512214,0.06604517510661286,5.001773504351221,5.002056099658508,5.001773504351221,-0.4139534512506353,5.002056099658508,-0.4142360465579218,4.659013842769124,-0.07119378966853773,4.659562969416787,-0.07174291631620111,4.612941748319724,-0.025121695219137763,4.612906253684835,-0.025086200584248708
778,2026-05-15T01:59:56.200Z,2026-05-15 01:59:56.200000+00:00,4693.806549999999,78.23010916666665,69.487,5,53,train,19,9,4.695885658,3.864987134933472,9.484960556030272,3.106628894805908,16.456576585769653,0.18877734859462053,True,True,False,0.72613525390625,0.8813618375310464,20.61669743013776,2.4540729955608342,0.3898874765237453,0.08112226514053794,5.1498874765237455,5.150071680963109,5.1498874765237455,-0.45400181852374555,5.150071680963109,-0.4541860229631087,4.807029424073725,-0.11114376607372467,4.807676941589311,-0.11179128358931134,4.729819818057166,-0.033934160057166096,4.7299737093555825,-0.03408805135558257
779,2026-05-15T02:01:05.311Z,2026-05-15 02:01:05.311000+00:00,4694.9584,78.24930666666667,69.111,5,54,train,20,0,4.647918701171875,1.699917912483215,4.482192993164063,7.649719238,13.831830143647279,0.553051849144734,True,True,False,0.7812709808349614,0.9260844517743887,11.969522714420288,2.6367114319164635,0.421062602154474,0.04469481508552659,5.181062602154474,5.181383576426558,5.181062602154474,-0.5331439009825987,5.181383576426558,-0.5334648752546833,4.838341319537174,-0.19042261836529928,4.8388520672200395,-0.19093336604816447,4.754420390535888,-0.10650168936401272,4.754738696269974,-0.10681999509809881
780,2026-05-15T02:02:14.720Z,2026-05-15 02:02:14.720000+00:00,4696.115216666667,78.26858694444445,69.409,5,54,train,20,1,4.433992385864258,6.208259105682373,6.989808082580566,9.438173294067385,22.636240482330322,0.41694968302862623,True,True,False,0.7812709808349614,0.9260844517743887,11.969522714420288,1.1258885886677712,0.051495417406363306,0.05830503169713739,4.811495417406363,4.811956416020658,4.811495417406363,-0.37750303154210485,4.811956416020658,-0.37796403015640045,4.468914159131274,-0.0349217732670164,4.4692848824719285,-0.03529249660767064,4.462791595776764,-0.028799209912506285,4.46255393204986,-0.02856154618560236
781,2026-05-15T02:03:24.044Z,2026-05-15 02:03:24.044000+00:00,4697.270616666667,78.28784361111111,69.324,5,54,train,20,2,4.6605987548828125,2.584700584411621,5.920713424682617,3.195745944976806,11.701159954071045,0.27311360220017744,True,True,False,0.7812709808349614,0.9260844517743887,11.969522714420288,2.2906767075422794,0.3599637997795922,0.07268863977998224,5.119963799779592,5.120177923248198,5.119963799779592,-0.45936504489677965,5.120177923248198,-0.45957916836538537,4.777135666358814,-0.11653691147600131,4.777753264845158,-0.11715450996234544,4.706206775168612,-0.045608020285799356,4.706330346101003,-0.045731591218190815
782,2026-05-15T02:04:33.417Z,2026-05-15 02:04:33.417000+00:00,4698.426833333333,78.30711388888888,69.373,5,54,train,20,3,3.915718078613281,6.591556072235107,2.2232565879821777,6.6599531173706055,15.47476577758789,0.43037505142832067,True,True,False,0.7812709808349614,0.9260844517743887,11.969522714420288,0.3372885800588057,-0.4719983629359244,0.05696249485716793,4.288001637064076,4.290072053525095,4.288001637064076,-0.37228355845079486,4.290072053525095,-0.3743539749118141,3.9470297966357104,-0.0313117180224296,3.945791102129641,-0.03007302351636021,4.049697937774708,-0.13397985916142696,4.049788776292527,-0.13407069767924584
783,2026-05-15T02:05:42.711Z,2026-05-15 02:05:42.711000+00:00,4699.581733333333,78.32636222222223,69.294,5,54,train,20,4,4.643507957458496,3.15656852722168,7.121514320373535,1.5559884309768677,11.834071278572083,0.13148378054763718,True,True,False,0.7812709808349614,0.9260844517743887,11.969522714420288,2.25609368494898,0.35335712989091506,0.0868516219452363,5.113357129890915,5.113538058690762,5.113357129890915,-0.4698491724324185,5.113538058690762,-0.47003010123226563,4.770495801801378,-0.12698784434288157,4.77114659495648,-0.12763863749798432,4.700993392442763,-0.05748543498426706,4.701078790535797,-0.0575708330773006
784,2026-05-15T02:06:51.820Z,2026-05-15 02:06:51.820000+00:00,4700.73355,78.34555916666666,69.109,5,54,train,20,5,4.416348457336426,8.734155654907227,9.325912475585938,4.951785087585449,23.011853218078613,0.2151841071059509,True,True,False,0.7812709808349614,0.9260844517743887,11.969522714420288,1.0677520351204455,0.02847040785885894,0.07848158928940492,4.788470407858859,4.7888307387393345,4.788470407858859,-0.37212195052243313,4.7888307387393345,-0.37248228140290873,4.4457884818499505,-0.029440024513524676,4.446259872924425,-0.029911415587998924,4.444622353320261,-0.028273895983835118,4.444263531970857,-0.027915074634431214
785,2026-05-15T02:08:00.818Z,2026-05-15 02:08:00.818000+00:00,4701.883516666667,78.36472527777778,68.998,5,54,train,20,6,4.403116226196289,7.301874638,7.8912248611450195,3.389267444610596,18.582366943755616,0.1823915895574067,True,True,False,0.7812709808349614,0.9260844517743887,11.969522714420288,1.0807121804143223,0.03371004631093245,0.08176084104425933,4.793710046310932,4.794051939357693,4.793710046310932,-0.39059382011464283,4.794051939357693,-0.3909357131614035,4.4510096824683085,-0.04789345627201946,4.451499511376498,-0.048383285180208624,4.448756999224477,-0.04564077302818781,4.4483930477052835,-0.04527682150899448
786,2026-05-15T02:09:10.115Z,2026-05-15 02:09:10.115000+00:00,4703.038466666667,78.38397444444445,69.297,5,54,train,20,7,4.639097213745117,3.855590581893921,7.502263546,1.2616844177246094,12.61953854561853,0.09997864923219897,True,True,False,0.7812709808349614,0.9260844517743887,11.969522714420288,1.9458143666060055,0.28910140561159553,0.09000213507678012,5.049101405611595,5.049293504019629,5.049101405611595,-0.4100041918664781,5.049293504019629,-0.410196290274512,4.706251247130245,-0.06715403338512793,4.706890870677161,-0.06779365693204387,4.650288621561321,-0.01119140781620409,4.6502669335018245,-0.01116971975670733
787,2026-05-15T02:10:19.549Z,2026-05-15 02:10:19.549000+00:00,4704.1957,78.40326166666667,69.434,5,54,train,20,8,4.519452095031738,3.1253910064697266,5.0226240158081055,2.962446689605713,11.110461711883545,0.2666357858411172,True,True,False,0.7812709808349614,0.9260844517743887,11.969522714420288,1.607038609060756,0.20602631080230807,0.07333642141588828,4.966026310802308,4.96629697481429,4.966026310802308,-0.44657421577056944,4.96629697481429,-0.44684487978255216,4.623254717924906,-0.1038026228931681,4.6238157758678735,-0.10436368083613523,4.584733315858935,-0.06528122082719712,4.584623894992405,-0.06517179996066691
788,2026-05-15T02:11:28.613Z,2026-05-15 02:11:28.613000+00:00,4705.346766666667,78.42244611111111,69.064,5,54,train,20,9,4.696989059448242,1.834064007,5.217957973480225,3.9903085231781006,11.042330503658325,0.3613647066492088,True,True,False,0.7812709808349614,0.9260844517743887,11.969522714420288,2.845025011976163,0.4540860888384643,0.06386352933507913,5.214086088838464,5.2143018020976335,5.214086088838464,-0.5170970293902215,5.2143018020976335,-0.5173127426493913,4.871259545208249,-0.17427048576000725,4.8718755539040295,-0.1748864944557873,4.780479521372843,-0.08349046192460108,4.780774150717015,-0.08378509126877276
789,2026-05-15T02:12:37.991Z,2026-05-15 02:12:37.991000+00:00,4706.503066666667,78.44171777777778,69.378,5,55,train,21,0,4.343018531799316,3.730672836303711,3.6420857906341553,4.641317367553711,12.014075994491577,0.38632329025401063,True,True,False,1.0795536041259761,1.2708925344672628,9.204411268234253,0.9762544051551499,-0.010436993442164722,0.06136767097459894,4.749563006557835,4.75006637302362,4.749563006557835,-0.40654447475851896,4.75006637302362,-0.40704784122430393,4.407024116134236,-0.06400558433491987,4.407352471623401,-0.06433393982408475,4.413920172453308,-0.0709016406539913,4.413604289038249,-0.07058575723893235
790,2026-05-15T02:13:47.433Z,2026-05-15 02:13:47.433000+00:00,4707.6604333333335,78.46100722222222,69.442,5,55,train,21,1,4.209589958190918,6.200974464416504,4.269618988037109,3.392470359802246,13.86306381225586,0.24471288639695069,True,True,False,1.0795536041259761,1.2708925344672628,9.204411268234253,0.6885400048875818,-0.16207082171468964,0.07552871136030494,4.59792917828531,4.598529210319478,4.59792917828531,-0.3883392200943918,4.598529210319478,-0.3889392521285604,4.255486953430094,-0.04589699523917634,4.255718643350876,-0.046128685159957605,4.294264552558461,-0.08467459436754332,4.293751568662609,-0.0841616104716909
791,2026-05-15T02:14:56.581Z,2026-05-15 02:14:56.581000+00:00,4708.8129,78.480215,69.148,5,55,train,21,2,4.206833839416504,4.79615593,3.6087708473205566,9.239061356,17.64398813332056,0.5236379261983345,True,True,False,1.0795536041259761,1.2708925344672628,9.204411268234253,0.7524298417296362,-0.12353398845192688,0.04763620738016655,4.636466011548073,4.637323582786116,4.636466011548073,-0.42963217213156923,4.637323582786116,-0.43048974336961177,4.294281325896732,-0.08744748648022771,4.294255476613639,-0.08742163719713503,4.3246743148481315,-0.11784047543162757,4.324434544326276,-0.11760070490977181
792,2026-05-15T02:16:05.727Z,2026-05-15 02:16:05.727000+00:00,4709.965333333333,78.49942222222221,69.146,5,55,train,21,3,4.223925590515137,8.564431190490723,5.561652660369873,7.092403411865234,21.21848726272583,0.33425584604819325,True,True,False,1.0795536041259761,1.2708925344672628,9.204411268234253,0.649389613468446,-0.18749466189020436,0.06657441539518068,4.572505338109796,4.573235298426096,4.572505338109796,-0.34857974759465904,4.573235298426096,-0.34930970791095906,4.230193041536712,-0.006267451021574999,4.2302948031753616,-0.006369212660224832,4.274202371243344,-0.050276780728207626,4.2737462835215485,-0.04982069300641179
793,2026-05-15T02:17:14.884Z,2026-05-15 02:17:14.884000+00:00,4711.11795,78.5186325,69.157,5,55,train,21,4,4.431235313415527,3.353492259979248,4.455084323883057,7.412999153137207,15.221575736999512,0.48700602889083433,True,True,False,1.0795536041259761,1.2708925344672628,9.204411268234253,1.328491011310885,0.12335862028089271,0.05129939711091657,4.883358620280893,4.883810109471006,4.883358620280893,-0.4521233068653654,4.883810109471006,-0.4525747960554787,4.540767852581622,-0.10953253916609462,4.5411480853464585,-0.10991277193093119,4.519499496550242,-0.08826418313471507,4.519383956285401,-0.08814864286987323
794,2026-05-15T02:18:23.986Z,2026-05-15 02:18:23.986000+00:00,4712.26965,78.5378275,69.102,5,55,train,21,5,4.734480857849121,2.789015293121338,7.652313232421875,5.981151103973389,16.4224796295166,0.36420511633476416,True,True,False,1.0795536041259761,1.2708925344672628,9.204411268234253,2.7437329767588894,0.43834184305403684,0.06357948836652359,5.1983418430540365,5.19856270203279,5.1983418430540365,-0.46386098520491537,5.19856270203279,-0.46408184418366893,4.855520445143406,-0.12103958729428488,4.856131308119602,-0.12165045027048116,4.768055595191104,-0.0335747373419828,4.76832589099396,-0.03384503314483922
795,2026-05-15T02:19:33.424Z,2026-05-15 02:19:33.424000+00:00,4713.42695,78.55711583333333,69.438,5,55,train,21,6,4.573485374450684,4.891846656799316,7.821957111358643,4.368135452270508,17.081939220428467,0.2557166019562117,True,True,False,1.0795536041259761,1.2708925344672628,9.204411268234253,1.5989783940767404,0.20384259545565112,0.07442833980437884,4.963842595455651,4.96411032257484,4.963842595455651,-0.39035722100496706,4.96411032257484,-0.3906249481241568,4.621068065685456,-0.04758269123477277,4.6216320605212164,-0.04814668607053285,4.583010126406721,-0.009524751956037747,4.582894443188393,-0.009409068737709525
796,2026-05-15T02:20:42.735Z,2026-05-15 02:20:42.735000+00:00,4714.582133333333,78.5763688888889,69.311,5,55,train,21,7,3.654927253723145,9.299343109,1.3915855884552002,2.318131685256958,13.009060382712159,0.17819362944440947,True,True,False,1.0795536041259761,1.2708925344672628,9.204411268234253,0.14964342880395598,-0.8249423493005008,0.08218063705555906,3.935057650699499,3.94038762727788,3.935057650699499,-0.2801303969763542,3.94038762727788,-0.2854603735547352,3.5973453703884957,0.05758188333464931,3.592847115765065,0.062080137958079984,3.771186658611392,-0.11625940488824682,3.773218798269719,-0.1182915445465742
797,2026-05-15T02:21:52.209Z,2026-05-15 02:21:52.209000+00:00,4715.7400333333335,78.59566722222222,69.474,5,55,train,21,8,4.590025901794434,1.5763221979141235,4.401443958282471,9.214725494384766,15.19249165058136,0.6065315490255446,True,True,False,1.0795536041259761,1.2708925344672628,9.204411268234253,2.7922235467512313,0.44595018516676205,0.039346845097445536,5.205950185166762,5.206303677056783,5.205950185166762,-0.615924283372328,5.206303677056783,-0.6162777752623496,4.863261420167399,-0.27323551837296556,4.863739650232327,-0.27371374843789376,4.77405940649259,-0.1840335046981565,4.774448329202711,-0.1844224274082773
798,2026-05-15T02:23:01.485Z,2026-05-15 02:23:01.485000+00:00,4716.894633333333,78.61491055555555,69.276,5,55,train,21,9,4.663907051086426,2.892158031463623,6.9125189781188965,5.556817054748535,15.361494064331055,0.3617367576016778,True,True,False,1.0795536041259761,1.2708925344672628,9.204411268234253,2.3900903418547657,0.3784143169429028,0.06382632423983223,5.138414316942902,5.13865205958977,5.138414316942902,-0.4745072658564764,5.13865205958977,-0.4747450085033442,4.795609802700386,-0.13170275161396017,4.796203782008468,-0.1322967309220422,4.720766244475081,-0.05685919338865553,4.720941781722579,-0.057034730636153164
799,2026-05-15T02:24:10.684Z,2026-05-15 02:24:10.684000+00:00,4718.047949999999,78.63413249999999,69.199,5,56,train,22,0,3.9410810470581055,8.688295364379883,2.9051220417022705,3.241466522216797,14.83488392829895,0.21850299185916727,True,True,False,0.9196596145629883,1.0966454691073688,8.200482487289367,0.3343719245103749,-0.4757701951747066,0.07814970081408328,4.284229804825293,4.285761021445182,4.284229804825293,-0.3431487577671879,4.285761021445182,-0.3446799743870761,3.942718764555797,-0.0016377174976915931,3.942019269890859,-0.0009382228327536879,4.046721550976244,-0.1056405039181385,4.046379124737858,-0.10529807767975274
800,2026-05-15T02:25:20.097Z,2026-05-15 02:25:20.097000+00:00,4719.204833333333,78.65341388888889,69.413,5,56,train,22,1,4.344673156738281,8.505611419677734,7.630064487457275,1.2995209693908691,17.43519687652588,0.07453434444095652,True,True,False,0.9196596145629883,1.0966454691073688,8.200482487289367,0.897062434548223,-0.04717732949084075,0.09254656555590435,4.712822670509159,4.713187050442069,4.712822670509159,-0.3681495137708781,4.713187050442069,-0.3685138937037875,4.370144793552685,-0.025471636814403453,4.370612135574725,-0.025938978836443916,4.384928042299157,-0.04025488556087531,4.384435951330624,-0.039762794592342665
801,2026-05-15T02:26:29.489Z,2026-05-15 02:26:29.489000+00:00,4720.361366666666,78.67268944444443,69.392,5,56,train,22,2,3.955415725708008,8.799474716186523,3.079986810684204,1.363316774368286,13.242778301239014,0.10294794214298159,True,True,False,0.9196596145629883,1.0966454691073688,8.200482487289367,0.3500193943416426,-0.45590789101487067,0.08970520578570185,4.304092108985129,4.305339244015244,4.304092108985129,-0.34867638327712136,4.305339244015244,-0.3499235183072358,3.962296987125859,-0.006881261417851281,3.961881574050695,-0.006465848342687153,4.0623950741198644,-0.10697934841185663,4.0618637965719415,-0.10644807086393371
802,2026-05-15T02:27:38.613Z,2026-05-15 02:27:38.613000+00:00,4721.513433333333,78.69189055555555,69.124,5,56,train,22,3,4.860740661621094,2.323538303375244,9.705660820007324,7.815519332885742,19.84471845626831,0.39383372206104894,True,True,False,0.9196596145629883,1.0966454691073688,8.200482487289367,4.177103861773476,0.6208752739326623,0.06061662779389511,5.380875273932662,5.381066361359007,5.380875273932662,-0.5201346123115682,5.381066361359007,-0.5203256997379135,5.038024104469623,-0.17728344284852948,5.038664738998228,-0.177924077377134,4.912094369863869,-0.0513537082427753,4.912670417830995,-0.05192975620990126
803,2026-05-15T02:28:48.073Z,2026-05-15 02:28:48.073000+00:00,4722.6711000000005,78.71118500000001,69.46,5,56,train,22,4,4.521106719970703,6.110586643218994,8.579456329345703,3.4469263553619385,18.136969327926636,0.19004974276791042,True,True,False,0.9196596145629883,1.0966454691073688,8.200482487289367,1.4040315325315695,0.1473768615335882,0.08099502572320896,4.907376861533588,4.907649863720614,4.907376861533588,-0.38627014156288464,4.907649863720614,-0.38654314374991117,4.56460760683123,-0.04350088686052711,4.565166326599154,-0.04405960662845043,4.5384525070929165,-0.017345787122213352,4.53823912916125,-0.017132409190546483
804,2026-05-15T02:29:57.291Z,2026-05-15 02:29:57.291000+00:00,4723.824733333333,78.73041222222221,69.218,5,56,train,22,5,4.518900871276856,6.073631286621094,8.666069984436035,6.474480152130127,21.214181423187256,0.30519585097228746,True,True,False,0.9196596145629883,1.0966454691073688,8.200482487289367,1.4268350473505904,0.15437376837309388,0.06948041490277125,4.9143737683730935,4.914687771962931,4.9143737683730935,-0.3954728970962371,4.914687771962931,-0.39578690068607436,4.571645515073547,-0.052744643796690305,4.572163233438659,-0.05326236216180291,4.543973829312144,-0.025072958035287307,4.543805502673486,-0.024904631396629462
805,2026-05-15T02:31:06.589Z,2026-05-15 02:31:06.589000+00:00,4724.9797,78.74966166666667,69.298,5,56,train,22,6,4.096011161804199,7.492346764,3.755994319915772,1.7653578519821167,13.013698935897889,0.1356538107019236,True,True,False,0.9196596145629883,1.0966454691073688,8.200482487289367,0.50131079596622,-0.29989294254818727,0.08643461892980764,4.460107057451813,4.460888522841289,4.460107057451813,-0.3640958956476137,4.460888522841289,-0.3648773610370899,4.117846265951905,-0.02183510414770584,4.117896522517379,-0.02188536071317948,4.18550787542758,-0.08949671362338041,4.184889751968563,-0.08887859016436384
806,2026-05-15T02:32:15.855Z,2026-05-15 02:32:15.855000+00:00,4726.134133333334,78.76890222222224,69.266,5,56,train,22,7,4.387126922607422,6.396283149719238,6.580809593200684,3.4320688247680664,16.40916156768799,0.20915564824020663,True,True,False,0.9196596145629883,1.0966454691073688,8.200482487289367,1.0288490110838113,0.012351644476203204,0.07908443517597934,4.772351644476203,4.772722415734004,4.772351644476203,-0.38522472186878076,4.772722415734004,-0.3855954931265817,4.4296801588446195,-0.042553236237197645,4.430141109541768,-0.043014186934346554,4.431902891927888,-0.044775969320466125,4.431523249003782,-0.044396326396360486
807,2026-05-15T02:33:25.121Z,2026-05-15 02:33:25.121000+00:00,4727.288566666667,78.78814277777778,69.266,5,56,train,22,8,4.535442352294922,6.518930435180664,9.748445510864258,2.0227532386779785,18.2901291847229,0.11059261628220281,True,True,False,0.9196596145629883,1.0966454691073688,8.200482487289367,1.4954056662815258,0.17475902191059206,0.08894073837177972,4.934759021910592,4.934995178992444,4.934759021910592,-0.39931666961567025,4.934995178992444,-0.3995528266975219,4.59195292210306,-0.056510569808137845,4.592548486976158,-0.05710613468123604,4.5600600165207075,-0.024617664225785596,4.5598668960164135,-0.02442454372149161
808,2026-05-15T02:34:34.458Z,2026-05-15 02:34:34.458000+00:00,4728.444183333334,78.80740305555557,69.337,5,56,train,22,9,4.482511520385742,7.24512767791748,8.762523651123047,4.682413101196289,20.690064430236816,0.2263121565901617,True,True,False,0.9196596145629883,1.0966454691073688,8.200482487289367,1.2094367471025333,0.0825831599218217,0.07736878434098383,4.842583159921822,4.842908452246485,4.842583159921822,-0.3600716395360797,4.842908452246485,-0.36039693186074295,4.499866195357101,-0.017354674971358897,4.500372624987388,-0.017861104601645472,4.487323213452031,-0.004811693066288925,4.487034301595075,-0.0045227812093324715
809,2026-05-15T02:35:43.779Z,2026-05-15 02:35:43.779000+00:00,4729.599533333333,78.82665888888889,69.321,5,57,train,23,0,4.393743515014648,2.94284462928772,3.421968698501587,4.7456159591674805,11.110429286956787,0.4271316469057275,True,True,False,0.7945032119750977,0.9523257270318747,13.408149480507202,1.1628098420302375,0.06550869898533022,0.057286835309427256,4.82550869898533,4.825963980387517,4.82550869898533,-0.43176518397068175,4.825963980387517,-0.4322204653728683,4.482921723498133,-0.08917820848348423,4.483298164050896,-0.08955464903624755,4.473849602510452,-0.08010608749580328,4.473632697583319,-0.07988918256867095
810,2026-05-15T02:36:53.152Z,2026-05-15 02:36:53.152000+00:00,4730.755749999999,78.84592916666665,69.373,5,57,train,23,1,4.28953743,9.677569389343262,6.992137432098389,3.3433055877685547,20.013012409210205,0.1670565889535915,True,True,False,0.7945032119750977,0.9523257270318747,13.408149480507202,0.7225096665075825,-0.14115633807616362,0.08329434110464085,4.618843661923836,4.619357991603793,4.618843661923836,-0.32930623192383557,4.619357991603793,-0.3298205616037926,4.276315734714409,0.013221695285591473,4.276633126989402,0.012904303010598639,4.310768360007355,-0.021230930007354765,4.310225323710459,-0.020687893710459093
811,2026-05-15T02:38:02.359Z,2026-05-15 02:38:02.359000+00:00,4731.9092,78.86515333333334,69.207,5,57,train,23,2,3.836322784423828,8.662976264953613,2.2236032485961914,8.168315887451172,19.054895401000977,0.4286728274048715,True,True,False,0.7945032119750977,0.9523257270318747,13.408149480507202,0.2566789034839977,-0.5906098246553769,0.057132717259512855,4.169390175344623,4.1725270910663035,4.169390175344623,-0.33306739092079507,4.1725270910663035,-0.33620430664247536,3.829484834176919,0.006837950246909141,3.8271796404101885,0.009143144013639581,3.9561005648114187,-0.11977778038759057,3.9568209308759954,-0.12049814645216728
812,2026-05-15T02:39:11.724Z,2026-05-15 02:39:11.724000+00:00,4733.065283333333,78.8844213888889,69.365,5,57,train,23,3,4.606015205383301,2.8074965476989746,6.457064628601074,8.275205612182617,17.539766788482666,0.47179678680884507,True,True,False,0.7945032119750977,0.9523257270318747,13.408149480507202,2.299936800952894,0.36171590237649776,0.0528203213191155,5.121715902376497,5.122009832008773,5.121715902376497,-0.5157006969931963,5.122009832008773,-0.5159946266254725,4.778967575119389,-0.1729523697360884,4.779505367442063,-0.1734901620587621,4.70758937511178,-0.10157416972847955,4.707779226656221,-0.1017640212729205
813,2026-05-15T02:40:20.992Z,2026-05-15 02:40:20.992000+00:00,4734.21975,78.90366250000001,69.268,5,57,train,23,4,4.298358917236328,5.530537128448486,4.976013184,7.999756813049316,18.506307125497802,0.43227191458566755,True,True,False,0.7945032119750977,0.9523257270318747,13.408149480507202,0.8997341611547864,-0.04588578989163555,0.05677280854143325,4.714114210108364,4.714706019887848,4.714114210108364,-0.41575529287203583,4.714706019887848,-0.4163471026515202,4.371663762998464,-0.07330484576213614,4.37190367517393,-0.07354475793760162,4.385947207831823,-0.08758829059549456,4.385637324096192,-0.08727840685986354
814,2026-05-15T02:41:30.449Z,2026-05-15 02:41:30.449000+00:00,4735.377366666667,78.9229561111111,69.457,5,57,train,23,5,4.374445915222168,6.141618251800537,5.901434898376465,3.836759567260742,15.879812717437744,0.24161239402071583,True,True,False,0.7945032119750977,0.9523257270318747,13.408149480507202,0.9608924971275026,-0.017325197675778427,0.07583876059792843,4.742674802324221,4.743088821067933,4.742674802324221,-0.36822888710205337,4.743088821067933,-0.368642905845765,4.400046564178549,-0.025600648956380923,4.400464267389787,-0.026018352167619163,4.408484628439646,-0.034038713217477756,4.4080856521010885,-0.03363973687892052
815,2026-05-15T02:42:39.920Z,2026-05-15 02:42:39.920000+00:00,4736.535216666667,78.94225361111111,69.471,5,57,train,23,6,4.513387680053711,4.3235578536987305,6.275303840637207,2.042050361633301,12.640912055969238,0.1615429608711669,True,True,False,0.7945032119750977,0.9523257270318747,13.408149480507202,1.451421272244291,0.16179348387616485,0.08384570391288332,4.921793483876165,4.9220501006713215,4.921793483876165,-0.40840580382245406,4.9220501006713215,-0.4086624206176106,4.5790078437819375,-0.06562016372822654,4.579582948941731,-0.06619526888801985,4.549828793656695,-0.036441113602983854,4.54962846456781,-0.03624078451409929
816,2026-05-15T02:43:49.165Z,2026-05-15 02:43:49.165000+00:00,4737.6893,78.96148833333334,69.245,5,57,train,23,7,4.071201324462891,6.164487838745117,2.9844560623168945,6.431009769439697,15.579953670501709,0.4127746401207754,True,True,False,0.7945032119750977,0.9523257270318747,13.408149480507202,0.48413690486319944,-0.31503181063002333,0.05872253598792246,4.444968189369977,4.446172047875601,4.444968189369977,-0.3737668649070862,4.446172047875601,-0.3749707234127104,4.103129790986217,-0.03192846652332637,4.102757654435543,-0.03155632997265201,4.173561658244546,-0.10236033378165565,4.173250299787309,-0.10204897532441848
817,2026-05-15T02:44:58.557Z,2026-05-15 02:44:58.557000+00:00,4738.845833333334,78.9807638888889,69.392,5,57,train,23,8,4.304424285888672,8.493165969848633,6.94152832,7.845483303070068,23.2801775929187,0.33700272567750883,True,True,False,0.7945032119750977,0.9523257270318747,13.408149480507202,0.8173075087244189,-0.08761451113552288,0.06629972743224913,4.672385488864477,4.672947508935675,4.672385488864477,-0.36796120297580526,4.672947508935675,-0.3685232230470028,4.329905252046291,-0.025480966157618745,4.330174953930043,-0.02575066804137105,4.353018697981879,-0.04859441209320714,4.352609972606014,-0.0481856867173418
818,2026-05-15T02:46:08.099Z,2026-05-15 02:46:08.099000+00:00,4740.004866666667,79.00008111111111,69.542,5,57,train,23,9,3.811511993408203,5.5938873291015625,1.4550745487213137,2.823066234588623,9.872028112411499,0.28596618672908297,True,True,False,0.7945032119750977,0.9523257270318747,13.408149480507202,0.2601186729577934,-0.5848284702899182,0.0714033813270917,4.175171529710082,4.177633934212852,4.175171529710082,-0.36365953630187864,4.177633934212852,-0.366121940804649,3.8345916773234676,-0.023079683915264493,3.8329609947756476,-0.02144900136744443,3.960662683622977,-0.1491506902147739,3.9608599997929748,-0.14934800638477164
819,2026-05-15T02:47:17.102Z,2026-05-15 02:47:17.102000+00:00,4741.154916666666,79.01924861111111,69.003,5,58,train,24,0,4.236056327819824,7.436508655548096,5.615385532,1.1237330436706543,14.175627231218751,0.0792721920054356,True,True,False,1.0095310211181636,1.1890275172299856,15.76462697982788,0.7551104681106738,-0.12198950905764154,0.09207278079945644,4.638010490942358,4.638452834387274,4.638010490942358,-0.40195416312253407,4.638452834387274,-0.40239650656744974,4.29541057749789,-0.059354249678065685,4.295799956007924,-0.05974362818809986,4.325893077451724,-0.08983674963189969,4.325327684160572,-0.08927135634074812
820,2026-05-15T02:48:26.367Z,2026-05-15 02:48:26.367000+00:00,4742.309333333334,79.03848888888889,69.265,5,58,train,24,1,4.449981689453125,1.325212001800537,2.628691434860229,3.255624532699585,7.209527969360352,0.45157249497270935,True,True,False,1.0095310211181636,1.1890275172299856,15.76462697982788,1.9836006852403105,0.29745424964732103,0.05484275050272906,5.0574542496473205,5.057765365345656,5.0574542496473205,-0.6074725601941955,5.057765365345656,-0.6077836758925308,4.714723108456272,-0.26474141900314674,4.715243714712886,-0.2652620252597613,4.656879926037149,-0.20689823658402418,4.656967439228937,-0.20698574977581163
821,2026-05-15T02:49:35.624Z,2026-05-15 02:49:35.624000+00:00,4743.463616666666,79.05772694444444,69.257,5,58,train,24,2,4.208487510681152,5.642521858215332,3.903379201889038,3.199735164642334,12.745636224746704,0.25104554282114094,True,True,False,1.0095310211181636,1.1890275172299856,15.76462697982788,0.6917791902225141,-0.16003250636829278,0.07489544571788591,4.599967493631707,4.600569246071581,4.599967493631707,-0.3914799829505551,4.600569246071581,-0.3920817353904287,4.257526989182197,-0.04903947850104462,4.257756958697273,-0.049269448016120876,4.295873005560624,-0.08738549487947189,4.295365059572627,-0.08687754889147481
822,2026-05-15T02:50:44.822Z,2026-05-15 02:50:44.822000+00:00,4744.616916666667,79.07694861111112,69.198,5,58,train,24,3,3.5716724395751958,8.242074012756348,1.0579453706741333,3.234221935272217,12.534241318702698,0.25803092927900967,True,True,False,1.0095310211181636,1.1890275172299856,15.76462697982788,0.12835912041516975,-0.8915732675826646,0.07419690707209903,3.868426732417335,3.876096954049553,3.868426732417335,-0.2967542928421394,3.876096954049553,-0.30442451447435737,3.5330546971601686,0.038617742415027134,3.526216197482901,0.04545624209229482,3.718607600745187,-0.14693516116999117,3.722370465466761,-0.1506980258915651
823,2026-05-15T02:51:53.934Z,2026-05-15 02:51:53.934000+00:00,4745.768783333333,79.09614638888888,69.112,5,58,train,24,4,4.547571182250977,5.934800624847412,9.499221801757812,2.5443897247314453,17.97841215133667,0.141524718830204,True,True,False,1.0095310211181636,1.1890275172299856,15.76462697982788,1.600596616841201,0.20428189459670593,0.08584752811697961,4.964281894596706,4.964513845762582,4.964281894596706,-0.4167107123457292,4.964513845762582,-0.41694266351160536,4.621471588873198,-0.0739004066222213,4.622071359662272,-0.074500177411295,4.583356781316388,-0.03578559906541123,4.583213594945774,-0.03564241269479762
824,2026-05-15T02:53:03.178Z,2026-05-15 02:53:03.178000+00:00,4746.92285,79.11538083333333,69.244,5,58,train,24,5,4.15831470489502,9.270822525024414,5.100248814,2.6723670959472656,17.04343843497168,0.15679741538912692,True,True,False,1.0095310211181636,1.1890275172299856,15.76462697982788,0.5501398392896718,-0.2595269037556034,0.08432025846108732,4.500473096244397,4.501182398608413,4.500473096244397,-0.3421583913493764,4.501182398608413,-0.34286769371339254,4.158140141719029,0.0001745631759915156,4.158262561309963,5.214358505778449e-05,4.217361080279371,-0.05904637538435065,4.216758704369345,-0.058443999474324215
825,2026-05-15T02:54:12.516Z,2026-05-15 02:54:12.516000+00:00,4748.078483333333,79.13464138888888,69.338,5,58,train,24,6,4.581203460693359,5.1094489097595215,9.533855438232422,8.330850601196289,22.974154949188232,0.362618369190143,True,True,False,1.0095310211181636,1.1890275172299856,15.76462697982788,1.8659263663488,0.2708945015115713,0.0637381630809857,5.030894501511571,5.03117365221329,5.030894501511571,-0.44969104081821154,5.03117365221329,-0.449970191519931,4.688131395323906,-0.10692793463054695,4.688683966577137,-0.10748050588377733,4.635921389517697,-0.05471792882433757,4.635935706144525,-0.05473224545116562
826,2026-05-15T02:55:21.801Z,2026-05-15 02:55:21.801000+00:00,4749.233233333333,79.15388722222222,69.285,5,58,train,24,7,4.566317558288574,5.938283920288086,9.36891746520996,4.036321163,19.343522548498044,0.2086652600569593,True,True,False,1.0095310211181636,1.1890275172299856,15.76462697982788,1.5777146379278277,0.19802845490612564,0.0791334739943041,4.958028454906126,4.958282888759636,4.958028454906126,-0.39171089661755154,4.958282888759636,-0.39196533047106197,4.615240631870252,-0.04892307358167791,4.6158179199716916,-0.04950036168311733,4.578422135721959,-0.012104577433384556,4.578285449703905,-0.011967891415331167
827,2026-05-15T14:04:58.822Z,2026-05-15 14:04:58.822000+00:00,5418.85025,90.31417083333334,40177.021,6,59,test,1,0,4.590025901794434,6.806622505187988,8.811262130737305,8.319262504577637,23.93714714050293,0.3475461154893016,True,True,False,0.9472284317016602,1.1983454564070164,13.715176939964294,1.2945131192484063,0.11210645615236492,0.06524538845106985,4.872106456152364,4.872469580977804,4.872106456152364,-0.2820805543579308,4.872469580977804,-0.28244367918337066,4.52942732408842,0.0605985777060134,4.52989592121793,0.06012998057650343,4.510620312470436,0.079405589323998,4.510414584243894,0.07961131755053952
828,2026-05-15T14:06:10.391Z,2026-05-15 14:06:10.391000+00:00,5420.043066666666,90.33405111111111,71.569,6,59,test,1,1,4.476998329162598,9.500473022460938,9.224074363708496,6.466681480407715,25.19122886657715,0.25670369296622464,True,True,False,0.9472284317016602,1.1983454564070164,13.715176939964294,0.9709068529431133,-0.012822433524802059,0.07432963070337754,4.747177566475198,4.74759554617711,4.747177566475198,-0.2701792373126004,4.74759554617711,-0.27059721701451256,4.404553289287726,0.0724450398748715,4.404967031540764,0.0720312976218338,4.412037800194678,0.06496052896791937,4.411650079827472,0.06534824933512606
829,2026-05-15T14:07:19.320Z,2026-05-15 14:07:19.320000+00:00,5421.191883333333,90.35319805555555,68.929,6,59,test,1,2,4.751021385192871,3.600916624069214,9.070778846740724,9.918367385864258,22.590062856674194,0.43905886622771806,True,True,False,0.9472284317016602,1.1983454564070164,13.715176939964294,2.51901940359016,0.40123151280961766,0.05609411337722821,5.161231512809618,5.161493904400707,5.161231512809618,-0.4102101276167467,5.161493904400707,-0.41047251920783623,4.818451647511323,-0.06743026231845217,4.819020977875184,-0.06799959268231248,4.7387714992839705,0.012249885908900637,4.73900769499518,0.012013690197691496
830,2026-05-15T14:08:28.549Z,2026-05-15 14:08:28.549000+00:00,5422.345700000001,90.37242833333335,69.229,6,59,test,1,3,4.450532913208008,4.582649230957031,4.734006881713867,3.9550681114196777,13.271724224090576,0.298007104776975,True,True,False,0.9472284317016602,1.1983454564070164,13.715176939964294,1.0330284172164812,0.014112268538554849,0.0701992895223025,4.774112268538555,4.77452826146407,4.774112268538555,-0.3235793553305468,4.77452826146407,-0.32399534825606224,4.431486004574686,0.019046908633321813,4.43190173360412,0.018631179603887382,4.433292216236207,0.017240696971800418,4.432951515967905,0.01758139724010288
831,2026-05-15T14:09:37.504Z,2026-05-15 14:09:37.504000+00:00,5423.494949999999,90.39158249999998,68.955,6,59,test,1,4,4.222823143005371,2.744865894317627,1.998879551887512,6.732306480407715,11.476051926612854,0.5866395972638954,True,True,False,0.9472284317016602,1.1983454564070164,13.715176939964294,0.7282248491722518,-0.13773450574502774,0.041336040273610465,4.622265494254972,4.623291172507899,4.622265494254972,-0.3994423512496006,4.623291172507899,-0.4004680295025276,4.280248915618515,-0.05742577261314352,4.2800549593205375,-0.057231816315166384,4.3134685587256945,-0.09064541572032336,4.313336127837148,-0.0905129848317765
832,2026-05-15T14:10:46.950Z,2026-05-15 14:10:46.950000+00:00,5424.652383333333,90.41087305555556,69.446,6,59,test,1,5,4.911465644836426,1.6155085563659668,8.241170883178711,5.436645030975342,15.29332447052002,0.35549138066449976,True,True,False,0.9472284317016602,1.1983454564070164,13.715176939964294,5.101285815357706,0.7076796569080348,0.06445086193355003,5.467679656908034,5.467846981086339,5.467679656908034,-0.5562140120716084,5.467846981086339,-0.5563813362499133,5.124804724196955,-0.2133390793605292,5.1254691219736,-0.21400347713717416,4.980592490453692,-0.06912684561726579,4.981306342937439,-0.06984069810101357
833,2026-05-15T14:11:56.388Z,2026-05-15 14:11:56.388000+00:00,5425.809683333334,90.43016138888889,69.438,6,59,test,1,6,4.478652000427246,6.439124584197998,7.306734561920166,3.8204150199890137,17.566274166107178,0.21748579031973786,True,True,False,0.9472284317016602,1.1983454564070164,13.715176939964294,1.1347403620441412,0.05489650273559882,0.07825142096802622,4.814896502735599,4.815237566645798,4.814896502735599,-0.3362445023083529,4.815237566645798,-0.3365855662185515,4.4721953097564136,0.006456690670832543,4.472685967801165,0.005966032626081308,4.4654754228490035,0.013176577578242643,4.465149036916334,0.013502963510911847
834,2026-05-15T14:13:05.689Z,2026-05-15 14:13:05.689000+00:00,5426.9646999999995,90.44941166666666,69.301,6,59,test,1,7,4.487473487854004,6.1704301834106445,7.531016826629639,6.758983612060547,20.46043062210083,0.3303441524226605,True,True,False,0.9472284317016602,1.1983454564070164,13.715176939964294,1.2205011000492259,0.08653817518712253,0.06696558475773395,4.846538175187122,4.846910895132029,4.846538175187122,-0.35906468733311847,4.846910895132029,-0.3594374072780253,4.503868638242645,-0.016395150388641255,4.504327640252688,-0.016854152398684263,4.490444151626939,-0.0029706637729347563,4.490199885927131,-0.0027263980731273563
835,2026-05-15T14:14:15.034Z,2026-05-15 14:14:15.034000+00:00,5428.12045,90.46867416666667,69.345,6,59,test,1,8,3.9642372131347656,8.903451919555664,2.8766870498657227,2.966334819793701,14.746473789215088,0.20115553468539346,True,True,False,0.9472284317016602,1.1983454564070164,13.715176939964294,0.32309794850998497,-0.4906657994989816,0.07988444653146065,4.269334200501018,4.2709112885474205,4.269334200501018,-0.30509698736625257,4.2709112885474205,-0.3066740754126549,3.927869031658036,0.0363681814767296,3.927123665566584,0.03711354756818164,4.034967295415763,-0.07073008228099731,4.034634277118379,-0.07039706398361378
836,2026-05-15T14:15:24.262Z,2026-05-15 14:15:24.262000+00:00,5429.27425,90.48790416666667,69.228,6,59,test,1,9,4.604912757873535,4.881731033325195,8.808689117,7.916126251220703,21.6065464015459,0.36637628726515603,True,True,False,0.9472284317016602,1.1983454564070164,13.715176939964294,1.8044191818163227,0.2563374352028302,0.0633623712734844,5.01633743520283,5.016624956962611,5.01633743520283,-0.4114246773292951,5.016624956962611,-0.4117121990890755,4.673582700073227,-0.06866994219969147,4.674126900268396,-0.0692141423948609,4.624434277355019,-0.01952151948148373,4.624428953130319,-0.019516195256783497
837,2026-05-15T14:16:33.579Z,2026-05-15 14:16:33.579000+00:00,5430.429533333333,90.50715888888888,69.317,6,60,test,2,0,4.849714279174805,1.697927713394165,7.753262042999268,4.338599205,13.789788961393434,0.3146240466149667,True,True,False,0.8286867141723633,1.0178731487550972,11.929129362106323,4.566308672529093,0.659565265508376,0.06853759533850333,5.419565265508376,5.419728739493596,5.419565265508376,-0.569850986333571,5.419728739493596,-0.5700144603187915,5.076686482604212,-0.2269722034294075,5.0773547305739415,-0.2276404513991368,4.942624990758027,-0.0929107115832224,4.943248997454193,-0.09353471827938797
838,2026-05-15T14:17:43.312Z,2026-05-15 14:17:43.312000+00:00,5431.5917500000005,90.52652916666668,69.733,6,60,test,2,1,4.266931533813477,7.754995822906494,5.489269733428955,3.471384763717652,16.7156503200531,0.20767273167668324,True,True,False,0.8286867141723633,1.0178731487550972,11.929129362106323,0.7078365815768592,-0.1500669964223934,0.07923272683233168,4.6099330035776065,4.610486733582521,4.6099330035776065,-0.34300146976412993,4.610486733582521,-0.34355519976904425,4.267444476693137,-0.0005129428796601943,4.267722468643172,-0.0007909348296957219,4.303736879233995,-0.036805345420518165,4.303208929922755,-0.036277396109278826
839,2026-05-15T14:18:52.402Z,2026-05-15 14:18:52.402000+00:00,5432.7432499999995,90.54572083333332,69.09,6,60,test,2,2,4.228336334228516,9.879872322,6.483182430267334,2.012573003768921,18.375627756036256,0.10952404078319479,True,True,False,0.8286867141723633,1.0178731487550972,11.929129362106323,0.6562010336743838,-0.1829630898312156,0.08904759592168052,4.5770369101687844,4.5775760645330985,4.5770369101687844,-0.3487005759402688,4.5775760645330985,-0.3492397303045829,4.2345338076437145,-0.006197473415198829,4.23482637523435,-0.0064900410058346125,4.2777782755781075,-0.0494419413495919,4.277179452106435,-0.04884311787791962
840,2026-05-15T14:20:01.529Z,2026-05-15 14:20:01.529000+00:00,5433.895366666667,90.56492277777778,69.127,6,60,test,2,3,4.639097213745117,1.3972582817077637,4.041726112365723,5.182224273681641,10.621208667755127,0.4879128577347632,True,True,False,0.8286867141723633,1.0178731487550972,11.929129362106323,2.8926120283401184,0.4612901877958765,0.051208714226523684,5.221290187795876,5.22155688585103,5.221290187795876,-0.5821929740507592,5.22155688585103,-0.5824596721059132,4.878514628961646,-0.23941741521652915,4.879079652861442,-0.239982439116325,4.786164340758816,-0.14706712701369895,4.786512291176298,-0.1474150774311811
841,2026-05-15T14:21:11.090Z,2026-05-15 14:21:11.090000+00:00,5435.0547166666665,90.58424527777778,69.561,6,60,test,2,4,4.105383873,8.970609664916992,4.394445896148682,4.573795795440674,17.938851356506348,0.25496592309862565,True,True,False,0.8286867141723633,1.0178731487550972,11.929129362106323,0.4898714870333559,-0.3099178379154721,0.07450340769013744,4.450082162084527,4.451016800961948,4.450082162084527,-0.34469828908452715,4.451016800961948,-0.34563292796194833,4.107974544072564,-0.0025906710725642768,4.107871627150093,-0.0024877541500929468,4.177597140183215,-0.07221326718321475,4.177082078253959,-0.0716982052539592
842,2026-05-15T14:22:20.335Z,2026-05-15 14:22:20.335000+00:00,5436.208799999999,90.60347999999999,69.245,6,60,test,2,5,4.1638288497924805,8.866909027,4.892608642578125,4.179888725280762,17.939406394858885,0.2330003921689763,True,True,False,0.8286867141723633,1.0178731487550972,11.929129362106323,0.5517828848452134,-0.2582317745573732,0.07669996078310237,4.501768225442627,4.50254486849161,4.501768225442627,-0.3379393756501461,4.50254486849161,-0.33871601869912915,4.159502611602226,0.004326238190254905,4.159557690508192,0.004271159284288117,4.218383078396965,-0.05455422860448422,4.217836299587686,-0.054007449795205886
843,2026-05-15T14:23:29.694Z,2026-05-15 14:23:29.694000+00:00,5437.364783333333,90.62274638888888,69.359,6,60,test,2,6,4.427376747131348,6.328206062316895,7.796362400054932,5.745508670806885,19.87007713317871,0.2891538181909286,True,True,False,0.8286867141723633,1.0178731487550972,11.929129362106323,1.2320019802263695,0.09061140588091807,0.07108461818090714,4.850611405880918,4.850959601318147,4.850611405880918,-0.42323465874957034,4.850959601318147,-0.4235828541867992,4.507917344428763,-0.08054059729741514,4.508400870946484,-0.08102412381513613,4.4936583746614245,-0.06628162753007683,4.493402060507602,-0.0660253133762545
844,2026-05-15T14:24:39.252Z,2026-05-15 14:24:39.252000+00:00,5438.524083333334,90.64206805555555,69.558,6,60,test,2,7,4.029297828674316,4.422439098358154,2.106147289276123,8.315520286560059,14.844106674194336,0.5601900113676853,True,True,False,0.8286867141723633,1.0178731487550972,11.929129362106323,0.47624110641976675,-0.32217312148720934,0.04398099886323147,4.437826878512791,4.439468394180535,4.437826878512791,-0.4085290498384744,4.439468394180535,-0.41017056550621867,4.096426137291151,-0.06712830861683461,4.095616343578357,-0.06631851490404017,4.167926385514093,-0.1386285568397767,4.167948292560353,-0.1386504638860364
845,2026-05-15T14:25:48.843Z,2026-05-15 14:25:48.843000+00:00,5439.683933333334,90.6613988888889,69.591,6,60,test,2,8,4.021027565002441,6.0789289474487305,2.663907766342163,2.7577035427093506,11.500540256500244,0.23978904305392637,True,True,False,0.8286867141723633,1.0178731487550972,11.929129362106323,0.43821992153077893,-0.3583078832467211,0.07602109569460737,4.401692116753279,4.402758318621281,4.401692116753279,-0.38066455175083735,4.402758318621281,-0.38173075361883946,4.059716061731897,-0.0386884967294554,4.0594815818188446,-0.03845401681640315,4.139412119486883,-0.1183845544844413,4.138913814532267,-0.11788624952982563
846,2026-05-15T14:26:58.153Z,2026-05-15 14:26:58.153000+00:00,5440.8391,90.68065166666666,69.31,6,60,test,2,9,4.488024711608887,2.539710283279419,3.972880363464356,1.4283571243286133,7.940947771072388,0.17987237361412847,True,True,False,0.8286867141723633,1.0178731487550972,11.929129362106323,1.564304554586575,0.19432130978525905,0.08201276263858716,4.954321309785259,4.954568450311288,4.954321309785259,-0.46629659817637226,4.954568450311288,-0.4665437387024012,4.611526193421904,-0.12350148181301712,4.612110774850825,-0.12408606324193805,4.575496794110981,-0.08747208250209404,4.575347651841267,-0.0873229402323803
847,2026-05-15T14:28:07.559Z,2026-05-15 14:28:07.559000+00:00,5441.995866666666,90.6999311111111,69.406,6,61,test,3,0,4.270791053771973,5.42670488357544,4.308531284332275,8.620052337646484,18.3552885055542,0.46962227453074945,True,True,False,0.9858236312866211,1.1278200867051718,13.717219114303589,0.7939498050414628,-0.10020695359632475,0.05303777254692506,4.659793046403675,4.660518254635805,4.659793046403675,-0.38900199263170254,4.660518254635805,-0.38972720086383195,4.3174759977464205,-0.04668494397444789,4.317582511469241,-0.046791457697268335,4.343081888196075,-0.072290834424102,4.342779513110157,-0.07198845933818454
848,2026-05-15T14:29:17.166Z,2026-05-15 14:29:17.166000+00:00,5443.155983333333,90.71926638888888,69.607,6,61,test,3,1,4.531031608581543,1.1787769794464111,3.0548226833343506,8.403562545776367,12.637162208557129,0.6649881046937879,True,True,False,0.9858236312866211,1.1278200867051718,13.717219114303589,2.5915187831111077,0.4135543609169912,0.033501189530621214,5.173554360916991,5.173986613809906,5.173554360916991,-0.6425227523354478,5.173986613809906,-0.6429550052283632,4.830944356920522,-0.2999127483389792,4.8313438259825565,-0.30031221740101355,4.748495569736823,-0.21746396115528022,4.748888341965442,-0.21785673338389877
849,2026-05-15T14:30:26.351Z,2026-05-15 14:30:26.351000+00:00,5444.309066666667,90.73848444444444,69.185,6,61,test,3,2,4.284023284912109,1.6203303337097168,1.8328001499176023,4.125810623168945,7.578941106796265,0.5443782403150232,True,True,False,0.9858236312866211,1.1278200867051718,13.717219114303589,1.1311274693731368,0.053511549333914214,0.045562175968497674,4.813511549333914,4.814098747200756,4.813511549333914,-0.5294882644218042,4.814098747200756,-0.5300754622886465,4.471056490311372,-0.1870332053992625,4.471301014399479,-0.18727772948736998,4.464382543643274,-0.18035925873116465,4.464248329749397,-0.18022504483728774
850,2026-05-15T14:31:35.571Z,2026-05-15 14:31:35.571000+00:00,5445.462733333334,90.75771222222222,69.22,6,61,test,3,3,4.803400993347168,2.819386959075928,9.624616622924805,3.661492109298706,16.10549569129944,0.22734426679439174,True,True,False,0.9858236312866211,1.1278200867051718,13.717219114303589,3.413726729472897,0.533228752680281,0.07726557332056083,5.293228752680281,5.293391933067432,5.293228752680281,-0.48982775933311284,5.293391933067432,-0.489990939720264,4.950349676178048,-0.14694868283087992,4.951018217745847,-0.14761722439867864,4.8429317103731915,-0.03953071702602351,4.843327567861976,-0.03992657451480763
851,2026-05-15T14:32:44.884Z,2026-05-15 14:32:44.884000+00:00,5446.61795,90.77696583333334,69.313,6,61,test,3,4,4.342467308044434,5.831935882568359,5.649240970611572,8.664951324,20.146128177179932,0.43010504290422547,True,True,False,0.9858236312866211,1.1278200867051718,13.717219114303589,0.9686733675342931,-0.013822640483982691,0.056989495709577453,4.746177359516017,4.7467236429244855,4.746177359516017,-0.4037100514715837,4.7467236429244855,-0.40425633488005186,4.403681386035101,-0.0612140779906678,4.403966824581583,-0.06149951653714947,4.411248527872748,-0.0687812198283142,4.41096048016184,-0.06849317211740669
852,2026-05-15T14:33:54.158Z,2026-05-15 14:33:54.158000+00:00,5447.772516666667,90.79620861111111,69.274,6,61,test,3,5,4.501809120178223,7.247759819030762,9.566330909729004,4.482069492340088,21.296160221099854,0.2104637383362346,True,True,False,0.9858236312866211,1.1278200867051718,13.717219114303589,1.3199017556583854,0.12054160653666869,0.07895362616637655,4.880541606536669,4.880836691588673,4.880541606536669,-0.37873248635844625,4.880836691588673,-0.3790275714104503,4.537794434699289,-0.035985314521066236,4.538331071602235,-0.036521951424012045,4.517276565627391,-0.015467445449168338,4.517032241262815,-0.015223121084592783
853,2026-05-15T14:35:03.595Z,2026-05-15 14:35:03.595000+00:00,5448.9298,90.81549666666666,69.437,6,61,test,3,6,4.822146415710449,2.148528814315796,7.952028274536133,7.444545745849609,17.545102834701538,0.4243090403052773,True,True,False,0.9858236312866211,1.1278200867051718,13.717219114303589,3.7011503972165603,0.5683367331237925,0.05756909596947228,5.328336733123792,5.328548078560655,5.328336733123792,-0.5061903174133429,5.328548078560655,-0.5064016628502062,4.985505821671271,-0.1633594059608221,4.986126198189358,-0.16397978247890865,4.870635734014106,-0.048489318303657214,4.871133022313509,-0.048986606603059535
854,2026-05-15T14:36:12.734Z,2026-05-15 14:36:12.734000+00:00,5450.082116666667,90.83470194444446,69.139,6,61,test,3,7,3.836322784423828,5.442472935,1.5007658004760742,4.294166564941406,11.23740530041748,0.3821315019030126,True,True,False,0.9858236312866211,1.1278200867051718,13.717219114303589,0.2757507145005351,-0.5594833535813794,0.06178684980969874,4.20051664641862,4.203111155537328,4.20051664641862,-0.3641938619947922,4.203111155537328,-0.3667883711134996,3.8600688986479432,-0.0237461142241151,3.858306111484186,-0.021983327060357993,3.980662743541117,-0.1443399591172887,3.9810102667562823,-0.1446874823324542
855,2026-05-15T14:37:22.132Z,2026-05-15 14:37:22.132000+00:00,5451.23875,90.85397916666668,69.398,6,61,test,3,8,4.360661506652832,8.813997268676758,8.920549392700195,1.3766767978668213,19.111223459243774,0.07203499037111337,True,True,False,0.9858236312866211,1.1278200867051718,13.717219114303589,1.0120889672160556,0.005218690638885955,0.09279650096288866,4.765218690638886,4.7655398900248125,4.765218690638886,-0.40455718398605356,4.7655398900248125,-0.40487838337198045,4.422497633135428,-0.0618361264825964,4.423008155704451,-0.06234664905161935,4.4262742137970985,-0.06561270714426648,4.425842495648942,-0.06518098899610969
856,2026-05-15T14:38:31.723Z,2026-05-15 14:38:31.723000+00:00,5452.3986,90.87331,69.591,6,61,test,3,9,4.033156394958496,5.447958946228027,2.7178542613983154,8.453203201293945,16.619016408920288,0.5086464200586909,True,True,False,0.9858236312866211,1.1278200867051718,13.717219114303589,0.4988756868808751,-0.3020076612457687,0.049135357994130914,4.457992338754231,4.459373744024619,4.457992338754231,-0.42483594379573475,4.459373744024619,-0.42621734906612296,4.116331487135235,-0.08317509217673891,4.115781803819797,-0.08262540886130054,4.183839131852712,-0.15068273689421563,4.183691693626269,-0.15053529866777282
857,2026-05-15T14:39:40.775Z,2026-05-15 14:39:40.775000+00:00,5453.549466666666,90.89249111111111,69.052,6,62,test,4,0,4.193600654602051,4.766426086425781,3.229653596878052,2.807291269302368,10.803370952606201,0.259853270022644,True,True,False,0.6908483505249023,0.7466487995465902,13.060129046440125,0.6775839042329271,-0.1690369190673246,0.0740146729977356,4.590963080932675,4.591587129294846,4.590963080932675,-0.39736242633062435,4.591587129294846,-0.3979864746927948,4.2485448724054615,-0.054944217803410744,4.248752545998241,-0.055151891396190145,4.288767542382874,-0.09516688778082294,4.288260986147911,-0.09466033154586029
858,2026-05-15T14:40:50.192Z,2026-05-15 14:40:50.192000+00:00,5454.706416666667,90.91177361111112,69.417,6,62,test,4,1,4.199114799499512,3.176997661590576,2.4815304279327397,4.197095871,9.855623960523316,0.42585795560093004,True,True,False,0.6908483505249023,0.7466487995465902,13.060129046440125,0.7810929349851494,-0.10729729038642326,0.05741420443990701,4.6527027096135765,4.653385047864995,4.6527027096135765,-0.45358791011406474,4.653385047864995,-0.454270248365483,4.310342790975611,-0.11122799147609896,4.310492174679142,-0.11137737517963053,4.337486839561164,-0.13837204006165216,4.337137766747566,-0.1380229672480544
859,2026-05-15T14:41:59.381Z,2026-05-15 14:41:59.381000+00:00,5455.859566666667,90.93099277777779,69.189,6,62,test,4,2,4.731724739074707,3.037663698196411,8.903866768,1.8860962390899656,13.827626705286377,0.13640057540524295,True,True,False,0.6908483505249023,0.7466487995465902,13.060129046440125,2.9311561952320795,0.46703896170693554,0.0863599424594757,5.227038961706936,5.227196067525318,5.227038961706936,-0.4953142226322287,5.227196067525318,-0.4954713284506109,4.884153810635934,-0.15242907156122687,4.8848284267725015,-0.15310368769779448,4.790700750040305,-0.05897601096559768,4.790972393584811,-0.05924765451010394
860,2026-05-15T14:43:08.713Z,2026-05-15 14:43:08.713000+00:00,5457.0151000000005,90.95025166666667,69.332,6,62,test,4,3,4.511734008789063,7.126208782196045,9.004087448120117,2.50119423866272,18.631490468978882,0.13424552602633516,True,True,False,0.6908483505249023,0.7466487995465902,13.060129046440125,1.2635172113699111,0.10158116216576187,0.08657544739736649,4.861581162165762,4.86186075052554,4.861581162165762,-0.34984715337669847,4.86186075052554,-0.3501267417364762,4.5188184936361555,-0.007084484847092121,4.519370627231328,-0.007636618442264265,4.502314708167688,0.009419300621375193,4.502023921735647,0.009710087053416139
861,2026-05-15T14:44:18.037Z,2026-05-15 14:44:18.037000+00:00,5458.170499999999,90.96950833333332,69.324,6,62,test,4,4,4.242671966552734,6.856061935424805,5.080866813659668,3.7324275970458975,15.669356346130371,0.23819916495597726,True,True,False,0.6908483505249023,0.7466487995465902,13.060129046440125,0.7410765628307958,-0.13013692144408084,0.07618008350440228,4.629863078555919,4.630409160599962,4.629863078555919,-0.387191112003185,4.630409160599962,-0.3877371940472276,4.287366903710578,-0.04469493715784356,4.287652543621485,-0.044980577068750804,4.319463880940994,-0.07679191438825939,4.31896583754803,-0.07629387099529605
862,2026-05-15T14:45:27.537Z,2026-05-15 14:45:27.537000+00:00,5459.328833333333,90.98881388888888,69.5,6,62,test,4,5,4.374997138977051,3.283672332763672,3.9763143062591553,6.311349868774414,13.571336507797241,0.46504998716584084,True,True,False,0.6908483505249023,0.7466487995465902,13.060129046440125,1.2109351674905175,0.08312089198298749,0.053495001283415916,4.843120891982987,4.843590683366166,4.843120891982987,-0.4681237530059361,4.843590683366166,-0.4685935443891154,4.500548426476782,-0.12555128749973132,4.500910357048553,-0.1259132180715019,4.487747542665697,-0.1127504036886462,4.487573887094497,-0.112576748117446
863,2026-05-15T14:46:36.715Z,2026-05-15 14:46:36.715000+00:00,5460.4818,91.00802999999999,69.178,6,62,test,4,6,4.644610404968262,1.2884308099746704,3.8422000408172607,4.389239311218262,9.519870162010193,0.4610608376502732,True,True,False,0.6908483505249023,0.7466487995465902,13.060129046440125,2.9820771213106863,0.4745188708160261,0.05389391623497268,5.234518870816026,5.234768393849748,5.234518870816026,-0.5899084658477642,5.234768393849748,-0.5901579888814865,4.891726136960364,-0.24711573199210246,4.892308335881592,-0.24769793091333003,4.796603213701625,-0.15199280873336285,4.796961445335285,-0.15235104036702296
864,2026-05-15T14:47:46.364Z,2026-05-15 14:47:46.364000+00:00,5461.642616666666,91.02737694444444,69.649,6,62,test,4,7,4.7251081466674805,2.728194475,7.657481670379639,7.325005054473877,17.710681199853518,0.4135925079230979,True,True,False,0.6908483505249023,0.7466487995465902,13.060129046440125,2.806794655054654,0.44821064083580026,0.0586407492076902,5.2082106408358,5.208447226424125,5.2082106408358,-0.4831024941683193,5.208447226424125,-0.4833390797566448,4.865404969534741,-0.14029682286726075,4.866000105901366,-0.1408919592338851,4.775843152424516,-0.05073500575703527,4.776143690382444,-0.05103554371496344
865,2026-05-15T14:48:55.539Z,2026-05-15 14:48:55.539000+00:00,5462.795533333334,91.04659222222223,69.175,6,62,test,4,8,4.269688606262207,7.048504829406738,5.8176984786987305,6.527527332305908,19.393730640411377,0.33657925096186897,True,True,False,0.6908483505249023,0.7466487995465902,13.060129046440125,0.8253805054409528,-0.08334579288458266,0.06634207490381311,4.676654207115417,4.677209851282691,4.676654207115417,-0.4069656008532103,4.677209851282691,-0.4075212450204839,4.334167594393307,-0.06447898813109987,4.334443672180983,-0.06475506591877611,4.356387182008772,-0.08669857574656525,4.355981114815266,-0.08629250855305859
866,2026-05-15T14:50:04.940Z,2026-05-15 14:50:04.940000+00:00,5463.952216666667,91.06587027777778,69.401,6,62,test,4,9,4.040876388549805,2.627399682998657,1.404094099998474,2.302107810974121,6.3336015939712516,0.3634753112929336,True,True,False,0.6908483505249023,0.7466487995465902,13.060129046440125,0.5344044566512158,-0.27212992873056413,0.06365246887070664,4.487870071269436,4.488845019954363,4.487870071269436,-0.446993682719631,4.488845019954363,-0.44796863140455834,4.145802763064979,-0.10492637451517428,4.1456595363350015,-0.10478314778519682,4.2074159197363095,-0.16653953118650477,4.20700091052125,-0.16612452197144556
867,2026-05-15T14:51:14.274Z,2026-05-15 14:51:14.274000+00:00,5465.107783333334,91.08512972222223,69.334,6,63,test,5,0,4.1417741775512695,4.202544689178467,2.8861937522888184,7.846616744995117,14.935355186462402,0.5253719544686417,True,True,False,0.8606653212734372,1.0255682589148012,14.500924944877625,0.6867728877983746,-0.16318685811213096,0.047462804553135826,4.596813141887869,4.597770039478445,4.596813141887869,-0.45503896433659907,4.597770039478445,-0.45599586192717556,4.254727782589061,-0.1129536050377915,4.254602606953434,-0.11282842940216486,4.293383878183341,-0.15160970063207113,4.293151130533084,-0.1513769529818143
868,2026-05-15T14:52:23.531Z,2026-05-15 14:52:23.531000+00:00,5466.262066666666,91.10436777777777,69.257,6,63,test,5,1,4.682102203369141,1.828486084938049,5.523552894592285,7.372217178344727,14.724256157875061,0.500685202654655,True,True,False,0.8606653212734372,1.0255682589148012,14.500924944877625,3.0208339784983536,0.4801268576124619,0.049931479734534504,5.240126857612462,5.240394439472596,5.240126857612462,-0.5580246542433214,5.240394439472596,-0.5582922361034557,4.897352182583212,-0.21524997921407163,4.897916322678028,-0.21581411930888716,4.801028526602671,-0.1189263232335307,4.801411158269215,-0.11930895490007476
869,2026-05-15T14:53:32.711Z,2026-05-15 14:53:32.711000+00:00,5467.4150666666665,91.12358444444445,69.18,6,63,test,5,2,4.6920270919799805,3.446929931640625,7.842312812805176,8.573019027709961,19.86226177215576,0.43162350421381457,True,True,False,0.8606653212734372,1.0255682589148012,14.500924944877625,2.275158755278931,0.35701170610789706,0.056837649578618546,5.117011706107897,5.117286661692677,5.117011706107897,-0.42498461412791677,5.117286661692677,-0.4252595697126962,4.774244404803293,-0.08221731282331213,4.774801171173463,-0.08277407919348256,4.703877251458115,-0.011850159478134614,4.704043609589886,-0.012016517609905186
870,2026-05-15T14:54:42.248Z,2026-05-15 14:54:42.248000+00:00,5468.5740166666665,91.14290027777777,69.537,6,63,test,5,3,4.62035083770752,3.567058563232422,7.129104137420654,4.280459403991699,14.976622104644775,0.2858094017518262,True,True,False,0.8606653212734372,1.0255682589148012,14.500924944877625,1.9985946434701518,0.3007247191028037,0.07141905982481739,5.0607247191028035,5.060962458488607,5.0607247191028035,-0.4403738813952831,5.060962458488607,-0.4406116207810866,4.717920201599223,-0.09756936389170257,4.718514184168369,-0.0981633464608489,4.659460682946746,-0.039109845239226004,4.659496061935336,-0.03914522422781541
871,2026-05-15T14:55:51.523Z,2026-05-15 14:55:51.523000+00:00,5469.7286,91.16214333333333,69.275,6,63,test,5,4,4.006140709,3.8521130084991455,1.8646669387817385,8.916324615478516,14.6331045627594,0.6093255588544187,True,True,False,0.8606653212734372,1.0255682589148012,14.500924944877625,0.48406340485536464,-0.31509774873717616,0.03906744411455813,4.444902251262824,4.446709199841267,4.444902251262824,-0.4387615422628235,4.446709199841267,-0.44056849084126704,4.103666942951883,-0.09752623395188298,4.10269171632839,-0.09655100732838928,4.173509625890183,-0.16736891689018307,4.173675140289741,-0.16753443128974066
872,2026-05-15T14:57:00.782Z,2026-05-15 14:57:00.782000+00:00,5470.8829166666665,91.18138194444444,69.259,6,63,test,5,5,4.410284042358398,1.7270288467407229,2.7997612953186035,1.2347458600997925,5.761536002159119,0.2143084517109804,True,True,False,0.8606653212734372,1.0255682589148012,14.500924944877625,1.6211433298305113,0.2098214137397367,0.07856915482890196,4.969821413739736,4.970072377980584,4.969821413739736,-0.5595373713813379,4.970072377980584,-0.5597883356221853,4.6270301210912,-0.21674607873280127,4.627610878805302,-0.21732683644690365,4.587728065775337,-0.177444023416939,4.587609910646391,-0.17732586828799235
873,2026-05-15T14:58:10.081Z,2026-05-15 14:58:10.081000+00:00,5472.037899999999,91.20063166666665,69.299,6,63,test,5,6,4.8668060302734375,1.983072519302368,9.066776275634766,6.500990867614746,17.55083966255188,0.3704091082027187,True,True,False,0.8606653212734372,1.0255682589148012,14.500924944877625,4.572085078776846,0.6601143032848206,0.06295908917972813,5.42011430328482,5.420292176853769,5.42011430328482,-0.5533082730113827,5.420292176853769,-0.5534861465803314,5.077249919964385,-0.2104438896909473,5.077903768350386,-0.21109773807694854,4.943058241413469,-0.07625221114003189,4.943694627418308,-0.07688859714487073
874,2026-05-15T14:59:19.610Z,2026-05-15 14:59:19.610000+00:00,5473.196716666667,91.21994527777778,69.529,6,63,test,5,7,4.865702629089356,1.959554433822632,8.051691055297852,1.059751272201538,11.070996761322021,0.09572320316305376,True,True,False,0.8606653212734372,1.0255682589148012,14.500924944877625,4.108939724420355,0.6137297704797747,0.09042767968369463,5.373729770479774,5.373858699962053,5.373729770479774,-0.5080271413904178,5.373858699962053,-0.5081560708726967,5.030816443072669,-0.1651138139833126,5.03151923554534,-0.16581660645598362,4.906455788718377,-0.04075315962902071,4.906969784332544,-0.04126715524318758
875,2026-05-15T15:00:29.014Z,2026-05-15 15:00:29.014000+00:00,5474.35345,91.23922416666666,69.404,6,63,test,5,8,4.027643203735352,9.566641807556152,4.123875617980957,2.0721607208251958,15.762678146362305,0.13145993983918317,True,True,False,0.8606653212734372,1.0255682589148012,14.500924944877625,0.43106825790464315,-0.3654539556299806,0.08685400601608169,4.394546044370019,4.3955012008749845,4.394546044370019,-0.36690284063466727,4.3955012008749845,-0.36785799713963296,4.0524589439856005,-0.024815740250248908,4.052335509435585,-0.024692305700233064,4.13377308939331,-0.10612988565795867,4.133174065361444,-0.10553086162609215
876,2026-05-15T15:01:38.148Z,2026-05-15 15:01:38.148000+00:00,5475.505683333334,91.25842805555557,69.134,6,63,test,5,9,4.212347984313965,9.634102821350098,6.711663722991943,3.916694402694702,20.262460947036743,0.19329806053333784,True,True,False,0.8606653212734372,1.0255682589148012,14.500924944877625,0.6966568498852069,-0.1569810883273492,0.08067019394666622,4.603018911672651,4.603573040573451,4.603018911672651,-0.3906709273586859,4.603573040573451,-0.39122505625948634,4.260530783684067,-0.04818279937010228,4.2608083767382166,-0.04846039242425171,4.298280907025666,-0.08593292271170139,4.297740799860185,-0.08539281554622047
877,2026-05-15T15:02:47.563Z,2026-05-15 15:02:47.563000+00:00,5476.6626,91.27771,69.415,6,64,test,6,0,4.104281425476074,9.443244934082031,4.972620010375977,7.503407955169678,21.919272899627686,0.3423201120552283,True,True,False,1.1628074643979494,1.4650351698700488,13.45009446144104,0.5265795862637296,-0.27853598105383864,0.06576798879447718,4.481464018946161,4.482425997869296,4.481464018946161,-0.37718259347008676,4.482425997869296,-0.3781445723932215,4.139383740979912,-0.03510231550383747,4.139253484011727,-0.03497205853565255,4.202360846138599,-0.09807942066252462,4.201924022150648,-0.0976425966745742
878,2026-05-15T15:03:56.809Z,2026-05-15 15:03:56.809000+00:00,5477.816699999999,91.296945,69.246,6,64,test,6,1,4.789065361022949,2.675597906112671,8.973150253295898,1.6796602010726929,13.328408360481262,0.12602106385432235,True,True,False,1.1628074643979494,1.4650351698700488,13.45009446144104,3.3536990863970404,0.5255240925634365,0.08739789361456776,5.285524092563437,5.2856695370896825,5.285524092563437,-0.49645873154048736,5.2856695370896825,-0.49660417606673324,4.942627280200298,-0.15356191917734918,4.943313557629002,-0.15424819660605316,4.836851893666967,-0.04778653264401811,4.837219824063458,-0.04815446304050841
879,2026-05-15T15:05:06.042Z,2026-05-15 15:05:06.042000+00:00,5478.970583333333,91.31617638888888,69.233,6,64,test,6,2,4.019924163818359,5.703552722930908,2.783604383468628,7.33898115158081,15.826138257980347,0.46372532780573433,True,True,False,1.1628074643979494,1.4650351698700488,13.45009446144104,0.4880474536997364,-0.31153794873911234,0.05362746721942656,4.448462051260887,4.449765750382462,4.448462051260887,-0.42853788744252785,4.449765750382462,-0.42984158656410276,4.106723493493078,-0.0867993296747187,4.106251516326453,-0.08632735250809365,4.176318696137387,-0.15639453231902767,4.176092606017557,-0.15616844219919734
880,2026-05-15T15:06:15.470Z,2026-05-15 15:06:15.470000+00:00,5480.127716666667,91.33546194444445,69.428,6,64,test,6,3,4.855227470397949,1.233954906463623,7.1714396476745605,2.496415138244629,10.901809692382812,0.2289908931348247,True,True,False,1.1628074643979494,1.4650351698700488,13.45009446144104,5.811751799121335,0.7643070587275493,0.07710091068651753,5.524307058727549,5.524441364939839,5.524307058727549,-0.6690795883296001,5.524441364939839,-0.6692138945418895,5.181399108050455,-0.32617163765250545,5.182096523793115,-0.3268690533951659,5.025277683361772,-0.1700502129638224,5.026067579994966,-0.1708401095970169
881,2026-05-15T15:07:24.708Z,2026-05-15 15:07:24.708000+00:00,5481.281683333334,91.35469472222222,69.238,6,64,test,6,4,4.227785110473633,2.492751121520996,2.291223764419556,4.7113776206970215,9.495352506637573,0.4961772211619957,True,True,False,1.1628074643979494,1.4650351698700488,13.45009446144104,0.9191546418888081,-0.036611415198183186,0.05038227788380044,4.723388584801817,4.724040620633543,4.723388584801817,-0.49560347432818386,4.724040620633543,-0.49625551015991043,4.380998363744159,-0.15321325327052637,4.3811780498673825,-0.15339293939374965,4.393265700451344,-0.16548058997771076,4.393020181693811,-0.16523507122017822
882,2026-05-15T15:08:33.800Z,2026-05-15 15:08:33.800000+00:00,5482.433216666667,91.37388694444445,69.092,6,64,test,6,5,4.440608024597168,8.555809020996094,9.883586883544922,4.506051063537598,22.945446968078613,0.1963810541501481,True,True,False,1.1628074643979494,1.4650351698700488,13.45009446144104,1.155190217463999,0.06265350249063222,0.08036189458498519,4.822653502490632,4.822980131755352,4.822653502490632,-0.3820454778934641,4.822980131755352,-0.3823721071581838,4.479937874865968,-0.03932985026879976,4.480442967556198,-0.039834942959029895,4.471596541235229,-0.030988516638061014,4.471272732744514,-0.030664708147345898
883,2026-05-15T15:09:42.976Z,2026-05-15 15:09:42.976000+00:00,5483.58615,91.3931025,69.176,6,64,test,6,6,3.692420006,8.345844268798828,1.6624253988265991,9.080878257751465,19.089147925376892,0.47570893647271967,True,True,False,1.1628074643979494,1.4650351698700488,13.45009446144104,0.19919199847061883,-0.7007281111424997,0.05242910635272804,4.0592718888575,4.0644075480476305,4.0592718888575,-0.3668518828575005,4.0644075480476305,-0.3719875420476306,3.721365291158246,-0.028945285158246126,3.717061353923066,-0.02464134792306627,3.869205232935382,-0.17678522693538223,3.8713077727481857,-0.17888776674818585
884,2026-05-15T15:10:52.264Z,2026-05-15 15:10:52.264000+00:00,5484.74095,91.41234916666667,69.288,6,64,test,6,7,4.765908241271973,2.273276805877685,7.868211269378662,1.2191734313964844,11.360661506652832,0.10731535577241988,True,True,False,1.1628074643979494,1.4650351698700488,13.45009446144104,3.4611760648922996,0.5392236917721237,0.089268464422758,5.299223691772124,5.299364058834422,5.299223691772124,-0.533315450500151,5.299364058834422,-0.5334558175624498,4.956321801945038,-0.1904135606730657,4.957013156837689,-0.19110491556571674,4.847662370816433,-0.0817541295444606,4.848051000100156,-0.08214275882818356
885,2026-05-15T15:12:01.534Z,2026-05-15 15:12:01.534000+00:00,5485.89545,91.43159083333333,69.27,6,64,test,6,8,4.597744941711426,4.222699165344238,8.329392433166504,8.691819190979004,21.243910789489746,0.40914402612155626,True,True,False,1.1628074643979494,1.4650351698700488,13.45009446144104,1.9725280222484152,0.29502318162615365,0.05908559738784438,5.0550231816261535,5.055313056161458,5.0550231816261535,-0.4572782399147277,5.055313056161458,-0.45756811445003187,4.712270799272074,-0.11452585756064781,4.712812646691719,-0.1150677049802935,4.654961548361183,-0.05721660664975747,4.65502787587904,-0.05728293416761421
886,2026-05-15T15:13:10.841Z,2026-05-15 15:13:10.841000+00:00,5487.050566666667,91.45084277777778,69.307,6,64,test,6,9,3.99621582,8.944395065307617,3.675065755844116,7.164209842681885,19.783670663833618,0.36212743147704757,True,True,False,1.1628074643979494,1.4650351698700488,13.45009446144104,0.4108791851221436,-0.3862858592627468,0.06378725685229525,4.373714140737253,4.375103838620849,4.373714140737253,-0.3774983207372524,4.375103838620849,-0.3788880186208492,4.032061581731465,-0.03584576173146514,4.031503605802818,-0.03528778580281822,4.11733444657089,-0.1211186265708899,4.117041525256952,-0.12082570525695191
887,2026-05-15T15:14:20.080Z,2026-05-15 15:14:20.080000+00:00,5488.2045499999995,91.47007583333333,69.239,6,65,test,7,0,4.295050621032715,5.397990703582764,4.966917991638184,9.655948638916016,20.020857334136963,0.48229446310732893,True,True,False,1.0404071807861328,1.2940710564558844,16.6901935338891,0.9201420054950321,-0.03614514282432217,0.051770553689267106,4.723854857175677,4.724488726009514,4.723854857175677,-0.4288042361429625,4.724488726009514,-0.429438104976799,4.38144646912013,-0.08639584808741496,4.381644322241243,-0.08659370120852827,4.393633640182007,-0.09858301914929246,4.393374594085905,-0.09832397305318974
888,2026-05-15T15:15:29.510Z,2026-05-15 15:15:29.510000+00:00,5489.361716666666,91.48936194444444,69.43,6,65,test,7,1,4.157212257385254,6.449989795684815,3.967228651046753,2.641309261322021,13.058527708053589,0.20226700286381027,True,True,False,1.0404071807861328,1.2940710564558844,16.6901935338891,0.6150751825531439,-0.21107179581426574,0.07977329971361899,4.548928204185734,4.549579415051543,4.548928204185734,-0.3917159468004803,4.549579415051543,-0.39236715766628905,4.206537158162159,-0.04932490077690499,4.2067176692513,-0.04950541186604607,4.255597442467444,-0.09838518508218996,4.255036536521307,-0.09782427913605307
889,2026-05-15T15:16:38.934Z,2026-05-15 15:16:38.934000+00:00,5490.518783333333,91.50864638888888,69.424,6,65,test,7,2,4.377754211425781,8.466106414794922,8.469292640686035,8.565243721,25.50064277648096,0.33588344404007164,True,True,False,1.0404071807861328,1.2940710564558844,16.6901935338891,1.0003763507963408,0.00016341632510715124,0.06641165559599282,4.760163416325107,4.760617324849605,4.760163416325107,-0.38240920489932595,4.760617324849605,-0.3828631134238236,4.417575067960221,-0.039820856534439564,4.417952881390673,-0.04019866996489174,4.422285051295269,-0.04453083986948769,4.421949174585337,-0.044194963159555734
890,2026-05-15T15:17:48.577Z,2026-05-15 15:17:48.577000+00:00,5491.6795,91.52799166666667,69.643,6,65,test,7,3,4.403116226196289,1.1225610971450806,2.146693229675293,5.541194915771484,8.810449242591858,0.6289344349189367,True,True,False,1.0404071807861328,1.2940710564558844,16.6901935338891,1.9123174989181484,0.2815599991225434,0.03710655650810633,5.041559999122543,5.042031237942752,5.041559999122543,-0.6384437729262542,5.042031237942752,-0.6389150117464633,4.698988981053368,-0.2958727548570792,4.699349464188109,-0.29623323799182,4.64433762976347,-0.24122140356718091,4.644523112449131,-0.24140688625284223
891,2026-05-15T15:18:57.867Z,2026-05-15 15:18:57.867000+00:00,5492.834333333333,91.54723888888888,69.29,6,65,test,7,4,4.644610404968262,3.470476627349853,7.575432300567627,6.023900032043457,17.069808959960938,0.3528979173799284,True,True,False,1.0404071807861328,1.2940710564558844,16.6901935338891,2.1828218754933455,0.3390182974834942,0.06471020826200716,5.099018297483494,5.099266123471891,5.099018297483494,-0.45440789251523217,5.099266123471891,-0.45465571850362885,4.7562238665825065,-0.11161346161424479,4.75680776254906,-0.11219735758079796,4.6896784906175935,-0.045068085649331735,4.689790930643988,-0.04518052567572628
892,2026-05-15T15:20:07.139Z,2026-05-15 15:20:07.139000+00:00,5493.988866666667,91.56648111111112,69.272,6,65,test,7,5,4.903746604919434,1.3741346597671509,8.039245605,5.798343658447266,15.211723923214416,0.3811759724089186,True,True,False,1.0404071807861328,1.2940710564558844,16.6901935338891,5.850405961204895,0.7671860029358603,0.06188240275910814,5.52718600293586,5.527353000506624,5.52718600293586,-0.6234393980164263,5.527353000506624,-0.6236063955871902,5.18431074361724,-0.28056413869780616,5.184975468001426,-0.28122886308199213,5.02754948417174,-0.12380287925230604,5.028370430577585,-0.12462382565815133
893,2026-05-15T15:21:16.880Z,2026-05-15 15:21:16.880000+00:00,5495.151216666666,91.5858536111111,69.741,6,65,test,7,6,4.27023983,9.151499748,6.831424713134766,3.245405435562134,19.2283298966969,0.16878249192716624,True,True,False,1.0404071807861328,1.2940710564558844,16.6901935338891,0.7464814403374407,-0.1269809856070556,0.08312175080728339,4.633019014392945,4.633515399962855,4.633019014392945,-0.3627791843929442,4.633515399962855,-0.3632755699628545,4.290473143073471,-0.020233313073470427,4.29080847945851,-0.020568649458510002,4.321954258340481,-0.0517144283404809,4.32142260281364,-0.05118277281363959
894,2026-05-15T15:22:26.319Z,2026-05-15 15:22:26.319000+00:00,5496.308533333333,91.60514222222221,69.439,6,65,test,7,7,4.123027801513672,9.831826210021973,5.592966079711914,5.723219394683838,21.148011684417725,0.27062683150023126,True,True,False,1.0404071807861328,1.2940710564558844,16.6901935338891,0.568863399356142,-0.2449920078195147,0.07293731684997687,4.515007992180485,4.515793391099266,4.515007992180485,-0.3919801906668132,4.515793391099266,-0.3927655895855944,4.172751134209882,-0.04972333269621032,4.172797457246051,-0.049769655732379015,4.228830697601266,-0.10580289608759408,4.228314729084126,-0.10528692757045377
895,2026-05-15T15:23:35.703Z,2026-05-15 15:23:35.703000+00:00,5497.464933333334,91.62441555555556,69.384,6,65,test,7,8,3.863339424133301,8.514848709106445,2.530998468399048,6.905486583709717,17.95133376121521,0.38467819024285427,True,True,False,1.0404071807861328,1.2940710564558844,16.6901935338891,0.29724526587209943,-0.5268850535200242,0.06153218097571458,4.233114946479976,4.235435260635423,4.233114946479976,-0.369775522346675,4.235435260635423,-0.3720958365021225,3.892393003746039,-0.029053579612738023,3.8909044115455416,-0.027564987412240782,4.006386355783825,-0.14304693165052385,4.006575823485615,-0.1432363993523138
896,2026-05-15T15:24:45.024Z,2026-05-15 15:24:45.024000+00:00,5498.620283333334,91.64367138888889,69.321,6,65,test,7,9,4.318758964538574,8.885738372802734,8.401227951049805,4.075616836547852,21.36258316040039,0.19078295943642162,True,True,False,1.0404071807861328,1.2940710564558844,16.6901935338891,0.945473251470479,-0.02435075333728513,0.08092170405635785,4.735649246662715,4.736043756463407,4.735649246662715,-0.4168902821241405,4.736043756463407,-0.4172847919248328,4.393001499574023,-0.07424253503544875,4.3934387117282805,-0.07467974718970627,4.402940699176893,-0.08418173463831913,4.402513618528551,-0.08375465398997672
897,2026-05-15T15:25:54.435Z,2026-05-15 15:25:54.435000+00:00,5499.777133333334,91.66295222222223,69.411,6,66,test,8,0,4.335851669311523,9.322631836,8.670869827270508,6.293560028076172,24.28706169134668,0.25913221237126954,True,True,False,0.8099403381347656,0.9175915933674683,14.900369644227538,0.9300881961022351,-0.031475867290781154,0.07408677876287305,4.728524132709219,4.728962351557077,4.728524132709219,-0.39267246339769546,4.728962351557077,-0.39311068224555346,4.385920094667693,-0.0500684253561694,4.386313597774785,-0.05046192846326125,4.397318207569052,-0.06146653825752857,4.396912842936875,-0.061061173625351906
898,2026-05-15T15:27:04.058Z,2026-05-15 15:27:04.058000+00:00,5500.937516666667,91.68229194444444,69.623,6,66,test,8,1,4.160520553588867,6.780945777893066,4.1375226974487305,1.8140027523040767,12.732471227645874,0.1424705950534844,True,True,False,0.8099403381347656,0.9175915933674683,14.900369644227538,0.6101689694876629,-0.2145498824408219,0.08575294049465157,4.545450117559178,4.546062029164282,4.545450117559178,-0.384929563970311,4.546062029164282,-0.3855414755754145,4.203019772274898,-0.04249921868603046,4.203239582624744,-0.042719029035876765,4.252852852977819,-0.09233229938895171,4.252254590101852,-0.0917340365129844
899,2026-05-15T15:28:13.701Z,2026-05-15 15:28:13.701000+00:00,5502.098233333333,91.70163722222222,69.643,6,66,test,8,2,4.161623001098633,7.223861217498779,4.599279403686523,5.634607791900635,17.457748413085938,0.3227568446156011,True,True,False,0.8099403381347656,0.9175915933674683,14.900369644227538,0.6366788155544048,-0.19607960033387253,0.0677243155384399,4.563920399666127,4.56465542692615,4.563920399666127,-0.40229739856749447,4.56465542692615,-0.40303242582751686,4.221613170036766,-0.059990168938132804,4.221709864731693,-0.06008686363306026,4.267427918979368,-0.10580491788073498,4.266960351137757,-0.10533735003912437
900,2026-05-15T15:29:22.975Z,2026-05-15 15:29:22.975000+00:00,5503.2528,91.72088000000001,69.274,6,66,test,8,3,4.035914421081543,9.368185997009276,4.217327117919922,7.683747768,21.269260882929196,0.3612606855636911,True,True,False,0.8099403381347656,0.9175915933674683,14.900369644227538,0.4501754255590434,-0.3466182162111043,0.0638739314436309,4.413381783788895,4.414603813995723,4.413381783788895,-0.37746736270735237,4.414603813995723,-0.3786893929141799,4.071561557106339,-0.035647136024795856,4.071171248854461,-0.035256827772918164,4.148636541051952,-0.11272211997040937,4.148282571472739,-0.11236815039119641
901,2026-05-15T15:30:32.330Z,2026-05-15 15:30:32.330000+00:00,5504.408716666667,91.74014527777778,69.355,6,66,test,8,4,3.8660964965820312,9.028949737548828,2.626143455505371,1.2452287673950195,12.900321960449219,0.09652695267705225,True,True,False,0.8099403381347656,0.9175915933674683,14.900369644227538,0.29085813210189765,-0.5363187892573679,0.09034730473229477,4.223681210742632,4.2253186889049665,4.223681210742632,-0.357584714160601,4.2253186889049665,-0.3592221923229353,3.882276432015582,-0.016179935433550785,3.8814706758081976,-0.015374179226166351,3.998942109928953,-0.1328456133469218,3.9985744948271273,-0.1324779982450961
902,2026-05-15T15:31:41.788Z,2026-05-15 15:31:41.788000+00:00,5505.56635,91.75943916666667,69.458,6,66,test,8,5,4.404218673706055,8.907128334,9.676588058,3.154108047485352,21.73782443948535,0.1450976870415845,True,True,False,0.8099403381347656,0.9175915933674683,14.900369644227538,1.0863869583042656,0.03598454341425344,0.08549023129584156,4.795984543414253,4.7963098944168046,4.795984543414253,-0.39176586970819827,4.7963098944168046,-0.39209122071074987,4.4532676375274205,-0.04904896382136581,4.453774008479819,-0.04955533477376406,4.45055182537869,-0.046333151672635076,4.450178893840261,-0.045960220134205976
903,2026-05-15T15:32:51.223Z,2026-05-15 15:32:51.223000+00:00,5506.7236,91.77872666666667,69.435,6,66,test,8,6,4.676036834716797,3.4795165061950684,8.371276855,4.395429611206055,16.24622297240112,0.27055086087843033,True,True,False,0.8099403381347656,0.9175915933674683,14.900369644227538,2.405873586199533,0.3812728041101006,0.07294491391215699,5.1412728041101,5.141480034238286,5.1412728041101,-0.46523596939330325,5.141480034238286,-0.4654431995214887,4.7984377773489015,-0.12240094263210466,4.799062269175666,-0.12302543445886904,4.72302190244962,-0.04698506773282318,4.723178463792704,-0.0471416290759068
904,2026-05-15T15:34:00.496Z,2026-05-15 15:34:00.496000+00:00,5507.8781500000005,91.79796916666668,69.273,6,66,test,8,7,4.177612305,3.0374038219451904,2.325367212295532,4.023921012878418,9.38669204711914,0.42868360788648596,True,True,False,0.8099403381347656,0.9175915933674683,14.900369644227538,0.7655772326006814,-0.11601099046490565,0.0571316392113514,4.643989009535094,4.644690378833914,4.643989009535094,-0.4663767045350937,4.644690378833914,-0.467078073833914,4.30164812194453,-0.12403581694452992,4.30177847460066,-0.12416616960065952,4.330610780331195,-0.15299847533119504,4.330261039497661,-0.15264873449766103
905,2026-05-15T15:35:09.853Z,2026-05-15 15:35:09.853000+00:00,5509.0341,91.817235,69.357,6,66,test,8,8,4.531582832336426,5.597064971923828,8.557381629943848,3.0040762424468994,17.158522844314575,0.17507778902088247,True,True,False,0.8099403381347656,0.9175915933674683,14.900369644227538,1.5289051802810316,0.18438055215029328,0.08249222109791177,4.944380552150293,4.9446307115534935,4.944380552150293,-0.4127977198138675,4.9446307115534935,-0.41304787921706776,4.6015884546641095,-0.0700056223276837,4.602170017215859,-0.07058718487943327,4.56765245270915,-0.03606962037272421,4.567487764515612,-0.03590493217918578
906,2026-05-15T15:36:19.048Z,2026-05-15 15:36:19.048000+00:00,5510.187349999999,91.83645583333332,69.195,6,66,test,8,9,4.243223190307617,7.992061614990234,5.754061698913574,2.8887853622436523,16.63490867614746,0.17365802352650347,True,True,False,0.8099403381347656,0.9175915933674683,14.900369644227538,0.7199721393690238,-0.14268430905817964,0.08263419764734965,4.61731569094182,4.6178362446947,4.61731569094182,-0.37409250063420263,4.6178362446947,-0.3746130543870825,4.274793987805316,-0.03157079749769842,4.275105156007386,-0.03188196569976842,4.309562624340602,-0.06633943403298481,4.309021754212896,-0.06579856390527894
907,2026-05-15T15:37:28.174Z,2026-05-15 15:37:28.174000+00:00,5511.33945,91.8556575,69.126,6,67,test,9,0,5.011812210083008,1.1730668544769287,9.721030235290527,9.638673782348633,20.53277087211609,0.4694287898297323,True,True,False,0.8628702163696289,1.1903957111287928,13.236164212226868,8.286850999319336,0.9183895301366692,0.053057121017026775,5.678389530136669,5.678567727282116,5.678389530136669,-0.6665773200536611,5.678567727282116,-0.6667555171991078,5.3355254703927315,-0.3237132603097237,5.336178995202235,-0.3243667851192269,5.146865549614496,-0.13505333953148835,5.147968132167693,-0.13615592208468552
908,2026-05-15T15:38:37.478Z,2026-05-15 15:38:37.478000+00:00,5512.494516666667,91.87490861111111,69.304,6,67,test,9,1,4.845854759216309,2.397249698638916,9.144902229309082,3.4551031589508057,14.997255086898804,0.23038236923562702,True,True,False,0.8628702163696289,1.1903957111287928,13.236164212226868,3.814747472698098,0.5814657939701512,0.0769617630764373,5.341465793970151,5.341621894651355,5.341465793970151,-0.4956110347538427,5.341621894651355,-0.49576713543504614,4.998579637761971,-0.15272487854566208,4.999255259035717,-0.1534004998194085,4.880995994202122,-0.03514123498581334,4.881473274144806,-0.03561851492849755
909,2026-05-15T15:39:46.508Z,2026-05-15 15:39:46.508000+00:00,5513.645016666666,91.8940836111111,69.03,6,67,test,9,2,4.329235076904297,8.762042999267578,7.699069976806641,5.447832107543945,21.908945083618164,0.24865789232441948,True,True,False,0.8628702163696289,1.1903957111287928,13.236164212226868,0.8786843407924623,-0.05616711317768812,0.07513421076755805,4.703832886822312,4.704291559762483,4.703832886822312,-0.37459780991801495,4.704291559762483,-0.37505648285818616,4.361249302873099,-0.0320142259688021,4.361622351887878,-0.03238727498358074,4.377834123006708,-0.04859904610241106,4.37740039161709,-0.04816531471279273
910,2026-05-15T15:40:55.539Z,2026-05-15 15:40:55.539000+00:00,5514.795533333334,91.9132588888889,69.031,6,67,test,9,3,5.006850242614746,1.0801368951797483,8.898091316223145,2.262293815612793,12.240522027015686,0.18482004367295388,True,True,False,0.8628702163696289,1.1903957111287928,13.236164212226868,8.237929243906061,0.9158180574537169,0.0815179956327046,5.675818057453717,5.675934230907223,5.675818057453717,-0.6689678148389708,5.675934230907223,-0.6690839882924768,5.332891974017839,-0.3260417314030928,5.333607522519283,-0.3267572799045366,5.144836377355068,-0.13798613474032173,5.145885265503187,-0.13903502288844116
911,2026-05-15T15:42:04.814Z,2026-05-15 15:42:04.814000+00:00,5515.950116666666,91.93250194444444,69.275,6,67,test,9,4,4.549777030944824,1.1259809732437134,2.807635545730591,4.739164352416992,8.672780871391296,0.5464411499257367,True,True,False,0.8628702163696289,1.1903957111287928,13.236164212226868,2.4935017664129666,0.3968096802115434,0.045355885007426336,5.156809680211543,5.157136047685543,5.156809680211543,-0.6070326492667188,5.157136047685543,-0.6073590167407188,4.814093790796159,-0.26431675985133474,4.814599145277109,-0.26482211433228464,4.7352821913464105,-0.18550516040158627,4.735561009225172,-0.1857839782803481
912,2026-05-15T15:43:14.015Z,2026-05-15 15:43:14.015000+00:00,5517.1034666666665,91.95172444444444,69.201,6,67,test,9,5,4.148941993713379,6.894925594329834,3.6857290267944336,3.856064796447754,14.436719417572021,0.2671011803245443,True,True,False,0.8628702163696289,1.1903957111287928,13.236164212226868,0.5345567513919888,-0.2720061809921235,0.07328988196754559,4.487993819007876,4.48884053806113,4.487993819007876,-0.3390518252944972,4.48884053806113,-0.3398985443477507,4.1457982811717455,0.00314371254163337,4.145783284073442,0.0031587096399370296,4.207513570191504,-0.05857157647812539,4.206997365733378,-0.05805537201999922
913,2026-05-15T15:44:23.298Z,2026-05-15 15:44:23.298000+00:00,5518.258183333333,91.97096972222222,69.283,6,67,test,9,6,4.160520553588867,5.277148246765137,3.5383896827697754,9.219036102294922,18.034574031829834,0.5111867952092426,True,True,False,0.8628702163696289,1.1903957111287928,13.236164212226868,0.6705117077085695,-0.17359363459264093,0.04888132047907574,4.586406365407359,4.58736239437735,4.586406365407359,-0.4258858118184916,4.58736239437735,-0.42684184078848286,4.244320137487966,-0.0837995838990988,4.244195830472925,-0.0836752768840574,4.285171797112325,-0.12465124352345747,4.284919588145651,-0.12439903455678358
914,2026-05-15T15:45:32.592Z,2026-05-15 15:45:32.592000+00:00,5519.413083333333,91.99021805555554,69.294,6,67,test,9,7,4.511734008789063,3.0430002212524414,5.596164226531982,3.3462939262390137,11.985458374023438,0.2791961576948588,True,True,False,0.8628702163696289,1.1903957111287928,13.236164212226868,1.8390285309373744,0.26458846699367733,0.07208038423051412,5.024588466993677,5.024837850990564,5.024588466993677,-0.5128544582046137,5.024837850990564,-0.5131038422015006,4.68179559410118,-0.17006158531211657,4.682377932059243,-0.17064392327017952,4.63094524087123,-0.11921123208216677,4.6309246382404385,-0.11919062945137515
915,2026-05-15T15:46:42.382Z,2026-05-15 15:46:42.382000+00:00,5520.57625,92.00960416666666,69.79,6,67,test,9,8,4.670523643493652,3.317999839782715,8.048895835876465,3.286436080932617,14.653331756591797,0.22427910153977199,True,True,False,0.8628702163696289,1.1903957111287928,13.236164212226868,2.4258276746642524,0.38485994632421666,0.0775720898460228,5.144859946324217,5.14505387927243,5.144859946324217,-0.47433630283056427,5.14505387927243,-0.4745302357787775,4.802011622383046,-0.13148797888939345,4.802649411389782,-0.13212576789613006,4.725852548685825,-0.05532890519217304,4.726005064488531,-0.055481420994878405
916,2026-05-15T15:47:51.554Z,2026-05-15 15:47:51.554000+00:00,5521.729116666666,92.0288186111111,69.172,6,67,test,9,9,4.628069877624512,3.219695806503296,6.762788296,1.3365367650985718,11.319020867601868,0.1180788321474082,True,True,False,0.8628702163696289,1.1903957111287928,13.236164212226868,2.1004432413584526,0.32231095043108304,0.08819211678525918,5.082310950431083,5.082497316685765,5.082310950431083,-0.4542410728065711,5.082497316685765,-0.45442743906125305,4.739455059796381,-0.11138518217186899,4.740100415496649,-0.1120305378721369,4.676494572549116,-0.048424694924603884,4.676528262431739,-0.048458384807227084
917,2026-05-15T15:49:00.656Z,2026-05-15 15:49:00.656000+00:00,5522.880816666667,92.04801361111112,69.102,6,68,test,10,0,4.403667449951172,8.997776031,8.708091735839844,1.5136263370513916,19.219494103891236,0.07875474395264849,True,True,False,0.8628711700439453,1.1364906661899818,12.437607407007384,0.9678049004373849,-0.014212183190892371,0.09212452560473516,4.745787816809107,4.746126223803932,4.745787816809107,-0.34212036685793557,4.746126223803932,-0.34245877385276025,4.403083966914548,0.0005834830366238108,4.403577281874673,9.016807649864234e-05,4.4109411362135,-0.007273686262328383,4.410487973579792,-0.006820523628619846
918,2026-05-15T15:50:09.753Z,2026-05-15 15:50:09.753000+00:00,5524.032433333333,92.06720722222221,69.097,6,68,test,10,1,4.217309951782227,7.080188751220703,4.900061607,9.592736244,21.572986602220702,0.44466426558724753,True,True,False,0.8628711700439453,1.1364906661899818,12.437607407007384,0.6920806463182461,-0.15984329541278075,0.055533573441275255,4.600156704587219,4.600967415695577,4.600156704587219,-0.38284675280499236,4.600967415695577,-0.38365746391335076,4.257925158806193,-0.040615207023966704,4.257946169652785,-0.040636217870558156,4.296022313630139,-0.07871236184791286,4.295679977126548,-0.0783700253443218
919,2026-05-15T15:51:19.043Z,2026-05-15 15:51:19.043000+00:00,5525.187266666666,92.08645444444443,69.29,6,68,test,10,2,4.921941757202148,1.2119569778442385,7.535095215,3.012435913085937,11.759488105930176,0.2561706671200084,True,True,False,0.8628711700439453,1.1364906661899818,12.437607407007384,6.217295954187258,0.7936015410389322,0.07438293328799916,5.553601541038932,5.553738070709828,5.553601541038932,-0.6316597838367839,5.553738070709828,-0.6317963135076798,5.210695813820444,-0.2887540566182958,5.211391006104498,-0.2894492489023497,5.048394223255279,-0.12645246605313076,5.049238727071497,-0.1272969698693487
920,2026-05-15T15:52:28.442Z,2026-05-15 15:52:28.442000+00:00,5526.343916666667,92.10573194444444,69.399,6,68,test,10,3,4.676036834716797,2.384669780731201,6.028568267822266,3.3284003734588623,11.741638422012329,0.2834698407352615,True,True,False,0.8628711700439453,1.1364906661899818,12.437607407007384,2.5280516055240785,0.40278593502395177,0.07165301592647386,5.162785935023951,5.1629909544089685,5.162785935023951,-0.48674910030715424,5.1629909544089685,-0.4869541196921716,4.819948697519584,-0.14391186280278756,4.820575400089517,-0.14453856537272003,4.739998107856433,-0.06396127313963618,4.7401917313914455,-0.06415489667464858
921,2026-05-15T15:53:37.727Z,2026-05-15 15:53:37.727000+00:00,5527.498666666666,92.12497777777777,69.285,6,68,test,10,4,4.775832176208496,3.533058881759644,9.354855537,1.5001885890960691,14.388103007855713,0.10426590553855404,True,True,False,0.8628711700439453,1.1364906661899818,12.437607407007384,2.6478062919632985,0.4228862098429573,0.0895734094461446,5.182886209842957,5.183046044470558,5.182886209842957,-0.407054033634461,5.183046044470558,-0.40721386826206185,4.840003787581174,-0.0641716113726778,4.840675674908523,-0.06484349870002681,4.755859415790981,0.019972760417514834,4.756053563950319,0.01977861225817712
922,2026-05-15T15:54:47.266Z,2026-05-15 15:54:47.266000+00:00,5528.657649999999,92.14429416666665,69.539,6,68,test,10,5,4.059070587158203,9.958820343017578,4.521877288818359,2.04067611694336,16.521373748779297,0.12351733868947416,True,True,False,0.8628711700439453,1.1364906661899818,12.437607407007384,0.45405752218321527,-0.34288912515104963,0.08764826613105259,4.41711087484895,4.417991788329946,4.41711087484895,-0.3580402876907467,4.417991788329946,-0.35892120117174287,4.074949531440562,-0.01587894428235881,4.074900339914516,-0.015829752756312487,4.151579200401245,-0.09250861324304172,4.150962164605364,-0.0918915774471607
923,2026-05-15T15:55:57.083Z,2026-05-15 15:55:57.083000+00:00,5529.821266666667,92.16368777777778,69.817,6,68,test,10,6,4.726210594177246,2.8971753120422363,8.102963448,1.1195892095565796,12.119727969598816,0.09237742071150132,True,True,False,0.8628711700439453,1.1364906661899818,12.437607407007384,2.796849543180793,0.44666910408197774,0.09076225792884987,5.2066691040819775,5.206822268368318,5.2066691040819775,-0.4804585099047314,5.206822268368318,-0.48061167419107154,4.863780011478934,-0.13756941730168748,4.864458569147543,-0.13824797497029717,4.774626711885022,-0.04841611770777554,4.7748584898414705,-0.04864789566422445
924,2026-05-15T15:57:06.448Z,2026-05-15 15:57:06.448000+00:00,5530.97735,92.18295583333334,69.365,6,68,test,10,7,4.360110282897949,7.773075580596924,6.85299015,1.702354907989502,16.328420638586426,0.10425716887563458,True,True,False,0.8628711700439453,1.1364906661899818,12.437607407007384,0.8816317400935053,-0.05471278294404941,0.08957428311243654,4.70528721705595,4.705670647446108,4.70528721705595,-0.3451769341580011,4.705670647446108,-0.34556036454815864,4.362628390556724,-0.002518107658774582,4.363076682121516,-0.0029663992235668957,4.3789817480955175,-0.018871465197568327,4.378491130070743,-0.018380847172793757
925,2026-05-15T15:58:15.657Z,2026-05-15 15:58:15.657000+00:00,5532.130833333333,92.20218055555554,69.209,6,68,test,10,8,4.675485610961914,2.031219482421875,5.599815368652344,1.5043443441390991,9.135379195213318,0.1646723482400526,True,True,False,0.8628711700439453,1.1364906661899818,12.437607407007384,2.7568736008653976,0.4404168547147414,0.08353276517599476,5.200416854714741,5.200584545189402,5.200416854714741,-0.5249312437528273,5.200584545189402,-0.5250989342274881,4.857542288300018,-0.18205667733810404,4.858206319780307,-0.18272070881839308,4.769693005585468,-0.09420739462355421,4.769924993142692,-0.09443938218077808
926,2026-05-15T15:59:24.786Z,2026-05-15 15:59:24.786000+00:00,5533.2829833333335,92.22138305555556,69.129,6,68,test,10,9,4.704707145690918,1.3532836437225342,4.970680236816406,5.1910271644592285,11.514991044998169,0.4508060096767582,True,True,False,0.8628711700439453,1.1364906661899818,12.437607407007384,3.6730512925903303,0.5650269931243311,0.054919399032324186,5.325026993124331,5.325249283831233,5.325026993124331,-0.6203198474334126,5.325249283831233,-0.6205421381403147,4.982207026941849,-0.2774998812509306,4.982816458189896,-0.2781093124989784,4.8680239883644845,-0.1633168426735665,4.868523962494605,-0.16381681680368665
927,2026-05-15T16:00:33.952Z,2026-05-15 16:00:33.952000+00:00,5534.435750000001,92.24059583333334,69.166,6,69,test,11,0,4.002281188964844,7.778479576,3.191003799438477,7.472362995147705,18.441846370586184,0.40518518834782985,True,True,False,0.9477806091308598,1.0215772953843723,11.527310252189636,0.4102349010832547,-0.3869673944233094,0.05948148116521701,4.37303260557669,4.374525790720254,4.37303260557669,-0.37075141661184663,4.374525790720254,-0.3722446017554102,4.03148353383087,-0.02920234486602613,4.030822070642256,-0.028540881677412422,4.116796641036029,-0.11451545207118485,4.1165843396256685,-0.11430315066082475
928,2026-05-15T16:01:43.271Z,2026-05-15 16:01:43.271000+00:00,5535.591066666666,92.2598511111111,69.319,6,69,test,11,1,4.102075576782227,2.584921836853028,1.8162142038345337,5.558938026428223,9.960074067115784,0.5581221574226674,True,True,False,0.9477806091308598,1.0215772953843723,11.527310252189636,0.7026186161379854,-0.15328034759993625,0.044187784257733266,4.606719652400064,4.60772007339582,4.606719652400064,-0.5046440756178372,4.60772007339582,-0.5056444966135931,4.264677816506436,-0.16260223972420906,4.2645091174656296,-0.162433540683403,4.301201194872075,-0.1991256180898482,4.30102074226097,-0.19894516547874375
929,2026-05-15T16:02:52.753Z,2026-05-15 16:02:52.753000+00:00,5536.7491,92.27915166666666,69.482,6,69,test,11,2,3.859480857849121,9.199625968933104,2.708107709884644,4.497371673583984,16.405105352401733,0.2741446383290408,True,True,False,0.9477806091308598,1.0215772953843723,11.527310252189636,0.2943715015186327,-0.5311042369034409,0.07258553616709591,4.228895763096559,4.230894319613479,4.228895763096559,-0.3694149052474378,4.230894319613479,-0.37141346176435786,3.8878520627240944,-0.028371204874973355,3.8866852281621247,-0.0272043703130036,4.003056960167132,-0.14357610231801132,4.002984333947118,-0.14350347609799652
930,2026-05-15T16:04:01.964Z,2026-05-15 16:04:01.964000+00:00,5537.902616666667,92.29837694444446,69.211,6,69,test,11,3,3.691316604614258,7.729015350341797,1.7057859897613523,8.430353164672852,17.865154504776,0.47188806357197266,True,True,False,0.9477806091308598,1.0215772953843723,11.527310252189636,0.22069900400520204,-0.6561996267659426,0.052811193642802734,4.1038003732340576,4.108115395619895,4.1038003732340576,-0.41248376861979974,4.108115395619895,-0.416798791005637,3.7650731387305103,-0.07375653411625249,3.761589838299623,-0.07027323368536509,3.9043430610951977,-0.21302645648093987,3.905876880020751,-0.21456027540649325
931,2026-05-15T16:05:11.064Z,2026-05-15 16:05:11.064000+00:00,5539.054283333333,92.31757138888888,69.1,6,69,test,11,4,4.140119552612305,8.402395248413086,5.110621929168701,7.974367141723633,21.48738431930542,0.3711185606969869,True,True,False,0.9477806091308598,1.0215772953843723,11.527310252189636,0.6082339354523838,-0.21592935274078112,0.06288814393030132,4.544070647259218,4.544907845479078,4.544070647259218,-0.4039510946469136,4.544907845479078,-0.4047882928667734,4.201865588589694,-0.06174603597738937,4.201860112324784,-0.06174055971247938,4.251764300537056,-0.11164474792475154,4.251341731156783,-0.11122217854447847
932,2026-05-15T16:06:20.292Z,2026-05-15 16:06:20.292000+00:00,5540.208083333333,92.33680138888889,69.228,6,69,test,11,5,4.415797233581543,3.5168278217315674,4.867520332336426,9.176299095153809,17.5606472492218,0.522549024812309,True,True,False,0.9477806091308598,1.0215772953843723,11.527310252189636,1.3840655781492945,0.1411566678329162,0.0477450975187691,4.901156667832916,4.901625173623448,4.901156667832916,-0.4853594342513734,4.901625173623448,-0.4858279400419052,4.558582916734064,-0.14278568315252116,4.558946132898482,-0.1431488993169392,4.533544096208624,-0.11774686262708123,4.533474123108079,-0.11767688952653632
933,2026-05-15T16:07:29.464Z,2026-05-15 16:07:29.464000+00:00,5541.36095,92.35601583333333,69.172,6,69,test,11,6,4.28953743,9.299139022827148,7.716714859008789,2.809561491012573,19.82541537284851,0.14171513878394446,True,True,False,0.9477806091308598,1.0215772953843723,11.527310252189636,0.8298311101776317,-0.08101028760151245,0.08582848612160555,4.678989712398487,4.67941682777229,4.678989712398487,-0.38945228239848717,4.67941682777229,-0.3898793977722894,4.336374570882906,-0.04683714088290536,4.336779177464053,-0.04724174746405296,4.358230150267222,-0.0686927202672214,4.357726641334064,-0.06818921133406342
934,2026-05-15T16:08:38.543Z,2026-05-15 16:08:38.543000+00:00,5542.512266666667,92.37520444444445,69.079,6,69,test,11,7,3.680289268493652,7.916508197784424,1.5245411396026611,7.488248825073242,16.929298162460327,0.4423248236998963,True,True,False,0.9477806091308598,1.0215772953843723,11.527310252189636,0.1925774724807752,-0.7153945175723592,0.05576751763001037,4.044605482427641,4.049714388202819,4.044605482427641,-0.36431621393398883,4.049714388202819,-0.36942511970916714,3.7066721313134345,-0.026382862819782638,3.7023949474932065,-0.022105678999554623,3.85763183949813,-0.17734257100447826,3.859686760800424,-0.17939749230677204
935,2026-05-15T16:09:47.705Z,2026-05-15 16:09:47.705000+00:00,5543.664966666666,92.3944161111111,69.162,6,69,test,11,8,4.327580451965332,6.388840198516846,6.234550952911377,5.000342369,17.623733520428225,0.2837277562784268,True,True,False,0.9477806091308598,1.0215772953843723,11.527310252189636,0.9758501949005882,-0.010616846802060168,0.07162722437215732,4.74938315319794,4.749814673297108,4.74938315319794,-0.42180270123260755,4.749814673297108,-0.42223422133177557,4.4067724164077235,-0.07919196444239152,4.407172618263505,-0.07959216629817334,4.413778248546791,-0.08619779658145887,4.413405216438484,-0.08582476447315202
936,2026-05-15T16:10:57.132Z,2026-05-15 16:10:57.132000+00:00,5544.8220833333335,92.4137013888889,69.427,6,69,test,11,9,4.628069877624512,4.637896060943604,9.386502265930176,2.1244165897369385,16.148814916610718,0.13155247618521887,True,True,False,0.9477806091308598,1.0215772953843723,11.527310252189636,2.0238707686822206,0.30618277781201303,0.08684475238147812,5.0661827778120125,5.066376679855392,5.0661827778120125,-0.4381129001875008,5.066376679855392,-0.4383068022308807,4.723334422966008,-0.09526454534149664,4.723972242877578,-0.09590236525306661,4.663767686243524,-0.035697808619012505,4.663778240299676,-0.035708362675164196
937,2026-05-15T16:12:06.577Z,2026-05-15 16:12:06.577000+00:00,5545.9795,92.43299166666667,69.445,6,70,test,12,0,4.421862602233887,8.974524498,9.187628746032717,3.639041423797608,21.801194667830323,0.1669193582848627,True,True,False,0.8694868087768559,1.0557492581470131,20.874572277069092,1.023745463960816,0.010191990488961572,0.08330806417151373,4.770191990488962,4.770545709430042,4.770191990488962,-0.34832938825507487,4.770545709430042,-0.34868310719615536,4.427503452540658,-0.005640850306771306,4.427981455554527,-0.00611885332064066,4.430198689511148,-0.008336087277260873,4.429801663569997,-0.007939061336109887
938,2026-05-15T16:13:15.951Z,2026-05-15 16:13:15.951000+00:00,5547.135733333333,92.45226222222222,69.374,6,70,test,12,1,4.47203540802002,8.240070343017578,9.526117324829102,2.238084554672241,20.00427222251892,0.11188032885059507,True,True,False,0.8694868087768559,1.0557492581470131,20.874572277069092,1.1560723304869946,0.06298500687748154,0.0888119671149405,4.822985006877481,4.823280369926695,4.822985006877481,-0.35094959885746047,4.823280369926695,-0.35124496190667465,4.480238113037311,-0.00820270501729059,4.480774471943047,-0.008739063923026258,4.4718581343332735,0.0001772736867469149,4.4715101950339875,0.0005252129860329191
939,2026-05-15T16:14:25.054Z,2026-05-15 16:14:25.054000+00:00,5548.28745,92.4714575,69.103,6,70,test,12,2,4.3137969970703125,1.7774723768234253,2.057887554168701,1.8281068801879885,5.663466811180115,0.322789369327488,True,True,False,0.8694868087768559,1.0557492581470131,20.874572277069092,1.1577606386471189,0.06361878041048774,0.06772106306725122,4.823618780410488,4.824005528102902,4.823618780410488,-0.5098217833401755,4.824005528102902,-0.5102085310325899,4.480963271213518,-0.16716627414320584,4.481408245476054,-0.16761124840574126,4.472358250737567,-0.15856125366725493,4.472083732102851,-0.15828673503253832
940,2026-05-15T16:15:34.258Z,2026-05-15 16:15:34.258000+00:00,5549.44085,92.49068083333333,69.204,6,70,test,12,3,4.249288558959961,2.068960666656494,2.164322853088379,1.1377668380737305,5.3710503578186035,0.21183320994514426,True,True,False,0.8694868087768559,1.0557492581470131,20.874572277069092,1.0460918315020427,0.019569810883098216,0.07881667900548557,4.779569810883098,4.779935826033298,4.779569810883098,-0.530281251923137,4.779935826033298,-0.5306472670733369,4.436893569143914,-0.18760501018395281,4.437359275948664,-0.1880707169887028,4.4375988120649765,-0.1883102531050156,4.437228429384149,-0.18793987042418792
941,2026-05-15T16:16:43.565Z,2026-05-15 16:16:43.565000+00:00,5550.595966666666,92.50993277777776,69.307,6,70,test,12,4,4.705810547,3.1947031021118164,8.334090232849121,2.717710494995117,14.246503829956055,0.1907633288442741,True,True,False,0.8694868087768559,1.0557492581470131,20.874572277069092,2.608721363603391,0.4164276947722021,0.0809236671155726,5.176427694772202,5.176606065217636,5.176427694772202,-0.4706171477722023,5.176606065217636,-0.47079551821763665,4.833563808328252,-0.1277532613282526,4.834217159837768,-0.1284066128377681,4.7507629433666185,-0.04495239636661896,4.750960100282055,-0.045149553282055166
942,2026-05-15T16:17:52.840Z,2026-05-15 16:17:52.840000+00:00,5551.75055,92.52917583333333,69.275,6,70,test,12,5,4.467624664306641,7.016859531402588,8.556081771850586,9.509085655212402,25.082026958465576,0.3791195054115408,True,True,False,0.8694868087768559,1.0557492581470131,20.874572277069092,1.2193605605983002,0.08613214394854947,0.062088049458845926,4.846132143948549,4.846534456806213,4.846132143948549,-0.37850747964190834,4.846534456806213,-0.3789097924995728,4.503492199916829,-0.03586753561018874,4.503921609014115,-0.03629694470747413,4.490123748718817,-0.02249908441217663,4.489902155940654,-0.02227749163401338
943,2026-05-15T16:19:01.914Z,2026-05-15 16:19:01.914000+00:00,5552.901783333334,92.54836305555555,69.074,6,70,test,12,6,4.763151168823242,1.5192726850509644,5.532633304595947,2.1509549617767334,9.202860951423645,0.23372676965677608,True,True,False,0.8694868087768559,1.0557492581470131,20.874572277069092,3.6416328411843684,0.5612961569762885,0.0766273230343224,5.321296156976288,5.321456051752372,5.321296156976288,-0.558144988153046,5.321456051752372,-0.5583048829291295,4.978413794862988,-0.21526262603974544,4.979085622041854,-0.21593445321861182,4.865079951950539,-0.10192878312729725,4.8655238457209045,-0.10237267689766227
944,2026-05-15T16:20:10.749Z,2026-05-15 16:20:10.749000+00:00,5554.049033333333,92.56748388888887,68.835,6,70,test,12,7,3.8936643600463863,5.865920066833496,1.8788107633590696,7.416406154632568,15.161136984825134,0.4891721618276842,True,True,False,0.8694868087768559,1.0557492581470131,20.874572277069092,0.32029259552683903,-0.4944531011707246,0.05108278381723158,4.2655468988292755,4.268039320787582,4.2655468988292755,-0.37188253878288924,4.268039320787582,-0.3743749607411959,3.9249970638981977,-0.031332703851811416,3.923336363894841,-0.029672003848454587,4.031978701548392,-0.13831434150200606,4.032362800322158,-0.1386984402757716
945,2026-05-15T16:21:20.020Z,2026-05-15 16:21:20.020000+00:00,5555.20355,92.58672583333333,69.271,6,70,test,12,8,4.3490839,9.442098617553713,9.434246063232422,7.369277954101562,26.245622634887695,0.2807812204198102,True,True,False,0.8694868087768559,1.0557492581470131,20.874572277069092,0.9991683465043786,-0.000361332796680612,0.07192187795801899,4.759638667203319,4.760058339770668,4.759638667203319,-0.41055476720331896,4.760058339770668,-0.4109744397706683,4.417016082881284,-0.06793218288128422,4.417428132268885,-0.06834423226888475,4.421870967036023,-0.07278706703602289,4.421507065988578,-0.07242316598857812
946,2026-05-15T16:22:29.128Z,2026-05-15 16:22:29.128000+00:00,5556.35535,92.60592249999999,69.108,6,70,test,12,9,4.243774414,7.910520553588867,5.714842796325684,4.242598056793213,17.867961406707764,0.23744163982806177,True,True,False,0.8694868087768559,1.0557492581470131,20.874572277069092,0.7224357433384024,-0.14120077494453098,0.07625583601719382,4.618799225055469,4.619361028363886,4.618799225055469,-0.3750248110554688,4.619361028363886,-0.3755866143638862,4.276318771474502,-0.03254435747450213,4.276588690121034,-0.0328142761210346,4.310733294474214,-0.06695888047421406,4.310227725523664,-0.06645331152366385
947,2026-05-15T16:23:38.729Z,2026-05-15 16:23:38.729000+00:00,5557.515366666667,92.62525611111113,69.601,6,71,test,13,0,4.470381736755371,7.911612033843994,9.568257331848145,1.4983625411987305,18.97823190689087,0.07895164041359855,True,True,False,1.0525379180908203,1.1841698709378154,10.370992064663513,1.209394152660345,0.08256786449029235,0.09210483595864015,4.8425678644902925,4.842841152543922,4.8425678644902925,-0.37218612773492143,4.842841152543922,-0.37245941578855124,4.499798895654538,-0.029417158899167184,4.500357329555858,-0.029975592800487227,4.487311143689221,-0.016929406933849478,4.486981073381687,-0.01659933662631552
948,2026-05-15T16:24:48.157Z,2026-05-15 16:24:48.157000+00:00,5558.6725,92.64454166666665,69.428,6,71,test,13,1,4.731724739074707,2.410114049911499,7.474205017089844,9.311722755432127,19.19604182243347,0.48508556303258177,True,True,False,1.0525379180908203,1.1841698709378154,10.370992064663513,3.1011831234145544,0.491527411880768,0.05149144369674182,5.251527411880768,5.251783521018767,5.251527411880768,-0.519802672806061,5.251783521018767,-0.5200587819440603,4.908741264129383,-0.17701652505467624,4.909316876946334,-0.17759213787162675,4.8100248066785625,-0.07830006760385544,4.8104189315541985,-0.0786941924794915
949,2026-05-15T16:25:57.557Z,2026-05-15 16:25:57.557000+00:00,5559.829166666666,92.66381944444444,69.4,6,71,test,13,2,4.516695976257324,4.018672943115234,5.932935715,8.834968566894531,18.786577225009765,0.47028090647257004,True,True,False,1.0525379180908203,1.1841698709378154,10.370992064663513,1.4763420161285503,0.16918697978430697,0.052971909352743006,4.929186979784307,4.92958746949837,4.929186979784307,-0.4124910035269824,4.92958746949837,-0.41289149324104546,4.586545212608986,-0.0698492363516614,4.586976444849872,-0.07028046859254822,4.555663067882685,-0.03896709162536105,4.555589867977217,-0.03889389171989244
950,2026-05-15T16:27:07.096Z,2026-05-15 16:27:07.096000+00:00,5560.98815,92.68313583333334,69.539,6,71,test,13,3,4.4885759353637695,7.218587875366211,8.894198417663574,5.518002510070801,21.630788803100586,0.25509945847558935,True,True,False,1.0525379180908203,1.1841698709378154,10.370992064663513,1.232124422564068,0.09065456603016796,0.07449005415244106,4.850654566030168,4.850986825111099,4.850654566030168,-0.36207863066639856,4.850986825111099,-0.3624108897473297,4.507944568221715,-0.019368632857945656,4.508444031095734,-0.019868095731964353,4.493692432724009,-0.005116497360239336,4.493423592160869,-0.004847656797099198
951,2026-05-15T16:28:16.244Z,2026-05-15 16:28:16.244000+00:00,5562.140616666667,92.7023436111111,69.148,6,71,test,13,4,4.812222480773926,2.736635446548462,9.247177124023438,2.05918026,14.0429928305719,0.1466340035093602,True,True,False,1.0525379180908203,1.1841698709378154,10.370992064663513,3.379031407229009,0.5287922284493148,0.08533659964906398,5.2887922284493145,5.288940670255413,5.2887922284493145,-0.47656974767538873,5.288940670255413,-0.47671818948148736,4.945898413366029,-0.1336759325921033,4.94658169351488,-0.13435921274095453,4.8394308091357665,-0.027208328361840728,4.839807005990503,-0.02758452521657695
952,2026-05-15T16:29:25.606Z,2026-05-15 16:29:25.606000+00:00,5563.29665,92.72161083333334,69.362,6,71,test,13,5,4.665560722351074,4.204248905181885,9.19395351409912,6.249533653259277,19.647736072540283,0.318079071817014,True,True,False,1.0525379180908203,1.1841698709378154,10.370992064663513,2.1868242631322916,0.33981388380650107,0.06819209281829859,5.099813883806501,5.1000487914241655,5.099813883806501,-0.4342531614554268,5.1000487914241655,-0.43448806907309123,4.757006534534781,-0.09144581218370718,4.757603348872067,-0.0920426265209926,4.69030629495218,-0.024745572601105437,4.6904099529455605,-0.024849230594486293
953,2026-05-15T16:30:34.766Z,2026-05-15 16:30:34.766000+00:00,5564.449316666666,92.74082194444443,69.16,6,71,test,13,6,3.7596845626831055,9.971034049987791,2.204766273498535,1.5700346231460571,13.745834946632383,0.11421893462577205,True,True,False,1.0525379180908203,1.1841698709378154,10.370992064663513,0.22111711407717385,-0.6553776424885005,0.0885781065374228,4.1046223575114995,4.107200620039394,4.1046223575114995,-0.34493779482839404,4.107200620039394,-0.3475160573562883,3.7641583631500093,-0.004473800466903821,3.7624118225770653,-0.0027272598939598325,3.9049916962934357,-0.1453071336103302,3.905153372071283,-0.14546880938817752
954,2026-05-15T16:31:44.104Z,2026-05-15 16:31:44.104000+00:00,5565.60495,92.7600825,69.338,6,71,test,13,7,4.720145225524902,2.496918201446533,7.547965049743652,4.939545631408691,14.984428882598877,0.3296452384077773,True,True,False,1.0525379180908203,1.1841698709378154,10.370992064663513,3.022912422750136,0.4804255653494017,0.06703547615922226,5.240425565349401,5.240624829363935,5.240425565349401,-0.5202803398244988,5.240624829363935,-0.5204796038390329,4.897582572474551,-0.17743734694964886,4.898215030414967,-0.17806980489006463,4.801264239568823,-0.08111901404392086,4.8015933766421295,-0.08144815111722714
955,2026-05-15T16:32:53.356Z,2026-05-15 16:32:53.356000+00:00,5566.75915,92.77931916666667,69.252,6,71,test,13,8,4.222823143005371,5.724366664886475,4.297187805175781,6.728175640106201,16.749730110168457,0.4016886001059592,True,True,False,1.0525379180908203,1.1841698709378154,10.370992064663513,0.750683535269487,-0.12454310940339407,0.05983113998940408,4.635456890596606,4.636141774332138,4.635456890596606,-0.4126337475912347,4.636141774332138,-0.41331863132676716,4.293099517442754,-0.0702763744373831,4.293246355662172,-0.07042321265680052,4.323878008414585,-0.10105486540921405,4.323499836590929,-0.10067669358555786
956,2026-05-15T16:34:02.835Z,2026-05-15 16:34:02.835000+00:00,5567.917133333333,92.7986188888889,69.479,6,71,test,13,9,4.430132865905762,8.739266395568848,9.688598633,5.688961982727051,24.116827011295896,0.23589181031411974,True,True,False,1.0525379180908203,1.1841698709378154,10.370992064663513,1.1086283670117323,0.04478598690216491,0.07641081896858803,4.804785986902164,4.805143005065385,4.804785986902164,-0.3746531209964026,4.805143005065385,-0.375010139159623,4.462100748176001,-0.031967882270238945,4.46257545196773,-0.03244258606196837,4.457497123723481,-0.02736425781771956,4.457165116372869,-0.027032250467107666
957,2026-05-15T16:35:11.957Z,2026-05-15 16:35:11.957000+00:00,5569.069166666667,92.81781944444445,69.122,6,72,test,14,0,4.779691696166992,3.2367043495178223,9.680793762207031,3.2136807441711426,16.131178855895996,0.19922169190979694,True,True,False,0.876103401184082,1.1880040595755061,14.96330976486206,2.9909416235836295,0.4758079366679234,0.08007783080902031,5.235807936667923,5.23597564403862,5.235807936667923,-0.4561162405009309,5.23597564403862,-0.4562839478716274,4.8929333871492355,-0.11324169098224335,4.893597401733489,-0.1139057055664967,4.797620427178005,-0.017928731011013,4.7979162752709135,-0.01822457910392128
958,2026-05-15T16:36:21.169Z,2026-05-15 16:36:21.169000+00:00,5570.2227,92.837045,69.212,6,72,test,14,1,4.276304244995117,9.889732360839844,7.705867290496826,7.009294033050537,24.604893684387207,0.2848739816948779,True,True,False,0.876103401184082,1.1880040595755061,14.96330976486206,0.7791785469351608,-0.10836301336242328,0.07151260183051222,4.651636986637577,4.652186495269529,4.651636986637577,-0.37533274164245967,4.652186495269529,-0.3758822502744117,4.309144238380145,-0.03283999338502763,4.309426451703143,-0.03312220670802546,4.336645867960154,-0.06034162296503709,4.336189815852113,-0.05988557085699586
959,2026-05-15T16:37:30.165Z,2026-05-15 16:37:30.165000+00:00,5571.372633333333,92.85621055555556,68.996,6,72,test,14,2,4.623106956481934,3.819732666015625,7.7725934982299805,2.718940734863281,14.311266899108887,0.18998602667612746,True,True,False,0.876103401184082,1.1880040595755061,14.96330976486206,2.034852744377422,0.3085329862303944,0.08100139733238725,5.0685329862303945,5.068740129463345,5.0685329862303945,-0.4454260297484609,5.068740129463345,-0.44563317298141136,4.725697872573961,-0.1025909160920273,4.72632245129596,-0.1032154948140267,4.665622256878503,-0.0425153003965697,4.665647523450614,-0.04254056696868069
960,2026-05-15T16:38:39.375Z,2026-05-15 16:38:39.375000+00:00,5572.526133333334,92.87543555555557,69.21,6,72,test,14,3,4.6286211013793945,4.305356025695801,8.340192794799805,8.121681213378906,20.76723003387451,0.39108158382852254,True,True,False,0.876103401184082,1.1880040595755061,14.96330976486206,1.9371668092075898,0.28716701937642186,0.06089184161714775,5.047167019376421,5.047451763747565,5.047167019376421,-0.4185459179970268,5.047451763747565,-0.4188306623681708,4.704409506858181,-0.07578840547878674,4.704956484441987,-0.07633538306259258,4.648762179957078,-0.020141078577683658,4.648810277075815,-0.020189175696420314
961,2026-05-15T16:39:48.968Z,2026-05-15 16:39:48.968000+00:00,5573.6860166666675,92.89476694444446,69.593,6,72,test,14,4,4.448879241943359,8.030914306640625,9.249985694885254,2.794346809387207,20.075246810913086,0.13919364656917566,True,True,False,0.876103401184082,1.1880040595755061,14.96330976486206,1.1517973348609385,0.0613760692828552,0.08608063534308244,4.821376069282855,4.8216818479381836,4.821376069282855,-0.3724968273394955,4.8216818479381836,-0.3728026059948242,4.4786395910487995,-0.02976034910544012,4.479165534348421,-0.03028629240506131,4.470588507183116,-0.021709265239756803,4.470245903123775,-0.021366661180415747
962,2026-05-15T16:40:58.397Z,2026-05-15 16:40:58.397000+00:00,5574.8431666666675,92.9140527777778,69.429,6,72,test,14,5,4.671626091003418,2.8272743225097656,6.965917587280273,8.097490310668945,17.890682220458984,0.4526093645221096,True,True,False,0.876103401184082,1.1880040595755061,14.96330976486206,2.4638279815368755,0.3916103831688576,0.05473906354778904,5.151610383168857,5.151882701252399,5.151610383168857,-0.47998429216543936,5.151882701252399,-0.4802566102489809,4.808840444363015,-0.13721435335959686,4.809399848234423,-0.13777375723100516,4.73117937921176,-0.059553288208341826,4.731406068946152,-0.05977997794273371
963,2026-05-15T16:42:08.186Z,2026-05-15 16:42:08.186000+00:00,5576.006316666667,92.93343861111111,69.789,6,72,test,14,6,4.574587821960449,5.771810054779053,9.672450065612791,7.368464469909668,22.812724590301514,0.32299800230973985,True,True,False,0.876103401184082,1.1880040595755061,14.96330976486206,1.6758087972080808,0.2242244659324214,0.06770019976902601,4.984224465932421,4.984508506309565,4.984224465932421,-0.40963664397197164,4.984508506309565,-0.40992068434911566,4.641466249420181,-0.0668784274597316,4.642013930997987,-0.06742610903753743,4.599093644011587,-0.024505822051137827,4.599027633012608,-0.024439811052158866
964,2026-05-15T16:43:17.886Z,2026-05-15 16:43:17.886000+00:00,5577.167983333334,92.95279972222222,69.7,6,72,test,14,7,4.3634185791015625,6.490137100219727,6.007671833,3.5099658966064453,16.00777482982617,0.21926632114205968,True,True,False,0.876103401184082,1.1880040595755061,14.96330976486206,0.9256617757422424,-0.033547669647583246,0.07807336788579404,4.726452330352417,4.726870255423416,4.726452330352417,-0.36303375125085413,4.726870255423416,-0.36345167632185316,4.383827998534032,-0.0204094194324691,4.384241795417982,-0.020823216316419924,4.395683329665309,-0.03226475056374678,4.395258176791409,-0.03183959768984668
965,2026-05-15T16:44:27.471Z,2026-05-15 16:44:27.471000+00:00,5578.3277333333335,92.97212888888889,69.585,6,72,test,14,8,4.021027565002441,5.660436630249023,2.380804538726806,1.6003427505493164,9.641583919525146,0.1659833865376068,True,True,False,0.876103401184082,1.1880040595755061,14.96330976486206,0.42060439754840356,-0.37612619094351224,0.08340166134623932,4.383873809056488,4.384903170766493,4.383873809056488,-0.36284624405404653,4.384903170766493,-0.36387560576405154,4.041860913877109,-0.02083334887466748,4.041663274122054,-0.020635709119612322,4.125351532365752,-0.10432396736331029,4.12479194498609,-0.10376437998364896
966,2026-05-15T16:45:36.892Z,2026-05-15 16:45:36.892000+00:00,5579.4847500000005,92.99141250000001,69.421,6,72,test,14,9,4.897130966186523,1.116580843925476,7.240491390228271,8.146263122558594,16.50333535671234,0.49361313616191493,True,True,False,0.876103401184082,1.1880040595755061,14.96330976486206,6.484520516018742,0.811877868631994,0.0506386863838085,5.571877868631994,5.572076087233035,5.571877868631994,-0.6747469024454702,5.572076087233035,-0.6749451210465116,5.229033830343651,-0.33190286415712755,5.229667333697559,-0.332536367511036,5.062816238002666,-0.1656852718161428,5.063742503751616,-0.1666115375650925
967,2026-05-15T16:46:46.877Z,2026-05-15 16:46:46.877000+00:00,5580.6511666666665,93.01085277777777,69.985,6,73,test,15,0,4.342467308044434,8.176307678222656,7.321658611297607,5.028088092803955,20.52605438232422,0.2449612574900823,True,True,False,0.43115901947021484,0.5525574422612038,16.124615907669067,0.8954724919169346,-0.04794775073306864,0.07550387425099178,4.7120522492669314,4.712499626686432,4.7120522492669314,-0.36958494122249785,4.712499626686432,-0.37003231864199826,4.369457369797048,-0.026990061752614203,4.369841714332497,-0.027374406288063646,4.384320095956515,-0.0418527879120818,4.383892258907632,-0.041424950863198085
968,2026-05-15T16:47:56.232Z,2026-05-15 16:47:56.232000+00:00,5581.807083333333,93.03011805555555,69.355,6,73,test,15,1,4.142876625061035,7.734370708465576,4.288270950317383,1.542698860168457,13.565340518951416,0.11372356322447155,True,True,False,0.43115901947021484,0.5525574422612038,16.124615907669067,0.554443420409588,-0.2561427659397592,0.08862764367755285,4.5038572340602405,4.504525396657203,4.5038572340602405,-0.36098060899920537,4.504525396657203,-0.36164877159616804,4.161483139767819,-0.018606514706783983,4.161646699125806,-0.01877007406477116,4.220031533916119,-0.0771549088550838,4.219402725170633,-0.07652610010959826
969,2026-05-15T16:49:05.824Z,2026-05-15 16:49:05.824000+00:00,5582.96695,93.04944916666666,69.592,6,73,test,15,2,4.256456375,5.253758907318115,4.171286106109619,5.122701644897461,14.547746658325195,0.3521302484303236,True,True,False,0.43115901947021484,0.5525574422612038,16.124615907669067,0.793962223942045,-0.10020016044922865,0.06478697515696764,4.659799839550771,4.660393703580476,4.659799839550771,-0.40334346455077075,4.660393703580476,-0.4039373285804757,4.317351446691092,-0.06089507169109165,4.3175893046163365,-0.06113292961633654,4.343087248729644,-0.08663087372964373,4.3426810040544215,-0.08622462905442152
970,2026-05-15T16:50:15.114Z,2026-05-15 16:50:15.114000+00:00,5584.121783333333,93.06869638888888,69.29,6,73,test,15,3,4.572933197021484,2.891408920288086,5.721688270568848,1.7824033498764038,10.395500540733337,0.1714591176146162,True,True,False,0.43115901947021484,0.5525574422612038,16.124615907669067,1.978858206607029,0.29641467632144464,0.08285408823853838,5.056414676321444,5.056620982466615,5.056414676321444,-0.48348147929996,5.056620982466615,-0.4836877854451309,4.713578725577231,-0.14064552855574686,4.71420414138701,-0.14127094436552579,4.656059589360624,-0.08312639233913988,4.656062331869417,-0.08312913484793238
971,2026-05-15T16:51:24.387Z,2026-05-15 16:51:24.387000+00:00,5585.276333333333,93.08793888888889,69.273,6,73,test,15,4,4.1417741775512695,6.537575721740723,3.9703214168548575,7.424096584320068,17.93199372291565,0.4140140075351838,True,True,False,0.43115901947021484,0.5525574422612038,16.124615907669067,0.607307905230305,-0.21659106569852188,0.058598599246481614,4.543408934301478,4.5443089751007735,4.543408934301478,-0.40163475675020877,4.5443089751007735,-0.40253479754950394,4.201266718211389,-0.059492540660119886,4.201198399367044,-0.05942422181577456,4.251242136881011,-0.1094679593297414,4.250868076756031,-0.10909389920476187
972,2026-05-15T16:52:33.886Z,2026-05-15 16:52:33.886000+00:00,5586.43465,93.10724416666667,69.499,6,73,test,15,5,4.366726875305176,9.107599258422852,8.976686477661133,2.1234521865844727,20.207737922668457,0.10508114241735317,True,True,False,0.43115901947021484,0.5525574422612038,16.124615907669067,0.9856259836377135,-0.006287855908411398,0.0894918857582647,4.753712144091589,4.754054135292434,4.753712144091589,-0.3869852687864128,4.754054135292434,-0.38732725998725837,4.41101187840305,-0.04428500309787431,4.411501609157154,-0.04477473385197861,4.417194294259017,-0.05046741895384166,4.41675826227887,-0.05003138697369458
973,2026-05-15T16:53:43.482Z,2026-05-15 16:53:43.482000+00:00,5587.5945833333335,93.12657638888889,69.596,6,73,test,15,6,4.439505577087402,2.407575845718384,3.603735685348511,1.829336404800415,7.84064793586731,0.23331444285772018,True,True,False,0.43115901947021484,0.5525574422612038,16.124615907669067,1.4968316332618845,0.1751729527428304,0.07666855571422798,4.93517295274283,4.935446680861189,4.93517295274283,-0.49566737565542773,4.935446680861189,-0.4959411037737871,4.592404423971805,-0.15289884688440303,4.592962417808396,-0.15345684072099353,4.560386653069354,-0.12088107598195208,4.560223994738986,-0.12071841765158364
974,2026-05-15T16:54:53.026Z,2026-05-15 16:54:53.026000+00:00,5588.75365,93.14589416666666,69.544,6,73,test,15,7,4.552533149719238,5.5715813636779785,8.967796325683594,9.425886154174805,23.965263843536377,0.3933145161978695,True,True,False,0.43115901947021484,0.5525574422612038,16.124615907669067,1.6095603277277934,0.20670725906343473,0.06066854838021306,4.966707259063434,4.967034008581846,4.966707259063434,-0.41417410934419596,4.967034008581846,-0.414500858862608,4.623991751692462,-0.07145860197322396,4.624496724129,-0.07196357440976175,4.585270658266165,-0.032737508546926364,4.585206824621507,-0.032673674902269134
975,2026-05-15T16:56:02.482Z,2026-05-15 16:56:02.482000+00:00,5589.91125,93.1651875,69.456,6,73,test,15,8,4.341364860534668,7.438154220581055,6.747581481933594,1.9757425785064695,16.161478281021118,0.12225011500505124,True,True,False,0.43115901947021484,0.5525574422612038,16.124615907669067,0.9071580504829174,-0.042317040974335245,0.08777498849949489,4.717682959025664,4.718062640735477,4.717682959025664,-0.3763180984909962,4.718062640735477,-0.3766977802008089,4.375020383846093,-0.03365552331142485,4.37547242409123,-0.03410756355656197,4.388763339751813,-0.04739847921714535,4.388292119346933,-0.046927258812265116
976,2026-05-15T16:57:12.130Z,2026-05-15 16:57:12.130000+00:00,5591.07205,93.18453416666667,69.648,6,73,test,15,9,4.486371040344238,7.390966892242432,9.420244216918944,6.249266147613525,23.060477256774902,0.27099465800420774,True,True,False,0.43115901947021484,0.5525574422612038,16.124615907669067,1.2745618204306184,0.10536090502361609,0.07290053419957923,4.865360905023616,4.865690368501959,4.865360905023616,-0.3789898646793777,4.865690368501959,-0.3793193281577203,4.5226481116125745,-0.036277071268336236,4.523150370089182,-0.03677932974494347,4.505297337306924,-0.018926296962685996,4.505052816590762,-0.018681776246523896
977,2026-05-15T16:58:21.774Z,2026-05-15 16:58:21.774000+00:00,5592.232783333334,93.20387972222223,69.644,6,74,test,16,0,3.644451141357422,8.669244766235352,1.5069795846939087,8.025522232055664,18.201746582984924,0.44092044658823887,True,True,False,1.119802474975586,1.380716030253673,15.583574414253235,0.17383054987249133,-0.7598738960397351,0.05590795534117611,4.000126103960264,4.006167034740492,4.000126103960264,-0.35567496260284237,4.006167034740492,-0.36171589338307,3.6631247778511073,-0.018673636493685475,3.6579155690258305,-0.013464427668408607,3.822532761253624,-0.17808161989620208,3.825244590414738,-0.1807934490573162
978,2026-05-15T16:59:31.409Z,2026-05-15 16:59:31.409000+00:00,5593.393366666667,93.22322277777779,69.635,6,74,test,16,1,4.764253616333008,1.5902265310287476,6.642034530639648,2.2987780570983887,10.531039118766785,0.218285966956657,True,True,False,1.119802474975586,1.380716030253673,15.583574414253235,4.176785131576689,0.6208421342139376,0.07817140330433431,5.380842134213937,5.380990324108458,5.380842134213937,-0.6165885178809294,5.380990324108458,-0.6167367077754502,5.037948067219074,-0.27369445088606614,5.038631599279503,-0.2743779829464952,4.912068219013282,-0.14781460268027402,4.912610278976831,-0.14835666264382308
979,2026-05-15T17:00:40.926Z,2026-05-15 17:00:40.926000+00:00,5594.551983333334,93.24253305555557,69.517,6,74,test,16,2,4.441160202026367,7.732209205627441,9.541670799255373,5.964903354644775,23.238783359527588,0.2566788141341851,True,True,False,1.119802474975586,1.380716030253673,15.583574414253235,1.234016119521316,0.09132083277131925,0.0743321185865815,4.851320832771319,4.851653340789509,4.851320832771319,-0.4101606307449517,4.851653340789509,-0.4104931387631421,4.508611083900125,-0.06745088187375803,4.509110297836885,-0.06795009581051747,4.4942181898115665,-0.05305798778519932,4.493950748112616,-0.052790546086249
980,2026-05-15T17:01:50.213Z,2026-05-15 17:01:50.213000+00:00,5595.706766666667,93.26177944444446,69.287,6,74,test,16,3,4.080574035644531,4.049408912658691,2.106831312179565,1.7407934665679932,7.89703369140625,0.22043637327549562,True,True,False,1.119802474975586,1.380716030253673,15.583574414253235,0.5202811960020847,-0.28376187008725556,0.07795636267245044,4.476238129912744,4.477062924122699,4.476238129912744,-0.3956640942682128,4.477062924122699,-0.3964888884781681,4.134020667233315,-0.053446631588784044,4.13402759497831,-0.0534535593337786,4.198237050024506,-0.11766301437997484,4.197682297106874,-0.11710826146234243
981,2026-05-15T17:02:59.439Z,2026-05-15 17:02:59.439000+00:00,5596.8605333333335,93.28100888888889,69.226,6,74,test,16,4,4.267482757568359,6.034497261047363,4.827116966247559,5.965817451477051,16.827431678771973,0.3545292927264122,True,True,False,1.119802474975586,1.380716030253673,15.583574414253235,0.7999203177050993,-0.09695327213868488,0.06454707072735878,4.663046727861315,4.663637868846376,4.663046727861315,-0.3955639702929554,4.663637868846376,-0.3961551112780164,4.320595611956992,-0.053112854388632336,4.320836192926881,-0.05335343535852122,4.345649397545337,-0.07816663997697759,4.345246856717411,-0.0777640991490518
982,2026-05-15T17:04:08.710Z,2026-05-15 17:04:08.710000+00:00,5598.01505,93.30025083333334,69.271,6,74,test,16,5,4.258110046386719,6.300592899,5.113834857940674,4.331907272338867,15.74633502927954,0.27510574773646673,True,True,False,1.119802474975586,1.380716030253673,15.583574414253235,0.8116434341841571,-0.09063472023680125,0.07248942522635334,4.669365279763198,4.669883333677977,4.669365279763198,-0.4112552333764796,4.669883333677977,-0.4117732872912585,4.326841076788593,-0.06873103040187445,4.327154744828764,-0.06904469844204542,4.350635423772274,-0.092525377385555,4.350186476390371,-0.09207643000365184
983,2026-05-15T17:05:17.814Z,2026-05-15 17:05:17.814000+00:00,5599.166783333333,93.31944638888889,69.104,6,74,test,16,6,4.335851669311523,1.7532707452774048,2.351337194442749,3.550601005554199,7.655208945274353,0.4638150350874518,True,True,False,1.119802474975586,1.380716030253673,15.583574414253235,1.341114714185639,0.12746592744671945,0.053618496491254816,4.887465927446719,4.887894426136843,4.887465927446719,-0.5516142581351957,4.887894426136843,-0.5520427568253199,4.544852169247459,-0.20900049993593584,4.545255392512285,-0.2094037232007615,4.522740609635789,-0.18688894032426528,4.522614295659194,-0.1867626263476705
984,2026-05-15T17:06:27.126Z,2026-05-15 17:06:27.126000+00:00,5600.321983333333,93.33869972222222,69.312,6,74,test,16,7,4.412489891052246,4.361614227294922,5.504227638244629,9.805163383483888,19.671005249023438,0.4984576669751366,True,True,False,1.119802474975586,1.380716030253673,15.583574414253235,1.2619703053514564,0.10104913591149903,0.05015423330248635,4.8610491359114985,4.8615320630477,4.8610491359114985,-0.44855924485925236,4.8615320630477,-0.4490421719954538,4.518489806158316,-0.10599991510606976,4.518838600977064,-0.10634870992481815,4.501894881457649,-0.08940499040540306,4.501763958518246,-0.08927406746599953
985,2026-05-15T17:07:36.433Z,2026-05-15 17:07:36.433000+00:00,5601.4771,93.35795166666666,69.307,6,74,test,16,8,4.519452095031738,6.416856766,8.759815216064453,7.198273181915283,22.37494516397974,0.3217113217110096,True,True,False,1.119802474975586,1.380716030253673,15.583574414253235,1.3651255646656666,0.13517259975289736,0.06782886782889905,4.895172599752897,4.895506323866616,4.895172599752897,-0.3757205047211585,4.895506323866616,-0.37605422883487805,4.552464066977232,-0.03301197194549399,4.5529620648184626,-0.03350996978672427,4.528822014178743,-0.009369919147005135,4.5286346449507775,-0.009182549919039218
986,2026-05-15T17:08:45.838Z,2026-05-15 17:08:45.838000+00:00,5602.63385,93.37723083333334,69.405,6,74,test,16,9,4.272444725036621,8.520008087158203,6.097723007202148,3.9504687786102295,18.56819987297058,0.21275453763080507,True,True,False,1.119802474975586,1.380716030253673,15.583574414253235,0.7156945093036886,-0.14527231461260084,0.0787245462369195,4.614727685387399,4.615277853747295,4.614727685387399,-0.34228296035077754,4.615277853747295,-0.34283312871067384,4.272235596857911,0.00020912817871021616,4.272517150452964,-7.242541634333577e-05,4.307520405843362,-0.03507568080674073,4.306998289411529,-0.03455356437490753
987,2026-05-15T17:09:55.143Z,2026-05-15 17:09:55.143000+00:00,5603.788933333333,93.39648222222222,69.305,6,75,test,17,0,4.903746604919434,1.369390845298767,7.877647399902344,4.481409072875977,13.728447318077087,0.3264323320070603,True,True,False,0.933995246887207,1.1845539798904539,11.86604619026184,5.7526654475214025,0.7598691178947582,0.06735676679929398,5.519869117894758,5.520023315015816,5.519869117894758,-0.6161225129753243,5.520023315015816,-0.6162767100963826,5.176981058126432,-0.2732344532069986,5.177658582960324,-0.27391197804089007,5.021775664271086,-0.11802905935165242,5.02257328663022,-0.11882668171078681
988,2026-05-15T17:11:04.560Z,2026-05-15 17:11:04.560000+00:00,5604.945883333334,93.41576472222224,69.417,6,75,test,17,1,4.6275177001953125,4.787857055664063,9.087913513183594,9.792268753051758,23.668039321899414,0.4137338382732544,True,True,False,0.933995246887207,1.1845539798904539,11.86604619026184,1.8981171341430376,0.2783230095361093,0.05862661617267457,5.038323009536109,5.038622905112926,5.038323009536109,-0.4108053093407964,5.038622905112926,-0.4111052049176136,4.695580648223542,-0.06806294802822954,4.696112474601675,-0.06859477440636219,4.641783292120145,-0.014265591924832677,4.641827417516543,-0.014309717321230764
989,2026-05-15T17:12:13.845Z,2026-05-15 17:12:13.845000+00:00,5606.1006333333335,93.43501055555556,69.285,6,75,test,17,2,4.387678146362305,4.091512680053711,4.769117355,2.949628591537476,11.810258626591185,0.24975139705207558,True,True,False,0.933995246887207,1.1845539798904539,11.86604619026184,1.1656122632222647,0.06655410792952435,0.07502486029479247,4.826554107929524,4.8269010574174915,4.826554107929524,-0.4388759615672191,4.8269010574174915,-0.43922291105518685,4.4838588005281075,-0.09618065416580279,4.48434357299509,-0.09666542663278488,4.474674544125962,-0.08699639776365764,4.474373844040333,-0.08669569767802798
990,2026-05-15T17:13:23.168Z,2026-05-15 17:13:23.168000+00:00,5607.256016666666,93.45426694444444,69.323,6,75,test,17,3,4.099870681762695,6.376429080963135,3.421243190765381,5.392129421234131,15.189801692962646,0.3549835297541952,True,True,False,0.933995246887207,1.1845539798904539,11.86604619026184,0.536545321421283,-0.27039358774862243,0.06450164702458049,4.489606412251377,4.4905635752036535,4.489606412251377,-0.38973573048868193,4.4905635752036535,-0.39069289344095814,4.147521318314269,-0.04765063655157409,4.147395877316943,-0.04752519555424772,4.208786082047121,-0.1089154002844257,4.208360138304506,-0.10848945654181108
991,2026-05-15T17:14:32.279Z,2026-05-15 17:14:32.279000+00:00,5608.407866666666,93.47346444444445,69.111,6,75,test,17,4,4.669971466064453,3.0445187091827397,6.933326244354248,1.824148178100586,11.801993131637573,0.15456272154663406,True,True,False,0.933995246887207,1.1845539798904539,11.86604619026184,2.277314382546661,0.35742298897285374,0.0845437278453366,5.117422988972853,5.117607798269981,5.117422988972853,-0.4474515229084002,5.117607798269981,-0.4476363322055281,4.774565541380597,-0.10459407531614406,4.775212454038419,-0.10524098797396597,4.704201798471924,-0.03423033240747131,4.704297600701473,-0.034326134637019834
992,2026-05-15T17:15:41.716Z,2026-05-15 17:15:41.716000+00:00,5609.565149999999,93.4927525,69.437,6,75,test,17,5,3.9697513580322266,6.598465919494629,2.481750488,7.181560516357422,16.26177692385205,0.44162212715043636,True,True,False,0.933995246887207,1.1845539798904539,11.86604619026184,0.3761102229334656,-0.4246848619956958,0.05583778728495637,4.3353151380043045,4.337115344677351,4.3353151380043045,-0.3655637799720779,4.337115344677351,-0.3673639866451248,3.994073087787967,-0.024321729755740318,3.99310460306987,-0.023353245037643244,4.087033447593953,-0.11728208956172637,4.086995929438381,-0.11724457140615474
993,2026-05-15T17:16:50.905Z,2026-05-15 17:16:50.905000+00:00,5610.7182999999995,93.51197166666665,69.189,6,75,test,17,6,4.610425949,4.122329711914063,9.148535728,6.041935920715332,19.312801360629397,0.31284616912346414,True,True,False,0.933995246887207,1.1845539798904539,11.86604619026184,2.2192634668594207,0.346208863931398,0.06871538308765358,5.106208863931398,5.10643985546481,5.106208863931398,-0.49578291493139837,5.10643985546481,-0.49601390646481036,4.763397598575426,-0.1529716495754263,4.763998328996964,-0.15357237999696416,4.695352631378405,-0.08492668237840562,4.695464728933822,-0.08503877993382236
994,2026-05-15T17:18:00.320Z,2026-05-15 17:18:00.320000+00:00,5611.875216666666,93.53125361111111,69.415,6,75,test,17,7,4.813876152038574,2.463056802749634,8.913812637329102,3.569662809371948,14.946532249450684,0.23882882997848148,True,True,False,0.933995246887207,1.1845539798904539,11.86604619026184,3.6190040876759992,0.5585890736453996,0.07611711700215185,5.318589073645399,5.318750477414775,5.318589073645399,-0.5047129216068251,5.318750477414775,-0.5048743253762007,4.975708220525391,-0.16183206848681664,4.976378538710965,-0.16250238667239092,4.862943768107167,-0.04906761606859256,4.863383971654682,-0.04950781961610762
995,2026-05-15T17:19:09.742Z,2026-05-15 17:19:09.742000+00:00,5613.03225,93.5505375,69.422,6,75,test,17,8,4.4224138259887695,3.9235527515411377,4.836359024047852,7.884774684906006,16.644686460494995,0.4737112173076958,True,True,False,0.933995246887207,1.1845539798904539,11.86604619026184,1.2326478909065697,0.09083903695656967,0.05262887826923043,4.850839036956569,4.8513089917472865,4.850839036956569,-0.4284252109677995,4.8513089917472865,-0.42889516575851694,4.508266734857902,-0.08585290886913288,4.508628502022135,-0.0862146760333653,4.493838000393852,-0.07142417440508275,4.493678397959474,-0.0712645719707048
996,2026-05-15T17:20:18.957Z,2026-05-15 17:20:18.957000+00:00,5614.185833333334,93.5697638888889,69.215,6,75,test,17,9,4.653983116149902,3.611147642,7.926257610321045,7.05866289138794,18.596068143708987,0.37957824400508405,True,True,False,0.933995246887207,1.1845539798904539,11.86604619026184,2.194941441367144,0.3414229382317352,0.06204217559949159,5.101422938231735,5.101680522640408,5.101422938231735,-0.44743982208183297,5.101680522640408,-0.44769740649050593,4.758638265751024,-0.10465514960112188,4.759212403297301,-0.10522928714739876,4.691576014294421,-0.03759289814451883,4.691700510467549,-0.03771739431764676
997,2026-05-15T17:21:28.614Z,2026-05-15 17:21:28.614000+00:00,5615.3467833333325,93.58911305555554,69.657,6,76,test,18,0,4.553084373474121,6.151801109313965,8.968694686889648,2.1061103343963623,17.226606130599976,0.12225915647164157,True,True,False,0.5739612581049798,0.6606280920337163,13.854565143491456,1.4578973746909412,0.16372695390371286,0.08777408435283585,4.923726953903713,4.923971204486037,4.923726953903713,-0.37064258042959164,4.923971204486037,-0.3708868310119158,4.580928947596653,-0.027844574122531718,4.5815164189692785,-0.028432045495157432,4.551354512273246,0.001729861200875149,4.551147890655834,0.0019364828182872884
998,2026-05-15T17:22:38.151Z,2026-05-15 17:22:38.151000+00:00,5616.505733333333,93.6084288888889,69.537,6,76,test,18,1,4.417451858520508,7.542778015136719,8.312520027160645,9.182067871,25.037365913297364,0.3667345799393137,True,True,False,0.5739612581049798,0.6606280920337163,13.854565143491456,1.1020502009311717,0.04220137808275463,0.06332654200606863,4.802201378082755,4.802634530265724,4.802201378082755,-0.3847495195622468,4.802634530265724,-0.38518267174521625,4.45959227337634,-0.0421404148558322,4.45999084314832,-0.04253898462781258,4.4554575856204375,-0.038005727099929665,4.455181130904434,-0.03772927238392576
999,2026-05-15T17:23:47.571Z,2026-05-15 17:23:47.571000+00:00,5617.662733333334,93.62771222222223,69.42,6,76,test,18,2,4.167688369750977,9.300023078918455,5.684046268463135,5.082224369049072,20.066293716430664,0.253271702331739,True,True,False,0.5739612581049798,0.6606280920337163,13.854565143491456,0.6111862540801523,-0.2138264218477295,0.0746728297668261,4.5461735781522705,4.546874670217623,4.5461735781522705,-0.37848520840129396,4.546874670217623,-0.37918630046664603,4.2038324133282385,-0.036144043577261975,4.203963043217836,-0.03627467346685975,4.253423742249177,-0.08573537249820085,4.252897318520372,-0.08520894876939522
1000,2026-05-15T17:24:56.888Z,2026-05-15 17:24:56.888000+00:00,5618.818016666667,93.64696694444446,69.317,6,76,test,18,3,4.5685224533081055,5.663660049438477,9.729355812072754,5.928710460662842,21.321726322174072,0.27805958912891254,True,True,False,0.5739612581049798,0.6606280920337163,13.854565143491456,1.717856602823005,0.23498690850461204,0.07219404108710875,4.994986908504612,4.99524842168524,4.994986908504612,-0.42646445519650644,4.99524842168524,-0.4267259683771343,4.652206164795856,-0.08368371148775022,4.652776373570178,-0.08425392026207223,4.607586384399594,-0.03906393109148887,4.6075219722981595,-0.03899951899005405
1001,2026-05-15T17:26:05.972Z,2026-05-15 17:26:05.972000+00:00,5619.969416666666,93.66615694444444,69.084,6,76,test,18,4,4.732275963,2.576612949371338,7.125978469848633,1.4802093505859375,11.182800769805908,0.13236481459837618,True,True,False,0.5739612581049798,0.6606280920337163,13.854565143491456,2.765637916857976,0.4417953207465676,0.08676351854016238,5.201795320746568,5.201956496425444,5.201795320746568,-0.4695193577465675,5.201956496425444,-0.4696805334254437,4.85891423953606,-0.12663827653605964,4.8595847858121335,-0.1273088228121333,4.770780765549199,-0.03850480254919919,4.771010087286782,-0.03873412428678158
1002,2026-05-15T17:27:15.215Z,2026-05-15 17:27:15.215000+00:00,5621.123466666667,93.68539111111112,69.243,6,76,test,18,5,4.623106956481934,4.051094055175781,8.028575897216797,9.380104064941406,21.459774017333984,0.4371017167918307,True,True,False,0.5739612581049798,0.6606280920337163,13.854565143491456,1.9818290535514187,0.2970661908651336,0.056289828320816936,5.057066190865133,5.057369494751545,5.057066190865133,-0.4339592343831997,5.057369494751545,-0.4342625382696115,4.714327237862161,-0.09122028138022742,4.714855655930699,-0.09174869944876551,4.656573705356268,-0.03346674887433476,4.656654340007767,-0.03354738352583375
1003,2026-05-15T17:28:24.244Z,2026-05-15 17:28:24.244000+00:00,5622.27395,93.70456583333333,69.029,6,76,test,18,6,4.499052047729492,7.970849037,9.819222450256348,4.977705001831055,22.767776489087403,0.21862938632663007,True,True,False,0.5739612581049798,0.6606280920337163,13.854565143491456,1.2318916598064218,0.09057251495731794,0.078137061367337,4.850572514957317,4.850889330319044,4.850572514957317,-0.35152046722782515,4.850889330319044,-0.3518372825895515,4.50784707342966,-0.008795025700167436,4.508361980022883,-0.009309932293390943,4.4936276854832595,0.005424362246232661,4.493346482256989,0.005705565472503338
1004,2026-05-15T17:29:33.429Z,2026-05-15 17:29:33.429000+00:00,5623.4270333333325,93.72378388888887,69.185,6,76,test,18,7,4.317656517028809,7.093090534210205,6.381322383880615,9.228132247924805,22.702545166015625,0.4064800743900193,True,True,False,0.5739612581049798,0.6606280920337163,13.854565143491456,0.8996533109373539,-0.045924817398339854,0.059351992560998074,4.71407518260166,4.714641362684626,4.71407518260166,-0.39641866557285166,4.714641362684626,-0.39698484565581715,4.371599105795242,-0.0539425887664331,4.371864647667226,-0.05420813063841745,4.3859164108747,-0.06825989384589182,4.3855861858700305,-0.06792966884122187
1005,2026-05-15T17:30:42.790Z,2026-05-15 17:30:42.790000+00:00,5624.58305,93.74305083333334,69.361,6,76,test,18,8,4.15831470489502,7.593006610870361,4.587552070617676,5.943155765533447,18.123714447021484,0.32792150764161737,True,True,False,0.5739612581049798,0.6606280920337163,13.854565143491456,0.6041812296133139,-0.21883277128714884,0.06720784923583827,4.541167228712851,4.541957259579576,4.541167228712851,-0.38285252381783064,4.541957259579576,-0.3836425546845552,4.198915002690192,-0.04060029779517116,4.198956693778417,-0.04064198888339643,4.249473186806448,-0.09115848191142728,4.249008074247501,-0.09069336935248096
1006,2026-05-15T17:31:52.164Z,2026-05-15 17:31:52.164000+00:00,5625.739283333333,93.76232138888889,69.374,6,76,test,18,9,4.203525543212891,8.214078903198242,5.299895763397217,5.013434886932373,18.527409553527832,0.27059556666289364,True,True,False,0.5739612581049798,0.6606280920337163,13.854565143491456,0.6452209463599923,-0.1902915421806289,0.07294044333371064,4.569708457819371,4.570380037491713,4.569708457819371,-0.36618291460648056,4.570380037491713,-0.36685449427882233,4.227337780602329,-0.023812237389438273,4.227497922884937,-0.02397237967204635,4.271995327810259,-0.06846978459736874,4.271488020371695,-0.06796247715880455
1007,2026-05-15T17:33:01.713Z,2026-05-15 17:33:01.713000+00:00,5626.898433333334,93.78164055555557,69.549,6,77,test,19,0,4.349635124206543,7.944928169250488,7.325024604797363,2.716581106185913,17.986533880233765,0.1510341639069932,True,True,False,1.2295217514038086,1.4860742433834384,13.833110213279724,0.9219749315226842,-0.03528088724287468,0.08489658360930069,4.724719112757125,4.725105075305327,4.724719112757125,-0.3750839885505819,4.725105075305327,-0.37546995109878445,4.382062818415943,-0.03242769420940039,4.382508577822691,-0.032873453616147685,4.394315632047041,-0.04468050784049815,4.39386207279071,-0.04422694858416687
1008,2026-05-15T17:34:10.986Z,2026-05-15 17:34:10.986000+00:00,5628.052983333333,93.80088305555554,69.273,6,77,test,19,1,4.401461601257324,3.2154998779296875,4.289710521697998,7.602951526641846,15.108161926269531,0.5032347127165817,True,True,False,1.2295217514038086,1.4860742433834384,13.833110213279724,1.33407267440481,0.12517948867594764,0.04967652872834183,4.885179488675948,4.885644041902922,4.885179488675948,-0.4837178874186234,4.885644041902922,-0.4841824406455979,4.542601785013538,-0.14114018375621384,4.542968953741513,-0.14150735248418922,4.520936360204214,-0.11947475894688964,4.520834437388702,-0.11937283613137772
1009,2026-05-15T17:35:20.337Z,2026-05-15 17:35:20.337000+00:00,5629.208833333334,93.82014722222223,69.351,6,77,test,19,2,4.3716888427734375,1.5104063749313354,2.378084182739258,4.329346179962158,8.217836737632751,0.5268230944691753,True,True,False,1.2295217514038086,1.4860742433834384,13.833110213279724,1.5744664629393978,0.19713341434348758,0.04731769055308248,4.957133414343487,4.957559458041246,4.957133414343487,-0.5854445715700498,4.957559458041246,-0.5858706152678081,4.614517201151862,-0.2428283583784241,4.614922879409053,-0.2432340366356156,4.5777158511509395,-0.20602700837750199,4.577713278903983,-0.20602443613054522
1010,2026-05-15T17:36:29.697Z,2026-05-15 17:36:29.697000+00:00,5630.364833333334,93.8394138888889,69.36,6,77,test,19,3,4.968806266784668,1.3759686946868896,9.040133476257324,2.994435787200928,13.410537958145142,0.22328975888563826,True,True,False,1.2295217514038086,1.4860742433834384,13.833110213279724,6.570013919040842,0.8175662896444426,0.07767102411143618,5.577566289644443,5.57769508081111,5.577566289644443,-0.6087600228597747,5.57769508081111,-0.6088888140264421,5.234652823921726,-0.26584655713705807,5.2353557547100085,-0.2665494879253405,5.067305022268169,-0.09849875548350084,5.068186639131268,-0.0993803723465998
1011,2026-05-15T17:37:38.844Z,2026-05-15 17:37:38.844000+00:00,5631.517283333334,93.85862138888889,69.147,6,77,test,19,4,4.218963623046875,6.395733356,4.622671127319336,8.323575973510742,19.34198045683008,0.4303373169096293,True,True,False,1.2295217514038086,1.4860742433834384,13.833110213279724,0.7227742105575259,-0.14099735197769947,0.056966268309037074,4.619002648022301,4.619753922802332,4.619002648022301,-0.40003902497542576,4.619753922802332,-0.40079029975545666,4.276711665912948,-0.0577480428660726,4.2767921130878666,-0.057828490040991554,4.310893817369893,-0.09193019432301774,4.310538470864462,-0.09157484781758729
1012,2026-05-15T17:38:48.292Z,2026-05-15 17:38:48.292000+00:00,5632.67475,93.87791250000001,69.448,6,77,test,19,5,4.511181831359863,5.8823747634887695,8.113945007324219,3.822664022445679,17.818983793258667,0.21452761093434977,True,True,False,1.2295217514038086,1.4860742433834384,13.833110213279724,1.3793655340843891,0.13967937016389295,0.07854723890656504,4.899679370163892,4.899965073936447,4.899679370163892,-0.38849753880402904,4.899965073936447,-0.3887832425765838,4.556922817047063,-0.04574098568719975,4.557468835229458,-0.046287003869594834,4.532378347309647,-0.021196515949784,4.532161128592204,-0.0209792972323406
1013,2026-05-15T17:39:57.614Z,2026-05-15 17:39:57.614000+00:00,5633.830116666666,93.8971686111111,69.322,6,77,test,19,6,3.7392845153808594,8.571643829345703,1.8388917446136477,2.450252056121826,12.860787630081177,0.19052115053907942,True,True,False,1.2295217514038086,1.4860742433834384,13.833110213279724,0.21453198257235745,-0.6685079537389959,0.08094788494609205,4.091492046261004,4.094453422596621,4.091492046261004,-0.3522075308801442,4.094453422596621,-0.355168907215762,3.751411165707237,-0.012126650326377497,3.74928151132657,-0.009996995945710463,3.894630449400251,-0.15534593401939167,3.8950714471928,-0.15578693181194048
1014,2026-05-15T17:41:07.047Z,2026-05-15 17:41:07.047000+00:00,5634.9873333333335,93.91645555555556,69.433,6,77,test,19,7,4.322067260742188,9.739361763000488,8.911893844604492,3.399691343307495,22.050946950912476,0.15417439218712622,True,True,False,1.2295217514038086,1.4860742433834384,13.833110213279724,0.9150387942729965,-0.03856049305755469,0.08458256078128738,4.7214395069424455,4.7218299594886375,4.7214395069424455,-0.39937224620025713,4.7218299594886375,-0.3997626987464491,4.378787702599253,-0.05672044185706504,4.379228972008011,-0.05716171126582292,4.391727665554096,-0.06966040481190738,4.391271740933026,-0.06920448019083736
1015,2026-05-15T17:42:16.206Z,2026-05-15 17:42:16.206000+00:00,5636.139983333333,93.93566638888888,69.159,6,77,test,19,8,4.671626091003418,3.1561315059661865,7.713471889,9.396247863769531,20.26585125873572,0.4636493056130184,True,True,False,1.2295217514038086,1.4860742433834384,13.833110213279724,2.443964034584381,0.3880948105326807,0.05363506943869816,5.1480948105326805,5.148374036784406,5.1480948105326805,-0.4764687195292625,5.148374036784406,-0.4767479457809882,4.805331779895022,-0.13370568889160417,4.805884275598246,-0.1342581845948283,4.728405209174246,-0.05677911817082837,4.728631020411059,-0.05700492940764068
1016,2026-05-15T17:43:25.826Z,2026-05-15 17:43:25.826000+00:00,5637.300316666666,93.95500527777776,69.62,6,77,test,19,9,4.921941757202148,1.6068572998046875,8.874078750610352,6.679888725280762,17.1608247756958,0.38925219577681514,True,True,False,1.2295217514038086,1.4860742433834384,13.833110213279724,5.522630261995879,0.7421459683458854,0.061074780422318495,5.502145968345885,5.502318133567012,5.502145968345885,-0.5802042111437364,5.502318133567012,-0.5803763763648639,5.159275876677628,-0.2373341194754799,5.159935433411451,-0.23799367620930223,5.007790167301716,-0.08584841009956712,5.008570027472422,-0.08662827027027387
1017,2026-05-15T17:44:35.194Z,2026-05-15 17:44:35.194000+00:00,5638.45645,93.97427416666666,69.368,6,78,test,20,0,4.673280715942383,4.203428268432617,9.333587646484377,2.1456613540649414,15.682677268981935,0.13681728682313377,True,True,False,0.7570114135742188,0.8382076572935384,13.572307347830932,2.220470304341533,0.3464449694723853,0.08631827131768663,5.106444969472385,5.106628807873378,5.106444969472385,-0.433164253530002,5.106628807873378,-0.4333480919309949,4.763586550983994,-0.09030583504161083,4.764234434537951,-0.09095371859556778,4.695538944387772,-0.022258228445389605,4.695614173860626,-0.022333457918243482
1018,2026-05-15T17:45:44.778Z,2026-05-15 17:45:44.778000+00:00,5639.6161833333335,93.99360305555555,69.584,6,78,test,20,1,4.550879478,5.707809448242188,8.223890305,3.1069090366363525,17.03860878987854,0.18234522988061985,True,True,False,0.7570114135742188,0.8382076572935384,13.572307347830932,1.440813744672692,0.15860784279248316,0.08176547701193801,4.918607842792483,4.918872566351357,4.918607842792483,-0.36772836479248294,4.918872566351357,-0.3679930883513576,4.575830309461973,-0.02495083146197352,4.576397307858048,-0.025517829858048735,4.547314975579469,0.0035645024205308573,4.547115311189862,0.0037641668101375814
1019,2026-05-15T17:46:54.112Z,2026-05-15 17:46:54.112000+00:00,5640.77175,94.0128625,69.334,6,78,test,20,2,4.2630720138549805,9.536493301391602,6.829023361206055,6.088335514068604,22.45385217666626,0.2711488196397552,True,True,False,0.7570114135742188,0.8382076572935384,13.572307347830932,0.7160937616565554,-0.1450301096696664,0.07288511803602449,4.614969890330333,4.615563686574148,4.614969890330333,-0.35189787647535287,4.615563686574148,-0.35249167271916715,4.272521429684764,-0.009449415829783092,4.272759355395899,-0.00968734154091866,4.3077115319457535,-0.044639518090773045,4.307224358325977,-0.04415234447099614
1020,2026-05-15T17:48:03.450Z,2026-05-15 17:48:03.450000+00:00,5641.927383333333,94.03212305555554,69.338,6,78,test,20,3,4.367278099060059,9.602405548095703,9.410790443,7.923772811889648,26.93696880298535,0.2941597798120284,True,True,False,0.7570114135742188,0.8382076572935384,13.572307347830932,0.9800450934782999,-0.008753941248070335,0.07058402201879715,4.75124605875193,4.7516820562082005,4.75124605875193,-0.38396795969187103,4.7516820562082005,-0.3844039571481419,4.408639799318816,-0.04136170025875785,4.409035523817495,-0.04175742475743682,4.4152482841015726,-0.04797018504151396,4.41488215396248,-0.047604054902421034
1021,2026-05-15T17:49:12.897Z,2026-05-15 17:49:12.897000+00:00,5643.084833333333,94.05141388888889,69.447,6,78,test,20,4,4.500706672668457,6.295016765594482,8.498433113098145,4.549392223358154,19.34284210205078,0.23519771289844812,True,True,False,0.7570114135742188,0.8382076572935384,13.572307347830932,1.3500254931085285,0.13034196954080288,0.0764802287101552,4.890341969540803,4.89064076831933,4.890341969540803,-0.38963529687234555,4.89064076831933,-0.3899340956508732,4.547598511429946,-0.04689183876148917,4.548131434606368,-0.04742476193791134,4.5250101203612765,-0.024303447692819447,4.524786413546185,-0.024079740877727573
1022,2026-05-15T17:50:22.282Z,2026-05-15 17:50:22.282000+00:00,5644.24125,94.0706875,69.385,6,78,test,20,5,4.055763244628906,4.684168815612793,2.371224403381348,8.416276931762695,15.471670150756836,0.543979858008477,True,True,False,0.7570114135742188,0.8382076572935384,13.572307347830932,0.5062209533264098,-0.29565988263548004,0.0456020141991523,4.46434011736452,4.465799587928874,4.46434011736452,-0.4085768727356136,4.465799587928874,-0.41003634329996785,4.12275733103949,-0.0669940864105838,4.122129582430086,-0.0663663378011794,4.188848221138542,-0.13308497650963602,4.188773977462728,-0.1330107328338217
1023,2026-05-15T17:51:31.578Z,2026-05-15 17:51:31.578000+00:00,5645.396183333333,94.08993638888889,69.296,6,78,test,20,6,4.152250289916992,4.543971061706543,2.937318563461304,8.356453895568848,15.837743520736694,0.5276290706834319,True,True,False,0.7570114135742188,0.8382076572935384,13.572307347830932,0.6464210540896708,-0.18948450692706859,0.04723709293165681,4.570515493072931,4.571549209512664,4.570515493072931,-0.41826520315593907,4.571549209512664,-0.419298919595672,4.22850695262328,-0.07625666270628795,4.228304958138497,-0.07605466822150486,4.272632166599083,-0.12038187668209055,4.2724127337871876,-0.12016244387019537
1024,2026-05-15T17:52:40.863Z,2026-05-15 17:52:40.863000+00:00,5646.550933333333,94.10918222222222,69.285,6,78,test,20,7,3.916269302368164,9.095899582,2.931453227996826,3.9723095893859854,15.99966239938281,0.24827458794000665,True,True,False,0.7570114135742188,0.8382076572935384,13.572307347830932,0.32228293656604556,-0.4917626878211532,0.07517254120599934,4.268237312178846,4.269919154290706,4.268237312178846,-0.3519680098106823,4.269919154290706,-0.35364985192254217,3.9268768974013217,-0.010607595033157668,3.926026777244412,-0.009757474876248118,4.034101730959334,-0.1178324285911696,4.0338495851819385,-0.11758028281377442
1025,2026-05-15T17:53:50.423Z,2026-05-15 17:53:50.423000+00:00,5647.710266666666,94.12850444444443,69.56,6,78,test,20,8,4.485819816589356,3.107830286026001,5.166165351867676,5.090665817260742,13.364661455154419,0.3809049585238389,True,True,False,0.7570114135742188,0.8382076572935384,13.572307347830932,1.662306135279246,0.2207110077869864,0.06190950414761612,4.9807110077869865,4.981023491187712,4.9807110077869865,-0.49489119119763014,4.981023491187712,-0.4952036745983559,4.637981234298328,-0.15216141770897185,4.638500472852552,-0.15268065626319594,4.596321142537767,-0.11050132594841067,4.5962712890541315,-0.11045147246477516
1026,2026-05-15T17:54:59.648Z,2026-05-15 17:54:59.648000+00:00,5648.864016666667,94.14773361111112,69.225,6,78,test,20,9,4.382164955,5.975994587,6.205255031585693,3.611085891723633,15.792335510309325,0.22866066196265245,True,True,False,0.7570114135742188,0.8382076572935384,13.572307347830932,1.0383635629597825,0.01634943996944321,0.07713393380373476,4.776349439969443,4.776726156342969,4.776349439969443,-0.3941844849694425,4.776726156342969,-0.39456120134296846,4.433683899453585,-0.0515189444535844,4.434138905035009,-0.051973950035008265,4.4350575883660515,-0.0528926333660511,4.434689859722235,-0.05252490472223492
1027,2026-05-15T17:56:08.746Z,2026-05-15 17:56:08.746000+00:00,5650.01565,94.1669275,69.098,6,79,test,21,0,3.9829835891723633,6.671789646148682,2.725314855575561,1.591746807098389,10.988851308822632,0.14485106426186886,True,True,False,0.843022346496582,0.9566635730478888,13.214054822580934,0.4084833305781396,-0.38882566149543907,0.08551489357381312,4.371174338504561,4.3722205731904635,4.371174338504561,-0.3881907493321979,4.3722205731904635,-0.38923698401810025,4.0291783163010795,-0.046194727128716195,4.028963803570127,-0.045980214397763675,4.115330265749069,-0.13234667657670585,4.114761112985597,-0.13177752381323415
1028,2026-05-15T17:57:18.082Z,2026-05-15 17:57:18.082000+00:00,5651.17125,94.1861875,69.336,6,79,test,21,1,4.566317558288574,5.5311126708984375,9.09828281402588,5.575882434844971,20.205277919769287,0.2759616797643454,True,True,False,0.843022346496582,0.9566635730478888,13.214054822580934,1.6449281284570207,0.21614692715139563,0.07240383202356548,4.976146927151396,4.976416249911616,4.976146927151396,-0.4098293688628214,4.976416249911616,-0.410098691623042,4.633373993022232,-0.06705643473365797,4.633936392216961,-0.06761883392838719,4.59271958539235,-0.02640202710377615,4.592627361779043,-0.026309803490469186
1029,2026-05-15T17:58:27.534Z,2026-05-15 17:58:27.534000+00:00,5652.328783333333,94.20547972222222,69.452,6,79,test,21,2,4.017167091369629,5.799208641052246,2.5913326740264893,6.391196250915527,14.781737565994263,0.43237110809074475,True,True,False,0.843022346496582,0.9566635730478888,13.214054822580934,0.44684246324276083,-0.3498455627817179,0.05676288919092552,4.4101544372182815,4.4115431000689505,4.4101544372182815,-0.3929873458486526,4.4115431000689505,-0.39437600869932155,4.068500843179566,-0.05133375180993749,4.067943902283847,-0.05077681091421837,4.146089812799281,-0.12892272142965222,4.145861812868914,-0.1286947214992855
1030,2026-05-15T17:59:37.115Z,2026-05-15 17:59:37.115000+00:00,5653.488466666667,94.22480777777778,69.581,6,79,test,21,3,4.392641067504883,7.975622177124023,8.607713699,7.619570255279541,24.202906131403566,0.31482046882762793,True,True,False,0.843022346496582,0.9566635730478888,13.214054822580934,1.079252942007329,0.03312324120211315,0.06851795311723721,4.793123241202113,4.793531682988625,4.793123241202113,-0.40048217369723016,4.793531682988625,-0.4008906154837426,4.450489426099241,-0.05784835859435855,4.450912706267679,-0.05827163876279595,4.44829394602683,-0.055652878521947,4.447981570150783,-0.05534050264590018
1031,2026-05-15T18:00:46.228Z,2026-05-15 18:00:46.228000+00:00,5654.64035,94.24400583333333,69.113,6,79,test,21,4,4.385472297668457,3.2865450382232666,4.113969802856445,5.993330001831055,13.393844842910767,0.4474689734070846,True,True,False,0.843022346496582,0.9566635730478888,13.214054822580934,1.2517612736201817,0.09752151143422891,0.05525310265929155,4.8575215114342285,4.857963077002559,4.8575215114342285,-0.47204921376577147,4.857963077002559,-0.4724907793341018,4.514920820113175,-0.12944852244471772,4.515310976499794,-0.12983867883133726,4.499111201203759,-0.1136389035353016,4.498941200860258,-0.11346890319180059
1032,2026-05-15T18:01:55.709Z,2026-05-15 18:01:55.709000+00:00,5655.798366666667,94.26330611111112,69.481,6,79,test,21,5,4.104832649230957,7.130065441131592,3.7546286582946777,2.6197898387908936,13.504483938217163,0.19399407269292168,True,True,False,0.843022346496582,0.9566635730478888,13.214054822580934,0.5265910515540502,-0.2785265252028283,0.08060059273070784,4.481473474797172,4.48225877114008,4.481473474797172,-0.3766408255662146,4.48225877114008,-0.3774261219091226,4.139216514250696,-0.03438386501973856,4.139262939862737,-0.03443029063178038,4.202368307835815,-0.09753565860485836,4.201791760347283,-0.09695911111632594
1033,2026-05-15T18:03:04.850Z,2026-05-15 18:03:04.850000+00:00,5656.950716666667,94.28251194444445,69.141,6,79,test,21,6,4.012205123901367,9.215582847595217,3.760621309280396,4.261412143707275,17.237616300582886,0.24721586032537324,True,True,False,0.843022346496582,0.9566635730478888,13.214054822580934,0.40807199842620057,-0.38926320514393753,0.0752784139674627,4.370736794856063,4.371926523664576,4.370736794856063,-0.3585316709546955,4.371926523664576,-0.3597213997632087,4.028884266775192,-0.01667914287382466,4.0285262599216285,-0.016321136020261306,4.114984996114393,-0.1027798722130262,4.1145285453766105,-0.10232342147524331
1034,2026-05-15T18:04:14.293Z,2026-05-15 18:04:14.293000+00:00,5658.1080999999995,94.30180166666666,69.443,6,79,test,21,7,4.705258369445801,3.9864001274108887,9.631915092468262,5.981102943,19.59941816287915,0.30516737248496856,True,True,False,0.843022346496582,0.9566635730478888,13.214054822580934,2.41619375492145,0.38313175748190437,0.06948326275150314,5.143131757481904,5.1433487623342975,5.143131757481904,-0.43787338803610343,5.1433487623342975,-0.4380903928884967,4.800306505444913,-0.09504813599911266,4.80092122254747,-0.09566285310166922,4.724488819301834,-0.019230449856033616,4.724656465241013,-0.019398095795212456
1035,2026-05-15T18:05:24.056Z,2026-05-15 18:05:24.056000+00:00,5659.270816666667,94.32118027777778,69.763,6,79,test,21,8,4.826005935668945,2.284307718276977,8.436357498168945,6.312403202056885,17.033068418502808,0.3705969498249535,True,True,False,0.843022346496582,0.9566635730478888,13.214054822580934,3.6931790890819114,0.5674003679039513,0.06294030501750465,5.327400367903951,5.327593891913189,5.327400367903951,-0.5013944322350055,5.327593891913189,-0.5015879562442436,4.984551635023805,-0.15854569935485952,4.985189832969517,-0.15918389730057125,4.869896839783811,-0.04389090411486585,4.870378343636647,-0.04437240796770148
1036,2026-05-15T18:06:33.574Z,2026-05-15 18:06:33.574000+00:00,5660.42945,94.34049083333333,69.518,6,79,test,21,9,4.7747297286987305,2.390779972076416,7.596518993377685,8.325420379638672,18.312719345092773,0.45462501896910357,True,True,False,0.843022346496582,0.9566635730478888,13.214054822580934,3.1774228837880187,0.5020750190051988,0.054537498103089645,5.262075019005199,5.262314059769267,5.262075019005199,-0.4873452903064681,5.262314059769267,-0.48758433107053634,4.919271802879883,-0.14454207418115228,4.919864484070764,-0.1451347553720339,4.81834801847938,-0.04361828978064963,4.818747672133383,-0.04401794343465237
1037,2026-05-15T18:07:42.888Z,2026-05-15 18:07:42.888000+00:00,5661.5846833333335,94.35974472222223,69.314,6,80,test,22,0,5.012914657592773,1.3725721836090088,9.402025223,6.371198654174805,17.145796060783816,0.3715895506740063,True,True,False,1.1418561935424805,1.3434617967490707,9.637553453569335,6.849931344432858,0.8356862186627343,0.06284104493259937,5.595686218662734,5.595843662535343,5.595686218662734,-0.5827715610699604,5.595843662535343,-0.5829290049425699,5.252801405645959,-0.23988674805318588,5.2534756837283,-0.2405610261355262,5.081603621491276,-0.06868896389850221,5.082540589355713,-0.06962593176293996
1038,2026-05-15T18:08:52.162Z,2026-05-15 18:08:52.162000+00:00,5662.73925,94.3789875,69.274,6,80,test,22,1,4.318758964538574,6.486405849456787,5.353653430938721,3.5133602619171143,15.353419542312622,0.22883242734523174,True,True,False,1.1418561935424805,1.3434617967490707,9.637553453569335,0.8253651644981588,-0.08335386497821179,0.07711675726547683,4.676646135021788,4.677124259237547,4.676646135021788,-0.35788717048321406,4.677124259237547,-0.3583652946989728,4.334082002348163,-0.015323037809588769,4.334435600087354,-0.01567663554877985,4.356380812246972,-0.03762184770839738,4.3559134189493145,-0.03715445441074028
1039,2026-05-15T18:10:01.493Z,2026-05-15 18:10:01.493000+00:00,5663.894766666666,94.3982461111111,69.331,6,80,test,22,2,4.417451858520508,8.040309906,8.419924736,6.985508918762207,23.445743560762207,0.29794358624875755,True,True,False,1.1418561935424805,1.3434617967490707,9.637553453569335,1.047213954989063,0.020035420913176637,0.07020564137512425,4.780035420913176,4.7804458577550495,4.780035420913176,-0.3625835623926683,4.7804458577550495,-0.3629939992345417,4.437403600865665,-0.01995174234515762,4.437824885978742,-0.020373027458234105,4.437966229134194,-0.020514370613685884,4.4376318201316,-0.020179961611091812
1040,2026-05-15T18:11:10.917Z,2026-05-15 18:11:10.917000+00:00,5665.051833333333,94.41753055555554,69.424,6,80,test,22,3,4.685961723327637,3.820504665374756,9.049875259399414,7.633774757385254,20.504154682159424,0.3723038026057894,True,True,False,1.1418561935424805,1.3434617967490707,9.637553453569335,2.368764352369062,0.37452185871512494,0.06276961973942106,5.134521858715125,5.134764887595095,5.134521858715125,-0.4485601353874884,5.134764887595095,-0.44880316426745814,4.791722630705711,-0.10576090737807409,4.792311323780691,-0.1063496004530542,4.717694670622034,-0.03173294729439746,4.717867366643029,-0.03190564331539214
1041,2026-05-15T18:12:20.347Z,2026-05-15 18:12:20.347000+00:00,5666.209,94.43681666666666,69.43,6,80,test,22,4,3.964789390563965,8.188258171081543,2.8698954582214355,9.242975234985352,20.30112886428833,0.4552936586321881,True,True,False,1.1418561935424805,1.3434617967490707,9.637553453569335,0.35048912702301455,-0.4553254502997496,0.054470634136781194,4.30467454970025,4.3067196602473485,4.30467454970025,-0.33988515913628525,4.3067196602473485,-0.3419302696833837,3.963677403357964,0.0011119872060008085,3.962464014765816,0.0023253757981489542,4.062854683335129,-0.09806529277116383,4.062955585791933,-0.09816619522796799
1042,2026-05-15T18:13:29.651Z,2026-05-15 18:13:29.651000+00:00,5667.364066666666,94.45606777777776,69.304,6,80,test,22,5,4.545917510986328,5.403214454650879,8.849850655,3.0675301551818848,17.32059526483276,0.17710304457088202,True,True,False,1.1418561935424805,1.3434617967490707,9.637553453569335,1.6378862488758685,0.21428373674006132,0.08228969554291181,4.974283736740061,4.9745214951368215,4.974283736740061,-0.4283662257537326,4.9745214951368215,-0.4286039841504934,4.6314792382474375,-0.08556172726110933,4.6320732018056265,-0.08615569081929841,4.591249325054072,-0.04533181406774389,4.591128775490693,-0.04521126450436519
1043,2026-05-15T18:14:39.292Z,2026-05-15 18:14:39.292000+00:00,5668.52475,94.47541249999999,69.641,6,80,test,22,6,4.805606842041016,2.689086914,8.883833885192871,2.235269308,13.808190107192871,0.16187996331507765,True,True,False,1.1418561935424805,1.3434617967490707,9.637553453569335,3.303661863416018,0.5189955899898883,0.08381200366849223,5.278995589989888,5.27914831784974,5.278995589989888,-0.47338874794887253,5.27914831784974,-0.47354147580872397,4.9361060609603555,-0.1304992189193399,4.936785055055454,-0.13117821301443833,4.831700193473662,-0.026093351432646017,4.832062106628831,-0.026455264587815108
1044,2026-05-15T18:15:48.871Z,2026-05-15 18:15:48.871000+00:00,5669.6844,94.49474000000001,69.579,6,80,test,22,7,4.124131202697754,9.62049961090088,4.706995010375977,3.382960796356201,17.710455417633057,0.19101489581052922,True,True,False,1.1418561935424805,1.3434617967490707,9.637553453569335,0.4892672107218354,-0.31045388842916966,0.08089851041894709,4.449546111570831,4.450408461223667,4.449546111570831,-0.32541490887307667,4.450408461223667,-0.3262772585259128,4.107366204334283,0.01676499836347123,4.107335576636396,0.016795626061357538,4.177174137893804,-0.05304293519604997,4.176600934412775,-0.05246973171502134
1045,2026-05-15T18:16:58.392Z,2026-05-15 18:16:58.392000+00:00,5670.843083333334,94.5140513888889,69.521,6,80,test,22,8,4.650123596191406,1.827157020568848,5.130509853363037,8.638582229614258,15.596249103546143,0.5538884492201456,True,True,False,1.1418561935424805,1.3434617967490707,9.637553453569335,2.8079195140906705,0.4483846550648706,0.04461115507798545,5.2083846550648705,5.208695537541347,5.2083846550648705,-0.5582610588734642,5.208695537541347,-0.5585719413499408,4.865653280651963,-0.21552968446055676,4.866174120130436,-0.21605052393903001,4.775980468620297,-0.12585687242889065,4.776340082886879,-0.1262164866954727
1046,2026-05-15T18:18:08.698Z,2026-05-15 18:18:08.698000+00:00,5672.0148500000005,94.53358083333335,70.306,6,80,test,22,9,3.871058464050293,6.333928108215332,1.9674221277236936,9.090519905090332,17.391870141029358,0.5226878898805013,True,True,False,1.1418561935424805,1.3434617967490707,9.637553453569335,0.31061642855906063,-0.5077755780863366,0.04773121101194987,4.252224421913663,4.255016689710133,4.252224421913663,-0.38116595786337015,4.255016689710133,-0.38395822565983995,3.9119744328207484,-0.040915968770455446,3.910013886979229,-0.038955422928935945,4.021465814997725,-0.1504073509474324,4.022063031386086,-0.15100456733579293
1047,2026-05-15T18:19:18.137Z,2026-05-15 18:19:18.137000+00:00,5673.172166666667,94.55286944444445,69.439,6,81,test,23,0,3.956519127,9.63885498,3.6050901412963863,7.757990837097168,21.001935958393553,0.36939408121548145,True,True,False,0.8314428328388672,0.9980183554541691,7.639580487585814,0.3740164312853254,-0.42710931796049467,0.06306059187845187,4.332890682039505,4.334498559430221,4.332890682039505,-0.3763715550395048,4.334498559430221,-0.37797943243022125,3.9914563025408367,-0.03493717554083675,3.990680147105071,-0.03416102010507105,4.085120287551231,-0.12860116055123072,4.084926279822994,-0.12840715282299442
1048,2026-05-15T18:20:27.378Z,2026-05-15 18:20:27.378000+00:00,5674.326183333334,94.57210305555556,69.241,6,81,test,23,1,4.456598281860352,4.320962905883789,6.145410537719727,7.7248382568359375,18.191211700439453,0.42464671315156677,True,True,False,0.8314428328388672,0.9980183554541691,7.639580487585814,1.4222317274123355,0.15297036273513648,0.05753532868484333,4.912970362735137,4.91335051749489,4.912970362735137,-0.4563720808747851,4.91335051749489,-0.4567522356345384,4.570308260605506,-0.11370997874515432,4.5707598278007024,-0.11416154594035088,4.542866389280544,-0.08626810742019231,4.542747850656191,-0.08614956879583957
1049,2026-05-15T18:21:37.024Z,2026-05-15 18:21:37.024000+00:00,5675.48695,94.59144916666668,69.646,6,81,test,23,2,4.151698112487793,7.041073799133301,4.278895854949951,4.995225429534912,16.315195083618164,0.3061701318270194,True,True,False,0.8314428328388672,0.9980183554541691,7.639580487585814,0.6077050144647893,-0.21630718006637,0.06938298681729807,4.5436928199336295,4.544452622370382,4.5436928199336295,-0.39199470744583653,4.544452622370382,-0.39275450988258864,4.2014103654809976,-0.049712252993204586,4.201482284999195,-0.049784172511402325,4.251466153590748,-0.0997680411029549,4.250981689256951,-0.09928357676915844
1050,2026-05-15T18:22:46.264Z,2026-05-15 18:22:46.264000+00:00,5676.64095,94.6106825,69.24,6,81,test,23,3,4.252596855163574,9.778641700744627,7.122469425201416,2.197849750518799,19.098960876464844,0.11507692825462312,True,True,False,0.8314428328388672,0.9980183554541691,7.639580487585814,0.7283700173469954,-0.13764793982488494,0.08849230717453768,4.622352060175115,4.622831708764871,4.622352060175115,-0.3697552050115407,4.622831708764871,-0.37023485360129715,4.279789451875487,-0.027192596711913097,4.280141525240681,-0.02754467007710648,4.313536868673115,-0.06094001350954059,4.312972731964259,-0.06037587680068501
1051,2026-05-15T18:23:55.483Z,2026-05-15 18:23:55.483000+00:00,5677.794599999999,94.62990999999998,69.219,6,81,test,23,4,4.575690269470215,1.2127925157546997,3.220757007598877,9.058979988098145,13.492529511451721,0.6714070908949562,True,True,False,0.8314428328388672,0.9980183554541691,7.639580487585814,2.6556537625025296,0.4241714521581325,0.03285929091050438,5.184171452158132,5.184606237659397,5.184171452158132,-0.6084811826879175,5.184606237659397,-0.6089159681891818,4.841563980770013,-0.26587371129979775,4.841960917223698,-0.2662706477534833,4.75687361208009,-0.18118334260987545,4.757287541112468,-0.1815972716422536
1052,2026-05-15T18:25:04.863Z,2026-05-15 18:25:04.863000+00:00,5678.950933333333,94.64918222222221,69.38,6,81,test,23,5,4.4554948806762695,7.533251762390137,8.942380905151367,1.8063900470733645,18.282022714614868,0.09880690311304091,True,True,False,0.8314428328388672,0.9980183554541691,7.639580487585814,1.1870545665015906,0.07447068305388035,0.09011930968869591,4.83447068305388,4.83475476702752,4.83447068305388,-0.3789758023776102,4.83475476702752,-0.3792598863512504,4.491712510138136,-0.03621762946186635,4.4922601481194455,-0.036765267443175986,4.480921584873666,-0.025426704197396788,4.4805854455049845,-0.025090564828714967
1053,2026-05-15T18:26:14.233Z,2026-05-15 18:26:14.233000+00:00,5680.107099999999,94.66845166666666,69.37,6,81,test,23,6,4.665009498596191,4.294641017913818,9.326129913330078,5.896692752838135,19.51746368408203,0.30212392595085674,True,True,False,0.8314428328388672,0.9980183554541691,7.639580487585814,2.1715737996328213,0.3367745931864734,0.06978760740491434,5.096774593186473,5.097005143221132,5.096774593186473,-0.4317650945902818,5.097005143221132,-0.43199564462494067,4.753962886331748,-0.08895338773555661,4.754564058252039,-0.08955455965584758,4.687907963344232,-0.02289846474804058,4.688002691845442,-0.022993193249250865
1054,2026-05-15T18:27:23.505Z,2026-05-15 18:27:23.505000+00:00,5681.261633333333,94.68769388888887,69.272,6,81,test,23,7,4.063481330871582,7.808421611785889,3.4167914390563965,7.453450679779053,18.678663730621338,0.39903554061846785,True,True,False,0.8314428328388672,0.9980183554541691,7.639580487585814,0.43757773451924703,-0.3589447845298352,0.06009644593815322,4.401055215470165,4.40240564109893,4.401055215470165,-0.33757388459858273,4.40240564109893,-0.33892431022734826,4.059363384209546,0.0041179466620357985,4.0588446805357306,0.004636650335851478,4.138909534946803,-0.07542820407522122,4.13863487727546,-0.07515354640387795
1055,2026-05-15T18:28:33.276Z,2026-05-15 18:28:33.276000+00:00,5682.424483333333,94.70707472222222,69.771,6,81,test,23,8,4.787961959838867,1.9067763090133667,7.099189758300781,4.778178691864014,13.784144759178162,0.3466431015738185,True,True,False,0.8314428328388672,0.9980183554541691,7.639580487585814,3.7231371738482277,0.5709090374936743,0.06533568984261814,5.330909037493674,5.331094797067966,5.330909037493674,-0.5429470776548069,5.331094797067966,-0.5431328372290984,4.988052540178582,-0.20009058033971439,4.98869850255924,-0.20073654272037267,4.872665562565182,-0.08470360272631439,4.873147255229616,-0.08518529539074837
1056,2026-05-15T18:29:43.014Z,2026-05-15 18:29:43.014000+00:00,5683.586783333333,94.72644638888889,69.738,6,81,test,23,9,4.40587329864502,1.1606085300445557,2.272826194763184,9.928920746,13.362355470807739,0.7430516848389013,True,True,False,0.8314428328388672,0.9980183554541691,7.639580487585814,1.9583056094512163,0.2918804679274743,0.025694831516109882,5.051880467927474,5.052549809396366,5.051880467927474,-0.6460071692824538,5.052549809396366,-0.6466765107513455,4.709507552506982,-0.3036342538619614,4.70966993299304,-0.3037966343480196,4.652481604670178,-0.24660830602515738,4.652842387936969,-0.24696908929194894
1057,2026-05-15T18:30:52.422Z,2026-05-15 18:30:52.422000+00:00,5684.743583333333,94.74572638888888,69.408,6,82,test,24,0,4.578998565673828,5.170724868774414,8.747851371765137,5.707396030426025,19.625972270965576,0.2908083203026572,True,True,False,0.536468505859375,0.5773296864400681,15.397866129875183,1.6918036820316429,0.22834996582063727,0.07091916796973428,4.988349965820637,4.9886192047564,4.988349965820637,-0.40935140014680904,4.9886192047564,-0.40962063908257207,4.645576947867016,-0.06657838219318801,4.646139430886203,-0.06714086521237483,4.602349113138262,-0.023350547464433546,4.60227883808142,-0.02328027240759223
1058,2026-05-15T18:32:02.038Z,2026-05-15 18:32:02.038000+00:00,5685.903850000001,94.76506416666668,69.616,6,82,test,24,1,4.340813636779785,7.687489509582519,6.876101016998291,5.141491413116455,19.705081939697266,0.26092210267639443,True,True,False,0.536468505859375,0.5773296864400681,15.397866129875183,0.8944533853902727,-0.04844228784707619,0.07390778973236056,4.711557712152923,4.712015289464186,4.711557712152923,-0.37074407537313814,4.712015289464186,-0.37120165268440086,4.368973032574802,-0.028159395795016806,4.369347177218489,-0.02853354043870393,4.383929852264776,-0.043116215484991116,4.383509190275294,-0.04269555349550913
1059,2026-05-15T18:33:11.302Z,2026-05-15 18:33:11.302000+00:00,5687.05825,94.78430416666667,69.264,6,82,test,24,2,4.250943183898926,3.001326799,2.7382071018218994,5.204617023468018,10.944150924289918,0.47556151769770166,True,True,False,0.536468505859375,0.5773296864400681,15.397866129875183,0.912332206787422,-0.039846993575130656,0.05244384823022983,4.720153006424869,4.720784332992048,4.720153006424869,-0.46920982252594357,4.720784332992048,-0.46984114909312247,4.377742076102664,-0.1267988922037384,4.377942471490435,-0.12699928759150936,4.390712476406138,-0.13976929250721248,4.3904447412857,-0.13950155738677417
1060,2026-05-15T18:34:21.146Z,2026-05-15 18:34:21.146000+00:00,5688.222316666666,94.80370527777777,69.844,6,82,test,24,3,4.529376983642578,3.855597257614136,6.407905578613281,2.941873788833618,13.205376625061035,0.22277848427666644,True,True,False,0.536468505859375,0.5773296864400681,15.397866129875183,1.6619748252903694,0.22062444103637077,0.07772215157233336,4.980624441036371,4.9808733870964605,4.980624441036371,-0.4512474573937926,4.9808733870964605,-0.4514964034538824,4.6378311302070765,-0.10845414656449837,4.6384139061019365,-0.10903692245935837,4.596252831935013,-0.06687584829243498,4.596152569768677,-0.06677558612609857
1061,2026-05-15T18:35:30.399Z,2026-05-15 18:35:30.399000+00:00,5689.376533333333,94.82294222222222,69.253,6,82,test,24,4,4.503462791442871,6.552835464477539,8.883281707763672,7.900187969207764,23.336305141448975,0.33853636731788267,True,True,False,0.536468505859375,0.5773296864400681,15.397866129875183,1.3556393649618272,0.13214417136147777,0.06614636326821174,4.892144171361478,4.892488403493078,4.892144171361478,-0.38868137991860685,4.892488403493078,-0.38902561205020714,4.549446146603694,-0.04598335516082308,4.549933636427044,-0.04647084498417264,4.526432254053244,-0.022969462610372915,4.526247732326897,-0.022784940884025495
1062,2026-05-15T18:36:40.185Z,2026-05-15 18:36:40.185000+00:00,5690.539633333334,94.84232722222222,69.786,6,82,test,24,5,4.042530059814453,9.528369903564451,4.266177177429199,2.0875582695007324,15.882105350494383,0.1314409030434841,True,True,False,0.536468505859375,0.5773296864400681,15.397866129875183,0.4477342106369393,-0.3489797206194309,0.0868559096956516,4.411020279380569,4.411926513000171,4.411020279380569,-0.36849021956611594,4.411926513000171,-0.36939645318571745,4.0688842561107865,-0.0263541962963334,4.068809744446135,-0.026279684631681732,4.146773056649549,-0.10424299683509552,4.146165059161863,-0.10363499934740972
1063,2026-05-15T18:37:49.703Z,2026-05-15 18:37:49.703000+00:00,5691.698266666667,94.86163777777779,69.518,6,82,test,24,6,4.424619674682617,6.4165873527526855,7.310070514678955,1.816116571426392,15.542774438858032,0.1168463570368732,True,True,False,0.536468505859375,0.5773296864400681,15.397866129875183,1.1392458502950122,0.056617455338963056,0.0883153642963127,4.816617455338963,4.816918561197534,4.816617455338963,-0.3919977806563457,4.816918561197534,-0.39229888651491684,4.47387630430815,-0.04925662962553279,4.474406920404529,-0.04978724572191151,4.466833442051652,-0.04221376736903437,4.466478557453521,-0.04185888277090388
1064,2026-05-15T18:38:59.414Z,2026-05-15 18:38:59.414000+00:00,5692.860116666667,94.88100194444445,69.711,6,82,test,24,7,4.269136428833008,9.160995483398438,6.411920547485352,8.995542526245117,24.568458557128906,0.3661419175048296,True,True,False,0.536468505859375,0.5773296864400681,15.397866129875183,0.6999152612950239,-0.15495453681383717,0.06338580824951705,4.605045463186163,4.605746572801088,4.605045463186163,-0.335909034353155,4.605746572801088,-0.3366101439680804,4.262704315911704,0.006432112921303634,4.262834928251729,0.006301500581279207,4.299880077081324,-0.030743648248316546,4.299459874875566,-0.030323446042558544
1065,2026-05-15T18:40:08.814Z,2026-05-15 18:40:08.814000+00:00,5694.0167833333335,94.90027972222222,69.4,6,82,test,24,8,4.218963623046875,2.1954708099365234,1.9749261140823364,5.000195503234863,9.170592427253723,0.5452423649725158,True,True,False,0.536468505859375,0.5773296864400681,15.397866129875183,0.8995456032227713,-0.045976814835409545,0.04547576350274843,4.71402318516459,4.714761920919352,4.71402318516459,-0.4950595621177154,4.714761920919352,-0.49579829787247665,4.371719664029968,-0.1527560409830926,4.371812650230156,-0.1528490271832812,4.385875379228686,-0.1669117561818112,4.385681536951823,-0.1667179139049484
1066,2026-05-15T18:41:18.202Z,2026-05-15 18:41:18.202000+00:00,5695.173250000001,94.91955416666669,69.388,6,82,test,24,9,4.269688606262207,9.085269927978516,6.653936862945557,2.041834831237793,17.781041622161865,0.11483212708376425,True,True,False,0.536468505859375,0.5773296864400681,15.397866129875183,0.7323873606060339,-0.13525915927260726,0.08851678729162359,4.624740840727393,4.625217322204337,4.624740840727393,-0.35505223446518563,4.625217322204337,-0.3555287159421301,4.282175065314953,-0.012486459052746035,4.2825303057929585,-0.012841699530751427,4.315421876926431,-0.045733270664223724,4.314859544778901,-0.04517093851669429
1067,2026-05-15T18:42:28.060Z,2026-05-15 18:42:28.060000+00:00,5696.33755,94.93895916666666,69.858,6,83,test,25,0,4.625312805175781,2.2074179649353027,5.531639099121094,4.616172790527344,12.35522985458374,0.3736209560532589,True,True,False,1.015045166015625,1.2607068077424466,15.55578339082843,2.5059319018830313,0.39896926496688384,0.06263790439467412,5.158969264966884,5.159204954232506,5.158969264966884,-0.5336564597911027,5.159204954232506,-0.533892149056725,4.816162697343122,-0.19084989216734094,4.81675873003245,-0.19144592485666845,4.736986339131635,-0.11167353395585344,4.737197334423768,-0.11188452924798664
1068,2026-05-15T18:43:37.664Z,2026-05-15 18:43:37.664000+00:00,5697.4976166666665,94.9582936111111,69.604,6,83,test,25,1,3.791111946105957,5.69184160232544,1.4646366834640503,9.371755599975586,16.528233885765076,0.5670149433235574,True,True,False,1.015045166015625,1.2607068077424466,15.55578339082843,0.25732210869425165,-0.5895228983157969,0.04329850566764426,4.170477101684203,4.174587895368945,4.170477101684203,-0.37936515557824624,4.174587895368945,-0.383475949262988,3.8315456384795605,-0.0404336923736035,3.8282665667497686,-0.03715462064381159,3.9569582681776407,-0.1658463220716837,3.9584508479037783,-0.1673389017978213
1069,2026-05-15T18:44:47.161Z,2026-05-15 18:44:47.161000+00:00,5698.6559,94.97759833333333,69.497,6,83,test,25,2,4.474240303039551,3.3444409370422363,5.255845546722412,5.920670509338379,14.520956993103027,0.40773280384691596,True,True,False,1.015045166015625,1.2607068077424466,15.55578339082843,1.5715169278398404,0.19631906344958233,0.059226719615308406,4.956319063449582,4.9566599960652065,4.956319063449582,-0.4820787604100314,4.9566599960652065,-0.4824196930256557,4.613617739175822,-0.13937743613627163,4.614108528515148,-0.13986822547559719,4.577073239524416,-0.10283293648486502,4.57700188268421,-0.10276157964465948
1070,2026-05-15T18:45:56.453Z,2026-05-15 18:45:56.453000+00:00,5699.8107666666665,94.99684611111111,69.292,6,83,test,25,3,4.246531486511231,7.244839668273926,5.328485012054443,2.913440704345703,15.486765384674072,0.1881245458285877,True,True,False,1.015045166015625,1.2607068077424466,15.55578339082843,0.735486947404586,-0.13342503023823638,0.08118754541714124,4.626574969761763,4.627091890074904,4.626574969761763,-0.3800434832505317,4.627091890074904,-0.38056040356367227,4.28404963318552,-0.03751814667428821,4.284364434827329,-0.037832948316097514,4.316869204670345,-0.07033771815911383,4.3163421649811475,-0.06981067846991618
1071,2026-05-15T18:47:05.722Z,2026-05-15 18:47:05.722000+00:00,5700.965249999999,95.01608749999998,69.269,6,83,test,25,4,4.699745178222656,1.1825608015060425,4.367134094238281,3.29194450378418,8.841639399528503,0.37232286401091286,True,True,False,1.015045166015625,1.2607068077424466,15.55578339082843,3.6929467716810387,0.567373047988969,0.06276771359890872,5.327373047988969,5.327567108818202,5.327373047988969,-0.6276278697663127,5.327567108818202,-0.6278219305955455,4.984524851928818,-0.2847796737061614,4.985162513054535,-0.2854173348318785,4.869875281392785,-0.17013010317012878,4.8703571605371545,-0.17061198231449826
1072,2026-05-15T18:48:15.301Z,2026-05-15 18:48:15.301000+00:00,5702.1249,95.035415,69.579,6,83,test,25,5,4.196358680725098,7.010666370391846,4.350043773651123,7.336872100830078,18.697582244873047,0.39239683530964964,True,True,False,1.015045166015625,1.2607068077424466,15.55578339082843,0.6204893434984536,-0.20726567282691086,0.06076031646903504,4.552734327173089,4.553579680398588,4.552734327173089,-0.356375646447991,4.553579680398588,-0.3572209996734905,4.210537423509204,-0.014178742784106468,4.2105237922386545,-0.014165111513556816,4.2586008884045174,-0.06224220767941979,4.258200398609736,-0.061841717884638214
1073,2026-05-15T18:49:24.632Z,2026-05-15 18:49:24.632000+00:00,5703.2804166666665,95.05467361111111,69.331,6,83,test,25,6,4.334197044372559,7.744244575500488,7.099755287,9.553422927856444,24.397422790356934,0.3915750860223002,True,True,False,1.015045166015625,1.2607068077424466,15.55578339082843,0.916778288415712,-0.037735680425662575,0.06084249139776997,4.722264319574337,4.722805865453408,4.722264319574337,-0.3880672752017782,4.722805865453408,-0.38860882108084915,4.379763608564024,-0.0455665641914651,4.380053784639903,-0.04585674026734399,4.392378532632309,-0.058181488259750225,4.3920435977015,-0.0578465533289414
1074,2026-05-15T18:50:34.097Z,2026-05-15 18:50:34.097000+00:00,5704.438166666666,95.07396944444443,69.465,6,83,test,25,7,4.764253616333008,2.3572354316711426,7.370981693267822,2.2783124446868896,12.006529569625854,0.18975611824174152,True,True,False,1.015045166015625,1.2607068077424466,15.55578339082843,3.126960334226024,0.4951223722131864,0.08102438817582586,5.255122372213187,5.2552844981033315,5.255122372213187,-0.49086875588017875,5.2552844981033315,-0.4910308817703237,4.9122422412139475,-0.14798862488093967,4.912911837278752,-0.14865822094574455,4.81286162226235,-0.04860800592934211,4.813187900037375,-0.04893428370436759
1075,2026-05-15T18:51:43.454Z,2026-05-15 18:51:43.454000+00:00,5705.594116666666,95.09323527777777,69.357,6,83,test,25,8,3.749208450317383,8.548856735229492,1.7321052551269531,4.314399719238281,14.595361709594727,0.2956007398159974,True,True,False,1.015045166015625,1.2607068077424466,15.55578339082843,0.20261250232314895,-0.6933337597534777,0.07043992601840027,4.066666240246522,4.070398017683958,4.066666240246522,-0.3174577899291391,4.070398017683958,-0.32118956736657545,3.7273557607945738,0.021852689522809055,3.7244557053120877,0.024752745005295118,3.875040182229042,-0.12583173191165908,3.8760457133921142,-0.12683726307473142
1076,2026-05-15T18:52:53.120Z,2026-05-15 18:52:53.120000+00:00,5706.755216666667,95.11258694444446,69.666,6,83,test,25,9,4.550879478,5.390768051147461,9.15200901031494,1.725316286087036,16.268093347549435,0.10605522412661414,True,True,False,1.015045166015625,1.2607068077424466,15.55578339082843,1.6977189379103175,0.2298657932000084,0.0893944775873386,4.989865793200008,4.990078861743178,4.989865793200008,-0.4389863152000082,4.990078861743178,-0.439199383743178,4.647036604853794,-0.09615712685379396,4.647655258265574,-0.09677578026557399,4.60354526617877,-0.052665788178770434,4.60343329984881,-0.05255382184880997
1077,2026-05-15T18:54:02.475Z,2026-05-15 18:54:02.475000+00:00,5707.911133333333,95.13185222222222,69.355,6,84,test,26,0,4.503462791442871,5.001410484313965,7.089616775512695,6.275969505310059,18.36699676513672,0.341698187545978,True,True,False,1.0464725497197267,1.1541834058722813,18.872609615448,1.4175234761769742,0.15153026015026277,0.0658301812454022,4.911530260150262,4.911863457760994,4.911530260150262,-0.4080674687073911,4.911863457760994,-0.4084006663181228,4.56882120087161,-0.06535840942873872,4.569319725215828,-0.06585693377295687,4.5417299913575455,-0.03826719991467442,4.541571715698349,-0.03810892425547774
1078,2026-05-15T18:55:11.801Z,2026-05-15 18:55:11.801000+00:00,5709.066566666666,95.15110944444444,69.326,6,84,test,26,1,4.0485944747924805,9.176527023,3.9089934825897217,2.2533748149871826,15.338895320576905,0.14690593865415544,True,True,False,1.0464725497197267,1.1541834058722813,18.872609615448,0.42597743926348614,-0.3706134015142608,0.08530940613458446,4.389386598485739,4.390375259954978,4.389386598485739,-0.34079212369325873,4.390375259954978,-0.34178078516249766,4.047333003065594,0.0012614717268863984,4.047176063551305,0.0014184112411754768,4.129701724166761,-0.0811072493742806,4.129119891766106,-0.08052541697362514
1079,2026-05-15T18:56:21.597Z,2026-05-15 18:56:21.597000+00:00,5710.229833333333,95.17049722222221,69.796,6,84,test,26,2,4.680998802185059,1.6517083644866943,5.018184661865234,5.281645774841309,11.951538801193237,0.44192181966676886,True,True,False,1.0464725497197267,1.1541834058722813,18.872609615448,3.0381783913922047,0.4826132705546457,0.05580781803332312,5.242613270554646,5.242852008970031,5.242613270554646,-0.5616144683695872,5.242852008970031,-0.5618532067849724,4.899809752080647,-0.21881094989558836,4.900402735620212,-0.21940393343515296,4.802990577454391,-0.12199177526933269,4.803354882069526,-0.12235607988446784
1080,2026-05-15T18:57:31.333Z,2026-05-15 18:57:31.333000+00:00,5711.3921,95.18986833333334,69.736,6,84,test,26,3,3.946594238,2.483078956604004,1.1458439826965332,4.15294075,7.781863689300537,0.5336691717833575,True,True,False,1.0464725497197267,1.1541834058722813,18.872609615448,0.4614609534058687,-0.33586504098213904,0.04663308282166426,4.424134959017861,4.425751095805061,4.424134959017861,-0.47754072101786127,4.425751095805061,-0.4791568578050609,4.082708838915677,-0.13611460091567684,4.081924424083427,-0.13533018608342706,4.157121968495934,-0.21052773049593432,4.157099102189046,-0.21050486418904635
1081,2026-05-15T18:58:40.710Z,2026-05-15 18:58:40.710000+00:00,5712.548383333333,95.20913972222222,69.377,6,84,test,26,4,4.139568328857422,6.406728744506836,3.696241855621338,1.1766704320907593,11.279641032218933,0.1043180743722023,True,True,False,1.0464725497197267,1.1541834058722813,18.872609615448,0.5769312238777887,-0.23887595611748064,0.08956819256277979,4.521124043882519,4.521752521774356,4.521124043882519,-0.38155571502509744,4.521752521774356,-0.3821841929169345,4.178710264884972,-0.03914193602755045,4.178913508948085,-0.039345180090663234,4.233656929096263,-0.09408860023884102,4.233027883334465,-0.09345955447704313
1082,2026-05-15T18:59:50.230Z,2026-05-15 18:59:50.230000+00:00,5713.70705,95.22845083333333,69.52,6,84,test,26,5,4.2961530685424805,7.734940052032471,6.007556438446045,2.033608913421631,15.776105403900146,0.12890436906683478,True,True,False,1.0464725497197267,1.1541834058722813,18.872609615448,0.7766778278866519,-0.1097590926360185,0.08710956309331652,4.650240907363981,4.650693767454276,4.650240907363981,-0.35408783882150097,4.650693767454276,-0.3545406989117952,4.307651510564892,-0.011498442022411126,4.308030372429547,-0.011877303887066759,4.335544209228673,-0.03939114068619265,4.335009197934726,-0.038856129392245364
1083,2026-05-15T19:00:59.544Z,2026-05-15 19:00:59.544000+00:00,5714.862283333334,95.24770472222222,69.314,6,84,test,26,6,4.467073440551758,7.782082557678223,9.086191177368164,9.786199569702148,26.654473304748535,0.36715036376121984,True,True,False,1.0464725497197267,1.1541834058722813,18.872609615448,1.167578358366712,0.067286036530929,0.06328496362387802,4.8272860365309285,4.827696650384537,4.8272860365309285,-0.36021259597917066,4.827696650384537,-0.36062320983277907,4.484654393495153,-0.017580952943395012,4.485075501596494,-0.01800206104473645,4.475252115578965,-0.008178675027207483,4.47500308890483,-0.007929648353072416
1084,2026-05-15T19:02:08.916Z,2026-05-15 19:02:08.916000+00:00,5716.018483333333,95.26697472222222,69.372,6,84,test,26,7,4.630274772644043,3.764366626739502,7.998788833618164,3.5915589332580566,15.354714393615723,0.23390594192695482,True,True,False,1.0464725497197267,1.1541834058722813,18.872609615448,2.1248697660850047,0.32733231716097055,0.07660940580730452,5.08733231716097,5.087545262660793,5.08733231716097,-0.45705754451692737,5.087545262660793,-0.45727049001675013,4.744503005771409,-0.11422823312736607,4.745121782226536,-0.11484700958249316,4.680456978271039,-0.050182205626995824,4.68052074880683,-0.050245976162787365
1085,2026-05-15T19:03:18.401Z,2026-05-15 19:03:18.401000+00:00,5717.176566666666,95.2862761111111,69.485,6,84,test,26,8,4.993066787719727,1.5474485158920288,9.401263236999512,1.0609419345855713,12.009653687477112,0.08834076004138677,True,True,False,1.0464725497197267,1.1541834058722813,18.872609615448,6.07533183847486,0.7835700043580205,0.09116592399586132,5.5435700043580205,5.543682138032603,5.5435700043580205,-0.5505032166382939,5.543682138032603,-0.5506153503128761,5.200639881143219,-0.20757309342349206,5.201359469423586,-0.20829268170385973,5.040478247290503,-0.047411459570776415,5.0412853586318835,-0.04821857091215698
