acid_flow,acetate_flow,water_flow,total_flow,flow_ratio_acetate_acid,log10_flow_ratio_acetate_acid,water_fraction,buffer_flow_fraction,acid_analytical_mol_l,acetate_analytical_mol_l,total_buffer_mol_l,sodium_mol_l,ph_equilibrium_charge_balance,ph_equilibrium_affine
1.0,1.0,1.0,3.0,1.0,0.0,0.3333333333333333,0.6666666666666666,0.03333333333333333,0.03333333333333333,0.06666666666666667,0.03333333333333333,4.760452344018065,4.421818689091765
1.0,1.0,2.0,4.0,1.0,0.0,0.5,0.5,0.025,0.025,0.05,0.025,4.760602916541205,4.421937778866115
1.0,1.0,3.0,5.0,1.0,0.0,0.6,0.4,0.02,0.02,0.04,0.02,4.760753385474143,4.422056786709622
1.0,1.0,4.0,6.0,1.0,0.0,0.6666666666666666,0.3333333333333333,0.016666666666666666,0.016666666666666666,0.03333333333333333,0.016666666666666666,4.760903751048075,4.422175712805143
1.0,1.0,5.0,7.0,1.0,0.0,0.7142857142857143,0.2857142857142857,0.014285714285714287,0.014285714285714287,0.028571428571428574,0.014285714285714287,4.7610540132584935,4.422294557149111
1.0,1.0,6.0,8.0,1.0,0.0,0.75,0.25,0.0125,0.0125,0.025,0.0125,4.761204172076391,4.422413319718584
1.0,1.0,7.0,9.0,1.0,0.0,0.7777777777777778,0.2222222222222222,0.011111111111111112,0.011111111111111112,0.022222222222222223,0.011111111111111112,4.76135422751655,4.422532000525254
1.0,1.0,8.0,10.0,1.0,0.0,0.8,0.2,0.01,0.01,0.02,0.01,4.761504179642495,4.422650599619363
1.0,1.0,9.0,11.0,1.0,0.0,0.8181818181818182,0.18181818181818182,0.009090909090909092,0.009090909090909092,0.018181818181818184,0.009090909090909092,4.761654003469068,4.422769097239824
1.0,1.0,10.0,12.0,1.0,0.0,0.8333333333333334,0.16666666666666666,0.008333333333333333,0.008333333333333333,0.016666666666666666,0.008333333333333333,4.7618037565382965,4.422887538897378
1.0,2.0,1.0,4.0,2.0,0.3010299956639812,0.25,0.75,0.025,0.05,0.07500000000000001,0.05,5.0612562828343695,4.659728451446422
1.0,2.0,2.0,5.0,2.0,0.3010299956639812,0.4,0.6,0.02,0.04,0.06,0.04,5.061312823999945,4.659773170592448
1.0,2.0,3.0,6.0,2.0,0.3010299956639812,0.5,0.5,0.016666666666666666,0.03333333333333333,0.05,0.03333333333333333,5.061369352889352,4.6598178800290935
1.0,2.0,4.0,7.0,2.0,0.3010299956639812,0.5714285714285714,0.42857142857142855,0.014285714285714287,0.028571428571428574,0.04285714285714286,0.028571428571428574,5.061425869506961,4.659862579759813
1.0,2.0,5.0,8.0,2.0,0.3010299956639812,0.625,0.375,0.0125,0.025,0.037500000000000006,0.025,5.061482373859997,4.659907269790321
1.0,2.0,6.0,9.0,2.0,0.3010299956639812,0.6666666666666666,0.3333333333333333,0.011111111111111112,0.022222222222222223,0.03333333333333333,0.022222222222222223,5.061538865956462,4.659951950126947
1.0,2.0,7.0,10.0,2.0,0.3010299956639812,0.7,0.3,0.01,0.02,0.03,0.02,5.061595345804396,4.6599966207760515
1.0,2.0,8.0,11.0,2.0,0.3010299956639812,0.7272727272727273,0.2727272727272727,0.009090909090909092,0.018181818181818184,0.027272727272727275,0.018181818181818184,5.061651813411658,4.6600412817438475
1.0,2.0,9.0,12.0,2.0,0.3010299956639812,0.75,0.25,0.008333333333333333,0.016666666666666666,0.025,0.016666666666666666,5.061708268785869,4.660085933036364
1.0,2.0,10.0,13.0,2.0,0.3010299956639812,0.7692307692307693,0.23076923076923078,0.007692307692307693,0.015384615384615385,0.023076923076923078,0.015384615384615385,5.061764711934432,4.660130574659456
1.0,3.0,1.0,5.0,3.0,0.47712125471966244,0.2,0.8,0.02,0.06000000000000001,0.08000000000000002,0.06000000000000001,5.237288871096963,4.798954923696189
1.0,3.0,2.0,6.0,3.0,0.47712125471966244,0.3333333333333333,0.6666666666666666,0.016666666666666666,0.05000000000000001,0.06666666666666668,0.05000000000000001,5.237322382736823,4.7989814284896655
1.0,3.0,3.0,7.0,3.0,0.47712125471966244,0.42857142857142855,0.5714285714285714,0.014285714285714287,0.042857142857142864,0.05714285714285715,0.042857142857142864,5.237355890494175,4.799007930212416
1.0,3.0,4.0,8.0,3.0,0.47712125471966244,0.5,0.5,0.0125,0.037500000000000006,0.05,0.037500000000000006,5.237389394371016,4.799034428866019
1.0,3.0,5.0,9.0,3.0,0.47712125471966244,0.5555555555555556,0.4444444444444444,0.011111111111111112,0.03333333333333334,0.04444444444444445,0.03333333333333334,5.23742289436888,4.799060924451688
1.0,3.0,6.0,10.0,3.0,0.47712125471966244,0.6,0.4,0.01,0.030000000000000006,0.04000000000000001,0.030000000000000006,5.237456390489091,4.799087416970472
1.0,3.0,7.0,11.0,3.0,0.47712125471966244,0.6363636363636364,0.36363636363636365,0.009090909090909092,0.02727272727272728,0.03636363636363637,0.02727272727272728,5.237489882732868,4.799113906423333
1.0,3.0,8.0,12.0,3.0,0.47712125471966244,0.6666666666666666,0.3333333333333333,0.008333333333333333,0.025000000000000005,0.03333333333333334,0.025000000000000005,5.237523371101377,4.799140392811194
1.0,3.0,9.0,13.0,3.0,0.47712125471966244,0.6923076923076923,0.3076923076923077,0.007692307692307693,0.02307692307692308,0.030769230769230774,0.02307692307692308,5.237556855595745,4.799166876134946
1.0,3.0,10.0,14.0,3.0,0.47712125471966244,0.7142857142857143,0.2857142857142857,0.0071428571428571435,0.021428571428571432,0.028571428571428574,0.021428571428571432,5.237590336153668,4.799193356345313
1.0,4.0,1.0,6.0,4.0,0.6020599913279624,0.16666666666666666,0.8333333333333334,0.016666666666666666,0.06666666666666667,0.08333333333333333,0.06666666666666667,5.3622013935718025,4.897749868516569
1.0,4.0,2.0,7.0,4.0,0.6020599913279624,0.2857142857142857,0.7142857142857143,0.014285714285714287,0.05714285714285715,0.07142857142857144,0.05714285714285715,5.362224954338875,4.897768503034844
1.0,4.0,3.0,8.0,4.0,0.6020599913279624,0.375,0.625,0.0125,0.05,0.0625,0.05,5.362248513314323,4.8977871361361
1.0,4.0,4.0,9.0,4.0,0.6020599913279624,0.4444444444444444,0.5555555555555556,0.011111111111111112,0.044444444444444446,0.05555555555555556,0.044444444444444446,5.3622720704984355,4.897805767820565
1.0,4.0,5.0,10.0,4.0,0.6020599913279624,0.5,0.5,0.01,0.04,0.05,0.04,5.362295625891513,4.897824398088478
1.0,4.0,6.0,11.0,4.0,0.6020599913279624,0.5454545454545454,0.45454545454545453,0.009090909090909092,0.03636363636363637,0.04545454545454546,0.03636363636363637,5.362319179493863,4.89784302694008
1.0,4.0,7.0,12.0,4.0,0.6020599913279624,0.5833333333333334,0.4166666666666667,0.008333333333333333,0.03333333333333333,0.041666666666666664,0.03333333333333333,5.362342731305797,4.89786165437562
1.0,4.0,8.0,13.0,4.0,0.6020599913279624,0.6153846153846154,0.38461538461538464,0.007692307692307693,0.03076923076923077,0.038461538461538464,0.03076923076923077,5.36236628132763,4.897880280395345
1.0,4.0,9.0,14.0,4.0,0.6020599913279624,0.6428571428571429,0.35714285714285715,0.0071428571428571435,0.028571428571428574,0.03571428571428572,0.028571428571428574,5.3623898295596835,4.89789890499951
1.0,4.0,10.0,15.0,4.0,0.6020599913279624,0.6666666666666666,0.3333333333333333,0.006666666666666667,0.02666666666666667,0.03333333333333333,0.02666666666666667,5.362413376002277,4.897917528188367
1.0,5.0,1.0,7.0,5.0,0.6989700043360189,0.14285714285714285,0.8571428571428571,0.014285714285714287,0.07142857142857142,0.08571428571428572,0.07142857142857142,5.459096668084264,4.974385606144415
1.0,5.0,2.0,8.0,5.0,0.6989700043360189,0.25,0.75,0.0125,0.0625,0.075,0.0625,5.459114758993307,4.974399914480563
1.0,5.0,3.0,9.0,5.0,0.6989700043360189,0.3333333333333333,0.6666666666666666,0.011111111111111112,0.05555555555555555,0.06666666666666667,0.05555555555555555,5.459132848884615,4.974414222011771
1.0,5.0,4.0,10.0,5.0,0.6989700043360189,0.4,0.6,0.01,0.05,0.060000000000000005,0.05,5.459150937755152,4.974428528735638
1.0,5.0,5.0,11.0,5.0,0.6989700043360189,0.45454545454545453,0.5454545454545454,0.009090909090909092,0.045454545454545456,0.05454545454545455,0.045454545454545456,5.459169025604007,4.974442834651443
1.0,5.0,6.0,12.0,5.0,0.6989700043360189,0.5,0.5,0.008333333333333333,0.041666666666666664,0.049999999999999996,0.041666666666666664,5.459187112431413,4.974457139759371
1.0,5.0,7.0,13.0,5.0,0.6989700043360189,0.5384615384615384,0.46153846153846156,0.007692307692307693,0.038461538461538464,0.046153846153846156,0.038461538461538464,5.459205198238182,4.974471444060064
1.0,5.0,8.0,14.0,5.0,0.6989700043360189,0.5714285714285714,0.42857142857142855,0.0071428571428571435,0.03571428571428571,0.04285714285714286,0.03571428571428571,5.4592232830253975,4.974485747554379
1.0,5.0,9.0,15.0,5.0,0.6989700043360189,0.6,0.4,0.006666666666666667,0.03333333333333333,0.04,0.03333333333333333,5.459241366794231,4.9745000502432415
1.0,5.0,10.0,16.0,5.0,0.6989700043360189,0.625,0.375,0.00625,0.03125,0.0375,0.03125,5.459259449545855,4.9745143521275805
1.0,6.0,1.0,8.0,6.0,0.7781512503836436,0.125,0.875,0.0125,0.07500000000000001,0.08750000000000001,0.07500000000000001,5.538268501060288,5.03700364247276
1.0,6.0,2.0,9.0,6.0,0.7781512503836436,0.2222222222222222,0.7777777777777778,0.011111111111111112,0.06666666666666668,0.07777777777777779,0.06666666666666668,5.53828315219954,5.037015230250072
1.0,6.0,3.0,10.0,6.0,0.7781512503836436,0.3,0.7,0.01,0.06000000000000001,0.07,0.06000000000000001,5.538297802926301,5.03702681770114
1.0,6.0,4.0,11.0,6.0,0.7781512503836436,0.36363636363636365,0.6363636363636364,0.009090909090909092,0.05454545454545456,0.06363636363636364,0.05454545454545456,5.538312453174453,5.03703840477367
1.0,6.0,5.0,12.0,6.0,0.7781512503836436,0.4166666666666667,0.5833333333333334,0.008333333333333333,0.05000000000000001,0.05833333333333334,0.05000000000000001,5.538327102900875,5.037049991433556
1.0,6.0,6.0,13.0,6.0,0.7781512503836436,0.46153846153846156,0.5384615384615384,0.007692307692307693,0.04615384615384616,0.053846153846153856,0.04615384615384616,5.538341752076446,5.037061577657767
1.0,6.0,7.0,14.0,6.0,0.7781512503836436,0.5,0.5,0.0071428571428571435,0.042857142857142864,0.05000000000000001,0.042857142857142864,5.53835640068089,5.037073163430267
1.0,6.0,8.0,15.0,6.0,0.7781512503836436,0.5333333333333333,0.4666666666666667,0.006666666666666667,0.04000000000000001,0.046666666666666676,0.04000000000000001,5.538371048699713,5.037084748739591
1.0,6.0,9.0,16.0,6.0,0.7781512503836436,0.5625,0.4375,0.00625,0.037500000000000006,0.043750000000000004,0.037500000000000006,5.538385696122315,5.037096333577357
1.0,6.0,10.0,17.0,6.0,0.7781512503836436,0.5882352941176471,0.4117647058823529,0.0058823529411764705,0.03529411764705883,0.0411764705882353,0.03529411764705883,5.538400342940787,5.037107917937307
1.0,7.0,1.0,9.0,7.0,0.8450980400142568,0.1111111111111111,0.8888888888888888,0.011111111111111112,0.07777777777777778,0.08888888888888889,0.07777777777777778,5.605208739627236,5.089947551093426
1.0,7.0,2.0,10.0,7.0,0.8450980400142568,0.2,0.8,0.01,0.07,0.08,0.07,5.605221037373459,5.089957277541466
1.0,7.0,3.0,11.0,7.0,0.8450980400142568,0.2727272727272727,0.7272727272727273,0.009090909090909092,0.06363636363636364,0.07272727272727274,0.06363636363636364,5.605233334690784,5.089967003650286
1.0,7.0,4.0,12.0,7.0,0.8450980400142568,0.3333333333333333,0.6666666666666666,0.008333333333333333,0.05833333333333334,0.06666666666666668,0.05833333333333334,5.605245631575088,5.089976729416624
1.0,7.0,5.0,13.0,7.0,0.8450980400142568,0.38461538461538464,0.6153846153846154,0.007692307692307693,0.05384615384615385,0.06153846153846154,0.05384615384615385,5.605257928024328,5.089986454838864
1.0,7.0,6.0,14.0,7.0,0.8450980400142568,0.42857142857142855,0.5714285714285714,0.0071428571428571435,0.05,0.05714285714285715,0.05,5.605270224037466,5.089996179916185
1.0,7.0,7.0,15.0,7.0,0.8450980400142568,0.4666666666666667,0.5333333333333333,0.006666666666666667,0.04666666666666667,0.05333333333333334,0.04666666666666667,5.60528251961396,5.09000590464816
1.0,7.0,8.0,16.0,7.0,0.8450980400142568,0.5,0.5,0.00625,0.043750000000000004,0.05,0.043750000000000004,5.6052948147535355,5.090015629034569
1.0,7.0,9.0,17.0,7.0,0.8450980400142568,0.5294117647058824,0.47058823529411764,0.0058823529411764705,0.0411764705882353,0.04705882352941177,0.0411764705882353,5.605307109456055,5.090025353075305
1.0,7.0,10.0,18.0,7.0,0.8450980400142568,0.5555555555555556,0.4444444444444444,0.005555555555555556,0.03888888888888889,0.044444444444444446,0.03888888888888889,5.605319403721452,5.090035076770316
1.0,8.0,1.0,10.0,8.0,0.9030899869919435,0.1,0.9,0.01,0.08,0.09,0.08,5.663195821499659,5.135810291196483
1.0,8.0,2.0,11.0,8.0,0.9030899869919435,0.18181818181818182,0.8181818181818182,0.009090909090909092,0.07272727272727274,0.08181818181818183,0.07272727272727274,5.663206391708418,5.13581865131259
1.0,8.0,3.0,12.0,8.0,0.9030899869919435,0.25,0.75,0.008333333333333333,0.06666666666666667,0.075,0.06666666666666667,5.663216961519303,5.135827011114012
1.0,8.0,4.0,13.0,8.0,0.9030899869919435,0.3076923076923077,0.6923076923076923,0.007692307692307693,0.06153846153846154,0.06923076923076923,0.06153846153846154,5.663227731272007,5.135835529052031
1.0,8.0,5.0,14.0,8.0,0.9030899869919435,0.35714285714285715,0.6428571428571429,0.0071428571428571435,0.05714285714285715,0.0642857142857143,0.05714285714285715,5.663238301202618,5.135843888948147
1.0,8.0,6.0,15.0,8.0,0.9030899869919435,0.4,0.6,0.006666666666666667,0.05333333333333334,0.060000000000000005,0.05333333333333334,5.6632488714227325,5.135852249073235
1.0,8.0,7.0,16.0,8.0,0.9030899869919435,0.4375,0.5625,0.00625,0.05,0.05625,0.05,5.663259441997578,5.135860609478884
1.0,8.0,8.0,17.0,8.0,0.9030899869919435,0.47058823529411764,0.5294117647058824,0.0058823529411764705,0.047058823529411764,0.052941176470588235,0.047058823529411764,5.663270012953413,5.1358689701858635
1.0,8.0,9.0,18.0,8.0,0.9030899869919435,0.5,0.5,0.005555555555555556,0.044444444444444446,0.05,0.044444444444444446,5.663280584291375,5.135877331195071
1.0,8.0,10.0,19.0,8.0,0.9030899869919435,0.5263157894736842,0.47368421052631576,0.005263157894736842,0.042105263157894736,0.04736842105263158,0.042105263157894736,5.663291155996768,5.135885692494885
1.0,9.0,1.0,11.0,9.0,0.9542425094393249,0.09090909090909091,0.9090909090909091,0.009090909090909092,0.08181818181818182,0.09090909090909091,0.08181818181818182,5.714344712450993,5.176264616824072
1.0,9.0,2.0,12.0,9.0,0.9542425094393249,0.16666666666666666,0.8333333333333334,0.008333333333333333,0.075,0.08333333333333333,0.075,5.714354002190143,5.176271964200048
1.0,9.0,3.0,13.0,9.0,0.9542425094393249,0.23076923076923078,0.7692307692307693,0.007692307692307693,0.06923076923076923,0.07692307692307693,0.06923076923076923,5.714363291688729,5.176279311385758
1.0,9.0,4.0,14.0,9.0,0.9542425094393249,0.2857142857142857,0.7142857142857143,0.0071428571428571435,0.0642857142857143,0.07142857142857144,0.0642857142857143,5.714372580946764,5.176286658381214
1.0,9.0,5.0,15.0,9.0,0.9542425094393249,0.3333333333333333,0.6666666666666666,0.006666666666666667,0.060000000000000005,0.06666666666666667,0.060000000000000005,5.714381869964261,5.176294005186425
1.0,9.0,6.0,16.0,9.0,0.9542425094393249,0.375,0.625,0.00625,0.05625,0.0625,0.05625,5.714391158741233,5.176301351801402
1.0,9.0,7.0,17.0,9.0,0.9542425094393249,0.4117647058823529,0.5882352941176471,0.0058823529411764705,0.052941176470588235,0.058823529411764705,0.052941176470588235,5.714400447277694,5.176308698226156
1.0,9.0,8.0,18.0,9.0,0.9542425094393249,0.4444444444444444,0.5555555555555556,0.005555555555555556,0.05,0.05555555555555556,0.05,5.714409735573657,5.1763160444606955
1.0,9.0,9.0,19.0,9.0,0.9542425094393249,0.47368421052631576,0.5263157894736842,0.005263157894736842,0.04736842105263158,0.052631578947368425,0.04736842105263158,5.714419023629136,5.1763233905050345
1.0,9.0,10.0,20.0,9.0,0.9542425094393249,0.5,0.5,0.005,0.045,0.049999999999999996,0.045,5.714428311444145,5.176330736359182
1.0,10.0,1.0,12.0,10.0,1.0,0.08333333333333333,0.9166666666666666,0.008333333333333333,0.08333333333333333,0.09166666666666666,0.08333333333333333,5.760099279243066,5.21245250104852
1.0,10.0,2.0,13.0,10.0,1.0,0.15384615384615385,0.8461538461538461,0.007692307692307693,0.07692307692307693,0.08461538461538462,0.07692307692307693,5.7601075512894955,5.212459043518036
1.0,10.0,3.0,14.0,10.0,1.0,0.21428571428571427,0.7857142857142857,0.0071428571428571435,0.07142857142857142,0.07857142857142857,0.07142857142857142,5.76011582314765,5.212465585838644
1.0,10.0,4.0,15.0,10.0,1.0,0.26666666666666666,0.7333333333333333,0.006666666666666667,0.06666666666666667,0.07333333333333333,0.06666666666666667,5.760124094817531,5.212472128010344
1.0,10.0,5.0,16.0,10.0,1.0,0.3125,0.6875,0.00625,0.0625,0.06875,0.0625,5.760132366299145,5.212478670033141
1.0,10.0,6.0,17.0,10.0,1.0,0.35294117647058826,0.6470588235294118,0.0058823529411764705,0.058823529411764705,0.06470588235294117,0.058823529411764705,5.7601406375924995,5.21248521190704
1.0,10.0,7.0,18.0,10.0,1.0,0.3888888888888889,0.6111111111111112,0.005555555555555556,0.05555555555555555,0.06111111111111111,0.05555555555555555,5.760148908697599,5.2124917536320465
1.0,10.0,8.0,19.0,10.0,1.0,0.42105263157894735,0.5789473684210527,0.005263157894736842,0.05263157894736842,0.05789473684210526,0.05263157894736842,5.76015717961445,5.2124982952081655
1.0,10.0,9.0,20.0,10.0,1.0,0.45,0.55,0.005,0.05,0.055,0.05,5.760165450343065,5.212504836635405
1.0,10.0,10.0,21.0,10.0,1.0,0.47619047619047616,0.5238095238095238,0.004761904761904762,0.047619047619047616,0.052380952380952375,0.047619047619047616,5.76017372088345,5.2125113779137715
2.0,1.0,1.0,4.0,0.5,-0.3010299956639812,0.25,0.75,0.05,0.025,0.07500000000000001,0.025,4.45987346701578,4.18408693106411
2.0,1.0,2.0,5.0,0.5,-0.3010299956639812,0.4,0.6,0.04,0.02,0.06,0.02,4.460098644269269,4.184265026693695
2.0,1.0,3.0,6.0,0.5,-0.3010299956639812,0.5,0.5,0.03333333333333333,0.016666666666666666,0.05,0.016666666666666666,4.460323554470128,4.184442911107869
2.0,1.0,4.0,7.0,0.5,-0.3010299956639812,0.5714285714285714,0.42857142857142855,0.028571428571428574,0.014285714285714287,0.04285714285714286,0.014285714285714287,4.46054819385419,4.1846205813295025
2.0,1.0,5.0,8.0,0.5,-0.3010299956639812,0.625,0.375,0.025,0.0125,0.037500000000000006,0.0125,4.460772563178839,4.18479803795762
2.0,1.0,6.0,9.0,0.5,-0.3010299956639812,0.6666666666666666,0.3333333333333333,0.022222222222222223,0.011111111111111112,0.03333333333333333,0.011111111111111112,4.460996663198816,4.184975281589157
2.0,1.0,7.0,10.0,0.5,-0.3010299956639812,0.7,0.3,0.02,0.01,0.03,0.01,4.461220494665693,4.185152312818541
2.0,1.0,8.0,11.0,0.5,-0.3010299956639812,0.7272727272727273,0.2727272727272727,0.018181818181818184,0.009090909090909092,0.027272727272727275,0.009090909090909092,4.461444058327655,4.185329132237522
2.0,1.0,9.0,12.0,0.5,-0.3010299956639812,0.75,0.25,0.016666666666666666,0.008333333333333333,0.025,0.008333333333333333,4.461667355068495,4.185505740545102
2.0,1.0,10.0,13.0,0.5,-0.3010299956639812,0.7692307692307693,0.23076923076923078,0.015384615384615385,0.007692307692307693,0.023076923076923078,0.007692307692307693,4.461890385317265,4.185682138080624
2.0,2.0,1.0,5.0,1.0,0.0,0.2,0.8,0.04,0.04,0.08,0.04,4.760377018723036,4.421759113332517
2.0,2.0,2.0,6.0,1.0,0.0,0.3333333333333333,0.6666666666666666,0.03333333333333333,0.03333333333333333,0.06666666666666667,0.03333333333333333,4.760452344018065,4.421818689091765
2.0,2.0,3.0,7.0,1.0,0.0,0.42857142857142855,0.5714285714285714,0.028571428571428574,0.028571428571428574,0.05714285714285715,0.028571428571428574,4.760527643260291,4.4218782442455105
2.0,2.0,4.0,8.0,1.0,0.0,0.5,0.5,0.025,0.025,0.05,0.025,4.760602916541205,4.421937778866115
2.0,2.0,5.0,9.0,1.0,0.0,0.5555555555555556,0.4444444444444444,0.022222222222222223,0.022222222222222223,0.044444444444444446,0.022222222222222223,4.760678163932842,4.421997293010553
2.0,2.0,6.0,10.0,1.0,0.0,0.6,0.4,0.02,0.02,0.04,0.02,4.760753385474143,4.422056786709622
2.0,2.0,7.0,11.0,1.0,0.0,0.6363636363636364,0.36363636363636365,0.018181818181818184,0.018181818181818184,0.03636363636363637,0.018181818181818184,4.760828581179091,4.422116259974383
2.0,2.0,8.0,12.0,1.0,0.0,0.6666666666666666,0.3333333333333333,0.016666666666666666,0.016666666666666666,0.03333333333333333,0.016666666666666666,4.760903751048075,4.422175712805143
2.0,2.0,9.0,13.0,1.0,0.0,0.6923076923076923,0.3076923076923077,0.015384615384615385,0.015384615384615385,0.03076923076923077,0.015384615384615385,4.760978895076256,4.422235145198075
2.0,2.0,10.0,14.0,1.0,0.0,0.7142857142857143,0.2857142857142857,0.014285714285714287,0.014285714285714287,0.028571428571428574,0.014285714285714287,4.7610540132584935,4.422294557149111
2.0,3.0,1.0,6.0,1.5,0.17609125905568124,0.16666666666666666,0.8333333333333334,0.03333333333333333,0.05000000000000001,0.08333333333333334,0.05000000000000001,4.936342680772996,4.560932652766958
2.0,3.0,2.0,7.0,1.5,0.17609125905568124,0.2857142857142857,0.7142857142857143,0.028571428571428574,0.042857142857142864,0.07142857142857144,0.042857142857142864,4.936384559187747,4.560965774951928
2.0,3.0,3.0,8.0,1.5,0.17609125905568124,0.375,0.625,0.025,0.037500000000000006,0.0625,0.037500000000000006,4.936426430309421,4.560998891368708
2.0,3.0,4.0,9.0,1.5,0.17609125905568124,0.4444444444444444,0.5555555555555556,0.022222222222222223,0.03333333333333334,0.055555555555555566,0.03333333333333334,4.936468294151444,4.561032002027917
2.0,3.0,5.0,10.0,1.5,0.17609125905568124,0.5,0.5,0.02,0.030000000000000006,0.05,0.030000000000000006,4.93651015072266,4.56106510693655
2.0,3.0,6.0,11.0,1.5,0.17609125905568124,0.5454545454545454,0.45454545454545453,0.018181818181818184,0.02727272727272728,0.04545454545454546,0.02727272727272728,4.936552000029584,4.56109820609976
2.0,3.0,7.0,12.0,1.5,0.17609125905568124,0.5833333333333334,0.4166666666666667,0.016666666666666666,0.025000000000000005,0.04166666666666667,0.025000000000000005,4.936593842077451,4.561131299521686
2.0,3.0,8.0,13.0,1.5,0.17609125905568124,0.6153846153846154,0.38461538461538464,0.015384615384615385,0.02307692307692308,0.038461538461538464,0.02307692307692308,4.936635676870744,4.561164387205876
2.0,3.0,9.0,14.0,1.5,0.17609125905568124,0.6428571428571429,0.35714285714285715,0.014285714285714287,0.021428571428571432,0.03571428571428572,0.021428571428571432,4.93667750441349,4.5611974691555135
2.0,3.0,10.0,15.0,1.5,0.17609125905568124,0.6666666666666666,0.3333333333333333,0.013333333333333334,0.020000000000000004,0.03333333333333334,0.020000000000000004,4.936719324709414,4.561230545373545
2.0,4.0,1.0,7.0,2.0,0.3010299956639812,0.14285714285714285,0.8571428571428571,0.028571428571428574,0.05714285714285715,0.08571428571428572,0.05714285714285715,5.0612280076486895,4.659706088232921
2.0,4.0,2.0,8.0,2.0,0.3010299956639812,0.25,0.75,0.025,0.05,0.07500000000000001,0.05,5.0612562828343695,4.659728451446422
2.0,4.0,3.0,9.0,2.0,0.3010299956639812,0.3333333333333333,0.6666666666666666,0.022222222222222223,0.044444444444444446,0.06666666666666667,0.044444444444444446,5.061284554951725,4.659750812233145
2.0,4.0,4.0,10.0,2.0,0.3010299956639812,0.4,0.6,0.02,0.04,0.06,0.04,5.061312823999945,4.659773170592448
2.0,4.0,5.0,11.0,2.0,0.3010299956639812,0.45454545454545453,0.5454545454545454,0.018181818181818184,0.03636363636363637,0.05454545454545455,0.03636363636363637,5.061341089979004,4.659795526524313
2.0,4.0,6.0,12.0,2.0,0.3010299956639812,0.5,0.5,0.016666666666666666,0.03333333333333333,0.05,0.03333333333333333,5.061369352889352,4.6598178800290935
2.0,4.0,7.0,13.0,2.0,0.3010299956639812,0.5384615384615384,0.46153846153846156,0.015384615384615385,0.03076923076923077,0.046153846153846156,0.03076923076923077,5.061397612731713,4.659840231107363
2.0,4.0,8.0,14.0,2.0,0.3010299956639812,0.5714285714285714,0.42857142857142855,0.014285714285714287,0.028571428571428574,0.04285714285714286,0.028571428571428574,5.061425869506961,4.659862579759813
2.0,4.0,9.0,15.0,2.0,0.3010299956639812,0.6,0.4,0.013333333333333334,0.02666666666666667,0.04,0.02666666666666667,5.061454123216056,4.659884925987202
2.0,4.0,10.0,16.0,2.0,0.3010299956639812,0.625,0.375,0.0125,0.025,0.037500000000000006,0.025,5.061482373859997,4.659907269790321
2.0,5.0,1.0,8.0,2.5,0.3979400086720376,0.125,0.875,0.025,0.0625,0.0875,0.0625,5.158108978610221,4.736330512995597
2.0,5.0,2.0,9.0,2.5,0.3979400086720376,0.2222222222222222,0.7777777777777778,0.022222222222222223,0.05555555555555555,0.07777777777777778,0.05555555555555555,5.158130092578903,4.73634721230908
2.0,5.0,3.0,10.0,2.5,0.3979400086720376,0.3,0.7,0.02,0.05,0.07,0.05,5.158151204934463,4.736363910346726
2.0,5.0,4.0,11.0,2.5,0.3979400086720376,0.36363636363636365,0.6363636363636364,0.018181818181818184,0.045454545454545456,0.06363636363636364,0.045454545454545456,5.158172315677486,4.736380607108994
2.0,5.0,5.0,12.0,2.5,0.3979400086720376,0.4166666666666667,0.5833333333333334,0.016666666666666666,0.041666666666666664,0.058333333333333334,0.041666666666666664,5.158193424808427,4.736397302596245
2.0,5.0,6.0,13.0,2.5,0.3979400086720376,0.46153846153846156,0.5384615384615384,0.015384615384615385,0.038461538461538464,0.05384615384615385,0.038461538461538464,5.158214532327661,4.736413996808777
2.0,5.0,7.0,14.0,2.5,0.3979400086720376,0.5,0.5,0.014285714285714287,0.03571428571428571,0.05,0.03571428571428571,5.158235638235511,4.736430689746843
2.0,5.0,8.0,15.0,2.5,0.3979400086720376,0.5333333333333333,0.4666666666666667,0.013333333333333334,0.03333333333333333,0.04666666666666667,0.03333333333333333,5.1582567425322665,4.736447381410674
2.0,5.0,9.0,16.0,2.5,0.3979400086720376,0.5625,0.4375,0.0125,0.03125,0.04375,0.03125,5.158277845218199,4.7364640718004845
2.0,5.0,10.0,17.0,2.5,0.3979400086720376,0.5882352941176471,0.4117647058823529,0.011764705882352941,0.029411764705882353,0.041176470588235294,0.029411764705882353,5.158298946293569,4.736480760916479
2.0,6.0,1.0,9.0,3.0,0.47712125471966244,0.1111111111111111,0.8888888888888888,0.022222222222222223,0.06666666666666668,0.0888888888888889,0.06666666666666668,5.237272113820185,4.798941670147211
2.0,6.0,2.0,10.0,3.0,0.47712125471966244,0.2,0.8,0.02,0.06000000000000001,0.08000000000000002,0.06000000000000001,5.237288871096963,4.798954923696189
2.0,6.0,3.0,11.0,3.0,0.47712125471966244,0.2727272727272727,0.7272727272727273,0.018181818181818184,0.05454545454545456,0.07272727272727274,0.05454545454545456,5.237305627402364,4.798968176476892
2.0,6.0,4.0,12.0,3.0,0.47712125471966244,0.3333333333333333,0.6666666666666666,0.016666666666666666,0.05000000000000001,0.06666666666666668,0.05000000000000001,5.237322382736823,4.7989814284896655
2.0,6.0,5.0,13.0,3.0,0.47712125471966244,0.38461538461538464,0.6153846153846154,0.015384615384615385,0.04615384615384616,0.06153846153846155,0.04615384615384616,5.237339137100673,4.79899467973477
2.0,6.0,6.0,14.0,3.0,0.47712125471966244,0.42857142857142855,0.5714285714285714,0.014285714285714287,0.042857142857142864,0.05714285714285715,0.042857142857142864,5.237355890494175,4.799007930212416
2.0,6.0,7.0,15.0,3.0,0.47712125471966244,0.4666666666666667,0.5333333333333333,0.013333333333333334,0.04000000000000001,0.053333333333333344,0.04000000000000001,5.237372642917556,4.799021179922779
2.0,6.0,8.0,16.0,3.0,0.47712125471966244,0.5,0.5,0.0125,0.037500000000000006,0.05,0.037500000000000006,5.237389394371016,4.799034428866019
2.0,6.0,9.0,17.0,3.0,0.47712125471966244,0.5294117647058824,0.47058823529411764,0.011764705882352941,0.03529411764705883,0.04705882352941177,0.03529411764705883,5.237406144854734,4.799047677042277
2.0,6.0,10.0,18.0,3.0,0.47712125471966244,0.5555555555555556,0.4444444444444444,0.011111111111111112,0.03333333333333334,0.04444444444444445,0.03333333333333334,5.23742289436888,4.799060924451688
2.0,7.0,1.0,10.0,3.5,0.5440680443502757,0.1,0.9,0.02,0.07,0.09000000000000001,0.07,5.304206577886471,4.851881011639914
2.0,7.0,2.0,11.0,3.5,0.5440680443502757,0.18181818181818182,0.8181818181818182,0.018181818181818184,0.06363636363636364,0.08181818181818183,0.06363636363636364,5.304220427624824,4.851891965578792
2.0,7.0,3.0,12.0,3.5,0.5440680443502757,0.25,0.75,0.016666666666666666,0.05833333333333334,0.07500000000000001,0.05833333333333334,5.304234276765642,4.851902919045072
2.0,7.0,4.0,13.0,3.5,0.5440680443502757,0.3076923076923077,0.6923076923076923,0.015384615384615385,0.05384615384615385,0.06923076923076923,0.05384615384615385,5.30424812528893,4.85191387202294
2.0,7.0,5.0,14.0,3.5,0.5440680443502757,0.35714285714285715,0.6428571428571429,0.014285714285714287,0.05,0.0642857142857143,0.05,5.304261973184688,4.851924824504486
2.0,7.0,6.0,15.0,3.5,0.5440680443502757,0.4,0.6,0.013333333333333334,0.04666666666666667,0.060000000000000005,0.04666666666666667,5.304275820447806,4.85193577648567
2.0,7.0,7.0,16.0,3.5,0.5440680443502757,0.4375,0.5625,0.0125,0.043750000000000004,0.05625000000000001,0.043750000000000004,5.304289667075638,4.851946727964396
2.0,7.0,8.0,17.0,3.5,0.5440680443502757,0.47058823529411764,0.5294117647058824,0.011764705882352941,0.0411764705882353,0.05294117647058824,0.0411764705882353,5.304303513066815,4.851957678939584
2.0,7.0,9.0,18.0,3.5,0.5440680443502757,0.5,0.5,0.011111111111111112,0.03888888888888889,0.05,0.03888888888888889,5.304317358420641,4.851968629410683
2.0,7.0,10.0,19.0,3.5,0.5440680443502757,0.5263157894736842,0.47368421052631576,0.010526315789473684,0.0368421052631579,0.04736842105263158,0.0368421052631579,5.304331203136788,4.851979579377433
2.0,8.0,1.0,11.0,4.0,0.6020599913279624,0.09090909090909091,0.9090909090909091,0.018181818181818184,0.07272727272727274,0.09090909090909093,0.07272727272727274,5.362189612516318,4.897740550725979
2.0,8.0,2.0,12.0,4.0,0.6020599913279624,0.16666666666666666,0.8333333333333334,0.016666666666666666,0.06666666666666667,0.08333333333333333,0.06666666666666667,5.3622013935718025,4.897749868516569
2.0,8.0,3.0,13.0,4.0,0.6020599913279624,0.23076923076923078,0.7692307692307693,0.015384615384615385,0.06153846153846154,0.07692307692307693,0.06153846153846154,5.362213174179309,4.8977591859528475
2.0,8.0,4.0,14.0,4.0,0.6020599913279624,0.2857142857142857,0.7142857142857143,0.014285714285714287,0.05714285714285715,0.07142857142857144,0.05714285714285715,5.362224954338875,4.897768503034844
2.0,8.0,5.0,15.0,4.0,0.6020599913279624,0.3333333333333333,0.6666666666666666,0.013333333333333334,0.05333333333333334,0.06666666666666667,0.05333333333333334,5.362236734050534,4.897777819762585
2.0,8.0,6.0,16.0,4.0,0.6020599913279624,0.375,0.625,0.0125,0.05,0.0625,0.05,5.362248513314323,4.8977871361361
2.0,8.0,7.0,17.0,4.0,0.6020599913279624,0.4117647058823529,0.5882352941176471,0.011764705882352941,0.047058823529411764,0.058823529411764705,0.047058823529411764,5.362260292130278,4.897796452155418
2.0,8.0,8.0,18.0,4.0,0.6020599913279624,0.4444444444444444,0.5555555555555556,0.011111111111111112,0.044444444444444446,0.05555555555555556,0.044444444444444446,5.3622720704984355,4.897805767820565
2.0,8.0,9.0,19.0,4.0,0.6020599913279624,0.47368421052631576,0.5263157894736842,0.010526315789473684,0.042105263157894736,0.05263157894736842,0.042105263157894736,5.362283848418835,4.897815083131577
2.0,8.0,10.0,20.0,4.0,0.6020599913279624,0.5,0.5,0.01,0.04,0.05,0.04,5.362295625891513,4.897824398088478
2.0,9.0,1.0,12.0,4.5,0.6532125137753437,0.08333333333333333,0.9166666666666666,0.016666666666666666,0.075,0.09166666666666666,0.075,5.413335398578111,4.938192420655894
2.0,9.0,2.0,13.0,4.5,0.6532125137753437,0.15384615384615385,0.8461538461538461,0.015384615384615385,0.06923076923076923,0.08461538461538462,0.06923076923076923,5.41334563684263,4.938200518232968
2.0,9.0,3.0,14.0,4.5,0.6532125137753437,0.21428571428571427,0.7857142857142857,0.014285714285714287,0.0642857142857143,0.07857142857142858,0.0642857142857143,5.413355874777692,4.9382086155494695
2.0,9.0,4.0,15.0,4.5,0.6532125137753437,0.26666666666666666,0.7333333333333333,0.013333333333333334,0.060000000000000005,0.07333333333333333,0.060000000000000005,5.413366112383137,4.938216712605273
2.0,9.0,5.0,16.0,4.5,0.6532125137753437,0.3125,0.6875,0.0125,0.05625,0.06875,0.05625,5.413376349658847,4.9382248094002845
2.0,9.0,6.0,17.0,4.5,0.6532125137753437,0.35294117647058826,0.6470588235294118,0.011764705882352941,0.052941176470588235,0.06470588235294117,0.052941176470588235,5.413386586604745,4.938232905934444
2.0,9.0,7.0,18.0,4.5,0.6532125137753437,0.3888888888888889,0.6111111111111112,0.011111111111111112,0.05,0.061111111111111116,0.05,5.41339682322078,4.93824100220771
2.0,9.0,8.0,19.0,4.5,0.6532125137753437,0.42105263157894735,0.5789473684210527,0.010526315789473684,0.04736842105263158,0.05789473684210526,0.04736842105263158,5.413407059506923,4.93824909822006
2.0,9.0,9.0,20.0,4.5,0.6532125137753437,0.45,0.55,0.01,0.045,0.055,0.045,5.413417295463165,4.938257193971488
2.0,9.0,10.0,21.0,4.5,0.6532125137753437,0.47619047619047616,0.5238095238095238,0.009523809523809525,0.04285714285714286,0.05238095238095238,0.04285714285714286,5.413427531089508,4.938265289461993
2.0,10.0,1.0,13.0,5.0,0.6989700043360189,0.07692307692307693,0.9230769230769231,0.015384615384615385,0.07692307692307693,0.09230769230769231,0.07692307692307693,5.459087622250015,4.97437845167601
2.0,10.0,2.0,14.0,5.0,0.6989700043360189,0.14285714285714285,0.8571428571428571,0.014285714285714287,0.07142857142857142,0.08571428571428572,0.07142857142857142,5.459096668084264,4.974385606144415
2.0,10.0,3.0,15.0,5.0,0.6989700043360189,0.2,0.8,0.013333333333333334,0.06666666666666667,0.08,0.06666666666666667,5.45910571366569,4.97439276041286
2.0,10.0,4.0,16.0,5.0,0.6989700043360189,0.25,0.75,0.0125,0.0625,0.075,0.0625,5.459114758993307,4.974399914480563
2.0,10.0,5.0,17.0,5.0,0.6989700043360189,0.29411764705882354,0.7058823529411765,0.011764705882352941,0.058823529411764705,0.07058823529411765,0.058823529411764705,5.459123804066434,4.974407068346987
2.0,10.0,6.0,18.0,5.0,0.6989700043360189,0.3333333333333333,0.6666666666666666,0.011111111111111112,0.05555555555555555,0.06666666666666667,0.05555555555555555,5.459132848884615,4.974414222011771
2.0,10.0,7.0,19.0,5.0,0.6989700043360189,0.3684210526315789,0.631578947368421,0.010526315789473684,0.05263157894736842,0.06315789473684211,0.05263157894736842,5.459141893447573,4.974421375474695
2.0,10.0,8.0,20.0,5.0,0.6989700043360189,0.4,0.6,0.01,0.05,0.060000000000000005,0.05,5.459150937755152,4.974428528735638
2.0,10.0,9.0,21.0,5.0,0.6989700043360189,0.42857142857142855,0.5714285714285714,0.009523809523809525,0.047619047619047616,0.05714285714285714,0.047619047619047616,5.459159981807295,4.974435681794552
2.0,10.0,10.0,22.0,5.0,0.6989700043360189,0.45454545454545453,0.5454545454545454,0.009090909090909092,0.045454545454545456,0.05454545454545455,0.045454545454545456,5.459169025604007,4.974442834651443
3.0,1.0,1.0,5.0,0.3333333333333333,-0.47712125471966244,0.2,0.8,0.06000000000000001,0.02,0.08000000000000002,0.02,4.28438165967503,4.045288169505592
3.0,1.0,2.0,6.0,0.3333333333333333,-0.47712125471966244,0.3333333333333333,0.6666666666666666,0.05000000000000001,0.016666666666666666,0.06666666666666668,0.016666666666666666,4.284680691565321,4.045524677731634
3.0,1.0,3.0,7.0,0.3333333333333333,-0.47712125471966244,0.42857142857142855,0.5714285714285714,0.042857142857142864,0.014285714285714287,0.05714285714285715,0.014285714285714287,4.284979211169661,4.045760780784028
3.0,1.0,4.0,8.0,0.3333333333333333,-0.47712125471966244,0.5,0.5,0.037500000000000006,0.0125,0.05,0.0125,4.2852772205059715,4.045996480258776
3.0,1.0,5.0,9.0,0.3333333333333333,-0.47712125471966244,0.5555555555555556,0.4444444444444444,0.03333333333333334,0.011111111111111112,0.04444444444444445,0.011111111111111112,4.2855747215775235,4.0462317777402905
3.0,1.0,6.0,10.0,0.3333333333333333,-0.47712125471966244,0.6,0.4,0.030000000000000006,0.01,0.04000000000000001,0.01,4.285871716374068,4.046466674802292
3.0,1.0,7.0,11.0,0.3333333333333333,-0.47712125471966244,0.6363636363636364,0.36363636363636365,0.02727272727272728,0.009090909090909092,0.03636363636363637,0.009090909090909092,4.286168206872454,4.046701173008296
3.0,1.0,8.0,12.0,0.3333333333333333,-0.47712125471966244,0.6666666666666666,0.3333333333333333,0.025000000000000005,0.008333333333333333,0.03333333333333334,0.008333333333333333,4.286464195051785,4.0469352739236015
3.0,1.0,9.0,13.0,0.3333333333333333,-0.47712125471966244,0.6923076923076923,0.3076923076923077,0.02307692307692308,0.007692307692307693,0.030769230769230774,0.007692307692307693,4.286759682856543,4.047168979086125
3.0,1.0,10.0,14.0,0.3333333333333333,-0.47712125471966244,0.7142857142857143,0.2857142857142857,0.021428571428571432,0.0071428571428571435,0.028571428571428574,0.0071428571428571435,4.2870546722118315,4.047402290018455
3.0,2.0,1.0,6.0,0.6666666666666666,-0.17609125905568127,0.16666666666666666,0.8333333333333334,0.05000000000000001,0.03333333333333333,0.08333333333333334,0.03333333333333333,4.584473960894184,4.282635088393881
3.0,2.0,2.0,7.0,0.6666666666666666,-0.17609125905568127,0.2857142857142857,0.7142857142857143,0.042857142857142864,0.028571428571428574,0.07142857142857144,0.028571428571428574,4.584568007187566,4.282709470835138
3.0,2.0,3.0,8.0,0.6666666666666666,-0.17609125905568127,0.375,0.625,0.037500000000000006,0.025,0.0625,0.025,4.584662008731951,4.2827838178838284
3.0,2.0,4.0,9.0,0.6666666666666666,-0.17609125905568127,0.4444444444444444,0.5555555555555556,0.03333333333333334,0.022222222222222223,0.055555555555555566,0.022222222222222223,4.584755965611673,4.282858129606654
3.0,2.0,5.0,10.0,0.6666666666666666,-0.17609125905568127,0.5,0.5,0.030000000000000006,0.02,0.05,0.02,4.584849877858243,4.282932406028538
3.0,2.0,6.0,11.0,0.6666666666666666,-0.17609125905568127,0.5454545454545454,0.45454545454545453,0.02727272727272728,0.018181818181818184,0.04545454545454546,0.018181818181818184,4.584943745521443,4.283006647188851
3.0,2.0,7.0,12.0,0.6666666666666666,-0.17609125905568127,0.5833333333333334,0.4166666666666667,0.025000000000000005,0.016666666666666666,0.04166666666666667,0.016666666666666666,4.585037568650959,4.283080853126894
3.0,2.0,8.0,13.0,0.6666666666666666,-0.17609125905568127,0.6153846153846154,0.38461538461538464,0.02307692307692308,0.015384615384615385,0.038461538461538464,0.015384615384615385,4.585131347296376,4.28315502388188
3.0,2.0,9.0,14.0,0.6666666666666666,-0.17609125905568127,0.6428571428571429,0.35714285714285715,0.021428571428571432,0.014285714285714287,0.03571428571428572,0.014285714285714287,4.585225081507184,4.283229159492955
3.0,2.0,10.0,15.0,0.6666666666666666,-0.17609125905568127,0.6666666666666666,0.3333333333333333,0.020000000000000004,0.013333333333333334,0.03333333333333334,0.013333333333333334,4.585318771332779,4.283303259999186
3.0,3.0,1.0,7.0,1.0,0.0,0.14285714285714285,0.8571428571428571,0.042857142857142864,0.042857142857142864,0.08571428571428573,0.042857142857142864,4.760351900869676,4.421739247294369
3.0,3.0,2.0,8.0,1.0,0.0,0.25,0.75,0.037500000000000006,0.037500000000000006,0.07500000000000001,0.037500000000000006,4.760402130054541,4.421778974212446
3.0,3.0,3.0,9.0,1.0,0.0,0.3333333333333333,0.6666666666666666,0.03333333333333334,0.03333333333333334,0.06666666666666668,0.03333333333333334,4.760452344018065,4.421818689091765
3.0,3.0,4.0,10.0,1.0,0.0,0.4,0.6,0.030000000000000006,0.030000000000000006,0.06000000000000001,0.030000000000000006,4.760502546401927,4.4218583948125785
3.0,3.0,5.0,11.0,1.0,0.0,0.45454545454545453,0.5454545454545454,0.02727272727272728,0.02727272727272728,0.05454545454545456,0.02727272727272728,4.760552737234278,4.421898091397151
3.0,3.0,6.0,12.0,1.0,0.0,0.5,0.5,0.025000000000000005,0.025000000000000005,0.05000000000000001,0.025000000000000005,4.760602916541205,4.421937778866115
3.0,3.0,7.0,13.0,1.0,0.0,0.5384615384615384,0.46153846153846156,0.02307692307692308,0.02307692307692308,0.04615384615384616,0.02307692307692308,4.7606530843425166,4.421977457235139
3.0,3.0,8.0,14.0,1.0,0.0,0.5714285714285714,0.42857142857142855,0.021428571428571432,0.021428571428571432,0.042857142857142864,0.021428571428571432,4.7607032406511145,4.422017126514424
3.0,3.0,9.0,15.0,1.0,0.0,0.6,0.4,0.020000000000000004,0.020000000000000004,0.04000000000000001,0.020000000000000004,4.760753385474143,4.422056786709622
3.0,3.0,10.0,16.0,1.0,0.0,0.625,0.375,0.018750000000000003,0.018750000000000003,0.037500000000000006,0.018750000000000003,4.760803518814618,4.422096437823121
3.0,4.0,1.0,8.0,1.3333333333333333,0.12493873660829993,0.125,0.875,0.037500000000000006,0.05,0.08750000000000001,0.05,4.885202710321181,4.5204853824789
3.0,4.0,2.0,9.0,1.3333333333333333,0.12493873660829993,0.2222222222222222,0.7777777777777778,0.03333333333333334,0.044444444444444446,0.07777777777777778,0.044444444444444446,4.885235688055695,4.520511464999667
3.0,4.0,3.0,10.0,1.3333333333333333,0.12493873660829993,0.3,0.7,0.030000000000000006,0.04,0.07,0.04,4.885268661073722,4.5205375437901045
3.0,4.0,4.0,11.0,1.3333333333333333,0.12493873660829993,0.36363636363636365,0.6363636363636364,0.02727272727272728,0.03636363636363637,0.06363636363636364,0.03636363636363637,4.88530162939505,4.52056361886586
3.0,4.0,5.0,12.0,1.3333333333333333,0.12493873660829993,0.4166666666666667,0.5833333333333334,0.025000000000000005,0.03333333333333333,0.058333333333333334,0.03333333333333333,4.885334593033556,4.5205896902379115
3.0,4.0,6.0,13.0,1.3333333333333333,0.12493873660829993,0.46153846153846156,0.5384615384615384,0.02307692307692308,0.03076923076923077,0.05384615384615385,0.03076923076923077,4.885367551999409,4.5206157579143005
3.0,4.0,7.0,14.0,1.3333333333333333,0.12493873660829993,0.5,0.5,0.021428571428571432,0.028571428571428574,0.05,0.028571428571428574,4.885400506300365,4.520641821901161
3.0,4.0,8.0,15.0,1.3333333333333333,0.12493873660829993,0.5333333333333333,0.4666666666666667,0.020000000000000004,0.02666666666666667,0.046666666666666676,0.02666666666666667,4.885433455942549,4.520667882203338
3.0,4.0,9.0,16.0,1.3333333333333333,0.12493873660829993,0.5625,0.4375,0.018750000000000003,0.025,0.043750000000000004,0.025,4.885466400930963,4.520693938824788
3.0,4.0,10.0,17.0,1.3333333333333333,0.12493873660829993,0.5882352941176471,0.4117647058823529,0.017647058823529415,0.023529411764705882,0.0411764705882353,0.023529411764705882,4.885499341269804,4.52071999176883
3.0,5.0,1.0,9.0,1.6666666666666667,0.2218487496163564,0.1111111111111111,0.8888888888888888,0.03333333333333334,0.05555555555555555,0.08888888888888889,0.05555555555555555,4.982065974254627,4.597095802521888
3.0,5.0,2.0,10.0,1.6666666666666667,0.2218487496163564,0.2,0.8,0.030000000000000006,0.05,0.08000000000000002,0.05,4.982090137991807,4.5971149139370935
3.0,5.0,3.0,11.0,1.6666666666666667,0.2218487496163564,0.2727272727272727,0.7272727272727273,0.02727272727272728,0.045454545454545456,0.07272727272727274,0.045454545454545456,4.982114258938794,4.597133991508977
3.0,5.0,4.0,12.0,1.6666666666666667,0.2218487496163564,0.3333333333333333,0.6666666666666666,0.025000000000000005,0.041666666666666664,0.06666666666666667,0.041666666666666664,4.982138378346274,4.5971530678632435
3.0,5.0,5.0,13.0,1.6666666666666667,0.2218487496163564,0.38461538461538464,0.6153846153846154,0.02307692307692308,0.038461538461538464,0.06153846153846154,0.038461538461538464,4.982162495958947,4.597172142797974
3.0,5.0,6.0,14.0,1.6666666666666667,0.2218487496163564,0.42857142857142855,0.5714285714285714,0.021428571428571432,0.03571428571428571,0.05714285714285715,0.03571428571428571,4.982186611615436,4.597191216185533
3.0,5.0,7.0,15.0,1.6666666666666667,0.2218487496163564,0.4666666666666667,0.5333333333333333,0.020000000000000004,0.03333333333333333,0.05333333333333334,0.03333333333333333,4.982210725209917,4.597210287942223
3.0,5.0,8.0,16.0,1.6666666666666667,0.2218487496163564,0.5,0.5,0.018750000000000003,0.03125,0.05,0.03125,4.982234836670791,4.597229358011416
3.0,5.0,9.0,17.0,1.6666666666666667,0.2218487496163564,0.5294117647058824,0.47058823529411764,0.017647058823529415,0.029411764705882353,0.047058823529411764,0.029411764705882353,4.9822589459483,4.597248426353755
3.0,5.0,10.0,18.0,1.6666666666666667,0.2218487496163564,0.5555555555555556,0.4444444444444444,0.01666666666666667,0.027777777777777776,0.044444444444444446,0.027777777777777776,4.982283053007056,4.597267492941255
3.0,6.0,1.0,10.0,2.0,0.3010299956639812,0.1,0.9,0.030000000000000006,0.06000000000000001,0.09000000000000002,0.06000000000000001,5.0612185819052575,4.659698633289383
3.0,6.0,2.0,11.0,2.0,0.3010299956639812,0.18181818181818182,0.8181818181818182,0.02727272727272728,0.05454545454545456,0.08181818181818183,0.05454545454545456,5.061237433051413,4.659713542906988
3.0,6.0,3.0,12.0,2.0,0.3010299956639812,0.25,0.75,0.025000000000000005,0.05000000000000001,0.07500000000000001,0.05000000000000001,5.06125628283437,4.659728451446423
3.0,6.0,4.0,13.0,2.0,0.3010299956639812,0.3076923076923077,0.6923076923076923,0.02307692307692308,0.04615384615384616,0.06923076923076925,0.04615384615384616,5.061275131253602,4.659743358907268
3.0,6.0,5.0,14.0,2.0,0.3010299956639812,0.35714285714285715,0.6428571428571429,0.021428571428571432,0.042857142857142864,0.0642857142857143,0.042857142857142864,5.061293978308828,4.659758265289304
3.0,6.0,6.0,15.0,2.0,0.3010299956639812,0.4,0.6,0.020000000000000004,0.04000000000000001,0.06000000000000001,0.04000000000000001,5.061312823999945,4.659773170592448
3.0,6.0,7.0,16.0,2.0,0.3010299956639812,0.4375,0.5625,0.018750000000000003,0.037500000000000006,0.05625000000000001,0.037500000000000006,5.061331668326981,4.659788074816723
3.0,6.0,8.0,17.0,2.0,0.3010299956639812,0.47058823529411764,0.5294117647058824,0.017647058823529415,0.03529411764705883,0.05294117647058824,0.03529411764705883,5.0613505112900565,4.659802977962224
3.0,6.0,9.0,18.0,2.0,0.3010299956639812,0.5,0.5,0.01666666666666667,0.03333333333333334,0.05000000000000001,0.03333333333333334,5.061369352889352,4.6598178800290935
3.0,6.0,10.0,19.0,2.0,0.3010299956639812,0.5263157894736842,0.47368421052631576,0.01578947368421053,0.03157894736842106,0.04736842105263159,0.03157894736842106,5.0613881931250955,4.659832781017512
3.0,7.0,1.0,11.0,2.3333333333333335,0.36797678529459443,0.09090909090909091,0.9090909090909091,0.02727272727272728,0.06363636363636364,0.09090909090909093,0.06363636363636364,5.128146108093437,4.712632487523714
3.0,7.0,2.0,12.0,2.3333333333333335,0.36797678529459443,0.16666666666666666,0.8333333333333334,0.025000000000000005,0.05833333333333334,0.08333333333333334,0.05833333333333334,5.1281615031284185,4.712644663657871
3.0,7.0,3.0,13.0,2.3333333333333335,0.36797678529459443,0.23076923076923078,0.7692307692307693,0.02307692307692308,0.05384615384615385,0.07692307692307693,0.05384615384615385,5.128176897044552,4.712656838907116
3.0,7.0,4.0,14.0,2.3333333333333335,0.36797678529459443,0.2857142857142857,0.7142857142857143,0.021428571428571432,0.05,0.07142857142857144,0.05,5.128192289827862,4.7126690132603954
3.0,7.0,5.0,15.0,2.3333333333333335,0.36797678529459443,0.3333333333333333,0.6666666666666666,0.020000000000000004,0.04666666666666667,0.06666666666666668,0.04666666666666667,5.128207681275329,4.712681186557141
3.0,7.0,6.0,16.0,2.3333333333333335,0.36797678529459443,0.375,0.625,0.018750000000000003,0.043750000000000004,0.0625,0.043750000000000004,5.128223067357312,4.712693355610254
3.0,7.0,7.0,17.0,2.3333333333333335,0.36797678529459443,0.4117647058823529,0.5882352941176471,0.017647058823529415,0.0411764705882353,0.05882352941176472,0.0411764705882353,5.128238452567144,4.712705523973572
3.0,7.0,8.0,18.0,2.3333333333333335,0.36797678529459443,0.4444444444444444,0.5555555555555556,0.01666666666666667,0.03888888888888889,0.05555555555555556,0.03888888888888889,5.128253836904951,4.712717691647193
3.0,7.0,9.0,19.0,2.3333333333333335,0.36797678529459443,0.47368421052631576,0.5263157894736842,0.01578947368421053,0.0368421052631579,0.05263157894736843,0.0368421052631579,5.128269220370852,4.712729858631213
3.0,7.0,10.0,20.0,2.3333333333333335,0.36797678529459443,0.5,0.5,0.015000000000000003,0.035,0.05,0.035,5.128284602964969,4.712742024925728
3.0,8.0,1.0,12.0,2.6666666666666665,0.4259687322722811,0.08333333333333333,0.9166666666666666,0.025000000000000005,0.06666666666666667,0.09166666666666667,0.06666666666666667,5.186124312625044,4.7584882064220215
3.0,8.0,2.0,13.0,2.6666666666666665,0.4259687322722811,0.15384615384615385,0.8461538461538461,0.02307692307692308,0.06153846153846154,0.08461538461538462,0.06153846153846154,5.186137273734348,4.758498457532584
3.0,8.0,3.0,14.0,2.6666666666666665,0.4259687322722811,0.21428571428571427,0.7857142857142857,0.021428571428571432,0.05714285714285715,0.07857142857142858,0.05714285714285715,5.186150234296102,4.758508708210082
3.0,8.0,4.0,15.0,2.6666666666666665,0.4259687322722811,0.26666666666666666,0.7333333333333333,0.020000000000000004,0.05333333333333334,0.07333333333333333,0.05333333333333334,5.186163194279013,4.758518958429765
3.0,8.0,5.0,16.0,2.6666666666666665,0.4259687322722811,0.3125,0.6875,0.018750000000000003,0.05,0.06875,0.05,5.186176153662863,4.758529208175644
3.0,8.0,6.0,17.0,2.6666666666666665,0.4259687322722811,0.35294117647058826,0.6470588235294118,0.017647058823529415,0.047058823529411764,0.06470588235294118,0.047058823529411764,5.186189112447916,4.758539457447925
3.0,8.0,7.0,18.0,2.6666666666666665,0.4259687322722811,0.3888888888888889,0.6111111111111112,0.01666666666666667,0.044444444444444446,0.061111111111111116,0.044444444444444446,5.186202070634392,4.758549706246785
3.0,8.0,8.0,19.0,2.6666666666666665,0.4259687322722811,0.42105263157894735,0.5789473684210527,0.01578947368421053,0.042105263157894736,0.05789473684210526,0.042105263157894736,5.186215028222486,4.758559954572377
3.0,8.0,9.0,20.0,2.6666666666666665,0.4259687322722811,0.45,0.55,0.015000000000000003,0.04,0.05500000000000001,0.04,5.186227985212365,4.758570202424831
3.0,8.0,10.0,21.0,2.6666666666666665,0.4259687322722811,0.47619047619047616,0.5238095238095238,0.014285714285714287,0.0380952380952381,0.05238095238095239,0.0380952380952381,5.18624094160418,4.75858044980427
3.0,9.0,1.0,13.0,3.0,0.47712125471966244,0.07692307692307693,0.9230769230769231,0.02307692307692308,0.06923076923076923,0.09230769230769231,0.06923076923076923,5.237266527845298,4.798937252126745
3.0,9.0,2.0,14.0,3.0,0.47712125471966244,0.14285714285714285,0.8571428571428571,0.021428571428571432,0.0642857142857143,0.08571428571428573,0.0642857142857143,5.237277699687075,4.7989460880822605
3.0,9.0,3.0,15.0,3.0,0.47712125471966244,0.2,0.8,0.020000000000000004,0.060000000000000005,0.08000000000000002,0.060000000000000005,5.237288871096963,4.798954923696189
3.0,9.0,4.0,16.0,3.0,0.47712125471966244,0.25,0.75,0.018750000000000003,0.05625,0.07500000000000001,0.05625,5.237300042075131,4.7989637589686645
3.0,9.0,5.0,17.0,3.0,0.47712125471966244,0.29411764705882354,0.7058823529411765,0.017647058823529415,0.052941176470588235,0.07058823529411765,0.052941176470588235,5.237311212621714,4.798972593899794
3.0,9.0,6.0,18.0,3.0,0.47712125471966244,0.3333333333333333,0.6666666666666666,0.01666666666666667,0.05,0.06666666666666668,0.05,5.237322382736823,4.7989814284896655
3.0,9.0,7.0,19.0,3.0,0.47712125471966244,0.3684210526315789,0.631578947368421,0.01578947368421053,0.04736842105263158,0.06315789473684211,0.04736842105263158,5.237333552420551,4.798990262738351
3.0,9.0,8.0,20.0,3.0,0.47712125471966244,0.4,0.6,0.015000000000000003,0.045,0.06,0.045,5.237344721672978,4.7989990966459155
3.0,9.0,9.0,21.0,3.0,0.47712125471966244,0.42857142857142855,0.5714285714285714,0.014285714285714287,0.04285714285714286,0.05714285714285715,0.04285714285714286,5.237355890494175,4.799007930212416
3.0,9.0,10.0,22.0,3.0,0.47712125471966244,0.45454545454545453,0.5454545454545454,0.01363636363636364,0.04090909090909091,0.05454545454545455,0.04090909090909091,5.237367058884208,4.799016763437901
3.0,10.0,1.0,14.0,3.3333333333333335,0.5228787452803376,0.07142857142857142,0.9285714285714286,0.021428571428571432,0.07142857142857142,0.09285714285714286,0.07142857142857142,5.283016028603032,4.835121129558495
3.0,10.0,2.0,15.0,3.3333333333333335,0.5228787452803376,0.13333333333333333,0.8666666666666667,0.020000000000000004,0.06666666666666667,0.08666666666666667,0.06666666666666667,5.283025830561247,4.835128882055216
3.0,10.0,3.0,16.0,3.3333333333333335,0.5228787452803376,0.1875,0.8125,0.018750000000000003,0.0625,0.08125,0.0625,5.283035632418026,4.835136634471711
3.0,10.0,4.0,17.0,3.3333333333333335,0.5228787452803376,0.23529411764705882,0.7647058823529411,0.017647058823529415,0.058823529411764705,0.07647058823529412,0.058823529411764705,5.283045434116713,4.835144386763168
3.0,10.0,5.0,18.0,3.3333333333333335,0.5228787452803376,0.2777777777777778,0.7222222222222222,0.01666666666666667,0.05555555555555555,0.07222222222222222,0.05555555555555555,5.2830552356173,4.835152138897946
3.0,10.0,6.0,19.0,3.3333333333333335,0.5228787452803376,0.3157894736842105,0.6842105263157895,0.01578947368421053,0.05263157894736842,0.06842105263157895,0.05263157894736842,5.28306503689098,4.83515989085326
3.0,10.0,7.0,20.0,3.3333333333333335,0.5228787452803376,0.35,0.65,0.015000000000000003,0.05,0.065,0.05,5.283074837916636,4.835167642612409
3.0,10.0,8.0,21.0,3.3333333333333335,0.5228787452803376,0.38095238095238093,0.6190476190476191,0.014285714285714287,0.047619047619047616,0.06190476190476191,0.047619047619047616,5.283084638678542,4.835175394162953
3.0,10.0,9.0,22.0,3.3333333333333335,0.5228787452803376,0.4090909090909091,0.5909090909090909,0.01363636363636364,0.045454545454545456,0.0590909090909091,0.045454545454545456,5.283094439164813,4.835183145495496
3.0,10.0,10.0,23.0,3.3333333333333335,0.5228787452803376,0.43478260869565216,0.5652173913043478,0.013043478260869568,0.043478260869565216,0.05652173913043478,0.043478260869565216,5.28310423936635,4.835190896602838
4.0,1.0,1.0,6.0,0.25,-0.6020599913279624,0.16666666666666666,0.8333333333333334,0.06666666666666667,0.016666666666666666,0.08333333333333333,0.016666666666666666,4.160188967236676,3.947062547658808
4.0,1.0,2.0,7.0,0.25,-0.6020599913279624,0.2857142857142857,0.7142857142857143,0.05714285714285715,0.014285714285714287,0.07142857142857144,0.014285714285714287,4.160560875276918,3.947356694583279
4.0,1.0,3.0,8.0,0.25,-0.6020599913279624,0.375,0.625,0.05,0.0125,0.0625,0.0125,4.160931960728916,3.947650190911969
4.0,1.0,4.0,9.0,0.25,-0.6020599913279624,0.4444444444444444,0.5555555555555556,0.044444444444444446,0.011111111111111112,0.05555555555555556,0.011111111111111112,4.1613022277348195,3.947943039920958
4.0,1.0,5.0,10.0,0.25,-0.6020599913279624,0.5,0.5,0.04,0.01,0.05,0.01,4.161671680404288,3.9482352448606286
4.0,1.0,6.0,11.0,0.25,-0.6020599913279624,0.5454545454545454,0.45454545454545453,0.03636363636363637,0.009090909090909092,0.04545454545454546,0.009090909090909092,4.162040322814358,3.9485268089555627
4.0,1.0,7.0,12.0,0.25,-0.6020599913279624,0.5833333333333334,0.4166666666666667,0.03333333333333333,0.008333333333333333,0.041666666666666664,0.008333333333333333,4.162408158844172,3.9488177352738245
4.0,1.0,8.0,13.0,0.25,-0.6020599913279624,0.6153846153846154,0.38461538461538464,0.03076923076923077,0.007692307692307693,0.038461538461538464,0.007692307692307693,4.162775191850107,3.949108026470017
4.0,1.0,9.0,14.0,0.25,-0.6020599913279624,0.6428571428571429,0.35714285714285715,0.028571428571428574,0.0071428571428571435,0.03571428571428572,0.0071428571428571435,4.163141431862223,3.9493976904770447
4.0,1.0,10.0,15.0,0.25,-0.6020599913279624,0.6666666666666666,0.3333333333333333,0.02666666666666667,0.006666666666666667,0.03333333333333333,0.006666666666666667,4.1635068710057315,3.949686721066635
4.0,2.0,1.0,7.0,0.5,-0.3010299956639812,0.14285714285714285,0.8571428571428571,0.05714285714285715,0.028571428571428574,0.08571428571428572,0.028571428571428574,4.4597607708246665,4.183997798175254
4.0,2.0,2.0,8.0,0.5,-0.3010299956639812,0.25,0.75,0.05,0.025,0.07500000000000001,0.025,4.45987346701578,4.18408693106411
4.0,2.0,3.0,9.0,0.5,-0.3010299956639812,0.3333333333333333,0.6666666666666666,0.044444444444444446,0.022222222222222223,0.06666666666666667,0.022222222222222223,4.459986085343366,4.184176002369686
4.0,2.0,4.0,10.0,0.5,-0.3010299956639812,0.4,0.6,0.04,0.02,0.06,0.02,4.460098644269269,4.184265026693695
4.0,2.0,5.0,11.0,0.5,-0.3010299956639812,0.45454545454545453,0.5454545454545454,0.03636363636363637,0.018181818181818184,0.05454545454545455,0.018181818181818184,4.460211133269218,4.184353995712355
4.0,2.0,6.0,12.0,0.5,-0.3010299956639812,0.5,0.5,0.03333333333333333,0.016666666666666666,0.05,0.016666666666666666,4.460323554470128,4.184442911107869
4.0,2.0,7.0,13.0,0.5,-0.3010299956639812,0.5384615384615384,0.46153846153846156,0.03076923076923077,0.015384615384615385,0.046153846153846156,0.015384615384615385,4.460435907966868,4.184531772955271
4.0,2.0,8.0,14.0,0.5,-0.3010299956639812,0.5714285714285714,0.42857142857142855,0.028571428571428574,0.014285714285714287,0.04285714285714286,0.014285714285714287,4.46054819385419,4.1846205813295025
4.0,2.0,9.0,15.0,0.5,-0.3010299956639812,0.6,0.4,0.02666666666666667,0.013333333333333334,0.04,0.013333333333333334,4.4606604122267,4.184709336305387
4.0,2.0,10.0,16.0,0.5,-0.3010299956639812,0.625,0.375,0.025,0.0125,0.037500000000000006,0.0125,4.460772563178839,4.18479803795762
4.0,3.0,1.0,8.0,0.75,-0.12493873660829995,0.125,0.875,0.05,0.037500000000000006,0.08750000000000001,0.037500000000000006,4.6355303134631605,4.323016224206729
4.0,3.0,2.0,9.0,0.75,-0.12493873660829995,0.2222222222222222,0.7777777777777778,0.044444444444444446,0.03333333333333334,0.07777777777777778,0.03333333333333334,4.635588868511314,4.323062536158778
4.0,3.0,3.0,10.0,0.75,-0.12493873660829995,0.3,0.7,0.04,0.030000000000000006,0.07,0.030000000000000006,4.635647406661538,4.323108834746035
4.0,3.0,4.0,11.0,0.75,-0.12493873660829995,0.36363636363636365,0.6363636363636364,0.03636363636363637,0.02727272727272728,0.06363636363636364,0.02727272727272728,4.6357059279254305,4.323155119977672
4.0,3.0,5.0,12.0,0.75,-0.12493873660829995,0.4166666666666667,0.5833333333333334,0.03333333333333333,0.025000000000000005,0.058333333333333334,0.025000000000000005,4.635764432314528,4.323201391862813
4.0,3.0,6.0,13.0,0.75,-0.12493873660829995,0.46153846153846156,0.5384615384615384,0.03076923076923077,0.02307692307692308,0.05384615384615385,0.02307692307692308,4.635822919840327,4.3232476504105515
4.0,3.0,7.0,14.0,0.75,-0.12493873660829995,0.5,0.5,0.028571428571428574,0.021428571428571432,0.05,0.021428571428571432,4.635881390514296,4.323293895629957
4.0,3.0,8.0,15.0,0.75,-0.12493873660829995,0.5333333333333333,0.4666666666666667,0.02666666666666667,0.020000000000000004,0.046666666666666676,0.020000000000000004,4.63593984434788,4.3233401275300825
4.0,3.0,9.0,16.0,0.75,-0.12493873660829995,0.5625,0.4375,0.025,0.018750000000000003,0.043750000000000004,0.018750000000000003,4.63599828135251,4.323386346119968
4.0,3.0,10.0,17.0,0.75,-0.12493873660829995,0.5882352941176471,0.4117647058823529,0.023529411764705882,0.017647058823529415,0.0411764705882353,0.017647058823529415,4.636056701539596,4.323432551408639
4.0,4.0,1.0,9.0,1.0,0.0,0.1111111111111111,0.8888888888888888,0.044444444444444446,0.044444444444444446,0.08888888888888889,0.044444444444444446,4.760339346283612,4.421729317708344
4.0,4.0,2.0,10.0,1.0,0.0,0.2,0.8,0.04,0.04,0.08,0.04,4.760377018723036,4.421759113332517
4.0,4.0,3.0,11.0,1.0,0.0,0.2727272727272727,0.7272727272727273,0.03636363636363637,0.03636363636363637,0.07272727272727274,0.03636363636363637,4.760414684632411,4.421788903791989
4.0,4.0,4.0,12.0,1.0,0.0,0.3333333333333333,0.6666666666666666,0.03333333333333333,0.03333333333333333,0.06666666666666667,0.03333333333333333,4.760452344018065,4.421818689091765
4.0,4.0,5.0,13.0,1.0,0.0,0.38461538461538464,0.6153846153846154,0.03076923076923077,0.03076923076923077,0.06153846153846154,0.03076923076923077,4.760489996890032,4.42184846923978
4.0,4.0,6.0,14.0,1.0,0.0,0.42857142857142855,0.5714285714285714,0.028571428571428574,0.028571428571428574,0.05714285714285715,0.028571428571428574,4.760527643260291,4.4218782442455105
4.0,4.0,7.0,15.0,1.0,0.0,0.4666666666666667,0.5333333333333333,0.02666666666666667,0.02666666666666667,0.05333333333333334,0.02666666666666667,4.760565283140623,4.421908014118272
4.0,4.0,8.0,16.0,1.0,0.0,0.5,0.5,0.025,0.025,0.05,0.025,4.760602916541205,4.421937778866115
4.0,4.0,9.0,17.0,1.0,0.0,0.5294117647058824,0.47058823529411764,0.023529411764705882,0.023529411764705882,0.047058823529411764,0.023529411764705882,4.760640543470025,4.421967538495357
4.0,4.0,10.0,18.0,1.0,0.0,0.5555555555555556,0.4444444444444444,0.022222222222222223,0.022222222222222223,0.044444444444444446,0.022222222222222223,4.760678163932842,4.421997293010553
4.0,5.0,1.0,10.0,1.25,0.09691001300805642,0.1,0.9,0.04,0.05,0.09,0.05,4.857181540315635,4.498323073291219
4.0,5.0,2.0,11.0,1.25,0.09691001300805642,0.18181818181818182,0.8181818181818182,0.03636363636363637,0.045454545454545456,0.08181818181818182,0.045454545454545456,4.857208675387651,4.498344534773939
4.0,5.0,3.0,12.0,1.25,0.09691001300805642,0.25,0.75,0.03333333333333333,0.041666666666666664,0.075,0.041666666666666664,4.8572358072171555,4.498365993692114
4.0,5.0,4.0,13.0,1.25,0.09691001300805642,0.3076923076923077,0.6923076923076923,0.03076923076923077,0.038461538461538464,0.06923076923076923,0.038461538461538464,4.857262935813455,4.498387450053104
4.0,5.0,5.0,14.0,1.25,0.09691001300805642,0.35714285714285715,0.6428571428571429,0.028571428571428574,0.03571428571428571,0.06428571428571428,0.03571428571428571,4.857290061183778,4.498408903862628
4.0,5.0,6.0,15.0,1.25,0.09691001300805642,0.4,0.6,0.02666666666666667,0.03333333333333333,0.06,0.03333333333333333,4.857317183333872,4.4984303551252305
4.0,5.0,7.0,16.0,1.25,0.09691001300805642,0.4375,0.5625,0.025,0.03125,0.05625,0.03125,4.857344302268402,4.498451803844601
4.0,5.0,8.0,17.0,1.25,0.09691001300805642,0.47058823529411764,0.5294117647058824,0.023529411764705882,0.029411764705882353,0.052941176470588235,0.029411764705882353,4.8573714179912315,4.498473250023797
4.0,5.0,9.0,18.0,1.25,0.09691001300805642,0.5,0.5,0.022222222222222223,0.027777777777777776,0.05,0.027777777777777776,4.857398530505629,4.498494693665401
4.0,5.0,10.0,19.0,1.25,0.09691001300805642,0.5263157894736842,0.47368421052631576,0.021052631578947368,0.02631578947368421,0.047368421052631574,0.02631578947368421,4.857425639814399,4.4985161347716325
4.0,6.0,1.0,11.0,1.5,0.17609125905568124,0.09090909090909091,0.9090909090909091,0.03636363636363637,0.05454545454545456,0.09090909090909093,0.05454545454545456,4.936321738824077,4.56091608950615
4.0,6.0,2.0,12.0,1.5,0.17609125905568124,0.16666666666666666,0.8333333333333334,0.03333333333333333,0.05000000000000001,0.08333333333333334,0.05000000000000001,4.936342680772996,4.560932652766958
4.0,6.0,3.0,13.0,1.5,0.17609125905568124,0.23076923076923078,0.7692307692307693,0.03076923076923077,0.04615384615384616,0.07692307692307693,0.04615384615384616,4.936363620893133,4.560949214581358
4.0,6.0,4.0,14.0,1.5,0.17609125905568124,0.2857142857142857,0.7142857142857143,0.028571428571428574,0.042857142857142864,0.07142857142857144,0.042857142857142864,4.936384559187747,4.560965774951928
4.0,6.0,5.0,15.0,1.5,0.17609125905568124,0.3333333333333333,0.6666666666666666,0.02666666666666667,0.04000000000000001,0.06666666666666668,0.04000000000000001,4.936405495659232,4.560982333880561
4.0,6.0,6.0,16.0,1.5,0.17609125905568124,0.375,0.625,0.025,0.037500000000000006,0.0625,0.037500000000000006,4.936426430309421,4.560998891368708
4.0,6.0,7.0,17.0,1.5,0.17609125905568124,0.4117647058823529,0.5882352941176471,0.023529411764705882,0.03529411764705883,0.05882352941176471,0.03529411764705883,4.936447363139764,4.561015447417515
4.0,6.0,8.0,18.0,1.5,0.17609125905568124,0.4444444444444444,0.5555555555555556,0.022222222222222223,0.03333333333333334,0.055555555555555566,0.03333333333333334,4.936468294151444,4.561032002027917
4.0,6.0,9.0,19.0,1.5,0.17609125905568124,0.47368421052631576,0.5263157894736842,0.021052631578947368,0.03157894736842106,0.05263157894736843,0.03157894736842106,4.936489223345458,4.561048555200704
4.0,6.0,10.0,20.0,1.5,0.17609125905568124,0.5,0.5,0.02,0.030000000000000006,0.05,0.030000000000000006,4.93651015072266,4.56106510693655
4.0,7.0,1.0,12.0,1.75,0.24303804868629444,0.08333333333333333,0.9166666666666666,0.03333333333333333,0.05833333333333334,0.09166666666666667,0.05833333333333334,5.003241257549536,4.613843610533674
4.0,7.0,2.0,13.0,1.75,0.24303804868629444,0.15384615384615385,0.8461538461538461,0.03076923076923077,0.05384615384615385,0.08461538461538462,0.05384615384615385,5.003258184188607,4.613856998033501
4.0,7.0,3.0,14.0,1.75,0.24303804868629444,0.21428571428571427,0.7857142857142857,0.028571428571428574,0.05,0.07857142857142857,0.05,5.0032751097012325,4.613870384642407
4.0,7.0,4.0,15.0,1.75,0.24303804868629444,0.26666666666666666,0.7333333333333333,0.02666666666666667,0.04666666666666667,0.07333333333333333,0.04666666666666667,5.003292034079517,4.613883770354149
4.0,7.0,5.0,16.0,1.75,0.24303804868629444,0.3125,0.6875,0.025,0.043750000000000004,0.06875,0.043750000000000004,5.003308957320347,4.613897155166263
4.0,7.0,6.0,17.0,1.75,0.24303804868629444,0.35294117647058826,0.6470588235294118,0.023529411764705882,0.0411764705882353,0.06470588235294118,0.0411764705882353,5.003325879221255,4.613910538918614
4.0,7.0,7.0,18.0,1.75,0.24303804868629444,0.3888888888888889,0.6111111111111112,0.022222222222222223,0.03888888888888889,0.061111111111111116,0.03888888888888889,5.00334280037016,4.613923922076197
4.0,7.0,8.0,19.0,1.75,0.24303804868629444,0.42105263157894735,0.5789473684210527,0.021052631578947368,0.0368421052631579,0.05789473684210526,0.0368421052631579,5.00335972009098,4.613937304104289
4.0,7.0,9.0,20.0,1.75,0.24303804868629444,0.45,0.55,0.02,0.035,0.05500000000000001,0.035,5.003376638535422,4.6139506851228775
4.0,7.0,10.0,21.0,1.75,0.24303804868629444,0.47619047619047616,0.5238095238095238,0.01904761904761905,0.03333333333333334,0.05238095238095239,0.03333333333333334,5.003393555683436,4.613964065116104
4.0,8.0,1.0,13.0,2.0,0.3010299956639812,0.07692307692307693,0.9230769230769231,0.03076923076923077,0.06153846153846154,0.09230769230769231,0.06153846153846154,5.061213868905811,4.65969490571659
4.0,8.0,2.0,14.0,2.0,0.3010299956639812,0.14285714285714285,0.8571428571428571,0.028571428571428574,0.05714285714285715,0.08571428571428572,0.05714285714285715,5.0612280076486895,4.659706088232921
4.0,8.0,3.0,15.0,2.0,0.3010299956639812,0.2,0.8,0.02666666666666667,0.05333333333333334,0.08,0.05333333333333334,5.061242145624977,4.659717270142945
4.0,8.0,4.0,16.0,2.0,0.3010299956639812,0.25,0.75,0.025,0.05,0.07500000000000001,0.05,5.0612562828343695,4.659728451446422
4.0,8.0,5.0,17.0,2.0,0.3010299956639812,0.29411764705882354,0.7058823529411765,0.023529411764705882,0.047058823529411764,0.07058823529411765,0.047058823529411764,5.061270419276662,4.659739632143189
4.0,8.0,6.0,18.0,2.0,0.3010299956639812,0.3333333333333333,0.6666666666666666,0.022222222222222223,0.044444444444444446,0.06666666666666667,0.044444444444444446,5.061284554951725,4.659750812233145
4.0,8.0,7.0,19.0,2.0,0.3010299956639812,0.3684210526315789,0.631578947368421,0.021052631578947368,0.042105263157894736,0.06315789473684211,0.042105263157894736,5.061298689859493,4.659761991716237
4.0,8.0,8.0,20.0,2.0,0.3010299956639812,0.4,0.6,0.02,0.04,0.06,0.04,5.061312823999945,4.659773170592448
4.0,8.0,9.0,21.0,2.0,0.3010299956639812,0.42857142857142855,0.5714285714285714,0.01904761904761905,0.0380952380952381,0.05714285714285715,0.0380952380952381,5.0613269573731,4.659784348861796
4.0,8.0,10.0,22.0,2.0,0.3010299956639812,0.45454545454545453,0.5454545454545454,0.018181818181818184,0.03636363636363637,0.05454545454545455,0.03636363636363637,5.061341089979004,4.659795526524313
4.0,9.0,1.0,14.0,2.25,0.3521825181113625,0.07142857142857142,0.9285714285714286,0.028571428571428574,0.0642857142857143,0.09285714285714286,0.0642857142857143,5.112352028858568,4.700140744057307
4.0,9.0,2.0,15.0,2.25,0.3521825181113625,0.13333333333333333,0.8666666666666667,0.02666666666666667,0.060000000000000005,0.08666666666666667,0.060000000000000005,5.112364133421691,4.700150317714311
4.0,9.0,3.0,16.0,2.25,0.3521825181113625,0.1875,0.8125,0.025,0.05625,0.08125,0.05625,5.112376237392904,4.7001598909031665
4.0,9.0,4.0,17.0,2.25,0.3521825181113625,0.23529411764705882,0.7647058823529411,0.023529411764705882,0.052941176470588235,0.07647058823529412,0.052941176470588235,5.112388340765854,4.700169463618848
4.0,9.0,5.0,18.0,2.25,0.3521825181113625,0.2777777777777778,0.7222222222222222,0.022222222222222223,0.05,0.07222222222222223,0.05,5.112400443536929,4.7001790358585
4.0,9.0,6.0,19.0,2.25,0.3521825181113625,0.3157894736842105,0.6842105263157895,0.021052631578947368,0.04736842105263158,0.06842105263157895,0.04736842105263158,5.112412545704481,4.700188607620816
4.0,9.0,7.0,20.0,2.25,0.3521825181113625,0.35,0.65,0.02,0.045,0.065,0.045,5.112424647268247,4.70019817890559
4.0,9.0,8.0,21.0,2.25,0.3521825181113625,0.38095238095238093,0.6190476190476191,0.01904761904761905,0.04285714285714286,0.06190476190476191,0.04285714285714286,5.112436748228937,4.7002077497133845
4.0,9.0,9.0,22.0,2.25,0.3521825181113625,0.4090909090909091,0.5909090909090909,0.018181818181818184,0.04090909090909091,0.0590909090909091,0.04090909090909091,5.112448848587921,4.700217320045281
4.0,9.0,10.0,23.0,2.25,0.3521825181113625,0.43478260869565216,0.5652173913043478,0.017391304347826087,0.0391304347826087,0.05652173913043479,0.0391304347826087,5.1124609483470085,4.700226889902711
4.0,10.0,1.0,15.0,2.5,0.3979400086720376,0.06666666666666667,0.9333333333333333,0.02666666666666667,0.06666666666666667,0.09333333333333334,0.06666666666666667,5.1580984210207275,4.736322162860231
4.0,10.0,2.0,16.0,2.5,0.3979400086720376,0.125,0.875,0.025,0.0625,0.0875,0.0625,5.158108978610221,4.736330512995597
4.0,10.0,3.0,17.0,2.5,0.3979400086720376,0.17647058823529413,0.8235294117647058,0.023529411764705882,0.058823529411764705,0.08235294117647059,0.058823529411764705,5.158119535796245,4.736338862811852
4.0,10.0,4.0,18.0,2.5,0.3979400086720376,0.2222222222222222,0.7777777777777778,0.022222222222222223,0.05555555555555555,0.07777777777777778,0.05555555555555555,5.158130092578903,4.73634721230908
4.0,10.0,5.0,19.0,2.5,0.3979400086720376,0.2631578947368421,0.7368421052631579,0.021052631578947368,0.05263157894736842,0.07368421052631578,0.05263157894736842,5.158140648958283,4.736355561487351
4.0,10.0,6.0,20.0,2.5,0.3979400086720376,0.3,0.7,0.02,0.05,0.07,0.05,5.158151204934463,4.736363910346726
4.0,10.0,7.0,21.0,2.5,0.3979400086720376,0.3333333333333333,0.6666666666666666,0.01904761904761905,0.047619047619047616,0.06666666666666667,0.047619047619047616,5.158161760507511,4.736372258887257
4.0,10.0,8.0,22.0,2.5,0.3979400086720376,0.36363636363636365,0.6363636363636364,0.018181818181818184,0.045454545454545456,0.06363636363636364,0.045454545454545456,5.158172315677486,4.736380607108994
4.0,10.0,9.0,23.0,2.5,0.3979400086720376,0.391304347826087,0.6086956521739131,0.017391304347826087,0.043478260869565216,0.0608695652173913,0.043478260869565216,5.158182870444442,4.736388955011977
4.0,10.0,10.0,24.0,2.5,0.3979400086720376,0.4166666666666667,0.5833333333333334,0.016666666666666666,0.041666666666666664,0.058333333333333334,0.041666666666666664,5.158193424808427,4.736397302596245
5.0,1.0,1.0,7.0,0.2,-0.6989700043360187,0.14285714285714285,0.8571428571428571,0.07142857142857142,0.014285714285714287,0.08571428571428572,0.014285714285714287,4.064169403756824,3.871119421319495
5.0,1.0,2.0,8.0,0.2,-0.6989700043360187,0.25,0.75,0.0625,0.0125,0.075,0.0125,4.064613009106025,3.871470274581666
5.0,1.0,3.0,9.0,0.2,-0.6989700043360187,0.3333333333333333,0.6666666666666666,0.05555555555555555,0.011111111111111112,0.06666666666666667,0.011111111111111112,4.06505541658116,3.8718201804295997
5.0,1.0,4.0,10.0,0.2,-0.6989700043360187,0.4,0.6,0.05,0.01,0.060000000000000005,0.01,4.065496633503121,3.8721691446534843
5.0,1.0,5.0,11.0,0.2,-0.6989700043360187,0.45454545454545453,0.5454545454545454,0.045454545454545456,0.009090909090909092,0.05454545454545455,0.009090909090909092,4.06593666712234,3.8725171729877825
5.0,1.0,6.0,12.0,0.2,-0.6989700043360187,0.5,0.5,0.041666666666666664,0.008333333333333333,0.049999999999999996,0.008333333333333333,4.06637552461975,3.872864271111987
5.0,1.0,7.0,13.0,0.2,-0.6989700043360187,0.5384615384615384,0.46153846153846156,0.038461538461538464,0.007692307692307693,0.046153846153846156,0.007692307692307693,4.066813210696613,3.8732104427443868
5.0,1.0,8.0,14.0,0.2,-0.6989700043360187,0.5714285714285714,0.42857142857142855,0.03571428571428571,0.0071428571428571435,0.04285714285714286,0.0071428571428571435,4.067249738916228,3.873555698612373
5.0,1.0,9.0,15.0,0.2,-0.6989700043360187,0.6,0.4,0.03333333333333333,0.006666666666666667,0.04,0.006666666666666667,4.067685110982064,3.8739000400632415
5.0,1.0,10.0,16.0,0.2,-0.6989700043360187,0.625,0.375,0.03125,0.00625,0.0375,0.00625,4.068119334588782,3.8742434731827995
5.0,2.0,1.0,8.0,0.4,-0.3979400086720376,0.125,0.875,0.0625,0.025,0.0875,0.025,4.363113482617602,4.1075581961539305
5.0,2.0,2.0,9.0,0.4,-0.3979400086720376,0.2222222222222222,0.7777777777777778,0.05555555555555555,0.022222222222222223,0.07777777777777778,0.022222222222222223,4.3632447342816265,4.107662004808563
5.0,2.0,3.0,10.0,0.4,-0.3979400086720376,0.3,0.7,0.05,0.02,0.07,0.02,4.363375889879753,4.107765737483422
5.0,2.0,4.0,11.0,0.4,-0.3979400086720376,0.36363636363636365,0.6363636363636364,0.045454545454545456,0.018181818181818184,0.06363636363636364,0.018181818181818184,4.363506949574462,4.107869394307017
5.0,2.0,5.0,12.0,0.4,-0.3979400086720376,0.4166666666666667,0.5833333333333334,0.041666666666666664,0.016666666666666666,0.058333333333333334,0.016666666666666666,4.3636379135277075,4.1079729754074386
5.0,2.0,6.0,13.0,0.4,-0.3979400086720376,0.46153846153846156,0.5384615384615384,0.038461538461538464,0.015384615384615385,0.05384615384615385,0.015384615384615385,4.363768781900977,4.108076480912409
5.0,2.0,7.0,14.0,0.4,-0.3979400086720376,0.5,0.5,0.03571428571428571,0.014285714285714287,0.05,0.014285714285714287,4.363899554855308,4.108179910949295
5.0,2.0,8.0,15.0,0.4,-0.3979400086720376,0.5333333333333333,0.4666666666666667,0.03333333333333333,0.013333333333333334,0.04666666666666667,0.013333333333333334,4.364030232551303,4.10828326564512
5.0,2.0,9.0,16.0,0.4,-0.3979400086720376,0.5625,0.4375,0.03125,0.0125,0.04375,0.0125,4.364160815149131,4.108386545126563
5.0,2.0,10.0,17.0,0.4,-0.3979400086720376,0.5882352941176471,0.4117647058823529,0.029411764705882353,0.011764705882352941,0.041176470588235294,0.011764705882352941,4.364291303226324,4.108489749850401
5.0,3.0,1.0,9.0,0.6,-0.2218487496163564,0.1111111111111111,0.8888888888888888,0.05555555555555555,0.03333333333333334,0.08888888888888889,0.03333333333333334,4.538754070510999,4.24647463019394
5.0,3.0,2.0,10.0,0.6,-0.2218487496163564,0.2,0.8,0.05,0.030000000000000006,0.08000000000000002,0.030000000000000006,4.538820945486338,4.246527522485022
5.0,3.0,3.0,11.0,0.6,-0.2218487496163564,0.2727272727272727,0.7272727272727273,0.045454545454545456,0.02727272727272728,0.07272727272727274,0.02727272727272728,4.538887780953015,4.246580383528187
5.0,3.0,4.0,12.0,0.6,-0.2218487496163564,0.3333333333333333,0.6666666666666666,0.041666666666666664,0.025000000000000005,0.06666666666666667,0.025000000000000005,4.538954599246656,4.246633230988974
5.0,3.0,5.0,13.0,0.6,-0.2218487496163564,0.38461538461538464,0.6153846153846154,0.038461538461538464,0.02307692307692308,0.06153846153846154,0.02307692307692308,4.539021394449697,4.246686060187103
5.0,3.0,6.0,14.0,0.6,-0.2218487496163564,0.42857142857142855,0.5714285714285714,0.03571428571428571,0.021428571428571432,0.05714285714285715,0.021428571428571432,4.539088166580795,4.246738871137332
5.0,3.0,7.0,15.0,0.6,-0.2218487496163564,0.4666666666666667,0.5333333333333333,0.03333333333333333,0.020000000000000004,0.05333333333333334,0.020000000000000004,4.539154915658582,4.246791663854395
5.0,3.0,8.0,16.0,0.6,-0.2218487496163564,0.5,0.5,0.03125,0.018750000000000003,0.05,0.018750000000000003,4.539221641701666,4.246844438353013
5.0,3.0,9.0,17.0,0.6,-0.2218487496163564,0.5294117647058824,0.47058823529411764,0.029411764705882353,0.017647058823529415,0.047058823529411764,0.017647058823529415,4.539288344728633,4.246897194647882
5.0,3.0,10.0,18.0,0.6,-0.2218487496163564,0.5555555555555556,0.4444444444444444,0.027777777777777776,0.01666666666666667,0.044444444444444446,0.01666666666666667,4.5393550247580405,4.246949932753681
5.0,4.0,1.0,10.0,0.8,-0.09691001300805639,0.1,0.9,0.05,0.04,0.09,0.04,4.6635140691558945,4.3451489419259435
5.0,4.0,2.0,11.0,0.8,-0.09691001300805639,0.18181818181818182,0.8181818181818182,0.045454545454545456,0.03636363636363637,0.08181818181818182,0.03636363636363637,4.663556429352387,4.3451824451583825
5.0,4.0,3.0,12.0,0.8,-0.09691001300805639,0.25,0.75,0.041666666666666664,0.03333333333333333,0.075,0.03333333333333333,4.663598780834822,4.34521594149876
5.0,4.0,4.0,13.0,0.8,-0.09691001300805639,0.3076923076923077,0.6923076923076923,0.038461538461538464,0.03076923076923077,0.06923076923076923,0.03076923076923077,4.663641124828157,4.34524943191591
5.0,4.0,5.0,14.0,0.8,-0.09691001300805639,0.35714285714285715,0.6428571428571429,0.03571428571428571,0.028571428571428574,0.06428571428571428,0.028571428571428574,4.663683462452358,4.34528291729563
5.0,4.0,6.0,15.0,0.8,-0.09691001300805639,0.4,0.6,0.03333333333333333,0.02666666666666667,0.06,0.02666666666666667,4.663725790499164,4.345316395100463
5.0,4.0,7.0,16.0,0.8,-0.09691001300805639,0.4375,0.5625,0.03125,0.025,0.05625,0.025,4.663768109226386,4.345349865534314
5.0,4.0,8.0,17.0,0.8,-0.09691001300805639,0.47058823529411764,0.5294117647058824,0.029411764705882353,0.023529411764705882,0.052941176470588235,0.023529411764705882,4.66381039878361,4.345383312897234
5.0,4.0,9.0,18.0,0.8,-0.09691001300805639,0.5,0.5,0.027777777777777776,0.022222222222222223,0.05,0.022222222222222223,4.663852699343332,4.345416768962173
5.0,4.0,10.0,19.0,0.8,-0.09691001300805639,0.5263157894736842,0.47368421052631576,0.02631578947368421,0.021052631578947368,0.047368421052631574,0.021052631578947368,4.663894990968755,4.345450217960858
5.0,5.0,1.0,11.0,1.0,0.0,0.09090909090909091,0.9090909090909091,0.045454545454545456,0.045454545454545456,0.09090909090909091,0.045454545454545456,4.760331811019136,4.421723357969294
5.0,5.0,2.0,12.0,1.0,0.0,0.16666666666666666,0.8333333333333334,0.041666666666666664,0.041666666666666664,0.08333333333333333,0.041666666666666664,4.760361950796975,4.421747195913077
5.0,5.0,3.0,13.0,1.0,0.0,0.23076923076923078,0.7692307692307693,0.038461538461538464,0.038461538461538464,0.07692307692307693,0.038461538461538464,4.760392085870128,4.4217710301358615
5.0,5.0,4.0,14.0,1.0,0.0,0.2857142857142857,0.7142857142857143,0.03571428571428571,0.03571428571428571,0.07142857142857142,0.03571428571428571,4.760422217031166,4.4217948612645035
5.0,5.0,5.0,15.0,1.0,0.0,0.3333333333333333,0.6666666666666666,0.03333333333333333,0.03333333333333333,0.06666666666666667,0.03333333333333333,4.760452344018065,4.421818689091765
5.0,5.0,6.0,16.0,1.0,0.0,0.375,0.625,0.03125,0.03125,0.0625,0.03125,4.760482466836168,4.421842513621871
5.0,5.0,7.0,17.0,1.0,0.0,0.4117647058823529,0.5882352941176471,0.029411764705882353,0.029411764705882353,0.058823529411764705,0.029411764705882353,4.760512585491614,4.421866334859677
5.0,5.0,8.0,18.0,1.0,0.0,0.4444444444444444,0.5555555555555556,0.027777777777777776,0.027777777777777776,0.05555555555555555,0.027777777777777776,4.7605426999906,4.421890152810085
5.0,5.0,9.0,19.0,1.0,0.0,0.47368421052631576,0.5263157894736842,0.02631578947368421,0.02631578947368421,0.05263157894736842,0.02631578947368421,4.7605728103388305,4.4219139674776065
5.0,5.0,10.0,20.0,1.0,0.0,0.5,0.5,0.025,0.025,0.05,0.025,4.760602916541205,4.421937778866115
5.0,6.0,1.0,12.0,1.2,0.07918124604762482,0.08333333333333333,0.9166666666666666,0.041666666666666664,0.05000000000000001,0.09166666666666667,0.05000000000000001,4.839457789303988,4.484305127223735
5.0,6.0,2.0,13.0,1.2,0.07918124604762482,0.15384615384615385,0.8461538461538461,0.038461538461538464,0.04615384615384616,0.08461538461538462,0.04615384615384616,4.839480819368947,4.48432334200278
5.0,6.0,3.0,14.0,1.2,0.07918124604762482,0.21428571428571427,0.7857142857142857,0.03571428571428571,0.042857142857142864,0.07857142857142857,0.042857142857142864,4.839503847133864,4.4843415549626915
5.0,6.0,4.0,15.0,1.2,0.07918124604762482,0.26666666666666666,0.7333333333333333,0.03333333333333333,0.04000000000000001,0.07333333333333333,0.04000000000000001,4.83952687259744,4.484359766102442
5.0,6.0,5.0,16.0,1.2,0.07918124604762482,0.3125,0.6875,0.03125,0.037500000000000006,0.06875,0.037500000000000006,4.839549895758219,4.484377975420881
5.0,6.0,6.0,17.0,1.2,0.07918124604762482,0.35294117647058826,0.6470588235294118,0.029411764705882353,0.03529411764705883,0.06470588235294118,0.03529411764705883,4.839572916614735,4.484396182916848
5.0,6.0,7.0,18.0,1.2,0.07918124604762482,0.3888888888888889,0.6111111111111112,0.027777777777777776,0.03333333333333334,0.061111111111111116,0.03333333333333334,4.8395959351655975,4.4844143885892445
5.0,6.0,8.0,19.0,1.2,0.07918124604762482,0.42105263157894735,0.5789473684210527,0.02631578947368421,0.03157894736842106,0.05789473684210527,0.03157894736842106,4.839618951409528,4.484432592437058
5.0,6.0,9.0,20.0,1.2,0.07918124604762482,0.45,0.55,0.025,0.030000000000000006,0.05500000000000001,0.030000000000000006,4.839641965345384,4.484450794459385
5.0,6.0,10.0,21.0,1.2,0.07918124604762482,0.47619047619047616,0.5238095238095238,0.023809523809523808,0.028571428571428574,0.05238095238095238,0.028571428571428574,4.839664976972164,4.484468994655432
5.0,7.0,1.0,13.0,1.4,0.146128035678238,0.07692307692307693,0.9230769230769231,0.038461538461538464,0.05384615384615385,0.09230769230769231,0.05384615384615385,4.906368170049547,4.537225420903655
5.0,7.0,2.0,14.0,1.4,0.146128035678238,0.14285714285714285,0.8571428571428571,0.03571428571428571,0.05,0.08571428571428572,0.05,4.9063866324484025,4.537240023055945
5.0,7.0,3.0,15.0,1.4,0.146128035678238,0.2,0.8,0.03333333333333333,0.04666666666666667,0.08,0.04666666666666667,4.906405093385862,4.537254624052399
5.0,7.0,4.0,16.0,1.4,0.146128035678238,0.25,0.75,0.03125,0.043750000000000004,0.07500000000000001,0.043750000000000004,4.906423552866661,4.537269223896761
5.0,7.0,5.0,17.0,1.4,0.146128035678238,0.29411764705882354,0.7058823529411765,0.029411764705882353,0.0411764705882353,0.07058823529411765,0.0411764705882353,4.906442010894456,4.537283822591922
5.0,7.0,6.0,18.0,1.4,0.146128035678238,0.3333333333333333,0.6666666666666666,0.027777777777777776,0.03888888888888889,0.06666666666666667,0.03888888888888889,4.906460467472137,4.53729842014017
5.0,7.0,7.0,19.0,1.4,0.146128035678238,0.3684210526315789,0.631578947368421,0.02631578947368421,0.0368421052631579,0.06315789473684211,0.0368421052631579,4.906478922602021,4.537313016543337
5.0,7.0,8.0,20.0,1.4,0.146128035678238,0.4,0.6,0.025,0.035,0.060000000000000005,0.035,4.906497376286011,4.537327611802926
5.0,7.0,9.0,21.0,1.4,0.146128035678238,0.42857142857142855,0.5714285714285714,0.023809523809523808,0.03333333333333334,0.05714285714285715,0.03333333333333334,4.906515828525687,4.537342205920189
5.0,7.0,10.0,22.0,1.4,0.146128035678238,0.45454545454545453,0.5454545454545454,0.022727272727272728,0.03181818181818182,0.05454545454545455,0.03181818181818182,4.906534279322382,4.537356798896179
5.0,8.0,1.0,14.0,1.6,0.2041199826559248,0.07142857142857142,0.9285714285714286,0.03571428571428571,0.05714285714285715,0.09285714285714286,0.05714285714285715,4.964334493365389,4.583071742793299
5.0,8.0,2.0,15.0,1.6,0.2041199826559248,0.13333333333333333,0.8666666666666667,0.03333333333333333,0.05333333333333334,0.08666666666666667,0.05333333333333334,4.964349808400975,4.583083855654889
5.0,8.0,3.0,16.0,1.6,0.2041199826559248,0.1875,0.8125,0.03125,0.05,0.08125,0.05,4.964365122479903,4.583095967759847
5.0,8.0,4.0,17.0,1.6,0.2041199826559248,0.23529411764705882,0.7647058823529411,0.029411764705882353,0.047058823529411764,0.07647058823529412,0.047058823529411764,4.9643804356026475,4.583108079108546
5.0,8.0,5.0,18.0,1.6,0.2041199826559248,0.2777777777777778,0.7222222222222222,0.027777777777777776,0.044444444444444446,0.07222222222222222,0.044444444444444446,4.964395747769592,4.583120189701289
5.0,8.0,6.0,19.0,1.6,0.2041199826559248,0.3157894736842105,0.6842105263157895,0.02631578947368421,0.042105263157894736,0.06842105263157894,0.042105263157894736,4.9644110589810495,4.5831322995383275
5.0,8.0,7.0,20.0,1.6,0.2041199826559248,0.35,0.65,0.025,0.04,0.065,0.04,4.964426369237293,4.583144408619873
5.0,8.0,8.0,21.0,1.6,0.2041199826559248,0.38095238095238093,0.6190476190476191,0.023809523809523808,0.0380952380952381,0.06190476190476191,0.0380952380952381,4.964441678538561,4.583156516946117
5.0,8.0,9.0,22.0,1.6,0.2041199826559248,0.4090909090909091,0.5909090909090909,0.022727272727272728,0.03636363636363637,0.0590909090909091,0.03636363636363637,4.9644569868850725,4.5831686245172305
5.0,8.0,10.0,23.0,1.6,0.2041199826559248,0.43478260869565216,0.5652173913043478,0.021739130434782608,0.034782608695652174,0.05652173913043478,0.034782608695652174,4.9644722942770265,4.583180731333373
5.0,9.0,1.0,15.0,1.8,0.25527250510330607,0.06666666666666667,0.9333333333333333,0.03333333333333333,0.060000000000000005,0.09333333333333334,0.060000000000000005,5.0154680911530765,4.623513972858101
5.0,9.0,2.0,16.0,1.8,0.25527250510330607,0.125,0.875,0.03125,0.05625,0.0875,0.05625,5.015481109057353,4.623524268888548
5.0,9.0,3.0,17.0,1.8,0.25527250510330607,0.17647058823529413,0.8235294117647058,0.029411764705882353,0.052941176470588235,0.08235294117647059,0.052941176470588235,5.015494140764819,4.623534575836118
5.0,9.0,4.0,18.0,1.8,0.25527250510330607,0.2222222222222222,0.7777777777777778,0.027777777777777776,0.05,0.07777777777777778,0.05,5.015507172120163,4.623544882505191
5.0,9.0,5.0,19.0,1.8,0.25527250510330607,0.2631578947368421,0.7368421052631579,0.02631578947368421,0.04736842105263158,0.0736842105263158,0.04736842105263158,5.015520202805309,4.623555188644194
5.0,9.0,6.0,20.0,1.8,0.25527250510330607,0.3,0.7,0.025,0.045,0.07,0.045,5.015533232820338,4.623565494253194
5.0,9.0,7.0,21.0,1.8,0.25527250510330607,0.3333333333333333,0.6666666666666666,0.023809523809523808,0.04285714285714286,0.06666666666666667,0.04285714285714286,5.015546262165334,4.623575799332256
5.0,9.0,8.0,22.0,1.8,0.25527250510330607,0.36363636363636365,0.6363636363636364,0.022727272727272728,0.04090909090909091,0.06363636363636363,0.04090909090909091,5.01555929084038,4.623586103881446
5.0,9.0,9.0,23.0,1.8,0.25527250510330607,0.391304347826087,0.6086956521739131,0.021739130434782608,0.0391304347826087,0.06086956521739131,0.0391304347826087,5.015572318845558,4.623596407900828
5.0,9.0,10.0,24.0,1.8,0.25527250510330607,0.4166666666666667,0.5833333333333334,0.020833333333333332,0.0375,0.058333333333333334,0.0375,5.015585346180949,4.623606711390468
5.0,10.0,1.0,16.0,2.0,0.3010299956639812,0.0625,0.9375,0.03125,0.0625,0.09375,0.0625,5.061211041065278,4.659692669140594
5.0,10.0,2.0,17.0,2.0,0.3010299956639812,0.11764705882352941,0.8823529411764706,0.029411764705882353,0.058823529411764705,0.08823529411764705,0.058823529411764705,5.061222352243509,4.65970161529913
5.0,10.0,3.0,18.0,2.0,0.3010299956639812,0.16666666666666666,0.8333333333333334,0.027777777777777776,0.05555555555555555,0.08333333333333333,0.05555555555555555,5.061233662931215,4.659710561069703
5.0,10.0,4.0,19.0,2.0,0.3010299956639812,0.21052631578947367,0.7894736842105263,0.02631578947368421,0.05263157894736842,0.07894736842105263,0.05263157894736842,5.061244973128215,4.65971950645217
5.0,10.0,5.0,20.0,2.0,0.3010299956639812,0.25,0.75,0.025,0.05,0.07500000000000001,0.05,5.0612562828343695,4.659728451446422
5.0,10.0,6.0,21.0,2.0,0.3010299956639812,0.2857142857142857,0.7142857142857143,0.023809523809523808,0.047619047619047616,0.07142857142857142,0.047619047619047616,5.061267592049579,4.659737396052378
5.0,10.0,7.0,22.0,2.0,0.3010299956639812,0.3181818181818182,0.6818181818181818,0.022727272727272728,0.045454545454545456,0.06818181818181818,0.045454545454545456,5.0612789007737735,4.659746340269985
5.0,10.0,8.0,23.0,2.0,0.3010299956639812,0.34782608695652173,0.6521739130434783,0.021739130434782608,0.043478260869565216,0.06521739130434782,0.043478260869565216,5.06129020900691,4.659755284099207
5.0,10.0,9.0,24.0,2.0,0.3010299956639812,0.375,0.625,0.020833333333333332,0.041666666666666664,0.0625,0.041666666666666664,5.061301516748968,4.6597642275400295
5.0,10.0,10.0,25.0,2.0,0.3010299956639812,0.4,0.6,0.02,0.04,0.06,0.04,5.061312823999945,4.659773170592448
6.0,1.0,1.0,8.0,0.16666666666666666,-0.7781512503836436,0.125,0.875,0.07500000000000001,0.0125,0.08750000000000001,0.0125,3.986020430225988,3.8093103778802875
6.0,1.0,2.0,9.0,0.16666666666666666,-0.7781512503836436,0.2222222222222222,0.7777777777777778,0.06666666666666668,0.011111111111111112,0.07777777777777779,0.011111111111111112,3.9865343616070286,3.8097168529191823
6.0,1.0,3.0,10.0,0.16666666666666666,-0.7781512503836436,0.3,0.7,0.06000000000000001,0.01,0.07,0.01,3.9870466600987373,3.810122036484586
6.0,1.0,4.0,11.0,0.16666666666666666,-0.7781512503836436,0.36363636363636365,0.6363636363636364,0.05454545454545456,0.009090909090909092,0.06363636363636364,0.009090909090909092,3.987557337398973,3.810525937828488
6.0,1.0,5.0,12.0,0.16666666666666666,-0.7781512503836436,0.4166666666666667,0.5833333333333334,0.05000000000000001,0.008333333333333333,0.05833333333333334,0.008333333333333333,3.988066405071789,3.8109285660970493
6.0,1.0,6.0,13.0,0.16666666666666666,-0.7781512503836436,0.46153846153846156,0.5384615384615384,0.04615384615384616,0.007692307692307693,0.053846153846153856,0.007692307692307693,3.988573874682162,3.8113299304371613
6.0,1.0,7.0,14.0,0.16666666666666666,-0.7781512503836436,0.5,0.5,0.042857142857142864,0.0071428571428571435,0.05000000000000001,0.0071428571428571435,3.989079757354398,3.8117300396471827
6.0,1.0,8.0,15.0,0.16666666666666666,-0.7781512503836436,0.5333333333333333,0.4666666666666667,0.04000000000000001,0.006666666666666667,0.046666666666666676,0.006666666666666667,3.9895840642830067,3.8121289025809966
6.0,1.0,9.0,16.0,0.16666666666666666,-0.7781512503836436,0.5625,0.4375,0.037500000000000006,0.00625,0.043750000000000004,0.00625,3.9900868065336312,3.812526527990565
6.0,1.0,10.0,17.0,0.16666666666666666,-0.7781512503836436,0.5882352941176471,0.4117647058823529,0.03529411764705883,0.0058823529411764705,0.0411764705882353,0.0058823529411764705,3.9905879950460976,3.81292292452834
6.0,2.0,1.0,9.0,0.3333333333333333,-0.47712125471966244,0.1111111111111111,0.8888888888888888,0.06666666666666668,0.022222222222222223,0.0888888888888889,0.022222222222222223,4.284231950987584,4.04516976295017
6.0,2.0,2.0,10.0,0.3333333333333333,-0.47712125471966244,0.2,0.8,0.06000000000000001,0.02,0.08000000000000002,0.02,4.28438165967503,4.045288169505592
6.0,2.0,3.0,11.0,0.3333333333333333,-0.47712125471966244,0.2727272727272727,0.7272727272727273,0.05454545454545456,0.018181818181818184,0.07272727272727274,0.018181818181818184,4.28453123978266,4.045406474365559
6.0,2.0,4.0,12.0,0.3333333333333333,-0.47712125471966244,0.3333333333333333,0.6666666666666666,0.05000000000000001,0.016666666666666666,0.06666666666666668,0.016666666666666666,4.284680691565321,4.045524677731634
6.0,2.0,5.0,13.0,0.3333333333333333,-0.47712125471966244,0.38461538461538464,0.6153846153846154,0.04615384615384616,0.015384615384615385,0.06153846153846155,0.015384615384615385,4.284830015276754,4.045642779804501
6.0,2.0,6.0,14.0,0.3333333333333333,-0.47712125471966244,0.42857142857142855,0.5714285714285714,0.042857142857142864,0.014285714285714287,0.05714285714285715,0.014285714285714287,4.284979211169661,4.045760780784028
6.0,2.0,7.0,15.0,0.3333333333333333,-0.47712125471966244,0.4666666666666667,0.5333333333333333,0.04000000000000001,0.013333333333333334,0.053333333333333344,0.013333333333333334,4.285128279495789,4.045878680869323
6.0,2.0,8.0,16.0,0.3333333333333333,-0.47712125471966244,0.5,0.5,0.037500000000000006,0.0125,0.05,0.0125,4.2852772205059715,4.045996480258776
6.0,2.0,9.0,17.0,0.3333333333333333,-0.47712125471966244,0.5294117647058824,0.47058823529411764,0.03529411764705883,0.011764705882352941,0.04705882352941177,0.011764705882352941,4.285426034450175,4.046114179150086
6.0,2.0,10.0,18.0,0.3333333333333333,-0.47712125471966244,0.5555555555555556,0.4444444444444444,0.03333333333333334,0.011111111111111112,0.04444444444444445,0.011111111111111112,4.2855747215775235,4.0462317777402905
6.0,3.0,1.0,10.0,0.5,-0.3010299956639812,0.1,0.9,0.06000000000000001,0.030000000000000006,0.09000000000000002,0.030000000000000006,4.459723190793249,4.18396807563778
6.0,3.0,2.0,11.0,0.5,-0.3010299956639812,0.18181818181818182,0.8181818181818182,0.05454545454545456,0.02727272727272728,0.08181818181818183,0.02727272727272728,4.459798343516388,4.184027514907666
6.0,3.0,3.0,12.0,0.5,-0.3010299956639812,0.25,0.75,0.05000000000000001,0.025000000000000005,0.07500000000000001,0.025000000000000005,4.45987346701578,4.18408693106411
6.0,3.0,4.0,13.0,0.5,-0.3010299956639812,0.3076923076923077,0.6923076923076923,0.04615384615384616,0.02307692307692308,0.06923076923076925,0.02307692307692308,4.4599485489633945,4.184146314356711
6.0,3.0,5.0,14.0,0.5,-0.3010299956639812,0.35714285714285715,0.6428571428571429,0.042857142857142864,0.021428571428571432,0.0642857142857143,0.021428571428571432,4.460023613889615,4.1842056841868684
6.0,3.0,6.0,15.0,0.5,-0.3010299956639812,0.4,0.6,0.04000000000000001,0.020000000000000004,0.06000000000000001,0.020000000000000004,4.460098644269269,4.184265026693695
6.0,3.0,7.0,16.0,0.5,-0.3010299956639812,0.4375,0.5625,0.037500000000000006,0.018750000000000003,0.05625000000000001,0.018750000000000003,4.460173644473816,4.184324345334636
6.0,3.0,8.0,17.0,0.5,-0.3010299956639812,0.47058823529411764,0.5294117647058824,0.03529411764705883,0.017647058823529415,0.05294117647058824,0.017647058823529415,4.460248614531394,4.184383640131946
6.0,3.0,9.0,18.0,0.5,-0.3010299956639812,0.5,0.5,0.03333333333333334,0.01666666666666667,0.05000000000000001,0.01666666666666667,4.460323554470128,4.184442911107869
6.0,3.0,10.0,19.0,0.5,-0.3010299956639812,0.5263157894736842,0.47368421052631576,0.03157894736842106,0.01578947368421053,0.04736842105263159,0.01578947368421053,4.460398464318122,4.184502158284633
6.0,4.0,1.0,11.0,0.6666666666666666,-0.17609125905568127,0.09090909090909091,0.9090909090909091,0.05454545454545456,0.03636363636363637,0.09090909090909093,0.03636363636363637,4.584426920957159,4.282597883893558
6.0,4.0,2.0,12.0,0.6666666666666666,-0.17609125905568127,0.16666666666666666,0.8333333333333334,0.05000000000000001,0.03333333333333333,0.08333333333333334,0.03333333333333333,4.584473960894184,4.282635088393881
6.0,4.0,3.0,13.0,0.6666666666666666,-0.17609125905568127,0.23076923076923078,0.7692307692307693,0.04615384615384616,0.03076923076923077,0.07692307692307693,0.03076923076923077,4.5845209896355685,4.282672284039426
6.0,4.0,4.0,14.0,0.6666666666666666,-0.17609125905568127,0.2857142857142857,0.7142857142857143,0.042857142857142864,0.028571428571428574,0.07142857142857144,0.028571428571428574,4.584568007187566,4.282709470835138
6.0,4.0,5.0,15.0,0.6666666666666666,-0.17609125905568127,0.3333333333333333,0.6666666666666666,0.04000000000000001,0.02666666666666667,0.06666666666666668,0.02666666666666667,4.584615013556421,4.282746648785957
6.0,4.0,6.0,16.0,0.6666666666666666,-0.17609125905568127,0.375,0.625,0.037500000000000006,0.025,0.0625,0.025,4.584662008731951,4.2827838178838284
6.0,4.0,7.0,17.0,0.6666666666666666,-0.17609125905568127,0.4117647058823529,0.5882352941176471,0.03529411764705883,0.023529411764705882,0.05882352941176471,0.023529411764705882,4.584708992754071,4.2828209781603235
6.0,4.0,8.0,18.0,0.6666666666666666,-0.17609125905568127,0.4444444444444444,0.5555555555555556,0.03333333333333334,0.022222222222222223,0.055555555555555566,0.022222222222222223,4.584755965611673,4.282858129606654
6.0,4.0,9.0,19.0,0.6666666666666666,-0.17609125905568127,0.47368421052631576,0.5263157894736842,0.03157894736842106,0.021052631578947368,0.05263157894736843,0.021052631578947368,4.584802927310989,4.282895272227751
6.0,4.0,10.0,20.0,0.6666666666666666,-0.17609125905568127,0.5,0.5,0.030000000000000006,0.02,0.05,0.02,4.584849877858243,4.282932406028538
6.0,5.0,1.0,12.0,0.8333333333333334,-0.0791812460476248,0.08333333333333333,0.9166666666666666,0.05000000000000001,0.041666666666666664,0.09166666666666667,0.041666666666666664,4.681216858209757,4.359150308907347
6.0,5.0,2.0,13.0,0.8333333333333334,-0.0791812460476248,0.15384615384615385,0.8461538461538461,0.04615384615384616,0.038461538461538464,0.08461538461538462,0.038461538461538464,4.681250003313014,4.3591765238022395
6.0,5.0,3.0,14.0,0.8333333333333334,-0.0791812460476248,0.21428571428571427,0.7857142857142857,0.042857142857142864,0.03571428571428571,0.07857142857142857,0.03571428571428571,4.681283120879151,4.359202716917664
6.0,5.0,4.0,15.0,0.8333333333333334,-0.0791812460476248,0.26666666666666666,0.7333333333333333,0.04000000000000001,0.03333333333333333,0.07333333333333333,0.03333333333333333,4.681316253085678,4.359228921612363
6.0,5.0,5.0,16.0,0.8333333333333334,-0.0791812460476248,0.3125,0.6875,0.037500000000000006,0.03125,0.06875,0.03125,4.68134937939271,4.359255121641075
6.0,5.0,6.0,17.0,0.8333333333333334,-0.0791812460476248,0.35294117647058826,0.6470588235294118,0.03529411764705883,0.029411764705882353,0.06470588235294118,0.029411764705882353,4.681382499998605,4.359281317160684
6.0,5.0,7.0,18.0,0.8333333333333334,-0.0791812460476248,0.3888888888888889,0.6111111111111112,0.03333333333333334,0.027777777777777776,0.061111111111111116,0.027777777777777776,4.681415615034228,4.359307508274691
6.0,5.0,8.0,19.0,0.8333333333333334,-0.0791812460476248,0.42105263157894735,0.5789473684210527,0.03157894736842106,0.02631578947368421,0.05789473684210527,0.02631578947368421,4.681448724587695,4.35933369505279
6.0,5.0,9.0,20.0,0.8333333333333334,-0.0791812460476248,0.45,0.55,0.030000000000000006,0.025,0.05500000000000001,0.025,4.68148182871957,4.359359877542881
6.0,5.0,10.0,21.0,0.8333333333333334,-0.0791812460476248,0.47619047619047616,0.5238095238095238,0.028571428571428574,0.023809523809523808,0.05238095238095238,0.023809523809523808,4.681514927472353,4.359386055778577
6.0,6.0,1.0,13.0,1.0,0.0,0.07692307692307693,0.9230769230769231,0.04615384615384616,0.04615384615384616,0.09230769230769233,0.04615384615384616,4.760326787394917,4.421719384719314
6.0,6.0,2.0,14.0,1.0,0.0,0.14285714285714285,0.8571428571428571,0.042857142857142864,0.042857142857142864,0.08571428571428573,0.042857142857142864,4.760351900869676,4.421739247294369
6.0,6.0,3.0,15.0,1.0,0.0,0.2,0.8,0.04000000000000001,0.04000000000000001,0.08000000000000002,0.04000000000000001,4.760377018723036,4.421759113332517
6.0,6.0,4.0,16.0,1.0,0.0,0.25,0.75,0.037500000000000006,0.037500000000000006,0.07500000000000001,0.037500000000000006,4.760402130054541,4.421778974212446
6.0,6.0,5.0,17.0,1.0,0.0,0.29411764705882354,0.7058823529411765,0.03529411764705883,0.03529411764705883,0.07058823529411766,0.03529411764705883,4.7604272384853905,4.421798832798207
6.0,6.0,6.0,18.0,1.0,0.0,0.3333333333333333,0.6666666666666666,0.03333333333333334,0.03333333333333334,0.06666666666666668,0.03333333333333334,4.760452344018065,4.421818689091765
6.0,6.0,7.0,19.0,1.0,0.0,0.3684210526315789,0.631578947368421,0.03157894736842106,0.03157894736842106,0.06315789473684212,0.03157894736842106,4.760477446655727,4.421838543095619
6.0,6.0,8.0,20.0,1.0,0.0,0.4,0.6,0.030000000000000006,0.030000000000000006,0.06000000000000001,0.030000000000000006,4.760502546401927,4.4218583948125785
6.0,6.0,9.0,21.0,1.0,0.0,0.42857142857142855,0.5714285714285714,0.028571428571428574,0.028571428571428574,0.05714285714285715,0.028571428571428574,4.760527643260291,4.4218782442455105
6.0,6.0,10.0,22.0,1.0,0.0,0.45454545454545453,0.5454545454545454,0.02727272727272728,0.02727272727272728,0.05454545454545456,0.02727272727272728,4.760552737234278,4.421898091397151
6.0,7.0,1.0,14.0,1.1666666666666667,0.06694678963061322,0.07142857142857142,0.9285714285714286,0.042857142857142864,0.05,0.09285714285714286,0.05,4.827226918312256,4.4746315716762775
6.0,7.0,2.0,15.0,1.1666666666666667,0.06694678963061322,0.13333333333333333,0.8666666666666667,0.04000000000000001,0.04666666666666667,0.08666666666666667,0.04666666666666667,4.827246914138348,4.474647386636189
6.0,7.0,3.0,16.0,1.1666666666666667,0.06694678963061322,0.1875,0.8125,0.037500000000000006,0.043750000000000004,0.08125000000000002,0.043750000000000004,4.827266908231775,4.474663200225713
6.0,7.0,4.0,17.0,1.1666666666666667,0.06694678963061322,0.23529411764705882,0.7647058823529411,0.03529411764705883,0.0411764705882353,0.07647058823529412,0.0411764705882353,4.827286900591216,4.474679012443805
6.0,7.0,5.0,18.0,1.1666666666666667,0.06694678963061322,0.2777777777777778,0.7222222222222222,0.03333333333333334,0.03888888888888889,0.07222222222222223,0.03888888888888889,4.827306891215112,4.474694823289232
6.0,7.0,6.0,19.0,1.1666666666666667,0.06694678963061322,0.3157894736842105,0.6842105263157895,0.03157894736842106,0.0368421052631579,0.06842105263157897,0.0368421052631579,4.8273268801018085,4.474710632760686
6.0,7.0,7.0,20.0,1.1666666666666667,0.06694678963061322,0.35,0.65,0.030000000000000006,0.035,0.065,0.035,4.827346867249657,4.474726440856862
6.0,7.0,8.0,21.0,1.1666666666666667,0.06694678963061322,0.38095238095238093,0.6190476190476191,0.028571428571428574,0.03333333333333334,0.061904761904761914,0.03333333333333334,4.827366852657063,4.474742247576498
6.0,7.0,9.0,22.0,1.1666666666666667,0.06694678963061322,0.4090909090909091,0.5909090909090909,0.02727272727272728,0.03181818181818182,0.0590909090909091,0.03181818181818182,4.827386846537189,4.47475806099732
6.0,7.0,10.0,23.0,1.1666666666666667,0.06694678963061322,0.43478260869565216,0.5652173913043478,0.026086956521739136,0.030434782608695653,0.05652173913043479,0.030434782608695653,4.827406828804133,4.474773865233124
6.0,8.0,1.0,15.0,1.3333333333333333,0.12493873660829993,0.06666666666666667,0.9333333333333333,0.04000000000000001,0.05333333333333334,0.09333333333333335,0.05333333333333334,4.885186219676526,4.520472339812748
6.0,8.0,2.0,16.0,1.3333333333333333,0.12493873660829993,0.125,0.875,0.037500000000000006,0.05,0.08750000000000001,0.05,4.885202710321181,4.5204853824789
6.0,8.0,3.0,17.0,1.3333333333333333,0.12493873660829993,0.17647058823529413,0.8235294117647058,0.03529411764705883,0.047058823529411764,0.0823529411764706,0.047058823529411764,4.885219199779557,4.520498424206807
6.0,8.0,4.0,18.0,1.3333333333333333,0.12493873660829993,0.2222222222222222,0.7777777777777778,0.03333333333333334,0.044444444444444446,0.07777777777777778,0.044444444444444446,4.885235688055695,4.520511464999667
6.0,8.0,5.0,19.0,1.3333333333333333,0.12493873660829993,0.2631578947368421,0.7368421052631579,0.03157894736842106,0.042105263157894736,0.0736842105263158,0.042105263157894736,4.885252175152859,4.520524504860061
6.0,8.0,6.0,20.0,1.3333333333333333,0.12493873660829993,0.3,0.7,0.030000000000000006,0.04,0.07,0.04,4.885268661073722,4.5205375437901045
6.0,8.0,7.0,21.0,1.3333333333333333,0.12493873660829993,0.3333333333333333,0.6666666666666666,0.028571428571428574,0.0380952380952381,0.06666666666666668,0.0380952380952381,4.885285145820499,4.5205505817915475
6.0,8.0,8.0,22.0,1.3333333333333333,0.12493873660829993,0.36363636363636365,0.6363636363636364,0.02727272727272728,0.03636363636363637,0.06363636363636364,0.03636363636363637,4.88530162939505,4.52056361886586
6.0,8.0,9.0,23.0,1.3333333333333333,0.12493873660829993,0.391304347826087,0.6086956521739131,0.026086956521739136,0.034782608695652174,0.060869565217391314,0.034782608695652174,4.885318111798952,4.520576655014293
6.0,8.0,10.0,24.0,1.3333333333333333,0.12493873660829993,0.4166666666666667,0.5833333333333334,0.025000000000000005,0.03333333333333333,0.058333333333333334,0.03333333333333333,4.885334593033556,4.5205896902379115
6.0,9.0,1.0,16.0,1.5,0.17609125905568124,0.0625,0.9375,0.037500000000000006,0.05625,0.09375,0.05625,4.936314757767298,4.560910568097203
6.0,9.0,2.0,17.0,1.5,0.17609125905568124,0.11764705882352941,0.8823529411764706,0.03529411764705883,0.052941176470588235,0.08823529411764706,0.052941176470588235,4.936328719677164,4.5609216107539945
6.0,9.0,3.0,18.0,1.5,0.17609125905568124,0.16666666666666666,0.8333333333333334,0.03333333333333334,0.05,0.08333333333333334,0.05,4.936342680772995,4.560932652766957
6.0,9.0,4.0,19.0,1.5,0.17609125905568124,0.21052631578947367,0.7894736842105263,0.03157894736842106,0.04736842105263158,0.07894736842105264,0.04736842105263158,4.936356641056062,4.5609436941370936
6.0,9.0,5.0,20.0,1.5,0.17609125905568124,0.25,0.75,0.030000000000000006,0.045,0.07500000000000001,0.045,4.936370600527375,4.560954734865202
6.0,9.0,6.0,21.0,1.5,0.17609125905568124,0.2857142857142857,0.7142857142857143,0.028571428571428574,0.04285714285714286,0.07142857142857142,0.04285714285714286,4.936384559187747,4.560965774951928
6.0,9.0,7.0,22.0,1.5,0.17609125905568124,0.3181818181818182,0.6818181818181818,0.02727272727272728,0.04090909090909091,0.06818181818181819,0.04090909090909091,4.93639851703785,4.560976814397801
6.0,9.0,8.0,23.0,1.5,0.17609125905568124,0.34782608695652173,0.6521739130434783,0.026086956521739136,0.0391304347826087,0.06521739130434784,0.0391304347826087,4.936412474078249,4.560987853203269
6.0,9.0,9.0,24.0,1.5,0.17609125905568124,0.375,0.625,0.025000000000000005,0.0375,0.0625,0.0375,4.936426430309421,4.560998891368708
6.0,9.0,10.0,25.0,1.5,0.17609125905568124,0.4,0.6,0.024000000000000004,0.036000000000000004,0.06000000000000001,0.036000000000000004,4.936440385731777,4.561009928894444
6.0,10.0,1.0,17.0,1.6666666666666667,0.2218487496163564,0.058823529411764705,0.9411764705882353,0.03529411764705883,0.058823529411764705,0.09411764705882353,0.058823529411764705,4.982053913015019,4.5970862631300164
6.0,10.0,2.0,18.0,1.6666666666666667,0.2218487496163564,0.1111111111111111,0.8888888888888888,0.03333333333333334,0.05555555555555555,0.08888888888888889,0.05555555555555555,4.982065974254627,4.597095802521888
6.0,10.0,3.0,19.0,1.6666666666666667,0.2218487496163564,0.15789473684210525,0.8421052631578947,0.03157894736842106,0.05263157894736842,0.08421052631578949,0.05263157894736842,4.982078077063127,4.5971053747911395
6.0,10.0,4.0,20.0,1.6666666666666667,0.2218487496163564,0.2,0.8,0.030000000000000006,0.05,0.08000000000000002,0.05,4.982090137991807,4.5971149139370935
6.0,10.0,5.0,21.0,1.6666666666666667,0.2218487496163564,0.23809523809523808,0.7619047619047619,0.028571428571428574,0.047619047619047616,0.0761904761904762,0.047619047619047616,4.982102198636485,4.597124452858427
6.0,10.0,6.0,22.0,1.6666666666666667,0.2218487496163564,0.2727272727272727,0.7272727272727273,0.02727272727272728,0.045454545454545456,0.07272727272727274,0.045454545454545456,4.982114258938794,4.597133991508977
6.0,10.0,7.0,23.0,1.6666666666666667,0.2218487496163564,0.30434782608695654,0.6956521739130435,0.026086956521739136,0.043478260869565216,0.06956521739130435,0.043478260869565216,4.982126318853752,4.597143529853166
6.0,10.0,8.0,24.0,1.6666666666666667,0.2218487496163564,0.3333333333333333,0.6666666666666666,0.025000000000000005,0.041666666666666664,0.06666666666666667,0.041666666666666664,4.982138378346274,4.5971530678632435
6.0,10.0,9.0,25.0,1.6666666666666667,0.2218487496163564,0.36,0.64,0.024000000000000004,0.04,0.064,0.04,4.982150437388688,4.597162605517325
6.0,10.0,10.0,26.0,1.6666666666666667,0.2218487496163564,0.38461538461538464,0.6153846153846154,0.02307692307692308,0.038461538461538464,0.06153846153846154,0.038461538461538464,4.982162495958947,4.597172142797974
7.0,1.0,1.0,9.0,0.14285714285714285,-0.8450980400142568,0.1111111111111111,0.8888888888888888,0.07777777777777778,0.011111111111111112,0.08888888888888889,0.011111111111111112,3.920244785475585,3.757287561713478
7.0,1.0,2.0,10.0,0.14285714285714285,-0.8450980400142568,0.2,0.8,0.07,0.01,0.08,0.01,3.920827493467415,3.757748433071759
7.0,1.0,3.0,11.0,0.14285714285714285,-0.8450980400142568,0.2727272727272727,0.7272727272727273,0.06363636363636364,0.009090909090909092,0.07272727272727274,0.009090909090909092,3.9214080797852873,3.758207626370407
7.0,1.0,4.0,12.0,0.14285714285714285,-0.8450980400142568,0.3333333333333333,0.6666666666666666,0.05833333333333334,0.008333333333333333,0.06666666666666668,0.008333333333333333,3.921986561778715,3.758665155331379
7.0,1.0,5.0,13.0,0.14285714285714285,-0.8450980400142568,0.38461538461538464,0.6153846153846154,0.05384615384615385,0.007692307692307693,0.06153846153846154,0.007692307692307693,3.9225629565756517,3.7591210335013963
7.0,1.0,6.0,14.0,0.14285714285714285,-0.8450980400142568,0.42857142857142855,0.5714285714285714,0.05,0.0071428571428571435,0.05714285714285715,0.0071428571428571435,3.923137281082879,3.759575274252254
7.0,1.0,7.0,15.0,0.14285714285714285,-0.8450980400142568,0.4666666666666667,0.5333333333333333,0.04666666666666667,0.006666666666666667,0.05333333333333334,0.006666666666666667,3.923709551992944,3.7600278907863056
7.0,1.0,8.0,16.0,0.14285714285714285,-0.8450980400142568,0.5,0.5,0.043750000000000004,0.00625,0.05,0.00625,3.9242797857873875,3.7604788961390163
7.0,1.0,9.0,17.0,0.14285714285714285,-0.8450980400142568,0.5294117647058824,0.47058823529411764,0.0411764705882353,0.0058823529411764705,0.04705882352941177,0.0058823529411764705,3.924847998740117,3.7609283031816325
7.0,1.0,10.0,18.0,0.14285714285714285,-0.8450980400142568,0.5555555555555556,0.4444444444444444,0.03888888888888889,0.005555555555555556,0.044444444444444446,0.005555555555555556,3.9254142069209728,3.7613761246240003
7.0,2.0,1.0,10.0,0.2857142857142857,-0.5440680443502757,0.1,0.9,0.07,0.02,0.09000000000000001,0.02,4.2176216451029385,3.992486802395373
7.0,2.0,2.0,11.0,0.2857142857142857,-0.5440680443502757,0.18181818181818182,0.8181818181818182,0.06363636363636364,0.018181818181818184,0.08181818181818183,0.018181818181818184,4.217789695545994,3.9926197156847674
7.0,2.0,3.0,12.0,0.2857142857142857,-0.5440680443502757,0.25,0.75,0.05833333333333334,0.016666666666666666,0.07500000000000001,0.016666666666666666,4.217957580497058,3.992752498084385
7.0,2.0,4.0,13.0,0.2857142857142857,-0.5440680443502757,0.3076923076923077,0.6923076923076923,0.05384615384615385,0.015384615384615385,0.06923076923076923,0.015384615384615385,4.218125300328866,3.9928851498890285
7.0,2.0,5.0,14.0,0.2857142857142857,-0.5440680443502757,0.35714285714285715,0.6428571428571429,0.05,0.014285714285714287,0.0642857142857143,0.014285714285714287,4.218292855412826,3.993017671392447
7.0,2.0,6.0,15.0,0.2857142857142857,-0.5440680443502757,0.4,0.6,0.04666666666666667,0.013333333333333334,0.060000000000000005,0.013333333333333334,4.218460246119023,3.9931500628873473
7.0,2.0,7.0,16.0,0.2857142857142857,-0.5440680443502757,0.4375,0.5625,0.043750000000000004,0.0125,0.05625000000000001,0.0125,4.218627472816173,3.9932823246653504
7.0,2.0,8.0,17.0,0.2857142857142857,-0.5440680443502757,0.47058823529411764,0.5294117647058824,0.0411764705882353,0.011764705882352941,0.05294117647058824,0.011764705882352941,4.218794535871725,3.9934144570170775
7.0,2.0,9.0,18.0,0.2857142857142857,-0.5440680443502757,0.5,0.5,0.03888888888888889,0.011111111111111112,0.05,0.011111111111111112,4.218961435651893,3.9935464602321726
7.0,2.0,10.0,19.0,0.2857142857142857,-0.5440680443502757,0.5263157894736842,0.47368421052631576,0.0368421052631579,0.010526315789473684,0.04736842105263158,0.010526315789473684,4.2191281725215495,3.9936783345992164
7.0,3.0,1.0,11.0,0.42857142857142855,-0.36797678529459443,0.09090909090909091,0.9090909090909091,0.06363636363636364,0.02727272727272728,0.09090909090909093,0.02727272727272728,4.392943295458535,4.131150984572848
7.0,3.0,2.0,12.0,0.42857142857142855,-0.36797678529459443,0.16666666666666666,0.8333333333333334,0.05833333333333334,0.025000000000000005,0.08333333333333334,0.025000000000000005,4.393026709941159,4.131216958176173
7.0,3.0,3.0,13.0,0.42857142857142855,-0.36797678529459443,0.23076923076923078,0.7692307692307693,0.05384615384615385,0.02307692307692308,0.07692307692307693,0.02307692307692308,4.393110085326362,4.131282900856838
7.0,3.0,4.0,14.0,0.42857142857142855,-0.36797678529459443,0.2857142857142857,0.7142857142857143,0.05,0.021428571428571432,0.07142857142857144,0.021428571428571432,4.393193421994709,4.131348812915834
7.0,3.0,5.0,15.0,0.42857142857142855,-0.36797678529459443,0.3333333333333333,0.6666666666666666,0.04666666666666667,0.020000000000000004,0.06666666666666668,0.020000000000000004,4.393276720161024,4.131414694523072
7.0,3.0,6.0,16.0,0.42857142857142855,-0.36797678529459443,0.375,0.625,0.043750000000000004,0.018750000000000003,0.0625,0.018750000000000003,4.393359979958815,4.131480545784143
7.0,3.0,7.0,17.0,0.42857142857142855,-0.36797678529459443,0.4117647058823529,0.5882352941176471,0.0411764705882353,0.017647058823529415,0.05882352941176472,0.017647058823529415,4.39344320147997,4.1315463667717225
7.0,3.0,8.0,18.0,0.42857142857142855,-0.36797678529459443,0.4444444444444444,0.5555555555555556,0.03888888888888889,0.01666666666666667,0.05555555555555556,0.01666666666666667,4.393526384794257,4.131612157540992
7.0,3.0,9.0,19.0,0.42857142857142855,-0.36797678529459443,0.47368421052631576,0.5263157894736842,0.0368421052631579,0.01578947368421053,0.05263157894736843,0.01578947368421053,4.393609529959277,4.131677918137507
7.0,3.0,10.0,20.0,0.42857142857142855,-0.36797678529459443,0.5,0.5,0.035,0.015000000000000003,0.05,0.015000000000000003,4.393692637025725,4.131743648601366
7.0,4.0,1.0,12.0,0.5714285714285714,-0.24303804868629447,0.08333333333333333,0.9166666666666666,0.05833333333333334,0.03333333333333333,0.09166666666666667,0.03333333333333333,4.517583574257359,4.229730608315592
7.0,4.0,2.0,13.0,0.5714285714285714,-0.24303804868629447,0.15384615384615385,0.8461538461538461,0.05384615384615385,0.03076923076923077,0.08461538461538462,0.03076923076923077,4.517635284845893,4.229771506895171
7.0,4.0,3.0,14.0,0.5714285714285714,-0.24303804868629447,0.21428571428571427,0.7857142857142857,0.05,0.028571428571428574,0.07857142857142857,0.028571428571428574,4.517686981342774,4.2298123943294765
7.0,4.0,4.0,15.0,0.5714285714285714,-0.24303804868629447,0.26666666666666666,0.7333333333333333,0.04666666666666667,0.02666666666666667,0.07333333333333333,0.02666666666666667,4.5177386637432715,4.22985327061477
7.0,4.0,5.0,16.0,0.5714285714285714,-0.24303804868629447,0.3125,0.6875,0.043750000000000004,0.025,0.06875,0.025,4.5177903320489765,4.229894135752307
7.0,4.0,6.0,17.0,0.5714285714285714,-0.24303804868629447,0.35294117647058826,0.6470588235294118,0.0411764705882353,0.023529411764705882,0.06470588235294118,0.023529411764705882,4.517841986266976,4.2299349897476946
7.0,4.0,7.0,18.0,0.5714285714285714,-0.24303804868629447,0.3888888888888889,0.6111111111111112,0.03888888888888889,0.022222222222222223,0.061111111111111116,0.022222222222222223,4.517893626408739,4.229975832610003
7.0,4.0,8.0,19.0,0.5714285714285714,-0.24303804868629447,0.42105263157894735,0.5789473684210527,0.0368421052631579,0.021052631578947368,0.05789473684210526,0.021052631578947368,4.517945252488974,4.230016664350865
7.0,4.0,9.0,20.0,0.5714285714285714,-0.24303804868629447,0.45,0.55,0.035,0.02,0.05500000000000001,0.02,4.517996864524604,4.230057484983665
7.0,4.0,10.0,21.0,0.5714285714285714,-0.24303804868629447,0.47619047619047616,0.5238095238095238,0.03333333333333334,0.01904761904761905,0.05238095238095239,0.01904761904761905,4.518048476850299,4.230098305845882
7.0,5.0,1.0,13.0,0.7142857142857143,-0.146128035678238,0.07692307692307693,0.9230769230769231,0.05384615384615385,0.038461538461538464,0.09230769230769231,0.038461538461538464,4.614342347733715,4.306258385491893
7.0,5.0,2.0,14.0,0.7142857142857143,-0.146128035678238,0.14285714285714285,0.8571428571428571,0.05,0.03571428571428571,0.08571428571428572,0.03571428571428571,4.614378485419031,4.3062869672590045
7.0,5.0,3.0,15.0,0.7142857142857143,-0.146128035678238,0.2,0.8,0.04666666666666667,0.03333333333333333,0.08,0.03333333333333333,4.61441461659572,4.306315543878359
7.0,5.0,4.0,16.0,0.7142857142857143,-0.146128035678238,0.25,0.75,0.043750000000000004,0.03125,0.07500000000000001,0.03125,4.614450741266564,4.306344115352155
7.0,5.0,5.0,17.0,0.7142857142857143,-0.146128035678238,0.29411764705882354,0.7058823529411765,0.0411764705882353,0.029411764705882353,0.07058823529411765,0.029411764705882353,4.614486859434344,4.306372681682592
7.0,5.0,6.0,18.0,0.7142857142857143,-0.146128035678238,0.3333333333333333,0.6666666666666666,0.03888888888888889,0.027777777777777776,0.06666666666666667,0.027777777777777776,4.614522971101832,4.306401242871864
7.0,5.0,7.0,19.0,0.7142857142857143,-0.146128035678238,0.3684210526315789,0.631578947368421,0.0368421052631579,0.02631578947368421,0.06315789473684211,0.02631578947368421,4.614559076271797,4.30642979892216
7.0,5.0,8.0,20.0,0.7142857142857143,-0.146128035678238,0.4,0.6,0.035,0.025,0.060000000000000005,0.025,4.614595174947004,4.306458349835668
7.0,5.0,9.0,21.0,0.7142857142857143,-0.146128035678238,0.42857142857142855,0.5714285714285714,0.03333333333333334,0.023809523809523808,0.05714285714285715,0.023809523809523808,4.6146312671302105,4.306486895614567
7.0,5.0,10.0,22.0,0.7142857142857143,-0.146128035678238,0.45454545454545453,0.5454545454545454,0.03181818181818182,0.022727272727272728,0.05454545454545455,0.022727272727272728,4.6146673528241715,4.306515436261038
7.0,6.0,1.0,14.0,0.8571428571428571,-0.06694678963061322,0.07142857142857142,0.9285714285714286,0.05,0.042857142857142864,0.09285714285714286,0.042857142857142864,4.693434397191823,4.368813319994304
7.0,6.0,2.0,15.0,0.8571428571428571,-0.06694678963061322,0.13333333333333333,0.8666666666666667,0.04666666666666667,0.04000000000000001,0.08666666666666667,0.04000000000000001,4.6934616011412285,4.3688348359530496
7.0,6.0,3.0,16.0,0.8571428571428571,-0.06694678963061322,0.1875,0.8125,0.043750000000000004,0.037500000000000006,0.08125000000000002,0.037500000000000006,4.6934888008067945,4.368856348523651
7.0,6.0,4.0,17.0,0.8571428571428571,-0.06694678963061322,0.23529411764705882,0.7647058823529411,0.0411764705882353,0.03529411764705883,0.07647058823529412,0.03529411764705883,4.693515996447211,4.368877857910709
7.0,6.0,5.0,18.0,0.8571428571428571,-0.06694678963061322,0.2777777777777778,0.7222222222222222,0.03888888888888889,0.03333333333333334,0.07222222222222223,0.03333333333333334,4.693543188227527,4.368899364244763
7.0,6.0,6.0,19.0,0.8571428571428571,-0.06694678963061322,0.3157894736842105,0.6842105263157895,0.0368421052631579,0.03157894736842106,0.06842105263157897,0.03157894736842106,4.693570376254679,4.368920867610392
7.0,6.0,7.0,20.0,0.8571428571428571,-0.06694678963061322,0.35,0.65,0.035,0.030000000000000006,0.065,0.030000000000000006,4.693597560599102,4.3689423680633
7.0,6.0,8.0,21.0,0.8571428571428571,-0.06694678963061322,0.38095238095238093,0.6190476190476191,0.03333333333333334,0.028571428571428574,0.061904761904761914,0.028571428571428574,4.693624741307985,4.368963865640813
7.0,6.0,9.0,22.0,0.8571428571428571,-0.06694678963061322,0.4090909090909091,0.5909090909090909,0.03181818181818182,0.02727272727272728,0.0590909090909091,0.02727272727272728,4.6936519184135035,4.368985360368379
7.0,6.0,10.0,23.0,0.8571428571428571,-0.06694678963061322,0.43478260869565216,0.5652173913043478,0.030434782608695653,0.026086956521739136,0.05652173913043479,0.026086956521739136,4.693679091937997,4.369006852263665
7.0,7.0,1.0,15.0,1.0,0.0,0.06666666666666667,0.9333333333333333,0.04666666666666667,0.04666666666666667,0.09333333333333334,0.04666666666666667,4.760323199060653,4.421716546658896
7.0,7.0,2.0,16.0,1.0,0.0,0.125,0.875,0.043750000000000004,0.043750000000000004,0.08750000000000001,0.043750000000000004,4.760344728324853,4.421733574435027
7.0,7.0,3.0,17.0,1.0,0.0,0.17647058823529413,0.8235294117647058,0.0411764705882353,0.0411764705882353,0.0823529411764706,0.0411764705882353,4.760366255835425,4.421750600824192
7.0,7.0,4.0,18.0,1.0,0.0,0.2222222222222222,0.7777777777777778,0.03888888888888889,0.03888888888888889,0.07777777777777778,0.03888888888888889,4.76038778107756,4.421767625419218
7.0,7.0,5.0,19.0,1.0,0.0,0.2631578947368421,0.7368421052631579,0.0368421052631579,0.0368421052631579,0.0736842105263158,0.0368421052631579,4.760409304187819,4.421784648328117
7.0,7.0,6.0,20.0,1.0,0.0,0.3,0.7,0.035,0.035,0.07,0.035,4.76043082516743,4.421801669551859
7.0,7.0,7.0,21.0,1.0,0.0,0.3333333333333333,0.6666666666666666,0.03333333333333334,0.03333333333333334,0.06666666666666668,0.03333333333333334,4.760452344018065,4.421818689091765
7.0,7.0,8.0,22.0,1.0,0.0,0.36363636363636365,0.6363636363636364,0.03181818181818182,0.03181818181818182,0.06363636363636364,0.03181818181818182,4.760473860741746,4.421835706949436
7.0,7.0,9.0,23.0,1.0,0.0,0.391304347826087,0.6086956521739131,0.030434782608695653,0.030434782608695653,0.06086956521739131,0.030434782608695653,4.760495375340704,4.421852723126635
7.0,7.0,10.0,24.0,1.0,0.0,0.4166666666666667,0.5833333333333334,0.02916666666666667,0.02916666666666667,0.05833333333333334,0.02916666666666667,4.760516887817234,4.421869737625179
7.0,8.0,1.0,16.0,1.1428571428571428,0.05799194697768673,0.0625,0.9375,0.043750000000000004,0.05,0.09375,0.05,4.818274771713573,4.467551202056658
7.0,8.0,2.0,17.0,1.1428571428571428,0.05799194697768673,0.11764705882352941,0.8823529411764706,0.0411764705882353,0.047058823529411764,0.08823529411764706,0.047058823529411764,4.818292436407126,4.467565173293411
7.0,8.0,3.0,18.0,1.1428571428571428,0.05799194697768673,0.16666666666666666,0.8333333333333334,0.03888888888888889,0.044444444444444446,0.08333333333333334,0.044444444444444446,4.818310099725304,4.467579143442361
7.0,8.0,4.0,19.0,1.1428571428571428,0.05799194697768673,0.21052631578947367,0.7894736842105263,0.0368421052631579,0.042105263157894736,0.07894736842105263,0.042105263157894736,4.8183277616679066,4.4675931125033514
7.0,8.0,5.0,20.0,1.1428571428571428,0.05799194697768673,0.25,0.75,0.035,0.04,0.07500000000000001,0.04,4.81834542223465,4.467607080476156
7.0,8.0,6.0,21.0,1.1428571428571428,0.05799194697768673,0.2857142857142857,0.7142857142857143,0.03333333333333334,0.0380952380952381,0.07142857142857144,0.0380952380952381,4.8183630814252,4.467621047360511
7.0,8.0,7.0,22.0,1.1428571428571428,0.05799194697768673,0.3181818181818182,0.6818181818181818,0.03181818181818182,0.03636363636363637,0.06818181818181819,0.03636363636363637,4.818380739239208,4.4676350131561415
7.0,8.0,8.0,23.0,1.1428571428571428,0.05799194697768673,0.34782608695652173,0.6521739130434783,0.030434782608695653,0.034782608695652174,0.06521739130434782,0.034782608695652174,4.818398395676327,4.4676489778627735
7.0,8.0,9.0,24.0,1.1428571428571428,0.05799194697768673,0.375,0.625,0.02916666666666667,0.03333333333333333,0.0625,0.03333333333333333,4.818416050736225,4.467662941480142
7.0,8.0,10.0,25.0,1.1428571428571428,0.05799194697768673,0.4,0.6,0.028000000000000004,0.032,0.060000000000000005,0.032,4.818433704418588,4.467676904008
7.0,9.0,1.0,17.0,1.2857142857142858,0.10914446942506807,0.058823529411764705,0.9411764705882353,0.0411764705882353,0.052941176470588235,0.09411764705882353,0.052941176470588235,4.869397764294743,4.507985044325169
7.0,9.0,2.0,18.0,1.2857142857142858,0.10914446942506807,0.1111111111111111,0.8888888888888888,0.03888888888888889,0.05,0.08888888888888889,0.05,4.869412654917894,4.507996821513423
7.0,9.0,3.0,19.0,1.2857142857142858,0.10914446942506807,0.15789473684210525,0.8421052631578947,0.0368421052631579,0.04736842105263158,0.08421052631578949,0.04736842105263158,4.869427544565044,4.508008597929746
7.0,9.0,4.0,20.0,1.2857142857142858,0.10914446942506807,0.2,0.8,0.035,0.045,0.08,0.045,4.869442433238946,4.508020373576314
7.0,9.0,5.0,21.0,1.2857142857142858,0.10914446942506807,0.23809523809523808,0.7619047619047619,0.03333333333333334,0.04285714285714286,0.0761904761904762,0.04285714285714286,4.8694573209419065,4.508032148454952
7.0,9.0,6.0,22.0,1.2857142857142858,0.10914446942506807,0.2727272727272727,0.7272727272727273,0.03181818181818182,0.04090909090909091,0.07272727272727272,0.04090909090909091,4.869472207675874,4.5080439225672
7.0,9.0,7.0,23.0,1.2857142857142858,0.10914446942506807,0.30434782608695654,0.6956521739130435,0.030434782608695653,0.0391304347826087,0.06956521739130435,0.0391304347826087,4.869487093442513,4.5080556959143765
7.0,9.0,8.0,24.0,1.2857142857142858,0.10914446942506807,0.3333333333333333,0.6666666666666666,0.02916666666666667,0.0375,0.06666666666666667,0.0375,4.869501978243251,4.508067468497609
7.0,9.0,9.0,25.0,1.2857142857142858,0.10914446942506807,0.36,0.64,0.028000000000000004,0.036000000000000004,0.064,0.036000000000000004,4.869516862079332,4.5080792403178815
7.0,9.0,10.0,26.0,1.2857142857142858,0.10914446942506807,0.38461538461538464,0.6153846153846154,0.026923076923076925,0.03461538461538462,0.06153846153846154,0.03461538461538462,4.869531744951838,4.50809101137605
7.0,10.0,1.0,18.0,1.4285714285714286,0.1549019599857432,0.05555555555555555,0.9444444444444444,0.03888888888888889,0.05555555555555555,0.09444444444444444,0.05555555555555555,4.9151327722738,4.544157459229052
7.0,10.0,2.0,19.0,1.4285714285714286,0.1549019599857432,0.10526315789473684,0.8947368421052632,0.0368421052631579,0.05263157894736842,0.08947368421052632,0.05263157894736842,4.915145588929777,4.544167596089593
7.0,10.0,3.0,20.0,1.4285714285714286,0.1549019599857432,0.15,0.85,0.035,0.05,0.085,0.05,4.915158404885552,4.544177732396333
7.0,10.0,4.0,21.0,1.4285714285714286,0.1549019599857432,0.19047619047619047,0.8095238095238095,0.03333333333333334,0.047619047619047616,0.08095238095238096,0.047619047619047616,4.915171220142844,4.544187868150636
7.0,10.0,5.0,22.0,1.4285714285714286,0.1549019599857432,0.22727272727272727,0.7727272727272727,0.03181818181818182,0.045454545454545456,0.07727272727272727,0.045454545454545456,4.915184034703059,4.54419800335361
7.0,10.0,6.0,23.0,1.4285714285714286,0.1549019599857432,0.2608695652173913,0.7391304347826086,0.030434782608695653,0.043478260869565216,0.07391304347826087,0.043478260869565216,4.915196848567363,4.544208138006179
7.0,10.0,7.0,24.0,1.4285714285714286,0.1549019599857432,0.2916666666666667,0.7083333333333334,0.02916666666666667,0.041666666666666664,0.07083333333333333,0.041666666666666664,4.915209661736732,4.5442182721091156
7.0,10.0,8.0,25.0,1.4285714285714286,0.1549019599857432,0.32,0.68,0.028000000000000004,0.04,0.068,0.04,4.915222474211993,4.544228405663072
7.0,10.0,9.0,26.0,1.4285714285714286,0.1549019599857432,0.34615384615384615,0.6538461538461539,0.026923076923076925,0.038461538461538464,0.06538461538461539,0.038461538461538464,4.915235285993856,4.544238538668612
7.0,10.0,10.0,27.0,1.4285714285714286,0.1549019599857432,0.37037037037037035,0.6296296296296297,0.02592592592592593,0.037037037037037035,0.06296296296296297,0.037037037037037035,4.915248097082931,4.544248671126216
8.0,1.0,1.0,10.0,0.125,-0.9030899869919435,0.1,0.9,0.08,0.01,0.09,0.01,3.8635595584899933,3.712454475636778
8.0,1.0,2.0,11.0,0.125,-0.9030899869919435,0.18181818181818182,0.8181818181818182,0.07272727272727274,0.009090909090909092,0.08181818181818183,0.009090909090909092,3.8642093313451658,3.7129683894710412
8.0,1.0,3.0,12.0,0.125,-0.9030899869919435,0.25,0.75,0.06666666666666667,0.008333333333333333,0.075,0.008333333333333333,3.8648564469228295,3.7134802016298307
8.0,1.0,4.0,13.0,0.125,-0.9030899869919435,0.3076923076923077,0.6923076923076923,0.06153846153846154,0.007692307692307693,0.06923076923076923,0.007692307692307693,3.865500928879278,3.713989930823218
8.0,1.0,5.0,14.0,0.125,-0.9030899869919435,0.35714285714285715,0.6428571428571429,0.05714285714285715,0.0071428571428571435,0.0642857142857143,0.0071428571428571435,3.8661428012116605,3.7144975960308617
8.0,1.0,6.0,15.0,0.125,-0.9030899869919435,0.4,0.6,0.05333333333333334,0.006666666666666667,0.060000000000000005,0.006666666666666667,3.866782087574181,3.71500321596118
8.0,1.0,7.0,16.0,0.125,-0.9030899869919435,0.4375,0.5625,0.05,0.00625,0.05625,0.00625,3.8674188112847827,3.7155068090566394
8.0,1.0,8.0,17.0,0.125,-0.9030899869919435,0.47058823529411764,0.5294117647058824,0.047058823529411764,0.0058823529411764705,0.052941176470588235,0.0058823529411764705,3.8680529953316745,3.716008393498914
8.0,1.0,9.0,18.0,0.125,-0.9030899869919435,0.5,0.5,0.044444444444444446,0.005555555555555556,0.05,0.005555555555555556,3.8686846623796924,3.716507987213918
8.0,1.0,10.0,19.0,0.125,-0.9030899869919435,0.5263157894736842,0.47368421052631576,0.042105263157894736,0.005263157894736842,0.04736842105263158,0.005263157894736842,3.8693138347765084,3.717005607876718
8.0,2.0,1.0,11.0,0.25,-0.6020599913279624,0.09090909090909091,0.9090909090909091,0.07272727272727274,0.018181818181818184,0.09090909090909093,0.018181818181818184,4.160002703442816,3.9469152291924776
8.0,2.0,2.0,12.0,0.25,-0.6020599913279624,0.16666666666666666,0.8333333333333334,0.06666666666666667,0.016666666666666666,0.08333333333333333,0.016666666666666666,4.160188967236676,3.947062547658808
8.0,2.0,3.0,13.0,0.25,-0.6020599913279624,0.23076923076923078,0.7692307692307693,0.06153846153846154,0.015384615384615385,0.07692307692307693,0.015384615384615385,4.160375024340467,3.9472097026512634
8.0,2.0,4.0,14.0,0.25,-0.6020599913279624,0.2857142857142857,0.7142857142857143,0.05714285714285715,0.014285714285714287,0.07142857142857144,0.014285714285714287,4.160560875276918,3.947356694583279
8.0,2.0,5.0,15.0,0.25,-0.6020599913279624,0.3333333333333333,0.6666666666666666,0.05333333333333334,0.013333333333333334,0.06666666666666667,0.013333333333333334,4.160746520566807,3.947503523866744
8.0,2.0,6.0,16.0,0.25,-0.6020599913279624,0.375,0.625,0.05,0.0125,0.0625,0.0125,4.160931960728916,3.947650190911969
8.0,2.0,7.0,17.0,0.25,-0.6020599913279624,0.4117647058823529,0.5882352941176471,0.047058823529411764,0.011764705882352941,0.058823529411764705,0.011764705882352941,4.161117196280011,3.9477966961276723
8.0,2.0,8.0,18.0,0.25,-0.6020599913279624,0.4444444444444444,0.5555555555555556,0.044444444444444446,0.011111111111111112,0.05555555555555556,0.011111111111111112,4.1613022277348195,3.947943039920958
8.0,2.0,9.0,19.0,0.25,-0.6020599913279624,0.47368421052631576,0.5263157894736842,0.042105263157894736,0.010526315789473684,0.05263157894736842,0.010526315789473684,4.16148705560603,3.9480892226973183
8.0,2.0,10.0,20.0,0.25,-0.6020599913279624,0.5,0.5,0.04,0.01,0.05,0.01,4.161671680404288,3.9482352448606286
8.0,3.0,1.0,12.0,0.375,-0.42596873227228116,0.08333333333333333,0.9166666666666666,0.06666666666666667,0.025000000000000005,0.09166666666666667,0.025000000000000005,4.335134735353629,4.08542943966641
8.0,3.0,2.0,13.0,0.375,-0.42596873227228116,0.15384615384615385,0.8461538461538461,0.06153846153846154,0.02307692307692308,0.08461538461538462,0.02307692307692308,4.335226381516502,4.085501923813113
8.0,3.0,3.0,14.0,0.375,-0.42596873227228116,0.21428571428571427,0.7857142857142857,0.05714285714285715,0.021428571428571432,0.07857142857142858,0.021428571428571432,4.335317980330844,4.085574370511244
8.0,3.0,4.0,15.0,0.375,-0.42596873227228116,0.26666666666666666,0.7333333333333333,0.05333333333333334,0.020000000000000004,0.07333333333333333,0.020000000000000004,4.335409531853444,4.085646779805719
8.0,3.0,5.0,16.0,0.375,-0.42596873227228116,0.3125,0.6875,0.05,0.018750000000000003,0.06875,0.018750000000000003,4.335501036140843,4.085719151741257
8.0,3.0,6.0,17.0,0.375,-0.42596873227228116,0.35294117647058826,0.6470588235294118,0.047058823529411764,0.017647058823529415,0.06470588235294118,0.017647058823529415,4.335592493249386,4.085791486362422
8.0,3.0,7.0,18.0,0.375,-0.42596873227228116,0.3888888888888889,0.6111111111111112,0.044444444444444446,0.01666666666666667,0.061111111111111116,0.01666666666666667,4.335683903235256,4.0858637837136484
8.0,3.0,8.0,19.0,0.375,-0.42596873227228116,0.42105263157894735,0.5789473684210527,0.042105263157894736,0.01578947368421053,0.05789473684210526,0.01578947368421053,4.335775266154496,4.085936043839263
8.0,3.0,9.0,20.0,0.375,-0.42596873227228116,0.45,0.55,0.04,0.015000000000000003,0.05500000000000001,0.015000000000000003,4.3358665820630184,4.086008266783489
8.0,3.0,10.0,21.0,0.375,-0.42596873227228116,0.47619047619047616,0.5238095238095238,0.0380952380952381,0.014285714285714287,0.05238095238095239,0.014285714285714287,4.335957851016616,4.08608045259045
8.0,4.0,1.0,13.0,0.5,-0.3010299956639812,0.07692307692307693,0.9230769230769231,0.06153846153846154,0.03076923076923077,0.09230769230769231,0.03076923076923077,4.4597043980121045,4.183953212181823
8.0,4.0,2.0,14.0,0.5,-0.3010299956639812,0.14285714285714285,0.8571428571428571,0.05714285714285715,0.028571428571428574,0.08571428571428572,0.028571428571428574,4.4597607708246665,4.183997798175254
8.0,4.0,3.0,15.0,0.5,-0.3010299956639812,0.2,0.8,0.05333333333333334,0.02666666666666667,0.08,0.02666666666666667,4.459817127121293,4.184042371106015
8.0,4.0,4.0,16.0,0.5,-0.3010299956639812,0.25,0.75,0.05,0.025,0.07500000000000001,0.025,4.45987346701578,4.18408693106411
8.0,4.0,5.0,17.0,0.5,-0.3010299956639812,0.29411764705882354,0.7058823529411765,0.047058823529411764,0.023529411764705882,0.07058823529411765,0.023529411764705882,4.45992977806107,4.184131468204998
8.0,4.0,6.0,18.0,0.5,-0.3010299956639812,0.3333333333333333,0.6666666666666666,0.044444444444444446,0.022222222222222223,0.06666666666666667,0.022222222222222223,4.459986085343366,4.184176002369686
8.0,4.0,7.0,19.0,0.5,-0.3010299956639812,0.3684210526315789,0.631578947368421,0.042105263157894736,0.021052631578947368,0.06315789473684211,0.021052631578947368,4.460042374314984,4.184220522052219
8.0,4.0,8.0,20.0,0.5,-0.3010299956639812,0.4,0.6,0.04,0.02,0.06,0.02,4.460098644269269,4.184265026693695
8.0,4.0,9.0,21.0,0.5,-0.3010299956639812,0.42857142857142855,0.5714285714285714,0.0380952380952381,0.01904761904761905,0.05714285714285715,0.01904761904761905,4.460154897250057,4.184309517910611
8.0,4.0,10.0,22.0,0.5,-0.3010299956639812,0.45454545454545453,0.5454545454545454,0.03636363636363637,0.018181818181818184,0.05454545454545455,0.018181818181818184,4.460211133269218,4.184353995712355
8.0,5.0,1.0,14.0,0.625,-0.2041199826559248,0.07142857142857142,0.9285714285714286,0.05714285714285715,0.03571428571428571,0.09285714285714286,0.03571428571428571,4.556428670841945,4.260453702346372
8.0,5.0,2.0,15.0,0.625,-0.2041199826559248,0.13333333333333333,0.8666666666666667,0.05333333333333334,0.03333333333333333,0.08666666666666667,0.03333333333333333,4.556467801312955,4.260484651146762
8.0,5.0,3.0,16.0,0.625,-0.2041199826559248,0.1875,0.8125,0.05,0.03125,0.08125,0.03125,4.556506923928449,4.260515593734121
8.0,5.0,4.0,17.0,0.625,-0.2041199826559248,0.23529411764705882,0.7647058823529411,0.047058823529411764,0.029411764705882353,0.07647058823529412,0.029411764705882353,4.556546038692119,4.2605465301113705
8.0,5.0,5.0,18.0,0.625,-0.2041199826559248,0.2777777777777778,0.7222222222222222,0.044444444444444446,0.027777777777777776,0.07222222222222222,0.027777777777777776,4.556585145607656,4.260577460281429
8.0,5.0,6.0,19.0,0.625,-0.2041199826559248,0.3157894736842105,0.6842105263157895,0.042105263157894736,0.02631578947368421,0.06842105263157894,0.02631578947368421,4.556624244678742,4.260608384247209
8.0,5.0,7.0,20.0,0.625,-0.2041199826559248,0.35,0.65,0.04,0.025,0.065,0.025,4.5566633359090645,4.260639302011626
8.0,5.0,8.0,21.0,0.625,-0.2041199826559248,0.38095238095238093,0.6190476190476191,0.0380952380952381,0.023809523809523808,0.06190476190476191,0.023809523809523808,4.5567024193023045,4.260670213577592
8.0,5.0,9.0,22.0,0.625,-0.2041199826559248,0.4090909090909091,0.5909090909090909,0.03636363636363637,0.022727272727272728,0.0590909090909091,0.022727272727272728,4.556741494862141,4.260701118948019
8.0,5.0,10.0,23.0,0.625,-0.2041199826559248,0.43478260869565216,0.5652173913043478,0.034782608695652174,0.021739130434782608,0.05652173913043478,0.021739130434782608,4.556780562592252,4.260732018125811
8.0,6.0,1.0,15.0,0.75,-0.12493873660829995,0.06666666666666667,0.9333333333333333,0.05333333333333334,0.04000000000000001,0.09333333333333335,0.04000000000000001,4.635501029598712,4.32299306321602
8.0,6.0,2.0,16.0,0.75,-0.12493873660829995,0.125,0.875,0.05,0.037500000000000006,0.08750000000000001,0.037500000000000006,4.6355303134631605,4.323016224206729
8.0,6.0,3.0,17.0,0.75,-0.12493873660829995,0.17647058823529413,0.8235294117647058,0.047058823529411764,0.03529411764705883,0.0823529411764706,0.03529411764705883,4.635559593100206,4.3230393818539286
8.0,6.0,4.0,18.0,0.75,-0.12493873660829995,0.2222222222222222,0.7777777777777778,0.044444444444444446,0.03333333333333334,0.07777777777777778,0.03333333333333334,4.635588868511314,4.323062536158778
8.0,6.0,5.0,19.0,0.75,-0.12493873660829995,0.2631578947368421,0.7368421052631579,0.042105263157894736,0.03157894736842106,0.0736842105263158,0.03157894736842106,4.63561813969794,4.323085687122431
8.0,6.0,6.0,20.0,0.75,-0.12493873660829995,0.3,0.7,0.04,0.030000000000000006,0.07,0.030000000000000006,4.635647406661538,4.323108834746035
8.0,6.0,7.0,21.0,0.75,-0.12493873660829995,0.3333333333333333,0.6666666666666666,0.0380952380952381,0.028571428571428574,0.06666666666666668,0.028571428571428574,4.635676669403553,4.323131979030735
8.0,6.0,8.0,22.0,0.75,-0.12493873660829995,0.36363636363636365,0.6363636363636364,0.03636363636363637,0.02727272727272728,0.06363636363636364,0.02727272727272728,4.6357059279254305,4.323155119977672
8.0,6.0,9.0,23.0,0.75,-0.12493873660829995,0.391304347826087,0.6086956521739131,0.034782608695652174,0.026086956521739136,0.060869565217391314,0.026086956521739136,4.6357351822286095,4.323178257587986
8.0,6.0,10.0,24.0,0.75,-0.12493873660829995,0.4166666666666667,0.5833333333333334,0.03333333333333333,0.025000000000000005,0.058333333333333334,0.025000000000000005,4.635764432314528,4.323201391862813
8.0,7.0,1.0,16.0,0.875,-0.057991946977686754,0.0625,0.9375,0.05,0.043750000000000004,0.09375,0.043750000000000004,4.702377372309532,4.375886435769883
8.0,7.0,2.0,17.0,0.875,-0.057991946977686754,0.11764705882352941,0.8823529411764706,0.047058823529411764,0.0411764705882353,0.08823529411764706,0.0411764705882353,4.70240043478219,4.3759046761806
8.0,7.0,3.0,18.0,0.875,-0.057991946977686754,0.16666666666666666,0.8333333333333334,0.044444444444444446,0.03888888888888889,0.08333333333333334,0.03888888888888889,4.702423494302773,4.375922914256483
8.0,7.0,4.0,19.0,0.875,-0.057991946977686754,0.21052631578947367,0.7894736842105263,0.042105263157894736,0.0368421052631579,0.07894736842105263,0.0368421052631579,4.702446551017457,4.375941150113142
8.0,7.0,5.0,20.0,0.875,-0.057991946977686754,0.25,0.75,0.04,0.035,0.07500000000000001,0.035,4.7024696050202985,4.375959383824972
8.0,7.0,6.0,21.0,0.875,-0.057991946977686754,0.2857142857142857,0.7142857142857143,0.0380952380952381,0.03333333333333334,0.07142857142857144,0.03333333333333334,4.702492656372564,4.3759776154404255
8.0,7.0,7.0,22.0,0.875,-0.057991946977686754,0.3181818181818182,0.6818181818181818,0.03636363636363637,0.03181818181818182,0.06818181818181819,0.03181818181818182,4.70251570511468,4.375995844991478
8.0,7.0,8.0,23.0,0.875,-0.057991946977686754,0.34782608695652173,0.6521739130434783,0.034782608695652174,0.030434782608695653,0.06521739130434782,0.030434782608695653,4.702538751273696,4.3760140724995225
8.0,7.0,9.0,24.0,0.875,-0.057991946977686754,0.375,0.625,0.03333333333333333,0.02916666666666667,0.0625,0.02916666666666667,4.70256179486797,4.376032297979079
8.0,7.0,10.0,25.0,0.875,-0.057991946977686754,0.4,0.6,0.032,0.028000000000000004,0.060000000000000005,0.028000000000000004,4.702584835910154,4.376050521440155
8.0,8.0,1.0,17.0,1.0,0.0,0.058823529411764705,0.9411764705882353,0.047058823529411764,0.047058823529411764,0.09411764705882353,0.047058823529411764,4.76032050780794,4.42171441811199
8.0,8.0,2.0,18.0,1.0,0.0,0.1111111111111111,0.8888888888888888,0.044444444444444446,0.044444444444444446,0.08888888888888889,0.044444444444444446,4.760339346283612,4.421729317708344
8.0,8.0,3.0,19.0,1.0,0.0,0.15789473684210525,0.8421052631578947,0.042105263157894736,0.042105263157894736,0.08421052631578947,0.042105263157894736,4.760358194439812,4.421744224961155
8.0,8.0,4.0,20.0,1.0,0.0,0.2,0.8,0.04,0.04,0.08,0.04,4.760377018723036,4.421759113332517
8.0,8.0,5.0,21.0,1.0,0.0,0.23809523809523808,0.7619047619047619,0.0380952380952381,0.0380952380952381,0.0761904761904762,0.0380952380952381,4.76039585249368,4.421774009207604
8.0,8.0,6.0,22.0,1.0,0.0,0.2727272727272727,0.7272727272727273,0.03636363636363637,0.03636363636363637,0.07272727272727274,0.03636363636363637,4.760414684632411,4.421788903791989
8.0,8.0,7.0,23.0,1.0,0.0,0.30434782608695654,0.6956521739130435,0.034782608695652174,0.034782608695652174,0.06956521739130435,0.034782608695652174,4.760433515140149,4.421803797086401
8.0,8.0,8.0,24.0,1.0,0.0,0.3333333333333333,0.6666666666666666,0.03333333333333333,0.03333333333333333,0.06666666666666667,0.03333333333333333,4.760452344018065,4.421818689091765
8.0,8.0,9.0,25.0,1.0,0.0,0.36,0.64,0.032,0.032,0.064,0.032,4.760471171267528,4.421833579809165
8.0,8.0,10.0,26.0,1.0,0.0,0.38461538461538464,0.6153846153846154,0.03076923076923077,0.03076923076923077,0.06153846153846154,0.03076923076923077,4.760489996890032,4.42184846923978
8.0,9.0,1.0,18.0,1.125,0.05115252244738129,0.05555555555555555,0.9444444444444444,0.044444444444444446,0.05,0.09444444444444444,0.05,4.811437442344478,4.46214346899391
8.0,9.0,2.0,19.0,1.125,0.05115252244738129,0.10526315789473684,0.8947368421052632,0.042105263157894736,0.04736842105263158,0.08947368421052632,0.04736842105263158,4.81145326057583,4.462155979839601
8.0,9.0,3.0,20.0,1.125,0.05115252244738129,0.15,0.85,0.04,0.045,0.08499999999999999,0.045,4.811469077694833,4.462168489805521
8.0,9.0,4.0,21.0,1.125,0.05115252244738129,0.19047619047619047,0.8095238095238095,0.0380952380952381,0.04285714285714286,0.08095238095238096,0.04285714285714286,4.811484893701526,4.4621809988917
8.0,9.0,5.0,22.0,1.125,0.05115252244738129,0.22727272727272727,0.7727272727272727,0.03636363636363637,0.04090909090909091,0.07727272727272727,0.04090909090909091,4.811500708595914,4.462193507098143
8.0,9.0,6.0,23.0,1.125,0.05115252244738129,0.2608695652173913,0.7391304347826086,0.034782608695652174,0.0391304347826087,0.07391304347826087,0.0391304347826087,4.811516522377975,4.462206014424832
8.0,9.0,7.0,24.0,1.125,0.05115252244738129,0.2916666666666667,0.7083333333333334,0.03333333333333333,0.0375,0.07083333333333333,0.0375,4.81153233504768,4.462218520871744
8.0,9.0,8.0,25.0,1.125,0.05115252244738129,0.32,0.68,0.032,0.036000000000000004,0.068,0.036000000000000004,4.811548146604993,4.46223102643885
8.0,9.0,9.0,26.0,1.125,0.05115252244738129,0.34615384615384615,0.6538461538461539,0.03076923076923077,0.03461538461538462,0.06538461538461539,0.03461538461538462,4.811563957049879,4.4622435311261235
8.0,9.0,10.0,27.0,1.125,0.05115252244738129,0.37037037037037035,0.6296296296296297,0.02962962962962963,0.03333333333333333,0.06296296296296297,0.03333333333333333,4.811579766382309,4.462256034933541
8.0,10.0,1.0,19.0,1.25,0.09691001300805642,0.05263157894736842,0.9473684210526315,0.042105263157894736,0.05263157894736842,0.09473684210526315,0.05263157894736842,4.8571679715600045,4.498312341585245
8.0,10.0,2.0,20.0,1.25,0.09691001300805642,0.1,0.9,0.04,0.05,0.09,0.05,4.857181540315635,4.498323073291219
8.0,10.0,3.0,21.0,1.25,0.09691001300805642,0.14285714285714285,0.8571428571428571,0.0380952380952381,0.047619047619047616,0.08571428571428572,0.047619047619047616,4.85719510825764,4.498333804353688
8.0,10.0,4.0,22.0,1.25,0.09691001300805642,0.18181818181818182,0.8181818181818182,0.03636363636363637,0.045454545454545456,0.08181818181818182,0.045454545454545456,4.857208675387651,4.498344534773939
8.0,10.0,5.0,23.0,1.25,0.09691001300805642,0.21739130434782608,0.782608695652174,0.034782608695652174,0.043478260869565216,0.07826086956521738,0.043478260869565216,4.8572222417070785,4.49835526455309
8.0,10.0,6.0,24.0,1.25,0.09691001300805642,0.25,0.75,0.03333333333333333,0.041666666666666664,0.075,0.041666666666666664,4.8572358072171555,4.498365993692114
8.0,10.0,7.0,25.0,1.25,0.09691001300805642,0.28,0.72,0.032,0.04,0.07200000000000001,0.04,4.8572493719189636,4.498376722191868
8.0,10.0,8.0,26.0,1.25,0.09691001300805642,0.3076923076923077,0.6923076923076923,0.03076923076923077,0.038461538461538464,0.06923076923076923,0.038461538461538464,4.857262935813455,4.498387450053104
8.0,10.0,9.0,27.0,1.25,0.09691001300805642,0.3333333333333333,0.6666666666666666,0.02962962962962963,0.037037037037037035,0.06666666666666667,0.037037037037037035,4.857276498901475,4.498398177276493
8.0,10.0,10.0,28.0,1.25,0.09691001300805642,0.35714285714285715,0.6428571428571429,0.028571428571428574,0.03571428571428571,0.06428571428571428,0.03571428571428571,4.857290061183778,4.498408903862628
9.0,1.0,1.0,11.0,0.1111111111111111,-0.9542425094393249,0.09090909090909091,0.9090909090909091,0.08181818181818182,0.009090909090909092,0.09090909090909091,0.009090909090909092,3.8138457271583803,3.6731351573978426
9.0,1.0,2.0,12.0,0.1111111111111111,-0.9542425094393249,0.16666666666666666,0.8333333333333334,0.075,0.008333333333333333,0.08333333333333333,0.008333333333333333,3.8145607104720782,3.6737006470351083
9.0,1.0,3.0,13.0,0.1111111111111111,-0.9542425094393249,0.23076923076923078,0.7692307692307693,0.06923076923076923,0.007692307692307693,0.07692307692307693,0.007692307692307693,3.8152724573015298,3.67426357689473
9.0,1.0,4.0,14.0,0.1111111111111111,-0.9542425094393249,0.2857142857142857,0.7142857142857143,0.0642857142857143,0.0071428571428571435,0.07142857142857144,0.0071428571428571435,3.8159810026398038,3.6748239746531826
9.0,1.0,5.0,15.0,0.1111111111111111,-0.9542425094393249,0.3333333333333333,0.6666666666666666,0.060000000000000005,0.006666666666666667,0.06666666666666667,0.006666666666666667,3.8166863777162865,3.675381865010195
9.0,1.0,6.0,16.0,0.1111111111111111,-0.9542425094393249,0.375,0.625,0.05625,0.00625,0.0625,0.00625,3.8173886142003846,3.675937273013514
9.0,1.0,7.0,17.0,0.1111111111111111,-0.9542425094393249,0.4117647058823529,0.5882352941176471,0.052941176470588235,0.0058823529411764705,0.058823529411764705,0.0058823529411764705,3.8180877432646767,3.67649022331794
9.0,1.0,8.0,18.0,0.1111111111111111,-0.9542425094393249,0.4444444444444444,0.5555555555555556,0.05,0.005555555555555556,0.05555555555555556,0.005555555555555556,3.818783795595183,3.677040740193446
9.0,1.0,9.0,19.0,0.1111111111111111,-0.9542425094393249,0.47368421052631576,0.5263157894736842,0.04736842105263158,0.005263157894736842,0.052631578947368425,0.005263157894736842,3.8194768014015006,3.677588847533198
9.0,1.0,10.0,20.0,0.1111111111111111,-0.9542425094393249,0.5,0.5,0.045,0.005,0.049999999999999996,0.005,3.8201667904268146,3.678134568861468
9.0,2.0,1.0,12.0,0.2222222222222222,-0.6532125137753437,0.08333333333333333,0.9166666666666666,0.075,0.016666666666666666,0.09166666666666666,0.016666666666666666,4.109259435302789,3.906781715941958
9.0,2.0,2.0,13.0,0.2222222222222222,-0.6532125137753437,0.15384615384615385,0.8461538461538461,0.06923076923076923,0.015384615384615385,0.08461538461538462,0.015384615384615385,4.109463770995845,3.9069433277093
9.0,2.0,3.0,14.0,0.2222222222222222,-0.6532125137753437,0.21428571428571427,0.7857142857142857,0.0642857142857143,0.014285714285714287,0.07857142857142858,0.014285714285714287,4.109667855026626,3.9071047404336636
9.0,2.0,4.0,15.0,0.2222222222222222,-0.6532125137753437,0.26666666666666666,0.7333333333333333,0.060000000000000005,0.013333333333333334,0.07333333333333333,0.013333333333333334,4.109871687587115,3.9072659542668897
9.0,2.0,5.0,16.0,0.2222222222222222,-0.6532125137753437,0.3125,0.6875,0.05625,0.0125,0.06875,0.0125,4.1100752695447005,3.9074269698950075
9.0,2.0,6.0,17.0,0.2222222222222222,-0.6532125137753437,0.35294117647058826,0.6470588235294118,0.052941176470588235,0.011764705882352941,0.06470588235294117,0.011764705882352941,4.1102786015997745,3.9075877878719663
9.0,2.0,7.0,18.0,0.2222222222222222,-0.6532125137753437,0.3888888888888889,0.6111111111111112,0.05,0.011111111111111112,0.061111111111111116,0.011111111111111112,4.110481684449718,3.9077484087493346
9.0,2.0,8.0,19.0,0.2222222222222222,-0.6532125137753437,0.42105263157894735,0.5789473684210527,0.04736842105263158,0.010526315789473684,0.05789473684210526,0.010526315789473684,4.11068451878889,3.9079088330762883
9.0,2.0,9.0,20.0,0.2222222222222222,-0.6532125137753437,0.45,0.55,0.045,0.01,0.055,0.01,4.1108871053086204,3.908069061399611
9.0,2.0,10.0,21.0,0.2222222222222222,-0.6532125137753437,0.47619047619047616,0.5238095238095238,0.04285714285714286,0.009523809523809525,0.05238095238095238,0.009523809523809525,4.111089444697214,3.9082290942636906
9.0,3.0,1.0,13.0,0.3333333333333333,-0.47712125471966244,0.07692307692307693,0.9230769230769231,0.06923076923076923,0.02307692307692308,0.09230769230769231,0.02307692307692308,4.284182019798476,4.045130271720828
9.0,3.0,2.0,14.0,0.3333333333333333,-0.47712125471966244,0.14285714285714285,0.8571428571428571,0.0642857142857143,0.021428571428571432,0.08571428571428573,0.021428571428571432,4.284281868185825,4.045209243113953
9.0,3.0,3.0,15.0,0.3333333333333333,-0.47712125471966244,0.2,0.8,0.060000000000000005,0.020000000000000004,0.08000000000000002,0.020000000000000004,4.28438165967503,4.045288169505592
9.0,3.0,4.0,16.0,0.3333333333333333,-0.47712125471966244,0.25,0.75,0.05625,0.018750000000000003,0.07500000000000001,0.018750000000000003,4.284481394017674,4.045367050699271
9.0,3.0,5.0,17.0,0.3333333333333333,-0.47712125471966244,0.29411764705882354,0.7058823529411765,0.052941176470588235,0.017647058823529415,0.07058823529411765,0.017647058823529415,4.284581071289324,4.045445886754755
9.0,3.0,6.0,18.0,0.3333333333333333,-0.47712125471966244,0.3333333333333333,0.6666666666666666,0.05,0.01666666666666667,0.06666666666666668,0.01666666666666667,4.284680691565321,4.045524677731634
9.0,3.0,7.0,19.0,0.3333333333333333,-0.47712125471966244,0.3684210526315789,0.631578947368421,0.04736842105263158,0.01578947368421053,0.06315789473684211,0.01578947368421053,4.284780254920793,4.045603423689325
9.0,3.0,8.0,20.0,0.3333333333333333,-0.47712125471966244,0.4,0.6,0.045,0.015000000000000003,0.06,0.015000000000000003,4.2848797614306635,4.045682124687088
9.0,3.0,9.0,21.0,0.3333333333333333,-0.47712125471966244,0.42857142857142855,0.5714285714285714,0.04285714285714286,0.014285714285714287,0.05714285714285715,0.014285714285714287,4.284979211169661,4.045760780784028
9.0,3.0,10.0,22.0,0.3333333333333333,-0.47712125471966244,0.45454545454545453,0.5454545454545454,0.04090909090909091,0.01363636363636364,0.05454545454545455,0.01363636363636364,4.285078604212331,4.045839392039101
9.0,4.0,1.0,14.0,0.4444444444444444,-0.35218251811136253,0.07142857142857142,0.9285714285714286,0.0642857142857143,0.028571428571428574,0.09285714285714286,0.028571428571428574,4.408673950879,4.143592565316414
9.0,4.0,2.0,15.0,0.4444444444444444,-0.35218251811136253,0.13333333333333333,0.8666666666666667,0.060000000000000005,0.02666666666666667,0.08666666666666667,0.02666666666666667,4.408734973733238,4.143640829088515
9.0,4.0,3.0,16.0,0.4444444444444444,-0.35218251811136253,0.1875,0.8125,0.05625,0.025,0.08125,0.025,4.408795976092857,4.143689076651154
9.0,4.0,4.0,17.0,0.4444444444444444,-0.35218251811136253,0.23529411764705882,0.7647058823529411,0.052941176470588235,0.023529411764705882,0.07647058823529412,0.023529411764705882,4.408856958020137,4.143737308053589
9.0,4.0,5.0,18.0,0.4444444444444444,-0.35218251811136253,0.2777777777777778,0.7222222222222222,0.05,0.022222222222222223,0.07222222222222223,0.022222222222222223,4.408917919552613,4.143785523325508
9.0,4.0,6.0,19.0,0.4444444444444444,-0.35218251811136253,0.3157894736842105,0.6842105263157895,0.04736842105263158,0.021052631578947368,0.06842105263157895,0.021052631578947368,4.408978860716322,4.143833722487502
9.0,4.0,7.0,20.0,0.4444444444444444,-0.35218251811136253,0.35,0.65,0.045,0.02,0.065,0.02,4.409039781531871,4.1438819055558715
9.0,4.0,8.0,21.0,0.4444444444444444,-0.35218251811136253,0.38095238095238093,0.6190476190476191,0.04285714285714286,0.01904761904761905,0.06190476190476191,0.01904761904761905,4.409100678967092,4.143930070132433
9.0,4.0,9.0,22.0,0.4444444444444444,-0.35218251811136253,0.4090909090909091,0.5909090909090909,0.04090909090909091,0.018181818181818184,0.0590909090909091,0.018181818181818184,4.409161566286112,4.1439782267079615
9.0,4.0,10.0,23.0,0.4444444444444444,-0.35218251811136253,0.43478260869565216,0.5652173913043478,0.0391304347826087,0.017391304347826087,0.05652173913043479,0.017391304347826087,4.409222424,4.144026359868403
9.0,5.0,1.0,15.0,0.5555555555555556,-0.25527250510330607,0.06666666666666667,0.9333333333333333,0.060000000000000005,0.03333333333333333,0.09333333333333334,0.03333333333333333,4.5053603957565835,4.220063136859661
9.0,5.0,2.0,16.0,0.5555555555555556,-0.25527250510330607,0.125,0.875,0.05625,0.03125,0.0875,0.03125,4.505402514597269,4.220096449200642
9.0,5.0,3.0,17.0,0.5555555555555556,-0.25527250510330607,0.17647058823529413,0.8235294117647058,0.052941176470588235,0.029411764705882353,0.08235294117647059,0.029411764705882353,4.505444623829154,4.2201297539418965
9.0,5.0,4.0,18.0,0.5555555555555556,-0.25527250510330607,0.2222222222222222,0.7777777777777778,0.05,0.027777777777777776,0.07777777777777778,0.027777777777777776,4.505486723724238,4.220163051298553
9.0,5.0,5.0,19.0,0.5555555555555556,-0.25527250510330607,0.2631578947368421,0.7368421052631579,0.04736842105263158,0.02631578947368421,0.0736842105263158,0.02631578947368421,4.505528814285262,4.22019634127278
9.0,5.0,6.0,20.0,0.5555555555555556,-0.25527250510330607,0.3,0.7,0.045,0.025,0.07,0.025,4.505570895515553,4.220229623867209
9.0,5.0,7.0,21.0,0.5555555555555556,-0.25527250510330607,0.3333333333333333,0.6666666666666666,0.04285714285714286,0.023809523809523808,0.06666666666666667,0.023809523809523808,4.505612967418994,4.22026289908491
9.0,5.0,8.0,22.0,0.5555555555555556,-0.25527250510330607,0.36363636363636365,0.6363636363636364,0.04090909090909091,0.022727272727272728,0.06363636363636363,0.022727272727272728,4.505655029999976,4.220296166929357
9.0,5.0,9.0,23.0,0.5555555555555556,-0.25527250510330607,0.391304347826087,0.6086956521739131,0.0391304347826087,0.021739130434782608,0.06086956521739131,0.021739130434782608,4.50569708326332,4.220329427404362
9.0,5.0,10.0,24.0,0.5555555555555556,-0.25527250510330607,0.4166666666666667,0.5833333333333334,0.0375,0.020833333333333332,0.058333333333333334,0.020833333333333332,4.505739127214206,4.220362680514023
9.0,6.0,1.0,16.0,0.6666666666666666,-0.17609125905568127,0.0625,0.9375,0.05625,0.037500000000000006,0.09375,0.037500000000000006,4.58441123848915,4.282585480424868
9.0,6.0,2.0,17.0,0.6666666666666666,-0.17609125905568127,0.11764705882352941,0.8823529411764706,0.052941176470588235,0.03529411764705883,0.08823529411764706,0.03529411764705883,4.584442602180514,4.282610286377835
9.0,6.0,3.0,18.0,0.6666666666666666,-0.17609125905568127,0.16666666666666666,0.8333333333333334,0.05,0.03333333333333334,0.08333333333333334,0.03333333333333334,4.584473960894184,4.282635088393881
9.0,6.0,4.0,19.0,0.6666666666666666,-0.17609125905568127,0.21052631578947367,0.7894736842105263,0.04736842105263158,0.03157894736842106,0.07894736842105264,0.03157894736842106,4.584505314632014,4.282659886474469
9.0,6.0,5.0,20.0,0.6666666666666666,-0.17609125905568127,0.25,0.75,0.045,0.030000000000000006,0.07500000000000001,0.030000000000000006,4.584536663395858,4.282684680621068
9.0,6.0,6.0,21.0,0.6666666666666666,-0.17609125905568127,0.2857142857142857,0.7142857142857143,0.04285714285714286,0.028571428571428574,0.07142857142857142,0.028571428571428574,4.584568007187566,4.282709470835138
9.0,6.0,7.0,22.0,0.6666666666666666,-0.17609125905568127,0.3181818181818182,0.6818181818181818,0.04090909090909091,0.02727272727272728,0.06818181818181819,0.02727272727272728,4.584599346008988,4.282734257118145
9.0,6.0,8.0,23.0,0.6666666666666666,-0.17609125905568127,0.34782608695652173,0.6521739130434783,0.0391304347826087,0.026086956521739136,0.06521739130434784,0.026086956521739136,4.584630679861975,4.282759039471551
9.0,6.0,9.0,24.0,0.6666666666666666,-0.17609125905568127,0.375,0.625,0.0375,0.025000000000000005,0.0625,0.025000000000000005,4.584662008731951,4.2827838178838284
9.0,6.0,10.0,25.0,0.6666666666666666,-0.17609125905568127,0.4,0.6,0.036000000000000004,0.024000000000000004,0.06000000000000001,0.024000000000000004,4.584693332654174,4.282808592382865
9.0,7.0,1.0,17.0,0.7777777777777778,-0.10914446942506803,0.058823529411764705,0.9411764705882353,0.052941176470588235,0.0411764705882353,0.09411764705882353,0.0411764705882353,4.651274038595332,4.335468141955915
9.0,7.0,2.0,18.0,0.7777777777777778,-0.10914446942506803,0.1111111111111111,0.8888888888888888,0.05,0.03888888888888889,0.08888888888888889,0.03888888888888889,4.651298630058649,4.335487591665307
9.0,7.0,3.0,19.0,0.7777777777777778,-0.10914446942506803,0.15789473684210525,0.8421052631578947,0.04736842105263158,0.0368421052631579,0.08421052631578949,0.0368421052631579,4.651323218565448,4.335507039036349
9.0,7.0,4.0,20.0,0.7777777777777778,-0.10914446942506803,0.2,0.8,0.045,0.035,0.08,0.035,4.6513478041165826,4.335526484069718
9.0,7.0,5.0,21.0,0.7777777777777778,-0.10914446942506803,0.23809523809523808,0.7619047619047619,0.04285714285714286,0.03333333333333334,0.0761904761904762,0.03333333333333334,4.651372386712905,4.335545926766087
9.0,7.0,6.0,22.0,0.7777777777777778,-0.10914446942506803,0.2727272727272727,0.7272727272727273,0.04090909090909091,0.03181818181818182,0.07272727272727272,0.03181818181818182,4.65139696635526,4.335565367126125
9.0,7.0,7.0,23.0,0.7777777777777778,-0.10914446942506803,0.30434782608695654,0.6956521739130435,0.0391304347826087,0.030434782608695653,0.06956521739130435,0.030434782608695653,4.651421543044491,4.335584805150499
9.0,7.0,8.0,24.0,0.7777777777777778,-0.10914446942506803,0.3333333333333333,0.6666666666666666,0.0375,0.02916666666666667,0.06666666666666667,0.02916666666666667,4.651446116781441,4.335604240839875
9.0,7.0,9.0,25.0,0.7777777777777778,-0.10914446942506803,0.36,0.64,0.036000000000000004,0.028000000000000004,0.064,0.028000000000000004,4.651470687566949,4.335623674194917
9.0,7.0,10.0,26.0,0.7777777777777778,-0.10914446942506803,0.38461538461538464,0.6153846153846154,0.03461538461538462,0.026923076923076925,0.06153846153846154,0.026923076923076925,4.651495255401854,4.335643105216289
9.0,8.0,1.0,18.0,0.8888888888888888,-0.05115252244738131,0.05555555555555555,0.9444444444444444,0.05,0.044444444444444446,0.09444444444444444,0.044444444444444446,4.709208006736296,4.381288873715336
9.0,8.0,2.0,19.0,0.8888888888888888,-0.05115252244738131,0.10526315789473684,0.8947368421052632,0.04736842105263158,0.042105263157894736,0.08947368421052632,0.042105263157894736,4.7092280189807125,4.3813047016607145
9.0,8.0,3.0,20.0,0.8888888888888888,-0.05115252244738131,0.15,0.85,0.045,0.04,0.08499999999999999,0.04,4.709248029074573,4.38132052790519
9.0,8.0,4.0,21.0,0.8888888888888888,-0.05115252244738131,0.19047619047619047,0.8095238095238095,0.04285714285714286,0.0380952380952381,0.08095238095238096,0.0380952380952381,4.709268037104951,4.381336352517631
9.0,8.0,5.0,22.0,0.8888888888888888,-0.05115252244738131,0.22727272727272727,0.7727272727272727,0.04090909090909091,0.03636363636363637,0.07727272727272727,0.03636363636363637,4.709288043128441,4.381352175542799
9.0,8.0,6.0,23.0,0.8888888888888888,-0.05115252244738131,0.2608695652173913,0.7391304347826086,0.0391304347826087,0.034782608695652174,0.07391304347826087,0.034782608695652174,4.709308047182162,4.381367997010049
9.0,8.0,7.0,24.0,0.8888888888888888,-0.05115252244738131,0.2916666666666667,0.7083333333333334,0.0375,0.03333333333333333,0.07083333333333333,0.03333333333333333,4.709328049290705,4.381383816938833
9.0,8.0,8.0,25.0,0.8888888888888888,-0.05115252244738131,0.32,0.68,0.036000000000000004,0.032,0.068,0.032,4.709348049470533,4.381399635342171
9.0,8.0,9.0,26.0,0.8888888888888888,-0.05115252244738131,0.34615384615384615,0.6538461538461539,0.03461538461538462,0.03076923076923077,0.06538461538461539,0.03076923076923077,4.709368047732799,4.381415452228884
9.0,8.0,10.0,27.0,0.8888888888888888,-0.05115252244738131,0.37037037037037035,0.6296296296296297,0.03333333333333333,0.02962962962962963,0.06296296296296297,0.02962962962962963,4.709388044085155,4.381431267605025
9.0,9.0,1.0,19.0,1.0,0.0,0.05263157894736842,0.9473684210526315,0.04736842105263158,0.04736842105263158,0.09473684210526316,0.04736842105263158,4.760318414618868,4.421712762581425
9.0,9.0,2.0,20.0,1.0,0.0,0.1,0.9,0.045,0.045,0.09,0.045,4.760335160054966,4.421726006765455
9.0,9.0,3.0,21.0,1.0,0.0,0.14285714285714285,0.8571428571428571,0.04285714285714286,0.04285714285714286,0.08571428571428572,0.04285714285714286,4.760351900869675,4.421739247294368
9.0,9.0,4.0,22.0,1.0,0.0,0.18181818181818182,0.8181818181818182,0.04090909090909091,0.04090909090909091,0.08181818181818182,0.04090909090909091,4.7603686476343015,4.421752492529149
9.0,9.0,5.0,23.0,1.0,0.0,0.21739130434782608,0.782608695652174,0.0391304347826087,0.0391304347826087,0.0782608695652174,0.0391304347826087,4.760385389489286,4.421765733880829
9.0,9.0,6.0,24.0,1.0,0.0,0.25,0.75,0.0375,0.0375,0.075,0.0375,4.760402130054541,4.421778974212446
9.0,9.0,7.0,25.0,1.0,0.0,0.28,0.72,0.036000000000000004,0.036000000000000004,0.07200000000000001,0.036000000000000004,4.760418869330599,4.421792213524419
9.0,9.0,8.0,26.0,1.0,0.0,0.3076923076923077,0.6923076923076923,0.03461538461538462,0.03461538461538462,0.06923076923076923,0.03461538461538462,4.760435607318157,4.421805451817302
9.0,9.0,9.0,27.0,1.0,0.0,0.3333333333333333,0.6666666666666666,0.03333333333333333,0.03333333333333333,0.06666666666666667,0.03333333333333333,4.760452344018065,4.421818689091765
9.0,9.0,10.0,28.0,1.0,0.0,0.35714285714285715,0.6428571428571429,0.03214285714285715,0.03214285714285715,0.0642857142857143,0.03214285714285715,4.760469079431293,4.4218319253485765
9.0,10.0,1.0,20.0,1.1111111111111112,0.04575749056067514,0.05,0.95,0.045,0.05,0.095,0.05,4.806044085949478,4.457877793008158
9.0,10.0,2.0,21.0,1.1111111111111112,0.04575749056067514,0.09523809523809523,0.9047619047619048,0.04285714285714286,0.047619047619047616,0.09047619047619047,0.047619047619047616,4.806058406045924,4.457889118959393
9.0,10.0,3.0,22.0,1.1111111111111112,0.04575749056067514,0.13636363636363635,0.8636363636363636,0.04090909090909091,0.045454545454545456,0.08636363636363636,0.045454545454545456,4.80607272522596,4.457900444185827
9.0,10.0,4.0,23.0,1.1111111111111112,0.04575749056067514,0.17391304347826086,0.8260869565217391,0.0391304347826087,0.043478260869565216,0.08260869565217391,0.043478260869565216,4.806087043489669,4.457911768687527
9.0,10.0,5.0,24.0,1.1111111111111112,0.04575749056067514,0.20833333333333334,0.7916666666666666,0.0375,0.041666666666666664,0.07916666666666666,0.041666666666666664,4.806101360837121,4.457923092464546
9.0,10.0,6.0,25.0,1.1111111111111112,0.04575749056067514,0.24,0.76,0.036000000000000004,0.04,0.07600000000000001,0.04,4.806115677268373,4.457934415516932
9.0,10.0,7.0,26.0,1.1111111111111112,0.04575749056067514,0.2692307692307692,0.7307692307692307,0.03461538461538462,0.038461538461538464,0.07307692307692308,0.038461538461538464,4.806129992783475,4.457945737844723
9.0,10.0,8.0,27.0,1.1111111111111112,0.04575749056067514,0.2962962962962963,0.7037037037037037,0.03333333333333333,0.037037037037037035,0.07037037037037036,0.037037037037037035,4.806144307382474,4.4579570594479545
9.0,10.0,9.0,28.0,1.1111111111111112,0.04575749056067514,0.32142857142857145,0.6785714285714286,0.03214285714285715,0.03571428571428571,0.06785714285714287,0.03571428571428571,4.806158621065416,4.457968380326665
9.0,10.0,10.0,29.0,1.1111111111111112,0.04575749056067514,0.3448275862068966,0.6551724137931034,0.03103448275862069,0.034482758620689655,0.06551724137931034,0.034482758620689655,4.806172933832346,4.457979700480891
10.0,1.0,1.0,12.0,0.1,-1.0,0.08333333333333333,0.9166666666666666,0.08333333333333333,0.008333333333333333,0.09166666666666666,0.008333333333333333,3.7696550220175356,3.6381841517703415
10.0,1.0,2.0,13.0,0.1,-1.0,0.15384615384615385,0.8461538461538461,0.07692307692307693,0.007692307692307693,0.08461538461538462,0.007692307692307693,3.770433230895541,3.63879964733186
10.0,1.0,3.0,14.0,0.1,-1.0,0.21428571428571427,0.7857142857142857,0.07142857142857142,0.0071428571428571435,0.07857142857142857,0.0071428571428571435,3.7712075924406907,3.639412099987593
10.0,1.0,4.0,15.0,0.1,-1.0,0.26666666666666666,0.7333333333333333,0.06666666666666667,0.006666666666666667,0.07333333333333333,0.006666666666666667,3.771978151078923,3.640021544874597
10.0,1.0,5.0,16.0,0.1,-1.0,0.3125,0.6875,0.0625,0.00625,0.06875,0.00625,3.7727449469782384,3.640628013762267
10.0,1.0,6.0,17.0,0.1,-1.0,0.35294117647058826,0.6470588235294118,0.058823529411764705,0.0058823529411764705,0.06470588235294117,0.0058823529411764705,3.77350802082374,3.641231538828982
10.0,1.0,7.0,18.0,0.1,-1.0,0.3888888888888889,0.6111111111111112,0.05555555555555555,0.005555555555555556,0.06111111111111111,0.005555555555555556,3.7742674144541555,3.641832153165539
10.0,1.0,8.0,19.0,0.1,-1.0,0.42105263157894735,0.5789473684210527,0.05263157894736842,0.005263157894736842,0.05789473684210526,0.005263157894736842,3.775023165853185,3.642429886813741
10.0,1.0,9.0,20.0,0.1,-1.0,0.45,0.55,0.05,0.005,0.055,0.005,3.775775314426723,3.643024770940226
10.0,1.0,10.0,21.0,0.1,-1.0,0.47619047619047616,0.5238095238095238,0.047619047619047616,0.004761904761904762,0.052380952380952375,0.004761904761904762,3.7765238984056784,3.643616835782317
10.0,2.0,1.0,13.0,0.2,-0.6989700043360187,0.07692307692307693,0.9230769230769231,0.07692307692307693,0.015384615384615385,0.09230769230769231,0.015384615384615385,4.063947149572154,3.870943637583201
10.0,2.0,2.0,14.0,0.2,-0.6989700043360187,0.14285714285714285,0.8571428571428571,0.07142857142857142,0.014285714285714287,0.08571428571428572,0.014285714285714287,4.064169403756824,3.871119421319495
10.0,2.0,3.0,15.0,0.2,-0.6989700043360187,0.2,0.8,0.06666666666666667,0.013333333333333334,0.08,0.013333333333333334,4.064391356626018,3.8712949667414454
10.0,2.0,4.0,16.0,0.2,-0.6989700043360187,0.25,0.75,0.0625,0.0125,0.075,0.0125,4.064613009106025,3.871470274581666
10.0,2.0,5.0,17.0,0.2,-0.6989700043360187,0.29411764705882354,0.7058823529411765,0.058823529411764705,0.011764705882352941,0.07058823529411765,0.011764705882352941,4.064834362118632,3.8716453455692106
10.0,2.0,6.0,18.0,0.2,-0.6989700043360187,0.3333333333333333,0.6666666666666666,0.05555555555555555,0.011111111111111112,0.06666666666666667,0.011111111111111112,4.06505541658116,3.8718201804295997
10.0,2.0,7.0,19.0,0.2,-0.6989700043360187,0.3684210526315789,0.631578947368421,0.05263157894736842,0.010526315789473684,0.06315789473684211,0.010526315789473684,4.065276173406495,3.8719947798848473
10.0,2.0,8.0,20.0,0.2,-0.6989700043360187,0.4,0.6,0.05,0.01,0.060000000000000005,0.01,4.065496633503121,3.8721691446534843
10.0,2.0,9.0,21.0,0.2,-0.6989700043360187,0.42857142857142855,0.5714285714285714,0.047619047619047616,0.009523809523809525,0.05714285714285714,0.009523809523809525,4.065716797775147,3.8723432754505844
10.0,2.0,10.0,22.0,0.2,-0.6989700043360187,0.45454545454545453,0.5454545454545454,0.045454545454545456,0.009090909090909092,0.05454545454545455,0.009090909090909092,4.06593666712234,3.8725171729877825
10.0,3.0,1.0,14.0,0.3,-0.5228787452803376,0.07142857142857142,0.9285714285714286,0.07142857142857142,0.021428571428571432,0.09285714285714286,0.021428571428571432,4.238640694935798,4.009111043322318
10.0,3.0,2.0,15.0,0.3,-0.5228787452803376,0.13333333333333333,0.8666666666666667,0.06666666666666667,0.020000000000000004,0.08666666666666667,0.020000000000000004,4.2387487126737105,4.009196475961458
10.0,3.0,3.0,16.0,0.3,-0.5228787452803376,0.1875,0.8125,0.0625,0.018750000000000003,0.08125,0.018750000000000003,4.238856662445131,4.009281854845012
10.0,3.0,4.0,17.0,0.3,-0.5228787452803376,0.23529411764705882,0.7647058823529411,0.058823529411764705,0.017647058823529415,0.07647058823529412,0.017647058823529415,4.238964544348037,4.009367180050472
10.0,3.0,5.0,18.0,0.3,-0.5228787452803376,0.2777777777777778,0.7222222222222222,0.05555555555555555,0.01666666666666667,0.07222222222222222,0.01666666666666667,4.239072358480182,4.009452451655153
10.0,3.0,6.0,19.0,0.3,-0.5228787452803376,0.3157894736842105,0.6842105263157895,0.05263157894736842,0.01578947368421053,0.06842105263157895,0.01578947368421053,4.239180104939098,4.009537669736193
10.0,3.0,7.0,20.0,0.3,-0.5228787452803376,0.35,0.65,0.05,0.015000000000000003,0.065,0.015000000000000003,4.239287783822093,4.009622834370555
10.0,3.0,8.0,21.0,0.3,-0.5228787452803376,0.38095238095238093,0.6190476190476191,0.047619047619047616,0.014285714285714287,0.06190476190476191,0.014285714285714287,4.239395395226257,4.0097079456350295
10.0,3.0,9.0,22.0,0.3,-0.5228787452803376,0.4090909090909091,0.5909090909090909,0.045454545454545456,0.01363636363636364,0.0590909090909091,0.01363636363636364,4.2395029392484584,4.009793003606229
10.0,3.0,10.0,23.0,0.3,-0.5228787452803376,0.43478260869565216,0.5652173913043478,0.043478260869565216,0.013043478260869568,0.05652173913043478,0.013043478260869568,4.239610415985343,4.009878008360593
10.0,4.0,1.0,15.0,0.4,-0.3979400086720376,0.06666666666666667,0.9333333333333333,0.06666666666666667,0.02666666666666667,0.09333333333333334,0.02666666666666667,4.363047820709927,4.107506263293901
10.0,4.0,2.0,16.0,0.4,-0.3979400086720376,0.125,0.875,0.0625,0.025,0.0875,0.025,4.363113482617602,4.1075581961539305
10.0,4.0,3.0,17.0,0.4,-0.3979400086720376,0.17647058823529413,0.8235294117647058,0.058823529411764705,0.023529411764705882,0.08235294117647059,0.023529411764705882,4.36317912046803,4.107610109986768
10.0,4.0,4.0,18.0,0.4,-0.3979400086720376,0.2222222222222222,0.7777777777777778,0.05555555555555555,0.022222222222222223,0.07777777777777778,0.022222222222222223,4.3632447342816265,4.107662004808563
10.0,4.0,5.0,19.0,0.4,-0.3979400086720376,0.2631578947368421,0.7368421052631579,0.05263157894736842,0.021052631578947368,0.07368421052631578,0.021052631578947368,4.363310324078759,4.107713880635422
10.0,4.0,6.0,20.0,0.4,-0.3979400086720376,0.3,0.7,0.05,0.02,0.07,0.02,4.363375889879753,4.107765737483422
10.0,4.0,7.0,21.0,0.4,-0.3979400086720376,0.3333333333333333,0.6666666666666666,0.047619047619047616,0.01904761904761905,0.06666666666666667,0.01904761904761905,4.363441431704901,4.107817575368613
10.0,4.0,8.0,22.0,0.4,-0.3979400086720376,0.36363636363636365,0.6363636363636364,0.045454545454545456,0.018181818181818184,0.06363636363636364,0.018181818181818184,4.363506949574462,4.107869394307017
10.0,4.0,9.0,23.0,0.4,-0.3979400086720376,0.391304347826087,0.6086956521739131,0.043478260869565216,0.017391304347826087,0.0608695652173913,0.017391304347826087,4.363572443508664,4.107921194314634
10.0,4.0,10.0,24.0,0.4,-0.3979400086720376,0.4166666666666667,0.5833333333333334,0.041666666666666664,0.016666666666666666,0.058333333333333334,0.016666666666666666,4.3636379135277075,4.1079729754074386
10.0,5.0,1.0,16.0,0.5,-0.3010299956639812,0.0625,0.9375,0.0625,0.03125,0.09375,0.03125,4.459693121455176,4.183944293405728
10.0,5.0,2.0,17.0,0.5,-0.3010299956639812,0.11764705882352941,0.8823529411764706,0.058823529411764705,0.029411764705882353,0.08823529411764705,0.029411764705882353,4.45973822368916,4.183979965351417
10.0,5.0,3.0,18.0,0.5,-0.3010299956639812,0.16666666666666666,0.8333333333333334,0.05555555555555555,0.027777777777777776,0.08333333333333333,0.027777777777777776,4.459783315318016,4.184015628909373
10.0,5.0,4.0,19.0,0.5,-0.3010299956639812,0.21052631578947367,0.7894736842105263,0.05263157894736842,0.02631578947368421,0.07894736842105263,0.02631578947368421,4.459828396409388,4.184051284133095
10.0,5.0,5.0,20.0,0.5,-0.3010299956639812,0.25,0.75,0.05,0.025,0.07500000000000001,0.025,4.45987346701578,4.18408693106411
10.0,5.0,6.0,21.0,0.5,-0.3010299956639812,0.2857142857142857,0.7142857142857143,0.047619047619047616,0.023809523809523808,0.07142857142857142,0.023809523809523808,4.459918514651341,4.184122559827195
10.0,5.0,7.0,22.0,0.5,-0.3010299956639812,0.3181818181818182,0.6818181818181818,0.045454545454545456,0.022727272727272728,0.06818181818181818,0.022727272727272728,4.459963564383196,4.184158190248265
10.0,5.0,8.0,23.0,0.5,-0.3010299956639812,0.34782608695652173,0.6521739130434783,0.043478260869565216,0.021739130434782608,0.06521739130434782,0.021739130434782608,4.460008603700354,4.184193812432216
10.0,5.0,9.0,24.0,0.5,-0.3010299956639812,0.375,0.625,0.041666666666666664,0.020833333333333332,0.0625,0.020833333333333332,4.460053629664292,4.184229424054931
10.0,5.0,10.0,25.0,0.5,-0.3010299956639812,0.4,0.6,0.04,0.02,0.06,0.02,4.460098644269269,4.184265026693695
10.0,6.0,1.0,17.0,0.6,-0.2218487496163564,0.058823529411764705,0.9411764705882353,0.058823529411764705,0.03529411764705883,0.09411764705882353,0.03529411764705883,4.538720631141157,4.246448182559765
10.0,6.0,2.0,18.0,0.6,-0.2218487496163564,0.1111111111111111,0.8888888888888888,0.05555555555555555,0.03333333333333334,0.08888888888888889,0.03333333333333334,4.538754070510999,4.24647463019394
10.0,6.0,3.0,19.0,0.6,-0.2218487496163564,0.15789473684210525,0.8421052631578947,0.05263157894736842,0.03157894736842106,0.08421052631578949,0.03157894736842106,4.538787503629845,4.246501072884121
10.0,6.0,4.0,20.0,0.6,-0.2218487496163564,0.2,0.8,0.05,0.030000000000000006,0.08000000000000002,0.030000000000000006,4.538820945486338,4.246527522485022
10.0,6.0,5.0,21.0,0.6,-0.2218487496163564,0.23809523809523808,0.7619047619047619,0.047619047619047616,0.028571428571428574,0.0761904761904762,0.028571428571428574,4.538854366029922,4.246553955229264
10.0,6.0,6.0,22.0,0.6,-0.2218487496163564,0.2727272727272727,0.7272727272727273,0.045454545454545456,0.02727272727272728,0.07272727272727274,0.02727272727272728,4.538887780953015,4.246580383528187
10.0,6.0,7.0,23.0,0.6,-0.2218487496163564,0.30434782608695654,0.6956521739130435,0.043478260869565216,0.026086956521739136,0.06956521739130435,0.026086956521739136,4.538921192987328,4.246606809542335
10.0,6.0,8.0,24.0,0.6,-0.2218487496163564,0.3333333333333333,0.6666666666666666,0.041666666666666664,0.025000000000000005,0.06666666666666667,0.025000000000000005,4.538954599246656,4.246633230988974
10.0,6.0,9.0,25.0,0.6,-0.2218487496163564,0.36,0.64,0.04,0.024000000000000004,0.064,0.024000000000000004,4.538987999733335,4.246659647869948
10.0,6.0,10.0,26.0,0.6,-0.2218487496163564,0.38461538461538464,0.6153846153846154,0.038461538461538464,0.02307692307692308,0.06153846153846154,0.02307692307692308,4.539021394449697,4.246686060187103
10.0,7.0,1.0,18.0,0.7,-0.1549019599857432,0.05555555555555555,0.9444444444444444,0.05555555555555555,0.03888888888888889,0.09444444444444444,0.03888888888888889,4.605568790023936,4.2993192641560745
10.0,7.0,2.0,19.0,0.7,-0.1549019599857432,0.10526315789473684,0.8947368421052632,0.05263157894736842,0.0368421052631579,0.08947368421052632,0.0368421052631579,4.6055949102864835,4.299339923012736
10.0,7.0,3.0,20.0,0.7,-0.1549019599857432,0.15,0.85,0.05,0.035,0.085,0.035,4.605621027133092,4.299360579167688
10.0,7.0,4.0,21.0,0.7,-0.1549019599857432,0.19047619047619047,0.8095238095238095,0.047619047619047616,0.03333333333333334,0.08095238095238096,0.03333333333333334,4.605647140564811,4.299381232621758
10.0,7.0,5.0,22.0,0.7,-0.1549019599857432,0.22727272727272727,0.7727272727272727,0.045454545454545456,0.03181818181818182,0.07727272727272727,0.03181818181818182,4.605673250582693,4.29940188337578
10.0,7.0,6.0,23.0,0.7,-0.1549019599857432,0.2608695652173913,0.7391304347826086,0.043478260869565216,0.030434782608695653,0.07391304347826087,0.030434782608695653,4.605699357187792,4.299422531430587
10.0,7.0,7.0,24.0,0.7,-0.1549019599857432,0.2916666666666667,0.7083333333333334,0.041666666666666664,0.02916666666666667,0.07083333333333333,0.02916666666666667,4.605725460381161,4.299443176787014
10.0,7.0,8.0,25.0,0.7,-0.1549019599857432,0.32,0.68,0.04,0.028000000000000004,0.068,0.028000000000000004,4.605751560163855,4.299463819445891
10.0,7.0,9.0,26.0,0.7,-0.1549019599857432,0.34615384615384615,0.6538461538461539,0.038461538461538464,0.026923076923076925,0.06538461538461539,0.026923076923076925,4.605777656536925,4.2994844594080535
10.0,7.0,10.0,27.0,0.7,-0.1549019599857432,0.37037037037037035,0.6296296296296297,0.037037037037037035,0.02592592592592593,0.06296296296296297,0.02592592592592593,4.605803749501425,4.299505096674333
10.0,8.0,1.0,19.0,0.8,-0.09691001300805639,0.05263157894736842,0.9473684210526315,0.05263157894736842,0.042105263157894736,0.09473684210526315,0.042105263157894736,4.663492885788534,4.345132187724138
10.0,8.0,2.0,20.0,0.8,-0.09691001300805639,0.1,0.9,0.05,0.04,0.09,0.04,4.6635140691558945,4.3451489419259435
10.0,8.0,3.0,21.0,0.8,-0.09691001300805639,0.14285714285714285,0.8571428571428571,0.047619047619047616,0.0380952380952381,0.08571428571428572,0.0380952380952381,4.663535250343666,4.345165694403883
10.0,8.0,4.0,22.0,0.8,-0.09691001300805639,0.18181818181818182,0.8181818181818182,0.045454545454545456,0.03636363636363637,0.08181818181818182,0.03636363636363637,4.663556429352387,4.3451824451583825
10.0,8.0,5.0,23.0,0.8,-0.09691001300805639,0.21739130434782608,0.782608695652174,0.043478260869565216,0.034782608695652174,0.07826086956521738,0.034782608695652174,4.663577606182595,4.345199194189868
10.0,8.0,6.0,24.0,0.8,-0.09691001300805639,0.25,0.75,0.041666666666666664,0.03333333333333333,0.075,0.03333333333333333,4.663598780834822,4.34521594149876
10.0,8.0,7.0,25.0,0.8,-0.09691001300805639,0.28,0.72,0.04,0.032,0.07200000000000001,0.032,4.6636199533096,4.345232687085479
10.0,8.0,8.0,26.0,0.8,-0.09691001300805639,0.3076923076923077,0.6923076923076923,0.038461538461538464,0.03076923076923077,0.06923076923076923,0.03076923076923077,4.663641124828157,4.34524943191591
10.0,8.0,9.0,27.0,0.8,-0.09691001300805639,0.3333333333333333,0.6666666666666666,0.037037037037037035,0.02962962962962963,0.06666666666666667,0.02962962962962963,4.663662294857877,4.345266175568802
10.0,8.0,10.0,28.0,0.8,-0.09691001300805639,0.35714285714285715,0.6428571428571429,0.03571428571428571,0.028571428571428574,0.06428571428571428,0.028571428571428574,4.663683462452358,4.34528291729563
10.0,9.0,1.0,20.0,0.9,-0.045757490560675115,0.05,0.95,0.05,0.045,0.095,0.045,4.71459626754339,4.385550519534088
10.0,9.0,2.0,21.0,0.9,-0.045757490560675115,0.09523809523809523,0.9047619047619048,0.047619047619047616,0.04285714285714286,0.09047619047619047,0.04285714285714286,4.714613940487946,4.3855644972966665
10.0,9.0,3.0,22.0,0.9,-0.045757490560675115,0.13636363636363635,0.8636363636363636,0.045454545454545456,0.04090909090909091,0.08636363636363636,0.04090909090909091,4.714631611797793,4.385578473766332
10.0,9.0,4.0,23.0,0.9,-0.045757490560675115,0.17391304347826086,0.8260869565217391,0.043478260869565216,0.0391304347826087,0.08260869565217391,0.0391304347826087,4.714649281527319,4.385592448986102
10.0,9.0,5.0,24.0,0.9,-0.045757490560675115,0.20833333333333334,0.7916666666666666,0.041666666666666664,0.0375,0.07916666666666666,0.0375,4.714666949712244,4.3856064229842255
10.0,9.0,6.0,25.0,0.9,-0.045757490560675115,0.24,0.76,0.04,0.036000000000000004,0.07600000000000001,0.036000000000000004,4.7146846163761795,4.385620395779379
10.0,9.0,7.0,26.0,0.9,-0.045757490560675115,0.2692307692307692,0.7307692307692307,0.038461538461538464,0.03461538461538462,0.07307692307692308,0.03461538461538462,4.714702281534847,4.385634367383997
10.0,9.0,8.0,27.0,0.9,-0.045757490560675115,0.2962962962962963,0.7037037037037037,0.037037037037037035,0.03333333333333333,0.07037037037037036,0.03333333333333333,4.714719945198798,4.3856483378064235
10.0,9.0,9.0,28.0,0.9,-0.045757490560675115,0.32142857142857145,0.6785714285714286,0.03571428571428571,0.03214285714285715,0.06785714285714287,0.03214285714285715,4.71473760737518,4.385662307052312
10.0,9.0,10.0,29.0,0.9,-0.045757490560675115,0.3448275862068966,0.6551724137931034,0.034482758620689655,0.03103448275862069,0.06551724137931034,0.03103448275862069,4.714755268068883,4.385676275125531
10.0,10.0,1.0,21.0,1.0,0.0,0.047619047619047616,0.9523809523809523,0.047619047619047616,0.047619047619047616,0.09523809523809523,0.047619047619047616,4.760316740077388,4.421711438164707
10.0,10.0,2.0,22.0,1.0,0.0,0.09090909090909091,0.9090909090909091,0.045454545454545456,0.045454545454545456,0.09090909090909091,0.045454545454545456,4.760331811019136,4.421723357969294
10.0,10.0,3.0,23.0,1.0,0.0,0.13043478260869565,0.8695652173913043,0.043478260869565216,0.043478260869565216,0.08695652173913043,0.043478260869565216,4.7603468807352565,4.421735276804516
10.0,10.0,4.0,24.0,1.0,0.0,0.16666666666666666,0.8333333333333334,0.041666666666666664,0.041666666666666664,0.08333333333333333,0.041666666666666664,4.760361950796975,4.421747195913077
10.0,10.0,5.0,25.0,1.0,0.0,0.2,0.8,0.04,0.04,0.08,0.04,4.760377018723036,4.421759113332517
10.0,10.0,6.0,26.0,1.0,0.0,0.23076923076923078,0.7692307692307693,0.038461538461538464,0.038461538461538464,0.07692307692307693,0.038461538461538464,4.760392085870128,4.4217710301358615
10.0,10.0,7.0,27.0,1.0,0.0,0.25925925925925924,0.7407407407407407,0.037037037037037035,0.037037037037037035,0.07407407407407407,0.037037037037037035,4.760407151972696,4.421782946113078
10.0,10.0,8.0,28.0,1.0,0.0,0.2857142857142857,0.7142857142857143,0.03571428571428571,0.03571428571428571,0.07142857142857142,0.03571428571428571,4.760422217031166,4.4217948612645035
10.0,10.0,9.0,29.0,1.0,0.0,0.3103448275862069,0.6896551724137931,0.034482758620689655,0.034482758620689655,0.06896551724137931,0.034482758620689655,4.760437281046077,4.421806775590565
10.0,10.0,10.0,30.0,1.0,0.0,0.3333333333333333,0.6666666666666666,0.03333333333333333,0.03333333333333333,0.06666666666666667,0.03333333333333333,4.760452344018065,4.421818689091765
