sample_index,utc_time,utc_datetime,elapsed_min,elapsed_h,dt_s,session_id,trial_id,split,episode_number,step_number,ph_measured,acid_flow,acetate_flow,water_flow,total_flow,water_fraction,buffer_flow_fraction,valid_for_model,valid_for_model_before_flat_trial_filter,uninformative_flat_ph_trial,flow_ratio_acetate_acid,log10_molar_base_acid_ratio,acid_analytical_mol_l,acetate_analytical_mol_l,total_buffer_mol_l,sodium_mol_l,ph_equilibrium_charge_balance,prediction_equilibrium_raw,residual_equilibrium_raw,prediction_equilibrium_bias,residual_equilibrium_bias,prediction_equilibrium_affine,residual_equilibrium_affine
0,2026-05-11T19:46:07.807Z,2026-05-11 19:46:07.807000+00:00,0.0,0.0,,0,0,train,1,0,4.414143562316895,8.549332618713379,3.926202774047852,4.3504838943481445,16.826019287109375,0.2585569301992364,0.7414430698007636,True,True,False,0.4592408494499213,-0.3379594884200798,0.05081019148280146,0.0233341154972749,0.07414430698007636,0.0233341154972749,4.423065365111247,4.423065365111247,-0.00892180279435184,4.080023108221863,0.3341204540950322,4.15497492271976,0.2591686395971351
1,2026-05-11T19:48:30.329Z,2026-05-11 19:48:30.329000+00:00,2.3753666666666664,0.03958944444444444,142.522,0,0,train,1,1,4.619248390197754,7.116000175476074,6.097648143768311,7.160530090332031,20.374178409576416,0.35145123137659323,0.6485487686234068,True,True,False,0.8568926353856318,-0.06707358972274756,0.034926562595188435,0.02992831426715225,0.06485487686234068,0.02992831426715225,4.69347214830501,4.69347214830501,-0.07422375810725601,4.350429891415626,0.26881849878212805,4.368843177842583,0.25040521235517055
2,2026-05-11T19:50:50.952Z,2026-05-11 19:50:50.952000+00:00,4.719083333333333,0.07865138888888888,140.623,0,0,train,1,2,4.845854759216309,6.221703052520752,9.732967376708984,8.711876869,24.666547298229737,0.35318590655065984,0.64681409344934,True,True,False,1.5643574266640108,0.1943359882974261,0.02522324254504509,0.03945816679988893,0.06468140934493402,0.03945816679988893,4.954649299351862,4.954649299351862,-0.10879454013555367,4.611607042462478,0.23424771675383038,4.575411596402982,0.2704431628133266
3,2026-05-11T19:53:12.043Z,2026-05-11 19:53:12.043000+00:00,7.0706,0.11784333333333333,141.091,0,0,train,1,3,4.805054664611816,4.207277774810791,5.855237007141113,3.0271997451782227,13.089714527130127,0.23126552828206906,0.768734471717931,True,True,False,1.3916925196136911,0.1435432928996799,0.03214186043622773,0.04473158673556537,0.07687344717179309,0.04473158673556537,4.90383304682413,4.90383304682413,-0.09877838221231361,4.560790789934746,0.24426387467707045,4.535220358847379,0.26983430576443723
4,2026-05-11T19:55:33.210Z,2026-05-11 19:55:33.210000+00:00,9.423383333333334,0.1570563888888889,141.167,0,0,train,1,4,4.993066787719727,2.5869803428649902,6.577486038208008,4.8657331466674805,14.030199527740479,0.3468042729575559,0.6531957270424441,True,True,False,2.542534216136978,0.40526680614915495,0.018438656825585542,0.04688091587865887,0.0653195727042444,0.04688091587865887,5.165490970579203,5.165490970579203,-0.17242418285947636,4.822448713689819,0.1706180740299077,4.742169026819436,0.2508977609002905
5,2026-05-11T19:57:54.609Z,2026-05-11 19:57:54.609000+00:00,11.780033333333334,0.1963338888888889,141.399,0,0,train,1,5,4.670523643493652,7.768003463745117,7.414762974,7.852952003479004,23.03571844122412,0.3409032812897021,0.659096718710298,True,True,False,0.9545262188162295,-0.020212137955673292,0.03372155934083524,0.03218811253019457,0.0659096718710298,0.03218811253019457,4.740267423435141,4.740267423435141,-0.06974377994148906,4.397225166545757,0.273298476947895,4.405854171878566,0.26466947161508614
6,2026-05-11T20:00:15.871Z,2026-05-11 20:00:15.871000+00:00,14.1344,0.23557333333333333,141.262,0,0,train,1,6,4.743302345275879,8.820981979370117,9.993937492370604,3.0263543128967285,21.84127378463745,0.1385612552975451,0.861438744702455,True,True,False,1.1329733487432252,0.05421969394999294,0.04038675613129557,0.045757118338949916,0.08614387447024549,0.045757118338949916,4.8145299840991145,4.8145299840991145,-0.07122763882323557,4.47148772720973,0.2718146180661485,4.46458940064232,0.27871294463355856
7,2026-05-11T20:02:37.094Z,2026-05-11 20:02:37.094000+00:00,16.488116666666667,0.27480194444444445,141.223,0,0,train,1,7,4.902092933654785,3.8793654441833496,7.435241699,2.0945754051208496,13.409182548304198,0.15620455591349539,0.8437954440865046,True,True,False,1.9166128600099448,0.28253439783321266,0.028930663224313823,0.05544888118433665,0.08437954440865048,0.05544888118433665,5.042741416058761,5.042741416058761,-0.14064848240397598,4.699699159169377,0.20239377448540807,4.645084801592811,0.2570081320619746
8,2026-05-11T20:04:58.331Z,2026-05-11 20:04:58.331000+00:00,18.842066666666664,0.3140344444444444,141.237,0,0,train,1,8,4.618697166442871,5.235406398773193,4.867502212524414,5.546240329742432,15.649148941040039,0.3544116265132709,0.645588373486729,True,True,False,0.9297276737991171,-0.031644241860911845,0.03345489533327459,0.031103942015398324,0.0645588373486729,0.031103942015398324,4.728858781063189,4.728858781063189,-0.11016161462031793,4.385816524173805,0.23288064226906613,4.396830927681096,0.22186623876177514
9,2026-05-11T20:07:19.569Z,2026-05-11 20:07:19.569000+00:00,21.196033333333332,0.35326722222222223,141.238,0,0,train,1,9,5.189899444580078,1.6605889797210691,8.562686920166016,9.065704345703123,19.28898024559021,0.4699939670359556,0.5300060329640444,True,True,False,5.1564155999664045,0.7123479136267027,0.008609003475446601,0.04439159982095783,0.053000603296404436,0.04439159982095783,5.472550660107976,5.472550660107976,-0.2826512155278982,5.129508403218592,0.060391041361485875,4.985026544084518,0.20487290049555984
10,2026-05-11T20:09:40.352Z,2026-05-11 20:09:40.352000+00:00,23.542416666666668,0.39237361111111113,140.783,0,0,train,1,10,4.953369141,2.5687642097473145,5.994353771209717,1.7615255117416382,10.32464349269867,0.1706136887910314,0.8293863112089687,True,True,False,2.3335554693824436,0.36801812866681155,0.024879931317375564,0.0580586998035213,0.08293863112089686,0.0580586998035213,5.128203715134962,5.128203715134962,-0.1748345741349624,4.785161458245578,0.16820768275442166,4.7126780496849445,0.24069109131505506
11,2026-05-11T20:12:01.263Z,2026-05-11 20:12:01.263000+00:00,25.890933333333333,0.43151555555555554,140.911,0,0,train,1,11,4.251494407653809,6.424426078796387,2.2115581035614014,7.750305652618408,16.386289834976196,0.47297501329895564,0.5270249867010444,True,True,False,0.3442421278471206,-0.4631359824338476,0.03920610549121121,0.013496393178893227,0.05270249867010444,0.013496393178893227,4.299034116326978,4.299034116326978,-0.04753970867316948,3.9559918594375936,0.295502548216215,4.056876988766718,0.1946174188870904
12,2026-05-11T20:14:21.480Z,2026-05-11 20:14:21.480000+00:00,28.227883333333335,0.47046472222222224,140.217,0,0,train,1,12,4.067340850830078,6.418696880340576,1.307341456413269,7.155996799468994,14.88203513622284,0.48084799786900884,0.5191520021309912,True,True,False,0.2036770828698023,-0.6910578337543448,0.043130504810578514,0.008784695402520606,0.051915200213099116,0.008784695402520606,4.0739421926136306,4.0739421926136306,-0.006601341783552428,3.730899935724246,0.3364409151058321,3.878848847614956,0.18849200321512205
13,2026-05-11T20:16:42.488Z,2026-05-11 20:16:42.488000+00:00,30.578016666666667,0.5096336111111112,141.008,0,0,train,1,13,5.113813400268555,2.360363245010376,9.187598228,8.145929336547852,19.693890809558226,0.41362722152365694,0.5863727784763432,True,True,False,3.8924509807640275,0.5902231520255815,0.011985256076797167,0.04665202177083715,0.05863727784763432,0.04665202177083715,5.350426320313486,5.350426320313486,-0.23661292004493095,5.007384063424102,0.1064293368444531,4.8884368093471355,0.22537659092141915
14,2026-05-11T20:19:03.252Z,2026-05-11 20:19:03.252000+00:00,32.924083333333336,0.5487347222222223,140.764,0,0,train,1,14,5.118224143981934,1.1490943431854248,6.300748825073242,8.297214508,15.747057676258667,0.5269057038197964,0.47309429618020366,True,True,False,5.483230217291667,0.7390364804267001,0.007297200320272387,0.04001222929774798,0.04730942961802037,0.04001222929774798,5.499259214698434,5.499259214698434,-0.3810350707165,5.1562169578090495,-0.037992813827115945,5.006150688603558,0.11207345537837554
15,2026-05-11T20:21:23.783Z,2026-05-11 20:21:23.783000+00:00,35.26626666666667,0.5877711111111111,140.531,0,0,train,1,15,4.189741134643555,9.768297195,2.7110466957092285,5.772246837615967,18.251590728325198,0.31625993172517514,0.6837400682748248,True,True,False,0.2775352389049859,-0.5566818662697477,0.05352025114085143,0.014853755686631047,0.06837400682748249,0.014853755686631047,4.205640991120131,4.205640991120131,-0.01589985647657599,3.862598734230746,0.3271424004128085,3.9830111467469815,0.20672998789657315
16,2026-05-11T20:23:44.271Z,2026-05-11 20:23:44.271000+00:00,37.607733333333336,0.6267955555555556,140.488,0,0,train,1,16,4.790167808532715,2.717064380645752,4.586766242980957,8.125826835632324,15.429657459259033,0.52663689113566,0.47336310886433997,True,True,False,1.6881330731997015,0.22740667847351673,0.017609362928632584,0.029726947957801418,0.047336310886434,0.029726947957801418,4.987810590406428,4.987810590406428,-0.19764278187371342,4.644768333517044,0.14539947501567063,4.601639294435166,0.18852851409754923
17,2026-05-11T20:26:05.085Z,2026-05-11 20:26:05.085000+00:00,39.95463333333333,0.6659105555555555,140.814,0,0,train,1,17,4.327580451965332,6.713934421539307,2.7263143062591557,4.685109615325928,14.12535834312439,0.33168076175613875,0.6683192382438612,True,True,False,0.40606805713096206,-0.3914011724340739,0.047531073254558236,0.019300850569827898,0.06683192382438613,0.019300850569827898,4.369947726639729,4.369947726639729,-0.042367274674396604,4.026905469750345,0.30067498221498745,4.11296348897548,0.21461696298985178
18,2026-05-11T20:28:25.695Z,2026-05-11 20:28:25.695000+00:00,42.29813333333333,0.7049688888888889,140.61,0,0,train,1,18,4.789616584777832,6.364859580993652,8.544281005859375,3.0984294414520264,18.007570028305054,0.17206260681378915,0.8279373931862108,True,True,False,1.3424146907142736,0.12788669621200424,0.03534546621775786,0.04744827310086323,0.08279373931862108,0.04744827310086323,4.888164053903471,4.888164053903471,-0.09854746912563872,4.545121797014087,0.24449478776374534,4.5228275477799444,0.2667890369978876
19,2026-05-11T20:30:46.486Z,2026-05-11 20:30:46.486000+00:00,44.64465,0.7440775,140.791,0,0,train,1,19,5.087900161743164,2.196958541870117,7.608425140380859,5.5309882164001465,15.336371898651123,0.36064515473093167,0.6393548452690684,True,True,False,3.463162820498351,0.5394729103717786,0.014325151713772317,0.049610332813134525,0.06393548452690684,0.049610332813134525,5.29966882536137,5.29966882536137,-0.2117686636182059,4.956626568471986,0.13127359327117816,4.8482920439251975,0.23960811781796654
20,2026-05-12T13:21:36.495Z,2026-05-12 13:21:36.495000+00:00,1055.4781333333333,17.59130222222222,60650.009,1,1,train,1,0,4.8419952392578125,8.163414001464844,7.909221172332764,2.349125385284424,18.42176055908203,0.12751904888516705,0.8724809511148329,True,True,False,0.9688619456165684,-0.013738101719457671,0.04431397300645206,0.04293412210503124,0.08724809511148329,0.04293412210503124,4.746618817005707,4.746618817005707,0.09537642225210519,4.403576560116323,0.43841867914148924,4.410877571974124,0.4311176672836883
21,2026-05-12T13:24:00.581Z,2026-05-12 13:24:00.581000+00:00,1057.8795666666667,17.63132611111111,144.086,1,1,train,1,1,4.887206077575684,3.049386978149414,4.935805320739746,2.1768593788146973,10.162051677703857,0.21421455507757903,0.785785444922421,True,True,False,1.6186221545863442,0.20914548042126263,0.0300075917232339,0.048570952769008205,0.07857854449224211,0.048570952769008205,4.969396712870982,4.969396712870982,-0.0821906352952988,4.626354455981598,0.26085162159408526,4.587075518290063,0.3001305592856207
22,2026-05-12T13:26:21.283Z,2026-05-12 13:26:21.283000+00:00,1060.2246,17.67041,140.702,1,1,train,1,2,5.218570709228516,1.0759644508361816,6.213901519775391,4.809741020202637,12.099606990814209,0.39751216910219483,0.6024878308978051,True,True,False,5.775192214711444,0.7615664433519425,0.008892557019852244,0.051356226069928276,0.06024878308978052,0.051356226069928276,5.5217386277216995,5.5217386277216995,-0.3031679184931839,5.1786963708323155,0.03987433839620014,5.023929949843563,0.19464075938495284
23,2026-05-12T13:28:42.658Z,2026-05-12 13:28:42.658000+00:00,1062.58085,17.709680833333334,141.375,1,1,train,1,3,4.871767997741699,6.396834850311279,8.592846870422363,6.241216659545898,21.23089838027954,0.2939685616574329,0.7060314383425671,True,True,False,1.34329665709663,0.1281719339738082,0.03012983593879862,0.04047330789545809,0.07060314383425671,0.04047330789545809,4.888496968395388,4.888496968395388,-0.016728970653688613,4.545454711506004,0.32631328623569544,4.5230908541979655,0.3486771435437337
24,2026-05-12T13:31:01.831Z,2026-05-12 13:31:01.831000+00:00,1064.9004,17.74834,139.173,1,1,train,1,4,4.835929870605469,1.7671830654144287,3.2878217697143555,8.654005051,13.709009886128785,0.6312640462646686,0.3687359537353314,True,True,False,1.8604873677551432,0.26962672561642953,0.012890668838181532,0.02398292653535161,0.036873595373533144,0.02398292653535161,5.030110045845827,5.030110045845827,-0.19418017524035847,4.687067788956443,0.1488620816490256,4.635094485982589,0.20083538462287986
25,2026-05-12T13:33:20.143Z,2026-05-12 13:33:20.143000+00:00,1067.2056,17.78676,138.312,1,1,train,1,5,4.692578315734863,9.40855312347412,8.54344368,4.960746765136719,22.912743568610836,0.2165060133581149,0.7834939866418851,True,True,False,0.9080507457288314,-0.04188988058222415,0.04106253402304605,0.037286864641142475,0.07834939866418852,0.037286864641142475,4.718534994381752,4.718534994381752,-0.025956678646888776,4.375492737492368,0.3170855782424953,4.388665710012583,0.30391260572227985
26,2026-05-12T13:35:41.312Z,2026-05-12 13:35:41.312000+00:00,1069.5584166666665,17.82597361111111,141.169,1,1,train,1,6,4.618144989013672,4.251001358032227,3.6455094814300537,8.510936737060547,16.407447576522827,0.5187239939281427,0.4812760060718573,True,True,False,0.8575648828109401,-0.06673301159917364,0.025908974191177193,0.02221862641600854,0.04812760060718573,0.02221862641600854,4.69400145298998,4.69400145298998,-0.07585646397630796,4.350959196100596,0.2671857929130761,4.369261811828261,0.24888317718541053
27,2026-05-12T13:38:03.077Z,2026-05-12 13:38:03.077000+00:00,1071.9211666666665,17.865352777777776,141.765,1,1,train,1,7,4.325926780700684,8.786769867,3.122873544692993,5.473313808441162,17.382957220134156,0.3148666673413651,0.6851333326586349,True,True,False,0.3554063201793189,-0.4492748534170505,0.050548187835511384,0.01796514543035211,0.0685133332658635,0.01796514543035211,4.3123200056608075,4.3123200056608075,0.013606775039876062,3.969277748771423,0.35664903192926056,4.067384972094729,0.25854180860595477
28,2026-05-12T13:40:24.077Z,2026-05-12 13:40:24.077000+00:00,1074.2711666666667,17.904519444444443,141.0,1,1,train,1,8,4.607117652893066,6.329463005065918,5.166192054748535,6.474543571472168,17.97019863128662,0.36029337818224255,0.6397066218177575,True,True,False,0.8162133265671456,-0.08819631864468198,0.03522199801423533,0.028748664167540416,0.06397066218177574,0.028748664167540416,4.672386994036578,4.672386994036578,-0.06526934114351146,4.329344737147194,0.2777729157458726,4.352166654054518,0.25495099883854877
29,2026-05-12T13:42:45.457Z,2026-05-12 13:42:45.457000+00:00,1076.6275,17.943791666666666,141.38,1,1,train,1,9,5.171705246,1.5641522407531738,7.235342502593994,7.955297470092773,16.75479221343994,0.4748072890877985,0.5251927109122015,True,True,False,4.625727799430838,0.6651800731636817,0.009335551410171958,0.04318371968104819,0.05251927109122015,0.04318371968104819,5.425392403284964,5.425392403284964,-0.25368715728496394,5.08235014639558,0.08935509960442012,4.94772846308873,0.22397678291127043
30,2026-05-12T13:45:06.960Z,2026-05-12 13:45:06.960000+00:00,1078.9858833333333,17.983098055555555,141.503,1,1,train,1,10,4.368380546569824,3.3075551986694336,1.660105586051941,7.472054481506348,12.439715266227722,0.6006612146334286,0.39933878536657147,True,True,False,0.5019131915681315,-0.2993713897932175,0.026588672874603765,0.013345205662053381,0.03993387853665715,0.013345205662053381,4.462313253920476,4.462313253920476,-0.09393270735065151,4.119270997031092,0.24910954953873254,4.186016590379664,0.18236395619016044
31,2026-05-12T13:47:27.965Z,2026-05-12 13:47:27.965000+00:00,1081.3359666666668,18.02226611111111,141.005,1,1,train,1,11,4.169893264770508,7.915419578552246,1.7931630611419678,2.0687265396118164,11.77730917930603,0.17565358165571354,0.8243464183442865,True,True,False,0.2265404939493988,-0.6448541568877426,0.06720906667255089,0.015225575161877756,0.08243464183442864,0.015225575161877756,4.117808068540203,4.117808068540203,0.05208519623030483,3.7747658116508185,0.39512745311968933,3.9135429415760825,0.2563503231944253
32,2026-05-12T13:49:51.054Z,2026-05-12 13:49:51.054000+00:00,1083.7207833333334,18.062013055555557,143.089,1,1,train,1,12,4.016615867614746,9.095129967,1.406910419464111,2.13208556175232,12.63412594821643,0.16875607940676798,0.831243920593232,True,True,False,0.15468832491331358,-0.8105424633986531,0.07198859663326347,0.011135795426059731,0.0831243920593232,0.011135795426059731,3.9544379735716753,3.9544379735716753,0.062177894043070836,3.6113957166822908,0.40522015093245534,3.7843314005877318,0.23228446702701433
33,2026-05-12T13:52:13.493Z,2026-05-12 13:52:13.493000+00:00,1086.0947666666666,18.101579444444443,142.439,1,1,train,1,13,4.113655090332031,6.596598148345947,1.4997410774230957,9.336196899414062,17.432536125183105,0.5355615977142281,0.46443840228577193,True,True,False,0.22735068041080322,-0.6433037417086418,0.0378407255317055,0.008603114696871698,0.0464438402285772,0.008603114696871698,4.121365677812501,4.121365677812501,-0.007710587480469933,3.7783234209231167,0.33533166940891457,3.916356701195899,0.19729838913613218
34,2026-05-12T13:54:35.522Z,2026-05-12 13:54:35.522000+00:00,1088.4619166666666,18.141031944444443,142.029,1,1,train,1,14,5.025596618652344,2.5937695503234863,8.060962677001953,4.796279430389404,15.451011657714844,0.31041847204837064,0.6895815279516293,True,True,False,3.107817607002371,0.4924555228068737,0.01678705322203541,0.05217109957312753,0.06895815279516294,0.05217109957312753,5.252646582879389,5.252646582879389,-0.22704996422704493,4.909604325990005,0.11599229266233912,4.811101538447465,0.21449508020487862
35,2026-05-12T13:56:57.013Z,2026-05-12 13:56:57.013000+00:00,1090.8201,18.180335,141.491,1,1,train,1,15,5.144688606262207,2.6386256217956543,9.893185616,1.616839886,14.148651123795654,0.11427519640234446,0.8857248035976556,True,True,False,3.7493707080989482,0.573958382145338,0.018649308677616126,0.06992317168214944,0.08857248035976556,0.06992317168214944,5.3340950575185335,5.3340950575185335,-0.1894064512563265,4.9910528006291495,0.15363580563305756,4.87552020038986,0.2691684058723469
36,2026-05-12T13:59:18.578Z,2026-05-12 13:59:18.578000+00:00,1093.1795166666666,18.21965861111111,141.565,1,1,train,1,16,5.101132392883301,2.3411550521850586,8.106987953186035,2.909078836,13.357221841371093,0.21779071056450977,0.7822092894354903,True,True,False,3.4628154788891834,0.5394293501589674,0.017527260383845986,0.06069366855970305,0.07822092894354904,0.06069366855970305,5.2995895022692245,5.2995895022692245,-0.19845710938592376,4.9565472453798405,0.1445851475034603,4.848229306256018,0.252903086627283
37,2026-05-12T14:01:39.706Z,2026-05-12 14:01:39.706000+00:00,1095.5316500000001,18.258860833333337,141.128,1,1,train,1,17,4.335300445556641,9.832083702087402,3.861116647720337,9.266672134399414,22.959872484207153,0.40360294425735393,0.5963970557426461,True,True,False,0.39270583578337537,-0.40593264487247477,0.042822902038547286,0.016816803535717323,0.05963970557426461,0.016816803535717323,4.355651887108808,4.355651887108808,-0.02035144155216706,4.012609630219424,0.322690815337217,4.101656722851189,0.23364372270545175
38,2026-05-12T14:04:01.828Z,2026-05-12 14:04:01.828000+00:00,1097.90035,18.298339166666665,142.122,1,1,train,1,18,4.927454948425293,5.234331607818604,9.27167510986328,1.112860918045044,15.618867635726929,0.07125106275306811,0.9287489372469319,True,True,False,1.7713197795902023,0.2482969722429829,0.033512875132160565,0.05936201859253262,0.09287489372469318,0.05936201859253262,5.008495787175126,5.008495787175126,-0.08104083874983292,4.665453530285742,0.26200141813955113,4.617999486615047,0.30945546181024586
39,2026-05-12T14:06:23.735Z,2026-05-12 14:06:23.735000+00:00,1100.2654666666667,18.337757777777778,141.907,1,1,train,1,19,5.037725448608398,2.7481374740600586,8.593023300170898,9.474826813,20.815987587230957,0.45517066020985203,0.5448293397901479,True,True,False,3.1268535076142645,0.4951075351204345,0.013202051848579284,0.041280882130435514,0.0544829339790148,0.041280882130435514,5.255348687036941,5.255348687036941,-0.21762323842854236,4.912306430147557,0.1254190184608417,4.8132386679029855,0.22448678070541295
40,2026-05-12T14:08:45.405Z,2026-05-12 14:08:45.405000+00:00,1102.6266333333333,18.377110555555554,141.67,1,1,train,1,20,4.972665786743164,2.798015594482422,7.081581592559815,7.36138105392456,17.240978240966797,0.426970033314755,0.573029966685245,True,True,False,2.5309299942875296,0.4032801327066148,0.016228867964312922,0.04107412870421158,0.0573029966685245,0.04107412870421158,5.163536304753556,5.163536304753556,-0.19087051801039223,4.820494047864172,0.15217173887899182,4.7406230560988,0.23204273064436443
41,2026-05-12T14:11:06.405Z,2026-05-12 14:11:06.405000+00:00,1104.9766333333332,18.41627722222222,141.0,1,1,train,1,21,4.567420006,3.407503128051758,3.0750389099121094,2.7852180004119877,9.267760038375854,0.3005276343883509,0.6994723656116492,True,True,False,0.9024317203401263,-0.04458564770629316,0.036767278327686524,0.03317995823347839,0.06994723656116492,0.03317995823347839,4.715893313351654,4.715893313351654,-0.14847330735165443,4.37285105646227,0.19456894953772963,4.386576369997421,0.1808436360025789
42,2026-05-12T14:13:28.000Z,2026-05-12 14:13:28+00:00,1107.33655,18.455609166666665,141.595,1,1,train,1,22,4.763151168823242,1.8840086460113523,3.156545162200928,1.175512194633484,6.216066002845764,0.18910870542483385,0.8108912945751662,True,True,False,1.6754409109977662,0.22412911585966586,0.030308697577355815,0.05078043188016081,0.08108912945751663,0.05078043188016081,4.9843663243210745,4.9843663243210745,-0.22121515549783233,4.6413240674316905,0.12182710139155173,4.598915179421654,0.1642359894015879
43,2026-05-12T14:15:48.903Z,2026-05-12 14:15:48.903000+00:00,1109.6849333333334,18.49474888888889,140.903,1,1,train,1,23,4.567420006,7.6740570068359375,5.443904876708984,9.056580543518066,22.17454242706299,0.4084224318633486,0.5915775681366514,True,True,False,0.7093907266859802,-0.14911449302143553,0.034607510085394644,0.024550246728270497,0.05915775681366514,0.024550246728270497,4.611624899203194,4.611624899203194,-0.04420489320319376,4.26858264231381,0.2988373636861903,4.304109119971463,0.2633108860285365
44,2026-05-12T14:18:10.664Z,2026-05-12 14:18:10.664000+00:00,1112.0476166666667,18.534126944444445,141.761,1,1,train,1,24,4.65343189239502,9.119361877441406,8.345041275024414,9.212096214294434,26.676499366760254,0.3453262771716214,0.6546737228283787,True,True,False,0.9150904840905117,-0.038535960798780654,0.03418500213264269,0.03128237015019517,0.06546737228283786,0.03128237015019517,4.7219683315987755,4.7219683315987755,-0.06853643920375507,4.378926074709391,0.274505817685629,4.39138118124145,0.26205071115357015
45,2026-05-12T14:20:31.995Z,2026-05-12 14:20:31.995000+00:00,1114.4031333333332,18.573385555555554,141.331,1,1,train,1,25,4.345775604248047,9.048858642578123,3.539415121078491,3.339630603790283,15.927904367446898,0.20967168855029963,0.7903283114497004,True,True,False,0.3911449234519229,-0.40766230195412934,0.056811357186900134,0.022221473958069903,0.07903283114497003,0.022221473958069903,4.353541560318699,4.353541560318699,-0.0077659560706520026,4.010499303429315,0.33527630081873205,4.099987637841528,0.24578796640651923
46,2026-05-12T14:22:53.376Z,2026-05-12 14:22:53.376000+00:00,1116.7594833333335,18.61265805555556,141.381,1,1,train,1,26,4.328131675720215,3.804446220397949,1.855440974235535,9.726368904,15.386256098633483,0.6321465625977614,0.3678534374022386,True,True,False,0.48770329944142404,-0.31184430628180515,0.024726263465326293,0.012059080274897572,0.036785343740223866,0.012059080274897572,4.450055028487928,4.450055028487928,-0.12192335276771349,4.107012771598544,0.22111890412167057,4.17632139984784,0.15181027587237494
47,2026-05-12T14:25:14.335Z,2026-05-12 14:25:14.335000+00:00,1119.1088000000002,18.651813333333337,140.959,1,1,train,1,27,4.867908477783203,4.621294021606445,7.777799606323242,4.400923728942871,16.80001735687256,0.261959475127717,0.738040524872283,True,True,False,1.6830350049053011,0.22609314882140633,0.027507674090086368,0.04629637839714194,0.07380405248722831,0.04629637839714194,4.986352874530159,4.986352874530159,-0.1184443967469555,4.643310617640775,0.22459786014242855,4.600486367917419,0.26742210986578385
48,2026-05-12T14:27:35.593Z,2026-05-12 14:27:35.593000+00:00,1121.4631,18.691051666666667,141.258,1,1,train,1,28,4.827108383178711,2.9393019676208496,5.055250644683838,6.315067291259766,14.309619903564453,0.44131621481341476,0.5586837851865852,True,True,False,1.7198813529103627,0.23549848786474636,0.020540741035956413,0.035327637482702116,0.05586837851865853,0.035327637482702116,4.995836074936932,4.995836074936932,-0.168727691758221,4.652793818047548,0.17431456513116306,4.607986754927028,0.21912162825168302
49,2026-05-12T14:29:57.389Z,2026-05-12 14:29:57.389000+00:00,1123.8263666666667,18.730439444444446,141.796,1,1,train,1,29,4.637993812561035,4.788331031799316,4.447020530700684,1.4427543878555298,10.67810595035553,0.13511332389500152,0.8648866761049985,True,True,False,0.9287203623074535,-0.032115032387984285,0.04484251283945996,0.04164615477103989,0.08648866761049985,0.04164615477103989,4.728260976619935,4.728260976619935,-0.09026716405889967,4.385218719730551,0.2527750928304844,4.396358116342292,0.2416356962187436
50,2026-05-12T14:32:18.768Z,2026-05-12 14:32:18.768000+00:00,1126.1826833333332,18.769711388888886,141.379,1,2,train,2,0,4.604361534118652,8.834828377,6.996333599090576,4.639993667602539,20.471155643693116,0.22666007471014749,0.7733399252898524,True,True,False,0.7919037360481572,-0.10132760811254647,0.04315744812248491,0.03417654440650033,0.07733399252898523,0.03417654440650033,4.659171461817782,4.659171461817782,-0.054809927699129624,4.316129204928398,0.28823232919025443,4.341714317087334,0.26264721703131855
51,2026-05-12T14:34:40.909Z,2026-05-12 14:34:40.909000+00:00,1128.5517,18.809195,142.141,1,2,train,2,1,4.560252189636231,5.993945121765137,4.859119415283203,7.390170574188232,18.243235111236572,0.40509101204513875,0.5949089879548612,True,True,False,0.8106713219043049,-0.09115519019847167,0.032855713831552176,0.026635184963933956,0.059490898795486136,0.026635184963933956,4.669476702812655,4.669476702812655,-0.10922451317642334,4.326434445923271,0.2338177437129607,4.349864866730219,0.21038732290601203
52,2026-05-12T14:37:02.605Z,2026-05-12 14:37:02.605000+00:00,1130.9133,18.848554999999998,141.696,1,2,train,2,2,4.470381736755371,8.788537025,5.004181385040283,9.226182938,23.01890134804028,0.40080900467412933,0.5991909953258707,True,True,False,0.5693986804408192,-0.2445835436483801,0.03817965458958889,0.021739444942998187,0.059919099532587075,0.021739444942998187,4.516370923957488,4.516370923957488,-0.04598918720211653,4.173328667068104,0.2970530696872675,4.228771507361671,0.24161022939370014
53,2026-05-12T14:39:24.168Z,2026-05-12 14:39:24.168000+00:00,1133.2726833333334,18.887878055555557,141.563,1,2,train,2,3,4.853573799133301,6.068652629852295,9.204799652,9.646328926086426,24.91978120793872,0.38709524957680547,0.6129047504231946,True,True,False,1.5167781406239487,0.18092206111028536,0.02435275245482091,0.036937722587498556,0.061290475042319464,0.036937722587498556,4.941260826720923,4.941260826720923,-0.08768702758762181,4.5982185698315385,0.25535522930176224,4.564822478606011,0.2887513205272896
54,2026-05-12T14:41:45.518Z,2026-05-12 14:41:45.518000+00:00,1135.6285166666667,18.927141944444443,141.35,1,2,train,2,4,4.454943656921387,7.181658744812012,3.965494155883789,3.490147829055786,14.637300729751587,0.23844203883587342,0.7615579611641266,True,True,False,0.5521696723265275,-0.25792745047281684,0.0490640923310038,0.027091703785408858,0.07615579611641266,0.027091703785408858,4.502854026246169,4.502854026246169,-0.04791036932478221,4.159811769356785,0.29513188756460185,4.218080816491975,0.23686284042941175
55,2026-05-12T14:44:07.194Z,2026-05-12 14:44:07.194000+00:00,1137.9897833333334,18.966496388888892,141.676,1,2,train,2,5,4.212347984313965,6.720005989074707,2.10981822,2.2132785320281982,11.043102741102906,0.20042180027813014,0.7995781997218698,True,True,False,0.31396076483117924,-0.5031246216146124,0.060852517146857237,0.019105302825329747,0.07995781997218698,0.019105302825329747,4.258520740100368,4.258520740100368,-0.04617275578640356,3.915478483210984,0.29686950110298094,4.024834430586841,0.18751355372712375
56,2026-05-12T14:46:29.068Z,2026-05-12 14:46:29.068000+00:00,1140.35435,19.005905833333333,141.874,1,2,train,2,6,4.425170898,3.9526641368865967,2.5090510845184326,8.314724922180176,14.776440143585205,0.5627014924694017,0.4372985075305983,True,True,False,0.634774672885499,-0.1973804096511253,0.02674977260069327,0.016980078152366556,0.043729850753059823,0.016980078152366556,4.563760913241724,4.563760913241724,-0.1385900152417241,4.22071865635234,0.20445224164765996,4.266252868586425,0.15891802941357547
57,2026-05-12T14:48:51.658Z,2026-05-12 14:48:51.658000+00:00,1142.73085,19.045514166666667,142.59,1,2,train,2,7,4.793475151062012,7.425939559936523,9.599676132202148,7.379024505615234,24.404640197753906,0.3023615364054565,0.6976384635945435,True,True,False,1.2927220932409806,0.11150517117257985,0.03042839189499698,0.039335454464457374,0.06976384635945435,0.039335454464457374,4.871845204640053,4.871845204640053,-0.07837005357804117,4.528802947750669,0.2646722033113429,4.509920756846824,0.28355439421518813
58,2026-05-12T14:51:13.162Z,2026-05-12 14:51:13.162000+00:00,1145.08925,19.084820833333332,141.504,1,2,train,2,8,4.4554948806762695,6.393741130828857,3.7063279151916495,3.857410430908203,13.957479476928711,0.27636869803637437,0.7236313019636257,True,True,False,0.5796806344443253,-0.2368112079860518,0.04580870881019398,0.026554421386168592,0.07236313019636256,0.026554421386168592,4.5239617318108705,4.5239617318108705,-0.06846685113460094,4.180919474921486,0.2745754057547831,4.234775176394678,0.22071970428159116
59,2026-05-12T14:53:35.106Z,2026-05-12 14:53:35.106000+00:00,1147.4549833333333,19.12424972222222,141.944,1,2,train,2,9,4.767561912536621,6.490094661712647,8.302104949951172,3.8765311241149902,18.66873073577881,0.20764834947699898,0.792351650523001,True,True,False,1.2791962802835852,0.10693718787493413,0.034764520167802924,0.04447064488449719,0.0792351650523001,0.04447064488449719,4.867239366257201,4.867239366257201,-0.09967745372058001,4.524197109367817,0.24336480316880404,4.506277939138318,0.261283973398303
60,2026-05-12T14:55:56.695Z,2026-05-12 14:55:56.695000+00:00,1149.8148,19.163580000000003,141.589,1,2,train,2,10,4.378856658935547,4.671301842,2.4536473751068115,1.6579327583312988,8.78288197543811,0.1887686482600829,0.8112313517399171,True,True,False,0.5252598650435939,-0.279625782246591,0.053186435330266235,0.027936699843725477,0.08112313517399171,0.027936699843725477,4.481157052830006,4.481157052830006,-0.10230039389445889,4.138114795940622,0.24074186299492517,4.200920396952366,0.1779362619831808
61,2026-05-12T14:58:17.999Z,2026-05-12 14:58:17.999000+00:00,1152.1698666666666,19.20283111111111,141.304,1,2,train,2,11,4.0662384033203125,8.486347198486328,1.842304229736328,7.040344715118408,17.368996143341064,0.40533975924783305,0.594660240752167,True,True,False,0.2170903672271306,-0.6633594467110145,0.0488591691105869,0.010606854964629786,0.059466024075216686,0.010606854964629786,4.100582139962794,4.100582139962794,-0.034343736642481915,3.75753988307341,0.3086985202469026,3.8999187297711555,0.166319673549157
62,2026-05-12T15:00:39.600Z,2026-05-12 15:00:39.600000+00:00,1154.5298833333334,19.242164722222224,141.601,1,2,train,2,12,4.496295928955078,5.389996528625488,3.587766170501709,2.4772002696990967,11.454962968826294,0.21625563316447083,0.7837443668355292,True,True,False,0.6656342265616693,-0.1767643549494524,0.047053810154549645,0.031320626529003276,0.07837443668355293,0.031320626529003276,4.583837690203224,4.583837690203224,-0.08754176124814617,4.24079543331384,0.2555004956412379,4.282131853597571,0.21416407535750714
63,2026-05-12T15:03:00.933Z,2026-05-12 15:03:00.933000+00:00,1156.8854333333334,19.281423888888888,141.333,1,2,train,2,13,4.931865692138672,2.319996118545532,5.883328914642334,9.158088684082031,17.361413717269897,0.527496713874874,0.47250328612512604,True,True,False,2.5359218783222586,0.4041358705282497,0.013362944725162359,0.03388738388735024,0.047250328612512604,0.03388738388735024,5.164446167249677,5.164446167249677,-0.2325804751110052,4.821403910360293,0.11046178177837884,4.7413426782256884,0.19052301391298343
64,2026-05-12T15:05:23.209Z,2026-05-12 15:05:23.209000+00:00,1159.2567000000001,19.320945000000002,142.276,1,2,train,2,14,4.642955780029297,8.354703903198242,7.741885662078857,3.4639968872070312,19.56058645248413,0.1770906458056177,0.8229093541943823,True,True,False,0.9266499150395032,-0.0330843097422317,0.04271192954001245,0.03957900587942578,0.08229093541943823,0.03957900587942578,4.72731177719889,4.72731177719889,-0.08435599716959352,4.384269520309506,0.25868625971979053,4.395607382127918,0.24734839790137908
65,2026-05-12T15:07:45.645Z,2026-05-12 15:07:45.645000+00:00,1161.6306333333334,19.360510555555557,142.436,1,2,train,2,15,4.440056800842285,6.315206527709961,3.978550672531128,9.969668388,20.26342558824109,0.4920031089800246,0.5079968910199754,True,True,False,0.6299953382480813,-0.20066266416645775,0.03116554256934074,0.019634146532656795,0.05079968910199753,0.019634146532656795,4.560329334665905,4.560329334665905,-0.12027253382361991,4.217287077776521,0.22276972306576415,4.263538788289846,0.17651801255243882
66,2026-05-12T15:10:07.556Z,2026-05-12 15:10:07.556000+00:00,1163.9958166666665,19.399930277777777,141.911,1,2,train,2,16,4.5767927169799805,8.860002517700195,6.578691482543945,3.931365966796875,19.370059967041016,0.20296096003245534,0.7970390399675447,True,True,False,0.7425157576875708,-0.1292943253048338,0.04574070773542193,0.03396319626133254,0.07970390399675448,0.03396319626133254,4.631226485045645,4.631226485045645,-0.0544337680656648,4.288184228156261,0.28860848882371926,4.319612270122698,0.2571804468572827
67,2026-05-12T15:12:29.770Z,2026-05-12 15:12:29.770000+00:00,1166.36605,19.43943416666667,142.214,1,2,train,2,17,4.197461128234863,6.807454109191895,2.1034352779388428,1.0485353469848633,9.9594247341156,0.10528071399477004,0.89471928600523,True,True,False,0.30899000480938077,-0.5100555688804715,0.06835188066508743,0.021120047935435586,0.08947192860052303,0.021120047935435586,4.251451645891479,4.251451645891479,-0.053990517656616,3.908409389002095,0.2890517392327685,4.019243391686494,0.17821773654836903
68,2026-05-12T15:14:51.128Z,2026-05-12 15:14:51.128000+00:00,1168.7220166666666,19.478700277777776,141.358,1,2,train,2,18,4.352943420410156,5.532317161560059,2.561502456665039,2.992248058319092,11.08606767654419,0.2699106793881536,0.7300893206118464,True,True,False,0.4630071599045346,-0.33441229303606923,0.04990333202877058,0.02310560003241406,0.07300893206118464,0.02310560003241406,4.426616918801823,4.426616918801823,-0.07367349839166693,4.083574661912439,0.26936875849771713,4.157783892900935,0.1951595275092215
69,2026-05-12T15:17:13.116Z,2026-05-12 15:17:13.116000+00:00,1171.0884833333332,19.518141388888886,141.988,1,2,train,2,19,4.843097686767578,6.219867706298828,9.886786460876465,6.341348648071289,22.448002815246582,0.2824905493937427,0.7175094506062574,True,True,False,1.589549316437095,0.2012740066290522,0.027707889015740512,0.044043056044885225,0.07175094506062574,0.044043056044885225,4.961552986805224,4.961552986805224,-0.11845530003764626,4.61851072991584,0.2245869568517378,4.580871812940916,0.2622258738266625
70,2026-05-12T15:19:34.334Z,2026-05-12 15:19:34.334000+00:00,1173.4421166666666,19.55736861111111,141.218,1,2,train,2,20,4.722351074,1.3204381465911863,2.331531047821045,1.7338905334472656,5.385859727859497,0.32193384548772236,0.6780661545122777,True,True,False,1.7657253040137273,0.24692314078724745,0.024516757088212698,0.04328985836301506,0.06780661545122776,0.04328985836301506,5.007196038164305,5.007196038164305,-0.2848449641643054,4.664153781274921,0.058197292725078675,4.616971498153521,0.10537957584647906
71,2026-05-12T15:21:55.987Z,2026-05-12 15:21:55.987000+00:00,1175.8029999999999,19.596716666666666,141.653,1,2,train,2,21,4.517247200012207,7.322654724121094,4.923448563,5.513732433319092,17.759835720440186,0.3104607790359916,0.6895392209640083,True,True,False,0.6723584203392766,-0.1723991518291779,0.04123154537794113,0.0277223767184597,0.06895392209640083,0.0277223767184597,4.5882768279689445,4.5882768279689445,-0.0710296279567375,4.2452345710795605,0.27201262893264655,4.285642825611627,0.2316043744005798
72,2026-05-12T15:24:17.907Z,2026-05-12 15:24:17.907000+00:00,1178.1683333333335,19.63613888888889,141.92,1,2,train,2,22,3.930053711,8.417365074157715,1.214712142944336,8.550868988,18.18294620510205,0.4702686182726904,0.5297313817273097,True,True,False,0.14431026006863393,-0.8407027906474136,0.04629263585345615,0.006680502319274824,0.05297313817273098,0.006680502319274824,3.928011877932297,3.928011877932297,0.0020418330677030028,3.5849696210429123,0.3450840899570875,3.763430656540742,0.16662305445925796
73,2026-05-12T15:26:39.779Z,2026-05-12 15:26:39.779000+00:00,1180.5328666666667,19.675547777777776,141.872,1,2,train,2,23,4.512285232543945,3.695390939712525,2.7524333000183105,3.100379467010498,9.548203706741333,0.3247081401103259,0.6752918598896741,True,True,False,0.7448287190508808,-0.12794358620922913,0.03870247277090939,0.028826713218058027,0.06752918598896741,0.028826713218058027,4.632668793060843,4.632668793060843,-0.12038356051689725,4.2896265361714585,0.2226586963724868,4.320753010361965,0.19153222218197996
74,2026-05-12T15:29:01.672Z,2026-05-12 15:29:01.672000+00:00,1182.89775,19.714962500000002,141.893,1,2,train,2,24,4.772523880004883,5.554773807525635,7.206357002258301,9.81508445739746,22.576215267181396,0.43475331632160047,0.5652466836783995,True,True,False,1.2973268132889755,0.11304939422526303,0.0246045395199633,0.03192012884787665,0.05652466836783995,0.03192012884787665,4.873467699697497,4.873467699697497,-0.10094381969261423,4.530425442808113,0.24209843719676982,4.5112040093702355,0.26131987063464734
75,2026-05-12T15:31:23.818Z,2026-05-12 15:31:23.818000+00:00,1185.26685,19.7544475,142.146,1,2,train,2,25,5.149650573730469,1.4570271968841553,7.035609245300293,8.114689826965332,16.60732626914978,0.48862108779300617,0.5113789122069938,True,True,False,4.828742565921834,0.6838340525364418,0.008773400204648044,0.042364491016051345,0.05113789122069939,0.042364491016051345,5.444048857876581,5.444048857876581,-0.29439828414611213,5.101006600987197,0.048643972743271924,4.962484096594522,0.18716647713594714
76,2026-05-12T15:33:46.786Z,2026-05-12 15:33:46.786000+00:00,1187.64965,19.794160833333333,142.968,1,2,train,2,26,4.904297828674316,2.913615703582764,6.170339107513428,4.517364978790283,13.601319789886475,0.3321269588962431,0.6678730411037569,True,True,False,2.117760108145351,0.3258767633213846,0.021421566058238257,0.045365738052137436,0.0667873041103757,0.045365738052137436,5.086121536120309,5.086121536120309,-0.18182370744599297,4.743079279230925,0.1612185494433911,4.679394704898505,0.22490312377581123
77,2026-05-12T15:36:09.161Z,2026-05-12 15:36:09.161000+00:00,1190.0225666666668,19.833709444444445,142.375,1,2,train,2,27,5.111607551574707,2.077772617340088,8.441777229309082,6.848407269,17.36795711564917,0.39431276939469945,0.6056872306053006,True,True,False,4.062897527312701,0.6088358688723488,0.011963252808057306,0.048605470252472756,0.06056872306053006,0.048605470252472756,5.369029194723838,5.369029194723838,-0.2574216431491312,5.025986937834454,0.08562061374025287,4.90315006558805,0.20845748598665725
78,2026-05-12T15:38:31.252Z,2026-05-12 15:38:31.252000+00:00,1192.39075,19.873179166666667,142.091,1,2,train,2,28,4.479203224182129,8.029460906982422,4.680170536,4.752354621887207,17.461986064869627,0.27215430159162074,0.7278456984083794,True,True,False,0.58287481441377,-0.23442470981596483,0.04598251812338948,0.02680205171744846,0.07278456984083793,0.02680205171744846,4.526338452174521,4.526338452174521,-0.047135227992392004,4.183296195285137,0.29590702889699205,4.236654955559555,0.24254826862257417
79,2026-05-12T15:40:53.322Z,2026-05-12 15:40:53.322000+00:00,1194.7585833333333,19.912643055555556,142.07,1,2,train,2,29,4.419105529785156,4.373124122619629,2.3989381790161133,5.145124435424805,11.917186737060547,0.431739851774269,0.568260148225731,True,True,False,0.5485639354729953,-0.26077274784326004,0.03669594359061197,0.02013007123196114,0.056826014822573115,0.02013007123196114,4.500282676794952,4.500282676794952,-0.08117714700979572,4.157240419905568,0.26186510987958833,4.216047102640763,0.20305842714439315
80,2026-05-12T15:43:15.106Z,2026-05-12 15:43:15.106000+00:00,1197.12165,19.9520275,141.784,1,3,train,3,0,4.013307571411133,6.323430538,1.245916485786438,4.5049028396606445,12.074249863447083,0.37310001785688884,0.6268999821431112,True,True,False,0.19703173432509966,-0.705463819867156,0.05237120822837372,0.010318789985937401,0.06268999821431112,0.010318789985937401,4.058920187300633,4.058920187300633,-0.045612615889500496,3.715877930411249,0.297429640999884,3.8669677474931654,0.1463398239179674
81,2026-05-12T15:45:37.754Z,2026-05-12 15:45:37.754000+00:00,1199.4991166666666,19.991651944444445,142.648,1,3,train,3,1,4.808362961,3.23929214477539,5.761162757873535,7.821721076965332,16.822175979614258,0.4649648824530183,0.5350351175469816,True,True,False,1.7785252148885784,0.2500600267381865,0.019256082855754725,0.034247428898943444,0.05350351175469817,0.034247428898943444,5.010404035335842,5.010404035335842,-0.20204107433584184,4.667361778446458,0.14100118255354221,4.619508744998486,0.18885421600151453
82,2026-05-12T15:48:00.440Z,2026-05-12 15:48:00.440000+00:00,1201.8772166666668,20.031286944444446,142.686,1,3,train,3,2,4.669971466064453,6.256481170654297,5.423519134521484,6.229099273681641,17.909099578857422,0.34781755756360866,0.6521824424363913,True,True,False,0.8668641344211538,-0.06204896514775528,0.034934649523309276,0.03028359472032987,0.06521824424363915,0.03028359472032987,4.698487043926574,4.698487043926574,-0.028515577862120445,4.3554447870371895,0.3145266790272636,4.372809524261632,0.2971619418028215
83,2026-05-12T15:50:21.660Z,2026-05-12 15:50:21.660000+00:00,1204.2308833333334,20.070514722222224,141.22,1,3,train,3,3,4.4637651443481445,8.331745147705078,4.553992271,8.414236068725586,21.299973487430663,0.39503504892580804,0.604964951074192,True,True,False,0.5465832415978742,-0.26234368803512853,0.03911622309117769,0.021380272016241517,0.06049649510741921,0.021380272016241517,4.4986525005496665,4.4986525005496665,-0.034887356201521946,4.155610243660282,0.3081549006878621,4.214757774965606,0.24900736938253853
84,2026-05-12T15:52:43.613Z,2026-05-12 15:52:43.613000+00:00,1206.5967666666666,20.10994611111111,141.953,1,3,train,3,4,4.228887557983398,8.030882835388184,2.735448837280273,7.576201438903809,18.342533111572266,0.4130400851845266,0.5869599148154734,True,True,False,0.3406162053848531,-0.4677346935965651,0.043782844967697056,0.014913146513850284,0.05869599148154734,0.014913146513850284,4.294245854233084,4.294245854233084,-0.06535829624968592,3.9512035973437,0.2776839606396986,4.053089889763518,0.17579766821988052
85,2026-05-12T15:55:05.414Z,2026-05-12 15:55:05.414000+00:00,1208.9601166666666,20.149335277777777,141.801,1,3,train,3,5,4.459354400634766,9.446430206298828,5.658636569976807,8.926506042480469,24.031572818756104,0.3714490978099249,0.6285509021900751,True,True,False,0.599023805437493,-0.22255591823721543,0.0393084142995672,0.02354667591944031,0.06285509021900751,0.02354667591944031,4.538297770933638,4.538297770933638,-0.07894337029887222,4.195255514044254,0.26409888659051184,4.246113736900988,0.21324066373377804
86,2026-05-12T15:57:28.706Z,2026-05-12 15:57:28.706000+00:00,1211.3483166666667,20.18913861111111,143.292,1,3,train,3,6,4.930763244628906,4.809371948242188,9.95445156097412,2.764582872390747,17.528406381607056,0.1577201493509236,0.8422798506490764,True,True,False,2.0698028075396504,0.31592897170002693,0.027437588127171498,0.056790396937736146,0.08422798506490764,0.056790396937736146,5.076125972872053,5.076125972872053,-0.1453627282431471,4.733083715982669,0.19767952864623695,4.6714890834284155,0.25927416120049074
87,2026-05-12T15:59:51.516Z,2026-05-12 15:59:51.516000+00:00,1213.7284833333333,20.228808055555554,142.81,1,3,train,3,7,4.4306840896606445,8.223516464233398,4.436218262,1.5015095472335815,14.16124427346698,0.10602949276476108,0.893970507235239,True,True,False,0.539455144437842,-0.2680446609588384,0.058070578442328526,0.03132647228119537,0.08939705072352389,0.03132647228119537,4.492641603399561,4.492641603399561,-0.06195751373891678,4.149599346510177,0.2810847431504673,4.21000367793434,0.22068041172630437
88,2026-05-12T16:02:13.404Z,2026-05-12 16:02:13.404000+00:00,1216.0932833333331,20.268221388888886,141.888,1,3,train,3,8,4.722351074,3.125374794006348,4.181918144226074,2.473954200744629,9.78124713897705,0.2529282989779728,0.7470717010220271,True,True,False,1.3380533279547464,0.12647342253117,0.03195272289514206,0.04275444720706066,0.07470717010220272,0.04275444720706066,4.886781639066828,4.886781639066828,-0.1644305650668283,4.543739382177444,0.17861169182255576,4.521734177837531,0.2006168961624688
89,2026-05-12T16:04:35.577Z,2026-05-12 16:04:35.577000+00:00,1218.4628333333335,20.30771388888889,142.173,1,3,train,3,9,4.813324928283691,2.937996864318848,4.786731719970703,2.405787467956543,10.130516052246094,0.2374792612290607,0.7625207387709393,True,True,False,1.6292501119059124,0.21198775949738607,0.029001453126047298,0.047250620751046635,0.07625207387709393,0.047250620751046635,4.972245365465158,4.972245365465158,-0.1589204371814663,4.629203108575774,0.18412181970791774,4.589328554817371,0.22399637346632062
90,2026-05-12T16:06:57.964Z,2026-05-12 16:06:57.964000+00:00,1220.8359500000001,20.347265833333335,142.387,1,3,train,3,10,4.172650337219238,5.659758567810059,1.6289029121398926,4.344859600067139,11.63352108001709,0.37347760580674993,0.6265223941932501,True,True,False,0.2878043104884891,-0.5409027058568623,0.04865043462663967,0.014001804792685344,0.06265223941932502,0.014001804792685344,4.221492236606768,4.221492236606768,-0.04884189938753014,3.878449979717384,0.29420035750185436,3.9955481037482468,0.17710223347099152
91,2026-05-12T16:09:20.287Z,2026-05-12 16:09:20.287000+00:00,1223.2079999999999,20.386799999999997,142.323,1,3,train,3,11,4.780243873596191,2.981888055801392,4.477949142456055,1.8164279460906985,9.276265144348145,0.19581457815459427,0.8041854218454058,True,True,False,1.5017160465645285,0.17658782143752835,0.032145351705672204,0.04827319047886838,0.08041854218454059,0.04827319047886838,4.93684811318365,4.93684811318365,-0.15660423958745895,4.593805856294266,0.1864380173019251,4.561332405859216,0.21891146773697567
92,2026-05-12T16:11:41.775Z,2026-05-12 16:11:41.775000+00:00,1225.5661333333333,20.42610222222222,141.488,1,3,train,3,12,4.894925117492676,4.2156829833984375,7.869575977325439,9.926755905151367,22.012014865875244,0.4509698892008566,0.5490301107991434,True,True,False,1.8667380845087753,0.2710833878837251,0.01915173603636767,0.03575127504354667,0.05490301107991434,0.03575127504354667,5.031407333616514,5.031407333616514,-0.13648221612383793,4.68836507672713,0.20656004076554613,4.636120527817161,0.2588045896755151
93,2026-05-12T16:14:04.844Z,2026-05-12 16:14:04.844000+00:00,1227.9506166666665,20.465843611111108,143.069,1,3,train,3,13,4.648469924926758,8.045789719,7.092952728271484,8.478935241699219,23.6176776889707,0.3590080004207537,0.6409919995792464,True,True,False,0.8815732172966928,-0.05474161240896672,0.03406681141540572,0.030032388542518922,0.06409919995792464,0.030032388542518922,4.705794052683997,4.705794052683997,-0.05732412775723894,4.362751795794613,0.2857181291321451,4.378588732884507,0.26988119204225125
94,2026-05-12T16:16:26.813Z,2026-05-12 16:16:26.813000+00:00,1230.3167666666666,20.505279444444444,141.969,1,3,train,3,14,4.021027565002441,7.409592151641846,1.482351541519165,9.951426506,18.84337019916101,0.5281128800644739,0.4718871199355261,True,True,False,0.2000584527706697,-0.6988430943019543,0.03932201126087176,0.007866700732680854,0.04718871199355261,0.007866700732680854,4.066812755711932,4.066812755711932,-0.045785190709490386,3.7237704988225473,0.2972570661798941,3.8732100828910623,0.14781748211137913
95,2026-05-12T16:18:48.689Z,2026-05-12 16:18:48.689000+00:00,1232.6813666666667,20.544689444444444,141.876,1,3,train,3,15,4.003383636474609,9.056743621826172,1.710686445236206,9.847497940063477,20.614928007125854,0.47768771914505564,0.5223122808549444,True,True,False,0.1888853783067858,-0.7238016596877765,0.04393293839636779,0.008298289689126647,0.052231228085494436,0.008298289689126647,4.041824261292047,4.041824261292047,-0.038440624817437374,3.6987820044026622,0.3046016320719471,3.853446356417168,0.14993728005744122
96,2026-05-12T16:21:11.855Z,2026-05-12 16:21:11.855000+00:00,1235.0674666666666,20.58445777777778,143.166,1,3,train,3,16,3.941632270812988,9.695536613464355,1.3416810035705566,7.364595413208008,18.40181303024292,0.4002103162935347,0.5997896837064652,True,True,False,0.13838130441458407,-0.8589225799517328,0.05268794220183622,0.00729102616881031,0.059978968370646535,0.00729102616881031,3.909371620763599,3.909371620763599,0.03226065004938894,3.5663293638742144,0.37530290693877344,3.7486878337882024,0.19294443702478548
97,2026-05-12T16:23:34.427Z,2026-05-12 16:23:34.427000+00:00,1237.4436666666666,20.62406111111111,142.572,1,3,train,3,17,5.0085039138793945,3.5627453327178955,9.780977249145508,9.621156692504885,22.964879274368286,0.41895089356046883,0.5810491064395312,True,True,False,2.745348414135438,0.4385974689079053,0.015513886618574002,0.04259102402537913,0.05810491064395313,0.04259102402537913,5.1988390521312295,5.1988390521312295,-0.190335138251835,4.8557967952418455,0.15270711863754904,4.768544459894704,0.23995945398469054
98,2026-05-12T16:25:57.310Z,2026-05-12 16:25:57.310000+00:00,1239.82505,20.66375083333333,142.883,1,3,train,3,18,4.077816963195801,6.377004146575928,1.47468364238739,8.523088455200195,16.374776244163513,0.5205010638382368,0.47949893616176326,True,True,False,0.23125022479077537,-0.635917836425272,0.03894406892337777,0.009005824692798557,0.047949893616176326,0.009005824692798557,4.128485158805922,4.128485158805922,-0.050668195610120925,3.785442901916537,0.2923740612792636,3.9219875916619564,0.15582937153384435
99,2026-05-12T16:28:19.492Z,2026-05-12 16:28:19.492000+00:00,1242.1947499999999,20.70324583333333,142.182,1,3,train,3,19,4.445570945739746,9.343351364135742,4.998967170715332,3.034790277481079,17.377108812332153,0.17464299212578763,0.8253570078742124,True,True,False,0.5350293460977784,-0.27162239648568776,0.05376815824220984,0.028767542545211404,0.08253570078742124,0.028767542545211404,4.4891287966010704,4.4891287966010704,-0.043557850861324354,4.146086539711686,0.2994844060280597,4.207225353175976,0.2383455925637703
100,2026-05-12T16:30:42.384Z,2026-05-12 16:30:42.384000+00:00,1244.5762833333333,20.742938055555555,142.892,1,3,train,3,20,4.094908714294434,6.308492183685303,1.5127555131912231,2.5563910007476807,10.377638697624207,0.24633648127805077,0.7536635187219493,True,True,False,0.23979668503092283,-0.620156824918275,0.06078928326083979,0.014577068611355146,0.07536635187219493,0.014577068611355146,4.142498706772742,4.142498706772742,-0.04758999247830875,3.799456449883358,0.29545226441107575,3.9330710897027448,0.16183762459168882
101,2026-05-12T16:33:05.343Z,2026-05-12 16:33:05.343000+00:00,1246.958933333333,20.782648888888886,142.959,1,3,train,3,21,4.3976030349731445,8.745513916015625,4.401782035827637,4.147047043,17.294342994843262,0.23979211261373415,0.7602078873862658,True,True,False,0.5033188533113727,-0.29815680150084994,0.050568639228580806,0.025452149510045787,0.0760207887386266,0.025452149510045787,4.462726749951201,4.462726749951201,-0.06512371497805614,4.119684493061817,0.2779185419113279,4.18634362978876,0.2112594051843848
102,2026-05-12T16:35:28.904Z,2026-05-12 16:35:28.904000+00:00,1249.3516166666666,20.822526944444444,143.561,1,3,train,3,22,5.138624191,1.9713456630706787,7.977984905,5.381337642669678,15.330668210740356,0.3510178140115003,0.6489821859884998,True,True,False,4.0469741326709,0.6071304284898635,0.012858837175078866,0.05203938142377111,0.06489821859884998,0.05203938142377111,5.367311142112778,5.367311142112778,-0.22868695111277848,5.024268885223394,0.11435530577660558,4.9017912353479325,0.2368329556520674
103,2026-05-12T16:37:50.432Z,2026-05-12 16:37:50.432000+00:00,1251.7104166666666,20.861840277777777,141.528,1,3,train,3,23,4.910914421081543,1.8790521621704104,4.597433567047119,1.762855887413025,8.239341616630554,0.21395591655707288,0.7860440834429271,True,True,False,2.4466769255286804,0.38857662618734373,0.022805853302376375,0.05579855504191634,0.07860440834429272,0.05579855504191634,5.148767061979848,5.148767061979848,-0.23785264089830527,4.805724805090464,0.10518961599107879,4.728941869169272,0.18197255191227057
104,2026-05-12T16:40:12.205Z,2026-05-12 16:40:12.205000+00:00,1254.0733,20.901221666666668,141.773,1,3,train,3,24,4.879487991333008,3.4123246669769287,6.176530361175537,3.865297317504883,13.454152345657349,0.2872940054638597,0.7127059945361404,True,True,False,1.8100652675138011,0.25769423498523203,0.02536261355832156,0.04590798589529248,0.07127059945361404,0.04590798589529248,5.017949301106869,5.017949301106869,-0.13846130977386117,4.674907044217485,0.20458094711552288,4.625476394203983,0.25401159712902466
105,2026-05-12T16:42:34.978Z,2026-05-12 16:42:34.978000+00:00,1256.4528500000001,20.940880833333335,142.773,1,3,train,3,25,4.415797233581543,6.550953388214111,3.4678773880004883,1.3320295810699463,11.350860357284546,0.11735053900254362,0.8826494609974563,True,True,False,0.5293698767937477,-0.27624077537782055,0.057713276192407396,0.030551669907338243,0.08826494609974564,0.030551669907338243,4.484471547301714,4.484471547301714,-0.0686743137201713,4.14142929041233,0.27436794316921276,4.203541873902412,0.21225535967913078
106,2026-05-12T16:44:57.399Z,2026-05-12 16:44:57.399000+00:00,1258.8265333333334,20.980442222222223,142.421,1,3,train,3,26,4.619799613952637,5.963613510131836,5.786372184753418,5.041311264038086,16.79129695892334,0.3002335838840013,0.6997664161159988,True,True,False,0.9702795419124168,-0.01310312550706019,0.03551609815918725,0.03446054345241263,0.06997664161159989,0.03446054345241263,4.747341118812102,4.747341118812102,-0.12754150485946525,4.404298861922718,0.2155007520299188,4.411448849902811,0.20835076404982544
107,2026-05-12T16:47:20.218Z,2026-05-12 16:47:20.218000+00:00,1261.2068499999998,21.020114166666662,142.819,1,3,train,3,27,5.121532440185547,1.5709567070007324,7.264969348907471,8.713197708129883,17.549123764038086,0.4965032912916764,0.5034967087083235,True,True,False,4.624550960909506,0.6650695695795399,0.008951767211420318,0.04139790365941204,0.05034967087083236,0.04139790365941204,5.425291066085119,5.425291066085119,-0.30375862589957237,5.082248809195735,0.03928363098981169,4.947648314174365,0.17388412601118208
108,2026-05-12T16:49:42.725Z,2026-05-12 16:49:42.725000+00:00,1263.5819666666669,21.059699444444448,142.507,1,3,train,3,28,4.429581642150879,7.257782459259033,4.115303993225098,5.928508281707764,17.301594734191895,0.34265675348363583,0.6573432465163642,True,True,False,0.5670194741060398,-0.2464020251431491,0.0419486328905624,0.02378569176107402,0.06573432465163642,0.02378569176107402,4.514472845482777,4.514472845482777,-0.08489120333189781,4.171430588593393,0.25815105355748624,4.227270292315665,0.20231134983521404
109,2026-05-12T16:52:04.560Z,2026-05-12 16:52:04.560000+00:00,1265.9458833333333,21.099098055555555,141.835,1,3,train,3,29,4.756534576416016,7.745972633361816,9.487553596496582,2.522180557250977,19.755706787109375,0.127668454711866,0.8723315452881341,True,True,False,1.2248369630992235,0.0880782840159744,0.03920878517196902,0.04802436935684439,0.08723315452881342,0.04802436935684439,4.848363541905648,4.848363541905648,-0.09182896548963271,4.505321285016264,0.25121329139975135,4.491348803225412,0.26518577319060377
110,2026-05-12T16:54:25.586Z,2026-05-12 16:54:25.586000+00:00,1268.2963166666666,21.138271944444444,141.026,1,4,train,4,0,5.058677673339844,2.2797908782958984,7.243326187133789,2.210524082183838,11.733641147613525,0.18839199651452018,0.8116080034854798,True,True,False,3.1771888624048015,0.5020430314662322,0.01942952617704334,0.061731274171504646,0.08116080034854799,0.061731274171504646,5.262203705507676,5.262203705507676,-0.20352603216783205,4.919161448618292,0.139516224721552,4.818660391507161,0.24001728183268245
111,2026-05-12T16:56:48.927Z,2026-05-12 16:56:48.927000+00:00,1270.6853333333333,21.17808888888889,143.341,1,4,train,4,1,4.677140235900879,1.650342345237732,2.4211604595184326,5.702972888946533,9.774475693702698,0.5834556315507266,0.4165443684492735,True,True,False,1.4670655858192043,0.166449529605162,0.01688420327548598,0.024770233569441368,0.04165443684492735,0.024770233569441368,4.926961317454788,4.926961317454788,-0.24982108155390925,4.583919060565404,0.0932211753354748,4.553512810040229,0.12362742586064979
112,2026-05-12T16:59:11.222Z,2026-05-12 16:59:11.222000+00:00,1273.0569166666667,21.217615277777778,142.295,1,4,train,4,2,4.114206314086914,9.197636604309082,2.4440650939941406,7.301979064941406,18.94368076324463,0.3854572485780604,0.6145427514219396,True,True,False,0.26572751230996655,-0.5755634782361821,0.04855253168198836,0.012901743460205603,0.06145427514219396,0.012901743460205603,4.187200114911533,4.187200114911533,-0.07299380082461937,3.844157858022149,0.27004845606476513,3.9684260169988024,0.1457802970881117
113,2026-05-12T17:01:34.011Z,2026-05-12 17:01:34.011000+00:00,1275.4367333333332,21.257278888888887,142.789,1,4,train,4,3,4.698642730712891,3.1678454875946045,4.217148303985596,9.215991973876951,16.600985765457153,0.5551472728236005,0.44485272717639934,True,True,False,1.3312354786557925,0.12425488345018916,0.019082273380332422,0.025402999337307518,0.04448527271763994,0.025402999337307518,4.88477453577125,4.88477453577125,-0.18613180505835913,4.541732278881866,0.15691045183102492,4.520146733637327,0.1784959970755633
114,2026-05-12T17:03:56.434Z,2026-05-12 17:03:56.434000+00:00,1277.81045,21.29684083333333,142.423,1,4,train,4,4,4.935725212097168,1.855609893798828,4.768946647644043,3.162666320800781,9.787222862243652,0.32314236278418224,0.6768576372158177,True,True,False,2.5700157471573917,0.40993578437511125,0.0189595140512969,0.048726249670284875,0.06768576372158178,0.048726249670284875,5.170150811073309,5.170150811073309,-0.23442559897614146,4.827108554183925,0.1086166579132426,4.745854555502758,0.18987065659440994
115,2026-05-12T17:46:23.537Z,2026-05-12 17:46:23.537000+00:00,1320.2621666666666,22.004369444444443,2547.103,2,5,train,1,0,4.787961959838867,7.543157101,7.981068134307861,7.851915836334228,23.37614107164209,0.3358944409288962,0.6641055590711038,True,True,False,1.0580540783447037,0.024507865550290543,0.03226861558493376,0.03414194032217663,0.0664105559071104,0.03414194032217663,4.784937407173089,4.784937407173089,0.0030245526657779465,4.441895150283705,0.346066809555162,4.4411842452057355,0.3467777146331317
116,2026-05-12T17:48:48.799Z,2026-05-12 17:48:48.799000+00:00,1322.6832,22.044719999999998,145.262,2,5,train,1,1,4.897682189941406,4.324800491333008,7.176953315734863,8.691786766052246,20.193540573120117,0.43042411183811896,0.5695758881618811,True,True,False,1.6594877220620075,0.2199740435717123,0.021416751934476543,0.03554083688171157,0.056957588816188114,0.03554083688171157,4.980314107636175,4.980314107636175,-0.08263191769476919,4.637271850746791,0.26041033919461487,4.595710228341866,0.30197196159954043
117,2026-05-12T17:51:10.875Z,2026-05-12 17:51:10.875000+00:00,1325.0511333333334,22.084185555555557,142.076,2,5,train,1,2,5.083488464355469,1.6750736236572266,5.8752617835998535,8.555215835571289,16.10555124282837,0.5311967101641948,0.46880328983580516,True,True,False,3.5074648066944425,0.5449933220852633,0.010400597895729394,0.036479731087851124,0.04688032898358052,0.036479731087851124,5.305258967781991,5.305258967781991,-0.22177050342652205,4.962216710892607,0.12127175346286201,4.852713360547753,0.2307751038077157
118,2026-05-12T17:53:33.387Z,2026-05-12 17:53:33.387000+00:00,1327.4263333333333,22.12377222222222,142.512,2,5,train,1,3,4.312693595886231,1.9117560386657717,1.0327486991882324,3.4475693702697754,6.392074108123779,0.5393506570720464,0.46064934292795356,True,True,False,0.5402094609880219,-0.2674378140417357,0.02990822706883347,0.016156707223961893,0.04606493429279536,0.016156707223961893,4.493889334996816,4.493889334996816,-0.18119573911058495,4.150847078107432,0.1618465177787991,4.210990525144365,0.10170307074186624
119,2026-05-12T17:55:56.645Z,2026-05-12 17:55:56.645000+00:00,1329.8139666666668,22.163566111111113,143.258,2,5,train,1,4,4.524414063,1.0617680549621582,1.356583833694458,6.921240329742432,9.339592218399048,0.7410645098730917,0.2589354901269083,True,True,False,1.2776649545580905,0.10641698256771455,0.011368462670891234,0.014525086341799597,0.02589354901269083,0.014525086341799597,4.86734136804816,4.86734136804816,-0.3429273050481596,4.524299111158776,0.00011495184122445323,4.506358613686471,0.018055449313528982
120,2026-05-12T17:58:18.896Z,2026-05-12 17:58:18.896000+00:00,1332.1848166666668,22.20308027777778,142.251,2,5,train,1,5,4.214001655578613,5.605854511260986,1.7724813222885132,8.471328735351562,15.849664568901062,0.5344800010451529,0.4655199989548471,True,True,False,0.31618396780151353,-0.50006015487141,0.03536891577037122,0.011183084125113497,0.04655199989548472,0.011183084125113497,4.26272653289767,4.26272653289767,-0.0487248773190565,3.9196842760082853,0.294317379570328,4.028160847018941,0.18584080855967233
121,2026-05-12T18:00:40.073Z,2026-05-12 18:00:40.073000+00:00,1334.5377666666668,22.242296111111113,141.177,2,5,train,1,6,4.976525307,3.2838714122772217,7.913933277130127,2.570388078689575,13.768192768096924,0.18669030293108405,0.813309697068916,True,True,False,2.409940062678081,0.3820062414247163,0.02385114348403423,0.05747982622285737,0.0813309697068916,0.05747982622285737,5.142191927107623,5.142191927107623,-0.1656666201076229,4.799149670218239,0.17737563678176116,4.723741509157178,0.252783797842822
122,2026-05-12T18:03:01.602Z,2026-05-12 18:03:01.602000+00:00,1336.8965833333334,22.281609722222225,141.529,2,5,train,1,7,4.827659606933594,5.267858982086182,7.759117126464844,3.1691620349884038,16.19613814353943,0.19567393207575037,0.8043260679242497,True,True,False,1.4729166351738732,0.16817816713555497,0.032525401644511835,0.047907205147913134,0.08043260679242498,0.047907205147913134,4.928442494378081,4.928442494378081,-0.10078288744448738,4.585400237488697,0.24225936944489668,4.554684292206362,0.2729753147272316
123,2026-05-12T18:05:24.542Z,2026-05-12 18:05:24.542000+00:00,1339.2789166666666,22.321315277777778,142.94,2,5,train,1,8,4.784654617,4.264469146728516,5.835362434387207,2.391511917114258,12.49134349822998,0.19145353880094118,0.8085464611990588,True,True,False,1.3683678398432784,0.13620285859784656,0.03413939539275971,0.04671525072714617,0.08085464611990588,0.04671525072714617,4.896482289557321,4.896482289557321,-0.11182767255732085,4.553440032667937,0.2312145843320632,4.529406548957273,0.2552480680427269
124,2026-05-12T18:07:47.148Z,2026-05-12 18:07:47.148000+00:00,1341.6556833333334,22.360928055555558,142.606,2,5,train,1,9,4.267482757568359,7.439232349395752,2.753178596496582,4.622891426086426,14.81530237197876,0.31203490215832724,0.6879650978416728,True,True,False,0.3700890719887527,-0.43169373858781696,0.05021316583768216,0.018583343946485125,0.06879650978416728,0.018583343946485125,4.329803393093204,4.329803393093204,-0.0623206355248449,3.9867611362038198,0.2807216213645396,4.081212811469319,0.18626994609904024
125,2026-05-12T18:10:09.120Z,2026-05-12 18:10:09.120000+00:00,1344.0218833333333,22.40036472222222,141.972,2,5,train,1,10,4.783551216125488,3.407980204,5.189589023590088,9.268029213,17.865598440590087,0.5187639946022364,0.48123600539776357,True,True,False,1.522775577598422,0.18263590294710116,0.019075656577264014,0.029047943962512344,0.04812360053977636,0.029047943962512344,4.943065926660034,4.943065926660034,-0.15951471053454558,4.60002366977065,0.18352754635483848,4.5662501557143305,0.21730106041115782
126,2026-05-12T18:12:31.942Z,2026-05-12 18:12:31.942000+00:00,1346.4022499999999,22.4400375,142.822,2,5,train,1,11,4.704707145690918,9.701196670532228,9.469735145568848,9.564570426940918,28.735502243041992,0.332848555979455,0.6671514440205449,True,True,False,0.9761409305651483,-0.010487476443663154,0.03376031707565255,0.03295482732640195,0.0667151444020545,0.03295482732640195,4.749975640911868,4.749975640911868,-0.04526849522094967,4.406933384022484,0.2977737616684344,4.4135325278265105,0.29117461786440746
127,2026-05-12T18:14:53.430Z,2026-05-12 18:14:53.430000+00:00,1348.7603833333335,22.479339722222225,141.488,2,5,train,1,12,4.4444684982299805,9.181890487670898,5.1043243408203125,3.7697055339813232,18.055920362472534,0.2087794727881215,0.7912205272118785,True,True,False,0.5559121346169625,-0.25499384594764446,0.05085251985689171,0.02826953286429615,0.07912205272118786,0.02826953286429615,4.505751894951924,4.505751894951924,-0.06128339672194372,4.16270963806254,0.28175886016744034,4.220372778684473,0.22409571954550778
128,2026-05-12T18:17:15.559Z,2026-05-12 18:17:15.559000+00:00,1351.1291999999999,22.518819999999998,142.129,2,5,train,1,13,4.828210830688477,6.375922679901123,9.206503868103027,2.367205858230591,17.94963240623474,0.1318804644382773,0.8681195355617227,True,True,False,1.4439484809194394,0.15955169818407183,0.03552118804219338,0.05129076551397889,0.08681195355617227,0.05129076551397889,4.919800597868789,4.919800597868789,-0.09158976718031209,4.576758340979405,0.25145248970907197,4.547849303432911,0.2803615272555655
129,2026-05-12T18:19:37.929Z,2026-05-12 18:19:37.929000+00:00,1353.5020333333334,22.558367222222223,142.37,2,5,train,1,14,4.549225807189941,6.626776695251465,5.112069129943848,2.614516496658325,14.353362321853638,0.18215359147435486,0.8178464085256452,True,True,False,0.771426194820627,-0.11270561816261063,0.04616881081000722,0.0356158300425573,0.08178464085256451,0.0356158300425573,4.647780390514492,4.647780390514492,-0.09855458332455047,4.304738133625108,0.24448767356483359,4.332704970077468,0.2165208371124736
130,2026-05-12T18:22:00.204Z,2026-05-12 18:22:00.204000+00:00,1355.8732833333333,22.597888055555554,142.275,2,5,train,1,15,4.759291648864746,6.115901947021484,7.3441338539123535,2.449049234390259,15.909085035324097,0.1539402944262638,0.8460597055737362,True,True,False,1.2008259644334278,0.07948006971510625,0.0384428264318275,0.046163144125546125,0.08460597055737362,0.046163144125546125,4.8397794890333055,4.8397794890333055,-0.08048784016855937,4.496737232143921,0.2625544167208247,4.484559563739602,0.27473208512514447
131,2026-05-12T18:24:21.438Z,2026-05-12 18:24:21.438000+00:00,1358.2271833333332,22.63711972222222,141.234,2,5,train,1,16,4.518900871276856,2.8598403930664062,2.369830369949341,8.639083862304688,13.868754625320435,0.6229170603777326,0.3770829396222674,True,True,False,0.8286582620816604,-0.08162453518081164,0.020620744041755158,0.01708754992047158,0.03770829396222674,0.01708754992047158,4.679347839533791,4.679347839533791,-0.1604469682569345,4.336305582644407,0.18259528863244956,4.357672077635559,0.16122879364129705
132,2026-05-12T18:26:44.184Z,2026-05-12 18:26:44.184000+00:00,1360.6062833333333,22.676771388888888,142.746,2,5,train,1,17,4.290088653564453,9.556440353393556,3.5858449935913086,7.650800228118896,20.79308557510376,0.36794924930619477,0.6320507506938052,True,True,False,0.37522810387425803,-0.42570464124068136,0.04595970289679274,0.017245372172587786,0.06320507506938053,0.017245372172587786,4.335892083270201,4.335892083270201,-0.04580342970574769,3.9928498263808163,0.2972388271836368,4.08602843602118,0.2040602175432733
133,2026-05-12T18:29:06.206Z,2026-05-12 18:29:06.206000+00:00,1362.9733166666667,22.716221944444445,142.022,2,5,train,1,18,4.653983116149902,3.5640995502471924,4.003465652,9.872911453,17.440476655247192,0.5660918361442608,0.43390816385573916,True,True,False,1.1232754853108227,0.05048628081885771,0.020435792098462444,0.022955024287111474,0.04339081638557392,0.022955024287111474,4.811106868628389,4.811106868628389,-0.15712375247848698,4.468064611739005,0.18591850441089708,4.4618820139260515,0.1921011022238508
134,2026-05-12T18:31:28.845Z,2026-05-12 18:31:28.845000+00:00,1365.3506333333332,22.755843888888887,142.639,2,5,train,1,19,4.745508193969727,4.642705917358398,5.750741004943848,4.196063995361328,14.589510917663574,0.2876082700127485,0.7123917299872514,True,True,False,1.2386614847696185,0.09295263374994944,0.03182221764361859,0.03941695535510656,0.07123917299872515,0.03941695535510656,4.853298405537955,4.853298405537955,-0.10779021156822832,4.510256148648571,0.23525204532115573,4.495251851299299,0.2502563426704274
135,2026-05-12T18:33:51.356Z,2026-05-12 18:33:51.356000+00:00,1367.7258166666666,22.795430277777776,142.511,2,5,train,1,20,5.143586158752441,2.3970086574554443,9.010506629943848,1.0616852045059204,12.469200491905212,0.0851446093272097,0.9148553906727903,True,True,False,3.759063031298766,0.5750796079473154,0.019223435047111007,0.07226210402016803,0.09148553906727903,0.07226210402016803,5.3352117878418985,5.3352117878418985,-0.19162562908945713,4.9921695309525145,0.15141662779992693,4.876403436982079,0.2671827217703626
136,2026-05-12T18:36:13.764Z,2026-05-12 18:36:13.764000+00:00,1370.0992833333332,22.834988055555552,142.408,2,5,train,1,21,4.898233413696289,4.552788734436035,8.627081871032715,9.771245002746582,22.951115608215332,0.42574161402633404,0.574258385973666,True,True,False,1.8949005487076203,0.2775864215437253,0.019836895130301936,0.037588943467064664,0.0574258385973666,0.037588943467064664,5.037892942803833,5.037892942803833,-0.13965952910754353,4.6948506859144485,0.20338272778184052,4.641250080796261,0.2569833329000284
137,2026-05-12T18:38:36.585Z,2026-05-12 18:38:36.585000+00:00,1372.4796333333334,22.874660555555558,142.821,2,5,train,1,22,4.229439735412598,6.014262199401856,2.104924201965332,3.06613564491272,11.185322046279907,0.2741213558471012,0.7258786441528989,True,True,False,0.34998876540079604,-0.4559458962290086,0.053769235919337,0.018818628495952897,0.0725878644152899,0.018818628495952897,4.3055942429338945,4.3055942429338945,-0.07615450752129682,3.96255198604451,0.2668877493680877,4.06206547854584,0.16737425686675778
138,2026-05-12T18:40:59.198Z,2026-05-12 18:40:59.198000+00:00,1374.8565166666667,22.91427527777778,142.613,2,5,train,1,23,4.5437116622924805,5.491227626800537,3.9689435958862314,2.2319869995117188,11.692158222198486,0.190896065302479,0.8091039346975211,True,True,False,0.7227789240634221,-0.14099451977519906,0.04696504719184357,0.033945346277908545,0.08091039346975212,0.033945346277908545,4.619534715565545,4.619534715565545,-0.07582305327306482,4.276492458676161,0.26721920361631923,4.310365096999028,0.2333465652934521
139,2026-05-12T18:43:20.928Z,2026-05-12 18:43:20.928000+00:00,1377.2186833333333,22.953644722222222,141.73,2,5,train,1,24,4.700296401977539,4.161565304,5.031970024108887,1.3287742137908936,10.52230954189978,0.1262816122734008,0.8737183877265992,True,True,False,1.2091532047502112,0.08248133126792424,0.039549922832327535,0.047821915940332395,0.08737183877265993,0.047821915940332395,4.842769466127766,4.842769466127766,-0.1424730641502272,4.499727209238382,0.20056919273915685,4.486924375659247,0.2133720263182921
140,2026-05-12T18:45:43.466Z,2026-05-12 18:45:43.466000+00:00,1379.5943166666666,22.99323861111111,142.538,2,5,train,1,25,4.453841209411621,8.705640793,5.346917629241943,6.670559883117676,20.72311830535962,0.3218897747349379,0.6781102252650621,True,True,False,0.6141900127031744,-0.21169724986488997,0.04200931860118977,0.025801703925316447,0.06781102252650621,0.025801703925316447,4.549069976598865,4.549069976598865,-0.09522876718724405,4.206027719709481,0.24781348970214,4.254633614998112,0.199207594413509
141,2026-05-12T18:48:05.532Z,2026-05-12 18:48:05.532000+00:00,1381.9620833333333,23.03270138888889,142.066,2,5,train,1,26,4.932416915893555,4.965035438537598,9.921024322509766,3.1368625164031982,18.02292227745056,0.17404849602707848,0.8259515039729215,True,True,False,1.99817794763453,0.3006341616850006,0.02754844837093715,0.055046702026355004,0.08259515039729215,0.055046702026355004,5.0608397733914625,5.0608397733914625,-0.12842285749790783,4.7177975165020785,0.21461939939147623,4.659399028690289,0.2730178872032658
142,2026-05-12T18:50:28.022Z,2026-05-12 18:50:28.022000+00:00,1384.3369166666666,23.072281944444445,142.49,2,5,train,1,27,4.393743515014648,7.588895797729492,3.9835362434387207,4.336717606,15.909149647168213,0.2725926716499221,0.7274073283500778,True,True,False,0.5249164502470237,-0.2799098167545092,0.04770145460967674,0.025039278225331044,0.07274073283500779,0.025039278225331044,4.480963767559407,4.480963767559407,-0.08722025254475874,4.137921510670023,0.2558220043446253,4.2007675251084144,0.192975989906234
143,2026-05-12T18:52:50.405Z,2026-05-12 18:52:50.405000+00:00,1386.7099666666666,23.111832777777774,142.383,2,5,train,1,28,4.335851669311523,5.439786911010742,2.5176923274993896,8.414495468139648,16.37197470664978,0.513957272650925,0.48604272734907505,True,True,False,0.4628292189907837,-0.3345792312978615,0.03322621130608803,0.015378061428819471,0.0486042727349075,0.015378061428819471,4.426965399228636,4.426965399228636,-0.09111372991711253,4.083923142339252,0.2519285269722715,4.1580595106200855,0.17779215869143794
144,2026-05-12T18:55:12.452Z,2026-05-12 18:55:12.452000+00:00,1389.0774166666667,23.15129027777778,142.047,2,5,train,1,29,4.720697402954102,6.504141330718994,7.309062480926514,1.4453870058059692,15.258590817451477,0.09472611351192789,0.905273886488072,True,True,False,1.1237551752459445,0.050671704808542814,0.042626094431211244,0.047901294217595966,0.09052738864880722,0.047901294217595966,4.810969254626038,4.810969254626038,-0.09027185167193608,4.467926997736654,0.252770405217448,4.461773173214972,0.25892422973912943
145,2026-05-12T18:57:34.436Z,2026-05-12 18:57:34.436000+00:00,1391.4438166666666,23.190730277777778,141.984,2,6,train,2,0,5.1237382888793945,1.734874248504639,7.588912010192871,7.268160343170166,16.591946601867676,0.43805350376139857,0.5619464962386015,True,True,False,4.374329734119965,0.6409115167700762,0.01045612241971266,0.04573852720414749,0.05619464962386015,0.04573852720414749,5.401114052015454,5.401114052015454,-0.2773757631360594,5.05807179512607,0.06566649375332467,4.928526398103738,0.19521189077565637
146,2026-05-12T18:59:55.970Z,2026-05-12 18:59:55.970000+00:00,1393.8027166666666,23.230045277777776,141.534,2,6,train,2,1,4.657842636108398,5.649968624,6.021924018859863,7.69212532,19.36401796285986,0.3972380801728999,0.6027619198271001,True,True,False,1.0658331788392357,0.027689235479405452,0.029177666715847022,0.031098525266862995,0.06027619198271002,0.031098525266862995,4.788159098798391,4.788159098798391,-0.13031646268999264,4.445116841909007,0.21272579419939142,4.443732323172972,0.2141103129354267
147,2026-05-12T19:02:17.828Z,2026-05-12 19:02:17.828000+00:00,1396.1670166666665,23.269450277777775,141.858,2,6,train,2,2,4.601604461669922,1.4128093719482422,1.9532058238983157,5.430089950561523,8.796105146408081,0.6173289041205833,0.3826710958794167,True,True,False,1.3824977825599183,0.14066444339607492,0.01606176084110554,0.022205348746836138,0.038267109587941675,0.022205348746836138,4.901249402036155,4.901249402036155,-0.2996449403662327,4.5582071451467705,0.043397316523151375,4.533176920453804,0.06842754121611794
148,2026-05-12T19:04:40.691Z,2026-05-12 19:04:40.691000+00:00,1398.5480666666667,23.309134444444446,142.863,2,6,train,2,3,4.842546463012695,5.638144493103027,8.750115394592285,2.549004554748535,16.937264442443848,0.15049682688786925,0.8495031731121307,True,True,False,1.5519494765159068,0.1908775787601176,0.033288400923670705,0.051661916387542375,0.08495031731121308,0.051661916387542375,4.951117660438479,4.951117660438479,-0.1085711974257837,4.608075403549095,0.23447105946360036,4.572618377079087,0.26992808593360795
149,2026-05-12T19:07:02.830Z,2026-05-12 19:07:02.830000+00:00,1400.91705,23.3486175,142.139,2,6,train,2,4,4.651226043701172,8.275125503540039,8.169450759887695,8.868526458740234,25.31310272216797,0.35035319676452054,0.6496468032354795,True,True,False,0.9872298319092397,-0.005581729690678479,0.03269107542590222,0.032273604897645726,0.06496468032354795,0.032273604897645726,4.754888468495344,4.754888468495344,-0.1036624247941722,4.41184621160596,0.23937983209521185,4.417418147301686,0.23380789639948585
150,2026-05-12T19:09:24.292Z,2026-05-12 19:09:24.292000+00:00,1403.27475,23.387912500000002,141.462,2,6,train,2,5,4.418003082275391,6.378178596496582,3.656946897506714,2.137426376342773,12.17255187034607,0.1755939427582004,0.8244060572417996,True,True,False,0.5733528533546252,-0.24157802183556135,0.05239803998728205,0.030042565736897914,0.08244060572417997,0.030042565736897914,4.519110099270805,4.519110099270805,-0.10110701699541469,4.176067842381421,0.24193523989396937,4.230937956878268,0.1870651253971225
151,2026-05-12T19:11:46.284Z,2026-05-12 19:11:46.284000+00:00,1405.6412833333334,23.427354722222223,141.992,2,6,train,2,6,4.865151405334473,5.467805386,8.60830307,2.4208292961120605,16.49693775211206,0.1467441614006289,0.853255838599371,True,True,False,1.5743616427975038,0.19710450021562473,0.033144365749334125,0.052181218110602993,0.08532558385993712,0.052181218110602993,4.957340868507631,4.957340868507631,-0.0921894631731579,4.6142986116182465,0.25085279371622615,4.577540393588052,0.2876110117464208
152,2026-05-12T19:14:08.675Z,2026-05-12 19:14:08.675000+00:00,1408.0144666666667,23.46690777777778,142.391,2,6,train,2,7,4.662804604,9.544548034667969,9.349561691,3.549530267715454,22.44363999338342,0.15815305666825374,0.8418469433317463,True,True,False,0.9795709191299856,-0.00896411641057887,0.0425267382540523,0.04165795607912234,0.08418469433317463,0.04165795607912234,4.751401680690317,4.751401680690317,-0.08859707669031724,4.408359423800933,0.2544451801990668,4.4146604013049435,0.24814420269505622
153,2026-05-12T19:16:31.256Z,2026-05-12 19:16:31.256000+00:00,1410.3908166666665,23.50651361111111,142.581,2,6,train,2,8,4.850265502929688,6.158670425415039,9.249773979187012,4.070502758026123,19.478947162628174,0.20896934131202372,0.7910306586879763,True,True,False,1.501910857417518,0.17664415684887702,0.03161706007001709,0.04748600579878054,0.07910306586879763,0.04748600579878054,4.9369087474541455,4.9369087474541455,-0.08664324452445715,4.5938664905647615,0.2563990123649269,4.561380362295361,0.2888851406343278
154,2026-05-12T19:18:53.626Z,2026-05-12 19:18:53.626000+00:00,1412.76365,23.546060833333335,142.37,2,6,train,2,9,4.706361770629883,5.2391438484191895,6.073420524597168,6.661333560943604,17.97389793395996,0.37061151595601594,0.6293884840439841,True,True,False,1.1592391238560296,0.06417302997524449,0.029148623563285785,0.03379022484111263,0.06293884840439842,0.03379022484111263,4.824588644833719,4.824588644833719,-0.11822687420383637,4.481546387944335,0.22481538268554768,4.472544926738132,0.23381684389175117
155,2026-05-12T19:21:16.436Z,2026-05-12 19:21:16.436000+00:00,1415.1438166666667,23.585730277777778,142.81,2,6,train,2,10,4.304424285888672,7.571396827697754,3.112863779067993,9.827672958374023,20.51193356513977,0.47911977323660254,0.5208802267633974,True,True,False,0.41113467566255224,-0.3860158926825117,0.036912155568626724,0.015175867107713023,0.052088022676339746,0.015175867107713023,4.375682971949514,4.375682971949514,-0.07125868606084218,4.03264071506013,0.2717835708285419,4.1174995693674665,0.18692471652120535
156,2026-05-12T19:23:38.614Z,2026-05-12 19:23:38.614000+00:00,1417.51345,23.625224166666666,142.178,2,6,train,2,11,4.534890174865723,1.284639835357666,1.4684510231018066,7.350613594055176,10.103704452514648,0.727516687429008,0.272483312570992,True,True,False,1.1430838299459742,0.05807808126837246,0.012714542882714073,0.01453378837438513,0.027248331257099204,0.01453378837438513,4.819049495933523,4.819049495933523,-0.2841593210678006,4.476007239044139,0.05888293582158344,4.468163941556627,0.06672623330909566
157,2026-05-12T19:26:00.338Z,2026-05-12 19:26:00.338000+00:00,1419.8755166666667,23.664591944444446,141.724,2,6,train,2,12,4.798438072,4.216410636901856,6.546890735626221,8.233444213867188,18.996745586395264,0.4334134063343809,0.5665865936656191,True,True,False,1.5527165874993523,0.19109219254918736,0.022195436674803327,0.03446322269175859,0.05665865936656192,0.03446322269175859,4.95145192790175,4.95145192790175,-0.15301385590174998,4.608409671012366,0.19002840098763407,4.572882753579815,0.2255553184201844
158,2026-05-12T19:28:21.883Z,2026-05-12 19:28:21.883000+00:00,1422.2346,23.70391,141.545,2,6,train,2,13,4.378856658935547,2.320890426635742,1.4332921504974363,3.843435049057007,7.5976176261901855,0.5058737143875313,0.4941262856124688,True,True,False,0.6175613178667257,-0.2093199146851938,0.030547607695276306,0.01886502086597057,0.049412628561246875,0.01886502086597057,4.551725127419354,4.551725127419354,-0.17286846848380755,4.20868287052997,0.1701737884055765,4.25673360844635,0.12212305048919703
159,2026-05-12T19:30:44.037Z,2026-05-12 19:30:44.037000+00:00,1424.6038333333333,23.74339722222222,142.154,2,6,train,2,14,4.616490364074707,8.014825820922852,7.140639781951904,3.1232385635375977,18.278704166412354,0.17086761375987686,0.8291323862401232,True,True,False,0.8909288787425838,-0.05015696353041897,0.04384788849337758,0.03906535013063474,0.08291323862401231,0.03906535013063474,4.710252665806722,4.710252665806722,-0.09376230173201527,4.367210408917338,0.24927995515736878,4.382115108212679,0.23437525586202845
160,2026-05-12T19:33:06.234Z,2026-05-12 19:33:06.234000+00:00,1426.9737833333334,23.78289638888889,142.197,2,6,train,2,15,4.94068718,2.79406213760376,6.997148036956787,8.972794532775879,18.764004707336426,0.4781918717632628,0.5218081282367373,True,True,False,2.504292206957742,0.398685002040511,0.014890542723597414,0.037290270100076316,0.05218081282367373,0.037290270100076316,5.158968005198552,5.158968005198552,-0.2182808251985513,4.8159257483091675,0.12476143169083276,4.737009928339326,0.2036772516606744
161,2026-05-12T19:35:29.146Z,2026-05-12 19:35:29.146000+00:00,1429.3556500000002,23.82259416666667,142.912,2,6,train,2,16,4.740546226501465,5.081352233886719,6.269730567932129,4.455780982971191,15.806863784790039,0.2818889973138575,0.7181110026861425,True,True,False,1.2338704894575714,0.09126957731012683,0.0321464922015472,0.03966460806706704,0.07181110026861424,0.03966460806706704,4.8516137860663955,4.8516137860663955,-0.11106755956493064,4.508571529177011,0.23197469732445342,4.493919463765699,0.24662676273576611
162,2026-05-12T19:37:50.915Z,2026-05-12 19:37:50.915000+00:00,1431.7184666666665,23.861974444444442,141.769,2,6,train,2,17,4.420207977294922,1.2416582107543943,1.198929786682129,8.027692794799805,10.468280792236328,0.7668587568603857,0.23314124313961423,True,True,False,0.9655876120318934,-0.015208314638857598,0.01186114735931859,0.011452976954642834,0.023314124313961425,0.011452976954642834,4.746128911585434,4.746128911585434,-0.3259209342905125,4.40308665469605,0.017121322598871558,4.410490099381272,0.00971787791364953
163,2026-05-12T19:40:13.123Z,2026-05-12 19:40:13.123000+00:00,1434.0886,23.901476666666667,142.208,2,6,train,2,18,5.171705246,1.0721098184585571,6.397107124328613,3.045468807220459,10.51468575000763,0.2896395460243069,0.710360453975693,True,True,False,5.966839417184104,0.7757443500329254,0.010196308705258065,0.06083973669231125,0.07103604539756932,0.06083973669231125,5.535888998006595,5.535888998006595,-0.3641837520065945,5.192846741117211,-0.021141495117210418,5.035121662441999,0.13658358355800093
164,2026-05-12T19:42:34.937Z,2026-05-12 19:42:34.937000+00:00,1436.4521666666667,23.940869444444445,141.814,2,6,train,2,19,4.680447578430176,6.685596466064453,6.858957290649414,6.761167049407959,20.305720806121826,0.3329685813157435,0.6670314186842565,True,True,False,1.0259304948279375,0.011117939006611625,0.03292469412880365,0.03377844773962201,0.06670314186842566,0.03377844773962201,4.771558694896335,4.771558694896335,-0.0911111164661591,4.428516438006951,0.25193114042322495,4.4306028470003165,0.2498447314298593
165,2026-05-12T19:44:56.678Z,2026-05-12 19:44:56.678000+00:00,1438.8145166666666,23.980241944444444,141.741,2,6,train,2,20,4.238812446594238,2.4034652709960938,1.0337040424346924,1.552214503288269,4.989383816719055,0.3111034468999786,0.6888965531000214,True,True,False,0.4300890280833071,-0.3664416365057898,0.04817158509518269,0.02071807021481945,0.06888965531000214,0.02071807021481945,4.394765591484838,4.394765591484838,-0.1559531448905993,4.0517233345954535,0.18708911199878475,4.1325922622910305,0.10622018430320779
166,2026-05-12T19:47:19.249Z,2026-05-12 19:47:19.249000+00:00,1441.1906999999999,24.019844999999997,142.571,2,6,train,2,21,4.370586395263672,8.03917408,4.065876007080078,9.923268318,22.02831840508008,0.45047779569554147,0.5495222043044585,True,True,False,0.5057579257047358,-0.296057302698806,0.036494724346031064,0.01845749608441479,0.054952220430445856,0.01845749608441479,4.465156108406256,4.465156108406256,-0.094569713142584,4.122113851516872,0.24847254374680006,4.1882650411073445,0.18232135415632733
167,2026-05-12T19:49:41.611Z,2026-05-12 19:49:41.611000+00:00,1443.5634,24.05939,142.362,2,6,train,2,22,4.828210830688477,5.967372417449951,9.666806221,6.792750358581543,22.426928997031496,0.3028836609542329,0.697116339045767,True,True,False,1.6199435102679471,0.20949987034098708,0.02660806755235999,0.04310356635221671,0.0697116339045767,0.04310356635221671,4.969782863440705,4.969782863440705,-0.14157203275222852,4.626740606551321,0.20147022413715554,4.587380929817044,0.2408299008714323
168,2026-05-12T19:52:03.518Z,2026-05-12 19:52:03.518000+00:00,1445.9285166666666,24.09880861111111,141.907,2,6,train,2,23,4.593334197998047,6.287487506866455,5.229246616363525,9.281452178955078,20.79818630218506,0.4462625752121457,0.5537374247878543,True,True,False,0.8316909752349817,-0.08003801106550414,0.030230941369180312,0.025142801109605123,0.05537374247878543,0.025142801109605123,4.680622012008411,4.680622012008411,-0.0872878140103639,4.337579755119027,0.25575444287902016,4.3586798372806905,0.23465436071735635
169,2026-05-12T19:54:25.656Z,2026-05-12 19:54:25.656000+00:00,1448.2974833333333,24.138291388888888,142.138,2,6,train,2,24,4.765908241271973,3.5648081302642822,5.365047931671143,3.621104001998901,12.550960063934326,0.2885121125039896,0.7114878874960103,True,True,False,1.505003280856352,0.17753744667820537,0.028402672880044433,0.04274611586955661,0.07114878874960104,0.04274611586955661,4.937831117458189,4.937831117458189,-0.17192287618621638,4.594788860568805,0.17111938070316768,4.562109876773557,0.20379836449841537
170,2026-05-12T19:56:47.354Z,2026-05-12 19:56:47.354000+00:00,1450.6591166666667,24.177651944444445,141.698,2,6,train,2,25,4.570728302001953,4.845654487609863,4.221555709838867,7.144629001617432,16.211839199066162,0.44070440829619,0.55929559170381,True,True,False,0.8712044411406569,-0.05987991934277216,0.029889603690918573,0.02603995547946243,0.055929559170381005,0.02603995547946243,4.700741652432865,4.700741652432865,-0.13001335043091178,4.357699395543481,0.21302890645847228,4.374592723564291,0.19613557843766216
171,2026-05-12T19:59:09.045Z,2026-05-12 19:59:09.045000+00:00,1453.0206333333333,24.217010555555554,141.691,2,6,train,2,26,4.658393859863281,3.593733310699463,3.8036744594573975,6.83250618,14.22991395015686,0.48015091334580307,0.519849086654197,True,True,False,1.0584186779060334,0.02465749523835398,0.025254778934624886,0.026730129730794815,0.0519849086654197,0.026730129730794815,4.785205901688319,4.785205901688319,-0.1268120418250378,4.442163644798935,0.21623021506434625,4.44139660102316,0.216997258840121
172,2026-05-12T20:01:31.443Z,2026-05-12 20:01:31.443000+00:00,1455.3939333333333,24.256565555555554,142.398,2,6,train,2,27,4.14453125,9.536799430847168,2.546795129776001,3.582962989807129,15.666557550430298,0.22870135818118634,0.7712986418188137,True,True,False,0.2670492494094285,-0.5734086383568978,0.06087361183302984,0.016256252348851523,0.07712986418188136,0.016256252348851523,4.188779849544475,4.188779849544475,-0.04424859954447502,3.8457375926550905,0.2987936573449095,3.9696754497442166,0.1748558002557834
173,2026-05-12T20:03:53.561Z,2026-05-12 20:03:53.561000+00:00,1457.7625666666668,24.296042777777778,142.118,2,6,train,2,28,4.797885894775391,5.612346649169922,7.919260025024414,8.927486419677734,22.45909309387207,0.39749986263308135,0.6025001373669187,True,True,False,1.4110425674072875,0.14954011546323684,0.024989195359367573,0.035260818377324296,0.060250013736691865,0.035260818377324296,4.909905532631645,4.909905532631645,-0.11201963785625413,4.566863275742261,0.23102261903312993,4.540023167151862,0.2578627276235288
174,2026-05-12T20:06:15.936Z,2026-05-12 20:06:15.936000+00:00,1460.1354833333332,24.335591388888886,142.375,2,6,train,2,29,4.549777030944824,6.85363245,5.102411270141602,7.131011009216309,19.08705472935791,0.3736045770460363,0.6263954229539637,True,True,False,0.7444827698838157,-0.12814534899437383,0.035907228994625284,0.02673231330077109,0.06263954229539637,0.02673231330077109,4.632515105748867,4.632515105748867,-0.08273807480404294,4.289472848859483,0.2603041820853411,4.320631457060459,0.22914557388436485
175,2026-05-12T20:08:37.316Z,2026-05-12 20:08:37.316000+00:00,1462.4918166666669,24.374863611111113,141.38,2,7,train,3,0,4.644610404968262,9.542545318603516,8.496578216552734,2.5826752185821533,20.621798753738403,0.12524005541048913,0.8747599445895109,True,True,False,0.8903890872792993,-0.050420171408552136,0.04627406868119884,0.041201925777752245,0.08747599445895109,0.041201925777752245,4.709968359508254,4.709968359508254,-0.06535795453999249,4.36692610261887,0.27768430234939157,4.38189024664946,0.26272015831880147
176,2026-05-12T20:10:59.201Z,2026-05-12 20:10:59.201000+00:00,1464.8565666666666,24.41427611111111,141.885,2,7,train,3,1,4.017719268798828,8.793756484985352,1.7661807537078855,5.839504718780518,16.399441957473755,0.3560794772116783,0.6439205227883217,True,True,False,0.2008448558614854,-0.6971392871565112,0.053622290976661886,0.010769761302170285,0.06439205227883217,0.010769761302170285,4.066997767816091,4.066997767816091,-0.04927849901726322,3.723955510926707,0.2937637578721213,3.873356411379667,0.1443628574191611
177,2026-05-12T20:13:21.120Z,2026-05-12 20:13:21.120000+00:00,1467.2218833333332,24.453698055555552,141.919,2,7,train,3,2,4.312142372131348,5.712976932525635,2.693763971328736,9.727528572,18.13426947585437,0.536416897573521,0.4635831024264791,True,True,False,0.4715166896600538,-0.32650293050038204,0.03150376109791694,0.014854549144730975,0.046358310242647915,0.014854549144730975,4.435075872594215,4.435075872594215,-0.12293350046286733,4.092033615704831,0.22010875642651673,4.164474189891181,0.14766818224016642
178,2026-05-12T20:15:42.890Z,2026-05-12 20:15:42.890000+00:00,1469.5847166666667,24.493078611111113,141.77,2,7,train,3,3,4.925249099731445,4.074304103851318,7.760206223,2.3196709156036377,14.154181242454957,0.16388591299409594,0.8361140870059041,True,True,False,1.9046703498799975,0.27981982115783455,0.028785162730787916,0.054826245969802484,0.0836114087005904,0.054826245969802484,5.040029639518721,5.040029639518721,-0.11478053978727587,4.696987382629337,0.22826171710210819,4.642940022123703,0.28230907760774215
179,2026-05-12T20:18:04.341Z,2026-05-12 20:18:04.341000+00:00,1471.9422333333334,24.532370555555556,141.451,2,7,train,3,4,4.793475151062012,3.311570882797241,5.202599525,5.206424713134766,13.720595120932007,0.3794605603653368,0.6205394396346632,True,True,False,1.5710367403053838,0.19618634158059403,0.024135767097632235,0.03791817686583408,0.06205394396346632,0.03791817686583408,4.956511828685343,4.956511828685343,-0.16303667762333163,4.613469571795959,0.18000557926605243,4.576884695169078,0.21659045589293413
180,2026-05-12T20:20:27.025Z,2026-05-12 20:20:27.025000+00:00,1474.3202999999999,24.572004999999997,142.684,2,7,train,3,5,5.117672920227051,1.6180973052978516,6.675900936126709,7.867712497711182,16.161710739135742,0.48681186198064036,0.5131881380193597,True,True,False,4.125772235247522,0.6155052489145209,0.010011918486943421,0.04130689531499255,0.05131881380193597,0.04130689531499255,5.375732033266719,5.375732033266719,-0.25805911303966855,5.032689776377335,0.0849831438497155,4.908451428100501,0.2092214921265496
181,2026-05-12T20:22:49.168Z,2026-05-12 20:22:49.168000+00:00,1476.68935,24.61148916666667,142.143,2,7,train,3,6,5.138072967529297,2.0108442306518555,7.794434070587158,7.454750061035156,17.26002836227417,0.4319083320470815,0.5680916679529185,True,True,False,3.876199832773937,0.5884061584803545,0.01165029505424815,0.0451588717410437,0.056809166795291854,0.0451588717410437,5.34861622271892,5.34861622271892,-0.2105432551896227,5.0055739658295355,0.13249900169976137,4.88700517952787,0.2510677880014267
182,2026-05-12T20:25:10.893Z,2026-05-12 20:25:10.893000+00:00,1479.0514333333333,24.65085722222222,141.725,2,7,train,3,7,4.096011161804199,8.205654144,2.0521554946899414,7.715114593505859,17.9729242321958,0.4292631790927704,0.5707368209072295,True,True,False,0.2500904204194962,-0.6019029433699808,0.045655643110656424,0.01141803898006654,0.057073682090722964,0.01141803898006654,4.161368836303396,4.161368836303396,-0.0653576744991966,3.8183265794140113,0.2776845823901879,3.947995721507453,0.14801544029674618
183,2026-05-12T20:27:32.473Z,2026-05-12 20:27:32.473000+00:00,1481.4111,24.690185,141.58,2,7,train,3,8,4.418554306030273,3.118473052978516,2.122923851013184,3.8299639225006095,9.07136082649231,0.42220390035808664,0.5777960996419134,True,True,False,0.6807574780822739,-0.1670075792615507,0.03437712502705462,0.023402484937136724,0.05777960996419134,0.023402484937136724,4.593787038567966,4.593787038567966,-0.175232732537693,4.250744781678582,0.16780952435169105,4.29000092311293,0.1285533829173433
184,2026-05-12T20:29:54.374Z,2026-05-12 20:29:54.374000+00:00,1483.7761166666667,24.729601944444443,141.901,2,7,train,3,9,4.5861663818359375,6.623647689819336,5.637491226196289,2.030766487121582,14.291905403137207,0.14209207448824912,0.8579079255117509,True,True,False,0.8511158035867779,-0.07001134539470578,0.04634544872068201,0.03944534383049308,0.08579079255117508,0.03944534383049308,4.690404358161881,4.690404358161881,-0.10423797632594312,4.347362101272497,0.23880428056344094,4.366416822566858,0.21974955926907924
185,2026-05-12T20:32:17.416Z,2026-05-12 20:32:17.416000+00:00,1486.16015,24.769335833333333,143.042,2,7,train,3,10,4.555841445922852,2.8945183753967285,2.5017216205596924,1.1294678449630735,6.525707840919495,0.1730797443735893,0.8269202556264107,True,True,False,0.8642963340029933,-0.06333732909832474,0.04435562311335227,0.038336402449288806,0.08269202556264107,0.038336402449288806,4.697086871865643,4.697086871865643,-0.14124542594279177,4.354044614976259,0.2017968309465923,4.3717021098987,0.18413933602415167
186,2026-05-12T20:34:39.218Z,2026-05-12 20:34:39.218000+00:00,1488.5235166666666,24.80872527777778,141.802,2,7,train,3,11,4.551981925964356,8.919845581054688,2.7343437671661377,4.778940200805664,16.43312954902649,0.2908113263848012,0.7091886736151988,True,True,False,0.3065460878575913,-0.5135042219693091,0.0542796522989932,0.016639215062526677,0.07091886736151988,0.016639215062526677,4.248418191944869,4.248418191944869,0.30356373401948744,3.9053759350554844,0.6466059909088719,4.016844193356873,0.5351377326074838
187,2026-05-12T20:37:01.024Z,2026-05-12 20:37:01.024000+00:00,1490.88695,24.848115833333335,141.806,2,7,train,3,12,4.550879478,6.321552276611328,2.450877904891968,3.098689556121826,11.871119737625122,0.26102757150200684,0.7389724284979932,True,True,False,0.38770191206988847,-0.41150205713219196,0.05325152484626516,0.02064571800353417,0.07389724284979933,0.02064571800353417,4.349801587946092,4.349801587946092,0.20107789005390764,4.006759331056708,0.5441201469432917,4.097029644864835,0.45384983313516436
188,2026-05-12T20:39:22.506Z,2026-05-12 20:39:22.506000+00:00,1493.2449833333333,24.887416388888887,141.482,2,7,train,3,13,4.553636551,5.609539031982422,4.121610164642334,2.6237668991088867,12.354916095733643,0.21236622562049748,0.7876337743795025,True,True,False,0.7347502426034014,-0.13386026185786618,0.04540329524309347,0.03336008219485679,0.07876337743795025,0.03336008219485679,4.626673162053612,4.626673162053612,-0.07303661105361137,4.283630905164228,0.2700056458357727,4.3160109875224055,0.23762556347759478
189,2026-05-12T20:41:43.731Z,2026-05-12 20:41:43.731000+00:00,1495.5987333333333,24.926645555555556,141.225,2,7,train,3,14,4.557495117,3.851474046707153,2.850994348526001,6.965711594,13.668179989233154,0.5096297824207103,0.4903702175792896,True,True,False,0.740234599520015,-0.13063061928219674,0.028178397195098962,0.020858624562829994,0.049037021757928956,0.020858624562829994,4.630218203660799,4.630218203660799,-0.07272308666079841,4.287175946771415,0.27031917022858565,4.318814807211808,0.238680309788192
190,2026-05-12T20:44:05.340Z,2026-05-12 20:44:05.340000+00:00,1497.9588833333332,24.96598138888889,141.609,2,7,train,3,15,4.559700965881348,4.512784481048584,9.559214592,8.438563346862793,22.510562419911377,0.37487127995516406,0.625128720044836,True,True,False,2.118251964423268,0.32597761783486995,0.02004740884242354,0.042465463162060055,0.06251287200448359,0.042465463162060055,5.086239080344632,5.086239080344632,-0.5265381144632846,4.743196823455248,-0.18349585757390052,4.67948767216012,-0.11978670627877275
191,2026-05-12T20:46:26.478Z,2026-05-12 20:46:26.478000+00:00,1500.3111833333335,25.00518638888889,141.138,2,7,train,3,16,4.548673629760742,7.070611476898193,3.827148438,3.484979152679444,14.382739067577637,0.24230288377653156,0.7576971162234685,True,True,False,0.5412754541109267,-0.266581666952692,0.04916039596961858,0.026609315652728272,0.07576971162234686,0.026609315652728272,4.494224235653803,4.494224235653803,0.05444939410693905,4.151181978764419,0.3974916509963231,4.2112554024462705,0.3374182273144717
192,2026-05-12T20:48:48.719Z,2026-05-12 20:48:48.719000+00:00,1502.6818666666666,25.044697777777778,142.241,2,7,train,3,17,4.553084373474121,8.379892349243164,7.891027450561523,3.3917808532714844,19.662700653076172,0.1724982195027645,0.8275017804972356,True,True,False,0.9416621505017552,-0.026104885413978873,0.04261821657714224,0.040131961472581315,0.08275017804972355,0.040131961472581315,4.734282520718524,4.734282520718524,-0.18119814724440264,4.39124026382914,0.16184410964498142,4.401120634184116,0.1519637392900055
193,2026-05-12T20:51:10.789Z,2026-05-12 20:51:10.789000+00:00,1505.0497,25.084161666666667,142.07,2,7,train,3,18,4.565215110778809,4.927229881286621,8.333495140075684,5.5010600090026855,18.76178503036499,0.29320557719318824,0.7067944228068118,True,True,False,1.6913144588049143,0.2282243616055769,0.02626205274877711,0.04441738953190407,0.07067944228068118,0.04441738953190407,4.988494571337388,4.988494571337388,-0.4232794605585797,4.645452314448004,-0.08023720366919562,4.602180263883173,-0.03696515310436421
194,2026-05-12T20:53:32.949Z,2026-05-12 20:53:32.949000+00:00,1507.4190333333333,25.123650555555557,142.16,2,7,train,3,19,4.570728302001953,7.137866020202637,7.456635952,1.0926467180252075,15.687148690227843,0.06965234661834124,0.9303476533816588,True,True,False,1.0446589962455353,0.018974548612205974,0.045501360133400795,0.04753340520476509,0.09303476533816588,0.04753340520476509,4.779285082345734,4.779285082345734,-0.20855678034378045,4.4362428254563495,0.1344854765456036,4.436713747705872,0.13401455429608156
195,2026-05-12T20:55:54.568Z,2026-05-12 20:55:54.568000+00:00,1509.77935,25.162989166666666,141.619,2,7,train,3,20,4.566868782043457,7.172682285308838,1.4326977729797363,6.776312828063965,15.381692886352539,0.4405440206179303,0.5594559793820697,True,True,False,0.1997436546038297,-0.6995270083309374,0.04663129304624737,0.0093143048919596,0.05594559793820697,0.0093143048919596,4.065268725334604,4.065268725334604,0.5016000567088534,3.722226468445219,0.8446423135982379,3.87198888910755,0.6948798929359072
196,2026-05-12T20:58:16.503Z,2026-05-12 20:58:16.503000+00:00,1512.1449333333333,25.202415555555554,141.935,2,7,train,3,21,4.567971229553223,2.1303534507751465,1.1738219261169434,7.507896423339844,10.812071800231934,0.6943994233536989,0.30560057664630114,True,True,False,0.5509986738068459,-0.25884944644596797,0.01970347117681412,0.010856586487815992,0.03056005766463011,0.010856586487815992,4.503097339600416,4.503097339600416,0.06487388995280696,4.160055082711032,0.407916146842191,4.218273256200425,0.3496979733527974
197,2026-05-12T21:00:38.039Z,2026-05-12 21:00:38.039000+00:00,1514.5038666666667,25.24173111111111,141.536,2,7,train,3,22,4.578998565673828,3.3311359882354736,7.616665363311768,6.235091686248779,17.18289303779602,0.362866234023216,0.6371337659767841,True,True,False,2.28650688240031,0.3591725129478305,0.019386351186079114,0.044327025411599295,0.06371337659767841,0.044327025411599295,5.119417064617118,5.119417064617118,-0.5404184989432901,4.776374807727734,-0.19737624205390603,4.7057285730762946,-0.12673000740246643
198,2026-05-12T21:02:59.059Z,2026-05-12 21:02:59.059000+00:00,1516.8542,25.280903333333335,141.02,2,7,train,3,23,4.558598518371582,2.907059669494629,1.9698972702026367,1.8399066925048828,6.716863632202148,0.27392348471747413,0.7260765152825259,True,True,False,0.677625330802064,-0.16901036769810307,0.043280016220033614,0.029327635308218976,0.07260765152825259,0.029327635308218976,4.591625708078474,4.591625708078474,-0.03302718970689167,4.24858345118909,0.3100150671824924,4.288291498611548,0.27030701976003435
199,2026-05-12T21:05:20.846Z,2026-05-12 21:05:20.846000+00:00,1519.2173166666666,25.32028861111111,141.787,2,7,train,3,24,4.573485374450684,9.455929756,5.500927448272705,1.6760663986206057,16.63292360289331,0.10076799717453476,0.8992320028254652,True,True,False,0.5817436878464799,-0.23526832028586483,0.05685067749818278,0.03307252278436375,0.08992320028254652,0.03307252278436375,4.525351141651764,4.525351141651764,0.04813423279891982,4.18230888476238,0.3911764896883039,4.235874078777277,0.33761129567340653
200,2026-05-12T21:07:43.066Z,2026-05-12 21:07:43.066000+00:00,1521.5876500000002,25.35979416666667,142.22,2,7,train,3,25,4.582306861877441,1.846617579460144,8.586780548095703,4.173785209655762,14.607183337211609,0.28573511492959075,0.7142648850704093,True,True,False,4.650004767422411,0.6674533981510689,0.012641845705844671,0.05878464280119626,0.07142648850704093,0.05878464280119626,5.427609245619403,5.427609245619403,-0.845302383741962,5.084566988730019,-0.5022601268525779,4.949481792633016,-0.3671749307555743
201,2026-05-12T21:10:04.344Z,2026-05-12 21:10:04.344000+00:00,1523.9422833333333,25.399038055555554,141.278,2,7,train,3,26,4.5861663818359375,9.369320869,9.640662193,6.396867752075195,25.406850814075195,0.2517772784548088,0.7482227215451912,True,True,False,1.0289606181487263,0.012398753141448973,0.03687714363957878,0.03794512851494035,0.07482227215451913,0.03794512851494035,4.772790584189565,4.772790584189565,-0.1866242023536273,4.429748327300181,0.15641805453575675,4.431577164325258,0.15458921751067933
202,2026-05-12T21:12:26.482Z,2026-05-12 21:12:26.482000+00:00,1526.31125,25.43852083333333,142.138,2,7,train,3,27,4.582306861877441,6.637747764587402,9.825267791748049,9.773897171020508,26.236912727355957,0.37252466677719054,0.6274753332228095,True,True,False,1.4802110806569313,0.1703236509544154,0.025299271425584097,0.03744826189669686,0.06274753332228096,0.03744826189669686,4.930661077951837,4.930661077951837,-0.3483542160743953,4.587618821062453,-0.005311959185011261,4.556438998919556,0.025867862957885457
203,2026-05-12T21:14:49.121Z,2026-05-12 21:14:49.121000+00:00,1528.6885666666667,25.47814277777778,142.639,2,7,train,3,28,4.585063934326172,7.704174518585205,9.803174018859863,7.864185810089111,25.37153434753418,0.30996098629145064,0.6900390137085494,True,True,False,1.272449630419343,0.10464059991732913,0.030365426123051806,0.03863847524780313,0.06900390137085494,0.03863847524780313,4.864989161009946,4.864989161009946,-0.2799252266837744,4.521946904120562,0.06311703020560966,4.504498222430717,0.08056571189545458
204,2026-05-12T21:17:10.855Z,2026-05-12 21:17:10.855000+00:00,1531.0508,25.517513333333333,141.734,2,7,train,3,29,4.585615158081055,3.1202094554901123,9.280196189880373,8.964114189,21.364519834370483,0.4195794831100697,0.5804205168899303,True,True,False,2.974222186767481,0.4733734090019103,0.014604631789900704,0.04343741989909233,0.05804205168899304,0.04343741989909233,5.233605413935608,5.233605413935608,-0.6479902558545536,4.890563157046224,-0.30494799896516955,4.7960416293379105,-0.21042647125685576
205,2026-05-12T21:19:32.410Z,2026-05-12 21:19:32.410000+00:00,1533.41005,25.556834166666665,141.555,2,8,train,4,0,4.597192764282227,9.673283576965332,1.9706493616104128,8.322223663330078,19.966156601905823,0.41681650751630883,0.5831834924836912,False,True,True,0.20372083025696203,,,,,,,,,,,,
206,2026-05-12T21:21:54.384Z,2026-05-12 21:21:54.384000+00:00,1535.7762833333334,25.59627138888889,141.974,2,8,train,4,1,4.581754684448242,2.295010805130005,4.386499404907227,5.327077388763428,12.00858759880066,0.443605656779775,0.556394343220225,False,True,True,1.9113197180170773,,,,,,,,,,,,
207,2026-05-12T21:24:16.073Z,2026-05-12 21:24:16.073000+00:00,1538.1377666666667,25.635629444444444,141.689,2,8,train,4,2,4.571830749511719,2.172534704208374,4.306606769561768,8.992809295654297,15.471950769424438,0.5812330603730865,0.41876693962691347,False,True,True,1.9822959611275828,,,,,,,,,,,,
208,2026-05-12T21:26:37.098Z,2026-05-12 21:26:37.098000+00:00,1540.4881833333334,25.674803055555557,141.025,2,8,train,4,3,4.581203460693359,9.28447723388672,6.559344291687012,2.6919069290161133,18.535728454589844,0.14522800847082648,0.8547719915291736,False,True,True,0.7064850423399769,,,,,,,,,,,,
209,2026-05-12T21:28:59.397Z,2026-05-12 21:28:59.397000+00:00,1542.8598333333332,25.714330555555552,142.299,2,8,train,4,4,4.574036598205566,1.740973711013794,8.216662406921387,9.12351417541504,19.08115029335022,0.47814277625571583,0.5218572237442842,False,True,True,4.719578678839847,,,,,,,,,,,,
210,2026-05-12T21:31:21.534Z,2026-05-12 21:31:21.534000+00:00,1545.2287833333332,25.753813055555554,142.137,2,8,train,4,5,4.585063934326172,6.323366641998291,6.031274795532227,5.825654983520508,18.180296421051025,0.3204378437292674,0.6795621562707326,False,True,True,0.9538075422471852,,,,,,,,,,,,
211,2026-05-12T21:33:44.159Z,2026-05-12 21:33:44.159000+00:00,1547.6058666666665,25.793431111111108,142.625,2,8,train,4,6,4.585063934326172,8.093380928,5.795618534088135,3.2466487884521484,17.135648250540285,0.1894675206320124,0.8105324793679876,False,True,True,0.7160936307887737,,,,,,,,,,,,
212,2026-05-12T21:36:06.105Z,2026-05-12 21:36:06.105000+00:00,1549.9716333333333,25.832860555555555,141.946,2,8,train,4,7,4.578447341918945,1.6989171504974363,6.477692127227783,6.137236118,14.31384539572522,0.4287622192589047,0.5712377807410953,False,True,True,3.812835796808067,,,,,,,,,,,,
213,2026-05-12T21:38:27.624Z,2026-05-12 21:38:27.624000+00:00,1552.3302833333332,25.872171388888887,141.519,2,8,train,4,8,4.576241493225098,7.480860233306885,5.828138351,7.148883819580078,20.457882403886963,0.34944397853327197,0.6505560214667281,False,True,True,0.7790732842529922,,,,,,,,,,,,
214,2026-05-12T21:40:49.758Z,2026-05-12 21:40:49.758000+00:00,1554.6991833333334,25.911653055555558,142.134,2,8,train,4,9,4.590025901794434,1.8320579528808596,1.8685290813446045,7.313234806060791,11.013821840286255,0.6640051847679712,0.33599481523202884,False,True,True,1.019907191476337,,,,,,,,,,,,
215,2026-05-12T21:43:12.005Z,2026-05-12 21:43:12.005000+00:00,1557.0699666666667,25.95116611111111,142.247,2,8,train,4,10,4.590577125549316,1.8762457370758057,8.476800918579102,1.3862676620483398,11.739314317703247,0.11808761777149161,0.8819123822285084,False,True,True,4.517958789231144,,,,,,,,,,,,
216,2026-05-12T21:45:33.393Z,2026-05-12 21:45:33.393000+00:00,1559.4264333333333,25.990440555555555,141.388,2,8,train,4,11,4.590577125549316,1.0048768520355225,6.323449135,4.086383819580078,11.414709806615601,0.3579927907770148,0.6420072092229852,False,True,True,6.292760274247481,,,,,,,,,,,,
217,2026-05-12T21:47:55.343Z,2026-05-12 21:47:55.343000+00:00,1561.7922666666666,26.02987111111111,141.95,2,8,train,4,12,4.587268829345703,8.275108337402344,7.275407314300537,2.365873098373413,17.916388750076294,0.13205077939399693,0.8679492206060031,False,True,True,0.8791917903257778,,,,,,,,,,,,
218,2026-05-12T21:50:17.410Z,2026-05-12 21:50:17.410000+00:00,1564.16005,26.069334166666668,142.067,2,8,train,4,13,4.587268829345703,9.913923263549805,3.864881992340088,5.737701416015625,19.516506671905518,0.29399223500767097,0.7060077649923291,False,True,True,0.38984384784881,,,,,,,,,,,,
219,2026-05-12T21:52:39.223Z,2026-05-12 21:52:39.223000+00:00,1566.5236,26.108726666666666,141.813,2,8,train,4,14,4.596090316772461,8.838511467,8.579621315002441,1.7130650281906128,19.131197810193054,0.08954300954840873,0.9104569904515912,False,True,True,0.970708851488832,,,,,,,,,,,,
220,2026-05-12T21:55:01.046Z,2026-05-12 21:55:01.046000+00:00,1568.8873166666667,26.148121944444444,141.823,2,8,train,4,15,4.585063934326172,2.966193914413452,3.66498065,2.9323601722717285,9.563534736685181,0.3066188656191481,0.6933811343808519,False,True,True,1.2355836320042917,,,,,,,,,,,,
221,2026-05-12T21:57:22.758Z,2026-05-12 21:57:22.758000+00:00,1571.2491833333333,26.18748638888889,141.712,2,8,train,4,16,4.588372230529785,9.496008873,3.157712936401367,1.1277177333831787,13.781439542784545,0.0818287327591703,0.9181712672408296,False,True,True,0.33253053768512075,,,,,,,,,,,,
222,2026-05-12T21:59:44.397Z,2026-05-12 21:59:44.397000+00:00,1573.6098333333332,26.226830555555555,141.639,2,8,train,4,17,4.596090316772461,8.959188461303711,3.319704532623291,3.809304237365722,16.088197231292725,0.23677632630934844,0.7632236736906516,False,True,True,0.370536298791087,,,,,,,,,,,,
223,2026-05-12T22:02:05.838Z,2026-05-12 22:02:05.838000+00:00,1575.9671833333334,26.266119722222225,141.441,2,8,train,4,18,4.598296165466309,6.374973297119141,1.4010696411132812,5.901155471801758,13.67719841003418,0.43145937456551164,0.5685406254344884,False,True,True,0.21977655055377668,,,,,,,,,,,,
224,2026-05-12T22:04:27.366Z,2026-05-12 22:04:27.366000+00:00,1578.3259833333332,26.305433055555554,141.528,2,8,train,4,19,4.602155685424805,8.256122589111328,1.456078290939331,5.405181884765625,15.117382764816284,0.35754746498484336,0.6424525350151566,False,True,True,0.1763634533309492,,,,,,,,,,,,
225,2026-05-12T22:06:48.973Z,2026-05-12 22:06:48.973000+00:00,1580.6861,26.34476833333333,141.607,2,8,train,4,20,4.592782020568848,9.58723259,2.8734359741210938,5.014285564422607,17.4749541285437,0.28694127192198127,0.7130587280780187,False,True,True,0.29971484963431916,,,,,,,,,,,,
226,2026-05-12T22:09:11.284Z,2026-05-12 22:09:11.284000+00:00,1583.05795,26.384299166666665,142.311,2,8,train,4,21,4.592782020568848,9.813723564,6.222843647003174,7.816064834594727,23.8526320455979,0.32768144075895445,0.6723185592410456,False,True,True,0.6340960804959529,,,,,,,,,,,,
227,2026-05-12T22:11:32.197Z,2026-05-12 22:11:32.197000+00:00,1585.4065,26.42344166666667,140.913,2,8,train,4,22,4.6038103103637695,8.795659065246582,5.8894243240356445,2.6443545818328857,17.329437971115112,0.15259321082660174,0.8474067891733983,False,True,True,0.6695830614110482,,,,,,,,,,,,
228,2026-05-12T22:13:53.468Z,2026-05-12 22:13:53.468000+00:00,1587.7610166666666,26.46268361111111,141.271,2,8,train,4,23,4.594987869262695,7.970355033874512,6.606223583221436,3.653001070022583,18.22957968711853,0.20038866132519137,0.7996113386748086,False,True,True,0.8288493492629336,,,,,,,,,,,,
229,2026-05-12T22:16:15.287Z,2026-05-12 22:16:15.287000+00:00,1590.1246666666666,26.502077777777778,141.819,2,8,train,4,24,4.593334197998047,3.8334975242614746,8.577958106994629,1.9208967685699463,14.33235239982605,0.1340252259352247,0.8659747740647753,False,True,True,2.2376323586245634,,,,,,,,,,,,
230,2026-05-12T22:18:36.977Z,2026-05-12 22:18:36.977000+00:00,1592.4861666666666,26.54143611111111,141.69,2,8,train,4,25,4.592782020568848,6.1235527992248535,9.419863701,1.3190112113952637,16.862427711620118,0.07822190457702101,0.921778095422979,False,True,True,1.5383003968206836,,,,,,,,,,,,
231,2026-05-12T22:20:58.914Z,2026-05-12 22:20:58.914000+00:00,1594.8517833333333,26.580863055555554,141.937,2,8,train,4,26,4.595539093017578,3.0525002479553223,5.901025295257568,2.8663370609283447,11.819862604141235,0.24250172416759633,0.7574982758324037,False,True,True,1.9331776628717046,,,,,,,,,,,,
232,2026-05-12T22:23:21.352Z,2026-05-12 22:23:21.352000+00:00,1597.22575,26.620429166666668,142.438,2,8,train,4,27,4.592782020568848,9.476270676,8.726006507873535,3.7495408058166495,21.951817989690184,0.17080775758880865,0.8291922424111913,False,True,True,0.9208270643823402,,,,,,,,,,,,
233,2026-05-12T22:25:42.908Z,2026-05-12 22:25:42.908000+00:00,1599.5850166666667,26.65975027777778,141.556,2,8,train,4,28,4.601053237915039,9.895938873291016,7.390047073364258,4.266472816467285,21.55245876312256,0.1979575909811021,0.8020424090188979,False,True,True,0.7467757398249376,,,,,,,,,,,,
234,2026-05-12T22:28:04.624Z,2026-05-12 22:28:04.624000+00:00,1601.94695,26.699115833333334,141.716,2,8,train,4,29,4.599950790405273,1.4398677349090576,3.707204580307007,2.795019626617432,7.942091941833496,0.35192486401412515,0.648075135985875,False,True,True,2.574684111899455,,,,,,,,,,,,
235,2026-05-12T22:30:26.019Z,2026-05-12 22:30:26.019000+00:00,1604.3035333333332,26.73839222222222,141.395,2,9,train,5,0,4.604912757873535,1.7228540182113647,8.488994598388672,5.0135698318481445,15.225418448448181,0.3292894608331203,0.6707105391668797,False,True,True,4.927286066408453,,,,,,,,,,,,
236,2026-05-12T22:32:47.638Z,2026-05-12 22:32:47.638000+00:00,1606.6638500000001,26.777730833333337,141.619,2,9,train,5,1,4.590577125549316,3.515377759933472,1.6301560401916504,1.575680136680603,6.721213936805725,0.23443386142674238,0.7655661385732576,False,True,True,0.4637214409135082,,,,,,,,,,,,
237,2026-05-12T22:35:09.056Z,2026-05-12 22:35:09.056000+00:00,1609.0208166666666,26.81701361111111,141.418,2,9,train,5,2,4.609323501586914,5.818350315093994,5.144968032836914,7.941873550415039,18.905191898345947,0.42008954963900097,0.579910450360999,False,True,True,0.8842657719473872,,,,,,,,,,,,
238,2026-05-12T22:37:30.413Z,2026-05-12 22:37:30.413000+00:00,1611.3767666666668,26.856279444444446,141.357,2,9,train,5,3,4.602155685424805,4.173156261444092,5.681988716125488,7.495442867279053,17.350587844848633,0.43199936130719857,0.5680006386928014,False,True,True,1.3615566636268912,,,,,,,,,,,,
239,2026-05-12T22:39:52.392Z,2026-05-12 22:39:52.392000+00:00,1613.7430833333335,26.89571805555556,141.979,2,9,train,5,4,4.6038103103637695,7.801742076873779,7.459996700286865,3.510404348373413,18.772143125534058,0.18700072362001788,0.8129992763799821,False,True,True,0.9561962734451414,,,,,,,,,,,,
240,2026-05-12T22:42:14.076Z,2026-05-12 22:42:14.076000+00:00,1616.1044833333333,26.93507472222222,141.684,2,9,train,5,5,4.596641540527344,6.238706588745117,4.696681022644043,5.638033390045166,16.573421001434326,0.34018525140688993,0.6598147485931101,False,True,True,0.7528292853388951,,,,,,,,,,,,
241,2026-05-12T22:44:36.576Z,2026-05-12 22:44:36.576000+00:00,1618.4794833333333,26.974658055555555,142.5,2,9,train,5,6,4.6038103103637695,1.3071341514587402,3.0424060821533203,1.2309598922729492,5.58050012588501,0.22058236081084787,0.7794176391891521,False,True,True,2.3275392803087924,,,,,,,,,,,,
242,2026-05-12T22:46:58.299Z,2026-05-12 22:46:58.299000+00:00,1620.8415333333332,27.014025555555556,141.723,2,9,train,5,7,4.596090316772461,4.200015068054199,7.532260417938232,5.874582290649414,17.606857776641846,0.33365307797527244,0.6663469220247276,False,True,True,1.793388903585008,,,,,,,,,,,,
243,2026-05-12T22:49:21.053Z,2026-05-12 22:49:21.053000+00:00,1623.2207666666666,27.053679444444445,142.754,2,9,train,5,8,4.602706909179688,7.410916328430176,2.7594308853149414,3.1268696784973145,13.297216892242432,0.2351521904047097,0.7648478095952903,False,True,True,0.37234678722913883,,,,,,,,,,,,
244,2026-05-12T22:51:44.195Z,2026-05-12 22:51:44.195000+00:00,1625.6064666666668,27.093441111111115,143.142,2,9,train,5,9,4.600502014160156,1.2029705047607422,5.575952529907227,6.519660949707031,13.298583984375,0.4902522672614786,0.5097477327385214,False,True,True,4.635153154495856,,,,,,,,,,,,
245,2026-05-12T22:54:06.071Z,2026-05-12 22:54:06.071000+00:00,1627.9710666666665,27.13285111111111,141.876,2,9,train,5,10,4.601604461669922,5.820002555847168,7.052996635437012,8.386407852172852,21.25940704345703,0.39447985708302813,0.6055201429169719,False,True,True,1.211854559814771,,,,,,,,,,,,
246,2026-05-12T22:56:27.623Z,2026-05-12 22:56:27.623000+00:00,1630.3302666666668,27.172171111111115,141.552,2,9,train,5,11,4.607668876647949,9.726446151733398,1.8947441577911377,3.899412631988525,15.520602941513062,0.2512410533716277,0.7487589466283723,False,True,True,0.19480333600093658,,,,,,,,,,,,
247,2026-05-12T22:58:49.659Z,2026-05-12 22:58:49.659000+00:00,1632.6975333333332,27.211625555555553,142.036,2,9,train,5,12,4.602155685424805,3.651416778564453,4.073415756225586,7.582317352294922,15.307149887084961,0.49534481652213513,0.5046551834778649,False,True,True,1.1155712982802912,,,,,,,,,,,,
248,2026-05-12T23:01:11.492Z,2026-05-12 23:01:11.492000+00:00,1635.0614166666667,27.251023611111112,141.833,2,9,train,5,13,4.6038103103637695,5.594438552856445,7.493293285369873,5.222875118255615,18.310606956481934,0.2852376838555165,0.7147623161444835,False,True,True,1.3394182838140027,,,,,,,,,,,,
249,2026-05-12T23:03:33.612Z,2026-05-12 23:03:33.612000+00:00,1637.4300833333332,27.290501388888888,142.12,2,9,train,5,14,4.606015205383301,6.841993808746338,8.264070510864258,2.219604969024658,17.325669288635254,0.1281107778318616,0.8718892221681385,False,True,True,1.207845365235501,,,,,,,,,,,,
250,2026-05-12T23:05:56.088Z,2026-05-12 23:05:56.088000+00:00,1639.8046833333333,27.330078055555553,142.476,2,9,train,5,15,4.611528396606445,2.878544330596924,9.103222846984863,1.574152588844299,13.555919766426086,0.11612289066087562,0.8838771093391243,False,True,True,3.1624396922513704,,,,,,,,,,,,
251,2026-05-12T23:08:18.272Z,2026-05-12 23:08:18.272000+00:00,1642.1744166666665,27.369573611111107,142.184,2,9,train,5,16,4.602706909179688,2.555204391479492,5.955127716064453,5.529056549072266,14.039388656616211,0.3938245948100197,0.6061754051899804,False,True,True,2.330587617930778,,,,,,,,,,,,
252,2026-05-12T23:10:40.220Z,2026-05-12 23:10:40.220000+00:00,1644.5402166666668,27.409003611111114,141.948,2,9,train,5,17,4.601604461669922,8.315498352050781,2.356717348098755,4.011821746826172,14.684037446975708,0.2732097191465851,0.7267902808534149,False,True,True,0.28341264086926765,,,,,,,,,,,,
253,2026-05-12T23:13:00.777Z,2026-05-12 23:13:00.777000+00:00,1646.8828333333333,27.448047222222222,140.557,2,9,train,5,18,4.594987869262695,3.917249917984009,1.349490761756897,5.828430176,11.095170855740907,0.5253123409978163,0.4746876590021836,False,True,True,0.3444995315620314,,,,,,,,,,,,
254,2026-05-12T23:15:22.111Z,2026-05-12 23:15:22.111000+00:00,1649.2384,27.487306666666665,141.334,2,9,train,5,19,4.602706909179688,9.278496742248535,8.703334808,7.292832374572754,25.27466392482129,0.28854319868565054,0.7114568013143494,False,True,True,0.9380113018060777,,,,,,,,,,,,
255,2026-05-12T23:17:42.795Z,2026-05-12 23:17:42.795000+00:00,1651.5831333333333,27.526385555555557,140.684,2,9,train,5,20,4.614836692810059,2.236849308013916,9.139513016,1.1216877698898315,12.498050093903748,0.0897490217643602,0.9102509782356398,False,True,True,4.085886779791578,,,,,,,,,,,,
256,2026-05-12T23:20:02.918Z,2026-05-12 23:20:02.918000+00:00,1653.9185166666668,27.565308611111114,140.123,2,9,train,5,21,4.606015205383301,8.640480041503906,9.591248512268066,9.203690528869627,27.4354190826416,0.3354674663851884,0.6645325336148116,False,True,True,1.1100365334098585,,,,,,,,,,,,
257,2026-05-12T23:22:23.580Z,2026-05-12 23:22:23.580000+00:00,1656.2628833333333,27.60438138888889,140.662,2,9,train,5,22,4.604912757873535,5.822964191436768,8.930428504943848,2.3932037353515625,17.146596431732178,0.13957310681918214,0.8604268931808179,False,True,True,1.5336567788063864,,,,,,,,,,,,
258,2026-05-12T23:24:44.154Z,2026-05-12 23:24:44.154000+00:00,1658.6057833333332,27.64342972222222,140.574,2,9,train,5,23,4.604361534118652,9.336367607,4.843417644500732,3.7927069664001465,17.97249221790088,0.21102843837220037,0.7889715616277996,False,True,True,0.5187689525923711,,,,,,,,,,,,
259,2026-05-12T23:27:04.854Z,2026-05-12 23:27:04.854000+00:00,1660.9507833333334,27.682513055555557,140.7,2,9,train,5,24,4.604912757873535,8.748619079589844,9.419809341430664,7.6280694007873535,25.79649782180786,0.295701744224316,0.704298255775684,False,True,True,1.0767195663378097,,,,,,,,,,,,
260,2026-05-12T23:29:25.571Z,2026-05-12 23:29:25.571000+00:00,1663.2960666666665,27.72160111111111,140.717,2,9,train,5,25,4.601053237915039,3.835585117340088,4.897727966308594,6.061033248901367,14.794346332550049,0.4096857754077363,0.5903142245922637,False,True,True,1.2769180754630427,,,,,,,,,,,,
261,2026-05-12T23:31:45.810Z,2026-05-12 23:31:45.810000+00:00,1665.6333833333333,27.76055638888889,140.239,2,9,train,5,26,4.604912757873535,3.201841354370117,4.140279293060303,1.5786179304122925,8.920738577842712,0.17696045194433296,0.823039548055667,False,True,True,1.2930932031998819,,,,,,,,,,,,
262,2026-05-12T23:34:06.084Z,2026-05-12 23:34:06.084000+00:00,1667.9712833333333,27.799521388888888,140.274,2,9,train,5,27,4.601604461669922,4.049111366271973,6.523565292358398,1.9995683431625368,12.572245001792908,0.15904624375975665,0.8409537562402434,False,True,True,1.611110365276187,,,,,,,,,,,,
263,2026-05-12T23:36:26.211Z,2026-05-12 23:36:26.211000+00:00,1670.3067333333333,27.838445555555555,140.127,2,9,train,5,28,4.596090316772461,8.351072311401367,2.42453408241272,9.145073890686035,19.920680284500122,0.45907437698308085,0.5409256230169192,False,True,True,0.29032607933505805,,,,,,,,,,,,
264,2026-05-12T23:38:46.676Z,2026-05-12 23:38:46.676000+00:00,1672.6478166666668,27.877463611111114,140.465,2,9,train,5,29,4.609874725341797,6.457474708557129,7.070789337158203,1.207836627960205,14.736100673675537,0.0819644663610283,0.9180355336389717,False,True,True,1.0949774728174064,,,,,,,,,,,,
265,2026-05-12T23:41:07.484Z,2026-05-12 23:41:07.484000+00:00,1674.9946166666666,27.916576944444444,140.808,2,10,train,6,0,4.601053237915039,6.9601263999938965,9.867917061,8.528712272644043,25.35675573363794,0.33634871756602386,0.6636512824339762,False,True,True,1.4177784272723342,,,,,,,,,,,,
266,2026-05-12T23:43:27.810Z,2026-05-12 23:43:27.810000+00:00,1677.3333833333334,27.95555638888889,140.326,2,10,train,6,1,4.615939140319824,3.5786707401275635,2.794595241546631,3.957703113555908,10.330969095230103,0.3830911773207427,0.6169088226792573,False,True,True,0.7809031465820229,,,,,,,,,,,,
267,2026-05-12T23:45:48.022Z,2026-05-12 23:45:48.022000+00:00,1679.67025,27.994504166666665,140.212,2,10,train,6,2,4.608772277832031,5.733865737915039,6.970927715301514,1.164964199066162,13.869757652282715,0.08399311857294275,0.9160068814270572,False,True,True,1.2157465894617019,,,,,,,,,,,,
268,2026-05-12T23:48:08.398Z,2026-05-12 23:48:08.398000+00:00,1682.00985,28.0334975,140.376,2,10,train,6,3,4.6038103103637695,2.9151618480682373,8.78195858,6.083753586,17.78087401406824,0.3421515489725944,0.6578484510274055,False,True,True,3.012511495997883,,,,,,,,,,,,
269,2026-05-12T23:50:28.494Z,2026-05-12 23:50:28.494000+00:00,1684.3447833333335,28.072413055555558,140.096,2,10,train,6,4,4.609323501586914,7.623536109924316,2.051023483276367,2.864326477050781,12.538886070251465,0.22843548150950999,0.77156451849049,False,True,True,0.26903833781364866,,,,,,,,,,,,
270,2026-05-12T23:52:48.978Z,2026-05-12 23:52:48.978000+00:00,1686.6861833333335,28.11143638888889,140.484,2,10,train,6,5,4.601604461669922,5.470940589904785,6.338641644,9.759559631347656,21.56914186525244,0.4524778821669377,0.5475221178330623,False,True,True,1.1586018052720832,,,,,,,,,,,,
271,2026-05-12T23:55:09.164Z,2026-05-12 23:55:09.164000+00:00,1689.0226166666666,28.150376944444442,140.186,2,10,train,6,6,4.604361534118652,1.0965633392333984,2.934919595718384,5.277831077575684,9.309314012527466,0.5669409228728723,0.43305907712712766,False,True,True,2.676470652183366,,,,,,,,,,,,
272,2026-05-12T23:57:29.224Z,2026-05-12 23:57:29.224000+00:00,1691.35695,28.1892825,140.06,2,10,train,6,7,4.613734245300293,5.123155117034912,6.431890011,7.070981979370117,18.62602710740503,0.3796291038661139,0.6203708961338861,False,True,True,1.255454864057002,,,,,,,,,,,,
273,2026-05-12T23:59:49.727Z,2026-05-12 23:59:49.727000+00:00,1693.6986666666667,28.22831111111111,140.503,2,10,train,6,8,4.619799613952637,8.438204765319824,7.929050445556641,1.6938496828079224,18.061104893684387,0.09378438876130044,0.9062156112386995,False,True,True,0.9396608243194385,,,,,,,,,,,,
274,2026-05-13T00:02:10.508Z,2026-05-13 00:02:10.508000+00:00,1696.0450166666667,28.267416944444445,140.781,2,10,train,6,9,4.606015205383301,8.817798614501953,1.2012004852294922,1.7742775678634644,11.79327666759491,0.15044822722922738,0.8495517727707727,False,True,True,0.13622453151220423,,,,,,,,,,,,
275,2026-05-13T00:04:31.101Z,2026-05-13 00:04:31.101000+00:00,1698.3882333333333,28.306470555555556,140.593,2,10,train,6,10,4.62035083770752,2.5716183185577397,2.101430654525757,1.4994916915893557,6.172540664672852,0.24292941481477137,0.7570705851852286,False,True,True,0.8171627334278433,,,,,,,,,,,,
276,2026-05-13T00:06:51.536Z,2026-05-13 00:06:51.536000+00:00,1700.7288166666667,28.345480277777778,140.435,2,10,train,6,11,4.600502014160156,4.168999195098877,9.681185722351074,4.237885475158691,18.088070392608643,0.23429173942680062,0.7657082605731994,False,True,True,2.322184598580011,,,,,,,,,,,,
277,2026-05-13T00:09:12.293Z,2026-05-13 00:09:12.293000+00:00,1703.0747666666668,28.384579444444448,140.757,2,10,train,6,12,4.606015205383301,8.356901168823242,1.793717384338379,3.936431407928467,14.087049961090088,0.27943617853285846,0.7205638214671415,False,True,True,0.21463905676306533,,,,,,,,,,,,
278,2026-05-13T00:11:32.752Z,2026-05-13 00:11:32.752000+00:00,1705.4157500000001,28.423595833333334,140.459,2,10,train,6,13,4.617041588,8.838807106018066,8.286384582519531,7.180283069610596,24.305474758148193,0.29541834261860983,0.7045816573813902,False,True,True,0.9375003304323263,,,,,,,,,,,,
279,2026-05-13T00:13:53.237Z,2026-05-13 00:13:53.237000+00:00,1707.7571666666665,28.462619444444442,140.485,2,10,train,6,14,4.624761581420898,9.737529754638672,4.807708740234375,4.312875747680664,18.85811424255371,0.22870132677150581,0.7712986732284942,False,True,True,0.4937298125270554,,,,,,,,,,,,
280,2026-05-13T00:16:13.983Z,2026-05-13 00:16:13.983000+00:00,1710.1029333333333,28.501715555555556,140.746,2,10,train,6,15,4.614285469055176,8.150537490844727,2.8823812007904053,2.6563639640808105,13.689282655715942,0.19404698046552857,0.8059530195344714,False,True,True,0.3536430823155043,,,,,,,,,,,,
281,2026-05-13T00:18:34.631Z,2026-05-13 00:18:34.631000+00:00,1712.4470666666666,28.540784444444444,140.648,2,10,train,6,16,4.618144989013672,2.9467170238494877,5.681501388549805,1.1216145753860474,9.74983298778534,0.11503936290921231,0.8849606370907876,False,True,True,1.9280783809799593,,,,,,,,,,,,
282,2026-05-13T00:20:54.632Z,2026-05-13 00:20:54.632000+00:00,1714.7804166666667,28.57967361111111,140.001,2,10,train,6,17,4.609874725341797,5.946578502655029,9.510712623596191,3.1371777057647705,18.59446883201599,0.1687156398016152,0.8312843601983848,False,True,True,1.5993587941956617,,,,,,,,,,,,
283,2026-05-13T00:23:15.326Z,2026-05-13 00:23:15.326000+00:00,1717.1253166666668,28.61875527777778,140.694,2,10,train,6,18,4.597192764282227,7.675373077392578,5.905945777893066,6.379865646362305,19.96118450164795,0.3196135803381607,0.6803864196618393,False,True,True,0.7694669325311013,,,,,,,,,,,,
284,2026-05-13T00:25:35.830Z,2026-05-13 00:25:35.830000+00:00,1719.46705,28.657784166666666,140.504,2,10,train,6,19,4.610425949,8.910871505737305,2.4682936668396,8.030412673950195,19.4095778465271,0.41373453546734684,0.5862654645326532,False,True,True,0.2769980091453881,,,,,,,,,,,,
285,2026-05-13T00:27:56.529Z,2026-05-13 00:27:56.529000+00:00,1721.8120333333331,28.69686722222222,140.699,2,10,train,6,20,4.612079620361328,9.24110507965088,4.796757698059082,1.9014770984649656,15.939339876174929,0.11929459521138437,0.8807054047886156,False,True,True,0.5190675418918944,,,,,,,,,,,,
286,2026-05-13T00:30:17.156Z,2026-05-13 00:30:17.156000+00:00,1724.1558166666666,28.735930277777776,140.627,2,10,train,6,21,4.613183022,7.324322700500488,5.197127342224121,1.580772042274475,14.102222084999084,0.11209382696901257,0.8879061730309874,False,True,True,0.7095710490567256,,,,,,,,,,,,
287,2026-05-13T00:32:37.674Z,2026-05-13 00:32:37.674000+00:00,1726.4977833333332,28.774963055555553,140.518,2,10,train,6,22,4.602706909179688,2.934453010559082,1.7687329053878784,2.9349048137664795,7.63809072971344,0.3842458695010276,0.6157541304989723,False,True,True,0.6027470533770426,,,,,,,,,,,,
288,2026-05-13T00:34:57.889Z,2026-05-13 00:34:57.889000+00:00,1728.8346999999999,28.813911666666666,140.215,2,10,train,6,23,4.621453285217285,6.464269638061523,8.355550765991211,1.354412317276001,16.174232721328735,0.08373889139668161,0.9162611086033184,False,True,True,1.2925746037562933,,,,,,,,,,,,
289,2026-05-13T00:37:18.418Z,2026-05-13 00:37:18.418000+00:00,1731.17685,28.852947500000003,140.529,2,10,train,6,24,4.621453285217285,1.9532101154327397,1.395636796951294,5.057088851928711,8.405935764312744,0.6016092667991224,0.3983907332008776,False,True,True,0.7145349012500308,,,,,,,,,,,,
290,2026-05-13T00:39:39.516Z,2026-05-13 00:39:39.516000+00:00,1733.5284833333333,28.892141388888888,141.098,2,10,train,6,25,4.619248390197754,9.762156487,7.855429172515869,2.310025691986084,19.92761135150195,0.11592085229080787,0.8840791477091922,False,True,True,0.8046817506948113,,,,,,,,,,,,
291,2026-05-13T13:32:54.593Z,2026-05-13 13:32:54.593000+00:00,2506.7797666666665,41.77966277777777,46395.077,3,11,train,1,0,4.300564765930176,2.0,2.0,6.0,10.0,0.6,0.4,True,True,False,1.0,0.0,0.02,0.02,0.04,0.02,4.760753385474143,4.760753385474143,-0.46018861954396684,4.417711128584759,-0.11714636265458278,4.422056786709622,-0.12149202077944654
292,2026-05-13T13:35:17.721Z,2026-05-13 13:35:17.721000+00:00,2509.165233333333,41.81942055555555,143.128,3,11,train,1,1,3.895318031311035,5.409165859222412,1.5117745399475098,7.6568474769592285,14.57778787612915,0.5252406978357238,0.47475930216427625,True,True,False,0.27948385745465626,-0.5536432712152104,0.03710553278169055,0.010370397434737076,0.047475930216427625,0.010370397434737076,4.2096561557550425,4.2096561557550425,-0.3143381244440073,3.866613898865658,0.028704132445377173,3.986186792876702,-0.09086876156566692
293,2026-05-13T13:37:38.080Z,2026-05-13 13:37:38.080000+00:00,2511.5045499999997,41.85840916666666,140.359,3,11,train,1,2,4.508424758911133,4.432991027832031,6.061048984527588,2.132323265075684,12.626363277435303,0.16887865636547778,0.8311213436345223,True,True,False,1.367259474804704,0.13585094162147432,0.035109009066405315,0.04800312529704692,0.08311213436345224,0.04800312529704692,4.896122972674344,4.896122972674344,-0.387698213763211,4.55308071578496,-0.04465595687382695,4.529122360543465,-0.020697601632332585
294,2026-05-13T13:39:58.499Z,2026-05-13 13:39:58.499000+00:00,2513.844866666667,41.89741444444444,140.419,3,11,train,1,3,4.186433792114258,7.58273983,4.223146915435791,2.022603988647461,13.828490734083253,0.14626353862770602,0.853736461372294,True,True,False,0.5569420829562856,-0.25418996525768095,0.05483418238340882,0.03053946375382057,0.08537364613722939,0.03053946375382057,4.5064996282345655,4.5064996282345655,-0.3200658361203077,4.1634573713451815,0.022976420769076356,4.220964170699743,-0.03453037858548491
295,2026-05-13T13:42:18.727Z,2026-05-13 13:42:18.727000+00:00,2516.1820000000002,41.93636666666667,140.228,3,11,train,1,4,3.87050724,7.342101573944092,2.0451855659484863,5.228659629821777,14.615946769714355,0.3577366360320949,0.6422633639679051,True,True,False,0.27855588013199284,-0.5550876694360098,0.050233499681030795,0.013992836715759715,0.06422633639679051,0.013992836715759715,4.20737006112886,4.20737006112886,-0.33686282112886046,3.8643278042394757,0.0061794357605240435,3.9843786907907535,-0.11387145079075367
296,2026-05-13T13:44:38.791Z,2026-05-13 13:44:38.791000+00:00,2518.5164,41.975273333333334,140.064,3,11,train,1,5,4.239914894104004,9.474337577819824,6.333772659301758,4.844608306884766,20.652718544006348,0.23457484769193862,0.7654251523080614,True,True,False,0.6685187863824509,-0.17488638390297712,0.04587453006553166,0.03066798516527448,0.07654251523080614,0.03066798516527448,4.585726863912815,4.585726863912815,-0.34581196980881135,4.242684607023431,-0.002769712919427292,4.283626025748587,-0.04371113164458329
297,2026-05-13T13:46:58.938Z,2026-05-13 13:46:58.938000+00:00,2520.8521833333334,42.014203055555555,140.147,3,11,train,1,6,4.416348457336426,7.453158855438232,8.384086608886719,2.580932378768921,18.418177843093872,0.1401296263265627,0.8598703736734373,True,True,False,1.1249037852949062,0.05111537817854743,0.040466320387024,0.04552071698031974,0.08598703736734374,0.04552071698031974,4.811428327437967,4.811428327437967,-0.395079870101541,4.468386070548583,-0.05203761321215694,4.462136259895351,-0.045787802558924895
298,2026-05-13T13:49:19.297Z,2026-05-13 13:49:19.297000+00:00,2523.1915,42.05319166666666,140.359,3,11,train,1,7,4.4554948806762695,5.668975830078125,7.238452434539795,3.943468570709229,16.85089683532715,0.23402128736803635,0.7659787126319637,True,True,False,1.2768536419108425,0.10614111953964163,0.03364198288955975,0.04295588837363661,0.07659787126319637,0.04295588837363661,4.866454197289685,4.866454197289685,-0.41095931661341556,4.523411940400301,-0.0679170597240315,4.505656938751139,-0.05016205807486962
299,2026-05-13T13:51:39.514Z,2026-05-13 13:51:39.514000+00:00,2525.52845,42.09214083333333,140.217,3,11,train,1,8,4.545917510986328,5.075520038604736,8.446838379,3.952305793762207,17.474664211366942,0.22617349014302124,0.7738265098569789,True,True,False,1.664231116171899,0.2212136377649913,0.029045021851139236,0.048337629134558656,0.0773826509856979,0.048337629134558656,4.9814634605464265,4.9814634605464265,-0.4355459495600984,4.6384212036570425,-0.09250369267071434,4.596619266563957,-0.050701755577629015
300,2026-05-13T13:53:59.685Z,2026-05-13 13:53:59.685000+00:00,2527.864633333333,42.13107722222222,140.171,3,11,train,1,9,4.209038734436035,9.767338752746582,5.951909065246582,1.9870312213897705,17.706279039382935,0.11222184045389463,0.8877781595461054,True,True,False,0.6093685512415448,-0.21511996293692676,0.05516313580635277,0.033614680148257775,0.08877781595461054,0.033614680148257775,4.545472097413006,4.545472097413006,-0.3364333629769707,4.202429840523622,0.006608893912413372,4.251788005377915,-0.04274927094188019
301,2026-05-13T13:56:20.048Z,2026-05-13 13:56:20.048000+00:00,2530.204016666667,42.17006694444445,140.363,3,11,train,1,10,4.072303771972656,2.596588134765625,1.709921956062317,9.487032890319824,13.793542981147766,0.6877879674051955,0.3122120325948044,True,True,False,0.6585264459804901,-0.18142677937680565,0.01882466410779663,0.01239653915168381,0.03122120325948044,0.01239653915168381,4.580100584702026,4.580100584702026,-0.5077968127293699,4.237058327812642,-0.16475455583998588,4.279176128066904,-0.20687235609424803
302,2026-05-13T13:58:40.429Z,2026-05-13 13:58:40.429000+00:00,2532.5437,42.20906166666667,140.381,3,11,train,1,11,4.324824333190918,8.935621262,7.854085445404053,4.446170330047607,21.235877037451658,0.20937069480136505,0.790629305198635,True,True,False,0.8789635566588602,-0.05602913114928252,0.04207794783441772,0.03698498268544578,0.0790629305198635,0.03698498268544578,4.704406625852941,4.704406625852941,-0.3795822926620227,4.361364368963557,-0.036540035772638646,4.377491398890277,-0.052667065699359306
303,2026-05-13T14:01:00.729Z,2026-05-13 14:01:00.729000+00:00,2534.8820333333333,42.24803388888889,140.3,3,11,train,1,12,3.979675293,8.412832260131836,3.176182270050049,1.7354533672332764,13.324467897415161,0.13024560384658515,0.8697543961534149,True,True,False,0.3775401876371508,-0.4230368126702706,0.06313822304126575,0.023837216574075747,0.08697543961534149,0.023837216574075747,4.3381146671545325,4.3381146671545325,-0.3584393741545324,3.995072410265148,-0.01539711726514792,4.087786306632235,-0.10811101363223452
304,2026-05-13T14:03:20.989Z,2026-05-13 14:03:20.989000+00:00,2537.2197,42.286995000000005,140.26,3,11,train,1,13,4.885552406311035,1.8670899868011477,8.915605545043945,9.862728118896484,20.645423650741577,0.4777198223559931,0.5222801776440069,True,True,False,4.775134357781488,0.6789855958196992,0.009043602196722577,0.04318441556767812,0.0522280177644007,0.04318441556767812,5.43919673304763,5.43919673304763,-0.5536443267365945,5.096154476158246,-0.21060206984721042,4.958646487720404,-0.07309408140936924
305,2026-05-13T14:05:41.347Z,2026-05-13 14:05:41.347000+00:00,2539.559,42.32598333333333,140.358,3,11,train,1,14,4.538198471069336,5.549419403076172,8.299148559570312,6.118420600891113,19.966988563537598,0.30642680950216855,0.6935731904978315,True,True,False,1.495498529984939,0.17478599047349333,0.027792971310707102,0.04156434773907605,0.06935731904978315,0.04156434773907605,4.935088771365873,4.935088771365873,-0.39689030029653694,4.592046514476489,-0.05384804340715288,4.559940919446454,-0.02174244837711825
306,2026-05-13T14:08:01.868Z,2026-05-13 14:08:01.868000+00:00,2541.9010166666662,42.365016944444434,140.521,3,11,train,1,15,4.781897545,2.8602161407470703,8.312158584594727,1.0527150630950928,12.22508978843689,0.0861110291468619,0.9138889708531381,True,True,False,2.9061295285270448,0.46331496724723786,0.023396279211400216,0.0679926178739136,0.09138889708531381,0.0679926178739136,5.2234640816762115,5.2234640816762115,-0.4415665366762118,4.880421824786827,-0.09852427978682776,4.788020717253823,-0.006123172253823306
307,2026-05-13T14:10:22.260Z,2026-05-13 14:10:22.260000+00:00,2544.2408833333334,42.40401472222222,140.392,3,11,train,1,16,4.388781547546387,8.928237915039062,9.144607543945312,9.202996253967283,27.27584171295166,0.3374046656678365,0.6625953343321634,True,True,False,1.024234303673941,0.010399317140652656,0.03273313435749841,0.03352639907571794,0.06625953343321635,0.03352639907571794,4.77084374572494,4.77084374572494,-0.382062198178553,4.427801488835556,-0.03901994128916897,4.430037384366643,-0.04125583682025624
308,2026-05-13T14:12:42.655Z,2026-05-13 14:12:42.655000+00:00,2546.5808,42.44301333333333,140.395,3,11,train,1,17,4.8761796951293945,1.8514130115509035,8.883493423461914,9.643140793,20.378047228012818,0.4732122114107182,0.5267877885892819,True,True,False,4.798223501746016,0.68108047358477,0.009085330850572603,0.04359344800835559,0.05267877885892819,0.04359344800835559,5.441289454778044,5.441289454778044,-0.5651097596486494,5.09824719788866,-0.22206750275926534,4.96030164865851,-0.08412195352911578
309,2026-05-13T14:15:03.051Z,2026-05-13 14:15:03.051000+00:00,2548.9207333333334,42.482012222222224,140.396,3,11,train,1,18,4.597744941711426,5.104634761810303,8.88956356,2.187124490737915,16.181322812548217,0.13516351636232446,0.8648364836376755,True,True,False,1.7414690716966033,0.2409157658394607,0.03154646144165534,0.05493718692211222,0.08648364836376757,0.05493718692211222,5.0011319157486565,5.0011319157486565,-0.4033869740372307,4.658089658859272,-0.060344717147846616,4.612175304564853,-0.014430362853427248
310,2026-05-13T14:17:23.187Z,2026-05-13 14:17:23.187000+00:00,2551.2563333333333,42.520938888888885,140.136,3,11,train,1,19,4.495744705200195,2.2735037803649902,4.164804935455322,9.593246459960938,16.03155517578125,0.5983977446213942,0.4016022553786059,True,True,False,1.8318882824935092,0.2628989847379383,0.01418143003243725,0.02597879550542334,0.04016022553786059,0.02597879550542334,5.023347638536227,5.023347638536227,-0.5276029333360315,4.680305381646843,-0.18456067644664742,4.6297460097548395,-0.1340013045546442
311,2026-05-13T14:19:43.500Z,2026-05-13 14:19:43.500000+00:00,2553.594883333333,42.55991472222222,140.313,3,11,train,1,20,4.130195617675781,8.890006065368652,4.594384670257568,1.1533818244934082,14.637772560119629,0.07879489995873949,0.9212051000412605,True,True,False,0.5168033223458828,-0.28667470307828585,0.06073332557160595,0.03138718443252011,0.09212051000412605,0.03138718443252011,4.474029686964904,4.474029686964904,-0.3438340692891231,4.13098743007552,-0.0007918123997390225,4.195283270238356,-0.06508765256257476
312,2026-05-13T14:22:03.557Z,2026-05-13 14:22:03.557000+00:00,2555.929166666667,42.598819444444445,140.057,3,11,train,1,21,4.260867118835449,7.999597549438477,6.175517082214356,5.257735252380371,19.432849884033203,0.2705591451462986,0.7294408548537014,True,True,False,0.7719784706729204,-0.1123948113201295,0.04116533394317661,0.03177875154219354,0.07294408548537015,0.03177875154219354,4.6481495819840575,4.6481495819840575,-0.38728246314860826,4.305107325094673,-0.0442402062592242,4.3329969684307255,-0.07212984959527624
313,2026-05-13T14:24:23.791Z,2026-05-13 14:24:23.791000+00:00,2558.2664,42.637773333333335,140.234,3,11,train,1,22,4.3386077880859375,6.521120548248291,6.200735569000244,7.388328552246094,20.11018466949463,0.3673923772293118,0.6326076227706882,True,True,False,0.9508696432035582,-0.02187901736102155,0.03242695507485943,0.030833807202209393,0.06326076227706882,0.030833807202209393,4.7386225664792185,4.7386225664792185,-0.40001477839328103,4.3955803095898345,-0.05697252150389698,4.404553233037702,-0.06594544495176446
314,2026-05-13T14:26:43.941Z,2026-05-13 14:26:43.941000+00:00,2560.602233333333,42.67670388888889,140.15,3,11,train,1,23,4.345775604248047,7.151160717010498,7.086976528167725,3.121375084,17.359512329178223,0.17980776330643394,0.820192236693566,True,True,False,0.9910246474128181,-0.003915544200629324,0.04119447932296279,0.040824744346393826,0.08201922366935661,0.040824744346393826,4.756455533560129,4.756455533560129,-0.4106799293120824,4.413413276670745,-0.06763767242269836,4.418657559520238,-0.07288195527219088
315,2026-05-13T14:29:04.254Z,2026-05-13 14:29:04.254000+00:00,2562.940783333333,42.71567972222222,140.313,3,11,train,1,24,4.237709999084473,9.166446685791016,6.3685736656188965,2.041278123855591,17.576298475265503,0.11613811217010274,0.8838618878298973,True,True,False,0.6947701638292267,-0.15815884014225476,0.05215231579442412,0.03623387298856562,0.08838618878298973,0.03623387298856562,4.602348593378473,4.602348593378473,-0.36463859429400003,4.259306336489089,-0.021596337404615973,4.296772368587911,-0.05906236950343846
316,2026-05-13T14:31:24.670Z,2026-05-13 14:31:24.670000+00:00,2565.28105,42.75468416666667,140.416,3,11,train,1,25,4.157212257385254,7.9552483558654785,4.838144302368164,9.51248264312744,22.305875301361084,0.4264563714541611,0.5735436285458388,True,True,False,0.6081701143624203,-0.215974925011327,0.03566436308096843,0.02168999977361545,0.05735436285458388,0.02168999977361545,4.54494297791704,4.54494297791704,-0.3877307205317857,4.2019007210276555,-0.044688463642401643,4.251369517860638,-0.09415726047538442
317,2026-05-13T14:33:44.994Z,2026-05-13 14:33:44.994000+00:00,2567.6197833333335,42.79366305555556,140.324,3,11,train,1,26,4.582306861877441,2.3128554821014404,4.951000690460205,3.557969570159912,10.821825742721558,0.32877720033081276,0.6712227996691873,True,True,False,2.140644207463308,0.33054449000540814,0.021372137540257467,0.04575014242666126,0.06712227996691873,0.04575014242666126,5.090786376379755,5.090786376379755,-0.508479514502314,4.747744119490371,-0.16543725761292993,4.683084187961508,-0.10077732608406631
318,2026-05-13T14:36:05.537Z,2026-05-13 14:36:05.537000+00:00,2569.9621666666667,42.832702777777776,140.543,3,11,train,1,27,4.212899208068848,4.797491073608398,3.7779135704040527,6.544902801513672,15.120307445526123,0.43285514035299677,0.5671448596470032,True,True,False,0.7874769358481625,-0.10376215725970578,0.031728793153792026,0.0249856928109083,0.05671448596470033,0.0249856928109083,4.656922326392705,4.656922326392705,-0.444023118323857,4.313880069503321,-0.10098086143447293,4.33993544651606,-0.12703623844721257
319,2026-05-13T14:38:25.717Z,2026-05-13 14:38:25.717000+00:00,2572.2985,42.87164166666666,140.18,3,11,train,1,28,4.066789627075195,9.821391105651855,4.327126979827881,1.0353699922561646,15.1838880777359,0.06818872656038114,0.9318112734396189,True,True,False,0.4405818822689767,-0.35597336599684826,0.06468297879548347,0.028498148548478416,0.09318112734396189,0.028498148548478416,4.404890495947181,4.404890495947181,-0.33810086887198576,4.061848239057797,0.004941388017398296,4.140600181415955,-0.07381055434075989
320,2026-05-13T14:40:46.005Z,2026-05-13 14:40:46.005000+00:00,2574.6366333333335,42.91061055555556,140.288,3,11,train,1,29,4.352391242980957,6.460755348205566,6.009022235870361,3.9218573570251465,16.391634941101074,0.23925968160694674,0.7607403183930532,True,True,False,0.9300804491133268,-0.03147948467734769,0.03941495385555224,0.036659077983753084,0.07607403183930533,0.036659077983753084,4.728947301861459,4.728947301861459,-0.37655605888050214,4.385905044972075,-0.033513801991118086,4.39690093993613,-0.04450969695517326
321,2026-05-13T14:43:06.264Z,2026-05-13 14:43:06.264000+00:00,2576.9742833333335,42.94957138888889,140.259,3,12,train,2,0,4.897130966186523,1.188876390457153,6.513851165771484,4.299782752990723,12.00251030921936,0.35824028825769694,0.6417597117423031,True,True,False,5.478997831950169,0.7387011285835938,0.009905231154385713,0.054270740019844596,0.06417597117423031,0.054270740019844596,5.498865378058773,5.498865378058773,-0.6017344118722496,5.155823121169389,-0.2586921549828656,5.0058391980635175,-0.10870823187699408
322,2026-05-13T14:45:26.686Z,2026-05-13 14:45:26.686000+00:00,2579.31465,42.9885775,140.422,3,12,train,2,1,4.239914894104004,8.400867462158203,5.926684856414795,8.766579627990723,23.09413194656372,0.3796020412577205,0.6203979587422795,True,True,False,0.705484866070273,-0.15151229821390874,0.03637663230467602,0.025663163569551933,0.06203979587422795,0.025663163569551933,4.609197371464946,4.609197371464946,-0.369282477360942,4.266155114575562,-0.02624022047155794,4.3021891565907024,-0.06227426248669854
323,2026-05-13T14:47:47.070Z,2026-05-13 14:47:47.070000+00:00,2581.6543833333335,43.02757305555556,140.384,3,12,train,2,2,4.352943420410156,6.004016876220703,5.448150634765625,3.9401121139526367,15.392279624938965,0.2559797645287555,0.7440202354712445,True,True,False,0.907417608425349,-0.042192797510198034,0.0390066775196368,0.03539534602748765,0.07440202354712445,0.03539534602748765,4.718254922225119,4.718254922225119,-0.3653115018149631,4.375212665335735,-0.022269244925579024,4.388444197287422,-0.035500776877265494
324,2026-05-13T14:50:07.564Z,2026-05-13 14:50:07.564000+00:00,2583.99595,43.06659916666667,140.494,3,12,train,2,3,4.060725212097168,2.151942014694214,1.4495530128479004,4.8586626052856445,8.460157632827759,0.574299299865606,0.425700700134394,True,True,False,0.6736022638852928,-0.17159646190146197,0.025436192894847276,0.017133877118592124,0.042570070013439404,0.017133877118592124,4.589494911177666,4.589494911177666,-0.528769699080498,4.246452654288282,-0.18572744219111392,4.286606223524087,-0.2258810114269192
325,2026-05-13T14:52:27.857Z,2026-05-13 14:52:27.857000+00:00,2586.3341666666665,43.10556944444444,140.293,3,12,train,2,4,4.469278335571289,7.0223822593688965,8.924671173095703,1.012295484542847,16.959348917007446,0.05968952519914727,0.9403104748008527,True,True,False,1.2708893995607933,0.1041077572806406,0.041407145367040585,0.05262390211304469,0.09403104748008528,0.05262390211304469,4.864363874750051,4.864363874750051,-0.395085539178762,4.521321617860667,-0.052043282289377935,4.504003675364343,-0.03472533979305403
326,2026-05-13T14:54:47.891Z,2026-05-13 14:54:47.891000+00:00,2588.6680666666666,43.14446777777778,140.034,3,12,train,2,5,5.036071777,1.2410881519317627,9.475845336914062,4.738319396972656,15.455252885818481,0.3065831036204183,0.6934168963795817,True,True,False,7.635110626239434,0.8828153339945719,0.008030202812602099,0.061311486825356074,0.06934168963795817,0.061311486825356074,5.6429542390242045,5.6429542390242045,-0.6068824620242044,5.29991198213482,-0.2638402051348203,5.119800959352732,-0.08372918235273197
327,2026-05-13T14:57:07.890Z,2026-05-13 14:57:07.890000+00:00,2591.0013833333337,43.183356388888896,139.999,3,12,train,2,6,4.456046104431152,1.400801658630371,2.6680917739868164,3.2151031494140625,7.28399658203125,0.4413927317518707,0.5586072682481293,True,True,False,1.9046891881863801,0.2798241165636259,0.01923122344793491,0.03662950337687802,0.05586072682481293,0.03662950337687802,5.040138103474912,5.040138103474912,-0.5840919990437596,4.697095846585528,-0.24104974215437558,4.643025807682705,-0.186979703251553
328,2026-05-13T14:59:28.022Z,2026-05-13 14:59:28.022000+00:00,2593.3369166666666,43.22228194444445,140.132,3,12,train,2,7,3.840182304382324,7.569385528564453,2.0904858112335205,6.042367935180664,15.702239274978638,0.3848093147331615,0.6151906852668385,True,True,False,0.2761764218964263,-0.5588134013452515,0.048205771138809445,0.01331329738787441,0.06151906852668385,0.01331329738787441,4.203786073959155,4.203786073959155,-0.36360376957683105,3.8607438170697708,-0.020561512687446548,3.981544068547501,-0.14136176416517676
329,2026-05-13T15:01:48.086Z,2026-05-13 15:01:48.086000+00:00,2595.671316666667,43.261188611111116,140.064,3,12,train,2,8,4.6109771728515625,5.438202857971191,9.956950187683104,1.379495620727539,16.774648666381836,0.08223693074968501,0.9177630692503149,True,True,False,1.830926585073677,0.2626709306825783,0.032419175901251054,0.05935713102378044,0.0917763069250315,0.05935713102378044,5.022867426440579,5.022867426440579,-0.4118902535890161,4.6798251695511945,-0.06884799669963204,4.629366203738983,-0.01838903088742061
330,2026-05-13T15:04:08.380Z,2026-05-13 15:04:08.380000+00:00,2598.00955,43.30015916666667,140.294,3,12,train,2,9,4.373343467712402,6.662702083587647,6.716535568237305,8.868682861328125,22.247920513153076,0.39862974411855334,0.6013702558814467,True,True,False,1.0080798276696576,0.0034949243155866414,0.029947527363955777,0.030189498224188895,0.06013702558814467,0.030189498224188895,4.763992321653267,4.763992321653267,-0.39064885394086435,4.420950064763883,-0.04760659705148029,4.424618503619612,-0.051275035907210054
331,2026-05-13T15:06:28.766Z,2026-05-13 15:06:28.766000+00:00,2600.3493166666667,43.33915527777778,140.386,3,12,train,2,10,4.377754211425781,7.857167243957519,8.013490676879883,6.517296314239502,22.387954235076904,0.29110727339384856,0.7088927266061514,True,True,False,1.019895647893022,0.008555738563266531,0.03509551235211612,0.035793760308499026,0.07088927266061515,0.035793760308499026,4.768972915296212,4.768972915296212,-0.3912187038704307,4.425930658406828,-0.04817644698104662,4.428557720155942,-0.050803508730160374
332,2026-05-13T15:08:49.048Z,2026-05-13 15:08:49.048000+00:00,2602.68735,43.3781225,140.282,3,12,train,2,11,4.682653427124023,3.221418857574463,8.051958084106445,8.465297699,19.73867464068091,0.4288685969600632,0.5711314030399368,True,True,False,2.499506720516652,0.39785430879389955,0.0163203402265682,0.04079280007742548,0.057113140303993684,0.04079280007742548,5.158113165691494,5.158113165691494,-0.47545973856747015,4.8150709088021095,-0.1324174816780861,4.7363338246128395,-0.053680397488816034
333,2026-05-13T15:11:09.253Z,2026-05-13 15:11:09.253000+00:00,2605.0241,43.41706833333333,140.205,3,12,train,2,12,4.331991195678711,6.122631072998047,5.759654998779297,8.033277512,19.91556358377734,0.40336681802686625,0.5966331819731339,True,True,False,0.94071567110755,-0.026541621129901723,0.030742946576643053,0.028920371620670328,0.05966331819731338,0.028920371620670328,4.733996060724158,4.733996060724158,-0.40200486504544664,4.3909538038347735,-0.05896260815606258,4.400894069234694,-0.06890287355598268
334,2026-05-13T15:13:29.567Z,2026-05-13 15:13:29.567000+00:00,2607.362666666667,43.45604444444445,140.314,3,12,train,2,13,4.151146889,5.147984027862549,3.055848836898804,1.5005385875701904,9.704371452331543,0.15462501563763573,0.8453749843623642,True,True,False,0.5936010718680488,-0.22650532352087793,0.053048093358233,0.031489405078003435,0.08453749843623644,0.031489405078003435,4.534137028248879,4.534137028248879,-0.3829901392488795,4.191094771359495,-0.039947882359495424,4.242822951191049,-0.09167606219104929
335,2026-05-13T15:15:49.958Z,2026-05-13 15:15:49.958000+00:00,2609.7025166666667,43.495041944444445,140.391,3,12,train,2,14,4.100973129272461,8.727850914001465,4.683068275,9.471365928649902,22.882285117651367,0.4139169615251277,0.5860830384748723,True,True,False,0.5365660253759937,-0.2703768297238146,0.03814239211305348,0.020465911734433757,0.058608303847487234,0.020465911734433757,4.4906762599301455,4.4906762599301455,-0.3897031306576846,4.1476340030407615,-0.046660873768300526,4.208449262125844,-0.10747613285338264
336,2026-05-13T15:18:10.122Z,2026-05-13 15:18:10.122000+00:00,2612.0385833333335,43.53397638888889,140.164,3,12,train,2,15,3.7635440826416016,8.904948234558105,2.065351963043213,8.631914138793945,19.602214336395264,0.44035403300162596,0.5596459669983741,True,True,False,0.23193306784513867,-0.6346373274342375,0.0454282770392137,0.010536319660623706,0.0559645966998374,0.010536319660623706,4.129124386352028,4.129124386352028,-0.36558030371042616,3.786082129462643,-0.022538046821041657,3.922493165073605,-0.15894908243200323
337,2026-05-13T15:20:30.332Z,2026-05-13 15:20:30.332000+00:00,2614.3754166666668,43.572923611111115,140.21,3,12,train,2,16,4.417451858520508,8.283895492553711,8.799889565,4.23688554763794,21.32067060519165,0.1987219645242418,0.8012780354757583,True,True,False,1.0622888196634193,0.02624261065593923,0.03885382240526973,0.04127398114230609,0.08012780354757582,0.04127398114230609,4.78659730071881,4.78659730071881,-0.3691454421983025,4.443555043829426,-0.02610318530891842,4.442497076681781,-0.025045218161273475
338,2026-05-13T15:22:50.714Z,2026-05-13 15:22:50.714000+00:00,2616.7151166666667,43.611918611111115,140.382,3,12,train,2,17,5.0222883224487305,1.0920008420944214,8.965006828308105,9.697868347167969,19.754876017570496,0.49091010941007346,0.5090898905899265,True,True,False,8.209706881831263,0.9143276514098495,0.005527753457542167,0.04538123560145049,0.05090898905899266,0.04538123560145049,5.674513749416784,5.674513749416784,-0.6522254269680534,5.3314714925274,-0.30918317007866936,5.144761788147307,-0.12247346569857687
339,2026-05-13T15:25:10.890Z,2026-05-13 15:25:10.890000+00:00,2619.0513833333334,43.65085638888889,140.176,3,12,train,2,18,4.081125259399414,4.365048885345459,2.281461715698242,6.423364639282227,13.069875240325928,0.4914633476732441,0.5085366523267558,True,True,False,0.5226657880872009,-0.2817759264016024,0.03339778540408322,0.017455879828592372,0.05085366523267559,0.017455879828592372,4.479479430605197,4.479479430605197,-0.3983541712057832,4.136437173715813,-0.05531191431639915,4.199593543632574,-0.11846828423315969
340,2026-05-13T15:27:31.203Z,2026-05-13 15:27:31.203000+00:00,2621.3899333333334,43.68983222222222,140.313,3,12,train,2,19,4.591128349304199,4.9071245193481445,9.37217140197754,7.457568168640137,21.73686408996582,0.34308390289299834,0.6569160971070017,True,True,False,1.9099110619720991,0.28101314410947686,0.022575126287942213,0.043116483422757965,0.06569160971070018,0.043116483422757965,5.041279664365685,5.041279664365685,-0.4501513150614862,4.698237407476301,-0.10710905817210215,4.643928683094862,-0.05280033379066307
341,2026-05-13T15:29:51.452Z,2026-05-13 15:29:51.452000+00:00,2623.7274166666666,43.728790277777776,140.249,3,12,train,2,20,4.526619911193848,6.487237453460693,9.469579696655272,6.0930585861206055,22.049875736236572,0.27633074485346537,0.7236692551465346,True,True,False,1.4597245383092325,0.16427090867534422,0.029420743822150545,0.04294618169250291,0.07236692551465346,0.04294618169250291,4.924566828184168,4.924566828184168,-0.39794691699032025,4.581524571294784,-0.0549046601009362,4.551618977214848,-0.024999066021000438
342,2026-05-13T15:32:11.846Z,2026-05-13 15:32:11.846000+00:00,2626.0673166666666,43.76778861111111,140.394,3,12,train,2,21,3.622948647,8.434318542480469,1.4402081966400146,3.873974561691284,13.748501300811768,0.28177431684590587,0.7182256831540941,True,True,False,0.17075572725718519,-0.7676247208852093,0.06134718510724127,0.010475383208168142,0.07182256831540941,0.010475383208168142,3.997240668486794,3.997240668486794,-0.3742920214867942,3.6541984115974095,-0.03124976459740969,3.818184610806543,-0.1952359638065433
343,2026-05-13T15:34:32.341Z,2026-05-13 15:34:32.341000+00:00,2628.4089000000004,43.80681500000001,140.495,3,12,train,2,22,4.522760391235352,6.721276760101318,9.610162734985352,3.994364261627197,20.325803756713867,0.19651691561313084,0.8034830843868691,True,True,False,1.4298120845183713,0.1552789633256141,0.03306770467997457,0.04728060375871235,0.08034830843868693,0.04728060375871235,4.915550053073238,4.915550053073238,-0.39278966183788633,4.572507796183854,-0.04974740494850227,4.544487492061136,-0.02172710082578444
344,2026-05-13T15:36:52.727Z,2026-05-13 15:36:52.727000+00:00,2630.748666666667,43.84581111111111,140.386,3,12,train,2,23,4.449981689453125,6.724656105041504,8.683657646,9.300100326538086,24.70841407757959,0.3763940614455298,0.6236059385544702,True,True,False,1.2913162413598853,0.11103261334215032,0.02721605718573195,0.03514453666971507,0.062360593855447025,0.03514453666971507,4.871413340807594,4.871413340807594,-0.42143165135446914,4.52837108391821,-0.07838939446508508,4.509579190103535,-0.05959750065041014
345,2026-05-13T15:39:12.631Z,2026-05-13 15:39:12.631000+00:00,2633.0804,43.88467333333333,139.904,3,12,train,2,24,4.282369613647461,3.1048383712768555,2.873502731323242,3.1825568675994877,9.160897970199585,0.34740664921193865,0.6525933507880615,True,True,False,0.9254918896604344,-0.03362738273620187,0.033892292888501756,0.031367042190304395,0.06525933507880616,0.031367042190304395,4.726872611992065,4.726872611992065,-0.44450299834460427,4.383830355102681,-0.10146074145522022,4.39526004063232,-0.11289042698485918
346,2026-05-13T15:41:32.916Z,2026-05-13 15:41:32.916000+00:00,2635.4184833333334,43.92364138888889,140.285,3,12,train,2,25,4.37279224395752,9.666420936584473,9.229816436767578,8.223843574523926,27.120080947875977,0.3032381647506849,0.6967618352493151,True,True,False,0.9548328690958947,-0.02007263928690966,0.03564303865892974,0.03403314486600177,0.06967618352493152,0.03403314486600177,4.740380876785293,4.740380876785293,-0.3675886328277729,4.397338619895909,-0.02454637593838882,4.405943903614391,-0.03315165965687061
347,2026-05-13T15:43:53.271Z,2026-05-13 15:43:53.271000+00:00,2637.7577333333334,43.96262888888889,140.355,3,12,train,2,26,4.505117416381836,5.010132789611816,7.332557201385498,8.921291351,21.263981341997315,0.4195494346761888,0.5804505653238111,True,True,False,1.4635454805886736,0.1654062229514228,0.02356159323614802,0.0344834632962331,0.05804505653238112,0.0344834632962331,4.925774319404853,4.925774319404853,-0.4206569030230174,4.582732062515469,-0.07761464613363334,4.552573997785686,-0.047456581403849896
348,2026-05-13T15:46:13.696Z,2026-05-13 15:46:13.696000+00:00,2640.09815,44.00163583333333,140.425,3,12,train,2,27,3.952108383178711,6.222025394439697,2.304558277130127,5.230282306671143,13.756865978240967,0.3801943200539864,0.6198056799460137,True,True,False,0.3703871538662622,-0.4313440843598206,0.045228509198831944,0.016752058795769423,0.06198056799460137,0.016752058795769423,4.33031497405125,4.33031497405125,-0.37820659087253894,3.9872727171618654,-0.03516433398315444,4.081617427527981,-0.1295090443492697
349,2026-05-13T15:48:34.098Z,2026-05-13 15:48:34.098000+00:00,2642.438183333333,44.040636388888885,140.402,3,12,train,2,28,4.705258369445801,3.712399482727051,9.140630722045898,3.786210060119629,16.639240264892578,0.22754705141846046,0.7724529485815396,True,True,False,2.462189418077222,0.39132146048048977,0.022311111707184778,0.054934183150969186,0.07724529485815396,0.054934183150969186,5.151514537824702,5.151514537824702,-0.44625616837890103,4.808472280935318,-0.10321391148951697,4.731114883684629,-0.02585651423882851
350,2026-05-13T15:50:53.958Z,2026-05-13 15:50:53.958000+00:00,2644.7691833333333,44.07948638888889,139.86,3,12,train,2,29,4.612079620361328,1.240022063,3.9018144607543945,9.68601417541504,14.827850699169435,0.6532311642413281,0.3467688357586719,True,True,False,3.1465685790418023,0.49783720157686623,0.008362790320443802,0.026314093255423394,0.03467688357586719,0.026314093255423394,5.258214815720338,5.258214815720338,-0.64613519535901,4.915172558830954,-0.3030929384696259,4.815505526497418,-0.2034259061360899
351,2026-05-13T15:53:14.452Z,2026-05-13 15:53:14.452000+00:00,2647.11075,44.118512499999994,140.494,3,13,train,3,0,4.524414063,6.677691459655762,9.580991744995115,4.000587463378906,20.259270668029785,0.19746947108476356,0.8025305289152365,True,True,False,1.4347760454163032,0.1567841172161112,0.03296116414592119,0.047291888745602445,0.08025305289152364,0.047291888745602445,4.917054756898399,4.917054756898399,-0.3926406938983993,4.574012500009015,-0.04959843700901523,4.545677581961112,-0.02126351896111167
352,2026-05-13T15:55:34.556Z,2026-05-13 15:55:34.556000+00:00,2649.445816666667,44.15743027777778,140.104,3,13,train,3,1,3.740939140319824,7.414548397064209,1.626594305038452,4.342222690582275,13.383365392684937,0.32444923703238665,0.6755507629676134,True,True,False,0.21937874270029745,-0.658805456867155,0.05540122517402718,0.012153851122734151,0.06755507629676133,0.012153851122734151,4.104610444656122,4.104610444656122,-0.3636713043362976,3.7615681877667373,-0.020629047446913074,3.903104768544627,-0.16216562822480274
353,2026-05-13T15:57:54.704Z,2026-05-13 15:57:54.704000+00:00,2651.7816166666667,44.19636027777778,140.148,3,13,train,3,2,4.393192291259766,9.811089515686035,9.827285766601562,8.140188217163086,27.778563499450684,0.29303848693702456,0.7069615130629755,True,True,False,1.0016508106352136,0.00071634683559997,0.0353189232261058,0.03537722808019175,0.07069615130629756,0.03537722808019175,4.76114223183172,4.76114223183172,-0.36794994057195396,4.4180999749423355,-0.024907683682569903,4.422364330370413,-0.02917203911064714
354,2026-05-13T16:00:15.261Z,2026-05-13 16:00:15.261000+00:00,2654.1242333333334,44.23540388888889,140.557,3,13,train,3,3,4.468727111816406,7.396331310272217,9.313321113586426,7.598237514,24.307889937858643,0.31258317910046257,0.6874168208995374,True,True,False,1.2591811700825035,0.10008822058169162,0.030427697875794243,0.0383139842141595,0.06874168208995374,0.0383139842141595,4.860441356725848,4.860441356725848,-0.3917142449094415,4.517399099836464,-0.048671988020057455,4.50090130464858,-0.03217419283217371
355,2026-05-13T16:02:35.448Z,2026-05-13 16:02:35.448000+00:00,2656.4606833333332,44.27434472222222,140.187,3,13,train,3,4,4.5437116622924805,5.517484664916992,8.929527282714844,6.184117317199707,20.631129264831543,0.2997469134053337,0.7002530865946662,True,True,False,1.6184054555680734,0.2090873337513274,0.026743493262495654,0.04328181539697098,0.07002530865946663,0.04328181539697098,4.969369264232093,4.969369264232093,-0.4256576019396121,4.6263270073427085,-0.08261534505022805,4.587053808803209,-0.043342146510728874
356,2026-05-13T16:04:56.085Z,2026-05-13 16:04:56.085000+00:00,2658.804633333333,44.313410555555556,140.637,3,13,train,3,5,4.553636551,3.3866424560546875,5.991919994354248,9.409219741821287,18.787782192230225,0.5008158837242915,0.49918411627570836,True,True,False,1.7692803631047052,0.24779665738775328,0.01802577026603624,0.03189264136153459,0.04991841162757084,0.03189264136153459,5.008166752180125,5.008166752180125,-0.4545302011801251,4.665124495290741,-0.11148794429074105,4.6177392485417865,-0.06410269754178621
357,2026-05-13T16:07:16.127Z,2026-05-13 16:07:16.127000+00:00,2661.1386666666667,44.35231111111111,140.042,3,13,train,3,6,3.708959579467773,9.55878448486328,1.8389325141906736,3.785595655441284,15.183312654495237,0.24932606879569882,0.7506739312043011,True,True,False,0.19238141806656456,-0.7158368783526745,0.06295585622438767,0.012111536896042455,0.07506739312043012,0.012111536896042455,4.047980170725967,4.047980170725967,-0.3390205912581936,3.704937913836582,0.004021665631190885,3.8583151455569107,-0.1493555660891377
358,2026-05-13T16:09:36.448Z,2026-05-13 16:09:36.448000+00:00,2663.47735,44.39128916666667,140.321,3,13,train,3,7,4.489127159118652,4.959897994995117,7.332588195800781,3.365722894668579,15.658209085464478,0.21494941575361778,0.7850505842463822,True,True,False,1.4783747978688018,0.16978455044001758,0.03167602353451387,0.046829034890124355,0.07850505842463823,0.046829034890124355,4.930054556737928,4.930054556737928,-0.4409273976192756,4.587012299848544,-0.09788514072989152,4.555959293373039,-0.06683213425438694
359,2026-05-13T16:11:57.010Z,2026-05-13 16:11:57.010000+00:00,2665.8200500000003,44.43033416666667,140.562,3,13,train,3,8,4.333645820617676,9.802682876586914,8.599370002746582,9.221449851989746,27.623502731323242,0.3338262327439462,0.6661737672560538,True,True,False,0.8772465773921577,-0.05687831752418264,0.035486748266255586,0.031130628459349798,0.06661737672560539,0.031130628459349798,4.703639825473038,4.703639825473038,-0.3699940048553625,4.360597568583654,-0.026951747965978434,4.376884926458853,-0.043239105841177405
360,2026-05-13T16:14:17.916Z,2026-05-13 16:14:17.916000+00:00,2668.1684833333334,44.46947472222222,140.906,3,13,train,3,9,4.630274772644043,5.065757751464844,9.655864715576172,1.288937211036682,16.010559678077698,0.08050544371672069,0.9194945562832793,True,True,False,1.906104711142973,0.2801467547611088,0.03164010411454313,0.06030935151378481,0.09194945562832793,0.06030935151378481,5.0403374548563065,5.0403374548563065,-0.4100626822122635,4.697295197966922,-0.06702042532287944,4.643183477292881,-0.01290870464883831
361,2026-05-13T16:16:38.863Z,2026-05-13 16:16:38.863000+00:00,2670.5176,44.50862666666667,140.947,3,13,train,3,10,4.955574035644531,1.3807687759399414,8.082494735717773,3.0977044105529785,12.560967922210693,0.24661351177209215,0.7533864882279079,True,True,False,5.853619285543095,0.7674244728697996,0.010992534846764662,0.06434611397602613,0.07533864882279079,0.06434611397602613,5.527561630753009,5.527561630753009,-0.5719875951084781,5.184519373863625,-0.22894533821909402,5.028535438963223,-0.07296140331869161
362,2026-05-13T16:18:59.309Z,2026-05-13 16:18:59.309000+00:00,2672.858366666667,44.54763944444445,140.446,3,13,train,3,11,4.676589012145996,3.837014675140381,9.274188995361328,8.942249298095703,22.053452968597412,0.40548068870796994,0.5945193112920301,True,True,False,2.4170324537583436,0.38328248176616964,0.017398702509779415,0.042053228619423594,0.05945193112920301,0.042053228619423594,5.143536033404474,5.143536033404474,-0.46694702125847787,4.80049377651509,-0.12390476436909381,4.7248045803753325,-0.04821556822933637
363,2026-05-13T16:21:20.182Z,2026-05-13 16:21:20.182000+00:00,2675.20625,44.58677083333334,140.873,3,13,train,3,12,4.092702865600586,8.061115264892578,4.100265502929688,3.9817376136779785,16.143118381500244,0.2466523207957755,0.7533476792042245,True,True,False,0.5086474226199181,-0.29358315178509264,0.049935304161124704,0.025399463759297754,0.07533476792042246,0.025399463759297754,4.467296082560684,4.467296082560684,-0.37459321696009784,4.1242538256713,-0.031550960070713785,4.189957574604507,-0.09725470900392086
364,2026-05-13T16:23:40.793Z,2026-05-13 16:23:40.793000+00:00,2677.5497666666665,44.62582944444444,140.611,3,13,train,3,13,4.028745651245117,5.389552593231201,2.6211366653442383,6.837344169616699,14.848033428192139,0.4604881988367936,0.5395118011632064,True,True,False,0.48633659659173806,-0.31306304875418167,0.03629809037874331,0.017653089737577336,0.05395118011632065,0.017653089737577336,4.448238963680629,4.448238963680629,-0.41949331243551224,4.105196706791245,-0.07645105554612819,4.174885050482119,-0.14613939923700148
365,2026-05-13T16:26:01.190Z,2026-05-13 16:26:01.190000+00:00,2679.8897166666666,44.66482861111111,140.397,3,13,train,3,14,4.3634185791015625,7.284557819366455,7.186082363128662,1.7513232231140137,16.22196340560913,0.1079600033192315,0.8920399966807685,True,True,False,0.9864816151261797,-0.005911004201604984,0.044905524918442644,0.04429847474963421,0.08920399966807685,0.04429847474963421,4.7544317902178586,4.7544317902178586,-0.39101321111629606,4.4113895333284745,-0.047970954226912,4.417056954489861,-0.05363837538829852
366,2026-05-13T16:28:21.855Z,2026-05-13 16:28:21.855000+00:00,2682.2341333333334,44.703902222222226,140.665,3,13,train,3,15,4.347980499267578,6.09321928,5.743249893188477,2.233166456222534,14.06963562941101,0.15872240867093584,0.8412775913290641,True,True,False,0.9425641240320629,-0.02568909442087909,0.043307584080306966,0.04082017505259945,0.08412775913290642,0.04082017505259945,4.734691598499139,4.734691598499139,-0.3867110992315608,4.391649341609755,-0.04366884234217672,4.401444179141517,-0.053463679873939185
367,2026-05-13T16:30:42.492Z,2026-05-13 16:30:42.492000+00:00,2684.5780833333333,44.74296805555556,140.637,3,13,train,3,16,4.836481094360352,2.042135000228882,7.6403069496154785,3.707382678985596,13.389824628829956,0.2768806001389399,0.7231193998610601,True,True,False,3.741332942611118,0.5730263579455508,0.015251394673474,0.057060545312632015,0.07231193998610602,0.057060545312632015,5.3331938557593315,5.3331938557593315,-0.4967127613989799,4.990151598869947,-0.15367050450959585,4.87480742815287,-0.038326333792518597
368,2026-05-13T16:33:02.680Z,2026-05-13 16:33:02.680000+00:00,2686.91455,44.781909166666665,140.188,3,13,train,3,17,3.9895992279052734,7.405407428741455,3.2787628173828125,8.155632019042969,18.839802265167236,0.4328937164123985,0.5671062835876015,True,True,False,0.44275252225251793,-0.35383895606170385,0.03930724603428166,0.017403382324478488,0.056710628358760146,0.017403382324478488,4.407568714434666,4.407568714434666,-0.41796948652939214,4.0645264575452815,-0.07492722964000809,4.14271841938318,-0.15311919147790665
369,2026-05-13T16:35:23.025Z,2026-05-13 16:35:23.025000+00:00,2689.2536333333333,44.82089388888889,140.345,3,13,train,3,18,4.706361770629883,2.409048318862915,6.658300399780273,6.761423587799072,15.82877230644226,0.42716032910822743,0.5728396708917726,True,True,False,2.763871669839744,0.4415178743120303,0.015219426195690743,0.04206454089348652,0.05728396708917726,0.04206454089348652,5.201762041780248,5.201762041780248,-0.49540027115036533,4.858719784890864,-0.15235801426098128,4.770856290569195,-0.06449451993931188
370,2026-05-13T16:37:43.378Z,2026-05-13 16:37:43.378000+00:00,2691.59285,44.859880833333335,140.353,3,13,train,3,19,4.479754447937012,6.665757179260254,8.770471572875977,9.001437187194824,24.437665939331055,0.36834275456345916,0.6316572454365409,True,True,False,1.3157502346716592,0.11917345614825312,0.027276570503126863,0.03588915404052723,0.06316572454365409,0.03588915404052723,4.879543244272771,4.879543244272771,-0.39978879633575914,4.536500987383387,-0.05674653944637509,4.516009236894072,-0.036254788957060136
371,2026-05-13T16:40:03.657Z,2026-05-13 16:40:03.657000+00:00,2693.9308333333333,44.89884722222222,140.279,3,13,train,3,20,4.462662696838379,3.754547595977783,5.3496503829956055,1.5680594444274902,10.672257423400879,0.14692856274149016,0.8530714372585099,True,True,False,1.4248455363108576,0.15376778619446085,0.03518044446477884,0.05012669926107215,0.08530714372585099,0.05012669926107215,4.9140238583050335,4.9140238583050335,-0.4513611614666546,4.5709816014156495,-0.10831890457727056,4.543280404693732,-0.08061770785535316
372,2026-05-13T16:42:24.005Z,2026-05-13 16:42:24.005000+00:00,2696.2699666666667,44.93783277777778,140.348,3,13,train,3,21,4.449430465698242,9.009311676,9.840830803,2.752934694290161,21.60307717329016,0.12743252603355337,0.8725674739664466,True,True,False,1.092295522333309,0.03834015334607029,0.0417038350774353,0.04555291231920937,0.08725674739664467,0.04555291231920937,4.798657272767964,4.798657272767964,-0.349226807069722,4.45561501587858,-0.006184550180337922,4.452035466024383,-0.0026050003261408605
373,2026-05-13T16:44:44.387Z,2026-05-13 16:44:44.387000+00:00,2698.6096666666663,44.97682777777777,140.382,3,13,train,3,22,4.2630720138549805,8.404096603393555,6.410407066345215,2.109581470489502,16.92408514022827,0.12464966070603495,0.875350339293965,True,True,False,0.7627717015719104,-0.1176054274235366,0.049657612413076056,0.037877421516320446,0.0875350339293965,0.037877421516320446,4.642854517849773,4.642854517849773,-0.3797825039947922,4.299812260960389,-0.03674024710540813,4.328809033077227,-0.0657370192222464
374,2026-05-13T16:47:04.908Z,2026-05-13 16:47:04.908000+00:00,2700.951683333333,45.01586138888889,140.521,3,13,train,3,23,4.408630371,5.933389186859131,6.872577667236328,3.266444683074951,16.07241153717041,0.20323301674553917,0.7967669832544608,True,True,False,1.1582887032688245,0.06381682071223656,0.03691660814643202,0.04276009017901407,0.07967669832544609,0.04276009017901407,4.824145439492888,4.824145439492888,-0.4155150684928879,4.481103182603504,-0.07247281160350383,4.472194389847803,-0.06356401884780283
375,2026-05-13T16:49:25.077Z,2026-05-13 16:49:25.077000+00:00,2703.2878333333333,45.05479722222222,140.169,3,13,train,3,24,4.572381973266602,4.616175651550293,7.935174465179443,9.610655784606934,22.16200590133667,0.43365459910951837,0.5663454008904817,True,True,False,1.7189931805377683,0.2352741537896171,0.020829232119606446,0.03580530796944172,0.05663454008904817,0.03580530796944172,4.9956073034446105,4.9956073034446105,-0.4232253301780089,4.652565046555226,-0.08018307328862484,4.6078058165670255,-0.03542384330042392
376,2026-05-13T16:51:45.059Z,2026-05-13 16:51:45.059000+00:00,2705.6208666666666,45.09368111111111,139.982,3,13,train,3,25,4.402565002441406,6.2313385009765625,6.546560764312744,5.227645397186279,18.005544662475586,0.29033531032698734,0.7096646896730127,True,True,False,1.0505866056364586,0.021431859502253587,0.03460788672482077,0.0363585822424805,0.07096646896730127,0.0363585822424805,4.781836629061273,4.781836629061273,-0.37927162661986635,4.4387943721718885,-0.0362293697304823,4.438731799314901,-0.03616679687349489
377,2026-05-13T16:54:05.171Z,2026-05-13 16:54:05.171000+00:00,2707.9560666666666,45.13260111111111,140.112,3,13,train,3,26,4.623659133911133,3.320151090621948,6.826529026031494,7.439649105072021,17.586329221725464,0.42303592815045044,0.5769640718495495,True,True,False,2.0560898705223423,0.3130420935036521,0.01887915919668081,0.03881724798827414,0.05769640718495495,0.03881724798827414,5.073330886068908,5.073330886068908,-0.44967175215777555,4.730288629179524,-0.1066294952683915,4.6692784127845615,-0.04561927887342865
378,2026-05-13T16:56:25.603Z,2026-05-13 16:56:25.603000+00:00,2710.2966,45.17161,140.432,3,13,train,3,27,4.238261222839356,8.715127944946289,5.898122787475586,1.537726879119873,16.150977611541748,0.09520952329356142,0.9047904767064385,True,True,False,0.6767683532283398,-0.16955995779947497,0.053960374130655214,0.036518673539988646,0.09047904767064385,0.036518673539988646,4.590951412063951,4.590951412063951,-0.35269018922459505,4.247909155174567,-0.009647932335210996,4.287758189090392,-0.049496966251036056
379,2026-05-13T16:58:46.085Z,2026-05-13 16:58:46.085000+00:00,2712.6379666666667,45.210632777777775,140.482,3,13,train,3,28,4.535442352294922,2.852504253387451,5.100419998168945,1.1744554042816162,9.127379655838013,0.12867388544864752,0.8713261145513524,True,True,False,1.788049918632729,0.25237963922730033,0.031252170512737966,0.05588044094239729,0.08713261145513526,0.05588044094239729,5.012590110338115,5.012590110338115,-0.4771477580431931,4.669547853448731,-0.13410550115380904,4.621237740258078,-0.08579538796315589
380,2026-05-13T17:01:06.547Z,2026-05-13 17:01:06.547000+00:00,2714.979,45.249649999999995,140.462,3,13,train,3,29,4.3386077880859375,7.494130611419678,7.268008708953857,3.021409511566162,17.783548831939697,0.16989913206410384,0.8301008679358962,True,True,False,0.9698267999064158,-0.013305818889647457,0.042140804865449764,0.040869281928139864,0.08301008679358962,0.040869281928139864,4.747068922343584,4.747068922343584,-0.40846113425764674,4.4040266654542,-0.06541887736826268,4.4112335661622,-0.07262577807626247
381,2026-05-13T17:03:27.121Z,2026-05-13 17:03:27.121000+00:00,2717.3219000000004,45.288698333333336,140.574,3,14,train,4,0,4.5767927169799805,3.8935978412628174,6.928095341,4.1779890060424805,14.999682188305297,0.27853850192238777,0.7214614980776123,True,True,False,1.779355655989628,0.2502627631463855,0.02595786892270633,0.0461882808850549,0.07214614980776124,0.0461882808850549,5.010517822126182,5.010517822126182,-0.4337251051462019,4.667475565236798,-0.09068284825681783,4.619598740456508,-0.042806023476527955
382,2026-05-13T17:05:47.473Z,2026-05-13 17:05:47.473000+00:00,2719.6611,45.327684999999995,140.352,3,14,train,4,1,4.201320648193359,6.918266296386719,4.3813676834106445,3.5898101329803467,14.88944411277771,0.24109765991194196,0.758902340088058,True,True,False,0.6333042840081121,-0.1983875741631269,0.04646423495723157,0.029425999051574236,0.0758902340088058,0.029425999051574236,4.5622727658210875,4.5622727658210875,-0.36095211762772816,4.2192305089317035,-0.017909860738344108,4.265075873362939,-0.06375522516957943
383,2026-05-13T17:08:07.786Z,2026-05-13 17:08:07.786000+00:00,2721.9996499999997,45.36666083333333,140.313,3,14,train,4,2,4.182023048400879,5.3710103034973145,3.775545597076416,4.444301605224609,13.59085750579834,0.3270067104543266,0.6729932895456734,True,True,False,0.7029488650613801,-0.15307626591813503,0.03951928935466987,0.027780039599897468,0.06729932895456733,0.027780039599897468,4.607580798424084,4.607580798424084,-0.42555775002320484,4.2645385415347,-0.08251549313382078,4.300910587867521,-0.11888753946664199
384,2026-05-13T17:10:28.315Z,2026-05-13 17:10:28.315000+00:00,2724.3418,45.40569666666667,140.529,3,14,train,4,3,4.205731391906738,9.220062255859377,5.928615570068359,5.257707118988037,20.40638494491577,0.25765009986729615,0.742349900132704,True,True,False,0.6430125313200251,-0.19178056326534754,0.04518224213033159,0.029052747882938802,0.07423499001327039,0.029052747882938802,4.568882077302621,4.568882077302621,-0.36315068539588236,4.225839820413237,-0.0201084285064983,4.270303264101528,-0.0645718721947901
385,2026-05-13T17:12:48.437Z,2026-05-13 17:12:48.437000+00:00,2726.677166666667,45.44461944444445,140.122,3,14,train,4,4,4.449430465698242,8.174140930175781,9.667536735534668,3.653695583343506,21.495373249053955,0.1699759078854009,0.830024092114599,True,True,False,1.182697584751181,0.0728737099163362,0.03802744355944384,0.04497496565201608,0.08300240921145992,0.04497496565201608,4.833183175219586,4.833183175219586,-0.3837527095213442,4.490140918330202,-0.04071045263196016,4.479342453026177,-0.029911987327935208
386,2026-05-13T17:15:08.458Z,2026-05-13 17:15:08.458000+00:00,2729.01085,45.483514166666666,140.021,3,14,train,4,5,5.0564727783203125,1.198941349983215,9.586523056030272,4.771748065948486,15.557212471961973,0.30672256193379,0.69327743806621,True,True,False,7.995823195325176,0.9028631823765961,0.0077066592240995,0.0616210845825215,0.069327743806621,0.0616210845825215,5.663000752315206,5.663000752315206,-0.6065279739948934,5.319958495425822,-0.2634857171055094,5.1356560084317735,-0.079183230111461
387,2026-05-13T17:17:28.436Z,2026-05-13 17:17:28.436000+00:00,2731.3438166666665,45.522396944444445,139.978,3,14,train,4,6,4.252045631408691,4.214341163635254,3.395461082458496,1.3098264932632446,8.919628739356995,0.14684764708689751,0.8531523529131024,True,True,False,0.8056920288649818,-0.09383093303843573,0.04724794368447067,0.03806729160683958,0.08531523529131024,0.03806729160683958,4.666612910502844,4.666612910502844,-0.41456727909415303,4.32357065361346,-0.07152502220476897,4.347599856004159,-0.09555422459546747
388,2026-05-13T17:19:48.651Z,2026-05-13 17:19:48.651000+00:00,2733.6807333333336,45.56134555555556,140.215,3,14,train,4,7,5.070807456970215,1.205540418624878,9.661692619,1.4911398887634275,12.358372926388306,0.12065826930820805,0.8793417306917919,True,True,False,8.014407870306654,0.9038714408313984,0.009754847388127761,0.07817932568105143,0.0879341730691792,0.07817932568105143,5.663979710590262,5.663979710590262,-0.5931722536200468,5.320937453700878,-0.2501299967306627,5.136430279312302,-0.06562282234208716
389,2026-05-13T17:22:08.847Z,2026-05-13 17:22:08.847000+00:00,2736.0173333333337,45.6002888888889,140.196,3,14,train,4,8,4.877282143,1.9447400569915767,8.059001922607422,4.22996997833252,14.233711957931519,0.29717968094580094,0.7028203190541991,True,True,False,4.143999550805945,0.6174196996612814,0.013662915638164928,0.056619116267254986,0.07028203190541991,0.056619116267254986,5.37758502539057,5.37758502539057,-0.50030288239057,5.034542768501186,-0.1572606255011859,4.9099169837629875,-0.03263484076298706
390,2026-05-13T17:24:29.401Z,2026-05-13 17:24:29.401000+00:00,2738.3599000000004,45.63933166666667,140.554,3,14,train,4,9,4.468727111816406,5.611107349395752,7.567383289337158,6.251458168029785,19.429948806762695,0.321743419409007,0.678256580590993,True,True,False,1.348643470553468,0.129897154092832,0.028878652255855543,0.038947005803243756,0.06782565805909929,0.038947005803243756,4.890234347401539,4.890234347401539,-0.4215072355851328,4.547192090512155,-0.07846497869574875,4.524464969936276,-0.055737858119869976
391,2026-05-13T17:26:49.569Z,2026-05-13 17:26:49.569000+00:00,2740.696033333333,45.67826722222222,140.168,3,14,train,4,10,4.403667449951172,9.204072952270508,9.993342399597168,8.319426536560059,27.516841888427734,0.3023394388895628,0.6976605611104372,True,True,False,1.0857521937754697,0.035730715532418696,0.03344887102084669,0.03631718509019703,0.06976605611104372,0.03631718509019703,4.796129552899184,4.796129552899184,-0.392462102948012,4.4530872960098,-0.049419846058627925,4.450036259379526,-0.04636880942835386
392,2026-05-13T17:29:10.056Z,2026-05-13 17:29:10.056000+00:00,2743.0374833333335,45.71729138888889,140.487,3,14,train,4,11,4.680998802185059,1.7836320400238037,5.515382766723633,7.602388381958008,14.901403188705444,0.5101793626871499,0.48982063731285,True,True,False,3.092220056021211,0.49027039265737427,0.011969557614384342,0.03701250611690066,0.048982063731285004,0.03701250611690066,5.250540001306461,5.250540001306461,-0.5695411991214021,4.907497744417077,-0.22649894223201805,4.809435415578968,-0.12843661339390966
393,2026-05-13T17:31:30.529Z,2026-05-13 17:31:30.529000+00:00,2745.3787,45.75631166666667,140.473,3,14,train,4,12,4.378856658935547,8.194441795349121,8.412229537963867,8.507905960083008,25.114577293395996,0.3387636535025499,0.6612363464974501,True,True,False,1.0265774958262996,0.0113917396192875,0.03262822901464438,0.03349540563510064,0.06612363464974502,0.03349540563510064,4.771836078109069,4.771836078109069,-0.3929794191735221,4.428793821219685,-0.049937162284138026,4.430822233004643,-0.0519655740690963
394,2026-05-13T17:33:51.051Z,2026-05-13 17:33:51.051000+00:00,2747.7207333333336,45.795345555555556,140.522,3,14,train,4,13,4.0910491943359375,5.788467884063721,3.143545866012573,6.240091800689697,15.172105550765991,0.41128713347071694,0.5887128665292831,True,True,False,0.5430704512790155,-0.26514382673339926,0.038152040695310606,0.020719245957617698,0.058871286652928304,0.020719245957617698,4.495888342153385,4.495888342153385,-0.4048391478174471,4.152846085264001,-0.061796890928063064,4.212571566002526,-0.12152237166658875
395,2026-05-13T17:36:11.240Z,2026-05-13 17:36:11.240000+00:00,2750.0572166666666,45.83428694444444,140.189,3,14,train,4,14,4.359007835388184,3.979618787765503,4.505301475524902,1.7468106746673584,10.231730937957764,0.17072484462888143,0.8292751553711186,True,True,False,1.1320937295239182,0.05388238491752309,0.03889487332980854,0.044032642207303324,0.08292751553711186,0.044032642207303324,4.814204935839968,4.814204935839968,-0.45519710045178474,4.471162678950584,-0.11215484356240069,4.464332315730496,-0.10532448034231212
396,2026-05-13T17:38:31.772Z,2026-05-13 17:38:31.772000+00:00,2752.3994166666666,45.87332361111111,140.532,3,14,train,4,15,4.5944366455078125,6.047500133514404,9.564828872680664,1.5660971403121948,17.178426146507263,0.09116650890807104,0.908833491091929,True,True,False,1.5816169758597793,0.19910131771346995,0.03520404070744275,0.05567930840175016,0.0908833491091929,0.05567930840175016,4.959322448139123,4.959322448139123,-0.3648858026313109,4.616280191249739,-0.021843545741926818,4.579107650789106,0.015328994718706745
397,2026-05-13T17:40:52.003Z,2026-05-13 17:40:52.003000+00:00,2754.7365999999997,45.91227666666666,140.231,3,14,train,4,16,3.933362007141113,4.6711931228637695,1.754760742,5.408768177032471,11.83472204189624,0.45702536636558305,0.5429746336344169,True,True,False,0.3756557898261779,-0.42520991317273216,0.03947023940509311,0.014827223958348583,0.05429746336344169,0.014827223958348583,4.336644333642799,4.336644333642799,-0.4032823265016865,3.993602076753415,-0.060240069612301994,4.08662340066187,-0.1532613935207574
398,2026-05-13T17:43:12.094Z,2026-05-13 17:43:12.094000+00:00,2757.0714500000004,45.95119083333334,140.091,3,14,train,4,17,3.9096527099609375,4.2883710861206055,1.6781761646270752,7.906450271606445,13.872997522354126,0.5699165057058837,0.43008349429411635,True,True,False,0.3913318439391881,-0.407454810713236,0.030911640250858394,0.012096709178553242,0.04300834942941163,0.012096709178553242,4.354749710686959,4.354749710686959,-0.44509700072602154,4.011707453797575,-0.10205474383663748,4.100943179740788,-0.1912904697798501
399,2026-05-13T17:45:32.718Z,2026-05-13 17:45:32.718000+00:00,2759.415183333333,45.99025305555555,140.624,3,14,train,4,18,4.127990723,5.839771270751953,3.2426791191101074,1.489819884300232,10.572270274162292,0.14091768803349852,0.8590823119665014,True,True,False,0.5552750217034728,-0.25549186223846415,0.05523668161439124,0.030671549582258914,0.08590823119665016,0.030671549582258914,4.505196087839655,4.505196087839655,-0.3772053648396554,4.162153830950271,-0.03416310795027133,4.219933183583041,-0.09194246058304145
400,2026-05-13T17:47:53.245Z,2026-05-13 17:47:53.245000+00:00,2761.7572999999998,46.02928833333333,140.527,3,14,train,4,19,4.743302345275879,2.358746052,7.256134510040283,5.081063270568848,14.695943832609132,0.34574596422275183,0.6542540357772482,True,True,False,3.076267792324548,0.488024138563285,0.016050320271135836,0.04937508330658898,0.0654254035777248,0.04937508330658898,5.248226534015245,5.248226534015245,-0.5049241887393663,4.905184277125861,-0.16188193184998223,4.807605664094881,-0.06430331881900209
401,2026-05-13T17:50:13.235Z,2026-05-13 17:50:13.235000+00:00,2764.090466666667,46.06817444444445,139.99,3,14,train,4,20,3.865545272827149,8.883464813232422,2.4990077018737797,1.2598663568496704,12.642338871955872,0.09965453146050332,0.9003454685394967,True,True,False,0.2813100242319153,-0.550814791862388,0.07026757392920666,0.019766972924743026,0.09003454685394968,0.019766972924743026,4.210915410404108,4.210915410404108,-0.3453701375769591,3.8678731535147235,-0.0023278806875746128,3.9871827538188427,-0.1216374809916938
402,2026-05-13T17:52:33.264Z,2026-05-13 17:52:33.264000+00:00,2766.4242833333333,46.10707138888889,140.029,3,14,train,4,21,4.328683853149414,8.037932395935059,7.418594837188721,1.377280354499817,16.833807587623596,0.08181632986659589,0.9181836701334041,True,True,False,0.9229481503154282,-0.034822696226957724,0.04774874819078149,0.04406961882255893,0.09181836701334042,0.04406961882255893,4.7255338033904195,4.7255338033904195,-0.39684995024100544,4.3824915465010355,-0.05380769335162139,4.394201159430467,-0.06551730628105279
403,2026-05-13T17:54:53.334Z,2026-05-13 17:54:53.334000+00:00,2768.758783333333,46.14597972222222,140.07,3,14,train,4,22,4.377754211425781,6.453321933746338,6.581615447998047,1.031609058380127,14.066546440124512,0.07333776366297594,0.926662236337024,True,True,False,1.0198802284418547,0.008549172564880409,0.04587708831883838,0.04678913531486403,0.09266622363370242,0.04678913531486403,4.768868387430747,4.768868387430747,-0.3911141760049661,4.425826130541363,-0.04807191911558206,4.428475047702483,-0.05072083627670132
404,2026-05-13T17:57:13.795Z,2026-05-13 17:57:13.795000+00:00,2771.0998000000004,46.18499666666667,140.461,3,14,train,4,23,4.1969099044799805,9.56947898864746,5.846657752990723,3.633256912231445,19.049393653869625,0.19072821834900755,0.8092717816509926,True,True,False,0.610969286826041,-0.21398062101313892,0.050235084446919126,0.030692093718180127,0.08092717816509926,0.030692093718180127,4.546666663068242,4.546666663068242,-0.3497567585882617,4.203624406178858,-0.006714501698877662,4.25273280295029,-0.055822898470309745
405,2026-05-13T17:59:34.117Z,2026-05-13 17:59:34.117000+00:00,2773.4384999999997,46.223974999999996,140.322,3,14,train,4,24,4.200768471,5.194295883178711,3.4571218490600586,1.0810973644256592,9.732515096664429,0.11108098509872107,0.8889190149012789,True,True,False,0.6655612092209949,-0.1768119978834913,0.05337054021071001,0.035521361279417886,0.0888919014901279,0.035521361279417886,4.5837189803073075,4.5837189803073075,-0.38295050930730756,4.2406767234179235,-0.039908252417923507,4.2820379643910735,-0.08126949339107359
406,2026-05-13T18:01:53.821Z,2026-05-13 18:01:53.821000+00:00,2775.7669,46.26278166666667,139.704,3,14,train,4,25,4.521657943725586,5.980834007263184,8.279717445373535,7.92725658416748,22.1878080368042,0.3572798435527332,0.6427201564472668,True,True,False,1.3843750612905432,0.1412537671307169,0.02695549734945619,0.037316518295270495,0.06427201564472669,0.037316518295270495,4.9016018228112985,4.9016018228112985,-0.3799438790857126,4.5585595659219145,-0.03690162219632853,4.533455654645893,-0.011797710920307125
407,2026-05-13T18:04:13.875Z,2026-05-13 18:04:13.875000+00:00,2778.101133333333,46.30168555555555,140.054,3,14,train,4,26,4.1638288497924805,9.810475349,5.247830867767334,1.8307209014892576,16.889027118256593,0.10839706092426701,0.891602939075733,True,True,False,0.5349211614197935,-0.2717102211252488,0.05808786545434068,0.03107242845323262,0.0891602939075733,0.03107242845323262,4.488985444079477,4.488985444079477,-0.3251565942869963,4.145943187190093,0.017885662602387775,4.207111973795109,-0.04328312400262835
408,2026-05-13T18:06:34.141Z,2026-05-13 18:06:34.141000+00:00,2780.4389,46.340648333333334,140.266,3,14,train,4,27,4.40587329864502,3.783614635467529,4.3814873695373535,3.927225589752197,12.09232759475708,0.32477002950655587,0.6752299704934441,True,True,False,1.1580162864540637,0.06371466739434556,0.031289382509848696,0.03623361453949571,0.0675229970493444,0.03623361453949571,4.824102469207763,4.824102469207763,-0.4182291705627428,4.481060212318379,-0.07518691367335872,4.472160404088299,-0.06628710544327898
409,2026-05-13T18:08:54.033Z,2026-05-13 18:08:54.033000+00:00,2782.770433333333,46.379507222222216,139.892,3,14,train,4,28,4.094357490539551,8.653905868530273,4.205327511,2.459256410598755,15.318489790129028,0.160541701191945,0.839458298808055,True,True,False,0.48594560362536127,-0.31341234260503265,0.05649320518597533,0.027452624694830174,0.08394582988080551,0.027452624694830174,4.447426399808004,4.447426399808004,-0.3530689092684529,4.10438414291862,-0.010026652379068857,4.174242383106834,-0.07988489256728304
410,2026-05-13T18:11:13.919Z,2026-05-13 18:11:13.919000+00:00,2785.1018666666664,46.41836444444444,139.886,3,14,train,4,29,4.286229133605957,8.507207870483398,7.1768107414245605,8.533608436584473,24.21762704849243,0.3523717835565437,0.6476282164434564,True,True,False,0.8436153025395344,-0.07385555108973045,0.035128164511943706,0.029634657132401928,0.06476282164434563,0.029634657132401928,4.686700249237945,4.686700249237945,-0.400471115631988,4.343657992348561,-0.05742885874260395,4.363487194459935,-0.07725806085397835
411,2026-05-13T18:13:33.788Z,2026-05-13 18:13:33.788000+00:00,2787.433016666667,46.45721694444445,139.869,3,15,train,5,0,4.079471588134766,7.538750171661377,3.688419342041016,3.787360668182373,15.014530181884766,0.2522463655074519,0.7477536344925481,True,True,False,0.4892613839235594,-0.31045906057508815,0.05020969740869402,0.02456566604056079,0.07477536344925481,0.02456566604056079,4.450473742522752,4.450473742522752,-0.37100215438798667,4.107431485633368,-0.027959897498602615,4.176652566244502,-0.09718097810973614
412,2026-05-13T18:15:53.822Z,2026-05-13 18:15:53.822000+00:00,2789.766916666667,46.49611527777778,140.034,3,15,train,5,1,3.632321357727051,9.681921959,1.5066912174224854,3.7997660636901855,14.988379240112671,0.2535141393754607,0.7464858606245393,True,True,False,0.15561902107896192,-0.8079373209403984,0.06459619018104869,0.01005239588140525,0.07464858606245393,0.01005239588140525,3.9575427401980945,3.9575427401980945,-0.3252213824710437,3.61450048330871,0.017820874418340793,3.7867870010468376,-0.15446564331978685
413,2026-05-13T18:18:13.719Z,2026-05-13 18:18:13.719000+00:00,2792.0985333333333,46.534975555555555,139.897,3,15,train,5,2,4.679345131,3.528120756149292,8.399980545043945,4.002233028411865,15.930334329605103,0.25123346099360094,0.7487665390063991,True,True,False,2.3808653744074117,0.3767348389979248,0.022147185885437414,0.0527294680152025,0.07487665390063991,0.0527294680152025,5.136937972087224,5.136937972087224,-0.45759284108722387,4.79389571519784,-0.11455058419783981,4.719586087538551,-0.04024095653855131
414,2026-05-13T18:20:33.353Z,2026-05-13 18:20:33.353000+00:00,2794.4257666666667,46.57376277777778,139.634,3,15,train,5,3,4.162174224853516,4.594911575317383,3.177110433578491,8.244260787963867,16.01628279685974,0.5147424588169917,0.48525754118300835,True,True,False,0.6914410389625484,-0.16024484743456507,0.028689001271994845,0.019836752846305993,0.04852575411830084,0.019836752846305993,4.600683681555035,4.600683681555035,-0.4385094567015191,4.257641424665651,-0.09546719981213503,4.295455568090503,-0.13328134323698748
415,2026-05-13T18:22:53.318Z,2026-05-13 18:22:53.318000+00:00,2796.7585166666668,46.61264194444445,139.965,3,15,train,5,4,4.75267505645752,3.439703226089477,9.20216941833496,5.847757339477539,18.489629983901978,0.31627227503032224,0.6837277249696776,True,True,False,2.6752800499003233,0.4273692509405381,0.018603418397687026,0.049769354099280745,0.06837277249696777,0.049769354099280745,5.187577450085561,5.187577450085561,-0.4349023936280405,4.844535193196177,-0.09186013673865645,4.759637511810976,-0.006962455353455965
416,2026-05-13T18:25:13.297Z,2026-05-13 18:25:13.297000+00:00,2799.0915,46.651525,139.979,3,15,train,5,5,4.955574035644531,1.1505264043807983,7.205358028411865,1.6209659576416016,9.976850390434265,0.1624727137530069,0.8375272862469931,True,True,False,6.262662031028932,0.7967589753258314,0.011531960081148606,0.07222076854355071,0.08375272862469932,0.07222076854355071,5.556879988398794,5.556879988398794,-0.601305952754263,5.21383773150941,-0.25826369586487896,5.051723710790997,-0.09614967514646544
417,2026-05-14T16:26:02.964Z,2026-05-14 16:26:02.964000+00:00,4119.919283333334,68.6653213888889,79249.667,4,16,train,1,0,4.528273582458496,1.0,1.0,1.0,3.0,0.3333333333333333,0.6666666666666666,True,True,False,1.0,0.0,0.03333333333333333,0.03333333333333333,0.06666666666666667,0.03333333333333333,4.760452344018065,4.760452344018065,-0.23217876155956851,4.4174100871286806,0.11086349532981554,4.421818689091765,0.10645489336673108
418,2026-05-14T16:27:14.194Z,2026-05-14 16:27:14.194000+00:00,4121.10645,68.6851075,71.23,4,16,train,1,1,4.8585357666015625,2.402804374694824,7.073693752288818,3.3423044681549072,12.81880259513855,0.2607345298711796,0.7392654701288204,True,True,False,2.9439324427679368,0.4689278396091642,0.018744374576811666,0.055182172436070376,0.07392654701288204,0.055182172436070376,5.229110954757021,5.229110954757021,-0.37057518815545887,4.886068697867637,-0.02753293126607481,4.792486902896169,0.06604886370539376
419,2026-05-14T16:30:09.975Z,2026-05-14 16:30:09.975000+00:00,4124.036133333333,68.73393555555555,175.781,4,17,train,1,0,4.743853569030762,2.828554153442383,7.536417961120605,1.0917634963989258,11.456735610961914,0.0952944654980356,0.9047055345019644,True,True,False,2.664406460787996,0.4256004780853969,0.02468900609643113,0.0657815473537653,0.09047055345019643,0.0657815473537653,5.185758187775915,5.185758187775915,-0.44190461874515297,4.842715930886531,-0.09886236185576891,4.758198633498904,-0.014345064468142432
420,2026-05-14T16:31:21.440Z,2026-05-14 16:31:21.440000+00:00,4125.227216666667,68.75378694444446,71.465,4,17,train,1,1,4.651226043701172,3.845787525177002,7.536779880523682,7.259095191955566,18.64166259765625,0.389401704591962,0.610598295408038,True,True,False,1.9597494222400658,0.2922005450833128,0.020630067221903907,0.040429762318899894,0.0610598295408038,0.040429762318899894,5.0524822837003525,5.0524822837003525,-0.4012562399991806,4.709440026810968,-0.05821398310979653,4.652788980982411,-0.0015629372812391296
421,2026-05-14T16:32:31.525Z,2026-05-14 16:32:31.525000+00:00,4126.3953,68.773255,70.085,4,17,train,1,2,4.674934387207031,3.115859031677246,6.701409339904785,1.469370722770691,11.286639094352722,0.13018673765389482,0.8698132623461051,True,True,False,2.150742145833684,0.3325883456016598,0.027606615269874877,0.05937471096473565,0.08698132623461052,0.05937471096473565,5.092774467673006,5.092774467673006,-0.4178400804659743,4.7497322107836215,-0.07479782357659026,4.684656595320859,-0.009722208113827513
422,2026-05-14T16:33:41.741Z,2026-05-14 16:33:41.741000+00:00,4127.565566666667,68.79275944444446,70.216,4,17,train,1,3,3.775122643,7.888556957244873,1.240579367,8.465868949890137,17.595005274135012,0.4811518279187516,0.5188481720812482,True,True,False,0.15726315645862815,-0.803373011775394,0.0448340698643677,0.007050747343757123,0.05188481720812482,0.007050747343757123,3.964315948998733,3.964315948998733,-0.18919330599873296,3.6212736921093485,0.15384895089065154,3.792144020314868,-0.01702137731486797
423,2026-05-14T16:34:51.276Z,2026-05-14 16:34:51.276000+00:00,4128.724483333333,68.81207472222222,69.535,4,17,train,1,4,4.553084373474121,3.698712348937988,6.169853210449219,4.8211445808410645,14.689710140228271,0.3281987551026072,0.6718012448973928,True,True,False,1.6681084194667828,0.2222242743868124,0.025178933509443037,0.04200119098029624,0.06718012448973928,0.04200119098029624,4.982511504018605,4.982511504018605,-0.4294271305444841,4.639469247129221,-0.08638487365510006,4.597448177828832,-0.044363804354710545
424,2026-05-14T16:36:00.957Z,2026-05-14 16:36:00.957000+00:00,4129.885833333333,68.83143055555554,69.681,4,17,train,1,5,4.22447681427002,8.578654289245605,5.017170906066895,8.426432609558105,22.022257804870605,0.38263254768066757,0.6173674523193324,True,True,False,0.5848435823269547,-0.23296027138048006,0.038954472176546254,0.022782273055386996,0.061736745231933246,0.022782273055386996,4.5279353366868484,4.5279353366868484,-0.303458522416828,4.184893079797464,0.03958373447255603,4.237917952368475,-0.013441138098454708
425,2026-05-14T16:37:10.634Z,2026-05-14 16:37:10.634000+00:00,4131.047116666667,68.85078527777777,69.677,4,17,train,1,6,4.508424758911133,1.864347219467163,3.314729690551758,4.238314628601074,9.417391538619995,0.45005186534085084,0.5499481346591492,True,True,False,1.7779572688713634,0.2499213189984361,0.019796853638522082,0.035197959827392836,0.05499481346591492,0.035197959827392836,5.010256082159601,5.010256082159601,-0.5018313232484681,4.667213825270217,-0.15878906635908407,4.619391726899794,-0.11096696798866112
426,2026-05-14T16:38:20.219Z,2026-05-14 16:38:20.219000+00:00,4132.206866666666,68.87011444444444,69.585,4,17,train,1,7,4.606566429138184,2.9277288913726807,5.652953147888184,1.9975014925003047,10.57818353176117,0.1888321833803293,0.8111678166196706,True,True,False,1.930832176621985,0.28574452756789775,0.027677047600678573,0.05343973406128849,0.08111678166196706,0.05343973406128849,5.045958783378884,5.045958783378884,-0.43939235424070056,4.7029165264895,-0.0963500973513165,4.647629459410624,-0.04106303027244085
427,2026-05-14T16:39:29.831Z,2026-05-14 16:39:29.831000+00:00,4133.367066666667,68.88945111111111,69.612,4,17,train,1,8,4.2878828048706055,7.530465126037598,5.418348312,8.246042251586914,21.19485568962451,0.3890586646279261,0.6109413353720738,True,True,False,0.719523724140934,-0.14295488193080338,0.03552968341145147,0.025564450125755922,0.06109413353720739,0.025564450125755922,4.617749392330741,4.617749392330741,-0.32986658746013564,4.274707135441357,0.013175669429248416,4.30895306154434,-0.021070256673734633
428,2026-05-14T16:40:39.613Z,2026-05-14 16:40:39.613000+00:00,4134.5301,68.908835,69.782,4,17,train,1,9,4.057416915893555,4.415274620056152,1.9086229801177976,4.258406639099121,10.582304239273071,0.40240826031964877,0.5975917396803512,True,True,False,0.43227729741837084,-0.36423757238868953,0.04172318731557703,0.01803598665245809,0.05975917396803512,0.01803598665245809,4.397143612156165,4.397143612156165,-0.33972669626261,4.054101355266781,0.0033155606267740723,4.134473069886225,-0.07705615399266996
429,2026-05-14T16:41:49.706Z,2026-05-14 16:41:49.706000+00:00,4135.698316666667,68.92830527777778,70.093,4,18,train,2,0,4.046389579772949,7.560497760772705,3.101325750350952,8.667284965515137,19.329108476638794,0.44840583185667554,0.5515941681433245,True,True,False,0.41020126564179915,-0.3870030039861765,0.039114570493048555,0.01604484632128389,0.055159416814332445,0.01604484632128389,4.374606846677111,4.374606846677111,-0.3282172669041614,4.031564589787727,0.014824989985222636,4.116648447840173,-0.07025886806722337
430,2026-05-14T16:42:59.811Z,2026-05-14 16:42:59.811000+00:00,4136.866733333333,68.94777888888889,70.105,4,18,train,2,1,4.505117416381836,4.129807949066162,6.361728191375732,3.069538354873657,13.561074495315552,0.22634919938932405,0.7736508006106759,True,True,False,1.5404416548750783,0.18764525380800176,0.03045339770453098,0.046911682356536616,0.0773650800610676,0.046911682356536616,4.947910406244732,4.947910406244732,-0.4427929898628964,4.604868149355348,-0.09975073297351233,4.570081717864956,-0.06496430148312005
431,2026-05-14T16:44:09.815Z,2026-05-14 16:44:09.815000+00:00,4138.033466666667,68.96722444444444,70.004,4,18,train,2,2,4.192498207092285,9.582213401794434,5.372310161590576,5.394876003265381,20.34939956665039,0.2651122941291483,0.7348877058708517,True,True,False,0.5606544058583082,-0.2513047606292971,0.04708843310295131,0.02640033748413386,0.07348877058708517,0.02640033748413386,4.509489340417386,4.509489340417386,-0.316991133325101,4.166447083528002,0.026051123564283074,4.223328773097314,-0.030830566005028537
432,2026-05-14T16:45:19.672Z,2026-05-14 16:45:19.672000+00:00,4139.19775,68.98662916666667,69.857,4,18,train,2,3,4.1500444412231445,5.167928218841553,3.1343605518341064,6.846477985,15.14876675567566,0.45194952799935934,0.5480504720006407,True,True,False,0.6065023388689225,-0.2171675200143771,0.034114514416860565,0.020690532783203507,0.05480504720006407,0.020690532783203507,4.543796252556861,4.543796252556861,-0.3937518113337166,4.200753995667477,-0.05070955444433256,4.250462557802203,-0.10041811657905875
433,2026-05-14T16:46:29.737Z,2026-05-14 16:46:29.737000+00:00,4140.3655,69.00609166666666,70.065,4,18,train,2,4,5.025596618652344,1.1132562160491943,9.733211517333984,3.3749003410339355,14.221368074417114,0.23731193253517288,0.7626880674648271,True,True,False,8.743011156834967,0.9416610325858955,0.007828052900563317,0.0684407538459194,0.07626880674648272,0.0684407538459194,5.70178358632,5.70178358632,-0.6761869676676566,5.358741329430616,-0.33314471077827257,5.166329858175328,-0.14073323952298455
434,2026-05-14T16:47:39.835Z,2026-05-14 16:47:39.835000+00:00,4141.5338,69.02556333333334,70.098,4,18,train,2,5,3.586008071899414,9.867508888244627,1.136433243751526,8.351887702941895,19.35582983493805,0.4314921020780211,0.5685078979219789,True,True,False,0.1151692140967193,-0.9386635967352401,0.050979518689678587,0.005871271102519297,0.05685078979219788,0.005871271102519297,3.833312908015885,3.833312908015885,-0.24730483611647092,3.4902706511265005,0.09573742077291358,3.6885320048917594,-0.1025239329923453
435,2026-05-14T16:48:49.585Z,2026-05-14 16:48:49.585000+00:00,4142.6963,69.04493833333332,69.75,4,18,train,2,6,4.057416915893555,2.231187582015991,1.4076043367385864,4.027916908,7.6667088267545775,0.5253775771350211,0.4746224228649789,True,True,False,0.6308767349210256,-0.20005548793990316,0.02910228668434358,0.018359955602154317,0.0474622422864979,0.018359955602154317,4.561004263649655,4.561004263649655,-0.5035873477560999,4.2179620067602706,-0.16054509086671587,4.264072598434627,-0.20665568254107214
436,2026-05-14T16:49:59.628Z,2026-05-14 16:49:59.628000+00:00,4143.863683333333,69.06439472222222,70.043,4,18,train,2,7,4.459905624389648,5.994959831237793,8.221460342407227,4.029926776885986,18.246346950531006,0.2208621149105524,0.7791378850894476,True,True,False,1.3713954011114238,0.13716268875245627,0.032855671589996416,0.04505811691894835,0.07791378850894476,0.04505811691894835,4.897452121068807,4.897452121068807,-0.43754649667915846,4.554409864179423,-0.0945042397897744,4.530173601361339,-0.07026797697169052
437,2026-05-14T16:51:09.758Z,2026-05-14 16:51:09.758000+00:00,4145.032516666667,69.08387527777778,70.13,4,18,train,2,8,4.194152832,8.857570648,5.294661045074463,7.873991489,22.02622318207446,0.3574825980791872,0.6425174019208129,True,True,False,0.5977554405699236,-0.2234764623912032,0.04021375146697202,0.02403798872510927,0.0642517401920813,0.02403798872510927,4.537360922502143,4.537360922502143,-0.3432080905021424,4.194318665612759,-0.00016583361275834818,4.2453727712454965,-0.05121993924549617
438,2026-05-14T16:52:19.842Z,2026-05-14 16:52:19.842000+00:00,4146.200583333333,69.10334305555556,70.084,4,18,train,2,9,4.080574035644531,8.736639976501465,3.9861936569213863,1.797316074371338,14.52014970779419,0.12378082254940985,0.8762191774505902,True,True,False,0.45626163692711,-0.34078604573814175,0.06016907643735776,0.027452841307701255,0.08762191774505902,0.027452841307701255,4.4200893023928,4.4200893023928,-0.3395152667482684,4.077047045503416,0.0035269901411156823,4.152621115861763,-0.0720470802172315
439,2026-05-14T16:53:29.733Z,2026-05-14 16:53:29.733000+00:00,4147.365433333333,69.12275722222222,69.891,4,19,train,3,0,4.076163291931152,6.237651824951172,3.431779384613037,9.160170555114746,18.829601764678955,0.48647712626071715,0.5135228737392828,True,True,False,0.5501716801321948,-0.25950176850623685,0.033126838808943466,0.01822544856498482,0.05135228737392829,0.01822544856498482,4.501661422791494,4.501661422791494,-0.4254981308603414,4.15861916590211,-0.08245587397095733,4.217137570849642,-0.14097427891849001
440,2026-05-14T16:54:39.864Z,2026-05-14 16:54:39.864000+00:00,4148.534283333333,69.14223805555555,70.131,4,19,train,3,1,4.245429039001465,4.500831604003906,3.641085386276245,2.401885271072388,10.543802261352539,0.22780067489280464,0.7721993251071954,True,True,False,0.8089805855071678,-0.09206190077126172,0.04268698798062008,0.03453294453009947,0.07721993251071954,0.03453294453009947,4.668426216248947,4.668426216248947,-0.4229971772474821,4.325383959359563,-0.07995492035809804,4.349034023192359,-0.10360498419089392
441,2026-05-14T16:55:50.061Z,2026-05-14 16:55:50.061000+00:00,4149.704233333333,69.16173722222221,70.197,4,19,train,3,2,4.640750885009766,3.9728055000305176,8.63660717,9.930333137512209,22.539745807542726,0.44056988141317505,0.5594301185868249,True,True,False,2.173931537784484,0.33724586301127396,0.017625777743691562,0.03831723411499093,0.055943011858682494,0.03831723411499093,5.097533242358976,5.097533242358976,-0.45678235734921024,4.754490985469592,-0.11374010045982619,4.68842037234816,-0.04766948733839449
442,2026-05-14T16:57:00.069Z,2026-05-14 16:57:00.069000+00:00,4150.871033333333,69.18118388888888,70.008,4,19,train,3,3,4.953369141,1.310960054397583,8.813074111938477,4.5904316902160645,14.714465856552124,0.3119672664279564,0.6880327335720435,True,True,False,6.722610717523572,0.8275379635340269,0.008909328188857313,0.05989394516834705,0.06880327335720436,0.05989394516834705,5.587682469730431,5.587682469730431,-0.634313328730431,5.2446402128410465,-0.29127107184104695,5.076085795417883,-0.12271665441788304
443,2026-05-14T16:58:10.316Z,2026-05-14 16:58:10.316000+00:00,4152.041816666667,69.20069694444445,70.247,4,19,train,3,4,4.253699303,7.374316215515137,5.342310905456543,5.357476711273193,18.074103832244873,0.2964172808233654,0.7035827191766346,True,True,False,0.7244483080636858,-0.1399925975269783,0.040800452868700925,0.029557819048962538,0.07035827191766346,0.029557819048962538,4.620614267135119,4.620614267135119,-0.3669149641351188,4.277572010245735,-0.02387270724573476,4.311218928429486,-0.057519625429486076
444,2026-05-14T16:59:20.258Z,2026-05-14 16:59:20.258000+00:00,4153.207516666666,69.22012527777777,69.942,4,19,train,3,5,4.511181831359863,5.155566692352295,8.679261207580566,5.166172981262207,19.00100088119507,0.2718895185345247,0.7281104814654753,True,True,False,1.6834737528379329,0.2262063496599481,0.027133132220706655,0.04567791592584087,0.07281104814654753,0.04567791592584087,4.986469564052352,4.986469564052352,-0.4752877326924887,4.643427307162968,-0.13224547580310464,4.600578659183961,-0.08939682782409797
445,2026-05-14T17:00:30.377Z,2026-05-14 17:00:30.377000+00:00,4154.376166666667,69.23960277777778,70.119,4,19,train,3,6,4.948407173156738,1.3887290954589844,9.288988113,4.429559707641602,15.107276916100586,0.29320702415408806,0.7067929758459119,True,True,False,6.688841001008859,0.8253508725552363,0.009192451446884818,0.06148684613770638,0.0706792975845912,0.06148684613770638,5.585491730083385,5.585491730083385,-0.6370845569266468,5.242449473194001,-0.2940423000372627,5.07435311082984,-0.12594593767310158
446,2026-05-14T17:01:40.335Z,2026-05-14 17:01:40.335000+00:00,4155.542133333333,69.25903555555556,69.958,4,19,train,3,7,4.425722122192383,7.627596855163574,8.794168472290039,4.523181915283203,20.944947242736816,0.21595575595692795,0.784044244043072,True,True,False,1.15294091170232,0.0618070502442231,0.03641736007622857,0.04198706432807863,0.0784044244043072,0.04198706432807863,4.822142434540979,4.822142434540979,-0.39642031234859587,4.479100177651595,-0.053378055459211815,4.470610187081113,-0.044888064888730206
447,2026-05-14T17:02:50.384Z,2026-05-14 17:02:50.384000+00:00,4156.709616666666,69.2784936111111,70.049,4,19,train,3,8,4.350737571716309,5.9412126541137695,5.414473533630371,2.9679551124572754,14.323641300201416,0.20720674654255275,0.7927932534574472,True,True,False,0.9113414800733184,-0.04031886218894853,0.04147836803222813,0.037800957313516605,0.07927932534574474,0.037800957313516605,4.72009944813673,4.72009944813673,-0.3693618764204212,4.377057191247346,-0.02631961953103712,4.389903056912116,-0.03916548519580765
448,2026-05-14T17:04:00.514Z,2026-05-14 17:04:00.514000+00:00,4157.87845,69.29797416666666,70.13,4,19,train,3,9,4.881141662597656,1.5714197158813477,8.664034843444824,2.6927719116210938,12.928226470947266,0.20828625779973603,0.7917137422002639,True,True,False,5.513507789092176,0.7414279924511689,0.01215495195271133,0.06701642226731507,0.0791713742200264,0.06701642226731507,5.501560879938737,5.501560879938737,-0.6204192173410812,5.158518623049353,-0.27737696045169713,5.007971105691498,-0.12682944309384148
449,2026-05-14T17:05:10.631Z,2026-05-14 17:05:10.631000+00:00,4159.047066666667,69.31745111111111,70.117,4,20,train,4,0,3.69627857208252,9.325201988220217,1.729438543319702,5.946636677,17.001277208539918,0.3497758788388523,0.6502241211611477,True,True,False,0.1854585611662207,-0.7317531139049046,0.05485000846604673,0.01017240365006805,0.06502241211611477,0.01017240365006805,4.032921230421807,4.032921230421807,-0.33664265833928697,3.6898789735324224,0.006399598550097529,3.8464048330684046,-0.15012626098588466
450,2026-05-14T17:06:20.722Z,2026-05-14 17:06:20.722000+00:00,4160.21525,69.33692083333334,70.091,4,20,train,4,1,4.40587329864502,4.402459144592285,6.169421195983887,8.091853141784668,18.66373348236084,0.43356026003223347,0.5664397399677665,True,True,False,1.4013579668449692,0.14654908686880525,0.023588309106283935,0.03305566489049273,0.05664397399677666,0.03305566489049273,4.906939976919468,4.906939976919468,-0.501066678274448,4.563897720030084,-0.1580244213850639,4.5376776704222985,-0.1318043717772781
451,2026-05-14T17:07:30.567Z,2026-05-14 17:07:30.567000+00:00,4161.379333333333,69.35632222222222,69.845,4,20,train,4,2,4.519452095031738,4.198347568511963,7.026671409606934,5.835440158843994,17.06045913696289,0.342044731152694,0.6579552688473059,True,True,False,1.6736754865908887,0.22367125530295823,0.02460864350019688,0.04118688338453372,0.0657955268847306,0.04118688338453372,4.983963791885054,4.983963791885054,-0.4645116968533154,4.64092153499567,-0.12146943996393134,4.598596811262745,-0.07914471623100638
452,2026-05-14T17:08:40.810Z,2026-05-14 17:08:40.810000+00:00,4162.55005,69.37583416666666,70.243,4,20,train,4,3,4.020476341247559,8.842449188232422,3.841378688812256,9.204194068908691,21.88802194595337,0.42051283079101404,0.5794871692089859,True,True,False,0.4344247399153147,-0.36208545021764826,0.04039857603426427,0.017550140886634324,0.05794871692089859,0.017550140886634324,4.399328946487893,4.399328946487893,-0.3788526052403345,4.056286689598509,-0.03581034835095043,4.136201479339814,-0.11572513809225526
453,2026-05-14T17:09:50.830Z,2026-05-14 17:09:50.830000+00:00,4163.71705,69.39528416666667,70.02,4,20,train,4,4,4.035363197,8.714832305908203,3.887411117553711,3.0980114936828613,15.700254917144775,0.19732236896993396,0.8026776310300661,True,True,False,0.4460683787246541,-0.3505985623045352,0.0555075847615159,0.02476017834149071,0.08026776310300661,0.02476017834149071,4.410386902186132,4.410386902186132,-0.37502370518613226,4.067344645296748,-0.031981448296748205,4.144947360868655,-0.10958416386865544
454,2026-05-14T17:11:00.673Z,2026-05-14 17:11:00.673000+00:00,4164.8811000000005,69.414685,69.843,4,20,train,4,5,4.327029228210449,7.427002906799316,7.237465381622314,5.775532245635986,20.440000534057617,0.282560278607266,0.717439721392734,True,True,False,0.9744799446620004,-0.011227094475813678,0.036335629710108217,0.03540834242916519,0.07174397213927342,0.03540834242916519,4.749204346446836,4.749204346446836,-0.4221751182363871,4.406162089557452,-0.07913286134700304,4.412922500964485,-0.0858932727540358
455,2026-05-14T17:12:10.589Z,2026-05-14 17:12:10.589000+00:00,4166.0463666666665,69.4341061111111,69.916,4,20,train,4,6,3.974713325500488,6.9090681076049805,2.674503326416016,7.608575344085693,17.19214677810669,0.44256109735957005,0.55743890264043,True,True,False,0.38710044318019166,-0.4121763314694677,0.04018734947286119,0.015556540791181808,0.055743890264043,0.015556540791181808,4.349553650477558,4.349553650477558,-0.3748403249770704,4.006511393588174,-0.03179806808768637,4.096833547884025,-0.12212022238353759
456,2026-05-14T17:13:20.676Z,2026-05-14 17:13:20.676000+00:00,4167.214483333333,69.45357472222221,70.087,4,20,train,4,7,4.189741134643555,6.404359340667725,4.694512367248535,5.250429630279541,16.3493013381958,0.3211409173805676,0.6788590826194324,True,True,False,0.7330182642061245,-0.1348852041513465,0.03917206740636457,0.028713840855578668,0.06788590826194324,0.028713840855578668,4.625735243930479,4.625735243930479,-0.4359941092869244,4.282692987041095,-0.09295185239754034,4.315269175833833,-0.12552804119027794
457,2026-05-14T17:14:30.795Z,2026-05-14 17:14:30.795000+00:00,4168.383133333334,69.47305222222222,70.119,4,20,train,4,8,4.212899208068848,2.976303100585937,2.511207103729248,1.943474054336548,7.430984258651733,0.2615365591810807,0.7384634408189193,True,True,False,0.8437336584553076,-0.07379462555222348,0.04005260941201284,0.03379373466987909,0.07384634408189193,0.03379373466987909,4.686692811653735,4.686692811653735,-0.47379360358488753,4.343650554764351,-0.13075134669550348,4.363481311977482,-0.15058210390863458
458,2026-05-14T17:15:40.800Z,2026-05-14 17:15:40.800000+00:00,4169.549883333333,69.49249805555556,70.005,4,20,train,4,9,3.58711051940918,8.419623374938965,1.179525375366211,8.589582443237305,18.18873119354248,0.4722474784984921,0.527752521501508,True,True,False,0.14009241540150974,-0.8535853767658835,0.04629032825515708,0.00648492389499371,0.05277525215015079,0.00648492389499371,3.9156135870416193,3.9156135870416193,-0.3285030676324392,3.572571330152235,0.014539189256945306,3.753624686409459,-0.16651416700027877
459,2026-05-14T17:16:50.776Z,2026-05-14 17:16:50.776000+00:00,4170.71615,69.51193583333334,69.976,4,21,train,5,0,4.731724739074707,2.3828330039978027,8.089807510375977,1.2227840423583984,11.695424556732178,0.1045523432199418,0.8954476567800582,True,True,False,3.3950375443026375,0.5308445813244159,0.02037406160365666,0.06917070407434917,0.08954476567800583,0.06917070407434917,5.290985743668298,5.290985743668298,-0.5592610045935906,4.947943486778914,-0.21621874770420657,4.8414244812522025,-0.10969974217749545
460,2026-05-14T17:18:00.957Z,2026-05-14 17:18:00.957000+00:00,4171.885833333333,69.53143055555554,70.181,4,21,train,5,1,4.344673156738281,9.183122634887695,8.673872947692871,9.355525970458984,27.21252155303955,0.34379489428145266,0.6562051057185473,True,True,False,0.9445450412194074,-0.02477732764511587,0.033745945288418046,0.03187456528343669,0.06562051057185474,0.03187456528343669,4.7357095601126105,4.7357095601126105,-0.3910364033743292,4.392667303223226,-0.047994146484945155,4.402249298271607,-0.057576141533325575
461,2026-05-14T17:19:10.839Z,2026-05-14 17:19:10.839000+00:00,4173.050533333333,69.55084222222222,69.882,4,21,train,5,2,4.413592338562012,5.934236526489258,6.777801513671875,8.025571823120117,20.73760986328125,0.38700563256957016,0.6129943674304299,True,True,False,1.1421522353241416,0.05772399406294669,0.02861581718246435,0.032683619560578636,0.06129943674304299,0.032683619560578636,4.818156644994868,4.818156644994868,-0.40456430643285657,4.475114388105484,-0.06152204954347251,4.467457774092632,-0.05386543553062051
462,2026-05-14T17:20:20.772Z,2026-05-14 17:20:20.772000+00:00,4174.216083333334,69.57026805555556,69.933,4,21,train,5,3,4.319862365722656,9.774289131,8.607541084,5.355743885040283,23.737574100040284,0.2256230507156666,0.7743769492843334,True,True,False,0.8806309050855107,-0.055206077367770195,0.04117644494676233,0.03626124998167101,0.07743769492843333,0.03626124998167101,4.705237920722135,4.705237920722135,-0.38537555499947906,4.362195663832751,-0.04233329811009501,4.378148880855291,-0.05828651513263505
463,2026-05-14T17:21:30.796Z,2026-05-14 17:21:30.796000+00:00,4175.38315,69.58971916666665,70.024,4,21,train,5,4,4.453841209411621,6.372848510742188,8.533260345458984,7.127196311950684,22.033305168151855,0.3234737710732897,0.6765262289267103,True,True,False,1.3390025403985621,0.1267814009702098,0.028923706462132846,0.0387289164305382,0.06765262289267104,0.0387289164305382,4.887121529170973,4.887121529170973,-0.4332803197593522,4.544079272281589,-0.09023806286996816,4.522003001358334,-0.06816179194671257
464,2026-05-14T17:22:40.975Z,2026-05-14 17:22:40.975000+00:00,4176.5528,69.60921333333334,70.179,4,21,train,5,5,4.328683853149414,9.544429779052734,9.169128418,3.013535976409912,21.727094173462646,0.13869944836390632,0.8613005516360936,True,True,False,0.9606784931378077,-0.017421931809135763,0.04392869889941495,0.042201356264194426,0.08613005516360937,0.042201356264194426,4.742942731054574,4.742942731054574,-0.41425887790516036,4.39990047416519,-0.0712166210157763,4.407970107602245,-0.079286254452831
465,2026-05-14T17:23:50.998Z,2026-05-14 17:23:50.998000+00:00,4177.7198499999995,69.62866416666665,70.023,4,21,train,5,6,4.114757537841797,5.1971611976623535,3.163281917572021,7.597070217132568,15.957513332366943,0.47608108224000534,0.5239189177599947,True,True,False,0.6086557251668167,-0.21562828854611232,0.0325687410651937,0.019823150710805756,0.052391891775999455,0.019823150710805756,4.545375338011981,4.545375338011981,-0.43061780017018414,4.202333081122597,-0.08757554328080008,4.251711477104403,-0.13695393926260646
466,2026-05-14T17:25:00.983Z,2026-05-14 17:25:00.983000+00:00,4178.886266666666,69.64810444444444,69.985,4,21,train,5,7,4.250391006469727,6.867644786834717,5.549808502197266,1.851370930671692,14.268824219703674,0.12974936842484558,0.8702506315751544,True,True,False,0.808109428262256,-0.09252982626423242,0.04813041832382556,0.03889464483368988,0.08702506315751543,0.03889464483368988,4.667903867278796,4.667903867278796,-0.4175128608090697,4.324861610389412,-0.07447060391968563,4.348620890572342,-0.09822988410261502
467,2026-05-14T17:26:11.056Z,2026-05-14 17:26:11.056000+00:00,4180.05415,69.66756916666667,70.073,4,21,train,5,8,4.687064170837402,2.748014450073242,7.902866363525391,1.4058113098144531,12.056692123413086,0.11660008362364047,0.8833999163763595,True,True,False,2.8758459997598473,0.45876562606230065,0.022792441093663067,0.06554755054397289,0.08833999163763595,0.06554755054397289,5.218920718926963,5.218920718926963,-0.5318565480895607,4.875878462037579,-0.18881429120017668,4.784427312339585,-0.09736314150218295
468,2026-05-14T17:27:21.085Z,2026-05-14 17:27:21.085000+00:00,4181.2213,69.68702166666667,70.029,4,21,train,5,9,4.624210357666016,4.559953689575195,9.360037803649902,1.6332210302352903,15.553212523460388,0.10500859727672003,0.8949914027232799,True,True,False,2.052660715622724,0.3123171707491283,0.02931840404480415,0.06018073622752386,0.08949914027232801,0.06018073622752386,5.072503583119023,5.072503583119023,-0.448293225453007,4.7294613262296386,-0.10525096856362293,4.668624088080646,-0.04441373041463059
469,2026-05-14T17:28:31.023Z,2026-05-14 17:28:31.023000+00:00,4182.386933333333,69.70644888888889,69.938,4,22,train,6,0,4.616490364074707,1.29723858833313,3.84742283821106,2.903017044067383,8.047678470611572,0.3607272649707105,0.6392727350292896,True,True,False,2.965855990419431,0.47215005967801366,0.016119413729939292,0.04780785977298967,0.06392727350292897,0.04780785977298967,5.232361013065721,5.232361013065721,-0.615870648991014,4.889318756176337,-0.2728283921016299,4.795057416443645,-0.17856705236893777
470,2026-05-14T17:29:40.978Z,2026-05-14 17:29:40.978000+00:00,4183.55285,69.72588083333333,69.955,4,22,train,6,1,4.041427612304688,3.992306709289551,2.0435984134674072,8.391628265,14.427533387756958,0.5816398437255422,0.4183601562744578,True,True,False,0.5118841217064395,-0.29082834175709316,0.027671443218959226,0.014164572408486554,0.04183601562744578,0.014164572408486554,4.470738785209681,4.470738785209681,-0.42931117290499277,4.127696528320297,-0.08626891601560871,4.192680453075792,-0.1512528407711038
471,2026-05-14T17:30:51.188Z,2026-05-14 17:30:51.188000+00:00,4184.723016666667,69.74538361111111,70.21,4,22,train,6,2,3.754171371459961,8.958148956298828,2.122225046157837,6.183496475219727,17.26387047767639,0.3581755599484772,0.6418244400515227,True,True,False,0.23690441591347025,-0.625426843924856,0.05188957463439298,0.012292869370759293,0.06418244400515227,0.012292869370759293,4.1377481265346665,4.1377481265346665,-0.38357675507470557,3.794705869645282,-0.040534498185321066,3.9293137937712657,-0.17514242231130472
472,2026-05-14T17:32:01.117Z,2026-05-14 17:32:01.117000+00:00,4185.8885,69.76480833333333,69.929,4,22,train,6,3,4.360661506652832,1.9722771644592283,2.892667055130005,2.5380349159240723,7.402979135513306,0.34283966893121476,0.6571603310687852,True,True,False,1.466663563953566,0.16633050302156774,0.026641668554729422,0.0390743645521491,0.06571603310687851,0.0390743645521491,4.926655100268513,4.926655100268513,-0.5659935936156808,4.583612843379129,-0.22295133672629674,4.553270618869786,-0.19260911221695398
473,2026-05-14T17:33:11.274Z,2026-05-14 17:33:11.274000+00:00,4187.057783333334,69.78429638888889,70.157,4,22,train,6,4,4.249288558959961,9.041465759277344,6.639795780181885,3.111891746520996,18.793153285980225,0.16558646115244965,0.8344135388475503,True,True,False,0.7343716115242561,-0.13408411992862954,0.048110424161879835,0.0353309297228752,0.08344135388475504,0.0353309297228752,4.626419734815743,4.626419734815743,-0.3771311758557818,4.283377477926359,-0.03408891896639776,4.315810548611356,-0.06652198965139533
474,2026-05-14T17:34:21.125Z,2026-05-14 17:34:21.125000+00:00,4188.221966666667,69.80369944444445,69.851,4,22,train,6,5,4.290639877319336,3.3639943599700928,3.486858845,5.350299358,12.201152562970094,0.4385077008411401,0.5614922991588598,True,True,False,1.0365233920995633,0.015579107631158554,0.027571119552915455,0.028578110362970525,0.05614922991588598,0.028578110362970525,4.776097348910967,4.776097348910967,-0.4854574715916309,4.433055092021583,-0.14241521470224683,4.434192527714871,-0.14355265039553533
475,2026-05-14T17:35:31.264Z,2026-05-14 17:35:31.264000+00:00,4189.39095,69.8231825,70.139,4,22,train,6,6,3.689111709594727,6.196597099304199,1.270737886428833,9.009205818,16.47654080373303,0.5467898829807053,0.4532101170192948,True,True,False,0.20507027745462442,-0.6880972809912439,0.03760860470117768,0.007712407000751799,0.04532101170192948,0.007712407000751799,4.077554555307521,4.077554555307521,-0.38844284571279397,3.7345122984181365,-0.04540058882340947,3.8817059124307436,-0.19259420283601658
476,2026-05-14T17:36:41.427Z,2026-05-14 17:36:41.427000+00:00,4190.560333333333,69.84267222222222,70.163,4,22,train,6,7,4.357353210449219,4.895693778991699,5.825448036193848,6.338499069213867,17.059640884399414,0.3715493844310788,0.6284506155689212,True,True,False,1.1899126659416264,0.07551508736606433,0.02869751955604576,0.03414754200084636,0.06284506155689212,0.03414754200084636,4.835921457394803,4.835921457394803,-0.4785682469455841,4.492879200505419,-0.13552599005620003,4.481508196148191,-0.1241549856989721
477,2026-05-14T17:37:51.538Z,2026-05-14 17:37:51.538000+00:00,4191.72885,69.8621475,70.111,4,22,train,6,8,4.345775604248047,8.131330490112305,7.878332138061523,2.816615343093872,18.8262779712677,0.14961084434175123,0.8503891556582488,True,True,False,0.9688859833752389,-0.013727326875328322,0.043191386542375414,0.04184752902344946,0.08503891556582488,0.04184752902344946,4.746638843807438,4.746638843807438,-0.4008632395593912,4.403596586918054,-0.057820982670007126,4.410893411433073,-0.06511780718502624
478,2026-05-14T17:39:01.618Z,2026-05-14 17:39:01.618000+00:00,4192.89685,69.88161416666667,70.08,4,22,train,6,9,4.270791053771973,7.472982406616211,5.957310676574707,1.4764686822891235,14.906761765480042,0.09904690941718937,0.9009530905828106,True,True,False,0.7971798075291061,-0.09844371046044766,0.05013149417817612,0.03996381488010495,0.09009530905828106,0.03996381488010495,4.661981588374166,4.661981588374166,-0.39119053460219355,4.318939331484782,-0.048148277712809495,4.343936882868377,-0.07314582909640421
479,2026-05-14T17:40:11.882Z,2026-05-14 17:40:11.882000+00:00,4194.067916666667,69.90113194444444,70.264,4,23,train,7,0,4.299461364746094,3.164029359817505,3.428013801574707,9.064626693725586,15.656669855117798,0.57896262599946,0.42103737400054,True,True,False,1.0834329937356928,0.03480205700267595,0.02020882722249686,0.02189491017755714,0.042103737400054,0.02189491017755714,4.79546389642861,4.79546389642861,-0.4960025316825165,4.452421639539226,-0.15296027479313246,4.449509782986474,-0.15004841824038007
480,2026-05-14T17:41:22.060Z,2026-05-14 17:41:22.060000+00:00,4195.23755,69.92062583333333,70.178,4,23,train,7,1,4.317104339599609,8.480957031,7.906256675720215,3.526937961578369,19.914151668298587,0.17710711559925071,0.8228928844007493,True,True,False,0.9322363793167312,-0.03047395329333509,0.042587588827601774,0.039701699612473156,0.08228928844007494,0.039701699612473156,4.729919684109611,4.729919684109611,-0.412815344510002,4.386877427220227,-0.06977308762061796,4.397670009751128,-0.08056567015151828
481,2026-05-14T17:42:32.297Z,2026-05-14 17:42:32.297000+00:00,4196.408166666666,69.9401361111111,70.237,4,23,train,7,2,4.770870208740234,2.4658637046813965,8.811050415039062,6.673189163208008,17.950103282928467,0.3717632738946175,0.6282367261053825,True,True,False,3.573210635409997,0.5530586179656537,0.013737323210984352,0.049086349399553905,0.06282367261053826,0.049086349399553905,5.313255252853064,5.313255252853064,-0.5423850441128293,4.97021299596368,-0.19934278722344523,4.859037726805938,-0.08816751806570355
482,2026-05-14T17:43:42.538Z,2026-05-14 17:43:42.538000+00:00,4197.57885,69.9596475,70.241,4,23,train,7,3,4.234401702880859,6.628214359283447,4.927308082580566,4.943331718444824,16.498854160308838,0.2996166685524718,0.7003833314475282,True,True,False,0.743383936531775,-0.12878682762418245,0.040173785978597776,0.029864547166155043,0.07003833314475282,0.029864547166155043,4.631804958801843,4.631804958801843,-0.3974032559209837,4.288762701912459,-0.05436099903159963,4.320069792568737,-0.08566808968787765
483,2026-05-14T17:44:52.668Z,2026-05-14 17:44:52.668000+00:00,4198.747683333333,69.97912805555555,70.13,4,23,train,7,4,4.356250762939453,6.614192962646484,6.603909492492676,1.627769112586975,14.845871567726135,0.10964456382107124,0.8903554361789288,True,True,False,0.9984452418893909,-0.0006757483169483297,0.044552405916169095,0.04448313770172379,0.08903554361789288,0.04448313770172379,4.759663566727886,4.759663566727886,-0.4034128037884326,4.416621309838502,-0.06037054689904853,4.421194834835083,-0.06494407189562956
484,2026-05-14T17:46:02.863Z,2026-05-14 17:46:02.863000+00:00,4199.9176,69.99862666666667,70.195,4,23,train,7,5,4.525517463684082,5.012232303619385,8.311044692993164,6.299970626831055,19.623247623443604,0.32104627876705655,0.6789537212329435,True,True,False,1.658152334039201,0.21962442657226816,0.02554231796795626,0.04235305415533809,0.06789537212329436,0.04235305415533809,4.9799099193182705,4.9799099193182705,-0.4543924556341885,4.6368676624288865,-0.11135019874480445,4.595390550524356,-0.06987308684027393
485,2026-05-14T17:47:13.341Z,2026-05-14 17:47:13.341000+00:00,4201.092233333334,70.01820388888889,70.478,4,23,train,7,6,4.382164955,7.725614070892334,7.8565545082092285,8.186098098754883,23.768266677856445,0.3444129186913495,0.6555870813086505,True,True,False,1.0169488711337829,0.0072991185641883005,0.032503901843586494,0.03305480628727857,0.06555870813086506,0.03305480628727857,4.7677514743241085,4.7677514743241085,-0.38558651932410815,4.4247092174347245,-0.04254426243472409,4.427591666544587,-0.04542671154458677
486,2026-05-14T17:48:23.411Z,2026-05-14 17:48:23.411000+00:00,4202.260066666667,70.03766777777778,70.07,4,23,train,7,7,4.0910491943359375,6.799304962158203,3.580927848815918,7.778584957122803,18.158817768096924,0.42836406292864143,0.5716359370713586,True,True,False,0.5266608673600774,-0.27846894995647514,0.03744354422733316,0.0197200494798027,0.05716359370713586,0.0197200494798027,4.482637180634733,4.482637180634733,-0.3915879862987959,4.139594923745349,-0.04854572940941182,4.202091049356929,-0.11104185502099106
487,2026-05-14T17:49:33.343Z,2026-05-14 17:49:33.343000+00:00,4203.4256,70.05709333333333,69.932,4,23,train,7,8,4.184779167175293,6.952586650848389,4.796080589294434,9.879159927368164,21.627827167510986,0.45678004779918424,0.5432199522008158,True,True,False,0.6898267983052311,-0.16125993822316478,0.03214648700953402,0.022175508210547555,0.054321995220081576,0.022175508210547555,4.599572012892778,4.599572012892778,-0.41479284571748476,4.256529756003394,-0.0717505888281007,4.294576334832137,-0.10979716765684433
488,2026-05-14T17:50:43.358Z,2026-05-14 17:50:43.358000+00:00,4204.592516666667,70.07654194444444,70.015,4,23,train,7,9,4.492986679077148,2.677553176879883,4.500806808,1.6114833354949951,8.789843320374878,0.18333470538201435,0.8166652946179856,True,True,False,1.6809402132004454,0.225552266955897,0.030461898799416687,0.05120463066238188,0.08166652946179856,0.05120463066238188,4.985787220969632,4.985787220969632,-0.4928005418924837,4.642744964080248,-0.14975828500309962,4.60003898513151,-0.10705230605436178
489,2026-05-14T17:51:53.349Z,2026-05-14 17:51:53.349000+00:00,4205.759033333333,70.09598388888888,69.991,4,24,train,8,0,4.317104339599609,7.227475166320801,6.968343734741211,4.438312530517578,18.63413143157959,0.23818188396996556,0.7618181160300345,True,True,False,0.9641463407875668,-0.015857042681196865,0.0387862197541028,0.03739559184890065,0.07618181160300344,0.03739559184890065,4.744553697407704,4.744553697407704,-0.42744935780809445,4.40151144051832,-0.0844071009187104,4.409244241922901,-0.09213990232329206
490,2026-05-14T17:53:03.417Z,2026-05-14 17:53:03.417000+00:00,4206.926833333333,70.11544722222222,70.068,4,24,train,8,1,4.399807929992676,4.365084648132324,5.503822326660156,4.360609531402588,14.229516506195068,0.30644818673242485,0.6935518132675752,True,True,False,1.260874134254203,0.10067173563961249,0.030676268207931793,0.03867891311882572,0.06935518132675751,0.03867891311882572,4.861021335264224,4.861021335264224,-0.46121340527154864,4.51797907837484,-0.11817114838216458,4.50136001724649,-0.10155208725381382
491,2026-05-14T17:54:13.419Z,2026-05-14 17:54:13.419000+00:00,4208.093533333334,70.13489222222223,70.002,4,24,train,8,2,4.908709526062012,1.7738821506500244,9.966646194458008,5.418963432312012,17.159491777420044,0.3157997627553723,0.6842002372446276,True,True,False,5.61855035905616,0.7496242777979912,0.010337614736260742,0.058082408988202036,0.06842002372446278,0.058082408988202036,5.509777157805027,5.509777157805027,-0.6010676317430157,5.166734900915643,-0.25802537485363164,5.0144694671235355,-0.10575994106152375
492,2026-05-14T17:55:23.669Z,2026-05-14 17:55:23.669000+00:00,4209.264366666666,70.1544061111111,70.25,4,24,train,8,3,4.253148078918457,1.9207905530929563,1.965026855,4.185223103,8.071040511092956,0.5185481471995795,0.4814518528004204,True,True,False,1.0230302579507236,0.009888478938649681,0.023798549275685008,0.02434663600435704,0.04814518528004205,0.02434663600435704,4.7705005975195975,4.7705005975195975,-0.5173525186011405,4.4274583406302135,-0.17431026171175645,4.429765983971068,-0.17661790505261088
493,2026-05-14T17:56:33.914Z,2026-05-14 17:56:33.914000+00:00,4210.4351166666665,70.1739186111111,70.245,4,24,train,8,4,4.241569519042969,2.913104295730591,2.5209436416625977,2.8990752696990967,8.333123207092285,0.347897804658847,0.652102195341153,True,True,False,0.865380496454336,-0.06279289695530736,0.03495813302329744,0.03025208651081786,0.06521021953411531,0.03025208651081786,4.697744161495732,4.697744161495732,-0.45617464245276285,4.3547019046063475,-0.11313238556337879,4.372221968848379,-0.13065244980541024
494,2026-05-14T17:57:43.929Z,2026-05-14 17:57:43.929000+00:00,4211.602033333334,70.19336722222222,70.015,4,24,train,8,5,3.989048004150391,2.312481641769409,1.199903130531311,4.681730270385742,8.194115042686462,0.571352763049666,0.428647236950334,True,True,False,0.5188811486577675,-0.2849321072634979,0.028221249393287212,0.014643474301746192,0.042864723695033406,0.014643474301746192,4.476570522267828,4.476570522267828,-0.48752251811743674,4.133528265378444,-0.1444802612280527,4.197292850051305,-0.20824484590091386
495,2026-05-14T17:58:53.980Z,2026-05-14 17:58:53.980000+00:00,4212.76955,70.21282583333333,70.051,4,24,train,8,6,4.460456848144531,5.701928139,7.708622932434082,1.291859745979309,14.70241081741339,0.08786720504702829,0.9121327949529717,True,True,False,1.3519326698820893,0.13095506303549312,0.03878226645827834,0.05243101303701884,0.09121327949529717,0.05243101303701884,4.891205322177069,4.891205322177069,-0.430748474032538,4.548163065287685,-0.08770621714315396,4.5252329265628015,-0.06477607841827027
496,2026-05-14T18:00:03.998Z,2026-05-14 18:00:03.998000+00:00,4213.936516666667,70.23227527777777,70.018,4,24,train,8,7,4.092702865600586,9.628633499145508,4.599421977996826,1.657955527305603,15.886011004447937,0.10436575467821285,0.8956342453217871,True,True,False,0.4776816957884005,-0.32086140006141817,0.060610769414987685,0.028952655117191035,0.08956342453217872,0.028952655117191035,4.439943215071107,4.439943215071107,-0.3472403494705212,4.096900958181723,-0.004198092581137125,4.168323834601729,-0.07562096900114312
497,2026-05-14T18:01:13.966Z,2026-05-14 18:01:13.966000+00:00,4215.10265,70.25171083333333,69.968,4,24,train,8,8,4.661149978637695,2.891284465789795,7.443780899047852,5.104394912719727,15.439460277557373,0.3306070821749785,0.6693929178250215,True,True,False,2.5745584660119145,0.4107027587299817,0.01872659026813608,0.048212701514366074,0.06693929178250216,0.048212701514366074,5.170919967429773,5.170919967429773,-0.5097699887920779,4.827877710540389,-0.16672773190269385,4.746462891306803,-0.08531291266910745
498,2026-05-14T18:02:24.033Z,2026-05-14 18:02:24.033000+00:00,4216.270433333333,70.27117388888888,70.067,4,24,train,8,9,4.696437835693359,3.030916690826416,7.992038726806641,9.454823494,20.477778911633056,0.46171137674647345,0.5382886232535266,True,True,False,2.63683879896663,0.4210835803587777,0.014801003096603448,0.039027859228749205,0.05382886232535265,0.039027859228749205,5.181350108268651,5.181350108268651,-0.4849122725752917,4.838307851379267,-0.14187001568590762,4.754712225866942,-0.05827439017358227
499,2026-05-14T18:03:34.065Z,2026-05-14 18:03:34.065000+00:00,4217.437633333333,70.29062722222221,70.032,4,25,train,9,0,4.844201088,1.511392355,7.251422405,5.521921634674072,14.284736394674072,0.3865609754431918,0.6134390245568082,True,True,False,4.797842453689003,0.6810459829780241,0.01058047074332788,0.05076343171235294,0.06134390245568082,0.05076343171235294,5.441225457682191,5.441225457682191,-0.5970243696821909,5.098183200792807,-0.2539821127928068,4.960251032519887,-0.1160499445198866
500,2026-05-14T18:04:44.172Z,2026-05-14 18:04:44.172000+00:00,4218.606083333333,70.31010138888888,70.107,4,25,train,9,1,4.374997138977051,6.277174472808838,6.267149448394775,3.973879576,16.518203497203615,0.24057577306592345,0.7594242269340764,True,True,False,0.9984029399760214,-0.0006941488019927276,0.03800155673025525,0.037940865963152395,0.07594242269340765,0.037940865963152395,4.75970363034487,4.75970363034487,-0.38470649136781887,4.416661373455486,-0.041664234478434814,4.421226521672806,-0.04622938269575538
501,2026-05-14T18:05:54.325Z,2026-05-14 18:05:54.325000+00:00,4219.7753,70.32958833333333,70.153,4,25,train,9,2,3.917923927307129,9.467308044433594,2.914344072341919,1.18097186088562,13.562623977661133,0.08707547026525157,0.9129245297347485,True,True,False,0.30783239107292376,-0.5116856842962644,0.06980439817565617,0.021488054797818675,0.09129245297347485,0.021488054797818675,4.249800062985919,4.249800062985919,-0.33187613567879026,3.9067578060965347,0.011166121210594238,4.017937133204252,-0.10001320589712304
502,2026-05-14T18:07:04.399Z,2026-05-14 18:07:04.399000+00:00,4220.9432,70.34905333333333,70.074,4,25,train,9,3,4.076163291931152,3.4157159328460693,2.166432380676269,5.377462387084961,10.9596107006073,0.4906618066996652,0.5093381933003348,True,True,False,0.6342542598005618,-0.19773660727270326,0.031166398389103327,0.019767420940930154,0.05093381933003348,0.019767420940930154,4.563244674667458,4.563244674667458,-0.48708138273630563,4.220202417778074,-0.14403912584692158,4.265844568758286,-0.18968127682713387
503,2026-05-14T18:08:14.630Z,2026-05-14 18:08:14.630000+00:00,4222.113716666667,70.36856194444445,70.231,4,25,train,9,4,4.286780357,9.874042510986328,8.177275657653809,8.876458168029785,26.927776336669922,0.3296394792146996,0.6703605207853004,True,True,False,0.8281588466482075,-0.08188635451180737,0.036668614547054064,0.030367437531475975,0.06703605207853004,0.030367437531475975,4.6786615291830715,4.6786615291830715,-0.39188117218307195,4.3356192722936875,-0.04883891529368789,4.357129265819053,-0.07034890881905298
504,2026-05-14T18:09:24.442Z,2026-05-14 18:09:24.442000+00:00,4223.27725,70.38795416666667,69.812,4,25,train,9,5,4.901541709899902,1.056236743927002,7.333965778,5.684462547302246,14.074665069229248,0.4038790635046733,0.5961209364953267,True,True,False,6.9434866947848395,0.8415776076375758,0.007504524894423248,0.052107568755109426,0.059612093649532676,0.052107568755109426,5.601743001412847,5.601743001412847,-0.7002012915129443,5.258700744523463,-0.35715903462356025,5.087206453492731,-0.18566474359282825
505,2026-05-14T18:10:34.510Z,2026-05-14 18:10:34.510000+00:00,4224.44505,70.40741750000001,70.068,4,25,train,9,6,4.499052047729492,2.4770569801330566,4.209453582763672,7.602771282196045,14.289281845092773,0.532061118579377,0.467938881420623,True,True,False,1.699376968929297,0.230289728113412,0.017335069788575328,0.029458818353486974,0.0467938881420623,0.029458818353486974,4.990696309927767,4.990696309927767,-0.4916442621982746,4.647654053038383,-0.14860200530889056,4.603921647679094,-0.10486959994960188
506,2026-05-14T18:11:44.487Z,2026-05-14 18:11:44.487000+00:00,4225.611333333333,70.42685555555555,69.977,4,25,train,9,7,3.964789390563965,7.260856628417969,2.9827704429626465,8.34233284,18.585959911380613,0.4488513307774755,0.5511486692225246,True,True,False,0.41080145162052967,-0.38636803043583046,0.03906635257494545,0.01604851434730701,0.05511486692225246,0.01604851434730701,4.375239785816821,4.375239785816821,-0.4104503952528562,4.032197528927437,-0.06740813836347215,4.117149047669105,-0.15235965710513977
507,2026-05-14T18:12:54.485Z,2026-05-14 18:12:54.485000+00:00,4226.7779666666665,70.44629944444445,69.998,4,25,train,9,8,4.459354400634766,5.129590988,6.924576282501221,2.0450000762939453,14.099167346795166,0.14504403174977473,0.8549559682502252,True,True,False,1.3499275670712052,0.13031046622447504,0.03638222642393127,0.04911337040109126,0.08549559682502253,0.04911337040109126,4.890577790203754,4.890577790203754,-0.43122338956898876,4.54753553331437,-0.0881811326796047,4.524736603332365,-0.06538220269759965
508,2026-05-14T18:14:04.628Z,2026-05-14 18:14:04.628000+00:00,4227.947016666667,70.46578361111112,70.143,4,25,train,9,9,4.12523365020752,2.7704029083251958,1.828807711601257,6.733218669891357,11.33242928981781,0.5941549245704234,0.40584507542957665,True,True,False,0.6601233727071253,-0.18037489009642285,0.024446681620280686,0.016137825922676978,0.040584507542957664,0.016137825922676978,4.580797725941944,4.580797725941944,-0.4555640757344239,4.23775546905256,-0.11252181884503987,4.279727506175081,-0.15449385596756038
509,2026-05-14T18:15:14.837Z,2026-05-14 18:15:14.837000+00:00,4229.117166666667,70.48528611111111,70.209,4,26,train,10,0,4.5023603439331055,6.479462146759033,9.195235252380373,3.1758077144622803,18.850505113601685,0.16847334834389976,0.8315266516561003,True,True,False,1.4191355770138643,0.1520238877311454,0.03437288341989172,0.04877978174571832,0.08315266516561004,0.04877978174571832,4.912287462830807,4.912287462830807,-0.40992711889770117,4.569245205941423,-0.06688486200831711,4.5419070668436605,-0.039546722910555054
510,2026-05-14T18:16:25.074Z,2026-05-14 18:16:25.074000+00:00,4230.287783333333,70.50479638888889,70.237,4,26,train,10,1,3.912410736083984,3.441640138626098,1.2914048433303833,9.146728516,13.879773497956482,0.6589969582246189,0.34100304177538115,True,True,False,0.37522948109441556,-0.42570304722890306,0.024796082869312033,0.009304221308226081,0.034100304177538114,0.009304221308226081,4.33724519836114,4.33724519836114,-0.42483446227715627,3.9942029414717557,-0.08179220538777177,4.087098632412194,-0.1746878963282099
511,2026-05-14T18:17:35.018Z,2026-05-14 18:17:35.018000+00:00,4231.4535166666665,70.52422527777777,69.944,4,26,train,10,2,4.300564765930176,8.327812194824219,7.076866149902344,4.66246509552002,20.067143440246582,0.23234323855825934,0.7676567614417407,True,True,False,0.849786952964748,-0.07068994104941416,0.04149973921112256,0.035265936933051516,0.07676567614417407,0.035265936933051516,4.689775368718163,4.689775368718163,-0.3892106027879869,4.346733111828779,-0.04616834589860286,4.365919346604052,-0.06535458067387623
512,2026-05-14T18:18:44.731Z,2026-05-14 18:18:44.731000+00:00,4232.6154,70.54359,69.713,4,26,train,10,3,4.419105529785156,8.21472168,9.806729316711426,4.528498649597168,22.549949646308594,0.20082078765699057,0.7991792123430094,True,True,False,1.1937993396157793,0.0769313343133182,0.03642900232083109,0.04348891891346986,0.07991792123430094,0.04348891891346986,4.83725000307465,4.83725000307465,-0.41814447328949367,4.494207746185266,-0.07510221640010961,4.482558960271206,-0.06345343048604946
513,2026-05-14T18:19:54.763Z,2026-05-14 18:19:54.763000+00:00,4233.7826000000005,70.56304333333334,70.032,4,26,train,10,4,3.955415725708008,5.020756721496582,1.963243007659912,8.293488502502441,15.277488231658936,0.5428568084455253,0.45714319155447475,True,True,False,0.3910253207956092,-0.40779511900884313,0.03286375774187975,0.012850561413567718,0.04571431915544747,0.012850561413567718,4.354281988427927,4.354281988427927,-0.39886626271991954,4.011239731538543,-0.055824005830535484,4.100573252099773,-0.14515752639176505
514,2026-05-14T18:21:04.717Z,2026-05-14 18:21:04.717000+00:00,4234.9485,70.582475,69.954,4,26,train,10,5,4.182023048400879,9.476554870605469,6.148540019989014,1.5100128650665283,17.13510775566101,0.08812392000089161,0.9118760799991084,True,True,False,0.6488159572695193,-0.18787847743303457,0.05530490386017358,0.03588270413973726,0.09118760799991084,0.03588270413973726,4.572655291355862,4.572655291355862,-0.39063224295498333,4.229613034466478,-0.04758998606559928,4.273287548357421,-0.09126449995654173
515,2026-05-14T18:22:14.803Z,2026-05-14 18:22:14.803000+00:00,4236.1166,70.60194333333334,70.086,4,26,train,10,6,4.187536239624023,9.311367035,6.150739192962647,4.502571105957031,19.964677333919678,0.2255268658065028,0.7744731341934972,True,True,False,0.6605624254572892,-0.1800861337639929,0.04663920623039638,0.030808107188953347,0.07744731341934973,0.030808107188953347,4.580528726896726,4.580528726896726,-0.39299248727270264,4.237486470007342,-0.04995023038331858,4.279514751318302,-0.09197851169427818
516,2026-05-14T18:23:24.913Z,2026-05-14 18:23:24.913000+00:00,4237.2851,70.62141833333334,70.11,4,26,train,10,7,3.668711662292481,8.312856674194336,1.4101746082305908,4.536637783050537,14.259669065475464,0.3181446751828438,0.6818553248171562,True,True,False,0.16963778680416886,-0.7704774022404279,0.05829628048185814,0.00988925199985748,0.06818553248171562,0.00988925199985748,3.9947002739298236,3.9947002739298236,-0.3259886116373427,3.651658017040439,0.017053645252041782,3.8161753795853226,-0.1474637172928417
517,2026-05-14T18:24:34.064Z,2026-05-14 18:24:34.064000+00:00,4238.437616666667,70.64062694444445,69.151,4,26,train,10,8,4.333645820617676,9.238930702209473,9.218502044677734,1.3508069515228271,19.808239698410034,0.06819419454174182,0.9318058054582582,True,True,False,0.9977888504427409,-0.0009613532914524829,0.046641856332903034,0.04653872421292279,0.09318058054582581,0.04653872421292279,4.75936309247267,4.75936309247267,-0.4257172718549942,4.416320835583286,-0.08267501496561014,4.420957185823792,-0.0873113652061166
518,2026-05-14T18:25:44.101Z,2026-05-14 18:25:44.101000+00:00,4239.6049,70.66008166666667,70.037,4,26,train,10,9,3.861685752868652,6.6908955574035645,2.121742486953736,7.052425384521484,15.865063428878784,0.4445255082739933,0.5554744917260067,True,True,False,0.31710889353309357,-0.4987915777200425,0.042173771238911605,0.013373677933689068,0.05554744917260067,0.013373677933689068,4.26353658940927,4.26353658940927,-0.40185083654061815,3.9204943325198855,-0.05880857965123365,4.028801531289656,-0.16711577842100445
519,2026-05-14T18:26:53.644Z,2026-05-14 18:26:53.644000+00:00,4240.76395,70.67939916666666,69.543,4,27,train,11,0,4.201871871948242,1.2933995723724363,1.5376322269439695,6.618128299713135,9.449160099029541,0.7003932868480912,0.2996067131519088,True,True,False,1.1888300102987865,0.07511975969262588,0.013687984527908176,0.016272686787282706,0.02996067131519088,0.016272686787282706,4.835972030150779,4.835972030150779,-0.6341001582025365,4.492929773261395,-0.29105790131315246,4.481548194801144,-0.279676322852902
520,2026-05-14T18:28:03.352Z,2026-05-14 18:28:03.352000+00:00,4241.92575,70.6987625,69.708,4,27,train,11,1,4.295601844787598,9.651456832885742,7.874637603759766,4.413471221923828,21.939565658569336,0.20116493145797434,0.7988350685420257,True,True,False,0.8159014478444582,-0.08836229619976373,0.04399110257278953,0.03589240428141305,0.07988350685420258,0.03589240428141305,4.672105157356738,4.672105157356738,-0.37650331256913994,4.3290629004673535,-0.03346105567975588,4.351943745744914,-0.056341900957316504
521,2026-05-14T18:29:13.367Z,2026-05-14 18:29:13.367000+00:00,4243.092666666666,70.7182111111111,70.015,4,27,train,11,2,4.248186111450195,9.633552551269531,7.288256645202637,9.591356277,26.513165473472167,0.3617582474863917,0.6382417525136084,True,True,False,0.7565492175824767,-0.12116281353743623,0.03633497690386466,0.027489198347496177,0.06382417525136083,0.027489198347496177,4.639473625264621,4.639473625264621,-0.39128751381442584,4.296431368375237,-0.04824525692504178,4.326135040992399,-0.07794892954220334
522,2026-05-14T18:30:23.305Z,2026-05-14 18:30:23.305000+00:00,4244.2582999999995,70.73763833333332,69.938,4,27,train,11,3,3.7883548736572266,8.432224274,1.930387020111084,4.317152023,14.679763317111084,0.2940886668089413,0.7059113331910587,True,True,False,0.22892975297908735,-0.6402977603402102,0.05744114596296793,0.013149987356137947,0.07059113331910588,0.013149987356137947,4.122754865115426,4.122754865115426,-0.33439999145819943,3.7797126082260415,0.00864226543118507,3.917455427570313,-0.12910055391308628
523,2026-05-14T18:31:33.578Z,2026-05-14 18:31:33.578000+00:00,4245.429516666667,70.75715861111112,70.273,4,27,train,11,4,4.217309951782227,9.510834693908691,7.122383117675781,1.1234116554260254,17.756629467010498,0.0632671677647595,0.9367328322352405,True,True,False,0.7488704563688172,-0.12559330239398286,0.05356216229875485,0.0401111209247692,0.09367328322352406,0.0401111209247692,4.63484562427219,4.63484562427219,-0.41753567248996326,4.291803367382806,-0.0744934156005792,4.322474694586632,-0.1051647428044058
524,2026-05-14T18:32:43.692Z,2026-05-14 18:32:43.692000+00:00,4246.598083333333,70.77663472222223,70.114,4,27,train,11,5,4.597744941711426,1.920279860496521,4.599637985229492,5.114728927612305,11.634646773338318,0.4396118788352988,0.5603881211647012,True,True,False,2.3952956440631405,0.3793591247072013,0.016504840223400586,0.039533971893069536,0.05603881211647012,0.039533971893069536,5.139629542217668,5.139629542217668,-0.5418846005062425,4.796587285328284,-0.19884234361685849,4.721714885494505,-0.12396994378307902
525,2026-05-14T18:33:54.047Z,2026-05-14 18:33:54.047000+00:00,4247.770666666666,70.79617777777777,70.355,4,27,train,11,6,4.341916084289551,5.229957580566406,5.344484806060791,8.474315643310547,19.048758029937744,0.44487496927579184,0.5551250307242082,True,True,False,1.021898308682263,0.009407680362779568,0.027455635545093327,0.02805686752732749,0.05551250307242082,0.02805686752732749,4.769939241286471,4.769939241286471,-0.42802315699691995,4.426896984397087,-0.0849809001075359,4.429321999997503,-0.08740591570795253
526,2026-05-14T18:35:04.016Z,2026-05-14 18:35:04.016000+00:00,4248.936816666666,70.8156136111111,69.969,4,27,train,11,7,4.002832412719727,8.521203994750977,3.518461942672729,1.486870288848877,13.526536226272583,0.109922471205964,0.890077528794036,True,True,False,0.41290666727848385,-0.38414810443729314,0.06299620133497479,0.026011551544428815,0.0890077528794036,0.026011551544428815,4.376842001119585,4.376842001119585,-0.37400958839985865,4.033799744230201,-0.030967331510474594,4.118416260669777,-0.11558384795005061
527,2026-05-14T18:36:14.191Z,2026-05-14 18:36:14.191000+00:00,4250.1064,70.83510666666666,70.175,4,27,train,11,8,4.058519363,3.2666709423065186,1.9919699430465696,8.502263069152832,13.76090395450592,0.6178564356863213,0.3821435643136787,True,True,False,0.609785919129059,-0.21482260836544725,0.02373878164622222,0.014475574785145651,0.03821435643136787,0.014475574785145651,4.546548893635869,4.546548893635869,-0.4880295306358686,4.203506636746485,-0.14498727374648457,4.252639657568688,-0.1941202945686875
528,2026-05-14T18:37:24.197Z,2026-05-14 18:37:24.197000+00:00,4251.273166666667,70.85455277777778,70.006,4,27,train,11,9,4.043081283569336,1.759478211402893,1.1705292463302612,6.557624340057373,9.487631797790527,0.6911760995599037,0.3088239004400964,True,True,False,0.665270668738181,-0.17700162383482296,0.01854496726793971,0.012337422776069928,0.03088239004400964,0.012337422776069928,4.5845236987671125,4.5845236987671125,-0.5414424151977766,4.2414814418777285,-0.19840015830839253,4.282674426726933,-0.23959314315759705
529,2026-05-14T18:38:34.262Z,2026-05-14 18:38:34.262000+00:00,4252.440916666666,70.87401527777777,70.065,4,28,train,12,0,4.4610090255737305,5.07542896270752,7.414926052093506,5.274530410766602,17.764885425567627,0.2969076514940748,0.7030923485059252,True,True,False,1.4609456868721429,0.16463407060221072,0.028570006735888363,0.04173922811470417,0.07030923485059254,0.04173922811470417,4.924938438373373,4.924938438373373,-0.4639294127996427,4.581896181483989,-0.12088715591025867,4.551912888565046,-0.0909038629913157
530,2026-05-14T18:39:44.305Z,2026-05-14 18:39:44.305000+00:00,4253.6083,70.89347166666667,70.043,4,28,train,12,1,4.425170898,4.405882358551025,5.561964035,9.662323951721191,19.630170345272216,0.49221803895595295,0.507781961044047,True,True,False,1.2623950397144008,0.1011952794102622,0.022444442819683174,0.028333753284721538,0.05077819610440471,0.028333753284721538,4.861672136918909,4.861672136918909,-0.43650123891890846,4.518629880029525,-0.0934589820295244,4.501874744771718,-0.07670384677171782
531,2026-05-14T18:40:54.583Z,2026-05-14 18:40:54.583000+00:00,4254.7796,70.91299333333333,70.278,4,28,train,12,2,4.642955780029297,3.689396381378174,8.703330993652344,9.403017998,21.795745373030517,0.43141529858552335,0.5685847014144767,True,True,False,2.359012178138803,0.3727301828884909,0.01692714022041814,0.03993132992102953,0.05685847014144767,0.03993132992102953,5.132999124024782,5.132999124024782,-0.49004334399548544,4.789956867135398,-0.14700108710610138,4.716470801182348,-0.07351502115305131
532,2026-05-14T18:42:04.656Z,2026-05-14 18:42:04.656000+00:00,4255.947483333333,70.93245805555556,70.073,4,28,train,12,3,4.469278335571289,2.3619837760925293,4.011630058288574,8.867923736572266,15.24153757095337,0.581826058905786,0.41817394109421396,True,True,False,1.6984155856163767,0.23004396650658374,0.015497017706362453,0.026320376403058947,0.041817394109421396,0.026320376403058947,4.990499080070563,4.990499080070563,-0.5212207444992742,4.647456823181179,-0.1781784876098902,4.603765656010098,-0.13448732043880884
533,2026-05-14T18:43:14.640Z,2026-05-14 18:43:14.640000+00:00,4257.113883333333,70.95189805555556,69.984,4,28,train,12,4,4.077816963195801,2.201421976089477,1.3536288738250732,2.116888999938965,5.671939849853516,0.37322134154748415,0.6267786584525158,True,True,False,0.6148884169084241,-0.2112036879931396,0.038812505674691376,0.023865360170560204,0.06267786584525158,0.023865360170560204,4.549625073581681,4.549625073581681,-0.4718081103858802,4.206582816692297,-0.12876585349649616,4.255072648448888,-0.17725568525308688
534,2026-05-14T18:44:24.459Z,2026-05-14 18:44:24.459000+00:00,4258.277533333333,70.97129222222222,69.819,4,28,train,12,5,3.978572845458984,4.105097770690918,1.9244132041931152,5.177854061126709,11.207365036010742,0.4620045875626948,0.5379954124373052,True,True,False,0.46878620478489175,-0.32902517701119055,0.036628571992620006,0.017170969251110512,0.053799541243730514,0.017170969251110512,4.432346810974687,4.432346810974687,-0.45377396551570337,4.089304554085303,-0.11073170862631931,4.162315739427042,-0.18374289396805787
535,2026-05-14T18:45:34.296Z,2026-05-14 18:45:34.296000+00:00,4259.441483333333,70.99069138888889,69.837,4,28,train,12,6,4.2878828048706055,3.9956326484680176,3.862049102783203,1.9417917728424072,9.799473524093628,0.19815266280052604,0.801847337199474,True,True,False,0.9665676108297813,-0.014767761932060983,0.04077395217859504,0.03941078154135236,0.08018473371994739,0.03941078154135236,4.745621498927208,4.745621498927208,-0.4577386940566024,4.402579242037824,-0.11469643716721833,4.410088780085356,-0.12220597521475085
536,2026-05-14T18:46:44.484Z,2026-05-14 18:46:44.484000+00:00,4260.611283333334,71.01018805555556,70.188,4,28,train,12,7,4.059070587158203,3.1880877017974854,1.805996537208557,6.567421913146973,11.561506152153015,0.5680420722627016,0.43195792773729835,True,True,False,0.5664827025273842,-0.24681334672132307,0.02757502058850517,0.015620772185224669,0.04319579277372984,0.015620772185224669,4.514518034470251,4.514518034470251,-0.4554474473120482,4.171475777580867,-0.11240519042266417,4.227306032875823,-0.16823544571762028
537,2026-05-14T18:47:54.496Z,2026-05-14 18:47:54.496000+00:00,4261.77815,71.02963583333333,70.012,4,28,train,12,8,4.288434028625488,1.6275451183319092,2.1703572273254395,6.159841060638428,9.957743406295776,0.6185980908831084,0.38140190911689165,True,True,False,1.3335158594865038,0.12499818511514627,0.016344517547046803,0.021795673364642363,0.038140190911689166,0.021795673364642363,4.885603291085142,4.885603291085142,-0.5971692624596541,4.542561034195758,-0.25412700557027,4.520802207034897,-0.23236817840940915
538,2026-05-14T18:49:04.302Z,2026-05-14 18:49:04.302000+00:00,4262.941583333333,71.04902638888889,69.806,4,28,train,12,9,4.667766571044922,2.707748413085937,7.060281753540039,5.103650093078613,14.87168025970459,0.34317911654590616,0.6568208834540938,True,True,False,2.607436392324815,0.4162137227364277,0.01820741413075353,0.04747467421465586,0.0656820883454094,0.04747467421465586,5.176433527894706,5.176433527894706,-0.5086669568497841,4.833391271005322,-0.16562469996040008,4.75082363826079,-0.0830570672158677
539,2026-05-14T18:50:14.380Z,2026-05-14 18:50:14.380000+00:00,4264.10955,71.0684925,70.078,4,29,train,13,0,4.220066070556641,5.9515767097473145,4.379785537719727,3.993240594863892,14.324602842330933,0.27876797973507395,0.721232020264926,True,True,False,0.7359034002782229,-0.13317919039008516,0.04154793522204809,0.03057526680444453,0.07212320202649261,0.03057526680444453,4.627402223509564,4.627402223509564,-0.40733615295292314,4.28435996662018,-0.06429389606353908,4.3165876117461774,-0.09652154118953682
540,2026-05-14T18:51:24.376Z,2026-05-14 18:51:24.376000+00:00,4265.27615,71.08793583333333,69.996,4,29,train,13,1,4.182023048400879,9.881648063659668,6.078583240509033,9.283128738,25.243360042168703,0.3677453683856925,0.6322546316143074,True,True,False,0.6151386085953996,-0.21102701403668647,0.03914553390338094,0.024079929258049797,0.06322546316143074,0.024079929258049797,4.5497941719880215,4.5497941719880215,-0.3677711235871426,4.206751915098637,-0.024728866697758534,4.255206390586126,-0.07318334218524747
541,2026-05-14T18:52:34.355Z,2026-05-14 18:52:34.355000+00:00,4266.442466666666,71.10737444444445,69.979,4,29,train,13,2,4.395397186279297,2.600984573364258,3.784827709197998,8.404079437,14.789891719562256,0.5682313025918989,0.4317686974081011,True,True,False,1.4551519251429053,0.16290833820630557,0.01758623134423624,0.02559063839657387,0.043176869740810114,0.02559063839657387,4.923405377061668,4.923405377061668,-0.528008190782371,4.580363120172284,-0.184965933892987,4.550700370358742,-0.155303184079445
542,2026-05-14T18:53:44.302Z,2026-05-14 18:53:44.302000+00:00,4267.60825,71.12680416666667,69.947,4,29,train,13,3,4.649572372436523,4.621794700622559,9.871216773986816,1.028838872909546,15.521850347518921,0.06628326197424007,0.9337167380257599,True,True,False,2.135797328396512,0.3295600389299787,0.029776055026592408,0.06359561877598359,0.093371673802576,0.06359561877598359,5.0897341969940575,5.0897341969940575,-0.44016182455753405,4.746691940104673,-0.09711956766815,4.6822520055486345,-0.032679633112111084
543,2026-05-14T18:54:54.501Z,2026-05-14 18:54:54.501000+00:00,4268.778233333333,71.1463038888889,70.199,4,29,train,13,4,4.408079147338867,9.002386093139648,9.144792556762695,5.088829517364502,23.236008167266846,0.21900618560348353,0.7809938143965165,True,True,False,1.0158187465133903,0.006816223290960261,0.03874325584814323,0.039356125591508424,0.07809938143965164,0.039356125591508424,4.7671964246480405,4.7671964246480405,-0.3591172773091733,4.424154167758656,-0.016075020419789254,4.427152670509336,-0.0190735231704684
544,2026-05-14T18:56:04.628Z,2026-05-14 18:56:04.628000+00:00,4269.947016666667,71.16578361111111,70.127,4,29,train,13,5,4.448879241943359,6.643120765686035,8.314079284667969,4.912647724151611,19.869847774505615,0.24724133671798318,0.7527586632820168,True,True,False,1.2515321605491503,0.09744201412768017,0.0334331739280339,0.04184269240016779,0.07527586632820168,0.04184269240016779,4.857766262743571,4.857766262743571,-0.40888702080021133,4.514724005854187,-0.06584476391082728,4.498785537893316,-0.04990629594995699
545,2026-05-14T18:57:14.441Z,2026-05-14 18:57:14.441000+00:00,4271.110566666666,71.1851761111111,69.813,4,29,train,13,6,4.8668060302734375,1.116909146308899,6.91506815,9.036527633666992,17.06850492997589,0.5294270160590894,0.4705729839409106,True,True,False,6.191253937576341,0.7917786171976003,0.006543684704026837,0.040513613690064225,0.04705729839409106,0.040513613690064225,5.5519946528333355,5.5519946528333355,-0.685188622559898,5.208952395943951,-0.34214636567051393,5.047859835111793,-0.18105380483835543
546,2026-05-14T18:58:24.451Z,2026-05-14 18:58:24.451000+00:00,4272.2774,71.20462333333333,70.01,4,29,train,13,7,4.429581642150879,6.530421733856201,7.091780662536621,2.760211944580078,16.3824143409729,0.16848627358158721,0.8315137264184128,True,True,False,1.0859605935969068,0.03581406623448557,0.03986238901016821,0.04328898363167308,0.08315137264184129,0.04328898363167308,4.7961486875229555,4.7961486875229555,-0.3665670453720766,4.4531064306335715,-0.02352478848269257,4.450051393203279,-0.02046975105240012
547,2026-05-14T18:59:34.494Z,2026-05-14 18:59:34.494000+00:00,4273.444783333333,71.22407972222223,70.043,4,29,train,13,8,3.774020195007324,9.441749572753906,2.137495994567871,7.952524662017822,19.5317702293396,0.4071584177286684,0.5928415822713315,True,True,False,0.22638770262834038,-0.6451471677033062,0.048340470228197784,0.010943687998935381,0.05928415822713316,0.010943687998935381,4.118547167969706,4.118547167969706,-0.3445269729623819,3.7755049110803216,-0.001484716072997383,3.9141275049641866,-0.14010730995686238
548,2026-05-14T19:00:44.736Z,2026-05-14 19:00:44.736000+00:00,4274.615483333333,71.24359138888889,70.242,4,29,train,13,9,4.776384353637695,1.9062299728393557,7.882523536682129,9.842144966125488,19.630898475646973,0.5013598831625113,0.49864011683748866,True,True,False,4.135137758295239,0.6164899822491208,0.009710355209692115,0.040153656474056755,0.04986401168374887,0.040153656474056755,5.376723173961617,5.376723173961617,-0.6003388203239215,5.033680917072233,-0.25729656343453744,4.909235334215929,-0.13285098057823408
549,2026-05-14T19:01:54.826Z,2026-05-14 19:01:54.826000+00:00,4275.78365,71.26306083333334,70.09,4,30,train,14,0,4.566317558288574,5.259489059448242,9.143111228942873,1.390416145324707,15.793016433715822,0.0880399353195358,0.9119600646804642,True,True,False,1.738402937167066,0.2401504470874172,0.033302625128787865,0.05789338133925856,0.09119600646804643,0.05789338133925856,5.00035569635824,5.00035569635824,-0.43403813806966607,4.657313439468856,-0.09099588118028201,4.611561382515044,-0.04524382422646944
550,2026-05-14T19:03:04.909Z,2026-05-14 19:03:04.909000+00:00,4276.9517000000005,71.28252833333335,70.083,4,30,train,14,1,3.8181285858154297,9.853396416,2.524346113204956,4.963622093200684,17.341364622405642,0.28623019014244777,0.7137698098575521,True,True,False,0.256190455212571,-0.5914370546293081,0.05682019051297193,0.014556790472783288,0.07137698098575522,0.014556790472783288,4.171086081265893,4.171086081265893,-0.35295749545046373,3.828043824376509,-0.009915238561079232,3.9556812174117524,-0.1375526315963227
551,2026-05-14T19:04:14.702Z,2026-05-14 19:04:14.702000+00:00,4278.114916666666,71.30191527777778,69.793,4,30,train,14,2,4.256456375,4.267605304718018,3.907118320465088,3.5248141288757324,11.699537754058838,0.3012780678153625,0.6987219321846375,True,True,False,0.9155294460210751,-0.03832768299657022,0.03647670014345215,0.03339549307501161,0.06987219321846376,0.03339549307501161,4.722144617280713,4.722144617280713,-0.4656882422807129,4.379102360391329,-0.12264598539132887,4.391520607888792,-0.13506423288879166
552,2026-05-14T19:05:25.148Z,2026-05-14 19:05:25.148000+00:00,4279.289016666667,71.3214836111111,70.446,4,30,train,14,3,4.743853569030762,2.099180221557617,7.397472858428955,7.347624778747559,16.84427785873413,0.4362089512158963,0.5637910487841037,True,True,False,3.5239817822501873,0.5470336545956667,0.012462274958668803,0.043916829919741565,0.05637910487841037,0.043916829919741565,5.307254100872388,5.307254100872388,-0.5634005318416264,4.964211843983004,-0.22035827495224236,4.854291337356401,-0.11043776832563967
553,2026-05-14T19:06:35.252Z,2026-05-14 19:06:35.252000+00:00,4280.457416666667,71.34095694444446,70.104,4,30,train,14,4,4.3490839,7.625257492,6.880172729492188,1.633256196975708,16.1386864184679,0.10120130936472825,0.8987986906352716,True,True,False,0.9022872652773347,-0.044655172144488005,0.04724831559571186,0.0426315534678153,0.08987986906352716,0.0426315534678153,4.715717725216125,4.715717725216125,-0.366633825216125,4.372675468326741,-0.02359156832674092,4.386437495048641,-0.037353595048641
554,2026-05-14T19:07:45.248Z,2026-05-14 19:07:45.248000+00:00,4281.624016666667,71.36040027777777,69.996,4,30,train,14,5,3.862236976623535,9.460277557373049,2.9599454402923584,8.438806533813477,20.859029531478882,0.40456371764938837,0.5954362823506117,True,True,False,0.3128814585345298,-0.5046201725352739,0.04535339260676681,0.014190235628294362,0.05954362823506117,0.014190235628294362,4.2575972164390885,4.2575972164390885,-0.39536023981555335,3.914554959549704,-0.05231798292616885,4.024104003666075,-0.16186702704253975
555,2026-05-14T19:08:55.263Z,2026-05-14 19:08:55.263000+00:00,4282.790933333334,71.3798488888889,70.015,4,30,train,14,6,4.475343704223633,5.186836242675781,7.822379112243652,4.407233238220215,17.41644859313965,0.25305005292274263,0.7469499470772574,True,True,False,1.5081214725622896,0.17843632345607724,0.029781250838468186,0.044913743869257554,0.07469499470772574,0.044913743869257554,4.938715598713079,4.938715598713079,-0.4633718944894465,4.595673341823695,-0.12032963760006243,4.562809424545392,-0.08746572032175948
556,2026-05-14T19:10:05.244Z,2026-05-14 19:10:05.244000+00:00,4283.957283333333,71.39928805555556,69.981,4,30,train,14,7,3.855069160461426,9.620897293,2.719017505645752,5.744823455810547,18.084738254456298,0.3176614101337603,0.6823385898662397,True,True,False,0.2826157917332786,-0.5488035747202652,0.05319898556247722,0.015034873424146758,0.06823385898662399,0.015034873424146758,4.213459444107561,4.213459444107561,-0.358390283646135,3.8704171872181763,-0.01534802675675051,3.9891948632885272,-0.13412570282710146
557,2026-05-14T19:11:15.330Z,2026-05-14 19:11:15.330000+00:00,4285.125383333333,71.41875638888888,70.086,4,30,train,14,8,4.835378646850586,1.798329472541809,8.738292694091797,3.538116931915283,14.07473909854889,0.2513806406741894,0.7486193593258106,True,True,False,4.859116656605116,0.6865573256346706,0.012777000411518944,0.06208493552106212,0.07486193593258106,0.06208493552106212,5.446703757860739,5.446703757860739,-0.611325111010153,5.103661500971355,-0.2682828541207689,4.96458389165303,-0.12920524480244389
558,2026-05-14T19:12:25.897Z,2026-05-14 19:12:25.897000+00:00,4286.3015,71.43835833333333,70.567,4,30,train,14,9,3.846798896789551,8.755414009094238,2.414215564727783,2.664906740188598,13.83453631401062,0.1926271094094981,0.8073728905905019,True,True,False,0.27573973797471374,-0.5595006414403947,0.06328664590100781,0.017450643158042383,0.0807372890590502,0.017450643158042383,4.202488570330748,4.202488570330748,-0.35568967354119696,3.8594463134413632,-0.01264741665181246,3.980517855988239,-0.13371895919868804
559,2026-05-14T19:13:36.465Z,2026-05-14 19:13:36.465000+00:00,4287.477633333333,71.45796055555554,70.568,4,31,train,15,0,4.377754211425781,7.864475727081299,8.829929352,7.83625316619873,24.53065824528003,0.31944732537727605,0.680552674622724,True,True,False,1.122761345882748,0.05028745244940201,0.03205978269496503,0.035995484767307365,0.06805526746227239,0.035995484767307365,4.810683497238367,4.810683497238367,-0.4329292858125857,4.467641240348983,-0.08988702892320166,4.461547163966359,-0.08379295254057784
560,2026-05-14T19:14:46.599Z,2026-05-14 19:14:46.599000+00:00,4288.6465333333335,71.47744222222222,70.134,4,31,train,15,1,4.119168281555176,7.623489856719971,3.921891450881958,1.3328505754470823,12.878231883049011,0.10349639512248948,0.8965036048775105,True,True,False,0.5144483070866659,-0.28865825758743197,0.059196712141473394,0.030453648346277663,0.08965036048775106,0.030453648346277663,4.4720698683062645,4.4720698683062645,-0.35290158675108874,4.1290276114168805,-0.00985932986170468,4.1937332240748315,-0.07456494251965573
561,2026-05-14T19:15:56.864Z,2026-05-14 19:15:56.864000+00:00,4289.817616666666,71.49696027777777,70.265,4,31,train,15,2,4.330888748168945,3.070195436477661,3.729729652404785,4.336772918701172,11.136698007583618,0.38941281479914547,0.6105871852008545,True,True,False,1.2148183168051956,0.08451133150721796,0.02756827413643603,0.033490444383649426,0.06105871852008546,0.033490444383649426,4.84492179023971,4.84492179023971,-0.5140330420707651,4.501879533350326,-0.170990785181381,4.488626676899044,-0.15773792873009906
562,2026-05-14T19:17:07.047Z,2026-05-14 19:17:07.047000+00:00,4290.9873333333335,71.51645555555555,70.183,4,31,train,15,3,3.9443883895874015,9.364230155944824,3.2790274620056152,6.7820892333984375,19.425346851348877,0.349136068730093,0.6508639312699069,True,True,False,0.35016519322989353,-0.45572702541264487,0.04820624428281229,0.016880148844178412,0.0650863931269907,0.016880148844178412,4.305988480423246,4.305988480423246,-0.36160009083584477,3.9629462235338617,-0.018557833946460267,4.062377286123135,-0.11798889653573319
563,2026-05-14T19:18:17.294Z,2026-05-14 19:18:17.294000+00:00,4292.1581166666665,71.5359686111111,70.247,4,31,train,15,4,4.325926780700684,5.665111541748047,5.592947006225586,9.345573425292969,20.6036319732666,0.45358864094538937,0.5464113590546106,True,True,False,0.9872615861151793,-0.005567760851622374,0.027495693716033078,0.027145442189427986,0.05464113590546106,0.027145442189427986,4.754991140967841,4.754991140967841,-0.4290643602671578,4.411948884078457,-0.08602210337777372,4.4174993523006245,-0.09157257159994092
564,2026-05-14T19:19:27.490Z,2026-05-14 19:19:27.490000+00:00,4293.32805,71.5554675,70.196,4,31,train,15,5,4.232748031616211,2.040876865386963,2.1050539016723637,3.905428409576416,8.051359176635742,0.48506448711288247,0.5149355128871175,True,True,False,1.0314458149699455,0.013446418079742636,0.02534822780369044,0.02614532348502132,0.05149355128871176,0.02614532348502132,4.774014185434362,4.774014185434362,-0.5412661538181514,4.430971928544978,-0.1982238969287673,4.432544926524491,-0.19979689490828
565,2026-05-14T19:20:37.608Z,2026-05-14 19:20:37.608000+00:00,4294.496683333334,71.57494472222223,70.118,4,31,train,15,6,4.2476348876953125,2.016220808029175,2.104370594024658,4.759443283081055,8.880034685134888,0.5359712491943671,0.46402875080563283,True,True,False,1.0437203036713267,0.018584131954989428,0.022705100593855942,0.023697774486707342,0.04640287508056329,0.023697774486707342,4.779206836888292,4.779206836888292,-0.5315719491929798,4.436164579998908,-0.18852969230359573,4.436651862352048,-0.1890169746567354
566,2026-05-14T19:21:47.646Z,2026-05-14 19:21:47.646000+00:00,4295.663983333334,71.59439972222224,70.038,4,31,train,15,7,4.844752311706543,2.0299229621887207,9.135513305664062,3.6148605346679688,14.780296802520752,0.24457293266610594,0.7554270673338941,True,True,False,4.500423649483669,0.6532533982137478,0.013733979698178465,0.06180872703521094,0.0755427067333894,0.06180872703521094,5.413402500501774,5.413402500501774,-0.5686501887952309,5.07036024361239,-0.22560793190584683,4.938245492443368,-0.09349318073682511
567,2026-05-14T19:22:57.724Z,2026-05-14 19:22:57.724000+00:00,4296.83195,71.61386583333334,70.078,4,31,train,15,8,4.856881141662598,1.6423463821411133,7.611232280731201,6.236016750335693,15.489595413208008,0.40259390797375055,0.5974060920262495,True,True,False,4.634364810916745,0.6659902178726034,0.010602900452394523,0.04913770875023042,0.059740609202624945,0.04913770875023042,5.4261767652983615,5.4261767652983615,-0.5692956236357638,5.083134508408977,-0.22625336674637975,4.948348825245361,-0.09146768358276347
568,2026-05-14T19:24:07.686Z,2026-05-14 19:24:07.686000+00:00,4297.997983333333,71.63329972222222,69.962,4,31,train,15,9,4.6947832107543945,1.8237673044204712,5.626325607299805,9.203662872314451,16.65375578403473,0.5526478826558526,0.4473521173441473,True,True,False,3.0850019043891415,0.48925543646178565,0.010951087118551613,0.033784124615863116,0.04473521173441473,0.033784124615863116,5.249550968210417,5.249550968210417,-0.5547677574560224,4.906508711321033,-0.2117255005666383,4.8086531763909885,-0.11386996563659402
569,2026-05-14T19:25:18.011Z,2026-05-14 19:25:18.011000+00:00,4299.170066666667,71.65283444444444,70.325,4,32,train,16,0,4.299461364746094,9.872559547424316,8.229925155639648,9.582147598266602,27.684632301330566,0.34611792903624977,0.6538820709637502,True,True,False,0.8336161576039093,-0.07903387622999582,0.03566079346825866,0.02972741362811637,0.06538820709637502,0.02972741362811637,4.681523788728817,4.681523788728817,-0.38206242398272305,4.338481531839433,-0.039020167093339,4.359393064262003,-0.05993169951590893
570,2026-05-14T19:26:28.328Z,2026-05-14 19:26:28.328000+00:00,4300.3420166666665,71.67236694444445,70.317,4,32,train,16,1,4.035363197,9.935533524,3.854738951,1.4510070085525513,15.241279483552551,0.09520244085271112,0.9047975591472889,True,True,False,0.38797503341804435,-0.41119622079146784,0.06518831660243364,0.025291439312295248,0.09047975591472888,0.025291439312295248,4.349868136882772,4.349868136882772,-0.31450493988277195,4.006825879993388,0.028537317006612106,4.097082279287685,-0.06171908228768519
571,2026-05-14T19:27:38.411Z,2026-05-14 19:27:38.411000+00:00,4301.510066666667,71.69183444444444,70.083,4,32,train,16,2,4.460456848144531,3.2637248039245605,5.120664119720459,5.524085521697998,13.908474445343018,0.39717407853796866,0.6028259214620313,True,True,False,1.5689632022782583,0.19561275796876998,0.023465728155522877,0.03681686399068026,0.060282592146203136,0.03681686399068026,4.955948146965903,4.955948146965903,-0.49549129882137155,4.612905890076519,-0.1524490419319875,4.576438871938027,-0.11598202379349587
572,2026-05-14T19:28:48.431Z,2026-05-14 19:28:48.431000+00:00,4302.677066666667,71.71128444444444,70.02,4,32,train,16,3,4.509528160095215,4.943986892700195,7.945857048034668,3.8179502487182617,16.707794189453125,0.22851312419974393,0.7714868758002561,True,True,False,1.6071759938859747,0.2060634368059491,0.02959090132808262,0.04755778625194299,0.0771486875800256,0.04755778625194299,4.966320716211838,4.966320716211838,-0.45679255611662306,4.623278459322454,-0.113750299227239,4.584642672373682,-0.07511451227846688
573,2026-05-14T19:29:58.502Z,2026-05-14 19:29:58.502000+00:00,4303.844916666667,71.73074861111111,70.071,4,32,train,16,4,3.7811880111694336,9.342967987060549,2.21350622177124,7.256812572479248,18.813286781311035,0.38572805787918496,0.6142719421208152,True,True,False,0.23691681538851608,-0.6254041137336515,0.04966154024899985,0.011765653963081659,0.06142719421208151,0.011765653963081659,4.137911580520525,4.137911580520525,-0.3567235693510913,3.7948693236311404,-0.013681312461706785,3.929443071662654,-0.14825506049322046
574,2026-05-14T19:31:08.782Z,2026-05-14 19:31:08.782000+00:00,4305.01625,71.75027083333333,70.28,4,32,train,16,5,4.830416679382324,1.2259269952774048,6.810126781463623,2.7773985862731934,10.813452363014221,0.2568466104102761,0.7431533895897239,True,True,False,5.555083465571795,0.7446905886351112,0.011337054569829178,0.06297828438914321,0.0743153389589724,0.06297828438914321,5.504831831407337,5.504831831407337,-0.6744151520250128,5.161789574517953,-0.33137289513562873,5.01055814391191,-0.18014146452958535
575,2026-05-14T19:32:18.802Z,2026-05-14 19:32:18.802000+00:00,4306.18325,71.76972083333334,70.02,4,32,train,16,6,4.387678146362305,7.337582588195801,7.210770606994629,3.2103960514068604,17.75874924659729,0.18077827480006772,0.8192217251999323,True,True,False,0.9827174713637734,-0.007571322721326659,0.04131812711754876,0.04060404540244447,0.08192217251999323,0.04060404540244447,4.752803354223152,4.752803354223152,-0.36512520786084757,4.409761097333768,-0.02208295097146351,4.415769003201607,-0.028090856839302347
576,2026-05-14T19:33:28.844Z,2026-05-14 19:33:28.844000+00:00,4307.350616666667,71.78917694444445,70.042,4,32,train,16,7,4.667766571044922,3.1796016693115234,8.093502044677734,4.648393154144287,15.921496868133545,0.2919570435269766,0.7080429564730234,True,True,False,2.545445274731603,0.4057637644503285,0.019970494581294126,0.05083380106600822,0.07080429564730234,0.05083380106600822,5.165970437338248,5.165970437338248,-0.49820386629332614,4.822928180448864,-0.15516160940394208,4.742548243338842,-0.07478167229391985
577,2026-05-14T19:34:39.008Z,2026-05-14 19:34:39.008000+00:00,4308.520016666666,71.80866694444444,70.164,4,32,train,16,8,3.8859453201293945,3.3121330738067627,1.1336156129837036,1.0982173681259155,5.543966054916382,0.1980923687568429,0.8019076312431571,True,True,False,0.34226149364246267,-0.4656419587040249,0.059743025859070105,0.020447737265245607,0.08019076312431571,0.020447737265245607,4.29579956548852,4.29579956548852,-0.4098542453591252,3.952757308599135,-0.06681198846974068,4.054318740279913,-0.1683734201505187
578,2026-05-14T22:05:44.519Z,2026-05-14 22:05:44.519000+00:00,4459.611866666667,74.32686444444445,9065.511,5,33,train,1,0,4.010000228881836,0.0,0.0,0.0,0.0,,,False,False,True,,,,,,,,,,,,,
579,2026-05-14T22:06:56.275Z,2026-05-14 22:06:56.275000+00:00,4460.8078,74.34679666666666,71.756,5,33,train,1,1,4.001729965209961,3.6098086833953857,3.380829095840454,8.295549392700195,15.286187171936035,0.5426827042867841,0.45731729571321594,False,True,True,0.936567389676853,,,,,,,,,,,,
580,2026-05-14T22:08:05.659Z,2026-05-14 22:08:05.659000+00:00,4461.9642,74.36607000000001,69.384,5,33,train,1,2,4.002281188964844,8.222080231,6.795296669006348,9.768881797790527,24.786258697796875,0.3941249027090496,0.6058750972909505,False,True,True,0.8264692727499545,,,,,,,,,,,,
581,2026-05-14T22:09:14.758Z,2026-05-14 22:09:14.758000+00:00,4463.11585,74.38526416666667,69.099,5,33,train,1,3,4.001178741455078,1.822758793830872,1.500499963760376,2.3474156856536865,5.670674443244934,0.4139570538121781,0.5860429461878219,False,True,True,0.8232027017720714,,,,,,,,,,,,
582,2026-05-14T22:10:23.994Z,2026-05-14 22:10:23.994000+00:00,4464.269783333333,74.40449638888889,69.236,5,33,train,1,4,4.002281188964844,2.751373052597046,6.811801433563232,7.061158180236816,16.624332666397095,0.424748368667429,0.575251631332571,False,True,True,2.475782565048208,,,,,,,,,,,,
583,2026-05-14T22:11:33.262Z,2026-05-14 22:11:33.262000+00:00,4465.42425,74.4237375,69.268,5,33,train,1,5,3.9989728927612314,9.150855064,8.600259780883789,6.527002334594727,24.278117179478514,0.268843019676657,0.731156980323343,False,True,True,0.9398312748627956,,,,,,,,,,,,
584,2026-05-14T22:12:42.637Z,2026-05-14 22:12:42.637000+00:00,4466.5805,74.44300833333334,69.375,5,33,train,1,6,4.000075340270996,4.353733539581299,7.394618988037109,1.3861809968948364,13.134533524513245,0.10553713189035445,0.8944628681096456,False,True,True,1.6984546529570697,,,,,,,,,,,,
585,2026-05-14T22:13:52.044Z,2026-05-14 22:13:52.044000+00:00,4467.737283333334,74.46228805555556,69.407,5,33,train,1,7,4.003934860229492,6.809643745422363,4.356303215026856,7.979281425476074,19.145228385925293,0.4167765076828272,0.5832234923171729,False,True,True,0.6397255683096913,,,,,,,,,,,,
586,2026-05-14T22:15:01.189Z,2026-05-14 22:15:01.189000+00:00,4468.8897,74.481495,69.145,5,33,train,1,8,4.008896827697754,6.247568130493164,9.391419410705566,4.125819206237793,19.764806747436523,0.2087457397868516,0.7912542602131484,False,True,True,1.5032120041825356,,,,,,,,,,,,
587,2026-05-14T22:16:10.351Z,2026-05-14 22:16:10.351000+00:00,4470.0424,74.50070666666667,69.162,5,33,train,1,9,4.006691932678223,2.2568907737731934,5.538862705230713,1.0559895038604736,8.85174298286438,0.11929735261232818,0.8807026473876718,False,True,True,2.454200606248454,,,,,,,,,,,,
588,2026-05-14T22:17:19.747Z,2026-05-14 22:17:19.747000+00:00,4471.199,74.51998333333333,69.396,5,34,train,2,0,4.008896827697754,3.914367676,1.565069317817688,1.5133485794067385,6.992785573224426,0.21641569923170434,0.7835843007682957,True,True,False,0.39982685515556765,-0.39812803899684324,0.055977230175457186,0.02238119990137239,0.07835843007682958,0.02238119990137239,4.363048678498812,4.363048678498812,-0.35415185080105793,4.020006421609428,-0.011109593911673876,4.107506941730329,-0.09861011403257525
589,2026-05-14T22:22:00.127Z,2026-05-14 22:22:00.127000+00:00,4475.872,74.59786666666668,280.38,5,35,train,1,0,3.975815773010254,6.762317180633545,2.423252820968628,8.400869369506836,17.58643937110901,0.477690178906128,0.522309821093872,True,True,False,0.3583465188395081,-0.4456968101316131,0.03845188351055687,0.013779098598830336,0.0522309821093872,0.013779098598830336,4.316367229431477,4.316367229431477,-0.3405514564212231,3.9733249725420925,0.0024908004681614138,4.070585974213468,-0.09477020120321367
590,2026-05-14T22:23:11.782Z,2026-05-14 22:23:11.782000+00:00,4477.06625,74.61777083333332,71.655,5,35,train,1,1,4.661702156066895,4.191912651062012,9.074371337890623,8.639604568481445,21.905888557434082,0.3943964448568086,0.6056035551431913,True,True,False,2.1647329258141035,0.3354043228602996,0.01913600829325604,0.04142434722106309,0.06056035551431913,0.04142434722106309,5.095670512098579,5.095670512098579,-0.4339683560316834,4.752628255209195,-0.09092609914229932,4.686947114666343,-0.025244958599447642
591,2026-05-14T22:24:21.051Z,2026-05-14 22:24:21.051000+00:00,4478.220733333334,74.63701222222222,69.269,5,35,train,1,2,4.785757064819336,3.014894962310791,8.386798858642578,3.4521169662475586,14.853810787200928,0.2324061492167479,0.767593850783252,True,True,False,2.781788076694535,0.4443240413181895,0.02029711436009831,0.0564622707182269,0.07675938507832522,0.0564622707182269,5.2045056549398865,5.2045056549398865,-0.41874859012055055,4.861463398050502,-0.07570633323116649,4.773026250036385,0.012730814782950794
592,2026-05-14T22:25:30.133Z,2026-05-14 22:25:30.133000+00:00,4479.3721,74.65620166666666,69.082,5,35,train,1,3,4.684307098388672,3.5533788204193115,7.756874084472656,5.300461292266846,16.610714197158813,0.3190989399584917,0.6809010600415083,True,True,False,2.1829572574413323,0.3390452322555881,0.02139208933609309,0.04669801666805774,0.06809010600415083,0.04669801666805774,5.099280752624863,5.099280752624863,-0.41497365423619126,4.756238495735479,-0.0719313973468072,4.689802501032065,-0.005495402643393099
593,2026-05-14T22:26:39.271Z,2026-05-14 22:26:39.271000+00:00,4480.524399999999,74.67540666666666,69.138,5,35,train,1,4,4.053006172180176,2.662097454071045,1.2840877771377563,2.4501631259918213,6.396348357200623,0.3830565486999431,0.6169434513000569,True,True,False,0.48235941744884264,-0.3166292380143083,0.04161901924985397,0.020075325880151727,0.0616943451300057,0.020075325880151727,4.444522487014416,4.444522487014416,-0.39151631483424065,4.101480230125032,-0.0484740579448566,4.171945640566362,-0.11893946838618596
594,2026-05-14T22:27:48.341Z,2026-05-14 22:27:48.341000+00:00,4481.675566666667,74.69459277777779,69.07,5,35,train,1,5,4.617041588,3.8645224571228023,7.351354598999023,6.116567611694336,17.332444667816162,0.352896993408663,0.647103006591337,True,True,False,1.9022672737868427,0.2792715364583538,0.0222964649891464,0.042413835669987306,0.0647103006591337,0.042413835669987306,5.039542843726258,5.039542843726258,-0.4225012557262575,4.696500586836874,-0.07945899883687346,4.642555008976083,-0.025513420976082557
595,2026-05-14T22:28:57.232Z,2026-05-14 22:28:57.232000+00:00,4482.82375,74.71372916666665,68.891,5,35,train,1,6,4.314348220825195,6.411692142486572,5.222047805786133,2.944361686706543,14.578101634979248,0.20197154337583503,0.798028456624165,True,True,False,0.81445704031587,-0.08913181822570172,0.04398166718156304,0.03582117848085346,0.0798028456624165,0.03582117848085346,4.671337019668668,4.671337019668668,-0.35698879884347257,4.328294762779284,-0.01394654195408851,4.351336215619001,-0.036987994793805434
596,2026-05-14T22:30:06.420Z,2026-05-14 22:30:06.420000+00:00,4483.976883333334,74.73294805555557,69.188,5,35,train,1,7,4.210693359,9.600225448608398,5.840292453765869,4.545532227,19.986050129374267,0.22743524596284567,0.7725647540371544,True,True,False,0.6083495106474244,-0.2158468369548514,0.04803463108750327,0.02922184431621217,0.07725647540371544,0.02922184431621217,4.54483477014053,4.54483477014053,-0.3341414111405294,4.201792513251146,0.008900845748854636,4.25128393491749,-0.0405905759174896
597,2026-05-14T22:31:15.624Z,2026-05-14 22:31:15.624000+00:00,4485.130283333333,74.75217138888888,69.204,5,35,train,1,8,4.418003082275391,2.3097264766693115,3.261233329772949,5.898064136505127,11.469023942947388,0.5142603386168713,0.4857396613831288,True,True,False,1.4119565077141674,0.14982131941362584,0.020138823392112846,0.028435142746200036,0.048573966138312885,0.028435142746200036,4.91027424884243,4.91027424884243,-0.49227116656703895,4.5672319919530455,-0.1492289096776549,4.540314789616745,-0.12231170734135421
598,2026-05-14T22:32:24.746Z,2026-05-14 22:32:24.746000+00:00,4486.282316666667,74.77137194444444,69.122,5,35,train,1,9,4.380510330200195,8.033791542053223,7.745114326477051,9.095382690429688,24.87428855895996,0.36565398318310666,0.6343460168168934,True,True,False,0.9640671264539192,-0.015892725813375527,0.03229757314670764,0.031137028534981702,0.06343460168168935,0.031137028534981702,4.744600499221786,4.744600499221786,-0.3640901690215905,4.401558242332402,-0.02104791213220647,4.40928125808868,-0.0287709278884849
599,2026-05-14T22:33:34.101Z,2026-05-14 22:33:34.101000+00:00,4487.438233333333,74.79063722222222,69.355,5,36,train,2,0,4.802849769592285,1.2108447551727295,5.052787780761719,2.175985097885132,8.43961763381958,0.2578298202948716,0.7421701797051284,True,True,False,4.172944350773463,0.6204425931197711,0.014347151822620294,0.05986986614789255,0.07421701797051285,0.05986986614789255,5.380598732457854,5.380598732457854,-0.5777489628655692,5.03755647556847,-0.23470670597618515,4.912300564027945,-0.10945079443566019
600,2026-05-14T22:34:43.324Z,2026-05-14 22:34:43.324000+00:00,4488.59195,74.80986583333333,69.223,5,36,train,2,1,4.598296165466309,6.1298346519470215,9.506011962890623,4.059738159179688,19.695584774017334,0.2061242763675312,0.7938757236324687,True,True,False,1.5507778761815745,0.19054959661631932,0.031122887298241468,0.04826468506500541,0.07938757236324688,0.04826468506500541,4.950806644202209,4.950806644202209,-0.35251047873590036,4.607764387312825,-0.0094682218465163,4.57237239027735,0.025923775188958942
601,2026-05-14T22:35:52.679Z,2026-05-14 22:35:52.679000+00:00,4489.747866666667,74.82913111111111,69.355,5,36,train,2,2,4.461560249328613,7.164329528808594,8.034793853759766,9.215996742248535,24.415120124816895,0.3774708744062611,0.622529125593739,True,True,False,1.121499760926816,0.049799185339249014,0.02934382256643648,0.032909089992937415,0.062252912559373895,0.032909089992937415,4.81023256684762,4.81023256684762,-0.3486723175190063,4.4671903099582355,-0.0056300606296222355,4.461190517233197,0.000369732095416353
602,2026-05-14T22:37:01.879Z,2026-05-14 22:37:01.879000+00:00,4490.901199999999,74.84835333333332,69.2,5,36,train,2,3,4.364521026611328,8.233088493347168,7.435933113098144,6.092218876,21.761240482445313,0.27995733427579933,0.7200426657242006,True,True,False,0.9031766291722512,-0.044227308851962924,0.037833727815235356,0.03417053875718471,0.07200426657242007,0.03417053875718471,4.71623758133379,4.71623758133379,-0.35171655472246144,4.3731953244444055,-0.008674297833077382,4.386848656039081,-0.022327629427753237
603,2026-05-14T22:38:10.917Z,2026-05-14 22:38:10.917000+00:00,4492.051833333333,74.86753055555555,69.038,5,36,train,2,4,4.431786537,7.798150062561035,8.175084114074707,4.805579662322998,20.77881383895874,0.23127305050074087,0.7687269494992591,True,True,False,1.0483363424004026,0.0205006416301611,0.03752933215051997,0.039343362799405944,0.07687269494992591,0.039343362799405944,4.780875120635971,4.780875120635971,-0.3490885836359716,4.437832863746587,-0.00604632674658756,4.437971329748361,-0.006184792748361367
604,2026-05-14T22:39:19.733Z,2026-05-14 22:39:19.733000+00:00,4493.198766666666,74.8866461111111,68.816,5,36,train,2,5,4.2796125411987305,9.671000480651855,7.13517952,9.075313568115234,25.88149356876709,0.35064875773116183,0.6493512422688382,True,True,False,0.7377912486174406,-0.13206650050484497,0.037366469809619066,0.027568654417264752,0.06493512422688381,0.027568654417264752,4.628577272454738,4.628577272454738,-0.34896473125600735,4.285535015565354,-0.005922474366623298,4.317516973297763,-0.03790443209903227
605,2026-05-14T22:40:28.956Z,2026-05-14 22:40:28.956000+00:00,4494.352483333333,74.90587472222222,69.223,5,36,train,2,6,4.053006172180176,3.197667360305786,1.6722862720489502,4.880918502807617,9.750872135162354,0.5005622507556704,0.4994377492443296,True,True,False,0.5229706794421022,-0.2815226593420111,0.032793654926257985,0.01715011999817498,0.049943774924432964,0.01715011999817498,4.4797545157756185,4.4797545157756185,-0.42674834359544267,4.136712258886234,-0.08370608670605861,4.199811112085233,-0.14680493990505727
606,2026-05-14T22:41:38.259Z,2026-05-14 22:41:38.259000+00:00,4495.507533333333,74.92512555555555,69.303,5,36,train,2,7,4.795129776000977,2.956259250640869,9.710168838500977,9.043495178222656,21.709923267364502,0.4165604395210974,0.5834395604789026,True,True,False,3.2846134304344146,0.5164842643347343,0.013617087514467973,0.04472686853342228,0.05834395604789026,0.04472686853342228,5.276704221315044,5.276704221315044,-0.48157444531406757,4.93366196442566,-0.1385321884246835,4.830129038770646,-0.03499926276966914
607,2026-05-14T22:42:47.538Z,2026-05-14 22:42:47.538000+00:00,4496.662183333334,74.94436972222223,69.279,5,36,train,2,8,4.388230323791504,9.39760685,8.926584243774414,5.5672993659973145,23.89149045977173,0.2330243638575618,0.7669756361424382,True,True,False,0.949878451637335,-0.02233196435374308,0.039334535724439644,0.037363027889804175,0.07669756361424382,0.037363027889804175,4.738082278004616,4.738082278004616,-0.3498519542131122,4.395040021115232,-0.006809697323728159,4.4041259118294045,-0.015895588037900588
608,2026-05-14T22:43:56.616Z,2026-05-14 22:43:56.616000+00:00,4497.813483333333,74.96355805555555,69.078,5,36,train,2,9,4.490781784057617,4.929704189300537,6.799516677856445,4.435009956359863,16.164230823516846,0.27437185256643964,0.7256281474335603,True,True,False,1.3792950685791983,0.1396571834693456,0.030497610700587506,0.042065204042768534,0.07256281474335605,0.042065204042768534,4.899966448487714,4.899966448487714,-0.4091846644300965,4.55692419159833,-0.06614240754071243,4.532162215742746,-0.04138043168512873
609,2026-05-14T22:45:05.820Z,2026-05-14 22:45:05.820000+00:00,4498.966883333333,74.98278138888888,69.204,5,37,train,3,0,3.832463264465332,8.936424255371094,2.2494571208953857,4.462143898010254,15.648025274276733,0.2851569971161424,0.7148430028838576,True,True,False,0.2517178075496344,-0.5990860595927638,0.05710895847069843,0.01437534181768733,0.07148430028838576,0.01437534181768733,4.163504498871507,4.163504498871507,-0.3310412344061753,3.820462241982123,0.012001022483209223,3.949684844914708,-0.11722158044937592
610,2026-05-14T22:46:14.884Z,2026-05-14 22:46:14.884000+00:00,4500.11795,75.00196583333333,69.064,5,37,train,3,1,4.553636551,5.066357135772705,8.428759574890137,2.712796688079834,16.207913398742676,0.16737482619386887,0.8326251738061311,True,True,False,1.6636726051892528,0.22106786537466272,0.03125854026444716,0.05200397711616595,0.0832625173806131,0.05200397711616595,4.981300075967515,4.981300075967515,-0.4276635249675147,4.638257819078131,-0.08462126807813064,4.596490043567429,-0.04285349256742865
611,2026-05-14T22:47:24.027Z,2026-05-14 22:47:24.027000+00:00,4501.270333333333,75.02117222222222,69.143,5,37,train,3,2,4.445019721984863,6.414625644683838,7.152374744415283,3.014840841293335,16.581841230392456,0.1818158067855279,0.8181841932144721,True,True,False,1.115010468357239,0.04727894480879084,0.03868464035783086,0.04313377896361635,0.0818184193214472,0.04313377896361635,4.8076105777293225,4.8076105777293225,-0.36259085574445926,4.4645683208399385,-0.019548598855075205,4.459116751808165,-0.014097029823301632
612,2026-05-14T22:48:33.056Z,2026-05-14 22:48:33.056000+00:00,4502.420816666667,75.04034694444445,69.029,5,37,train,3,3,3.7944202423095694,5.377164840698242,1.2497742176055908,2.720761775970459,9.347700834274292,0.2910621364768661,0.7089378635231339,True,True,False,0.23242252276634756,-0.6337217891939668,0.05752392953123106,0.013369856821082327,0.07089378635231339,0.013369856821082327,4.129244741577392,4.129244741577392,-0.3348244992678229,3.786202484688008,0.008217757621561628,3.922588355592643,-0.12816811328307365
613,2026-05-14T22:49:42.004Z,2026-05-14 22:49:42.004000+00:00,4503.56995,75.05949916666667,68.948,5,37,train,3,4,4.142876625061035,3.685457706451416,2.6379354000091557,4.946763038635254,11.270156145095825,0.4389258653517257,0.5610741346482743,True,True,False,0.715768734882355,-0.14522727572055702,0.03270103500788791,0.02340637845693953,0.056107413464827435,0.02340637845693953,4.6155441489191915,4.6155441489191915,-0.47266752385815636,4.2725018920298075,-0.1296252669687723,4.307208905739597,-0.1643322806785621
614,2026-05-14T22:50:51.227Z,2026-05-14 22:50:51.227000+00:00,4504.723666666667,75.07872777777779,69.223,5,37,train,3,5,4.245429039001465,9.839513778686523,7.097188472747803,5.492161750793457,22.428864002227783,0.24487025960155356,0.7551297403984464,True,True,False,0.7212946322735071,-0.14188729972823455,0.043869871330572956,0.03164310270927169,0.07551297403984464,0.03164310270927169,4.618681063459982,4.618681063459982,-0.3732520244585169,4.275638806570598,-0.03020976756913285,4.309689932403886,-0.06426089340242136
615,2026-05-14T22:52:00.395Z,2026-05-14 22:52:00.395000+00:00,4505.876466666667,75.09794111111111,69.168,5,37,train,3,6,4.747161865234375,2.250961303710937,7.321437358856201,7.362955093383789,16.935353755950928,0.434768307735911,0.565231692264089,True,True,False,3.2525825063212204,0.512228321862543,0.01329149267354377,0.04323167655286513,0.056523169226408904,0.04323167655286513,5.27245641021339,5.27245641021339,-0.5252945449790154,4.929414153324006,-0.18225228808963134,4.826769389513063,-0.07960752427868822
616,2026-05-14T22:53:09.633Z,2026-05-14 22:53:09.633000+00:00,4507.030433333333,75.11717388888889,69.238,5,37,train,3,7,4.399256706237793,8.911113739013672,8.773386955,9.477649688720703,27.162150382734374,0.3489285478201745,0.6510714521798254,True,True,False,0.9845443804167046,-0.006764702343881349,0.03280709963478452,0.032300045583198024,0.06510714521798255,0.032300045583198024,4.753705755243767,4.753705755243767,-0.3544490490059742,4.410663498354383,-0.011406792116590125,4.416482723950105,-0.01722601771231247
617,2026-05-14T22:54:18.833Z,2026-05-14 22:54:18.833000+00:00,4508.183766666667,75.13639611111111,69.2,5,37,train,3,8,4.519452095031738,4.159537315368652,6.353402614593506,6.289340019226074,16.802279949188232,0.37431467861776285,0.6256853213822371,True,True,False,1.5274301281344353,0.18396135268892544,0.024755791047093058,0.037812741091130656,0.06256853213822372,0.037812741091130656,4.94429136814054,4.94429136814054,-0.42483927310880176,4.601249111251156,-0.0817970162194177,4.56721937338001,-0.04776727834827188
618,2026-05-14T22:55:28.025Z,2026-05-14 22:55:28.025000+00:00,4509.336966666667,75.15561611111112,69.192,5,37,train,3,9,4.393743515014648,5.994668006896973,6.170247554779053,3.924541711807251,16.089457273483276,0.2439200804041546,0.7560799195958454,True,True,False,1.0292892863591565,0.012537452325709885,0.037258360583589535,0.03834963137599501,0.07560799195958454,0.03834963137599501,4.772925093148201,4.772925093148201,-0.3791815781335526,4.429882836258817,-0.03613932124416852,4.431683549216725,-0.03794003420207659
619,2026-05-14T22:56:37.104Z,2026-05-14 22:56:37.104000+00:00,4510.488283333334,75.17480472222223,69.079,5,38,train,4,0,4.779691696166992,2.9302754402160645,9.124853134155272,6.995248794555664,19.050377368927002,0.3671973871743658,0.6328026128256341,True,True,False,3.1139916094312445,0.49331743803858197,0.015381718605719725,0.04789854267684369,0.06328026128256341,0.04789854267684369,5.253525429734589,5.253525429734589,-0.47383373356759684,4.910483172845205,-0.13079147667821278,4.811796629899026,-0.03210493373203338
620,2026-05-14T22:57:46.357Z,2026-05-14 22:57:46.357000+00:00,4511.6425,75.19404166666666,69.253,5,38,train,4,1,4.292844772338867,9.191133499145508,6.529592514038086,1.9903440475463867,17.71107006072998,0.11237853165967052,0.8876214683403295,True,True,False,0.7104229869629395,-0.1484829946539371,0.05189485145521855,0.036867295378814405,0.08876214683403295,0.036867295378814405,4.61200925836805,4.61200925836805,-0.3191644860291829,4.268967001478666,0.023877770860201153,4.304413114652948,-0.01156834231408066
621,2026-05-14T22:58:55.375Z,2026-05-14 22:58:55.375000+00:00,4512.7928,75.21321333333334,69.018,5,38,train,4,2,3.755273818969727,4.273054122924805,1.0735427141189575,7.122714042663574,12.469310879707336,0.571219541430725,0.42878045856927505,True,True,False,0.2512354590501051,-0.599919064843288,0.03426856675679495,0.008609479100132551,0.042878045856927505,0.008609479100132551,4.164390830817492,4.164390830817492,-0.40911701184776517,3.8213485739281077,-0.06607475495838067,3.950385856422291,-0.1951120374525641
622,2026-05-14T23:00:04.610Z,2026-05-14 23:00:04.610000+00:00,4513.946716666667,75.23244527777779,69.235,5,38,train,4,3,4.143980026245117,9.571556091308594,5.430254936218262,6.713531494140625,21.71534252166748,0.30916074602285876,0.6908392539771413,True,True,False,0.5673325094076583,-0.2461623296878396,0.0440773894390942,0.025006535958619926,0.06908392539771413,0.025006535958619926,4.514669629880793,4.514669629880793,-0.37068960363567616,4.171627372991409,-0.0276473467462921,4.2274259316651746,-0.08344590542005736
623,2026-05-14T23:01:13.634Z,2026-05-14 23:01:13.634000+00:00,4515.097116666667,75.25161861111111,69.024,5,38,train,4,4,4.531582832336426,4.392673015594482,7.131916999816895,3.278442383,14.803032398411377,0.22147099964138656,0.7785290003586134,True,True,False,1.6235938742760476,0.21047740408086693,0.029674143090208282,0.04817875694565307,0.07785290003586136,0.04817875694565307,4.970730384571505,4.970730384571505,-0.4391475522350792,4.627688127682121,-0.09610529534569512,4.588130336649753,-0.056547504313327224
624,2026-05-14T23:02:22.995Z,2026-05-14 23:02:22.995000+00:00,4516.253133333334,75.27088555555557,69.361,5,38,train,4,5,4.831519127,2.0082030296325684,8.242362976074219,1.6465376615524292,11.897103667259216,0.1383981940145394,0.8616018059854607,True,True,False,4.104347446175443,0.613244118080793,0.016879764065258467,0.06928041653328759,0.08616018059854606,0.06928041653328759,5.37337949145657,5.37337949145657,-0.5418603644565696,5.0303372345671855,-0.19881810756718554,4.906590772069252,-0.07507164506925168
625,2026-05-14T23:03:32.113Z,2026-05-14 23:03:32.113000+00:00,4517.4051,75.290085,69.118,5,38,train,4,6,3.980226516723633,6.11795187,2.331994057,4.972879409790039,13.422825336790039,0.37047933538702094,0.6295206646129791,True,True,False,0.3811723443649779,-0.41887861675717863,0.0455787192077332,0.01737334725356471,0.06295206646129792,0.01737334725356471,4.342688521499306,4.342688521499306,-0.36246200477567303,3.9996462646099213,-0.01941974788628853,4.091403827747457,-0.11117731102382411
626,2026-05-14T23:04:41.072Z,2026-05-14 23:04:41.072000+00:00,4518.554416666667,75.30924027777777,68.959,5,38,train,4,7,4.786308288574219,1.293027639389038,5.693498611450195,6.472530841827393,13.459057092666626,0.4809052222056514,0.5190947777943485,True,True,False,4.403230401277734,0.6437714107344746,0.009607119061063825,0.042302358718371035,0.05190947777943486,0.042302358718371035,5.403990122916908,5.403990122916908,-0.6176818343426893,5.060947866027524,-0.27463957745330525,4.9308011201282325,-0.1444928315540137
627,2026-05-14T23:05:50.268Z,2026-05-14 23:05:50.268000+00:00,4519.707683333333,75.32846138888888,69.196,5,38,train,4,8,4.7444047927856445,2.479830026626587,7.740009307861328,6.873239517211914,17.09307885169983,0.40210658225147083,0.5978934177485291,True,True,False,3.1211854138206303,0.49431956866768884,0.014507801948038046,0.045281539826814876,0.05978934177485292,0.045281539826814876,5.254539449734197,5.254539449734197,-0.5101346569485523,4.911497192844813,-0.16709240005916826,4.81259863155525,-0.06819383876960572
628,2026-05-14T23:06:59.332Z,2026-05-14 23:06:59.332000+00:00,4520.85875,75.34764583333335,69.064,5,38,train,4,9,4.555290222167969,5.553618431091309,8.101902008,3.4433748722076416,17.09889531129895,0.20137996107457654,0.7986200389254234,True,True,False,1.4588510371260675,0.16401094846851982,0.03247939899030482,0.047382604902237536,0.07986200389254236,0.047382604902237536,4.92427924154258,4.92427924154258,-0.36898901937461126,4.581236984653196,-0.025946762485227204,4.5513915211854306,0.0038987009825381946
629,2026-05-14T23:08:08.487Z,2026-05-14 23:08:08.487000+00:00,4522.011333333333,75.36685555555555,69.155,5,39,train,5,0,4.451636314,7.946434020996094,9.214640617370604,8.876422882080078,26.037497520446777,0.34090921660614976,0.6590907833938502,True,True,False,1.1595944285227373,0.06430612004304609,0.03051919261732393,0.03538988572206109,0.06590907833938502,0.03538988572206109,4.824702908751027,4.824702908751027,-0.37306659475102677,4.481660651861643,-0.030024337861642714,4.472635299562103,-0.020998985562102668
630,2026-05-14T23:09:17.758Z,2026-05-14 23:09:17.758000+00:00,4523.16585,75.3860975,69.271,5,39,train,5,1,4.6782426834106445,1.6161763668060305,4.722636222839356,5.714143276,12.052955865645387,0.4740864680577697,0.5259135319422302,True,True,False,2.9221044929474305,0.4656957420223238,0.013408962787399129,0.0391823904068239,0.05259135319422303,0.0391823904068239,5.225954086227071,5.225954086227071,-0.547711402816426,4.8829118293376865,-0.204669145927042,4.789990094361344,-0.11174741095069951
631,2026-05-14T23:10:27.017Z,2026-05-14 23:10:27.017000+00:00,4524.320166666667,75.40533611111113,69.259,5,39,train,5,2,4.436197280883789,9.014187812805176,9.798366547,1.6001893281936646,20.41274368799884,0.07839168279639232,0.9216083172036077,True,True,False,1.0869938313334069,0.03622707948145207,0.04415960906864687,0.048001222651713915,0.09216083172036078,0.048001222651713915,4.796528736206573,4.796528736206573,-0.3603314553227843,4.453486479317189,-0.017289198433400266,4.450351978668877,-0.014154697785087933
632,2026-05-14T23:11:36.375Z,2026-05-14 23:11:36.375000+00:00,4525.476133333334,75.42460222222222,69.358,5,39,train,5,3,4.985898971557617,1.269909143447876,8.956295013427734,8.344896317,18.57110047387561,0.4493485094617282,0.5506514905382718,True,True,False,7.052705352692304,0.8483557403066987,0.006838093118037275,0.04822705593578991,0.055065149053827186,0.04822705593578991,5.608534081563094,5.608534081563094,-0.6226351100054766,5.26549182467371,-0.2795928531160925,5.092577607444486,-0.10667863588686899
633,2026-05-14T23:12:45.489Z,2026-05-14 23:12:45.489000+00:00,4526.6280333333325,75.44380055555554,69.114,5,39,train,5,4,4.695885658,3.663601875305176,8.622967720031738,8.520511627197266,20.80708122253418,0.40950057031399034,0.5904994296860097,True,True,False,2.353685802531,0.3717484876771859,0.017607476205444304,0.04144246676315667,0.05904994296860097,0.04144246676315667,5.132007801594709,5.132007801594709,-0.4361221435947087,4.7889655447053245,-0.09307988670532463,4.715686751330196,-0.019801093330196196
634,2026-05-14T23:13:54.797Z,2026-05-14 23:13:54.797000+00:00,4527.783166666666,75.46305277777778,69.308,5,39,train,5,5,3.813165664672852,6.043503761291504,1.5291234254837036,6.872276782989502,14.44490396976471,0.47575787262928015,0.5242421273707198,True,True,False,0.25301935530804204,-0.5968462551800896,0.04183831040996492,0.01058590232710707,0.05242421273707199,0.01058590232710707,4.166647762277043,4.166647762277043,-0.3534820976041906,3.823605505387658,-0.010439840714806081,3.952170892979011,-0.1390052283061589
635,2026-05-14T23:15:03.803Z,2026-05-14 23:15:03.803000+00:00,4528.933266666666,75.4822211111111,69.006,5,39,train,5,6,4.416348457336426,6.634596824645996,7.689690113067627,3.5352935791015625,17.859580516815186,0.197949418564059,0.802050581435941,True,True,False,1.1590289984919961,0.06409430199250796,0.03714867109224306,0.04305638705135104,0.0802050581435941,0.04305638705135104,4.8244205643102065,4.8244205643102065,-0.4080721069737807,4.481378307420822,-0.06502985008439666,4.4724119896577115,-0.05606353232128569
636,2026-05-14T23:16:12.886Z,2026-05-14 23:16:12.886000+00:00,4530.084650000001,75.50141083333334,69.083,5,39,train,5,7,4.3386077880859375,6.049955845,5.592577934265137,8.000649452209473,19.64318323147461,0.4072990287740072,0.5927009712259927,True,True,False,0.9243997935765326,-0.03414016017322135,0.030799263916176545,0.028470833206422744,0.059270097122599286,0.028470833206422744,4.726410960607973,4.726410960607973,-0.38780317252203567,4.383368703718589,-0.04476091563265161,4.394894914525554,-0.05628712643961631
637,2026-05-14T23:17:21.987Z,2026-05-14 23:17:21.987000+00:00,4531.236333333333,75.52060555555555,69.101,5,39,train,5,8,4.432338714599609,5.819300174713135,6.5434346199035645,2.0591769218444824,14.421911716461182,0.1427811348681421,0.857218865131858,True,True,False,1.124436688854279,0.05093500761043804,0.04035040769297583,0.04537147882020997,0.0857218865131858,0.04537147882020997,4.811249046880265,4.811249046880265,-0.37891033228065574,4.468206789990881,-0.03586807539127168,4.461994464561668,-0.029655749962058664
638,2026-05-14T23:18:31.133Z,2026-05-14 23:18:31.133000+00:00,4532.388766666667,75.53981277777778,69.146,5,39,train,5,9,4.487473487854004,5.560686111450195,7.556756496429443,2.346548795700073,15.463991403579712,0.15174276384794663,0.8482572361520534,True,True,False,1.3589611686351208,0.13320704724873306,0.03595893172937855,0.0488667918858268,0.08482572361520535,0.0488667918858268,4.893474960951375,4.893474960951375,-0.4060014730973709,4.550432704061991,-0.06295921620798683,4.5270280135006615,-0.03955452564665762
639,2026-05-14T23:19:40.400Z,2026-05-14 23:19:40.400000+00:00,4533.543216666667,75.55905361111111,69.267,5,40,train,6,0,4.515041351318359,3.801365375518799,5.935455322265625,2.7441649436950684,12.480985641479492,0.21986764687678753,0.7801323531232125,True,True,False,1.5614009009737908,0.19351442562930463,0.030457253014419674,0.047555982297901575,0.07801323531232125,0.047555982297901575,4.953774606410102,4.953774606410102,-0.43873325509174244,4.610732349520718,-0.09569099820235838,4.574719790335793,-0.05967843901743386
640,2026-05-14T23:20:49.663Z,2026-05-14 23:20:49.663000+00:00,4534.6976,75.57829333333333,69.263,5,40,train,6,1,4.408079147338867,4.855933189,5.503447532653809,3.3494701385498047,13.708850860203613,0.24432902310384141,0.7556709768961586,True,True,False,1.1333449861131952,0.05436212765668926,0.03542188355915834,0.040145214130457525,0.07556709768961586,0.040145214130457525,4.81471570473993,4.81471570473993,-0.40663655740106286,4.471673447850546,-0.0635943005116788,4.464736289521817,-0.05665714218294937
641,2026-05-14T23:21:58.568Z,2026-05-14 23:21:58.568000+00:00,4535.846016666666,75.5974336111111,68.905,5,40,train,6,2,4.486371040344238,6.199004173278809,8.387766838,8.092450141906738,22.679221153185544,0.35682222450439244,0.6431777754956076,True,True,False,1.3530829474443633,0.13132442077588052,0.027333408547886098,0.03698436900167467,0.06431777754956076,0.03698436900167467,4.891678999879927,4.891678999879927,-0.40530795953568877,4.548636742990543,-0.06226570264630471,4.5256075644420894,-0.039236524097851166
642,2026-05-14T23:23:07.643Z,2026-05-14 23:23:07.643000+00:00,4536.997266666667,75.61662111111112,69.075,5,40,train,6,3,4.763151168823242,2.343240737915039,7.751183032989502,5.266149520874023,15.360573291778564,0.342835480215613,0.6571645197843871,True,True,False,3.3078901828440914,0.519551083172985,0.015254904184918745,0.05046154779351996,0.0657164519784387,0.05046154779351996,5.279745730364384,5.279745730364384,-0.516594561541142,4.936703473475,-0.17355230465175797,4.83253460798618,-0.06938343916293821
643,2026-05-14T23:24:17.202Z,2026-05-14 23:24:17.202000+00:00,4538.156583333333,75.63594305555556,69.559,5,40,train,6,4,4.327580451965332,1.7146482467651367,2.178166151046753,6.697207450866699,10.590021848678589,0.6324073308406223,0.36759266915937766,True,True,False,1.2703282758758778,0.10391596503368744,0.01619116817005518,0.020568098745882592,0.03675926691593777,0.020568098745882592,4.864570798550885,4.864570798550885,-0.5369903465855526,4.5215285416615005,-0.1939480896961685,4.5041673340999155,-0.1765868821345835
644,2026-05-14T23:25:26.362Z,2026-05-14 23:25:26.362000+00:00,4539.30925,75.65515416666668,69.16,5,40,train,6,5,4.0662384033203125,8.072714805603027,3.604891777038574,7.441350936889648,19.11895751953125,0.38921321569378603,0.610786784306214,True,True,False,0.44655259895178356,-0.350127378681126,0.042223613904451784,0.018855064526169613,0.0610786784306214,0.018855064526169613,4.411164663830141,4.411164663830141,-0.3449262605098289,4.068122406940757,-0.0018840036204448296,4.145562502706967,-0.07932409938665419
645,2026-05-14T23:26:35.581Z,2026-05-14 23:26:35.581000+00:00,4540.4628999999995,75.67438166666666,69.219,5,40,train,6,6,3.814820289611816,4.432000160217285,1.3035061359405518,6.562709808349609,12.298216104507446,0.5336310366138627,0.46636896338613726,True,True,False,0.2941123846612509,-0.5314866875745442,0.03603774826003345,0.01059914807858028,0.04663689633861373,0.01059914807858028,4.231618017453806,4.231618017453806,-0.41679772784198965,3.888575760564421,-0.07375547095260515,4.003556716017267,-0.1887364264054514
646,2026-05-14T23:27:44.527Z,2026-05-14 23:27:44.527000+00:00,4541.611999999999,75.69353333333332,68.946,5,40,train,6,7,4.456046104431152,5.059220790863037,6.578851699829102,4.573064804077148,16.211137294769287,0.2820940148075053,0.7179059851924947,True,True,False,1.3003685689524602,0.11406646367284655,0.031208302655578977,0.0405822958636705,0.07179059851924947,0.0405822958636705,4.874395214768556,4.874395214768556,-0.4183491103374033,4.531352957879172,-0.07530685344801924,4.5119375931491055,-0.05589148871795313
647,2026-05-14T23:28:53.647Z,2026-05-14 23:28:53.647000+00:00,4542.764,75.71273333333333,69.12,5,40,train,6,8,4.862946510314941,1.995943665504456,9.354022026062012,4.598310470581055,15.948276162147522,0.2883264889464936,0.7116735110535064,True,True,False,4.686516051392598,0.6708501088303939,0.012515105991465922,0.05865224511388473,0.07116735110535065,0.05865224511388473,5.43100609103968,5.43100609103968,-0.5680595807247384,5.087963834150296,-0.22501732383535433,4.952168402023417,-0.08922189170847528
648,2026-05-14T23:30:02.840Z,2026-05-14 23:30:02.840000+00:00,4543.917216666667,75.73195361111111,69.193,5,40,train,6,9,4.3799591064453125,5.730303764343262,5.552531719207764,1.1369889974594116,12.419824481010437,0.09154630157598731,0.9084536984240127,True,True,False,0.9689768549022336,-0.013686596435603306,0.0461383634938218,0.04470700634857948,0.09084536984240127,0.04470700634857948,4.7466561435412835,4.7466561435412835,-0.366697037095971,4.4036138866518995,-0.023654780206586956,4.4109070940184285,-0.03094798757311601
649,2026-05-14T23:31:11.920Z,2026-05-14 23:31:11.920000+00:00,4545.06855,75.7511425,69.08,5,41,train,7,0,4.202974319458008,6.700732707977295,4.6786088943481445,2.516784906387329,13.896126508712769,0.18111413312258806,0.8188858668774119,True,True,False,0.6982234776770322,-0.1560055521787324,0.048220147562531075,0.03366843912521012,0.0818885866877412,0.03366843912521012,4.6045389027178025,4.6045389027178025,-0.4015645832597947,4.2614966458284185,-0.05852232637041066,4.298504712839963,-0.09553039338195557
650,2026-05-14T23:32:21.089Z,2026-05-14 23:32:21.089000+00:00,4546.221366666667,75.77035611111111,69.169,5,41,train,7,1,3.603099822998047,8.999819756,1.2922500371932983,1.9455376863479612,12.23760747954126,0.15898023282741305,0.8410197671725869,True,True,False,0.14358621308296546,-0.8428872583488741,0.07354231430486581,0.010559662412392883,0.08410197671725869,0.010559662412392883,3.9227052232728545,3.9227052232728545,-0.31960540027480766,3.57966296638347,0.02343685661457684,3.7592335540895765,-0.15613373109152962
651,2026-05-14T23:33:30.096Z,2026-05-14 23:33:30.096000+00:00,4547.371483333333,75.78952472222223,69.007,5,41,train,7,2,4.205731391906738,9.128218650817873,6.670399188995361,4.9253010749816895,20.723918914794922,0.23766263008612185,0.7623373699138782,True,True,False,0.7307448960370494,-0.1362342093344485,0.04404677845125705,0.032186958540130775,0.07623373699138783,0.032186958540130775,4.624320373308376,4.624320373308376,-0.4185889814016379,4.281278116418992,-0.07554672451225386,4.3141501361869725,-0.10841874428023424
652,2026-05-14T23:34:39.448Z,2026-05-14 23:34:39.448000+00:00,4548.52735,75.80878916666667,69.352,5,41,train,7,3,4.517798424,4.827731609344482,7.631136417388916,2.431995153427124,14.890863180160522,0.16332130139153608,0.8366786986084639,True,True,False,1.5806877918851592,0.19884609912190354,0.03242076400095189,0.051247105859894504,0.0836678698608464,0.051247105859894504,4.95908639974767,4.95908639974767,-0.4412879757476693,4.616044142858286,-0.09824571885828526,4.578920957034576,-0.06112253303457571
653,2026-05-14T23:35:48.607Z,2026-05-14 23:35:48.607000+00:00,4549.679999999999,75.82799999999999,69.159,5,41,train,7,4,4.8585357666015625,2.300534963607788,9.569996834,1.6704964637756348,13.541028261383422,0.12336555478135958,0.8766344452186404,True,True,False,4.1599006254579844,0.6190829560280104,0.016989366827986765,0.07067407769387728,0.08766344452186405,0.07067407769387728,5.379215311423182,5.379215311423182,-0.5206795448216193,5.036173054533798,-0.1776372879322352,4.911206398270374,-0.052670631668811474
654,2026-05-14T23:36:57.791Z,2026-05-14 23:36:57.791000+00:00,4550.833066666667,75.84721777777779,69.184,5,41,train,7,5,4.5437116622924805,3.826026439666748,6.1287384033203125,2.844087839126587,12.798852682113647,0.22221428043321334,0.7777857195667867,True,True,False,1.6018546917971987,0.20462311760786872,0.02989351104113892,0.04788506091553975,0.07777857195667867,0.04788506091553975,4.964878964952323,4.964878964952323,-0.4211673026598426,4.621836708062939,-0.07812504577045853,4.583502372479752,-0.03979071018727165
655,2026-05-14T23:38:06.961Z,2026-05-14 23:38:06.961000+00:00,4551.9859,75.86643166666666,69.17,5,41,train,7,6,4.655636787414551,1.1922907829284668,4.053720474243164,8.470541000366211,13.716552257537842,0.6175415542715029,0.3824584457284971,True,True,False,3.399942809493624,0.5314716118274813,0.008692350384720412,0.0295534941881293,0.03824584457284971,0.0295534941881293,5.291801787009329,5.291801787009329,-0.6361649995947785,4.948759530119945,-0.2931227427053944,4.842069900584475,-0.18643311316992417
656,2026-05-14T23:39:16.101Z,2026-05-14 23:39:16.101000+00:00,4553.138233333333,75.88563722222221,69.14,5,41,train,7,7,4.184227943,4.342235565185547,2.7100160121917725,1.6382460594177246,8.690497636795044,0.18851004026299822,0.8114899597370018,True,True,False,0.624106171005481,-0.20474152320284023,0.04996532703490745,0.031183668938792732,0.08114899597370018,0.031183668938792732,4.555887267245327,4.555887267245327,-0.37165932424532766,4.212845010355943,-0.028617067355943604,4.260025499173515,-0.07579755617351491
657,2026-05-14T23:40:25.206Z,2026-05-14 23:40:25.206000+00:00,4554.289983333333,75.90483305555556,69.105,5,41,train,7,8,4.402013778686523,3.049438953399658,4.083176612854004,4.148284912109375,11.280900478363037,0.3677263991527855,0.6322736008472145,True,True,False,1.3389927377630846,0.12677822155422586,0.027031875329886434,0.03619548475483502,0.06322736008472146,0.03619548475483502,4.887142139959628,4.887142139959628,-0.4851283612731043,4.544099883070244,-0.14208610438372027,4.522019302700165,-0.12000552401364128
658,2026-05-14T23:41:34.393Z,2026-05-14 23:41:34.393000+00:00,4555.4431,75.92405166666667,69.187,5,41,train,7,9,4.604361534118652,4.970716476,9.647238731384276,6.391611099243164,21.00956630662744,0.3042238476491987,0.6957761523508013,True,True,False,1.940814524015567,0.2879840335617671,0.023659300736883816,0.04591831449819631,0.06957761523508013,0.04591831449819631,5.04823293004935,5.04823293004935,-0.4438713959306977,4.705190673159966,-0.10082913904131363,4.64942811170241,-0.04506657758375798
659,2026-05-14T23:42:43.586Z,2026-05-14 23:42:43.586000+00:00,4556.596316666666,75.94327194444443,69.193,5,42,train,8,0,4.515041351318359,6.785973549,9.176757813,9.636733055114746,25.599464417114746,0.3764427606021329,0.6235572393978671,True,True,False,1.3523126411761968,0.1310771077602995,0.02650826376064016,0.035847460179146556,0.062355723939786716,0.035847460179146556,4.891443012397602,4.891443012397602,-0.37640166107924244,4.548400755508218,-0.03335940418985839,4.525420918861385,-0.010379567543025381
660,2026-05-14T23:43:52.644Z,2026-05-14 23:43:52.644000+00:00,4557.747283333333,75.96245472222222,69.058,5,42,train,8,1,4.4444684982299805,6.070846080780029,6.9553961753845215,2.437584638595581,15.463826894760132,0.15763139714280874,0.8423686028571913,True,True,False,1.1457045826618681,0.059072650215072825,0.03925836807470418,0.04497849221101496,0.08423686028571914,0.04497849221101496,4.819386663313326,4.819386663313326,-0.3749181650833453,4.476344406423942,-0.031875908193961244,4.4684306116392,-0.023962113409219832
661,2026-05-14T23:45:01.820Z,2026-05-14 23:45:01.820000+00:00,4558.900216666666,75.98167027777777,69.176,5,42,train,8,2,4.7168378829956055,1.7455929517745972,5.360626220703125,1.881823182106018,8.98804235458374,0.20936963888986593,0.7906303611101341,True,True,False,3.0709485938594265,0.48727254663191816,0.019421280885312874,0.05964175522570053,0.07906303611101341,0.05964175522570053,5.247440193781873,5.247440193781873,-0.5306023107862679,4.904397936892489,-0.1875600538968838,4.8069837373382445,-0.090145854342639
662,2026-05-14T23:46:10.950Z,2026-05-14 23:46:10.950000+00:00,4560.052383333333,76.00087305555554,69.13,5,42,train,8,3,3.874917984008789,8.640649795532227,2.4715075492858887,6.962075710296631,18.074233055114746,0.38519342364717735,0.6148065763528227,True,True,False,0.28603260261326846,-0.5435844622273798,0.04780645335923146,0.013674204276050806,0.061480657635282265,0.013674204276050806,4.218879140429706,4.218879140429706,-0.3439611564209173,3.875836883540322,-0.0009188995315327908,3.99348137186654,-0.11856338785775078
663,2026-05-14T23:47:20.341Z,2026-05-14 23:47:20.341000+00:00,4561.2089,76.02014833333332,69.391,5,42,train,8,4,4.375548362731934,7.407989025115967,7.523542404174805,1.734657883644104,16.666189312934875,0.10408245406751802,0.895917545932482,True,True,False,1.0155984814052865,0.00672204281432996,0.0444492072303926,0.045142547362855605,0.0895917545932482,0.045142547362855605,4.767053582192356,4.767053582192356,-0.3915052194604227,4.424011325302972,-0.04846296257103866,4.427039694546256,-0.051491331814322194
664,2026-05-14T23:48:29.426Z,2026-05-14 23:48:29.426000+00:00,4562.360316666667,76.03933861111112,69.085,5,42,train,8,5,4.780243873596191,2.264489889144897,8.124918937683105,1.675530195236206,12.064939022064209,0.13887597709130708,0.8611240229086929,True,True,False,3.5879687414948838,0.5548486508003101,0.018769178070470367,0.06734322422039893,0.08611240229086929,0.06734322422039893,5.314991861047541,5.314991861047541,-0.5347479874513494,4.971949604158157,-0.19170573056196538,4.860411232899232,-0.08016735930304097
665,2026-05-14T23:49:38.538Z,2026-05-14 23:49:38.538000+00:00,4563.512183333334,76.0585363888889,69.112,5,42,train,8,6,4.376650810241699,9.065412521362305,8.568153381347656,4.674427032470703,22.307992935180664,0.20954045691394005,0.7904595430860599,True,True,False,0.9451476544676951,-0.024500339097801277,0.04063750848273651,0.03840844582586948,0.079045954308606,0.03840844582586948,4.735903659856384,4.735903659856384,-0.35925284961468495,4.392861402967,-0.0162105927253009,4.402402814293025,-0.02575200405132616
666,2026-05-14T23:50:47.599Z,2026-05-14 23:50:47.599000+00:00,4564.6632,76.07772,69.061,5,42,train,8,7,4.679345131,3.7740941047668457,8.326635360717773,3.138716697692871,15.23944616317749,0.20596002401168856,0.7940399759883114,True,True,False,2.2062606627113164,0.3436568216533694,0.024765297008535976,0.054638700590295165,0.07940399759883114,0.054638700590295165,5.103857460719294,5.103857460719294,-0.42451232971929453,4.76081520382991,-0.08147007282991048,4.693422279215148,-0.01407714821514805
667,2026-05-14T23:51:56.438Z,2026-05-14 23:51:56.438000+00:00,4565.810516666666,76.09684194444444,68.839,5,42,train,8,8,4.385472297668457,8.925308227539062,8.953741073608398,5.588927745819092,23.467977046966553,0.23815123624136622,0.7618487637586338,True,True,False,1.0031856430438566,0.0013813081841626278,0.0380318602224504,0.038153016153412975,0.07618487637586338,0.038153016153412975,4.761775934946636,4.761775934946636,-0.3763036372781787,4.418733678057252,-0.03326138038879467,4.4228655344373085,-0.03739323676885142
668,2026-05-14T23:53:05.526Z,2026-05-14 23:53:05.526000+00:00,4566.961983333333,76.11603305555555,69.088,5,42,train,8,9,3.968097686767578,8.363320350646973,3.061056137084961,7.558425426483154,18.982801914215088,0.3981722751277882,0.6018277248722118,True,True,False,0.3660096718462019,-0.43650743817406906,0.0440573545909689,0.016125417896252284,0.06018277248722118,0.016125417896252284,4.325230728689867,4.325230728689867,-0.3571330419222889,3.9821884718004825,-0.014090785032904396,4.077596231494314,-0.10949854472673604
669,2026-05-14T23:54:14.552Z,2026-05-14 23:54:14.552000+00:00,4568.112416666667,76.13520694444445,69.026,5,43,train,9,0,4.311591148376465,6.163873672485352,5.529486179351807,9.900377274,21.59373712583716,0.45848373610856286,0.5415162638914371,True,True,False,0.897079738028156,-0.04716895244473177,0.02854472867093582,0.025606897718207896,0.05415162638914371,0.025606897718207896,4.713453392433487,4.713453392433487,-0.4018622440570221,4.370411135544103,-0.05881998716763803,4.3846466046888635,-0.07305545631239863
670,2026-05-14T23:55:23.527Z,2026-05-14 23:55:23.527000+00:00,4569.262,76.15436666666666,68.975,5,43,train,9,1,4.194704055786133,4.705288887023926,3.318019390106201,8.147077560424805,16.17038583755493,0.5038270355617375,0.49617296443826253,True,True,False,0.7051680502033604,-0.1517073729676,0.02909818562335181,0.02051911082047445,0.04961729644382626,0.02051911082047445,4.609180046917855,4.609180046917855,-0.41447599113172195,4.266137790028471,-0.0714337342423379,4.302175454380228,-0.10747139859409494
671,2026-05-14T23:56:32.491Z,2026-05-14 23:56:32.491000+00:00,4570.4114,76.17352333333334,68.964,5,43,train,9,2,4.116411209106445,6.538043975830078,3.557945966720581,2.6964848041534424,12.792474746704102,0.21078679907874542,0.7892132009212546,True,True,False,0.544191195390187,-0.26424848906193915,0.05110851578983624,0.02781280430228923,0.07892132009212546,0.02781280430228923,4.496519938712688,4.496519938712688,-0.38010872960624287,4.153477681823304,-0.03706647271685881,4.213071103967086,-0.09665989486064053
672,2026-05-14T23:57:41.469Z,2026-05-14 23:57:41.469000+00:00,4571.561033333333,76.1926838888889,68.978,5,43,train,9,3,4.518900871276856,1.5414302349090576,3.309746742248535,3.571086883544922,8.422263860702515,0.42400558123182,0.57599441876818,True,True,False,2.1471920475491424,0.33187089001650577,0.018301851620930867,0.03929759025588714,0.05759944187681801,0.03929759025588714,5.092152199914875,5.092152199914875,-0.573251328638019,4.749109943025491,-0.23020907174863492,4.684164435626939,-0.1652635643500826
673,2026-05-14T23:58:50.397Z,2026-05-14 23:58:50.397000+00:00,4572.709833333333,76.21183055555555,68.928,5,43,train,9,4,3.965340614318848,8.149163246154785,2.8008463382720947,7.873523235321045,18.823532819747925,0.4182808461470562,0.5817191538529438,True,True,False,0.34369741452825664,-0.46382373484076306,0.04329242190714291,0.014879493478151476,0.058171915385294384,0.014879493478151476,4.298148082831211,4.298148082831211,-0.33280746851236254,3.955105825941826,0.010234788377021964,4.0561762133073085,-0.09083559898846039
674,2026-05-14T23:59:59.616Z,2026-05-14 23:59:59.616000+00:00,4573.8634833333335,76.23105805555556,69.219,5,43,train,9,5,4.385472297668457,7.768542289733887,8.025695801,5.389913082122803,21.184151172856687,0.2544313925133292,0.7455686074866709,True,True,False,1.0331019001603352,0.014143160333496201,0.036671482498141075,0.03788537825052602,0.0745568607486671,0.03788537825052602,4.774534834369029,4.774534834369029,-0.389062536700572,4.431492577479645,-0.04602027981118795,4.4329567145642494,-0.047484416895792414
675,2026-05-15T00:01:08.694Z,2026-05-15 00:01:08.694000+00:00,4575.014783333333,76.25024638888888,69.078,5,43,train,9,6,4.449981689453125,4.150158405303955,5.382058143615723,7.884538650512695,17.416755199432373,0.4526984825950622,0.5473015174049378,True,True,False,1.296831980373902,0.11288371184096793,0.023828539574577087,0.0309016121659167,0.05473015174049378,0.0309016121659167,4.8733158629937385,4.8733158629937385,-0.42333417354061353,4.5302736061043545,-0.08029191665122948,4.511083919738929,-0.06110223028580375
676,2026-05-15T00:02:17.696Z,2026-05-15 00:02:17.696000+00:00,4576.164816666667,76.26941361111112,69.002,5,43,train,9,7,4.363969802856445,5.403474807739258,5.245102882385254,8.705920219421387,19.3544979095459,0.44981379832785584,0.5501862016721442,True,True,False,0.970690725692443,-0.012919119752448352,0.027918444761484574,0.027100175405729843,0.05501862016721441,0.027100175405729843,4.747645514793283,4.747645514793283,-0.3836757119368377,4.404603257903899,-0.04063345504745364,4.4116896006583675,-0.04771979780192215
677,2026-05-15T00:03:26.990Z,2026-05-15 00:03:26.990000+00:00,4577.319716666667,76.28866194444444,69.294,5,43,train,9,8,4.557495117,5.244602680206299,8.370645523071289,6.960899353027344,20.57614755630493,0.33829944764827413,0.6617005523517259,True,True,False,1.5960495071748744,0.20304635841784266,0.02548874936795081,0.04068130586722178,0.0661700552351726,0.04068130586722178,4.9633479035830135,4.9633479035830135,-0.40585278658301327,4.620305646693629,-0.06281052969362921,4.582291436053999,-0.024796319053998594
678,2026-05-15T00:04:35.973Z,2026-05-15 00:04:35.973000+00:00,4578.469433333334,76.30782388888889,68.983,5,43,train,9,9,4.162725448608398,9.379661560058594,5.567760467529297,7.468218803405762,22.415640830993652,0.3331699887464117,0.6668300112535883,True,True,False,0.5935992926694165,-0.22650662523231832,0.04184427128708061,0.02483872983827822,0.06668300112535883,0.02483872983827822,4.534307362631404,4.534307362631404,-0.37158191402300567,4.19126510574202,-0.02853965713362161,4.242957670877988,-0.08023222226958993
679,2026-05-15T00:05:45.242Z,2026-05-15 00:05:45.242000+00:00,4579.623916666666,76.32706527777778,69.269,5,44,train,10,0,4.68651294708252,3.5167548656463623,8.60333252,2.787356376647949,14.907443762294312,0.18697748729383531,0.8130225127061647,True,True,False,2.44638391036071,0.38852461176325065,0.0235905962264393,0.057711655044177176,0.08130225127061648,0.057711655044177176,5.148708743265284,5.148708743265284,-0.46219579618276363,4.8056664863759,-0.11915353929337957,4.728895744136544,-0.04238279705402359
680,2026-05-15T00:06:54.298Z,2026-05-15 00:06:54.298000+00:00,4580.77485,76.34624749999999,69.056,5,44,train,10,1,3.840182304382324,6.674781799316406,1.7613259553909302,8.761538506,17.197646260707337,0.5094614910191576,0.4905385089808424,True,True,False,0.2638776829485745,-0.5785973380183939,0.03881218219127316,0.010241668706811086,0.04905385089808424,0.010241668706811086,4.184895720130074,4.184895720130074,-0.3447134157477496,3.8418534632406893,-0.0016711588583651071,3.9666034410811277,-0.1264211366988035
681,2026-05-15T00:08:03.337Z,2026-05-15 00:08:03.337000+00:00,4581.9255,76.365425,69.039,5,44,train,10,2,4.249288558959961,9.088737487792969,6.565085887908936,3.984553337097168,19.638376712799072,0.2028962676176939,0.7971037323823061,True,True,False,0.722331995695383,-0.14126314763978703,0.04628049263292468,0.033429880605305946,0.07971037323823063,0.033429880605305946,4.61927442990428,4.61927442990428,-0.3699858709443191,4.276232173014896,-0.02694361405493506,4.310159233671375,-0.060870674711414274
682,2026-05-15T00:09:12.444Z,2026-05-15 00:09:12.444000+00:00,4583.077283333333,76.38462138888889,69.107,5,44,train,10,3,4.855778694152832,1.3817287683486938,6.990905284881592,9.847223281860352,18.219857335090637,0.540466541573574,0.45953345842642596,True,True,False,5.059535159882669,0.704110618268397,0.007583642083121835,0.038369703759520764,0.0459533458426426,0.038369703759520764,5.464345908771446,5.464345908771446,-0.6085672146186143,5.121303651882062,-0.26552495772923024,4.978537299135352,-0.12275860498252023
683,2026-05-15T00:10:21.629Z,2026-05-15 00:10:21.629000+00:00,4584.230366666667,76.40383944444444,69.185,5,44,train,10,4,5.007401466369629,1.1108940839767456,8.545124053955078,3.445666790008545,13.101684927940369,0.2629941728075288,0.7370058271924712,True,True,False,7.6921141062931015,0.8860457180217053,0.008479016936269602,0.06522156578297753,0.07370058271924712,0.06522156578297753,5.64617617689278,5.64617617689278,-0.6387747105231512,5.303133920003396,-0.2957324536337671,5.122349232076988,-0.11494776570735876
684,2026-05-15T00:11:30.716Z,2026-05-15 00:11:30.716000+00:00,4585.381816666666,76.42303027777777,69.087,5,44,train,10,5,4.792923927307129,2.7738232612609863,8.611686706542969,6.824950695037842,18.210460662841797,0.37478188066730583,0.6252181193326941,True,True,False,3.104627041965203,0.49200943596347557,0.015232032361053534,0.04728977957221588,0.06252181193326942,0.04728977957221588,5.252220262988905,5.252220262988905,-0.45929633568177586,4.909178006099521,-0.1162540787923918,4.810764356480264,-0.017840429173134886
685,2026-05-15T00:12:39.999Z,2026-05-15 00:12:39.999000+00:00,4586.536533333333,76.44227555555555,69.283,5,44,train,10,6,4.332542419433594,3.094722032546997,3.026963710784912,4.195100307,10.31678605033191,0.4066286037660959,0.593371396233904,True,True,False,0.9781051994171125,-0.00961443246258423,0.029996958524185293,0.02934018109920511,0.059337139623390406,0.02934018109920511,4.75090514361711,4.75090514361711,-0.41836272418351594,4.407862886727726,-0.07532046729413189,4.414267683651206,-0.08172526421761184
686,2026-05-15T00:13:49.080Z,2026-05-15 00:13:49.080000+00:00,4587.687883333333,76.46146472222222,69.081,5,44,train,10,7,4.250943183898926,7.789391994476318,5.799689769744873,8.192085266113281,21.781167030334473,0.37610864719526843,0.6238913528047315,True,True,False,0.7445625761108954,-0.12809879647779843,0.03576205069098497,0.026627084589488193,0.06238913528047316,0.026627084589488193,4.632564223426183,4.632564223426183,-0.381621039527257,4.289521966536799,-0.038578782637872955,4.320670304872705,-0.06972712097377887
687,2026-05-15T00:14:58.089Z,2026-05-15 00:14:58.089000+00:00,4588.838033333333,76.48063388888889,69.009,5,44,train,10,8,4.142876625061035,4.130131721496582,2.529968023300171,2.8892412185668945,9.549340963363647,0.3025592268253444,0.6974407731746556,True,True,False,0.6125635194955524,-0.21284887065960173,0.04325043725364886,0.0264936400638167,0.06974407731746557,0.0264936400638167,4.547899582625205,4.547899582625205,-0.40502295756416995,4.204857325735821,-0.061980700674785894,4.253707935124269,-0.11083131006323388
688,2026-05-15T00:16:07.219Z,2026-05-15 00:16:07.219000+00:00,4589.9902,76.49983666666667,69.13,5,44,train,10,9,4.506219863891602,5.125380039215088,7.440125465393066,7.237451553344727,19.80295705795288,0.3654732741259044,0.6345267258740956,True,True,False,1.4516241543978199,0.16185418606090443,0.025881892407360104,0.03757078018004946,0.06345267258740957,0.03757078018004946,4.922193180873962,4.922193180873962,-0.4159733169823605,4.579150923984578,-0.07293106009297645,4.549741628568062,-0.04352176467646007
689,2026-05-15T00:17:16.406Z,2026-05-15 00:17:16.406000+00:00,4591.143316666667,76.51905527777778,69.187,5,45,train,11,0,4.425170898,7.095794200897217,7.471175670623779,1.2137460708618164,15.780715942382812,0.07691324495627076,0.9230867550437293,True,True,False,1.0529019668692052,0.02238793696922334,0.04496497007363144,0.04734370543074149,0.09230867550437294,0.04734370543074149,4.782698521385298,4.782698521385298,-0.3575276233852982,4.439656264495914,-0.014485366495914143,4.439413481206406,-0.014242583206406145
690,2026-05-15T00:18:25.447Z,2026-05-15 00:18:25.447000+00:00,4592.294,76.53823333333334,69.041,5,45,train,11,1,4.303320885,4.186565399169922,3.598761558532715,2.8486969470977783,10.634023904800415,0.2678851366707779,0.7321148633292222,True,True,False,0.8595975974115316,-0.06570480703863558,0.039369531577599905,0.033841954755322305,0.07321148633292221,0.033841954755322305,4.694777074395002,4.694777074395002,-0.3914561893950026,4.351734817505618,-0.04841393250561854,4.3698752609236164,-0.06655437592361668
691,2026-05-15T00:19:34.535Z,2026-05-15 00:19:34.535000+00:00,4593.445466666667,76.55742444444445,69.088,5,45,train,11,2,4.440056800842285,3.9304141998291016,5.039947986602783,8.119422912597656,17.08978509902954,0.4751038626611358,0.5248961373388642,True,True,False,1.2822943665382456,0.10798773430000973,0.02299861687583359,0.029490996858052832,0.05248961373388642,0.029490996858052832,4.868442764390958,4.868442764390958,-0.4283859635486724,4.5254005075015735,-0.08534370665928837,4.507229722433267,-0.06717292159098154
692,2026-05-15T00:20:43.919Z,2026-05-15 00:20:43.919000+00:00,4594.601866666667,76.57669777777778,69.384,5,45,train,11,3,4.011102676391602,9.840267181396484,4.084085464477539,8.63731575,22.561668395874023,0.38283142888402505,0.617168571115975,True,True,False,0.41503806646619373,-0.38191206883478285,0.04361498010136533,0.018101877010232182,0.06171685711159751,0.018101877010232182,4.3795038190816555,4.3795038190816555,-0.368401142690054,4.0364615621922715,-0.025358885800669917,4.120521527247335,-0.10941885085573322
693,2026-05-15T00:21:52.869Z,2026-05-15 00:21:52.869000+00:00,4595.751033333333,76.59585055555554,68.95,5,45,train,11,4,4.0579681396484375,6.458565711975098,3.0038137435913086,3.873577833175659,13.335957288742065,0.290461175700199,0.709538824299801,True,True,False,0.4650899096717111,-0.3324630825943376,0.048429712034450526,0.022524170395529574,0.0709538824299801,0.022524170395529574,4.42858940090312,4.42858940090312,-0.37062126125468264,4.085547144013736,-0.027579004365298587,4.159343954746584,-0.1013758150981463
694,2026-05-15T00:23:02.133Z,2026-05-15 00:23:02.133000+00:00,4596.905433333333,76.61509055555555,69.264,5,45,train,11,5,4.516144752502441,2.1568822860717773,4.080495834350586,2.3457067012786865,8.58308482170105,0.2732941302581465,0.7267058697418536,True,True,False,1.891849110496517,0.276886495124997,0.025129453231295375,0.04754113374288998,0.07267058697418535,0.04754113374288998,5.0371290149692785,5.0371290149692785,-0.520984262466837,4.694086758079894,-0.177942005577453,4.640645880298455,-0.1245011277960133
695,2026-05-15T00:24:11.154Z,2026-05-15 00:24:11.154000+00:00,4598.055783333333,76.63426305555555,69.021,5,45,train,11,6,4.43895435333252,7.625329494476318,8.237989426,2.796506643295288,18.659825563771605,0.14986778058229855,0.8501322194177016,True,True,False,1.0803453715629578,0.033562615659264015,0.04086495593657122,0.04414826600519894,0.08501322194177016,0.04414826600519894,4.79389154572545,4.79389154572545,-0.35493719239292965,4.450849288836066,-0.01189493550354559,4.448266190287525,-0.00931183695500426
696,2026-05-15T00:25:20.321Z,2026-05-15 00:25:20.321000+00:00,4599.208566666667,76.65347611111112,69.167,5,45,train,11,7,4.661149978637695,4.062740325927734,8.639938354492188,2.009774923324585,14.712453603744507,0.1366036541187849,0.863396345881215,True,True,False,2.1266282512208656,0.3276915789700813,0.027614294905193213,0.058725339682928306,0.08633963458812152,0.058725339682928306,5.087880434531708,5.087880434531708,-0.4267304558940124,4.744838177642324,-0.08368819900462832,4.680785840615372,-0.01963586197767686
697,2026-05-15T00:26:29.342Z,2026-05-15 00:26:29.342000+00:00,4600.358916666666,76.6726486111111,69.021,5,45,train,11,8,4.481960296630859,7.840213298797607,9.857886314,7.586202621459961,25.284302234257567,0.30003606788015114,0.6999639321198489,True,True,False,1.257349250372031,0.0994559272021924,0.031008224890520984,0.038988168321463915,0.06999639321198489,0.038988168321463915,4.8598031847251955,4.8598031847251955,-0.3778428880943361,4.516760927835811,-0.034800631204952026,4.500396566081611,-0.01843626945075183
698,2026-05-15T00:27:38.423Z,2026-05-15 00:27:38.423000+00:00,4601.510266666666,76.69183777777776,69.081,5,45,train,11,9,4.408079147338867,7.228440284729004,7.375304698944092,1.8861922025680544,16.48993718624115,0.11438443829500168,0.8856155617049983,True,True,False,1.0203175800629296,0.008735369606953444,0.043835462822504015,0.04472609334799582,0.08856155617049984,0.04472609334799582,4.769069226572866,4.769069226572866,-0.36099007923399906,4.426026969683482,-0.017947822344615005,4.428633894002039,-0.02055474666317192
699,2026-05-15T00:28:47.722Z,2026-05-15 00:28:47.722000+00:00,4602.66525,76.7110875,69.299,5,46,train,12,0,3.953210830688477,3.711829185,1.4164084196090698,5.901358127593994,11.029595732203063,0.535047545792075,0.464952454207925,True,True,False,0.3815931038348872,-0.41839948248344877,0.0336533566154432,0.012841888805349304,0.0464952454207925,0.012841888805349304,4.343715686083673,4.343715686083673,-0.39050485539519597,4.000673429194289,-0.047462598505811915,4.092216225627376,-0.13900539493889896
700,2026-05-15T00:29:56.735Z,2026-05-15 00:29:56.735000+00:00,4603.815466666667,76.73025777777778,69.013,5,46,train,12,1,4.676589012145996,3.44446325302124,8.473745346069336,4.971662521362305,16.88987112045288,0.29435763517116736,0.7056423648288327,True,True,False,2.460106183056755,0.3909538525181778,0.0203936621449417,0.050170574337941566,0.07056423648288326,0.050170574337941566,5.151165306918412,5.151165306918412,-0.47457629477241614,4.808123050029028,-0.13153403788303208,4.730838672401462,-0.05424966025546585
701,2026-05-15T00:31:05.885Z,2026-05-15 00:31:05.885000+00:00,4604.967966666666,76.7494661111111,69.15,5,46,train,12,2,4.425722122192383,3.780649185180664,4.987875938415527,5.748745441436768,14.517270565032959,0.395993545459123,0.604006454540877,True,True,False,1.3193173167102978,0.12034926281123112,0.026042424216346356,0.03435822123774135,0.0604006454540877,0.03435822123774135,4.880735065104321,4.880735065104321,-0.45501294291193783,4.537692808214937,-0.11197068602255378,4.516951863549558,-0.09122974135717499
702,2026-05-15T00:32:14.948Z,2026-05-15 00:32:14.948000+00:00,4606.1190166666665,76.76865027777778,69.063,5,46,train,12,3,3.7960739135742183,5.733279228210449,1.409136414527893,1.500279188156128,8.64269483089447,0.17358928175887675,0.8264107182411232,True,True,False,0.24578192661440149,-0.6094500557873153,0.0663367079410935,0.016304363883018827,0.08264107182411233,0.016304363883018827,4.152879842413175,4.152879842413175,-0.3568059288389569,3.8098375855237907,-0.013763671949572398,3.9412816654116454,-0.14520775183742707
703,2026-05-15T00:33:23.965Z,2026-05-15 00:33:23.965000+00:00,4607.2693,76.78782166666666,69.017,5,46,train,12,4,3.945490837097168,4.477007389068604,1.8530523777008057,5.797338962554932,12.12739872932434,0.47803647690224177,0.5219635230977583,True,True,False,0.4139042482318338,-0.38310011606318073,0.036916468972386415,0.015279883337389416,0.05219635230977583,0.015279883337389416,4.378579284022423,4.378579284022423,-0.4330884469252547,4.035537027133039,-0.09004619003587067,4.119790300398723,-0.17429946330155488
704,2026-05-15T00:34:33.068Z,2026-05-15 00:34:33.068000+00:00,4608.421016666666,76.80701694444444,69.103,5,46,train,12,5,4.506219863891602,4.072435379,6.240315437316895,3.4397571086883545,13.75250792500525,0.2501185331029025,0.7498814668970976,True,True,False,1.5323301308833108,0.1853523413901251,0.029612310723307184,0.045375835966402565,0.07498814668970975,0.045375835966402565,4.945627034269285,4.945627034269285,-0.4394071703776836,4.602584777379901,-0.09636491348829956,4.56827576915902,-0.06205590526741833
705,2026-05-15T00:35:42.265Z,2026-05-15 00:35:42.265000+00:00,4609.574299999999,76.82623833333332,69.197,5,46,train,12,6,4.656740188598633,4.817472935,9.854090690612791,7.227663516998291,21.899227142611082,0.33004194485634825,0.6699580551436518,True,True,False,2.0454895800287027,0.3107972714914142,0.021998369639384473,0.04499743587498071,0.06699580551436518,0.04499743587498071,5.071046840728084,5.071046840728084,-0.4143066521294516,4.7280045838387,-0.07126439524006756,4.667471931505157,-0.010731742906524566
706,2026-05-15T00:36:51.251Z,2026-05-15 00:36:51.251000+00:00,4610.724066666667,76.84540111111112,68.986,5,46,train,12,7,4.271342277526856,7.934273242950439,5.7644147872924805,7.414055347442627,21.112743377685547,0.3511649440725302,0.6488350559274698,True,True,False,0.7265208306777352,-0.13875192917228932,0.03758049392736105,0.027303011665385932,0.06488350559274698,0.027303011665385932,4.621903887140725,4.621903887140725,-0.3505616096138686,4.278861630251341,-0.007519352724484563,4.31223890572855,-0.040896628201693375
707,2026-05-15T00:38:00.594Z,2026-05-15 00:38:00.594000+00:00,4611.879783333334,76.86466305555557,69.343,5,46,train,12,8,4.43895435333252,7.901021003723144,9.126389503479004,9.369085311889648,26.396495819091797,0.35493670736072735,0.6450632926392726,True,True,False,1.1550898927086055,0.06261578369843789,0.029932082871426336,0.03457424639250093,0.06450632926392727,0.03457424639250093,4.823022658468782,4.823022658468782,-0.3840683051362612,4.479980401579398,-0.04102604824687717,4.471306367677373,-0.0323520143448528
708,2026-05-15T00:39:09.675Z,2026-05-15 00:39:09.675000+00:00,4613.031133333334,76.88385222222223,69.081,5,46,train,12,9,4.499052047729492,5.040310382843018,6.680240154266357,4.038823605,15.759374142109376,0.25628071067925084,0.743719289320749,True,True,False,1.3253628540427955,0.12233479445010909,0.03198293496551492,0.042388993966559985,0.07437192893207491,0.042388993966559985,4.882646936962936,4.882646936962936,-0.38359488923344376,4.539604680073552,-0.0405526323440597,4.518463987962973,-0.01941194023348114
709,2026-05-15T00:40:18.755Z,2026-05-15 00:40:18.755000+00:00,4614.182466666666,76.90304111111111,69.08,5,47,train,13,0,4.865151405334473,1.975316882133484,9.042840003967283,2.9779391288757324,13.9960960149765,0.21276926977988672,0.7872307302201133,True,True,False,4.5779186548541855,0.660668071418073,0.014113341892051896,0.06460973112995944,0.07872307302201133,0.06460973112995944,5.420810269136909,5.420810269136909,-0.555658863802436,5.077768012247525,-0.21261660691305195,4.944104393368995,-0.07895298803452278
710,2026-05-15T00:41:27.792Z,2026-05-15 00:41:27.792000+00:00,4615.333083333333,76.92221805555555,69.037,5,47,train,13,1,4.413041114807129,8.425569534301758,8.869358063,8.593496322631836,25.888423919933594,0.33194358796075674,0.6680564120392433,True,True,False,1.0526716356551937,0.022292920983523052,0.03254570289933421,0.03425993830459012,0.06680564120392432,0.03425993830459012,4.782722046749614,4.782722046749614,-0.36968093194248475,4.43967978986023,-0.02663867505310069,4.439432087724178,-0.026390972917049282
711,2026-05-15T00:42:37.221Z,2026-05-15 00:42:37.221000+00:00,4616.490233333333,76.94150388888889,69.429,5,47,train,13,2,3.987945556640625,7.478182792663574,2.815561532974243,4.534917831420898,14.828662157058716,0.3058211039801857,0.6941788960198143,True,True,False,0.37650343820646276,-0.4242310534944187,0.05043059659366386,0.018987293008317575,0.06941788960198143,0.018987293008317575,4.33721622722829,4.33721622722829,-0.34927067058766514,3.9941739703389056,-0.006228413698280644,4.08707571876499,-0.0991301621243652
712,2026-05-15T00:43:46.576Z,2026-05-15 00:43:46.576000+00:00,4617.64615,76.96076916666667,69.355,5,47,train,13,3,4.393743515014648,9.093373299,9.670580863952637,4.453043460845947,23.216997623798584,0.19180100429012212,0.8081989957098779,True,True,False,1.063475626258092,0.02672754078043471,0.03916687870820488,0.041653020862782913,0.08081989957098779,0.041653020862782913,4.7870788157589645,4.7870788157589645,-0.3933353007443161,4.4440365588695805,-0.05029304385493205,4.442877913213457,-0.049134398198808604
713,2026-05-15T00:44:55.866Z,2026-05-15 00:44:55.866000+00:00,4618.8009833333335,76.9800163888889,69.29,5,47,train,13,4,4.301115989685059,9.923107147216797,7.318453311920166,3.4484870433807373,20.6900475025177,0.16667371319283356,0.8333262868071665,True,True,False,0.7375163044543789,-0.13222837418871922,0.047960775082847386,0.03537185359786926,0.08333262868071664,0.03537185359786926,4.628273663128149,4.628273663128149,-0.3271576734430903,4.285231406238765,0.015884583446293732,4.317276844717593,-0.016160855032534727
714,2026-05-15T00:46:05.162Z,2026-05-15 00:46:05.162000+00:00,4619.955916666667,76.99926527777778,69.296,5,47,train,13,5,4.40587329864502,6.183122634887695,6.609888076782227,2.399478912353516,15.192489624023438,0.15793849275100313,0.8420615072489969,True,True,False,1.0690210217546952,0.02898624547285534,0.040698547689711796,0.04350760303518789,0.08420615072489969,0.04350760303518789,4.789321713528858,4.789321713528858,-0.38344841488383796,4.446279456639474,-0.040406157994453906,4.444651850341811,-0.03877855169679023
715,2026-05-15T00:47:14.461Z,2026-05-15 00:47:14.461000+00:00,4621.1109,77.018515,69.299,5,47,train,13,6,4.412489891052246,9.139994621276855,9.108685493469238,2.3578906059265137,20.606570720672607,0.11442421147547209,0.8855757885245279,True,True,False,0.9965744916594663,-0.0014902332329060136,0.04435475822334461,0.044202820629108186,0.0885575788524528,0.044202820629108186,4.758851552335023,4.758851552335023,-0.3463616612827769,4.415809295445639,-0.003319404393392844,4.420552602050517,-0.008062710998270717
716,2026-05-15T00:48:23.621Z,2026-05-15 00:48:23.621000+00:00,4622.2635666666665,77.03772611111111,69.16,5,47,train,13,7,4.572933197021484,3.940943479537964,6.500703335,4.372736930847168,14.814383745385133,0.2951683314001725,0.7048316685998275,True,True,False,1.6495297049431783,0.21736014078269533,0.026602142534383973,0.04388102432559877,0.07048316685998274,0.04388102432559877,4.977636208710095,4.977636208710095,-0.40470301168861056,4.634593951820711,-0.0616607547992265,4.593592243119929,-0.020659046098444378
717,2026-05-15T00:49:32.812Z,2026-05-15 00:49:32.812000+00:00,4623.41675,77.05694583333334,69.191,5,47,train,13,8,4.034259796142578,8.707241058,3.57396936416626,3.877334356307984,16.158544778474244,0.2399556649106924,0.7600443350893076,True,True,False,0.41045944867721157,-0.3867297425290516,0.053886294696533756,0.022118138812397,0.07600443350893075,0.022118138812397,4.3744389785198905,4.3744389785198905,-0.3401791823773124,4.031396721630506,0.002863074512071684,4.116515678723025,-0.08225588258044692
718,2026-05-15T00:50:42.103Z,2026-05-15 00:50:42.103000+00:00,4624.571599999999,77.07619333333332,69.291,5,47,train,13,9,4.757637023925781,2.243337392807007,7.889118671417236,1.087640404701233,11.220096468925476,0.09693681402058335,0.9030631859794166,True,True,False,3.516688437821592,0.5461338935576078,0.019993922503429656,0.07031239609451201,0.09030631859794166,0.07031239609451201,5.30627166574774,5.30627166574774,-0.548634641821959,4.963229408858356,-0.20559238493257492,4.853514316590139,-0.0958772926643574
719,2026-05-15T00:51:51.001Z,2026-05-15 00:51:51.001000+00:00,4625.7199,77.09533166666667,68.898,5,48,train,14,0,4.517247200012207,2.5839643478393555,4.507430553436279,8.784240723,15.875635624275635,0.5533158439066154,0.4466841560933846,True,True,False,1.7443857370575864,0.2416425270139377,0.01627628908217182,0.02839212652716664,0.04466841560933846,0.02839212652716664,5.002060341303488,5.002060341303488,-0.48481314129128084,4.659018084414104,-0.14177088440189678,4.612909608457226,-0.09566240844501905
720,2026-05-15T00:53:00.144Z,2026-05-15 00:53:00.144000+00:00,4626.872283333333,77.11453805555556,69.143,5,48,train,14,1,4.700848579406738,4.326951026916504,9.656910896,7.605649948120117,21.58951187103662,0.35228447931347007,0.6477155206865299,True,True,False,2.2318049906106197,0.34865624438665116,0.020041912261672387,0.0447296398069806,0.06477155206865298,0.0447296398069806,5.108900442671295,5.108900442671295,-0.4080518632645571,4.765858185781911,-0.06500960637517306,4.69741083947962,0.0034377399271185993
721,2026-05-15T00:54:09.321Z,2026-05-15 00:54:09.321000+00:00,4628.025233333334,77.13375388888889,69.177,5,48,train,14,2,4.550328254699707,3.693356275558472,6.240413188934326,2.073237657546997,12.007007122039795,0.17266897874503698,0.827331021254963,True,True,False,1.6896320645347744,0.22779214263779918,0.030760007369188862,0.051973094756307445,0.08273310212549631,0.051973094756307445,4.988023176973369,4.988023176973369,-0.43769492227366236,4.644980920083985,-0.0946526653842783,4.601807431926383,-0.05147917722667561
722,2026-05-15T00:55:18.350Z,2026-05-15 00:55:18.350000+00:00,4629.175716666667,77.15292861111111,69.029,5,48,train,14,3,3.8991775512695312,1.8943029642105105,1.783003568649292,6.313404560089111,9.990711092948914,0.6319274475412352,0.3680725524587648,True,True,False,0.9412451980153002,-0.02629722644147099,0.018960642006227584,0.0178466132396489,0.03680725524587648,0.0178466132396489,4.734573155600494,4.734573155600494,-0.8353956043309632,4.39153089871111,-0.4923533474415791,4.4013505011066485,-0.5021729498371172
723,2026-05-15T00:56:27.724Z,2026-05-15 00:56:27.724000+00:00,4630.331950000001,77.17219916666667,69.374,5,48,train,14,4,4.2476348876953125,4.864665985107422,4.173658371,5.718749046325684,14.757073402433106,0.38752596062731465,0.6124740393726854,True,True,False,0.8579537390187,-0.06653612873701485,0.03296497789531459,0.02828242604195395,0.061247403937268546,0.02828242604195395,4.694040941141077,4.694040941141077,-0.4464060534457648,4.350998684251693,-0.10336379655638073,4.369293043522502,-0.12165815582718942
724,2026-05-15T00:57:37.029Z,2026-05-15 00:57:37.029000+00:00,4631.487033333334,77.19145055555556,69.305,5,48,train,14,5,4.767010688781738,2.1905856132507324,7.364757061004639,1.1226078271865845,10.677950501441956,0.10513326757180481,0.8948667324281951,True,True,False,3.362003756646454,0.5265981943770731,0.020515038096073912,0.0689716351467456,0.08948667324281952,0.0689716351467456,5.286740083238968,5.286740083238968,-0.5197293944572294,4.943697826349584,-0.17668713756784538,4.838066532989439,-0.0710558442077005
725,2026-05-15T00:58:46.328Z,2026-05-15 00:58:46.328000+00:00,4632.642016666667,77.21070027777778,69.299,5,48,train,14,6,4.470932960510254,6.961555004119873,8.410897254943848,4.193567276000977,19.566019535064697,0.21432909583298695,0.785670904167013,True,True,False,1.20819231478689,0.08213606889033462,0.03557982241428266,0.042987268002418644,0.0785670904167013,0.042987268002418644,4.842456702110971,4.842456702110971,-0.37152374160071666,4.4994144452215865,-0.028481484711332605,4.486677006515073,-0.015744046004819268
726,2026-05-15T00:59:55.564Z,2026-05-15 00:59:55.564000+00:00,4633.79595,77.22993249999999,69.236,5,48,train,14,7,4.713529586791992,3.230489015579224,8.379723549,3.112520217895508,14.722732782474731,0.21140913605390638,0.7885908639460937,True,True,False,2.593948937324438,0.41396142261294205,0.021942183311407043,0.056916903083202325,0.07885908639460937,0.056916903083202325,5.174145039766348,5.174145039766348,-0.4606154529743556,4.831102782876964,-0.11757319608497152,4.749013643122721,-0.03548405633072882
727,2026-05-15T01:01:04.785Z,2026-05-15 01:01:04.785000+00:00,4634.949633333334,77.24916055555556,69.221,5,48,train,14,8,3.699035645,7.117587089538574,1.3675847053527832,6.172279357910156,14.657451152801514,0.4211018200616984,0.5788981799383016,True,True,False,0.1921416188026499,-0.7163785546664342,0.04855951430667517,0.009330303687155003,0.057889817993830174,0.009330303687155003,4.048564304432416,4.048564304432416,-0.34952865943241607,3.7055220475430315,-0.006486402543031566,3.8587771445314973,-0.1597414995314974
728,2026-05-15T01:02:13.913Z,2026-05-15 01:02:13.913000+00:00,4636.101766666668,77.2683627777778,69.128,5,48,train,14,9,4.719042778015137,3.4632859230041504,9.638237953186035,7.593172073364258,20.694695949554443,0.36691392286571567,0.6330860771342843,True,True,False,2.7829749456047104,0.44450929651205195,0.016735137986304723,0.04657346972712371,0.06330860771342843,0.04657346972712371,5.204729431852629,5.204729431852629,-0.485686653837492,4.861687174963245,-0.14264439694810793,4.773203238118192,-0.05416046010305564
729,2026-05-15T01:03:23.439Z,2026-05-15 01:03:23.439000+00:00,4637.260533333333,77.28767555555555,69.526,5,49,train,15,0,4.064584732055664,7.889843940734863,3.575603485107422,9.000218391418457,20.465665817260742,0.4397715897338494,0.5602284102661506,True,True,False,0.45319064761810596,-0.3437190611426187,0.03855161132397936,0.017471229702635708,0.05602284102661506,0.017471229702635708,4.417660878989442,4.417660878989442,-0.35307614693377776,4.074618622100058,-0.0100338900443937,4.150700444087773,-0.08611571203210922
730,2026-05-15T01:04:32.618Z,2026-05-15 01:04:32.618000+00:00,4638.4135166666665,77.30689194444444,69.179,5,49,train,15,1,4.723454475402832,3.227600098,8.769061088562012,2.7885570526123047,14.785218239174316,0.18860438902578094,0.8113956109742191,True,True,False,2.716898259482582,0.43407337556452263,0.02182991177937625,0.05930964931804566,0.0811395610974219,0.05930964931804566,5.194247366018998,5.194247366018998,-0.470792890616166,4.851205109129614,-0.12775063372678197,4.764912835401797,-0.0414583599989653
731,2026-05-15T01:05:41.752Z,2026-05-15 01:05:41.752000+00:00,4639.56575,77.32609583333333,69.134,5,49,train,15,2,4.547571182250977,4.153491973876953,6.712915420532227,2.1483588218688965,13.014766216278076,0.16507087305047863,0.8349291269495214,True,True,False,1.6162100379036621,0.20849779973996774,0.03191368868909853,0.05157922400585361,0.08349291269495214,0.05157922400585361,4.968734521300777,4.968734521300777,-0.42116333904980063,4.625692264411393,-0.07812108216041658,4.586551782331948,-0.03898060008097115
732,2026-05-15T01:06:50.871Z,2026-05-15 01:06:50.871000+00:00,4640.717733333334,77.34529555555557,69.119,5,49,train,15,3,4.257007598876953,2.058003187179565,2.038094282150269,6.040048599243164,10.136146068572998,0.5958920242842853,0.40410797571571466,True,True,False,0.9903261058324304,-0.004221772429846185,0.020303606254850448,0.02010719131672102,0.04041079757157147,0.02010719131672102,4.756531254153784,4.756531254153784,-0.49952365527683096,4.4134889972644,-0.1564813983874469,4.418717447926329,-0.1617098490493758
733,2026-05-15T01:08:00.281Z,2026-05-15 01:08:00.281000+00:00,4641.874566666666,77.3645761111111,69.41,5,49,train,15,4,4.148941993713379,1.5332051515579224,1.338006854057312,6.814852237701416,9.68606424331665,0.7035728926125634,0.2964271073874366,True,True,False,0.872686119465314,-0.059141931661972014,0.0158289797903811,0.01381373094836256,0.02964271073874366,0.01381373094836256,4.702027196647479,4.702027196647479,-0.5530852029341,4.358984939758095,-0.21004294604471596,4.375609477267048,-0.22666748355366906
734,2026-05-15T01:09:09.457Z,2026-05-15 01:09:09.457000+00:00,4643.0275,77.38379166666667,69.176,5,49,train,15,5,3.7514142990112314,7.951995849609375,1.652266263961792,1.151108980178833,10.75537109375,0.10702643080792891,0.892973569192071,True,True,False,0.20778007121859302,-0.6823961092083112,0.07393511372406593,0.015362243195141193,0.08929735691920712,0.015362243195141193,4.080434984193641,4.080434984193641,-0.32902068518240934,3.737392727304256,0.014021571706975156,3.8839840812422053,-0.13256978223097393
735,2026-05-15T01:10:18.751Z,2026-05-15 01:10:18.751000+00:00,4644.182400000001,77.40304,69.294,5,49,train,15,6,4.359007835388184,6.619947910308838,6.932364463806152,3.645730495452881,17.19804286956787,0.21198519640301872,0.7880148035969813,True,True,False,1.0471932041958831,0.0200268151796316,0.038492449172939966,0.040309031186758174,0.07880148035969814,0.040309031186758174,4.7803925249699395,4.7803925249699395,-0.4213846895817559,4.437350268080555,-0.07834243269237184,4.43758963853557,-0.07858180314738661
736,2026-05-15T01:11:27.774Z,2026-05-15 01:11:27.774000+00:00,4645.332783333333,77.42221305555556,69.023,5,49,train,15,7,4.746059417724609,2.933581113815308,8.892245292663574,7.400453567504883,19.226279973983765,0.38491344022446783,0.6150865597755322,True,True,False,3.031191212265014,0.4816133332044054,0.015258183682880481,0.04625047229467274,0.06150865597755322,0.04625047229467274,5.241830200296215,5.241830200296215,-0.495770782571606,4.898787943406831,-0.15272852568222195,4.802546720249186,-0.05648730252457668
737,2026-05-15T01:12:37.050Z,2026-05-15 01:12:37.050000+00:00,4646.487383333334,77.4414563888889,69.276,5,49,train,15,8,4.494090080261231,4.055516242980957,6.043869972229004,5.259434223175049,15.35882043838501,0.34243737950282865,0.6575626204971713,True,True,False,1.4902837543036278,0.17326896720125765,0.0264051283055914,0.039351133744125744,0.06575626204971714,0.039351133744125744,4.9335892140886655,4.9335892140886655,-0.4394991338274341,4.590546957199281,-0.09645687693805005,4.558754900018445,-0.06466481975721372
738,2026-05-15T01:13:46.234Z,2026-05-15 01:13:46.234000+00:00,4647.640450000001,77.46067416666668,69.184,5,49,train,15,9,3.8688535690307617,4.657606125,1.4004971981048584,4.148589134216309,10.206692457321168,0.40645773854394557,0.5935422614560544,True,True,False,0.30069034618182927,-0.5218805149233032,0.04563286436302038,0.013721361782585057,0.05935422614560544,0.013721361782585057,4.240482370911627,4.240482370911627,-0.3716288018808651,3.8974401140222423,-0.02858654499148061,4.010567648895596,-0.1417140798648342
739,2026-05-15T01:14:55.539Z,2026-05-15 01:14:55.539000+00:00,4648.795533333334,77.47992555555557,69.305,5,50,train,16,0,4.860740661621094,2.039508343,9.044146537780762,8.553600311279297,19.63725519206006,0.4355802390721987,0.5644197609278012,True,True,False,4.434473910745243,0.6468421041648912,0.010385913525351727,0.04605606256742839,0.05644197609278012,0.04605606256742839,5.407042732727435,5.407042732727435,-0.5463020711063411,5.064000475838051,-0.20325981421695705,4.933215469080716,-0.07247480745962243
740,2026-05-15T01:16:04.815Z,2026-05-15 01:16:04.815000+00:00,4649.950133333333,77.49916888888887,69.276,5,50,train,16,1,4.822146415710449,2.79013466835022,9.908740043640137,8.287394523620605,20.986269235610962,0.39489603562113734,0.6051039643788626,True,True,False,3.551348311620772,0.5503932694281906,0.013295048476818956,0.047215347961067314,0.06051039643788627,0.047215347961067314,5.310597925611784,5.310597925611784,-0.4884515099013349,4.9675556687224,-0.14540925301195085,4.856936011998083,-0.03478959628763345
741,2026-05-15T01:17:14.006Z,2026-05-15 01:17:14.006000+00:00,4651.103316666667,77.5183886111111,69.191,5,50,train,16,2,4.977627754211426,1.705196976661682,9.764240264892578,2.522738456726074,13.992175698280334,0.18029636785050687,0.8197036321494932,True,True,False,5.726165597600542,0.7578639034278442,0.0121867893416408,0.06978357387330851,0.08197036321494931,0.06978357387330851,5.517990789078807,5.517990789078807,-0.5403630348673811,5.174948532189423,-0.19732077797799707,5.0209657353310035,-0.04333798111957776
742,2026-05-15T01:18:22.720Z,2026-05-15 01:18:22.720000+00:00,4652.24855,77.53747583333333,68.714,5,50,train,16,3,4.121373176574707,6.0290398597717285,3.0965070724487305,4.719962120056152,13.845509052276611,0.340902028393102,0.659097971606898,True,True,False,0.5135987063396145,-0.2893760788455007,0.04354509348127129,0.022364703679418514,0.0659097971606898,0.022364703679418514,4.471615787360733,4.471615787360733,-0.3502426107860259,4.128573530471349,-0.0072003538966418645,4.193374085526758,-0.07200090895205058
743,2026-05-15T01:19:31.754Z,2026-05-15 01:19:31.754000+00:00,4653.3991166666665,77.55665194444444,69.034,5,50,train,16,4,4.215104103088379,1.0728204250335691,1.3194022178649902,9.344726563,11.73694920589856,0.796180199732285,0.2038198002677149,True,True,False,1.229844424171646,0.08985017648237557,0.009140539046504598,0.011241440980266892,0.02038198002677149,0.011241440980266892,4.8510641648661865,4.8510641648661865,-0.6359600617778076,4.5080219079768025,-0.29291780488842356,4.493484761182875,-0.2783806580944965
744,2026-05-15T01:20:40.770Z,2026-05-15 01:20:40.770000+00:00,4654.549383333333,77.57582305555555,69.016,5,50,train,16,5,3.826950073242188,6.437691688537598,1.6673561334609983,3.693315744400024,11.79836356639862,0.3130362718198034,0.6869637281801966,True,True,False,0.25899906583438126,-0.5867018023423198,0.05456427624312195,0.014132096574897708,0.06869637281801966,0.014132096574897708,4.175874341490059,4.175874341490059,-0.3489242682478708,3.8328320846006743,-0.0058820113584863165,3.9594683149361605,-0.13251824169397253
745,2026-05-15T01:21:49.958Z,2026-05-15 01:21:49.958000+00:00,4655.702516666667,77.59504194444445,69.188,5,50,train,16,6,4.4885759353637695,7.120830059051514,9.731969833374023,1.0208641290664673,17.873664021492004,0.05711554876711007,0.9428844512328899,True,True,False,1.3666903651216065,0.13567013274566578,0.0398397891472568,0.0544486559760322,0.09428844512328899,0.0544486559760322,4.895910018421253,4.895910018421253,-0.4073340830574832,4.552867761531869,-0.06429182616809914,4.528953932244472,-0.04037799688070276
746,2026-05-15T01:22:59.400Z,2026-05-15 01:22:59.400000+00:00,4656.8598833333335,77.61433138888889,69.442,5,50,train,16,7,4.657842636108398,1.355652093887329,4.21019458770752,6.206289291381836,11.772135972976685,0.5272016315160284,0.4727983684839717,True,True,False,3.1056600780476042,0.4921539194199283,0.011515769924840082,0.035764066923557096,0.04727983684839718,0.035764066923557096,5.252432711558478,5.252432711558478,-0.5945900754500792,4.909390454669094,-0.2515478185606952,4.81093238482756,-0.1530897487191618
747,2026-05-15T01:24:08.696Z,2026-05-15 01:24:08.696000+00:00,4658.014816666667,77.63358027777778,69.296,5,50,train,16,8,4.175957679748535,4.841530799865723,3.1150059700012207,1.7374950647354126,9.694031834602356,0.17923348039084336,0.8207665196091567,True,True,False,0.6433927819043542,-0.19152381567012752,0.04994341758383879,0.03213323437707688,0.08207665196091567,0.03213323437707688,4.569075182047427,4.569075182047427,-0.39311750229889153,4.226032925158043,-0.050075245409507474,4.270455993165274,-0.09449831341673853
748,2026-05-15T01:25:17.755Z,2026-05-15 01:25:17.755000+00:00,4659.1658,77.65276333333333,69.059,5,50,train,16,9,4.431235313415527,7.044685363769531,8.170198440551758,4.353118896484375,19.568002700805664,0.22246107398100196,0.777538926018998,True,True,False,1.1597676856614043,0.06437100393414108,0.03600104451886387,0.041752848083035934,0.0777538926018998,0.041752848083035934,4.824707345334441,4.824707345334441,-0.3934720319189138,4.481665088445057,-0.05042977502952972,4.472638808513847,-0.04140349509831953
749,2026-05-15T01:26:27.126Z,2026-05-15 01:26:27.126000+00:00,4660.321983333333,77.67203305555556,69.371,5,51,train,17,0,4.107038497924805,9.732174873,4.929239273071289,8.326600074768066,22.988014220839354,0.3622148479106013,0.6377851520893988,True,True,False,0.5064889747045639,-0.2954300039603328,0.04233586589735741,0.021442649311582466,0.06377851520893987,0.021442649311582466,4.465613954796516,4.465613954796516,-0.3585754568717112,4.122571697907132,-0.015533199982327162,4.188627157794813,-0.0815886598700084
750,2026-05-15T01:27:36.520Z,2026-05-15 01:27:36.520000+00:00,4661.47855,77.69130916666667,69.394,5,51,train,17,1,4.467073440551758,6.604974269866943,8.684326172,6.922669887542725,22.211970329409667,0.3116639264719705,0.6883360735280296,True,True,False,1.3148160488102774,0.11886499649508007,0.029736102524509745,0.03909750482829322,0.06883360735280296,0.03909750482829322,4.879204564301482,4.879204564301482,-0.4121311237497238,4.536162307412098,-0.06908886686033977,4.515741370483144,-0.048667929931386134
751,2026-05-15T01:28:45.699Z,2026-05-15 01:28:45.699000+00:00,4662.631533333333,77.71052555555555,69.179,5,51,train,17,2,3.893113136291504,8.231775283813477,2.360337257385254,5.895820140838623,16.487932682037354,0.3575839527330056,0.6424160472669944,True,True,False,0.286734899338967,-0.5425194445912844,0.0499260607291387,0.01431554399756074,0.06424160472669944,0.01431554399756074,4.219830099564136,4.219830099564136,-0.32671696327263167,3.876787842674751,0.016325293616752834,3.9942334978612037,-0.10112036156969983
752,2026-05-15T01:29:55.079Z,2026-05-15 01:29:55.079000+00:00,4663.787866666667,77.72979777777778,69.38,5,51,train,17,3,4.559149742126465,4.960491180419922,8.309014320373535,2.227839946746826,15.497345447540283,0.14375622936768348,0.8562437706323165,True,True,False,1.6750386238304227,0.22402482565526902,0.03200865075384406,0.05361572630938759,0.08562437706323164,0.05361572630938759,4.984249518567492,4.984249518567492,-0.42509977644102737,4.641207261678108,-0.08205751955164331,4.598822796226189,-0.039673054099724325
753,2026-05-15T01:31:04.038Z,2026-05-15 01:31:04.038000+00:00,4664.937183333333,77.74895305555556,68.959,5,51,train,17,4,4.495744705200195,5.664956092834473,7.566265583,4.502905368804932,17.734127044639404,0.253911870455786,0.746088129544214,True,True,False,1.3356265183715137,0.12568503322456576,0.03194381137890208,0.04266500157551932,0.0746088129544214,0.04266500157551932,4.885994135045409,4.885994135045409,-0.3902494298452135,4.542951878156025,-0.047207172955829435,4.521111330625734,-0.025366625425538913
754,2026-05-15T01:32:13.100Z,2026-05-15 01:32:13.100000+00:00,4666.088216666667,77.76813694444445,69.062,5,51,train,17,5,5.016223907470703,1.1172382831573486,8.854835510253906,7.596809864044189,17.568883657455444,0.4324013985271309,0.567598601472869,True,True,False,7.925646340393812,0.8990346892646102,0.006359187669179213,0.05040067247810769,0.05675986014728691,0.05040067247810769,5.6592030164131,5.6592030164131,-0.6429791089423968,5.316160759523716,-0.2999368520530128,5.132652329525469,-0.11642842205476622
755,2026-05-15T01:33:22.439Z,2026-05-15 01:33:22.439000+00:00,4667.243866666667,77.78739777777778,69.339,5,51,train,17,6,4.484165191650391,5.387366295,7.028181076049805,2.6624906063079834,15.078037977357788,0.1765807070061875,0.8234192929938126,True,True,False,1.3045671467656916,0.11546643737976311,0.03572988941326476,0.0466120398861165,0.08234192929938125,0.0466120398861165,4.875752289517386,4.875752289517386,-0.39158709786699575,4.532710032628002,-0.04854484097761169,4.5130109212852405,-0.02884572963484988
756,2026-05-15T01:34:31.834Z,2026-05-15 01:34:31.834000+00:00,4668.40045,77.80667416666667,69.395,5,51,train,17,7,4.177612305,9.154090881347656,5.143506050109863,7.11618185,21.41377878145752,0.33231789319510474,0.6676821068048953,True,True,False,0.5618805970771225,-0.2503559647512127,0.04274860114495209,0.02401960953553744,0.06676821068048953,0.02401960953553744,4.5105154474164415,4.5105154474164415,-0.33290314241644126,4.1674731905270574,0.0101391144729428,4.224140334519203,-0.04652802951920254
757,2026-05-15T01:35:40.930Z,2026-05-15 01:35:40.930000+00:00,4669.55205,77.8258675,69.096,5,51,train,17,8,4.625312805175781,4.829179763793945,9.014965057373049,4.960478782653809,18.8046236038208,0.26379037874737987,0.7362096212526202,True,True,False,1.866769409778738,0.2710906756108343,0.025680810557743537,0.047940151567518484,0.07362096212526202,0.047940151567518484,5.031332294977897,5.031332294977897,-0.4060194898021159,4.688290038088513,-0.06297723291273183,4.636061178778212,-0.010748373602431194
758,2026-05-15T01:36:49.895Z,2026-05-15 01:36:49.895000+00:00,4670.701466666666,77.84502444444443,68.965,5,51,train,17,9,4.278510093688965,2.045252561569214,2.0637545585632324,5.834568023681641,9.943575143814087,0.5867676302834935,0.4132323697165064,True,True,False,1.0090463140551322,0.003911100307245616,0.02056858355258238,0.020754653419068264,0.04132323697165065,0.020754653419068264,4.764633889930063,4.764633889930063,-0.486123796241098,4.421591633040679,-0.14308153935171397,4.425125928345723,-0.14661583465675854
759,2026-05-15T01:37:59.180Z,2026-05-15 01:37:59.180000+00:00,4671.856216666667,77.86427027777778,69.285,5,52,train,18,0,4.865151405334473,2.222325325012207,9.451854705810549,2.481970787,14.156150817822756,0.17532808310258818,0.8246719168974118,True,True,False,4.253137287970486,0.6287094016290727,0.015698655330898807,0.06676853635884238,0.08246719168974118,0.06676853635884238,5.388848898721972,5.388848898721972,-0.5236974933874992,5.045806641832588,-0.1806552364981151,4.918825728236254,-0.05367432290178176
760,2026-05-15T01:39:08.443Z,2026-05-15 01:39:08.443000+00:00,4673.0106,77.88350999999999,69.263,5,52,train,18,1,4.580652236938477,4.057123184204102,6.602071285247803,6.656601428985596,17.3157958984375,0.3844236480972993,0.6155763519027008,True,True,False,1.627278982051158,0.21146201512423307,0.023430185987409324,0.03812744920286076,0.06155763519027008,0.03812744920286076,4.971781368396538,4.971781368396538,-0.3911291314580616,4.628739111507154,-0.04808687456867755,4.5889615734780875,-0.008309336539610968
761,2026-05-15T01:40:17.797Z,2026-05-15 01:40:17.797000+00:00,4674.1665,77.902775,69.354,5,52,train,18,2,4.913671493530273,1.4525798559188845,7.722254276275635,8.20134449,17.37617862219452,0.4719878097664384,0.5280121902335616,True,True,False,5.316233902604019,0.7256040806934727,0.008359604764096466,0.0444416142592597,0.05280121902335617,0.0444416142592597,5.485805601889944,5.485805601889944,-0.5721341083596707,5.14276334500056,-0.22909185147028666,4.995510050589726,-0.0818385570594522
762,2026-05-15T01:41:27.298Z,2026-05-15 01:41:27.298000+00:00,4675.32485,77.92208083333334,69.501,5,52,train,18,3,4.331991195678711,8.845995903015137,7.496705055236816,4.0699872970581055,20.41268825531006,0.19938516897691605,0.800614831023084,True,True,False,0.8474687460211894,-0.07187630926744142,0.04333577132210395,0.03672571178020445,0.0800614831023084,0.03672571178020445,4.6885711833472135,4.6885711833472135,-0.3565799876685025,4.345528926457829,-0.013537730779118462,4.36496694067293,-0.032975744994218736
763,2026-05-15T01:42:36.720Z,2026-05-15 01:42:36.720000+00:00,4676.481883333333,77.94136472222222,69.422,5,52,train,18,4,4.459354400634766,4.384469509124756,5.961052417755127,2.483749866485596,12.829271793365479,0.19360022193699575,0.8063997780630043,True,True,False,1.359583503853604,0.13340588654590396,0.0341755134643896,0.04646446434191083,0.08063997780630043,0.04646446434191083,4.893687589808349,4.893687589808349,-0.4343331891735831,4.550645332918965,-0.09129093228419904,4.527196184439617,-0.06784178380485173
764,2026-05-15T01:43:45.779Z,2026-05-15 01:43:45.779000+00:00,4677.632866666667,77.96054777777778,69.059,5,52,train,18,5,4.266380310058594,4.184394836425781,3.332782745361328,2.444040298461914,9.961217880249023,0.24535557075886535,0.7546444292411346,True,True,False,0.7964790311729087,-0.09882565334153338,0.042006859871246735,0.03345758305286674,0.07546444292411347,0.03345758305286674,4.661682496182333,4.661682496182333,-0.3953021861237396,4.318640239292949,-0.05225992923435552,4.343700326949059,-0.0773200168904653
765,2026-05-15T01:44:55.340Z,2026-05-15 01:44:55.340000+00:00,4678.792216666667,77.97987027777778,69.561,5,52,train,18,6,4.2217206954956055,5.881371021270752,3.986451387405396,5.947376251220703,15.81519865989685,0.3760544764007089,0.6239455235992911,True,True,False,0.6778098802112416,-0.16889210488496628,0.037188094489033194,0.025206457870895923,0.06239455235992912,0.025206457870895923,4.591847653707731,4.591847653707731,-0.3701269582121256,4.248805396818347,-0.027084701322741545,4.2884670383073376,-0.06674634281173208
766,2026-05-15T01:46:04.695Z,2026-05-15 01:46:04.695000+00:00,4679.948133333333,77.99913555555555,69.355,5,52,train,18,7,4.343569755554199,7.453927993774414,7.062913417816162,1.7887964248657229,16.3056378364563,0.10970416752825915,0.8902958324717408,True,True,False,0.9475424801145341,-0.02340131068360762,0.04571380812291103,0.04331577512426306,0.08902958324717408,0.04331577512426306,4.736956498027511,4.736956498027511,-0.39338674247331173,4.393914241138127,-0.05034448558392768,4.403235517747895,-0.05966576219369557
767,2026-05-15T01:47:13.927Z,2026-05-15 01:47:13.927000+00:00,4681.102,78.01836666666667,69.232,5,52,train,18,8,4.364521026611328,1.684970140457153,2.1892099380493164,1.2077327966690063,5.081912875175476,0.23765318814665903,0.762346811853341,True,True,False,1.2992574084757116,0.11369520188585168,0.03315621857053132,0.04307846261480278,0.07623468118533411,0.04307846261480278,4.87400503182147,4.87400503182147,-0.5094840052101421,4.530962774932086,-0.1664417483207581,4.5116289923622235,-0.14710796575089535
768,2026-05-15T01:48:23.135Z,2026-05-15 01:48:23.135000+00:00,4682.2554666666665,78.03759111111111,69.208,5,52,train,18,9,4.710221290588379,1.9448988437652588,5.994935989379883,3.326789379119873,11.266624212265015,0.29527827647772975,0.7047217235222702,True,True,False,3.0823896104405555,0.4888875321663964,0.01726248082054617,0.053209691531680856,0.07047217235222702,0.053209691531680856,5.249075254582889,5.249075254582889,-0.5388539639945105,4.906032997693505,-0.1958117071051264,4.808276928272299,-0.09805563768392034
769,2026-05-15T01:49:32.354Z,2026-05-15 01:49:32.354000+00:00,4683.409116666667,78.05681861111111,69.219,5,53,train,19,0,4.019372940063477,4.74005127,2.1933274269104004,7.856081485748291,14.789460182658692,0.5311946067483856,0.4688053932516144,True,True,False,0.4627223002400985,-0.33467956979372326,0.03205019798868605,0.01483034133647539,0.04688053932516144,0.01483034133647539,4.42692211140519,4.42692211140519,-0.40754917134171365,4.083879854515806,-0.06450691445232959,4.158025273715379,-0.1386523336519021
770,2026-05-15T01:50:41.578Z,2026-05-15 01:50:41.578000+00:00,4684.56285,78.0760475,69.224,5,53,train,19,1,4.110898017883301,7.094471454620361,3.580770492553711,2.1966326236724854,12.871874570846558,0.17065366909708918,0.8293463309029108,True,True,False,0.5047268870497309,-0.2969435595692461,0.055116070433816944,0.027818562656474137,0.08293463309029109,0.027818562656474137,4.463863507444965,4.463863507444965,-0.3529654895616643,4.120821250555581,-0.009923232672280236,4.187242706131512,-0.07634468824821106
771,2026-05-15T01:51:50.941Z,2026-05-15 01:51:50.941000+00:00,4685.718900000001,78.09531500000001,69.363,5,53,train,19,2,4.386023521,9.614319801330566,9.61400032,6.124859333,25.35317945433057,0.24158150830876615,0.7584184916912339,True,True,False,0.999966770261738,-1.4431731744951509e-05,0.03792155464622938,0.037920294522894,0.07584184916912337,0.037920294522894,4.7603832519384115,4.7603832519384115,-0.37435973093841124,4.417340995049027,-0.03131747404902718,4.421764043263936,-0.03574052226393576
772,2026-05-15T01:53:00.464Z,2026-05-15 01:53:00.464000+00:00,4686.877616666667,78.11462694444444,69.523,5,53,train,19,3,4.137363433837891,2.524498701095581,1.7730813026428225,5.805668354034424,10.103248357772827,0.574633835420654,0.42536616457934595,True,True,False,0.7023498573690456,-0.15344650143746105,0.024987000335920523,0.01754961612201408,0.042536616457934606,0.01754961612201408,4.607593118432711,4.607593118432711,-0.4702296845948206,4.264550861543327,-0.12718742770543656,4.300920331923188,-0.1635568980852975
773,2026-05-15T01:54:09.830Z,2026-05-15 01:54:09.830000+00:00,4688.033716666667,78.13389527777778,69.366,5,53,train,19,4,4.745508193969727,1.7785868644714355,6.262638568878174,5.761371136,13.80259656934961,0.41741212293300267,0.5825878770669973,True,True,False,3.521131688296438,0.5466822677373232,0.01288588603988477,0.04537290166681496,0.058258787706699726,0.04537290166681496,5.306895680422922,5.306895680422922,-0.5613874864531958,4.963853423533538,-0.21834522956381175,4.854007857943563,-0.10849966397383604
774,2026-05-15T01:55:18.863Z,2026-05-15 01:55:18.863000+00:00,4689.184266666666,78.1530711111111,69.033,5,53,train,19,5,4.3799591064453125,7.065398693084717,6.815913200378418,6.659376621246338,20.540688514709473,0.324204157834216,0.675795842165784,True,True,False,0.9646891133050307,-0.015612622541588676,0.03439708794583534,0.03318249627074306,0.06757958421657839,0.03318249627074306,4.744850072749066,4.744850072749066,-0.3648909663037534,4.401807815859682,-0.02184870941436934,4.409478649049712,-0.029519542604399263
775,2026-05-15T01:56:28.382Z,2026-05-15 01:56:28.382000+00:00,4690.3429166666665,78.17238194444444,69.519,5,53,train,19,6,4.543160438537598,4.009778976,7.001586437225342,8.872658729553223,19.884024142778564,0.44622047659178565,0.5537795234082143,True,True,False,1.746127773907841,0.24207602028177636,0.020165832364754308,0.03521211997606713,0.055377952340821435,0.03521211997606713,5.002412843383846,5.002412843383846,-0.4592524048462483,4.659370586494462,-0.11621014795686424,4.613188406954671,-0.07002796841707326
776,2026-05-15T01:57:37.471Z,2026-05-15 01:57:37.471000+00:00,4691.4944,78.19157333333332,69.089,5,53,train,19,7,4.286229133605957,1.0218379497528076,1.3900972604751587,2.324546813964844,4.73648202419281,0.49077496802302184,0.5092250319769782,True,True,False,1.3603891505609442,0.1336631596688713,0.021573774470873223,0.029348728726824605,0.050922503197697824,0.029348728726824605,4.8941088870216864,4.8941088870216864,-0.6078797534157294,4.551066630132302,-0.26483749652634536,4.5275293939058905,-0.24130026029993346
777,2026-05-15T01:58:46.713Z,2026-05-15 01:58:46.713000+00:00,4692.648433333334,78.21080722222223,69.242,5,53,train,19,8,4.587820053100586,4.506059646606445,7.862677097320557,6.358954906463623,18.727691650390625,0.33954824893387153,0.6604517510661285,True,True,False,1.744911899522238,0.2417735043512214,0.024060945314167737,0.041984229792445114,0.06604517510661286,0.041984229792445114,5.002056099658508,5.002056099658508,-0.4142360465579218,4.659013842769124,-0.07119378966853773,4.612906253684835,-0.025086200584248708
778,2026-05-15T01:59:56.200Z,2026-05-15 01:59:56.200000+00:00,4693.806549999999,78.23010916666665,69.487,5,53,train,19,9,4.695885658,3.864987134933472,9.484960556030272,3.106628894805908,16.456576585769653,0.18877734859462053,0.8112226514053793,True,True,False,2.4540729955608342,0.3898874765237453,0.023485973007749423,0.057636292132788515,0.08112226514053794,0.057636292132788515,5.150071680963109,5.150071680963109,-0.4541860229631087,4.807029424073725,-0.11114376607372467,4.7299737093555825,-0.03408805135558257
779,2026-05-15T02:01:05.311Z,2026-05-15 02:01:05.311000+00:00,4694.9584,78.24930666666667,69.111,5,54,train,20,0,4.647918701171875,1.699917912483215,4.482192993164063,7.649719238,13.831830143647279,0.553051849144734,0.44694815085526596,True,True,False,2.6367114319164635,0.421062602154474,0.012289898696189227,0.03240491638933737,0.04469481508552659,0.03240491638933737,5.181383576426558,5.181383576426558,-0.5334648752546833,4.838341319537174,-0.19042261836529928,4.754738696269974,-0.10681999509809881
780,2026-05-15T02:02:14.720Z,2026-05-15 02:02:14.720000+00:00,4696.115216666667,78.26858694444445,69.409,5,54,train,20,1,4.433992385864258,6.208259105682373,6.989808082580566,9.438173294067385,22.636240482330322,0.41694968302862623,0.5830503169713739,True,True,False,1.1258885886677712,0.051495417406363306,0.027426193455262562,0.030878838241874828,0.05830503169713739,0.030878838241874828,4.811956416020658,4.811956416020658,-0.37796403015640045,4.468914159131274,-0.0349217732670164,4.46255393204986,-0.02856154618560236
781,2026-05-15T02:03:24.044Z,2026-05-15 02:03:24.044000+00:00,4697.270616666667,78.28784361111111,69.324,5,54,train,20,2,4.6605987548828125,2.584700584411621,5.920713424682617,3.195745944976806,11.701159954071045,0.27311360220017744,0.7268863977998224,True,True,False,2.2906767075422794,0.3599637997795922,0.02208926802605033,0.05059937175393192,0.07268863977998224,0.05059937175393192,5.120177923248198,5.120177923248198,-0.45957916836538537,4.777135666358814,-0.11653691147600131,4.706330346101003,-0.045731591218190815
782,2026-05-15T02:04:33.417Z,2026-05-15 02:04:33.417000+00:00,4698.426833333333,78.30711388888888,69.373,5,54,train,20,3,3.915718078613281,6.591556072235107,2.2232565879821777,6.6599531173706055,15.47476577758789,0.43037505142832067,0.5696249485716793,True,True,False,0.3372885800588057,-0.4719983629359244,0.04259551431648588,0.014366980540682051,0.05696249485716793,0.014366980540682051,4.290072053525095,4.290072053525095,-0.3743539749118141,3.9470297966357104,-0.0313117180224296,4.049788776292527,-0.13407069767924584
783,2026-05-15T02:05:42.711Z,2026-05-15 02:05:42.711000+00:00,4699.581733333333,78.32636222222223,69.294,5,54,train,20,4,4.643507957458496,3.15656852722168,7.121514320373535,1.5559884309768677,11.834071278572083,0.13148378054763718,0.8685162194523628,True,True,False,2.25609368494898,0.35335712989091506,0.026673563585317164,0.06017805835991913,0.0868516219452363,0.06017805835991913,5.113538058690762,5.113538058690762,-0.47003010123226563,4.770495801801378,-0.12698784434288157,4.701078790535797,-0.0575708330773006
784,2026-05-15T02:06:51.820Z,2026-05-15 02:06:51.820000+00:00,4700.73355,78.34555916666666,69.109,5,54,train,20,5,4.416348457336426,8.734155654907227,9.325912475585938,4.951785087585449,23.011853218078613,0.2151841071059509,0.7848158928940491,True,True,False,1.0677520351204455,0.02847040785885894,0.03795502940217559,0.04052655988722933,0.07848158928940492,0.04052655988722933,4.7888307387393345,4.7888307387393345,-0.37248228140290873,4.4457884818499505,-0.029440024513524676,4.444263531970857,-0.027915074634431214
785,2026-05-15T02:08:00.818Z,2026-05-15 02:08:00.818000+00:00,4701.883516666667,78.36472527777778,68.998,5,54,train,20,6,4.403116226196289,7.301874638,7.8912248611450195,3.389267444610596,18.582366943755616,0.1823915895574067,0.8176084104425934,True,True,False,1.0807121804143223,0.03371004631093245,0.03929464238921247,0.04246619865504686,0.08176084104425933,0.04246619865504686,4.794051939357693,4.794051939357693,-0.3909357131614035,4.4510096824683085,-0.04789345627201946,4.4483930477052835,-0.04527682150899448
786,2026-05-15T02:09:10.115Z,2026-05-15 02:09:10.115000+00:00,4703.038466666667,78.38397444444445,69.297,5,54,train,20,7,4.639097213745117,3.855590581893921,7.502263546,1.2616844177246094,12.61953854561853,0.09997864923219897,0.900021350767801,True,True,False,1.9458143666060055,0.28910140561159553,0.03055254808213706,0.059449586994643054,0.09000213507678012,0.059449586994643054,5.049293504019629,5.049293504019629,-0.410196290274512,4.706251247130245,-0.06715403338512793,4.6502669335018245,-0.01116971975670733
787,2026-05-15T02:10:19.549Z,2026-05-15 02:10:19.549000+00:00,4704.1957,78.40326166666667,69.434,5,54,train,20,8,4.519452095031738,3.1253910064697266,5.0226240158081055,2.962446689605713,11.110461711883545,0.2666357858411172,0.7333642141588829,True,True,False,1.607038609060756,0.20602631080230807,0.028130163151787527,0.04520625826410076,0.07333642141588828,0.04520625826410076,4.96629697481429,4.96629697481429,-0.44684487978255216,4.623254717924906,-0.1038026228931681,4.584623894992405,-0.06517179996066691
788,2026-05-15T02:11:28.613Z,2026-05-15 02:11:28.613000+00:00,4705.346766666667,78.42244611111111,69.064,5,54,train,20,9,4.696989059448242,1.834064007,5.217957973480225,3.9903085231781006,11.042330503658325,0.3613647066492088,0.6386352933507913,True,True,False,2.845025011976163,0.4540860888384643,0.016609392432081024,0.0472541369029981,0.06386352933507913,0.0472541369029981,5.2143018020976335,5.2143018020976335,-0.5173127426493913,4.871259545208249,-0.17427048576000725,4.780774150717015,-0.08378509126877276
789,2026-05-15T02:12:37.991Z,2026-05-15 02:12:37.991000+00:00,4706.503066666667,78.44171777777778,69.378,5,55,train,21,0,4.343018531799316,3.730672836303711,3.6420857906341553,4.641317367553711,12.014075994491577,0.38632329025401063,0.6136767097459894,True,True,False,0.9762544051551499,-0.010436993442164722,0.031052515715850434,0.030315155258748505,0.06136767097459894,0.030315155258748505,4.75006637302362,4.75006637302362,-0.40704784122430393,4.407024116134236,-0.06400558433491987,4.413604289038249,-0.07058575723893235
790,2026-05-15T02:13:47.433Z,2026-05-15 02:13:47.433000+00:00,4707.6604333333335,78.46100722222222,69.442,5,55,train,21,1,4.209589958190918,6.200974464416504,4.269618988037109,3.392470359802246,13.86306381225586,0.24471288639695069,0.7552871136030493,True,True,False,0.6885400048875818,-0.16207082171468964,0.044730187701613515,0.03079852365869142,0.07552871136030494,0.03079852365869142,4.598529210319478,4.598529210319478,-0.3889392521285604,4.255486953430094,-0.04589699523917634,4.293751568662609,-0.0841616104716909
791,2026-05-15T02:14:56.581Z,2026-05-15 02:14:56.581000+00:00,4708.8129,78.480215,69.148,5,55,train,21,2,4.206833839416504,4.79615593,3.6087708473205566,9.239061356,17.64398813332056,0.5236379261983345,0.4763620738016655,True,True,False,0.7524298417296362,-0.12353398845192688,0.027182946926508588,0.02045326045365796,0.04763620738016655,0.02045326045365796,4.637323582786116,4.637323582786116,-0.43048974336961177,4.294281325896732,-0.08744748648022771,4.324434544326276,-0.11760070490977181
792,2026-05-15T02:16:05.727Z,2026-05-15 02:16:05.727000+00:00,4709.965333333333,78.49942222222221,69.146,5,55,train,21,3,4.223925590515137,8.564431190490723,5.561652660369873,7.092403411865234,21.21848726272583,0.33425584604819325,0.6657441539518067,True,True,False,0.649389613468446,-0.18749466189020436,0.04036306209979314,0.026211353295387544,0.06657441539518068,0.026211353295387544,4.573235298426096,4.573235298426096,-0.34930970791095906,4.230193041536712,-0.006267451021574999,4.2737462835215485,-0.04982069300641179
793,2026-05-15T02:17:14.884Z,2026-05-15 02:17:14.884000+00:00,4711.11795,78.5186325,69.157,5,55,train,21,4,4.431235313415527,3.353492259979248,4.455084323883057,7.412999153137207,15.221575736999512,0.48700602889083433,0.5129939711091657,True,True,False,1.328491011310885,0.12335862028089271,0.02203117678433134,0.029268220326585232,0.05129939711091657,0.029268220326585232,4.883810109471006,4.883810109471006,-0.4525747960554787,4.540767852581622,-0.10953253916609462,4.519383956285401,-0.08814864286987323
794,2026-05-15T02:18:23.986Z,2026-05-15 02:18:23.986000+00:00,4712.26965,78.5378275,69.102,5,55,train,21,5,4.734480857849121,2.789015293121338,7.652313232421875,5.981151103973389,16.4224796295166,0.36420511633476416,0.6357948836652358,True,True,False,2.7437329767588894,0.43834184305403684,0.016982912179160568,0.04659657618736302,0.06357948836652359,0.04659657618736302,5.19856270203279,5.19856270203279,-0.46408184418366893,4.855520445143406,-0.12103958729428488,4.76832589099396,-0.03384503314483922
795,2026-05-15T02:19:33.424Z,2026-05-15 02:19:33.424000+00:00,4713.42695,78.55711583333333,69.438,5,55,train,21,6,4.573485374450684,4.891846656799316,7.821957111358643,4.368135452270508,17.081939220428467,0.2557166019562117,0.7442833980437883,True,True,False,1.5989783940767404,0.20384259545565112,0.028637536954522747,0.04579080284985609,0.07442833980437884,0.04579080284985609,4.96411032257484,4.96411032257484,-0.3906249481241568,4.621068065685456,-0.04758269123477277,4.582894443188393,-0.009409068737709525
796,2026-05-15T02:20:42.735Z,2026-05-15 02:20:42.735000+00:00,4714.582133333333,78.5763688888889,69.311,5,55,train,21,7,3.654927253723145,9.299343109,1.3915855884552002,2.318131685256958,13.009060382712159,0.17819362944440947,0.8218063705555906,True,True,False,0.14964342880395598,-0.8249423493005008,0.07148358786433162,0.01069704919122744,0.08218063705555906,0.01069704919122744,3.94038762727788,3.94038762727788,-0.2854603735547352,3.5973453703884957,0.05758188333464931,3.773218798269719,-0.1182915445465742
797,2026-05-15T02:21:52.209Z,2026-05-15 02:21:52.209000+00:00,4715.7400333333335,78.59566722222222,69.474,5,55,train,21,8,4.590025901794434,1.5763221979141235,4.401443958282471,9.214725494384766,15.19249165058136,0.6065315490255446,0.3934684509744554,True,True,False,2.7922235467512313,0.44595018516676205,0.010375666047206968,0.02897117905023857,0.039346845097445536,0.02897117905023857,5.206303677056783,5.206303677056783,-0.6162777752623496,4.863261420167399,-0.27323551837296556,4.774448329202711,-0.1844224274082773
798,2026-05-15T02:23:01.485Z,2026-05-15 02:23:01.485000+00:00,4716.894633333333,78.61491055555555,69.276,5,55,train,21,9,4.663907051086426,2.892158031463623,6.9125189781188965,5.556817054748535,15.361494064331055,0.3617367576016778,0.6382632423983222,True,True,False,2.3900903418547657,0.3784143169429028,0.01882732252052963,0.04499900171930259,0.06382632423983223,0.04499900171930259,5.13865205958977,5.13865205958977,-0.4747450085033442,4.795609802700386,-0.13170275161396017,4.720941781722579,-0.057034730636153164
799,2026-05-15T02:24:10.684Z,2026-05-15 02:24:10.684000+00:00,4718.047949999999,78.63413249999999,69.199,5,56,train,22,0,3.9410810470581055,8.688295364379883,2.9051220417022705,3.241466522216797,14.83488392829895,0.21850299185916727,0.7814970081408328,True,True,False,0.3343719245103749,-0.4757701951747066,0.0585666555018077,0.019583045312275577,0.07814970081408328,0.019583045312275577,4.285761021445182,4.285761021445182,-0.3446799743870761,3.942718764555797,-0.0016377174976915931,4.046379124737858,-0.10529807767975274
800,2026-05-15T02:25:20.097Z,2026-05-15 02:25:20.097000+00:00,4719.204833333333,78.65341388888889,69.413,5,56,train,22,1,4.344673156738281,8.505611419677734,7.630064487457275,1.2995209693908691,17.43519687652588,0.07453434444095652,0.9254656555590435,True,True,False,0.897062434548223,-0.04717732949084075,0.048784143247211524,0.043762422308692824,0.09254656555590435,0.043762422308692824,4.713187050442069,4.713187050442069,-0.3685138937037875,4.370144793552685,-0.025471636814403453,4.384435951330624,-0.039762794592342665
801,2026-05-15T02:26:29.489Z,2026-05-15 02:26:29.489000+00:00,4720.361366666666,78.67268944444443,69.392,5,56,train,22,2,3.955415725708008,8.799474716186523,3.079986810684204,1.363316774368286,13.242778301239014,0.10294794214298159,0.8970520578570184,True,True,False,0.3500193943416426,-0.45590789101487067,0.0664473459875352,0.023257859798166646,0.08970520578570185,0.023257859798166646,4.305339244015244,4.305339244015244,-0.3499235183072358,3.962296987125859,-0.006881261417851281,4.0618637965719415,-0.10644807086393371
802,2026-05-15T02:27:38.613Z,2026-05-15 02:27:38.613000+00:00,4721.513433333333,78.69189055555555,69.124,5,56,train,22,3,4.860740661621094,2.323538303375244,9.705660820007324,7.815519332885742,19.84471845626831,0.39383372206104894,0.6061662779389511,True,True,False,4.177103861773476,0.6208752739326623,0.011708597975303162,0.04890802981859194,0.06061662779389511,0.04890802981859194,5.381066361359007,5.381066361359007,-0.5203256997379135,5.038024104469623,-0.17728344284852948,4.912670417830995,-0.05192975620990126
803,2026-05-15T02:28:48.073Z,2026-05-15 02:28:48.073000+00:00,4722.6711000000005,78.71118500000001,69.46,5,56,train,22,4,4.521106719970703,6.110586643218994,8.579456329345703,3.4469263553619385,18.136969327926636,0.19004974276791042,0.8099502572320896,True,True,False,1.4040315325315695,0.1473768615335882,0.03369133250840392,0.04730369321480504,0.08099502572320896,0.04730369321480504,4.907649863720614,4.907649863720614,-0.38654314374991117,4.56460760683123,-0.04350088686052711,4.53823912916125,-0.017132409190546483
804,2026-05-15T02:29:57.291Z,2026-05-15 02:29:57.291000+00:00,4723.824733333333,78.73041222222221,69.218,5,56,train,22,5,4.518900871276856,6.073631286621094,8.666069984436035,6.474480152130127,21.214181423187256,0.30519585097228746,0.6948041490277125,True,True,False,1.4268350473505904,0.15437376837309388,0.02863005253637819,0.04085036236639306,0.06948041490277125,0.04085036236639306,4.914687771962931,4.914687771962931,-0.39578690068607436,4.571645515073547,-0.052744643796690305,4.543805502673486,-0.024904631396629462
805,2026-05-15T02:31:06.589Z,2026-05-15 02:31:06.589000+00:00,4724.9797,78.74966166666667,69.298,5,56,train,22,6,4.096011161804199,7.492346764,3.755994319915772,1.7653578519821167,13.013698935897889,0.1356538107019236,0.8643461892980764,True,True,False,0.50131079596622,-0.29989294254818727,0.05757276851804671,0.028861850411760925,0.08643461892980764,0.028861850411760925,4.460888522841289,4.460888522841289,-0.3648773610370899,4.117846265951905,-0.02183510414770584,4.184889751968563,-0.08887859016436384
806,2026-05-15T02:32:15.855Z,2026-05-15 02:32:15.855000+00:00,4726.134133333334,78.76890222222224,69.266,5,56,train,22,7,4.387126922607422,6.396283149719238,6.580809593200684,3.4320688247680664,16.40916156768799,0.20915564824020663,0.7908443517597934,True,True,False,1.0288490110838113,0.012351644476203204,0.038979951067789134,0.0401044841081902,0.07908443517597934,0.0401044841081902,4.772722415734004,4.772722415734004,-0.3855954931265817,4.4296801588446195,-0.042553236237197645,4.431523249003782,-0.044396326396360486
807,2026-05-15T02:33:25.121Z,2026-05-15 02:33:25.121000+00:00,4727.288566666667,78.78814277777778,69.266,5,56,train,22,8,4.535442352294922,6.518930435180664,9.748445510864258,2.0227532386779785,18.2901291847229,0.11059261628220281,0.8894073837177972,True,True,False,1.4954056662815258,0.17475902191059206,0.03564179546979743,0.053298942901982296,0.08894073837177972,0.053298942901982296,4.934995178992444,4.934995178992444,-0.3995528266975219,4.59195292210306,-0.056510569808137845,4.5598668960164135,-0.02442454372149161
808,2026-05-15T02:34:34.458Z,2026-05-15 02:34:34.458000+00:00,4728.444183333334,78.80740305555557,69.337,5,56,train,22,9,4.482511520385742,7.24512767791748,8.762523651123047,4.682413101196289,20.690064430236816,0.2263121565901617,0.7736878434098383,True,True,False,1.2094367471025333,0.0825831599218217,0.035017424437447986,0.04235135990353585,0.07736878434098383,0.04235135990353585,4.842908452246485,4.842908452246485,-0.36039693186074295,4.499866195357101,-0.017354674971358897,4.487034301595075,-0.0045227812093324715
809,2026-05-15T02:35:43.779Z,2026-05-15 02:35:43.779000+00:00,4729.599533333333,78.82665888888889,69.321,5,57,train,23,0,4.393743515014648,2.94284462928772,3.421968698501587,4.7456159591674805,11.110429286956787,0.4271316469057275,0.5728683530942724,True,True,False,1.1628098420302375,0.06550869898533022,0.026487227030394817,0.03079960827903244,0.057286835309427256,0.03079960827903244,4.825963980387517,4.825963980387517,-0.4322204653728683,4.482921723498133,-0.08917820848348423,4.473632697583319,-0.07988918256867095
810,2026-05-15T02:36:53.152Z,2026-05-15 02:36:53.152000+00:00,4730.755749999999,78.84592916666665,69.373,5,57,train,23,1,4.28953743,9.677569389343262,6.992137432098389,3.3433055877685547,20.013012409210205,0.1670565889535915,0.8329434110464086,True,True,False,0.7225096665075825,-0.14115633807616362,0.04835638529304834,0.034937955811592515,0.08329434110464085,0.034937955811592515,4.619357991603793,4.619357991603793,-0.3298205616037926,4.276315734714409,0.013221695285591473,4.310225323710459,-0.020687893710459093
811,2026-05-15T02:38:02.359Z,2026-05-15 02:38:02.359000+00:00,4731.9092,78.86515333333334,69.207,5,57,train,23,2,3.836322784423828,8.662976264953613,2.2236032485961914,8.168315887451172,19.054895401000977,0.4286728274048715,0.5713271725951284,True,True,False,0.2566789034839977,-0.5906098246553769,0.04546325803760926,0.01166945922190359,0.057132717259512855,0.01166945922190359,4.1725270910663035,4.1725270910663035,-0.33620430664247536,3.829484834176919,0.006837950246909141,3.9568209308759954,-0.12049814645216728
812,2026-05-15T02:39:11.724Z,2026-05-15 02:39:11.724000+00:00,4733.065283333333,78.8844213888889,69.365,5,57,train,23,3,4.606015205383301,2.8074965476989746,6.457064628601074,8.275205612182617,17.539766788482666,0.47179678680884507,0.5282032131911549,True,True,False,2.299936800952894,0.36171590237649776,0.016006464518915343,0.036813856800200155,0.0528203213191155,0.036813856800200155,5.122009832008773,5.122009832008773,-0.5159946266254725,4.778967575119389,-0.1729523697360884,4.707779226656221,-0.1017640212729205
813,2026-05-15T02:40:20.992Z,2026-05-15 02:40:20.992000+00:00,4734.21975,78.90366250000001,69.268,5,57,train,23,4,4.298358917236328,5.530537128448486,4.976013184,7.999756813049316,18.506307125497802,0.43227191458566755,0.5677280854143325,True,True,False,0.8997341611547864,-0.04588578989163555,0.02988460685832112,0.026888201683112133,0.05677280854143325,0.026888201683112133,4.714706019887848,4.714706019887848,-0.4163471026515202,4.371663762998464,-0.07330484576213614,4.385637324096192,-0.08727840685986354
814,2026-05-15T02:41:30.449Z,2026-05-15 02:41:30.449000+00:00,4735.377366666667,78.9229561111111,69.457,5,57,train,23,5,4.374445915222168,6.141618251800537,5.901434898376465,3.836759567260742,15.879812717437744,0.24161239402071583,0.7583876059792842,True,True,False,0.9608924971275026,-0.017325197675778427,0.038675634033494485,0.03716312656443394,0.07583876059792843,0.03716312656443394,4.743088821067933,4.743088821067933,-0.368642905845765,4.400046564178549,-0.025600648956380923,4.4080856521010885,-0.03363973687892052
815,2026-05-15T02:42:39.920Z,2026-05-15 02:42:39.920000+00:00,4736.535216666667,78.94225361111111,69.471,5,57,train,23,6,4.513387680053711,4.3235578536987305,6.275303840637207,2.042050361633301,12.640912055969238,0.1615429608711669,0.8384570391288331,True,True,False,1.451421272244291,0.16179348387616485,0.03420289481135246,0.04964280910153085,0.08384570391288332,0.04964280910153085,4.9220501006713215,4.9220501006713215,-0.4086624206176106,4.5790078437819375,-0.06562016372822654,4.54962846456781,-0.03624078451409929
816,2026-05-15T02:43:49.165Z,2026-05-15 02:43:49.165000+00:00,4737.6893,78.96148833333334,69.245,5,57,train,23,7,4.071201324462891,6.164487838745117,2.9844560623168945,6.431009769439697,15.579953670501709,0.4127746401207754,0.5872253598792245,True,True,False,0.48413690486319944,-0.31503181063002333,0.039566791847504945,0.019155744140417517,0.05872253598792246,0.019155744140417517,4.446172047875601,4.446172047875601,-0.3749707234127104,4.103129790986217,-0.03192846652332637,4.173250299787309,-0.10204897532441848
817,2026-05-15T02:44:58.557Z,2026-05-15 02:44:58.557000+00:00,4738.845833333334,78.9807638888889,69.392,5,57,train,23,8,4.304424285888672,8.493165969848633,6.94152832,7.845483303070068,23.2801775929187,0.33700272567750883,0.6629972743224912,True,True,False,0.8173075087244189,-0.08761451113552288,0.03648239338359713,0.029817334048651993,0.06629972743224913,0.029817334048651993,4.672947508935675,4.672947508935675,-0.3685232230470028,4.329905252046291,-0.025480966157618745,4.352609972606014,-0.0481856867173418
818,2026-05-15T02:46:08.099Z,2026-05-15 02:46:08.099000+00:00,4740.004866666667,79.00008111111111,69.542,5,57,train,23,9,3.811511993408203,5.5938873291015625,1.4550745487213137,2.823066234588623,9.872028112411499,0.28596618672908297,0.7140338132709171,True,True,False,0.2601186729577934,-0.5848284702899182,0.05666401336589296,0.014739367961198745,0.0714033813270917,0.014739367961198745,4.177633934212852,4.177633934212852,-0.366121940804649,3.8345916773234676,-0.023079683915264493,3.9608599997929748,-0.14934800638477164
819,2026-05-15T02:47:17.102Z,2026-05-15 02:47:17.102000+00:00,4741.154916666666,79.01924861111111,69.003,5,58,train,24,0,4.236056327819824,7.436508655548096,5.615385532,1.1237330436706543,14.175627231218751,0.0792721920054356,0.9207278079945644,True,True,False,0.7551104681106738,-0.12198950905764154,0.05245982089011762,0.039612959909338816,0.09207278079945644,0.039612959909338816,4.638452834387274,4.638452834387274,-0.40239650656744974,4.29541057749789,-0.059354249678065685,4.325327684160572,-0.08927135634074812
820,2026-05-15T02:48:26.367Z,2026-05-15 02:48:26.367000+00:00,4742.309333333334,79.03848888888889,69.265,5,58,train,24,1,4.449981689453125,1.325212001800537,2.628691434860229,3.255624532699585,7.209527969360352,0.45157249497270935,0.5484275050272905,True,True,False,1.9836006852403105,0.29745424964732103,0.01838139760928223,0.03646135289344683,0.05484275050272906,0.03646135289344683,5.057765365345656,5.057765365345656,-0.6077836758925308,4.714723108456272,-0.26474141900314674,4.656967439228937,-0.20698574977581163
821,2026-05-15T02:49:35.624Z,2026-05-15 02:49:35.624000+00:00,4743.463616666666,79.05772694444444,69.257,5,58,train,24,2,4.208487510681152,5.642521858215332,3.903379201889038,3.199735164642334,12.745636224746704,0.25104554282114094,0.748954457178859,True,True,False,0.6917791902225141,-0.16003250636829278,0.04427022518703233,0.030625220530853578,0.07489544571788591,0.030625220530853578,4.600569246071581,4.600569246071581,-0.3920817353904287,4.257526989182197,-0.04903947850104462,4.295365059572627,-0.08687754889147481
822,2026-05-15T02:50:44.822Z,2026-05-15 02:50:44.822000+00:00,4744.616916666667,79.07694861111112,69.198,5,58,train,24,3,3.5716724395751958,8.242074012756348,1.0579453706741333,3.234221935272217,12.534241318702698,0.25803092927900967,0.7419690707209903,True,True,False,0.12835912041516975,-0.8915732675826646,0.0657564650559114,0.008440442016187632,0.07419690707209903,0.008440442016187632,3.876096954049553,3.876096954049553,-0.30442451447435737,3.5330546971601686,0.038617742415027134,3.722370465466761,-0.1506980258915651
823,2026-05-15T02:51:53.934Z,2026-05-15 02:51:53.934000+00:00,4745.768783333333,79.09614638888888,69.112,5,58,train,24,4,4.547571182250977,5.934800624847412,9.499221801757812,2.5443897247314453,17.97841215133667,0.141524718830204,0.858475281169796,True,True,False,1.600596616841201,0.20428189459670593,0.03301070514398108,0.052836822972998534,0.08584752811697961,0.052836822972998534,4.964513845762582,4.964513845762582,-0.41694266351160536,4.621471588873198,-0.0739004066222213,4.583213594945774,-0.03564241269479762
824,2026-05-15T02:53:03.178Z,2026-05-15 02:53:03.178000+00:00,4746.92285,79.11538083333333,69.244,5,58,train,24,5,4.15831470489502,9.270822525024414,5.100248814,2.6723670959472656,17.04343843497168,0.15679741538912692,0.843202584610873,True,True,False,0.5501398392896718,-0.2595269037556034,0.05439525926881913,0.02992499919226818,0.08432025846108732,0.02992499919226818,4.501182398608413,4.501182398608413,-0.34286769371339254,4.158140141719029,0.0001745631759915156,4.216758704369345,-0.058443999474324215
825,2026-05-15T02:54:12.516Z,2026-05-15 02:54:12.516000+00:00,4748.078483333333,79.13464138888888,69.338,5,58,train,24,6,4.581203460693359,5.1094489097595215,9.533855438232422,8.330850601196289,22.974154949188232,0.362618369190143,0.637381630809857,True,True,False,1.8659263663488,0.2708945015115713,0.022239986284849442,0.041498176796136266,0.0637381630809857,0.041498176796136266,5.03117365221329,5.03117365221329,-0.449970191519931,4.688131395323906,-0.10692793463054695,4.635935706144525,-0.05473224545116562
826,2026-05-15T02:55:21.801Z,2026-05-15 02:55:21.801000+00:00,4749.233233333333,79.15388722222222,69.285,5,58,train,24,7,4.566317558288574,5.938283920288086,9.36891746520996,4.036321163,19.343522548498044,0.2086652600569593,0.7913347399430408,True,True,False,1.5777146379278277,0.19802845490612564,0.03069908236930286,0.048434391625001225,0.0791334739943041,0.048434391625001225,4.958282888759636,4.958282888759636,-0.39196533047106197,4.615240631870252,-0.04892307358167791,4.578285449703905,-0.011967891415331167
827,2026-05-15T14:04:58.822Z,2026-05-15 14:04:58.822000+00:00,5418.85025,90.31417083333334,40177.021,6,59,test,1,0,4.590025901794434,6.806622505187988,8.811262130737305,8.319262504577637,23.93714714050293,0.3475461154893016,0.6524538845106984,True,True,False,1.2945131192484063,0.11210645615236492,0.028435395685356427,0.03680999276571342,0.06524538845106985,0.03680999276571342,4.872469580977804,4.872469580977804,-0.28244367918337066,4.52942732408842,0.0605985777060134,4.510414584243894,0.07961131755053952
828,2026-05-15T14:06:10.391Z,2026-05-15 14:06:10.391000+00:00,5420.043066666666,90.33405111111111,71.569,6,59,test,1,1,4.476998329162598,9.500473022460938,9.224074363708496,6.466681480407715,25.19122886657715,0.25670369296622464,0.7432963070337754,True,True,False,0.9709068529431133,-0.012822433524802059,0.03771341633542077,0.03661621436795678,0.07432963070337754,0.03661621436795678,4.74759554617711,4.74759554617711,-0.27059721701451256,4.404553289287726,0.0724450398748715,4.411650079827472,0.06534824933512606
829,2026-05-15T14:07:19.320Z,2026-05-15 14:07:19.320000+00:00,5421.191883333333,90.35319805555555,68.929,6,59,test,1,2,4.751021385192871,3.600916624069214,9.070778846740724,9.918367385864258,22.590062856674194,0.43905886622771806,0.560941133772282,True,True,False,2.51901940359016,0.40123151280961766,0.015940268280419282,0.04015384509680892,0.05609411337722821,0.04015384509680892,5.161493904400707,5.161493904400707,-0.41047251920783623,4.818451647511323,-0.06743026231845217,4.73900769499518,0.012013690197691496
830,2026-05-15T14:08:28.549Z,2026-05-15 14:08:28.549000+00:00,5422.345700000001,90.37242833333335,69.229,6,59,test,1,3,4.450532913208008,4.582649230957031,4.734006881713867,3.9550681114196777,13.271724224090576,0.298007104776975,0.701992895223025,True,True,False,1.0330284172164812,0.014112268538554849,0.034529418737007024,0.03566987078529548,0.0701992895223025,0.03566987078529548,4.77452826146407,4.77452826146407,-0.32399534825606224,4.431486004574686,0.019046908633321813,4.432951515967905,0.01758139724010288
831,2026-05-15T14:09:37.504Z,2026-05-15 14:09:37.504000+00:00,5423.494949999999,90.39158249999998,68.955,6,59,test,1,4,4.222823143005371,2.744865894317627,1.998879551887512,6.732306480407715,11.476051926612854,0.5866395972638954,0.41336040273610464,True,True,False,0.7282248491722518,-0.13773450574502774,0.023918207340560296,0.01741783293305017,0.041336040273610465,0.01741783293305017,4.623291172507899,4.623291172507899,-0.4004680295025276,4.280248915618515,-0.05742577261314352,4.313336127837148,-0.0905129848317765
832,2026-05-15T14:10:46.950Z,2026-05-15 14:10:46.950000+00:00,5424.652383333333,90.41087305555556,69.446,6,59,test,1,5,4.911465644836426,1.6155085563659668,8.241170883178711,5.436645030975342,15.29332447052002,0.35549138066449976,0.6445086193355002,True,True,False,5.101285815357706,0.7076796569080348,0.010563488399661442,0.05388737353388858,0.06445086193355003,0.05388737353388858,5.467846981086339,5.467846981086339,-0.5563813362499133,5.124804724196955,-0.2133390793605292,4.981306342937439,-0.06984069810101357
833,2026-05-15T14:11:56.388Z,2026-05-15 14:11:56.388000+00:00,5425.809683333334,90.43016138888889,69.438,6,59,test,1,6,4.478652000427246,6.439124584197998,7.306734561920166,3.8204150199890137,17.566274166107178,0.21748579031973786,0.7825142096802622,True,True,False,1.1347403620441412,0.05489650273559882,0.0366561771910734,0.04159524377695282,0.07825142096802622,0.04159524377695282,4.815237566645798,4.815237566645798,-0.3365855662185515,4.4721953097564136,0.006456690670832543,4.465149036916334,0.013502963510911847
834,2026-05-15T14:13:05.689Z,2026-05-15 14:13:05.689000+00:00,5426.9646999999995,90.44941166666666,69.301,6,59,test,1,7,4.487473487854004,6.1704301834106445,7.531016826629639,6.758983612060547,20.46043062210083,0.3303441524226605,0.6696558475773395,True,True,False,1.2205011000492259,0.08653817518712253,0.03015787056185174,0.03680771419588222,0.06696558475773395,0.03680771419588222,4.846910895132029,4.846910895132029,-0.3594374072780253,4.503868638242645,-0.016395150388641255,4.490199885927131,-0.0027263980731273563
835,2026-05-15T14:14:15.034Z,2026-05-15 14:14:15.034000+00:00,5428.12045,90.46867416666667,69.345,6,59,test,1,8,3.9642372131347656,8.903451919555664,2.8766870498657227,2.966334819793701,14.746473789215088,0.20115553468539346,0.7988444653146065,True,True,False,0.32309794850998497,-0.4906657994989816,0.060376819888068776,0.01950762664339188,0.07988444653146065,0.01950762664339188,4.2709112885474205,4.2709112885474205,-0.3066740754126549,3.927869031658036,0.0363681814767296,4.034634277118379,-0.07039706398361378
836,2026-05-15T14:15:24.262Z,2026-05-15 14:15:24.262000+00:00,5429.27425,90.48790416666667,69.228,6,59,test,1,9,4.604912757873535,4.881731033325195,8.808689117,7.916126251220703,21.6065464015459,0.36637628726515603,0.633623712734844,True,True,False,1.8044191818163227,0.2563374352028302,0.022593759051543375,0.040768612221941024,0.0633623712734844,0.040768612221941024,5.016624956962611,5.016624956962611,-0.4117121990890755,4.673582700073227,-0.06866994219969147,4.624428953130319,-0.019516195256783497
837,2026-05-15T14:16:33.579Z,2026-05-15 14:16:33.579000+00:00,5430.429533333333,90.50715888888888,69.317,6,60,test,2,0,4.849714279174805,1.697927713394165,7.753262042999268,4.338599205,13.789788961393434,0.3146240466149667,0.6853759533850333,True,True,False,4.566308672529093,0.659565265508376,0.012312934724003147,0.05622466061450018,0.06853759533850333,0.05622466061450018,5.419728739493596,5.419728739493596,-0.5700144603187915,5.076686482604212,-0.2269722034294075,4.943248997454193,-0.09353471827938797
838,2026-05-15T14:17:43.312Z,2026-05-15 14:17:43.312000+00:00,5431.5917500000005,90.52652916666668,69.733,6,60,test,2,1,4.266931533813477,7.754995822906494,5.489269733428955,3.471384763717652,16.7156503200531,0.20767273167668324,0.7923272683233168,True,True,False,0.7078365815768592,-0.1500669964223934,0.0463936231879841,0.03283910364434758,0.07923272683233168,0.03283910364434758,4.610486733582521,4.610486733582521,-0.34355519976904425,4.267444476693137,-0.0005129428796601943,4.303208929922755,-0.036277396109278826
839,2026-05-15T14:18:52.402Z,2026-05-15 14:18:52.402000+00:00,5432.7432499999995,90.54572083333332,69.09,6,60,test,2,2,4.228336334228516,9.879872322,6.483182430267334,2.012573003768921,18.375627756036256,0.10952404078319479,0.8904759592168052,True,True,False,0.6562010336743838,-0.1829630898312156,0.05376617579094427,0.035281420130736256,0.08904759592168052,0.035281420130736256,4.5775760645330985,4.5775760645330985,-0.3492397303045829,4.2345338076437145,-0.006197473415198829,4.277179452106435,-0.04884311787791962
840,2026-05-15T14:20:01.529Z,2026-05-15 14:20:01.529000+00:00,5433.895366666667,90.56492277777778,69.127,6,60,test,2,3,4.639097213745117,1.3972582817077637,4.041726112365723,5.182224273681641,10.621208667755127,0.4879128577347632,0.5120871422652369,True,True,False,2.8926120283401184,0.4612901877958765,0.013155360424748012,0.03805335380177567,0.051208714226523684,0.03805335380177567,5.22155688585103,5.22155688585103,-0.5824596721059132,4.878514628961646,-0.23941741521652915,4.786512291176298,-0.1474150774311811
841,2026-05-15T14:21:11.090Z,2026-05-15 14:21:11.090000+00:00,5435.0547166666665,90.58424527777778,69.561,6,60,test,2,4,4.105383873,8.970609664916992,4.394445896148682,4.573795795440674,17.938851356506348,0.25496592309862565,0.7450340769013744,True,True,False,0.4898714870333559,-0.3099178379154721,0.05000660012528277,0.024496807564854672,0.07450340769013744,0.024496807564854672,4.451016800961948,4.451016800961948,-0.34563292796194833,4.107974544072564,-0.0025906710725642768,4.177082078253959,-0.0716982052539592
842,2026-05-15T14:22:20.335Z,2026-05-15 14:22:20.335000+00:00,5436.208799999999,90.60347999999999,69.245,6,60,test,2,5,4.1638288497924805,8.866909027,4.892608642578125,4.179888725280762,17.939406394858885,0.2330003921689763,0.7669996078310238,True,True,False,0.5517828848452134,-0.2582317745573732,0.04942699235322022,0.02727296842988216,0.07669996078310237,0.02727296842988216,4.50254486849161,4.50254486849161,-0.33871601869912915,4.159502611602226,0.004326238190254905,4.217836299587686,-0.054007449795205886
843,2026-05-15T14:23:29.694Z,2026-05-15 14:23:29.694000+00:00,5437.364783333333,90.62274638888888,69.359,6,60,test,2,6,4.427376747131348,6.328206062316895,7.796362400054932,5.745508670806885,19.87007713317871,0.2891538181909286,0.7108461818090714,True,True,False,1.2320019802263695,0.09061140588091807,0.03184791895825188,0.03923669922265526,0.07108461818090714,0.03923669922265526,4.850959601318147,4.850959601318147,-0.4235828541867992,4.507917344428763,-0.08054059729741514,4.493402060507602,-0.0660253133762545
844,2026-05-15T14:24:39.252Z,2026-05-15 14:24:39.252000+00:00,5438.524083333334,90.64206805555555,69.558,6,60,test,2,7,4.029297828674316,4.422439098358154,2.106147289276123,8.315520286560059,14.844106674194336,0.5601900113676853,0.4398099886323147,True,True,False,0.47624110641976675,-0.32217312148720934,0.029792558052997034,0.014188440810234439,0.04398099886323147,0.014188440810234439,4.439468394180535,4.439468394180535,-0.41017056550621867,4.096426137291151,-0.06712830861683461,4.167948292560353,-0.1386504638860364
845,2026-05-15T14:25:48.843Z,2026-05-15 14:25:48.843000+00:00,5439.683933333334,90.6613988888889,69.591,6,60,test,2,8,4.021027565002441,6.0789289474487305,2.663907766342163,2.7577035427093506,11.500540256500244,0.23978904305392637,0.7602109569460737,True,True,False,0.43821992153077893,-0.3583078832467211,0.05285776852102967,0.0231633271735777,0.07602109569460737,0.0231633271735777,4.402758318621281,4.402758318621281,-0.38173075361883946,4.059716061731897,-0.0386884967294554,4.138913814532267,-0.11788624952982563
846,2026-05-15T14:26:58.153Z,2026-05-15 14:26:58.153000+00:00,5440.8391,90.68065166666666,69.31,6,60,test,2,9,4.488024711608887,2.539710283279419,3.972880363464356,1.4283571243286133,7.940947771072388,0.17987237361412847,0.8201276263858716,True,True,False,1.564304554586575,0.19432130978525905,0.03198245796970458,0.05003030466888258,0.08201276263858716,0.05003030466888258,4.954568450311288,4.954568450311288,-0.4665437387024012,4.611526193421904,-0.12350148181301712,4.575347651841267,-0.0873229402323803
847,2026-05-15T14:28:07.559Z,2026-05-15 14:28:07.559000+00:00,5441.995866666666,90.6999311111111,69.406,6,61,test,3,0,4.270791053771973,5.42670488357544,4.308531284332275,8.620052337646484,18.3552885055542,0.46962227453074945,0.5303777254692505,True,True,False,0.7939498050414628,-0.10020695359632475,0.02956480298271178,0.023472969564213277,0.05303777254692506,0.023472969564213277,4.660518254635805,4.660518254635805,-0.38972720086383195,4.3174759977464205,-0.04668494397444789,4.342779513110157,-0.07198845933818454
848,2026-05-15T14:29:17.166Z,2026-05-15 14:29:17.166000+00:00,5443.155983333333,90.71926638888888,69.607,6,61,test,3,1,4.531031608581543,1.1787769794464111,3.0548226833343506,8.403562545776367,12.637162208557129,0.6649881046937879,0.33501189530621217,True,True,False,2.5915187831111077,0.4135543609169912,0.009327861429587523,0.024173328101033693,0.033501189530621214,0.024173328101033693,5.173986613809906,5.173986613809906,-0.6429550052283632,4.830944356920522,-0.2999127483389792,4.748888341965442,-0.21785673338389877
849,2026-05-15T14:30:26.351Z,2026-05-15 14:30:26.351000+00:00,5444.309066666667,90.73848444444444,69.185,6,61,test,3,2,4.284023284912109,1.6203303337097168,1.8328001499176023,4.125810623168945,7.578941106796265,0.5443782403150232,0.45562175968497676,True,True,False,1.1311274693731368,0.053511549333914214,0.021379376233135232,0.024182799735362442,0.045562175968497674,0.024182799735362442,4.814098747200756,4.814098747200756,-0.5300754622886465,4.471056490311372,-0.1870332053992625,4.464248329749397,-0.18022504483728774
850,2026-05-15T14:31:35.571Z,2026-05-15 14:31:35.571000+00:00,5445.462733333334,90.75771222222222,69.22,6,61,test,3,3,4.803400993347168,2.819386959075928,9.624616622924805,3.661492109298706,16.10549569129944,0.22734426679439174,0.7726557332056083,True,True,False,3.413726729472897,0.533228752680281,0.017505744704269032,0.0597598286162918,0.07726557332056083,0.0597598286162918,5.293391933067432,5.293391933067432,-0.489990939720264,4.950349676178048,-0.14694868283087992,4.843327567861976,-0.03992657451480763
851,2026-05-15T14:32:44.884Z,2026-05-15 14:32:44.884000+00:00,5446.61795,90.77696583333334,69.313,6,61,test,3,4,4.342467308044434,5.831935882568359,5.649240970611572,8.664951324,20.146128177179932,0.43010504290422547,0.5698949570957745,True,True,False,0.9686733675342931,-0.013822640483982691,0.028948172230802902,0.02804132347877455,0.056989495709577453,0.02804132347877455,4.7467236429244855,4.7467236429244855,-0.40425633488005186,4.403681386035101,-0.0612140779906678,4.41096048016184,-0.06849317211740669
852,2026-05-15T14:33:54.158Z,2026-05-15 14:33:54.158000+00:00,5447.772516666667,90.79620861111111,69.274,6,61,test,3,5,4.501809120178223,7.247759819030762,9.566330909729004,4.482069492340088,21.296160221099854,0.2104637383362346,0.7895362616637653,True,True,False,1.3199017556583854,0.12054160653666869,0.03403317660922654,0.04492044955715,0.07895362616637655,0.04492044955715,4.880836691588673,4.880836691588673,-0.3790275714104503,4.537794434699289,-0.035985314521066236,4.517032241262815,-0.015223121084592783
853,2026-05-15T14:35:03.595Z,2026-05-15 14:35:03.595000+00:00,5448.9298,90.81549666666666,69.437,6,61,test,3,6,4.822146415710449,2.148528814315796,7.952028274536133,7.444545745849609,17.545102834701538,0.4243090403052773,0.5756909596947227,True,True,False,3.7011503972165603,0.5683367331237925,0.012245746488680213,0.045323349480792065,0.05756909596947228,0.045323349480792065,5.328548078560655,5.328548078560655,-0.5064016628502062,4.985505821671271,-0.1633594059608221,4.871133022313509,-0.048986606603059535
854,2026-05-15T14:36:12.734Z,2026-05-15 14:36:12.734000+00:00,5450.082116666667,90.83470194444446,69.139,6,61,test,3,7,3.836322784423828,5.442472935,1.5007658004760742,4.294166564941406,11.23740530041748,0.3821315019030126,0.6178684980969874,True,True,False,0.2757507145005351,-0.5594833535813794,0.04843175795036784,0.013355091859330903,0.06178684980969874,0.013355091859330903,4.203111155537328,4.203111155537328,-0.3667883711134996,3.8600688986479432,-0.0237461142241151,3.9810102667562823,-0.1446874823324542
855,2026-05-15T14:37:22.132Z,2026-05-15 14:37:22.132000+00:00,5451.23875,90.85397916666668,69.398,6,61,test,3,8,4.360661506652832,8.813997268676758,8.920549392700195,1.3766767978668213,19.111223459243774,0.07203499037111337,0.9279650096288866,True,True,False,1.0120889672160556,0.005218690638885955,0.04611948202831346,0.04667701893457521,0.09279650096288866,0.04667701893457521,4.7655398900248125,4.7655398900248125,-0.40487838337198045,4.422497633135428,-0.0618361264825964,4.425842495648942,-0.06518098899610969
856,2026-05-15T14:38:31.723Z,2026-05-15 14:38:31.723000+00:00,5452.3986,90.87331,69.591,6,61,test,3,9,4.033156394958496,5.447958946228027,2.7178542613983154,8.453203201293945,16.619016408920288,0.5086464200586909,0.4913535799413091,True,True,False,0.4988756868808751,-0.3020076612457687,0.03278147642542687,0.016353881568704043,0.049135357994130914,0.016353881568704043,4.459373744024619,4.459373744024619,-0.42621734906612296,4.116331487135235,-0.08317509217673891,4.183691693626269,-0.15053529866777282
857,2026-05-15T14:39:40.775Z,2026-05-15 14:39:40.775000+00:00,5453.549466666666,90.89249111111111,69.052,6,62,test,4,0,4.193600654602051,4.766426086425781,3.229653596878052,2.807291269302368,10.803370952606201,0.259853270022644,0.740146729977356,True,True,False,0.6775839042329271,-0.1690369190673246,0.044119803969851934,0.029894869027883676,0.0740146729977356,0.029894869027883676,4.591587129294846,4.591587129294846,-0.3979864746927948,4.2485448724054615,-0.054944217803410744,4.288260986147911,-0.09466033154586029
858,2026-05-15T14:40:50.192Z,2026-05-15 14:40:50.192000+00:00,5454.706416666667,90.91177361111112,69.417,6,62,test,4,1,4.199114799499512,3.176997661590576,2.4815304279327397,4.197095871,9.855623960523316,0.42585795560093004,0.57414204439907,True,True,False,0.7810929349851494,-0.10729729038642326,0.032235378240038734,0.025178826199868276,0.05741420443990701,0.025178826199868276,4.653385047864995,4.653385047864995,-0.454270248365483,4.310342790975611,-0.11122799147609896,4.337137766747566,-0.1380229672480544
859,2026-05-15T14:41:59.381Z,2026-05-15 14:41:59.381000+00:00,5455.859566666667,90.93099277777779,69.189,6,62,test,4,2,4.731724739074707,3.037663698196411,8.903866768,1.8860962390899656,13.827626705286377,0.13640057540524295,0.863599424594757,True,True,False,2.9311561952320795,0.46703896170693554,0.021968077117927226,0.06439186534154848,0.0863599424594757,0.06439186534154848,5.227196067525318,5.227196067525318,-0.4954713284506109,4.884153810635934,-0.15242907156122687,4.790972393584811,-0.05924765451010394
860,2026-05-15T14:43:08.713Z,2026-05-15 14:43:08.713000+00:00,5457.0151000000005,90.95025166666667,69.332,6,62,test,4,3,4.511734008789063,7.126208782196045,9.004087448120117,2.50119423866272,18.631490468978882,0.13424552602633516,0.8657544739736649,True,True,False,1.2635172113699111,0.10158116216576187,0.038248194872337576,0.04832725252502891,0.08657544739736649,0.04832725252502891,4.86186075052554,4.86186075052554,-0.3501267417364762,4.5188184936361555,-0.007084484847092121,4.502023921735647,0.009710087053416139
861,2026-05-15T14:44:18.037Z,2026-05-15 14:44:18.037000+00:00,5458.170499999999,90.96950833333332,69.324,6,62,test,4,4,4.242671966552734,6.856061935424805,5.080866813659668,3.7324275970458975,15.669356346130371,0.23819916495597726,0.7618008350440226,True,True,False,0.7410765628307958,-0.13013692144408084,0.043754585599924435,0.03242549790447784,0.07618008350440228,0.03242549790447784,4.630409160599962,4.630409160599962,-0.3877371940472276,4.287366903710578,-0.04469493715784356,4.31896583754803,-0.07629387099529605
862,2026-05-15T14:45:27.537Z,2026-05-15 14:45:27.537000+00:00,5459.328833333333,90.98881388888888,69.5,6,62,test,4,5,4.374997138977051,3.283672332763672,3.9763143062591553,6.311349868774414,13.571336507797241,0.46504998716584084,0.5349500128341592,True,True,False,1.2109351674905175,0.08312089198298749,0.02419564448112446,0.02929935680229146,0.053495001283415916,0.02929935680229146,4.843590683366166,4.843590683366166,-0.4685935443891154,4.500548426476782,-0.12555128749973132,4.487573887094497,-0.112576748117446
863,2026-05-15T14:46:36.715Z,2026-05-15 14:46:36.715000+00:00,5460.4818,91.00802999999999,69.178,6,62,test,4,6,4.644610404968262,1.2884308099746704,3.8422000408172607,4.389239311218262,9.519870162010193,0.4610608376502732,0.5389391623497268,True,True,False,2.9820771213106863,0.4745188708160261,0.013534121663930431,0.040359794571042246,0.05389391623497268,0.040359794571042246,5.234768393849748,5.234768393849748,-0.5901579888814865,4.891726136960364,-0.24711573199210246,4.796961445335285,-0.15235104036702296
864,2026-05-15T14:47:46.364Z,2026-05-15 14:47:46.364000+00:00,5461.642616666666,91.02737694444444,69.649,6,62,test,4,7,4.7251081466674805,2.728194475,7.657481670379639,7.325005054473877,17.710681199853518,0.4135925079230979,0.586407492076902,True,True,False,2.806794655054654,0.44821064083580026,0.015404232305997157,0.04323651690169304,0.0586407492076902,0.04323651690169304,5.208447226424125,5.208447226424125,-0.4833390797566448,4.865404969534741,-0.14029682286726075,4.776143690382444,-0.05103554371496344
865,2026-05-15T14:48:55.539Z,2026-05-15 14:48:55.539000+00:00,5462.795533333334,91.04659222222223,69.175,6,62,test,4,8,4.269688606262207,7.048504829406738,5.8176984786987305,6.527527332305908,19.393730640411377,0.33657925096186897,0.6634207490381311,True,True,False,0.8253805054409528,-0.08334579288458266,0.036344244230759444,0.029997830673053665,0.06634207490381311,0.029997830673053665,4.677209851282691,4.677209851282691,-0.4075212450204839,4.334167594393307,-0.06447898813109987,4.355981114815266,-0.08629250855305859
866,2026-05-15T14:50:04.940Z,2026-05-15 14:50:04.940000+00:00,5463.952216666667,91.06587027777778,69.401,6,62,test,4,9,4.040876388549805,2.627399682998657,1.404094099998474,2.302107810974121,6.3336015939712516,0.3634753112929336,0.6365246887070664,True,True,False,0.5344044566512158,-0.27212992873056413,0.041483501038328534,0.02216896783237811,0.06365246887070664,0.02216896783237811,4.488845019954363,4.488845019954363,-0.44796863140455834,4.145802763064979,-0.10492637451517428,4.20700091052125,-0.16612452197144556
867,2026-05-15T14:51:14.274Z,2026-05-15 14:51:14.274000+00:00,5465.107783333334,91.08512972222223,69.334,6,63,test,5,0,4.1417741775512695,4.202544689178467,2.8861937522888184,7.846616744995117,14.935355186462402,0.5253719544686417,0.4746280455313583,True,True,False,0.6867728877983746,-0.16318685811213096,0.028138230639387186,0.019324573913748644,0.047462804553135826,0.019324573913748644,4.597770039478445,4.597770039478445,-0.45599586192717556,4.254727782589061,-0.1129536050377915,4.293151130533084,-0.1513769529818143
868,2026-05-15T14:52:23.531Z,2026-05-15 14:52:23.531000+00:00,5466.262066666666,91.10436777777777,69.257,6,63,test,5,1,4.682102203369141,1.828486084938049,5.523552894592285,7.372217178344727,14.724256157875061,0.500685202654655,0.499314797345345,True,True,False,3.0208339784983536,0.4801268576124619,0.012418189858508465,0.037513289876026035,0.049931479734534504,0.037513289876026035,5.240394439472596,5.240394439472596,-0.5582922361034557,4.897352182583212,-0.21524997921407163,4.801411158269215,-0.11930895490007476
869,2026-05-15T14:53:32.711Z,2026-05-15 14:53:32.711000+00:00,5467.4150666666665,91.12358444444445,69.18,6,63,test,5,2,4.6920270919799805,3.446929931640625,7.842312812805176,8.573019027709961,19.86226177215576,0.43162350421381457,0.5683764957861854,True,True,False,2.275158755278931,0.35701170610789706,0.01735416626354588,0.03948348331507267,0.056837649578618546,0.03948348331507267,5.117286661692677,5.117286661692677,-0.4252595697126962,4.774244404803293,-0.08221731282331213,4.704043609589886,-0.012016517609905186
870,2026-05-15T14:54:42.248Z,2026-05-15 14:54:42.248000+00:00,5468.5740166666665,91.14290027777777,69.537,6,63,test,5,3,4.62035083770752,3.567058563232422,7.129104137420654,4.280459403991699,14.976622104644775,0.2858094017518262,0.7141905982481738,True,True,False,1.9985946434701518,0.3007247191028037,0.023817510639639845,0.04760154918517754,0.07141905982481739,0.04760154918517754,5.060962458488607,5.060962458488607,-0.4406116207810866,4.717920201599223,-0.09756936389170257,4.659496061935336,-0.03914522422781541
871,2026-05-15T14:55:51.523Z,2026-05-15 14:55:51.523000+00:00,5469.7286,91.16214333333333,69.275,6,63,test,5,4,4.006140709,3.8521130084991455,1.8646669387817385,8.916324615478516,14.6331045627594,0.6093255588544187,0.39067444114558125,True,True,False,0.48406340485536464,-0.31509774873717616,0.026324646229226038,0.01274279788533209,0.03906744411455813,0.01274279788533209,4.446709199841267,4.446709199841267,-0.44056849084126704,4.103666942951883,-0.09752623395188298,4.173675140289741,-0.16753443128974066
872,2026-05-15T14:57:00.782Z,2026-05-15 14:57:00.782000+00:00,5470.8829166666665,91.18138194444444,69.259,6,63,test,5,5,4.410284042358398,1.7270288467407229,2.7997612953186035,1.2347458600997925,5.761536002159119,0.2143084517109804,0.7856915482890197,True,True,False,1.6211433298305113,0.2098214137397367,0.02997514631677254,0.04859400851212942,0.07856915482890196,0.04859400851212942,4.970072377980584,4.970072377980584,-0.5597883356221853,4.6270301210912,-0.21674607873280127,4.587609910646391,-0.17732586828799235
873,2026-05-15T14:58:10.081Z,2026-05-15 14:58:10.081000+00:00,5472.037899999999,91.20063166666665,69.299,6,63,test,5,6,4.8668060302734375,1.983072519302368,9.066776275634766,6.500990867614746,17.55083966255188,0.3704091082027187,0.6295908917972813,True,True,False,4.572085078776846,0.6601143032848206,0.011299017924103299,0.05166007125562483,0.06295908917972813,0.05166007125562483,5.420292176853769,5.420292176853769,-0.5534861465803314,5.077249919964385,-0.2104438896909473,4.943694627418308,-0.07688859714487073
874,2026-05-15T14:59:19.610Z,2026-05-15 14:59:19.610000+00:00,5473.196716666667,91.21994527777778,69.529,6,63,test,5,7,4.865702629089356,1.959554433822632,8.051691055297852,1.059751272201538,11.070996761322021,0.09572320316305376,0.9042767968369463,True,True,False,4.108939724420355,0.6137297704797747,0.017699891672523945,0.07272778801117068,0.09042767968369463,0.07272778801117068,5.373858699962053,5.373858699962053,-0.5081560708726967,5.030816443072669,-0.1651138139833126,4.906969784332544,-0.04126715524318758
875,2026-05-15T15:00:29.014Z,2026-05-15 15:00:29.014000+00:00,5474.35345,91.23922416666666,69.404,6,63,test,5,8,4.027643203735352,9.566641807556152,4.123875617980957,2.0721607208251958,15.762678146362305,0.13145993983918317,0.8685400601608169,True,True,False,0.43106825790464315,-0.3654539556299806,0.0606917283898481,0.02616227762623359,0.08685400601608169,0.02616227762623359,4.3955012008749845,4.3955012008749845,-0.36785799713963296,4.0524589439856005,-0.024815740250248908,4.133174065361444,-0.10553086162609215
876,2026-05-15T15:01:38.148Z,2026-05-15 15:01:38.148000+00:00,5475.505683333334,91.25842805555557,69.134,6,63,test,5,9,4.212347984313965,9.634102821350098,6.711663722991943,3.916694402694702,20.262460947036743,0.19329806053333784,0.8067019394666621,True,True,False,0.6966568498852069,-0.1569810883273492,0.04754655836984611,0.03312363557682011,0.08067019394666622,0.03312363557682011,4.603573040573451,4.603573040573451,-0.39122505625948634,4.260530783684067,-0.04818279937010228,4.297740799860185,-0.08539281554622047
877,2026-05-15T15:02:47.563Z,2026-05-15 15:02:47.563000+00:00,5476.6626,91.27771,69.415,6,64,test,6,0,4.104281425476074,9.443244934082031,4.972620010375977,7.503407955169678,21.919272899627686,0.3423201120552283,0.6576798879447717,True,True,False,0.5265795862637296,-0.27853598105383864,0.04308192601700046,0.02268606277747671,0.06576798879447718,0.02268606277747671,4.482425997869296,4.482425997869296,-0.3781445723932215,4.139383740979912,-0.03510231550383747,4.201924022150648,-0.0976425966745742
878,2026-05-15T15:03:56.809Z,2026-05-15 15:03:56.809000+00:00,5477.816699999999,91.296945,69.246,6,64,test,6,1,4.789065361022949,2.675597906112671,8.973150253295898,1.6796602010726929,13.328408360481262,0.12602106385432235,0.8739789361456777,True,True,False,3.3536990863970404,0.5255240925634365,0.020074399236189523,0.06732349437837824,0.08739789361456776,0.06732349437837824,5.2856695370896825,5.2856695370896825,-0.49660417606673324,4.942627280200298,-0.15356191917734918,4.837219824063458,-0.04815446304050841
879,2026-05-15T15:05:06.042Z,2026-05-15 15:05:06.042000+00:00,5478.970583333333,91.31617638888888,69.233,6,64,test,6,2,4.019924163818359,5.703552722930908,2.783604383468628,7.33898115158081,15.826138257980347,0.46372532780573433,0.5362746721942656,True,True,False,0.4880474536997364,-0.31153794873911234,0.03603881521795051,0.017588652001476055,0.05362746721942656,0.017588652001476055,4.449765750382462,4.449765750382462,-0.42984158656410276,4.106723493493078,-0.0867993296747187,4.176092606017557,-0.15616844219919734
880,2026-05-15T15:06:15.470Z,2026-05-15 15:06:15.470000+00:00,5480.127716666667,91.33546194444445,69.428,6,64,test,6,3,4.855227470397949,1.233954906463623,7.1714396476745605,2.496415138244629,10.901809692382812,0.2289908931348247,0.7710091068651753,True,True,False,5.811751799121335,0.7643070587275493,0.011318807989519373,0.06578210269699816,0.07710091068651753,0.06578210269699816,5.524441364939839,5.524441364939839,-0.6692138945418895,5.181399108050455,-0.32617163765250545,5.026067579994966,-0.1708401095970169
881,2026-05-15T15:07:24.708Z,2026-05-15 15:07:24.708000+00:00,5481.281683333334,91.35469472222222,69.238,6,64,test,6,4,4.227785110473633,2.492751121520996,2.291223764419556,4.7113776206970215,9.495352506637573,0.4961772211619957,0.5038227788380043,True,True,False,0.9191546418888081,-0.036611415198183186,0.0262523283867395,0.02412994949706094,0.05038227788380044,0.02412994949706094,4.724040620633543,4.724040620633543,-0.49625551015991043,4.380998363744159,-0.15321325327052637,4.393020181693811,-0.16523507122017822
882,2026-05-15T15:08:33.800Z,2026-05-15 15:08:33.800000+00:00,5482.433216666667,91.37388694444445,69.092,6,64,test,6,5,4.440608024597168,8.555809020996094,9.883586883544922,4.506051063537598,22.945446968078613,0.1963810541501481,0.8036189458498519,True,True,False,1.155190217463999,0.06265350249063222,0.03728761105808406,0.04307428352690114,0.08036189458498519,0.04307428352690114,4.822980131755352,4.822980131755352,-0.3823721071581838,4.479937874865968,-0.03932985026879976,4.471272732744514,-0.030664708147345898
883,2026-05-15T15:09:42.976Z,2026-05-15 15:09:42.976000+00:00,5483.58615,91.3931025,69.176,6,64,test,6,6,3.692420006,8.345844268798828,1.6624253988265991,9.080878257751465,19.089147925376892,0.47570893647271967,0.5242910635272803,True,True,False,0.19919199847061883,-0.7007281111424997,0.04372036039232511,0.008708745960402926,0.05242910635272804,0.008708745960402926,4.0644075480476305,4.0644075480476305,-0.3719875420476306,3.721365291158246,-0.028945285158246126,3.8713077727481857,-0.17888776674818585
884,2026-05-15T15:10:52.264Z,2026-05-15 15:10:52.264000+00:00,5484.74095,91.41234916666667,69.288,6,64,test,6,7,4.765908241271973,2.273276805877685,7.868211269378662,1.2191734313964844,11.360661506652832,0.10731535577241988,0.8926846442275801,True,True,False,3.4611760648922996,0.5392236917721237,0.020010074277333662,0.06925839014542434,0.089268464422758,0.06925839014542434,5.299364058834422,5.299364058834422,-0.5334558175624498,4.956321801945038,-0.1904135606730657,4.848051000100156,-0.08214275882818356
885,2026-05-15T15:12:01.534Z,2026-05-15 15:12:01.534000+00:00,5485.89545,91.43159083333333,69.27,6,64,test,6,8,4.597744941711426,4.222699165344238,8.329392433166504,8.691819190979004,21.243910789489746,0.40914402612155626,0.5908559738784437,True,True,False,1.9725280222484152,0.29502318162615365,0.01987722132326683,0.03920837606457755,0.05908559738784438,0.03920837606457755,5.055313056161458,5.055313056161458,-0.45756811445003187,4.712270799272074,-0.11452585756064781,4.65502787587904,-0.05728293416761421
886,2026-05-15T15:13:10.841Z,2026-05-15 15:13:10.841000+00:00,5487.050566666667,91.45084277777778,69.307,6,64,test,6,9,3.99621582,8.944395065307617,3.675065755844116,7.164209842681885,19.783670663833618,0.36212743147704757,0.6378725685229524,True,True,False,0.4108791851221436,-0.3862858592627468,0.04521099859218138,0.018576258260113866,0.06378725685229525,0.018576258260113866,4.375103838620849,4.375103838620849,-0.3788880186208492,4.032061581731465,-0.03584576173146514,4.117041525256952,-0.12082570525695191
887,2026-05-15T15:14:20.080Z,2026-05-15 15:14:20.080000+00:00,5488.2045499999995,91.47007583333333,69.239,6,65,test,7,0,4.295050621032715,5.397990703582764,4.966917991638184,9.655948638916016,20.020857334136963,0.48229446310732893,0.5177055368926711,True,True,False,0.9201420054950321,-0.03614514282432217,0.0269618359168806,0.024808717772386506,0.051770553689267106,0.024808717772386506,4.724488726009514,4.724488726009514,-0.429438104976799,4.38144646912013,-0.08639584808741496,4.393374594085905,-0.09832397305318974
888,2026-05-15T15:15:29.510Z,2026-05-15 15:15:29.510000+00:00,5489.361716666666,91.48936194444444,69.43,6,65,test,7,1,4.157212257385254,6.449989795684815,3.967228651046753,2.641309261322021,13.058527708053589,0.20226700286381027,0.7977329971361897,True,True,False,0.6150751825531439,-0.21107179581426574,0.04939293264819519,0.030380367065423793,0.07977329971361899,0.030380367065423793,4.549579415051543,4.549579415051543,-0.39236715766628905,4.206537158162159,-0.04932490077690499,4.255036536521307,-0.09782427913605307
889,2026-05-15T15:16:38.934Z,2026-05-15 15:16:38.934000+00:00,5490.518783333333,91.50864638888888,69.424,6,65,test,7,2,4.377754211425781,8.466106414794922,8.469292640686035,8.565243721,25.50064277648096,0.33588344404007164,0.6641165559599282,True,True,False,1.0003763507963408,0.00016341632510715124,0.033199580453725445,0.033212075142267386,0.06641165559599282,0.033212075142267386,4.760617324849605,4.760617324849605,-0.3828631134238236,4.417575067960221,-0.039820856534439564,4.421949174585337,-0.044194963159555734
890,2026-05-15T15:17:48.577Z,2026-05-15 15:17:48.577000+00:00,5491.6795,91.52799166666667,69.643,6,65,test,7,3,4.403116226196289,1.1225610971450806,2.146693229675293,5.541194915771484,8.810449242591858,0.6289344349189367,0.37106556508106325,True,True,False,1.9123174989181484,0.2815599991225434,0.012741246969772515,0.024365309538333813,0.03710655650810633,0.024365309538333813,5.042031237942752,5.042031237942752,-0.6389150117464633,4.698988981053368,-0.2958727548570792,4.644523112449131,-0.24140688625284223
891,2026-05-15T15:18:57.867Z,2026-05-15 15:18:57.867000+00:00,5492.834333333333,91.54723888888888,69.29,6,65,test,7,4,4.644610404968262,3.470476627349853,7.575432300567627,6.023900032043457,17.069808959960938,0.3528979173799284,0.6471020826200715,True,True,False,2.1828218754933455,0.3390182974834942,0.020331080655268185,0.044379127606738976,0.06471020826200716,0.044379127606738976,5.099266123471891,5.099266123471891,-0.45465571850362885,4.7562238665825065,-0.11161346161424479,4.689790930643988,-0.04518052567572628
892,2026-05-15T15:20:07.139Z,2026-05-15 15:20:07.139000+00:00,5493.988866666667,91.56648111111112,69.272,6,65,test,7,5,4.903746604919434,1.3741346597671509,8.039245605,5.798343658447266,15.211723923214416,0.3811759724089186,0.6188240275910813,True,True,False,5.850405961204895,0.7671860029358603,0.009033392051443306,0.05284901070766484,0.06188240275910814,0.05284901070766484,5.527353000506624,5.527353000506624,-0.6236063955871902,5.18431074361724,-0.28056413869780616,5.028370430577585,-0.12462382565815133
893,2026-05-15T15:21:16.880Z,2026-05-15 15:21:16.880000+00:00,5495.151216666666,91.5858536111111,69.741,6,65,test,7,6,4.27023983,9.151499748,6.831424713134766,3.245405435562134,19.2283298966969,0.16878249192716624,0.8312175080728338,True,True,False,0.7464814403374407,-0.1269809856070556,0.04759383574738893,0.03552791505989446,0.08312175080728339,0.03552791505989446,4.633515399962855,4.633515399962855,-0.3632755699628545,4.290473143073471,-0.020233313073470427,4.32142260281364,-0.05118277281363959
894,2026-05-15T15:22:26.319Z,2026-05-15 15:22:26.319000+00:00,5496.308533333333,91.60514222222221,69.439,6,65,test,7,7,4.123027801513672,9.831826210021973,5.592966079711914,5.723219394683838,21.148011684417725,0.27062683150023126,0.7293731684997687,True,True,False,0.568863399356142,-0.2449920078195147,0.04649054651916169,0.02644677033081518,0.07293731684997687,0.02644677033081518,4.515793391099266,4.515793391099266,-0.3927655895855944,4.172751134209882,-0.04972333269621032,4.228314729084126,-0.10528692757045377
895,2026-05-15T15:23:35.703Z,2026-05-15 15:23:35.703000+00:00,5497.464933333334,91.62441555555556,69.384,6,65,test,7,8,3.863339424133301,8.514848709106445,2.530998468399048,6.905486583709717,17.95133376121521,0.38467819024285427,0.6153218097571458,True,True,False,0.29724526587209943,-0.5268850535200242,0.04743295858886663,0.014099222386847942,0.06153218097571458,0.014099222386847942,4.235435260635423,4.235435260635423,-0.3720958365021225,3.892393003746039,-0.029053579612738023,4.006575823485615,-0.1432363993523138
896,2026-05-15T15:24:45.024Z,2026-05-15 15:24:45.024000+00:00,5498.620283333334,91.64367138888889,69.321,6,65,test,7,9,4.318758964538574,8.885738372802734,8.401227951049805,4.075616836547852,21.36258316040039,0.19078295943642162,0.8092170405635783,True,True,False,0.945473251470479,-0.02435075333728513,0.04159486849546426,0.039326835560893586,0.08092170405635785,0.039326835560893586,4.736043756463407,4.736043756463407,-0.4172847919248328,4.393001499574023,-0.07424253503544875,4.402513618528551,-0.08375465398997672
897,2026-05-15T15:25:54.435Z,2026-05-15 15:25:54.435000+00:00,5499.777133333334,91.66295222222223,69.411,6,66,test,8,0,4.335851669311523,9.322631836,8.670869827270508,6.293560028076172,24.28706169134668,0.25913221237126954,0.7408677876287305,True,True,False,0.9300881961022351,-0.031475867290781154,0.038385177896268906,0.03570160086660414,0.07408677876287305,0.03570160086660414,4.728962351557077,4.728962351557077,-0.39311068224555346,4.385920094667693,-0.0500684253561694,4.396912842936875,-0.061061173625351906
898,2026-05-15T15:27:04.058Z,2026-05-15 15:27:04.058000+00:00,5500.937516666667,91.68229194444444,69.623,6,66,test,8,1,4.160520553588867,6.780945777893066,4.1375226974487305,1.8140027523040767,12.732471227645874,0.1424705950534844,0.8575294049465155,True,True,False,0.6101689694876629,-0.2145498824408219,0.05325710662647856,0.032495833868173,0.08575294049465157,0.032495833868173,4.546062029164282,4.546062029164282,-0.3855414755754145,4.203019772274898,-0.04249921868603046,4.252254590101852,-0.0917340365129844
899,2026-05-15T15:28:13.701Z,2026-05-15 15:28:13.701000+00:00,5502.098233333333,91.70163722222222,69.643,6,66,test,8,2,4.161623001098633,7.223861217498779,4.599279403686523,5.634607791900635,17.457748413085938,0.3227568446156011,0.6772431553843989,True,True,False,0.6366788155544048,-0.19607960033387253,0.0413791117076927,0.026345203830747194,0.0677243155384399,0.026345203830747194,4.56465542692615,4.56465542692615,-0.40303242582751686,4.221613170036766,-0.059990168938132804,4.266960351137757,-0.10533735003912437
900,2026-05-15T15:29:22.975Z,2026-05-15 15:29:22.975000+00:00,5503.2528,91.72088000000001,69.274,6,66,test,8,3,4.035914421081543,9.368185997009276,4.217327117919922,7.683747768,21.269260882929196,0.3612606855636911,0.6387393144363089,True,True,False,0.4501754255590434,-0.3466182162111043,0.04404565842026144,0.01982827302336946,0.0638739314436309,0.01982827302336946,4.414603813995723,4.414603813995723,-0.3786893929141799,4.071561557106339,-0.035647136024795856,4.148282571472739,-0.11236815039119641
901,2026-05-15T15:30:32.330Z,2026-05-15 15:30:32.330000+00:00,5504.408716666667,91.74014527777778,69.355,6,66,test,8,4,3.8660964965820312,9.028949737548828,2.626143455505371,1.2452287673950195,12.900321960449219,0.09652695267705225,0.9034730473229478,True,True,False,0.29085813210189765,-0.5363187892573679,0.06999011160520228,0.02035719312709249,0.09034730473229477,0.02035719312709249,4.2253186889049665,4.2253186889049665,-0.3592221923229353,3.882276432015582,-0.016179935433550785,3.9985744948271273,-0.1324779982450961
902,2026-05-15T15:31:41.788Z,2026-05-15 15:31:41.788000+00:00,5505.56635,91.75943916666667,69.458,6,66,test,8,5,4.404218673706055,8.907128334,9.676588058,3.154108047485352,21.73782443948535,0.1450976870415845,0.8549023129584156,True,True,False,1.0863869583042656,0.03598454341425344,0.04097525195677253,0.044514979339069026,0.08549023129584156,0.044514979339069026,4.7963098944168046,4.7963098944168046,-0.39209122071074987,4.4532676375274205,-0.04904896382136581,4.450178893840261,-0.045960220134205976
903,2026-05-15T15:32:51.223Z,2026-05-15 15:32:51.223000+00:00,5506.7236,91.77872666666667,69.435,6,66,test,8,6,4.676036834716797,3.4795165061950684,8.371276855,4.395429611206055,16.24622297240112,0.27055086087843033,0.7294491391215697,True,True,False,2.405873586199533,0.3812728041101006,0.02141738736508804,0.05152752654706894,0.07294491391215699,0.05152752654706894,5.141480034238286,5.141480034238286,-0.4654431995214887,4.7984377773489015,-0.12240094263210466,4.723178463792704,-0.0471416290759068
904,2026-05-15T15:34:00.496Z,2026-05-15 15:34:00.496000+00:00,5507.8781500000005,91.79796916666668,69.273,6,66,test,8,7,4.177612305,3.0374038219451904,2.325367212295532,4.023921012878418,9.38669204711914,0.42868360788648596,0.571316392113514,True,True,False,0.7655772326006814,-0.11601099046490565,0.032358617995541857,0.024773021215809543,0.0571316392113514,0.024773021215809543,4.644690378833914,4.644690378833914,-0.467078073833914,4.30164812194453,-0.12403581694452992,4.330261039497661,-0.15264873449766103
905,2026-05-15T15:35:09.853Z,2026-05-15 15:35:09.853000+00:00,5509.0341,91.817235,69.357,6,66,test,8,8,4.531582832336426,5.597064971923828,8.557381629943848,3.0040762424468994,17.158522844314575,0.17507778902088247,0.8249222109791176,True,True,False,1.5289051802810316,0.18438055215029328,0.03261973669125253,0.04987248440665923,0.08249222109791177,0.04987248440665923,4.9446307115534935,4.9446307115534935,-0.41304787921706776,4.6015884546641095,-0.0700056223276837,4.567487764515612,-0.03590493217918578
906,2026-05-15T15:36:19.048Z,2026-05-15 15:36:19.048000+00:00,5510.187349999999,91.83645583333332,69.195,6,66,test,8,9,4.243223190307617,7.992061614990234,5.754061698913574,2.8887853622436523,16.63490867614746,0.17365802352650347,0.8263419764734965,True,True,False,0.7199721393690238,-0.14268430905817964,0.04804391638440389,0.03459028126294576,0.08263419764734965,0.03459028126294576,4.6178362446947,4.6178362446947,-0.3746130543870825,4.274793987805316,-0.03157079749769842,4.309021754212896,-0.06579856390527894
907,2026-05-15T15:37:28.174Z,2026-05-15 15:37:28.174000+00:00,5511.33945,91.8556575,69.126,6,67,test,9,0,5.011812210083008,1.1730668544769287,9.721030235290527,9.638673782348633,20.53277087211609,0.4694287898297323,0.5305712101702676,True,True,False,8.286850999319336,0.9183895301366692,0.00571314442548023,0.047343976591546544,0.053057121017026775,0.047343976591546544,5.678567727282116,5.678567727282116,-0.6667555171991078,5.3355254703927315,-0.3237132603097237,5.147968132167693,-0.13615592208468552
908,2026-05-15T15:38:37.478Z,2026-05-15 15:38:37.478000+00:00,5512.494516666667,91.87490861111111,69.304,6,67,test,9,1,4.845854759216309,2.397249698638916,9.144902229309082,3.4551031589508057,14.997255086898804,0.23038236923562702,0.769617630764373,True,True,False,3.814747472698098,0.5814657939701512,0.015984589744913312,0.06097717333152399,0.0769617630764373,0.06097717333152399,5.341621894651355,5.341621894651355,-0.49576713543504614,4.998579637761971,-0.15272487854566208,4.881473274144806,-0.03561851492849755
909,2026-05-15T15:39:46.508Z,2026-05-15 15:39:46.508000+00:00,5513.645016666666,91.8940836111111,69.03,6,67,test,9,2,4.329235076904297,8.762042999267578,7.699069976806641,5.447832107543945,21.908945083618164,0.24865789232441948,0.7513421076755805,True,True,False,0.8786843407924623,-0.05616711317768812,0.039992993573292425,0.03514121719426563,0.07513421076755805,0.03514121719426563,4.704291559762483,4.704291559762483,-0.37505648285818616,4.361249302873099,-0.0320142259688021,4.37740039161709,-0.04816531471279273
910,2026-05-15T15:40:55.539Z,2026-05-15 15:40:55.539000+00:00,5514.795533333334,91.9132588888889,69.031,6,67,test,9,3,5.006850242614746,1.0801368951797483,8.898091316223145,2.262293815612793,12.240522027015686,0.18482004367295388,0.8151799563270461,True,True,False,8.237929243906061,0.9158180574537169,0.008824271487734027,0.07269372414497058,0.0815179956327046,0.07269372414497058,5.675934230907223,5.675934230907223,-0.6690839882924768,5.332891974017839,-0.3260417314030928,5.145885265503187,-0.13903502288844116
911,2026-05-15T15:42:04.814Z,2026-05-15 15:42:04.814000+00:00,5515.950116666666,91.93250194444444,69.275,6,67,test,9,4,4.549777030944824,1.1259809732437134,2.807635545730591,4.739164352416992,8.672780871391296,0.5464411499257367,0.4535588500742634,True,True,False,2.4935017664129666,0.3968096802115434,0.01298292888914052,0.03237295611828582,0.045355885007426336,0.03237295611828582,5.157136047685543,5.157136047685543,-0.6073590167407188,4.814093790796159,-0.26431675985133474,4.735561009225172,-0.1857839782803481
912,2026-05-15T15:43:14.015Z,2026-05-15 15:43:14.015000+00:00,5517.1034666666665,91.95172444444444,69.201,6,67,test,9,5,4.148941993713379,6.894925594329834,3.6857290267944336,3.856064796447754,14.436719417572021,0.2671011803245443,0.7328988196754558,True,True,False,0.5345567513919888,-0.2720061809921235,0.04775964258152375,0.025530239386021832,0.07328988196754559,0.025530239386021832,4.48884053806113,4.48884053806113,-0.3398985443477507,4.1457982811717455,0.00314371254163337,4.206997365733378,-0.05805537201999922
913,2026-05-15T15:44:23.298Z,2026-05-15 15:44:23.298000+00:00,5518.258183333333,91.97096972222222,69.283,6,67,test,9,6,4.160520553588867,5.277148246765137,3.5383896827697754,9.219036102294922,18.034574031829834,0.5111867952092426,0.4888132047907574,True,True,False,0.6705117077085695,-0.17359363459264093,0.029261285780586323,0.01962003469848942,0.04888132047907574,0.01962003469848942,4.58736239437735,4.58736239437735,-0.42684184078848286,4.244320137487966,-0.0837995838990988,4.284919588145651,-0.12439903455678358
914,2026-05-15T15:45:32.592Z,2026-05-15 15:45:32.592000+00:00,5519.413083333333,91.99021805555554,69.294,6,67,test,9,7,4.511734008789063,3.0430002212524414,5.596164226531982,3.3462939262390137,11.985458374023438,0.2791961576948588,0.7208038423051412,True,True,False,1.8390285309373744,0.26458846699367733,0.02538910174555908,0.046691282484955035,0.07208038423051412,0.046691282484955035,5.024837850990564,5.024837850990564,-0.5131038422015006,4.68179559410118,-0.17006158531211657,4.6309246382404385,-0.11919062945137515
915,2026-05-15T15:46:42.382Z,2026-05-15 15:46:42.382000+00:00,5520.57625,92.00960416666666,69.79,6,67,test,9,8,4.670523643493652,3.317999839782715,8.048895835876465,3.286436080932617,14.653331756591797,0.22427910153977199,0.775720898460228,True,True,False,2.4258276746642524,0.38485994632421666,0.022643313445013035,0.054928776401009766,0.0775720898460228,0.054928776401009766,5.14505387927243,5.14505387927243,-0.4745302357787775,4.802011622383046,-0.13148797888939345,4.726005064488531,-0.055481420994878405
916,2026-05-15T15:47:51.554Z,2026-05-15 15:47:51.554000+00:00,5521.729116666666,92.0288186111111,69.172,6,67,test,9,9,4.628069877624512,3.219695806503296,6.762788296,1.3365367650985718,11.319020867601868,0.1180788321474082,0.8819211678525918,True,True,False,2.1004432413584526,0.32231095043108304,0.028445002833407132,0.05974711395185205,0.08819211678525918,0.05974711395185205,5.082497316685765,5.082497316685765,-0.45442743906125305,4.739455059796381,-0.11138518217186899,4.676528262431739,-0.048458384807227084
917,2026-05-15T15:49:00.656Z,2026-05-15 15:49:00.656000+00:00,5522.880816666667,92.04801361111112,69.102,6,68,test,10,0,4.403667449951172,8.997776031,8.708091735839844,1.5136263370513916,19.219494103891236,0.07875474395264849,0.9212452560473515,True,True,False,0.9678049004373849,-0.014212183190892371,0.046815883822760376,0.04530864178197478,0.09212452560473516,0.04530864178197478,4.746126223803932,4.746126223803932,-0.34245877385276025,4.403083966914548,0.0005834830366238108,4.410487973579792,-0.006820523628619846
918,2026-05-15T15:50:09.753Z,2026-05-15 15:50:09.753000+00:00,5524.032433333333,92.06720722222221,69.097,6,68,test,10,1,4.217309951782227,7.080188751220703,4.900061607,9.592736244,21.572986602220702,0.44466426558724753,0.5553357344127524,True,True,False,0.6920806463182461,-0.15984329541278075,0.03281969660376963,0.022713876837505625,0.055533573441275255,0.022713876837505625,4.600967415695577,4.600967415695577,-0.38365746391335076,4.257925158806193,-0.040615207023966704,4.295679977126548,-0.0783700253443218
919,2026-05-15T15:51:19.043Z,2026-05-15 15:51:19.043000+00:00,5525.187266666666,92.08645444444443,69.29,6,68,test,10,2,4.921941757202148,1.2119569778442385,7.535095215,3.012435913085937,11.759488105930176,0.2561706671200084,0.7438293328799915,True,True,False,6.217295954187258,0.7936015410389322,0.010306205227020575,0.06407672806097858,0.07438293328799916,0.06407672806097858,5.553738070709828,5.553738070709828,-0.6317963135076798,5.210695813820444,-0.2887540566182958,5.049238727071497,-0.1272969698693487
920,2026-05-15T15:52:28.442Z,2026-05-15 15:52:28.442000+00:00,5526.343916666667,92.10573194444444,69.399,6,68,test,10,3,4.676036834716797,2.384669780731201,6.028568267822266,3.3284003734588623,11.741638422012329,0.2834698407352615,0.7165301592647385,True,True,False,2.5280516055240785,0.40278593502395177,0.020309514694819796,0.05134350123165406,0.07165301592647386,0.05134350123165406,5.1629909544089685,5.1629909544089685,-0.4869541196921716,4.819948697519584,-0.14391186280278756,4.7401917313914455,-0.06415489667464858
921,2026-05-15T15:53:37.727Z,2026-05-15 15:53:37.727000+00:00,5527.498666666666,92.12497777777777,69.285,6,68,test,10,4,4.775832176208496,3.533058881759644,9.354855537,1.5001885890960691,14.388103007855713,0.10426590553855404,0.8957340944614459,True,True,False,2.6478062919632985,0.4228862098429573,0.024555418319083765,0.06501799112706083,0.0895734094461446,0.06501799112706083,5.183046044470558,5.183046044470558,-0.40721386826206185,4.840003787581174,-0.0641716113726778,4.756053563950319,0.01977861225817712
922,2026-05-15T15:54:47.266Z,2026-05-15 15:54:47.266000+00:00,5528.657649999999,92.14429416666665,69.539,6,68,test,10,5,4.059070587158203,9.958820343017578,4.521877288818359,2.04067611694336,16.521373748779297,0.12351733868947416,0.8764826613105259,True,True,False,0.45405752218321527,-0.34288912515104963,0.06027840356649155,0.02736986256456104,0.08764826613105259,0.02736986256456104,4.417991788329946,4.417991788329946,-0.35892120117174287,4.074949531440562,-0.01587894428235881,4.150962164605364,-0.0918915774471607
923,2026-05-15T15:55:57.083Z,2026-05-15 15:55:57.083000+00:00,5529.821266666667,92.16368777777778,69.817,6,68,test,10,6,4.726210594177246,2.8971753120422363,8.102963448,1.1195892095565796,12.119727969598816,0.09237742071150132,0.9076225792884987,True,True,False,2.796849543180793,0.44666910408197774,0.023904623266376317,0.06685763466247356,0.09076225792884987,0.06685763466247356,5.206822268368318,5.206822268368318,-0.48061167419107154,4.863780011478934,-0.13756941730168748,4.7748584898414705,-0.04864789566422445
924,2026-05-15T15:57:06.448Z,2026-05-15 15:57:06.448000+00:00,5530.97735,92.18295583333334,69.365,6,68,test,10,7,4.360110282897949,7.773075580596924,6.85299015,1.702354907989502,16.328420638586426,0.10425716887563458,0.8957428311243655,True,True,False,0.8816317400935053,-0.05471278294404941,0.047604577029501674,0.04196970608293487,0.08957428311243654,0.04196970608293487,4.705670647446108,4.705670647446108,-0.34556036454815864,4.362628390556724,-0.002518107658774582,4.378491130070743,-0.018380847172793757
925,2026-05-15T15:58:15.657Z,2026-05-15 15:58:15.657000+00:00,5532.130833333333,92.20218055555554,69.209,6,68,test,10,8,4.675485610961914,2.031219482421875,5.599815368652344,1.5043443441390991,9.135379195213318,0.1646723482400526,0.8353276517599474,True,True,False,2.7568736008653976,0.4404168547147414,0.02223464881989986,0.06129811635609489,0.08353276517599476,0.06129811635609489,5.200584545189402,5.200584545189402,-0.5250989342274881,4.857542288300018,-0.18205667733810404,4.769924993142692,-0.09443938218077808
926,2026-05-15T15:59:24.786Z,2026-05-15 15:59:24.786000+00:00,5533.2829833333335,92.22138305555556,69.129,6,68,test,10,9,4.704707145690918,1.3532836437225342,4.970680236816406,5.1910271644592285,11.514991044998169,0.4508060096767582,0.5491939903232418,True,True,False,3.6730512925903303,0.5650269931243311,0.011752363839747558,0.04316703519257663,0.054919399032324186,0.04316703519257663,5.325249283831233,5.325249283831233,-0.6205421381403147,4.982207026941849,-0.2774998812509306,4.868523962494605,-0.16381681680368665
927,2026-05-15T16:00:33.952Z,2026-05-15 16:00:33.952000+00:00,5534.435750000001,92.24059583333334,69.166,6,69,test,11,0,4.002281188964844,7.778479576,3.191003799438477,7.472362995147705,18.441846370586184,0.40518518834782985,0.5948148116521701,True,True,False,0.4102349010832547,-0.3869673944233094,0.0421784208570693,0.01730306030814771,0.05948148116521701,0.01730306030814771,4.374525790720254,4.374525790720254,-0.3722446017554102,4.03148353383087,-0.02920234486602613,4.1165843396256685,-0.11430315066082475
928,2026-05-15T16:01:43.271Z,2026-05-15 16:01:43.271000+00:00,5535.591066666666,92.2598511111111,69.319,6,69,test,11,1,4.102075576782227,2.584921836853028,1.8162142038345337,5.558938026428223,9.960074067115784,0.5581221574226674,0.4418778425773326,True,True,False,0.7026186161379854,-0.15328034759993625,0.025952837493321612,0.018234946764411654,0.044187784257733266,0.018234946764411654,4.60772007339582,4.60772007339582,-0.5056444966135931,4.264677816506436,-0.16260223972420906,4.30102074226097,-0.19894516547874375
929,2026-05-15T16:02:52.753Z,2026-05-15 16:02:52.753000+00:00,5536.7491,92.27915166666666,69.482,6,69,test,11,2,3.859480857849121,9.199625968933104,2.708107709884644,4.497371673583984,16.405105352401733,0.2741446383290408,0.7258553616709591,True,True,False,0.2943715015186327,-0.5311042369034409,0.056077823161228675,0.01650771300586724,0.07258553616709591,0.01650771300586724,4.230894319613479,4.230894319613479,-0.37141346176435786,3.8878520627240944,-0.028371204874973355,4.002984333947118,-0.14350347609799652
930,2026-05-15T16:04:01.964Z,2026-05-15 16:04:01.964000+00:00,5537.902616666667,92.29837694444446,69.211,6,69,test,11,3,3.691316604614258,7.729015350341797,1.7057859897613523,8.430353164672852,17.865154504776,0.47188806357197266,0.5281119364280273,True,True,False,0.22069900400520204,-0.6561996267659426,0.043263075884821214,0.009548117757981518,0.052811193642802734,0.009548117757981518,4.108115395619895,4.108115395619895,-0.416798791005637,3.7650731387305103,-0.07375653411625249,3.905876880020751,-0.21456027540649325
931,2026-05-15T16:05:11.064Z,2026-05-15 16:05:11.064000+00:00,5539.054283333333,92.31757138888888,69.1,6,69,test,11,4,4.140119552612305,8.402395248413086,5.110621929168701,7.974367141723633,21.48738431930542,0.3711185606969869,0.6288814393030131,True,True,False,0.6082339354523838,-0.21592935274078112,0.03910385332878289,0.023784290601518418,0.06288814393030132,0.023784290601518418,4.544907845479078,4.544907845479078,-0.4047882928667734,4.201865588589694,-0.06174603597738937,4.251341731156783,-0.11122217854447847
932,2026-05-15T16:06:20.292Z,2026-05-15 16:06:20.292000+00:00,5540.208083333333,92.33680138888889,69.228,6,69,test,11,5,4.415797233581543,3.5168278217315674,4.867520332336426,9.176299095153809,17.5606472492218,0.522549024812309,0.47745097518769103,True,True,False,1.3840655781492945,0.1411566678329162,0.02002675511796648,0.02771834240080262,0.0477450975187691,0.02771834240080262,4.901625173623448,4.901625173623448,-0.4858279400419052,4.558582916734064,-0.14278568315252116,4.533474123108079,-0.11767688952653632
933,2026-05-15T16:07:29.464Z,2026-05-15 16:07:29.464000+00:00,5541.36095,92.35601583333333,69.172,6,69,test,11,6,4.28953743,9.299139022827148,7.716714859008789,2.809561491012573,19.82541537284851,0.14171513878394446,0.8582848612160555,True,True,False,0.8298311101776317,-0.08101028760151245,0.04690514094127174,0.038923345180333815,0.08582848612160555,0.038923345180333815,4.67941682777229,4.67941682777229,-0.3898793977722894,4.336374570882906,-0.04683714088290536,4.357726641334064,-0.06818921133406342
934,2026-05-15T16:08:38.543Z,2026-05-15 16:08:38.543000+00:00,5542.512266666667,92.37520444444445,69.079,6,69,test,11,7,3.680289268493652,7.916508197784424,1.5245411396026611,7.488248825073242,16.929298162460327,0.4423248236998963,0.5576751763001038,True,True,False,0.1925774724807752,-0.7153945175723592,0.046762175973359556,0.009005341656650817,0.05576751763001037,0.009005341656650817,4.049714388202819,4.049714388202819,-0.36942511970916714,3.7066721313134345,-0.026382862819782638,3.859686760800424,-0.17939749230677204
935,2026-05-15T16:09:47.705Z,2026-05-15 16:09:47.705000+00:00,5543.664966666666,92.3944161111111,69.162,6,69,test,11,8,4.327580451965332,6.388840198516846,6.234550952911377,5.000342369,17.623733520428225,0.2837277562784268,0.716272243721573,True,True,False,0.9758501949005882,-0.010616846802060168,0.03625134362767878,0.03537588074447853,0.07162722437215732,0.03537588074447853,4.749814673297108,4.749814673297108,-0.42223422133177557,4.4067724164077235,-0.07919196444239152,4.413405216438484,-0.08582476447315202
936,2026-05-15T16:10:57.132Z,2026-05-15 16:10:57.132000+00:00,5544.8220833333335,92.4137013888889,69.427,6,69,test,11,9,4.628069877624512,4.637896060943604,9.386502265930176,2.1244165897369385,16.148814916610718,0.13155247618521887,0.8684475238147812,True,True,False,2.0238707686822206,0.30618277781201303,0.02871973011575637,0.05812502226572176,0.08684475238147812,0.05812502226572176,5.066376679855392,5.066376679855392,-0.4383068022308807,4.723334422966008,-0.09526454534149664,4.663778240299676,-0.035708362675164196
937,2026-05-15T16:12:06.577Z,2026-05-15 16:12:06.577000+00:00,5545.9795,92.43299166666667,69.445,6,70,test,12,0,4.421862602233887,8.974524498,9.187628746032717,3.639041423797608,21.801194667830323,0.1669193582848627,0.8330806417151373,True,True,False,1.023745463960816,0.010191990488961572,0.04116528765849121,0.04214277651302253,0.08330806417151373,0.04214277651302253,4.770545709430042,4.770545709430042,-0.34868310719615536,4.427503452540658,-0.005640850306771306,4.429801663569997,-0.007939061336109887
938,2026-05-15T16:13:15.951Z,2026-05-15 16:13:15.951000+00:00,5547.135733333333,92.45226222222222,69.374,6,70,test,12,1,4.47203540802002,8.240070343017578,9.526117324829102,2.238084554672241,20.00427222251892,0.11188032885059507,0.8881196711494049,True,True,False,1.1560723304869946,0.06298500687748154,0.041191552741127395,0.047620414373813105,0.0888119671149405,0.047620414373813105,4.823280369926695,4.823280369926695,-0.35124496190667465,4.480238113037311,-0.00820270501729059,4.4715101950339875,0.0005252129860329191
939,2026-05-15T16:14:25.054Z,2026-05-15 16:14:25.054000+00:00,5548.28745,92.4714575,69.103,6,70,test,12,2,4.3137969970703125,1.7774723768234253,2.057887554168701,1.8281068801879885,5.663466811180115,0.322789369327488,0.6772106306725121,True,True,False,1.1577606386471189,0.06361878041048774,0.03138488201810523,0.03633618104914599,0.06772106306725122,0.03633618104914599,4.824005528102902,4.824005528102902,-0.5102085310325899,4.480963271213518,-0.16716627414320584,4.472083732102851,-0.15828673503253832
940,2026-05-15T16:15:34.258Z,2026-05-15 16:15:34.258000+00:00,5549.44085,92.49068083333333,69.204,6,70,test,12,3,4.249288558959961,2.068960666656494,2.164322853088379,1.1377668380737305,5.3710503578186035,0.21183320994514426,0.7881667900548557,True,True,False,1.0460918315020427,0.019569810883098216,0.03852059706803384,0.04029608193745173,0.07881667900548557,0.04029608193745173,4.779935826033298,4.779935826033298,-0.5306472670733369,4.436893569143914,-0.18760501018395281,4.437228429384149,-0.18793987042418792
941,2026-05-15T16:16:43.565Z,2026-05-15 16:16:43.565000+00:00,5550.595966666666,92.50993277777776,69.307,6,70,test,12,4,4.705810547,3.1947031021118164,8.334090232849121,2.717710494995117,14.246503829956055,0.1907633288442741,0.809236671155726,True,True,False,2.608721363603391,0.4164276947722021,0.02242447087540404,0.058499196240168555,0.0809236671155726,0.058499196240168555,5.176606065217636,5.176606065217636,-0.47079551821763665,4.833563808328252,-0.1277532613282526,4.750960100282055,-0.045149553282055166
942,2026-05-15T16:17:52.840Z,2026-05-15 16:17:52.840000+00:00,5551.75055,92.52917583333333,69.275,6,70,test,12,5,4.467624664306641,7.016859531402588,8.556081771850586,9.509085655212402,25.082026958465576,0.3791195054115408,0.6208804945884592,True,True,False,1.2193605605983002,0.08613214394854947,0.027975647833494925,0.034112401625351,0.062088049458845926,0.034112401625351,4.846534456806213,4.846534456806213,-0.3789097924995728,4.503492199916829,-0.03586753561018874,4.489902155940654,-0.02227749163401338
943,2026-05-15T16:19:01.914Z,2026-05-15 16:19:01.914000+00:00,5552.901783333334,92.54836305555555,69.074,6,70,test,12,6,4.763151168823242,1.5192726850509644,5.532633304595947,2.1509549617767334,9.202860951423645,0.23372676965677608,0.7662732303432239,True,True,False,3.6416328411843684,0.5612961569762885,0.01650869977358442,0.060118623260737976,0.0766273230343224,0.060118623260737976,5.321456051752372,5.321456051752372,-0.5583048829291295,4.978413794862988,-0.21526262603974544,4.8655238457209045,-0.10237267689766227
944,2026-05-15T16:20:10.749Z,2026-05-15 16:20:10.749000+00:00,5554.049033333333,92.56748388888887,68.835,6,70,test,12,7,3.8936643600463863,5.865920066833496,1.8788107633590696,7.416406154632568,15.161136984825134,0.4891721618276842,0.5108278381723158,True,True,False,0.32029259552683903,-0.4944531011707246,0.0386905023858351,0.012392281431396483,0.05108278381723158,0.012392281431396483,4.268039320787582,4.268039320787582,-0.3743749607411959,3.9249970638981977,-0.031332703851811416,4.032362800322158,-0.1386984402757716
945,2026-05-15T16:21:20.020Z,2026-05-15 16:21:20.020000+00:00,5555.20355,92.58672583333333,69.271,6,70,test,12,8,4.3490839,9.442098617553713,9.434246063232422,7.369277954101562,26.245622634887695,0.2807812204198102,0.7192187795801898,True,True,False,0.9991683465043786,-0.000361332796680612,0.03597589871997379,0.0359459792380452,0.07192187795801899,0.0359459792380452,4.760058339770668,4.760058339770668,-0.4109744397706683,4.417016082881284,-0.06793218288128422,4.421507065988578,-0.07242316598857812
946,2026-05-15T16:22:29.128Z,2026-05-15 16:22:29.128000+00:00,5556.35535,92.60592249999999,69.108,6,70,test,12,9,4.243774414,7.910520553588867,5.714842796325684,4.242598056793213,17.867961406707764,0.23744163982806177,0.7625583601719382,True,True,False,0.7224357433384024,-0.14120077494453098,0.044272093349268155,0.031983742667925676,0.07625583601719382,0.031983742667925676,4.619361028363886,4.619361028363886,-0.3755866143638862,4.276318771474502,-0.03254435747450213,4.310227725523664,-0.06645331152366385
947,2026-05-15T16:23:38.729Z,2026-05-15 16:23:38.729000+00:00,5557.515366666667,92.62525611111113,69.601,6,71,test,13,0,4.470381736755371,7.911612033843994,9.568257331848145,1.4983625411987305,18.97823190689087,0.07895164041359855,0.9210483595864014,True,True,False,1.209394152660345,0.08256786449029235,0.041687824622752875,0.050417011335887274,0.09210483595864015,0.050417011335887274,4.842841152543922,4.842841152543922,-0.37245941578855124,4.499798895654538,-0.029417158899167184,4.486981073381687,-0.01659933662631552
948,2026-05-15T16:24:48.157Z,2026-05-15 16:24:48.157000+00:00,5558.6725,92.64454166666665,69.428,6,71,test,13,1,4.731724739074707,2.410114049911499,7.474205017089844,9.311722755432127,19.19604182243347,0.48508556303258177,0.5149144369674181,True,True,False,3.1011831234145544,0.491527411880768,0.012555265675108694,0.03893617802163313,0.05149144369674182,0.03893617802163313,5.251783521018767,5.251783521018767,-0.5200587819440603,4.908741264129383,-0.17701652505467624,4.8104189315541985,-0.0786941924794915
949,2026-05-15T16:25:57.557Z,2026-05-15 16:25:57.557000+00:00,5559.829166666666,92.66381944444444,69.4,6,71,test,13,2,4.516695976257324,4.018672943115234,5.932935715,8.834968566894531,18.786577225009765,0.47028090647257004,0.52971909352743,True,True,False,1.4763420161285503,0.16918697978430697,0.021391192738213896,0.03158071661452911,0.052971909352743006,0.03158071661452911,4.92958746949837,4.92958746949837,-0.41289149324104546,4.586545212608986,-0.0698492363516614,4.555589867977217,-0.03889389171989244
950,2026-05-15T16:27:07.096Z,2026-05-15 16:27:07.096000+00:00,5560.98815,92.68313583333334,69.539,6,71,test,13,3,4.4885759353637695,7.218587875366211,8.894198417663574,5.518002510070801,21.630788803100586,0.25509945847558935,0.7449005415244107,True,True,False,1.232124422564068,0.09065456603016796,0.033371819867851926,0.04111823428458914,0.07449005415244106,0.04111823428458914,4.850986825111099,4.850986825111099,-0.3624108897473297,4.507944568221715,-0.019368632857945656,4.493423592160869,-0.004847656797099198
951,2026-05-15T16:28:16.244Z,2026-05-15 16:28:16.244000+00:00,5562.140616666667,92.7023436111111,69.148,6,71,test,13,4,4.812222480773926,2.736635446548462,9.247177124023438,2.05918026,14.0429928305719,0.1466340035093602,0.8533659964906398,True,True,False,3.379031407229009,0.5287922284493148,0.019487551404218817,0.06584904824484517,0.08533659964906398,0.06584904824484517,5.288940670255413,5.288940670255413,-0.47671818948148736,4.945898413366029,-0.1336759325921033,4.839807005990503,-0.02758452521657695
952,2026-05-15T16:29:25.606Z,2026-05-15 16:29:25.606000+00:00,5563.29665,92.72161083333334,69.362,6,71,test,13,5,4.665560722351074,4.204248905181885,9.19395351409912,6.249533653259277,19.647736072540283,0.318079071817014,0.6819209281829859,True,True,False,2.1868242631322916,0.33981388380650107,0.021398134063179686,0.04679395875511891,0.06819209281829859,0.04679395875511891,5.1000487914241655,5.1000487914241655,-0.43448806907309123,4.757006534534781,-0.09144581218370718,4.6904099529455605,-0.024849230594486293
953,2026-05-15T16:30:34.766Z,2026-05-15 16:30:34.766000+00:00,5564.449316666666,92.74082194444443,69.16,6,71,test,13,6,3.7596845626831055,9.971034049987791,2.204766273498535,1.5700346231460571,13.745834946632383,0.11421893462577205,0.885781065374228,True,True,False,0.22111711407717385,-0.6553776424885005,0.07253858415076207,0.01603952238666073,0.0885781065374228,0.01603952238666073,4.107200620039394,4.107200620039394,-0.3475160573562883,3.7641583631500093,-0.004473800466903821,3.905153372071283,-0.14546880938817752
954,2026-05-15T16:31:44.104Z,2026-05-15 16:31:44.104000+00:00,5565.60495,92.7600825,69.338,6,71,test,13,7,4.720145225524902,2.496918201446533,7.547965049743652,4.939545631408691,14.984428882598877,0.3296452384077773,0.6703547615922226,True,True,False,3.022912422750136,0.4804255653494017,0.016663419213435324,0.05037205694578694,0.06703547615922226,0.05037205694578694,5.240624829363935,5.240624829363935,-0.5204796038390329,4.897582572474551,-0.17743734694964886,4.8015933766421295,-0.08144815111722714
955,2026-05-15T16:32:53.356Z,2026-05-15 16:32:53.356000+00:00,5566.75915,92.77931916666667,69.252,6,71,test,13,8,4.222823143005371,5.724366664886475,4.297187805175781,6.728175640106201,16.749730110168457,0.4016886001059592,0.5983113998940408,True,True,False,0.750683535269487,-0.12454310940339407,0.03417587404236033,0.02565526594704375,0.05983113998940408,0.02565526594704375,4.636141774332138,4.636141774332138,-0.41331863132676716,4.293099517442754,-0.0702763744373831,4.323499836590929,-0.10067669358555786
956,2026-05-15T16:34:02.835Z,2026-05-15 16:34:02.835000+00:00,5567.917133333333,92.7986188888889,69.479,6,71,test,13,9,4.430132865905762,8.739266395568848,9.688598633,5.688961982727051,24.116827011295896,0.23589181031411974,0.7641081896858802,True,True,False,1.1086283670117323,0.04478598690216491,0.03623721475248601,0.04017360421610203,0.07641081896858803,0.04017360421610203,4.805143005065385,4.805143005065385,-0.375010139159623,4.462100748176001,-0.031967882270238945,4.457165116372869,-0.027032250467107666
957,2026-05-15T16:35:11.957Z,2026-05-15 16:35:11.957000+00:00,5569.069166666667,92.81781944444445,69.122,6,72,test,14,0,4.779691696166992,3.2367043495178223,9.680793762207031,3.2136807441711426,16.131178855895996,0.19922169190979694,0.8007783080902031,True,True,False,2.9909416235836295,0.4758079366679234,0.020064896548678445,0.06001293426034187,0.08007783080902031,0.06001293426034187,5.23597564403862,5.23597564403862,-0.4562839478716274,4.8929333871492355,-0.11324169098224335,4.7979162752709135,-0.01822457910392128
958,2026-05-15T16:36:21.169Z,2026-05-15 16:36:21.169000+00:00,5570.2227,92.837045,69.212,6,72,test,14,1,4.276304244995117,9.889732360839844,7.705867290496826,7.009294033050537,24.604893684387207,0.2848739816948779,0.7151260183051221,True,True,False,0.7791785469351608,-0.10836301336242328,0.04019416823213212,0.0313184335983801,0.07151260183051222,0.0313184335983801,4.652186495269529,4.652186495269529,-0.3758822502744117,4.309144238380145,-0.03283999338502763,4.336189815852113,-0.05988557085699586
959,2026-05-15T16:37:30.165Z,2026-05-15 16:37:30.165000+00:00,5571.372633333333,92.85621055555556,68.996,6,72,test,14,2,4.623106956481934,3.819732666015625,7.7725934982299805,2.718940734863281,14.311266899108887,0.18998602667612746,0.8100139733238725,True,True,False,2.034852744377422,0.3085329862303944,0.02669038802045867,0.05431100931192858,0.08100139733238725,0.05431100931192858,5.068740129463345,5.068740129463345,-0.44563317298141136,4.725697872573961,-0.1025909160920273,4.665647523450614,-0.04254056696868069
960,2026-05-15T16:38:39.375Z,2026-05-15 16:38:39.375000+00:00,5572.526133333334,92.87543555555557,69.21,6,72,test,14,3,4.6286211013793945,4.305356025695801,8.340192794799805,8.121681213378906,20.76723003387451,0.39108158382852254,0.6089184161714775,True,True,False,1.9371668092075898,0.28716701937642186,0.020731489075207,0.04016035254194075,0.06089184161714775,0.04016035254194075,5.047451763747565,5.047451763747565,-0.4188306623681708,4.704409506858181,-0.07578840547878674,4.648810277075815,-0.020189175696420314
961,2026-05-15T16:39:48.968Z,2026-05-15 16:39:48.968000+00:00,5573.6860166666675,92.89476694444446,69.593,6,72,test,14,4,4.448879241943359,8.030914306640625,9.249985694885254,2.794346809387207,20.075246810913086,0.13919364656917566,0.8608063534308243,True,True,False,1.1517973348609385,0.0613760692828552,0.04000406262639295,0.04607657271668948,0.08608063534308244,0.04607657271668948,4.8216818479381836,4.8216818479381836,-0.3728026059948242,4.4786395910487995,-0.02976034910544012,4.470245903123775,-0.021366661180415747
962,2026-05-15T16:40:58.397Z,2026-05-15 16:40:58.397000+00:00,5574.8431666666675,92.9140527777778,69.429,6,72,test,14,5,4.671626091003418,2.8272743225097656,6.965917587280273,8.097490310668945,17.890682220458984,0.4526093645221096,0.5473906354778905,True,True,False,2.4638279815368755,0.3916103831688576,0.01580305483977923,0.03893600870800981,0.05473906354778904,0.03893600870800981,5.151882701252399,5.151882701252399,-0.4802566102489809,4.808840444363015,-0.13721435335959686,4.731406068946152,-0.05977997794273371
963,2026-05-15T16:42:08.186Z,2026-05-15 16:42:08.186000+00:00,5576.006316666667,92.93343861111111,69.789,6,72,test,14,6,4.574587821960449,5.771810054779053,9.672450065612791,7.368464469909668,22.812724590301514,0.32299800230973985,0.67700199769026,True,True,False,1.6758087972080808,0.2242244659324214,0.0253008360835288,0.04239936368549721,0.06770019976902601,0.04239936368549721,4.984508506309565,4.984508506309565,-0.40992068434911566,4.641466249420181,-0.0668784274597316,4.599027633012608,-0.024439811052158866
964,2026-05-15T16:43:17.886Z,2026-05-15 16:43:17.886000+00:00,5577.167983333334,92.95279972222222,69.7,6,72,test,14,7,4.3634185791015625,6.490137100219727,6.007671833,3.5099658966064453,16.00777482982617,0.21926632114205968,0.7807336788579403,True,True,False,0.9256617757422424,-0.033547669647583246,0.04054365562493487,0.03752971226085917,0.07807336788579404,0.03752971226085917,4.726870255423416,4.726870255423416,-0.36345167632185316,4.383827998534032,-0.0204094194324691,4.395258176791409,-0.03183959768984668
965,2026-05-15T16:44:27.471Z,2026-05-15 16:44:27.471000+00:00,5578.3277333333335,92.97212888888889,69.585,6,72,test,14,8,4.021027565002441,5.660436630249023,2.380804538726806,1.6003427505493164,9.641583919525146,0.1659833865376068,0.8340166134623932,True,True,False,0.42060439754840356,-0.37612619094351224,0.05870857607520366,0.024693085271035656,0.08340166134623932,0.024693085271035656,4.384903170766493,4.384903170766493,-0.36387560576405154,4.041860913877109,-0.02083334887466748,4.12479194498609,-0.10376437998364896
966,2026-05-15T16:45:36.892Z,2026-05-15 16:45:36.892000+00:00,5579.4847500000005,92.99141250000001,69.421,6,72,test,14,9,4.897130966186523,1.116580843925476,7.240491390228271,8.146263122558594,16.50333535671234,0.49361313616191493,0.5063868638380851,True,True,False,6.484520516018742,0.811877868631994,0.0067657889741138495,0.043872897409694654,0.0506386863838085,0.043872897409694654,5.572076087233035,5.572076087233035,-0.6749451210465116,5.229033830343651,-0.33190286415712755,5.063742503751616,-0.1666115375650925
967,2026-05-15T16:46:46.877Z,2026-05-15 16:46:46.877000+00:00,5580.6511666666665,93.01085277777777,69.985,6,73,test,15,0,4.342467308044434,8.176307678222656,7.321658611297607,5.028088092803955,20.52605438232422,0.2449612574900823,0.7550387425099176,True,True,False,0.8954724919169346,-0.04794775073306864,0.039833801109206805,0.03567007314178497,0.07550387425099178,0.03567007314178497,4.712499626686432,4.712499626686432,-0.37003231864199826,4.369457369797048,-0.026990061752614203,4.383892258907632,-0.041424950863198085
968,2026-05-15T16:47:56.232Z,2026-05-15 16:47:56.232000+00:00,5581.807083333333,93.03011805555555,69.355,6,73,test,15,1,4.142876625061035,7.734370708465576,4.288270950317383,1.542698860168457,13.565340518951416,0.11372356322447155,0.8862764367755285,True,True,False,0.554443420409588,-0.2561427659397592,0.057015676810031404,0.03161196686752144,0.08862764367755285,0.03161196686752144,4.504525396657203,4.504525396657203,-0.36164877159616804,4.161483139767819,-0.018606514706783983,4.219402725170633,-0.07652610010959826
969,2026-05-15T16:49:05.824Z,2026-05-15 16:49:05.824000+00:00,5582.96695,93.04944916666666,69.592,6,73,test,15,2,4.256456375,5.253758907318115,4.171286106109619,5.122701644897461,14.547746658325195,0.3521302484303236,0.6478697515696764,True,True,False,0.793962223942045,-0.10020016044922865,0.03611390155953508,0.028673073597432562,0.06478697515696764,0.028673073597432562,4.660393703580476,4.660393703580476,-0.4039373285804757,4.317351446691092,-0.06089507169109165,4.3426810040544215,-0.08622462905442152
970,2026-05-15T16:50:15.114Z,2026-05-15 16:50:15.114000+00:00,5584.121783333333,93.06869638888888,69.29,6,73,test,15,3,4.572933197021484,2.891408920288086,5.721688270568848,1.7824033498764038,10.395500540733337,0.1714591176146162,0.8285408823853838,True,True,False,1.978858206607029,0.29641467632144464,0.027814042324931815,0.05504004591360657,0.08285408823853838,0.05504004591360657,5.056620982466615,5.056620982466615,-0.4836877854451309,4.713578725577231,-0.14064552855574686,4.656062331869417,-0.08312913484793238
971,2026-05-15T16:51:24.387Z,2026-05-15 16:51:24.387000+00:00,5585.276333333333,93.08793888888889,69.273,6,73,test,15,4,4.1417741775512695,6.537575721740723,3.9703214168548575,7.424096584320068,17.93199372291565,0.4140140075351838,0.5859859924648162,True,True,False,0.607307905230305,-0.21659106569852188,0.036457606570463076,0.022140992676018538,0.058598599246481614,0.022140992676018538,4.5443089751007735,4.5443089751007735,-0.40253479754950394,4.201266718211389,-0.059492540660119886,4.250868076756031,-0.10909389920476187
972,2026-05-15T16:52:33.886Z,2026-05-15 16:52:33.886000+00:00,5586.43465,93.10724416666667,69.499,6,73,test,15,5,4.366726875305176,9.107599258422852,8.976686477661133,2.1234521865844727,20.207737922668457,0.10508114241735317,0.8949188575826468,True,True,False,0.9856259836377135,-0.006287855908411398,0.04506986033407633,0.044422025424188355,0.0894918857582647,0.044422025424188355,4.754054135292434,4.754054135292434,-0.38732725998725837,4.41101187840305,-0.04428500309787431,4.41675826227887,-0.05003138697369458
973,2026-05-15T16:53:43.482Z,2026-05-15 16:53:43.482000+00:00,5587.5945833333335,93.12657638888889,69.596,6,73,test,15,6,4.439505577087402,2.407575845718384,3.603735685348511,1.829336404800415,7.84064793586731,0.23331444285772018,0.7666855571422798,True,True,False,1.4968316332618845,0.1751729527428304,0.030706337861503084,0.045962217852724904,0.07666855571422798,0.045962217852724904,4.935446680861189,4.935446680861189,-0.4959411037737871,4.592404423971805,-0.15289884688440303,4.560223994738986,-0.12071841765158364
974,2026-05-15T16:54:53.026Z,2026-05-15 16:54:53.026000+00:00,5588.75365,93.14589416666666,69.544,6,73,test,15,7,4.552533149719238,5.5715813636779785,8.967796325683594,9.425886154174805,23.965263843536377,0.3933145161978695,0.6066854838021305,True,True,False,1.6095603277277934,0.20670725906343473,0.023248570931885145,0.03741997744832791,0.06066854838021306,0.03741997744832791,4.967034008581846,4.967034008581846,-0.414500858862608,4.623991751692462,-0.07145860197322396,4.585206824621507,-0.032673674902269134
975,2026-05-15T16:56:02.482Z,2026-05-15 16:56:02.482000+00:00,5589.91125,93.1651875,69.456,6,73,test,15,8,4.341364860534668,7.438154220581055,6.747581481933594,1.9757425785064695,16.161478281021118,0.12225011500505124,0.8777498849949488,True,True,False,0.9071580504829174,-0.042317040974335245,0.04602397188700176,0.04175101661249312,0.08777498849949489,0.04175101661249312,4.718062640735477,4.718062640735477,-0.3766977802008089,4.375020383846093,-0.03365552331142485,4.388292119346933,-0.046927258812265116
976,2026-05-15T16:57:12.130Z,2026-05-15 16:57:12.130000+00:00,5591.07205,93.18453416666667,69.648,6,73,test,15,9,4.486371040344238,7.390966892242432,9.420244216918944,6.249266147613525,23.060477256774902,0.27099465800420774,0.7290053419957923,True,True,False,1.2745618204306184,0.10536090502361609,0.03205036396231154,0.04085017023726768,0.07290053419957923,0.04085017023726768,4.865690368501959,4.865690368501959,-0.3793193281577203,4.5226481116125745,-0.036277071268336236,4.505052816590762,-0.018681776246523896
977,2026-05-15T16:58:21.774Z,2026-05-15 16:58:21.774000+00:00,5592.232783333334,93.20387972222223,69.644,6,74,test,16,0,3.644451141357422,8.669244766235352,1.5069795846939087,8.025522232055664,18.201746582984924,0.44092044658823887,0.5590795534117611,True,True,False,0.17383054987249133,-0.7598738960397351,0.04762864226633834,0.008279313074837775,0.05590795534117611,0.008279313074837775,4.006167034740492,4.006167034740492,-0.36171589338307,3.6631247778511073,-0.018673636493685475,3.825244590414738,-0.1807934490573162
978,2026-05-15T16:59:31.409Z,2026-05-15 16:59:31.409000+00:00,5593.393366666667,93.22322277777779,69.635,6,74,test,16,1,4.764253616333008,1.5902265310287476,6.642034530639648,2.2987780570983887,10.531039118766785,0.218285966956657,0.781714033043343,True,True,False,4.176785131576689,0.6208421342139376,0.015100376260068132,0.06307102704426618,0.07817140330433431,0.06307102704426618,5.380990324108458,5.380990324108458,-0.6167367077754502,5.037948067219074,-0.27369445088606614,4.912610278976831,-0.14835666264382308
979,2026-05-15T17:00:40.926Z,2026-05-15 17:00:40.926000+00:00,5594.551983333334,93.24253305555557,69.517,6,74,test,16,2,4.441160202026367,7.732209205627441,9.541670799255373,5.964903354644775,23.238783359527588,0.2566788141341851,0.7433211858658149,True,True,False,1.234016119521316,0.09132083277131925,0.03327286582090942,0.04105925276567207,0.0743321185865815,0.04105925276567207,4.851653340789509,4.851653340789509,-0.4104931387631421,4.508611083900125,-0.06745088187375803,4.493950748112616,-0.052790546086249
980,2026-05-15T17:01:50.213Z,2026-05-15 17:01:50.213000+00:00,5595.706766666667,93.26177944444446,69.287,6,74,test,16,3,4.080574035644531,4.049408912658691,2.106831312179565,1.7407934665679932,7.89703369140625,0.22043637327549562,0.7795636267245044,True,True,False,0.5202811960020847,-0.28376187008725556,0.051277594485450405,0.026678768187000036,0.07795636267245044,0.026678768187000036,4.477062924122699,4.477062924122699,-0.3964888884781681,4.134020667233315,-0.053446631588784044,4.197682297106874,-0.11710826146234243
981,2026-05-15T17:02:59.439Z,2026-05-15 17:02:59.439000+00:00,5596.8605333333335,93.28100888888889,69.226,6,74,test,16,4,4.267482757568359,6.034497261047363,4.827116966247559,5.965817451477051,16.827431678771973,0.3545292927264122,0.6454707072735878,True,True,False,0.7999203177050993,-0.09695327213868488,0.03586107123322902,0.028685999494129758,0.06454707072735878,0.028685999494129758,4.663637868846376,4.663637868846376,-0.3961551112780164,4.320595611956992,-0.053112854388632336,4.345246856717411,-0.0777640991490518
982,2026-05-15T17:04:08.710Z,2026-05-15 17:04:08.710000+00:00,5598.01505,93.30025083333334,69.271,6,74,test,16,5,4.258110046386719,6.300592899,5.113834857940674,4.331907272338867,15.74633502927954,0.27510574773646673,0.7248942522635332,True,True,False,0.8116434341841571,-0.09063472023680125,0.040013075342829656,0.03247634988352368,0.07248942522635334,0.03247634988352368,4.669883333677977,4.669883333677977,-0.4117732872912585,4.326841076788593,-0.06873103040187445,4.350186476390371,-0.09207643000365184
983,2026-05-15T17:05:17.814Z,2026-05-15 17:05:17.814000+00:00,5599.166783333333,93.31944638888889,69.104,6,74,test,16,6,4.335851669311523,1.7532707452774048,2.351337194442749,3.550601005554199,7.655208945274353,0.4638150350874518,0.5361849649125482,True,True,False,1.341114714185639,0.12746592744671945,0.02290297701618868,0.03071551947506614,0.053618496491254816,0.03071551947506614,4.887894426136843,4.887894426136843,-0.5520427568253199,4.544852169247459,-0.20900049993593584,4.522614295659194,-0.1867626263476705
984,2026-05-15T17:06:27.126Z,2026-05-15 17:06:27.126000+00:00,5600.321983333333,93.33869972222222,69.312,6,74,test,16,7,4.412489891052246,4.361614227294922,5.504227638244629,9.805163383483888,19.671005249023438,0.4984576669751366,0.5015423330248635,True,True,False,1.2619703053514564,0.10104913591149903,0.022172808008942266,0.027981425293544086,0.05015423330248635,0.027981425293544086,4.8615320630477,4.8615320630477,-0.4490421719954538,4.518489806158316,-0.10599991510606976,4.501763958518246,-0.08927406746599953
985,2026-05-15T17:07:36.433Z,2026-05-15 17:07:36.433000+00:00,5601.4771,93.35795166666666,69.307,6,74,test,16,8,4.519452095031738,6.416856766,8.759815216064453,7.198273181915283,22.37494516397974,0.3217113217110096,0.6782886782889903,True,True,False,1.3651255646656666,0.13517259975289736,0.028678759742080465,0.039150108086818576,0.06782886782889905,0.039150108086818576,4.895506323866616,4.895506323866616,-0.37605422883487805,4.552464066977232,-0.03301197194549399,4.5286346449507775,-0.009182549919039218
986,2026-05-15T17:08:45.838Z,2026-05-15 17:08:45.838000+00:00,5602.63385,93.37723083333334,69.405,6,74,test,16,9,4.272444725036621,8.520008087158203,6.097723007202148,3.9504687786102295,18.56819987297058,0.21275453763080507,0.7872454623691949,True,True,False,0.7156945093036886,-0.14527231461260084,0.04588494385802384,0.03283960237889567,0.0787245462369195,0.03283960237889567,4.615277853747295,4.615277853747295,-0.34283312871067384,4.272235596857911,0.00020912817871021616,4.306998289411529,-0.03455356437490753
987,2026-05-15T17:09:55.143Z,2026-05-15 17:09:55.143000+00:00,5603.788933333333,93.39648222222222,69.305,6,75,test,17,0,4.903746604919434,1.369390845298767,7.877647399902344,4.481409072875977,13.728447318077087,0.3264323320070603,0.6735676679929397,True,True,False,5.7526654475214025,0.7598691178947582,0.00997484139007917,0.0573819254092148,0.06735676679929398,0.0573819254092148,5.520023315015816,5.520023315015816,-0.6162767100963826,5.176981058126432,-0.2732344532069986,5.02257328663022,-0.11882668171078681
988,2026-05-15T17:11:04.560Z,2026-05-15 17:11:04.560000+00:00,5604.945883333334,93.41576472222224,69.417,6,75,test,17,1,4.6275177001953125,4.787857055664063,9.087913513183594,9.792268753051758,23.668039321899414,0.4137338382732544,0.5862661617267456,True,True,False,1.8981171341430376,0.2783230095361093,0.020229208641013137,0.03839740753166143,0.05862661617267457,0.03839740753166143,5.038622905112926,5.038622905112926,-0.4111052049176136,4.695580648223542,-0.06806294802822954,4.641827417516543,-0.014309717321230764
989,2026-05-15T17:12:13.845Z,2026-05-15 17:12:13.845000+00:00,5606.1006333333335,93.43501055555556,69.285,6,75,test,17,2,4.387678146362305,4.091512680053711,4.769117355,2.949628591537476,11.810258626591185,0.24975139705207558,0.7502486029479245,True,True,False,1.1656122632222647,0.06655410792952435,0.034643717884734006,0.040381142410058454,0.07502486029479247,0.040381142410058454,4.8269010574174915,4.8269010574174915,-0.43922291105518685,4.4838588005281075,-0.09618065416580279,4.474373844040333,-0.08669569767802798
990,2026-05-15T17:13:23.168Z,2026-05-15 17:13:23.168000+00:00,5607.256016666666,93.45426694444444,69.323,6,75,test,17,3,4.099870681762695,6.376429080963135,3.421243190765381,5.392129421234131,15.189801692962646,0.3549835297541952,0.6450164702458048,True,True,False,0.536545321421283,-0.27039358774862243,0.041978356333100125,0.022523290691480357,0.06450164702458049,0.022523290691480357,4.4905635752036535,4.4905635752036535,-0.39069289344095814,4.147521318314269,-0.04765063655157409,4.208360138304506,-0.10848945654181108
991,2026-05-15T17:14:32.279Z,2026-05-15 17:14:32.279000+00:00,5608.407866666666,93.47346444444445,69.111,6,75,test,17,4,4.669971466064453,3.0445187091827397,6.933326244354248,1.824148178100586,11.801993131637573,0.15456272154663406,0.8454372784533659,True,True,False,2.277314382546661,0.35742298897285374,0.025796648711998535,0.05874707913333807,0.0845437278453366,0.05874707913333807,5.117607798269981,5.117607798269981,-0.4476363322055281,4.774565541380597,-0.10459407531614406,4.704297600701473,-0.034326134637019834
992,2026-05-15T17:15:41.716Z,2026-05-15 17:15:41.716000+00:00,5609.565149999999,93.4927525,69.437,6,75,test,17,5,3.9697513580322266,6.598465919494629,2.481750488,7.181560516357422,16.26177692385205,0.44162212715043636,0.5583778728495636,True,True,False,0.3761102229334656,-0.4246848619956958,0.04057653693315823,0.015261250351798141,0.05583778728495637,0.015261250351798141,4.337115344677351,4.337115344677351,-0.3673639866451248,3.994073087787967,-0.024321729755740318,4.086995929438381,-0.11724457140615474
993,2026-05-15T17:16:50.905Z,2026-05-15 17:16:50.905000+00:00,5610.7182999999995,93.51197166666665,69.189,6,75,test,17,6,4.610425949,4.122329711914063,9.148535728,6.041935920715332,19.312801360629397,0.31284616912346414,0.6871538308765359,True,True,False,2.2192634668594207,0.346208863931398,0.021345063488913334,0.04737031959874025,0.06871538308765358,0.04737031959874025,5.10643985546481,5.10643985546481,-0.49601390646481036,4.763397598575426,-0.1529716495754263,4.695464728933822,-0.08503877993382236
994,2026-05-15T17:18:00.320Z,2026-05-15 17:18:00.320000+00:00,5611.875216666666,93.53125361111111,69.415,6,75,test,17,7,4.813876152038574,2.463056802749634,8.913812637329102,3.569662809371948,14.946532249450684,0.23882882997848148,0.7611711700215185,True,True,False,3.6190040876759992,0.5585890736453996,0.01647911877914127,0.05963799822301058,0.07611711700215185,0.05963799822301058,5.318750477414775,5.318750477414775,-0.5048743253762007,4.975708220525391,-0.16183206848681664,4.863383971654682,-0.04950781961610762
995,2026-05-15T17:19:09.742Z,2026-05-15 17:19:09.742000+00:00,5613.03225,93.5505375,69.422,6,75,test,17,8,4.4224138259887695,3.9235527515411377,4.836359024047852,7.884774684906006,16.644686460494995,0.4737112173076958,0.5262887826923043,True,True,False,1.2326478909065697,0.09083903695656967,0.023572404087354948,0.02905647418187548,0.05262887826923043,0.02905647418187548,4.8513089917472865,4.8513089917472865,-0.42889516575851694,4.508266734857902,-0.08585290886913288,4.493678397959474,-0.0712645719707048
996,2026-05-15T17:20:18.957Z,2026-05-15 17:20:18.957000+00:00,5614.185833333334,93.5697638888889,69.215,6,75,test,17,9,4.653983116149902,3.611147642,7.926257610321045,7.05866289138794,18.596068143708987,0.37957824400508405,0.6204217559949159,True,True,False,2.194941441367144,0.3414229382317352,0.01941887722766624,0.04262329837182535,0.06204217559949159,0.04262329837182535,5.101680522640408,5.101680522640408,-0.44769740649050593,4.758638265751024,-0.10465514960112188,4.691700510467549,-0.03771739431764676
997,2026-05-15T17:21:28.614Z,2026-05-15 17:21:28.614000+00:00,5615.3467833333325,93.58911305555554,69.657,6,76,test,18,0,4.553084373474121,6.151801109313965,8.968694686889648,2.1061103343963623,17.226606130599976,0.12225915647164157,0.8777408435283585,True,True,False,1.4578973746909412,0.16372695390371286,0.03571104524405649,0.052063039108779366,0.08777408435283585,0.052063039108779366,4.923971204486037,4.923971204486037,-0.3708868310119158,4.580928947596653,-0.027844574122531718,4.551147890655834,0.0019364828182872884
998,2026-05-15T17:22:38.151Z,2026-05-15 17:22:38.151000+00:00,5616.505733333333,93.6084288888889,69.537,6,76,test,18,1,4.417451858520508,7.542778015136719,8.312520027160645,9.182067871,25.037365913297364,0.3667345799393137,0.6332654200606863,True,True,False,1.1020502009311717,0.04220137808275463,0.030126084514069208,0.03320045749199942,0.06332654200606863,0.03320045749199942,4.802634530265724,4.802634530265724,-0.38518267174521625,4.45959227337634,-0.0421404148558322,4.455181130904434,-0.03772927238392576
999,2026-05-15T17:23:47.571Z,2026-05-15 17:23:47.571000+00:00,5617.662733333334,93.62771222222223,69.42,6,76,test,18,2,4.167688369750977,9.300023078918455,5.684046268463135,5.082224369049072,20.066293716430664,0.253271702331739,0.7467282976682609,True,True,False,0.6111862540801523,-0.2138264218477295,0.04634649133688011,0.028326338429945985,0.0746728297668261,0.028326338429945985,4.546874670217623,4.546874670217623,-0.37918630046664603,4.2038324133282385,-0.036144043577261975,4.252897318520372,-0.08520894876939522
1000,2026-05-15T17:24:56.888Z,2026-05-15 17:24:56.888000+00:00,5618.818016666667,93.64696694444446,69.317,6,76,test,18,3,4.5685224533081055,5.663660049438477,9.729355812072754,5.928710460662842,21.321726322174072,0.27805958912891254,0.7219404108710875,True,True,False,1.717856602823005,0.23498690850461204,0.026562858766029696,0.04563118232107905,0.07219404108710875,0.04563118232107905,4.99524842168524,4.99524842168524,-0.4267259683771343,4.652206164795856,-0.08368371148775022,4.6075219722981595,-0.03899951899005405
1001,2026-05-15T17:26:05.972Z,2026-05-15 17:26:05.972000+00:00,5619.969416666666,93.66615694444444,69.084,6,76,test,18,4,4.732275963,2.576612949371338,7.125978469848633,1.4802093505859375,11.182800769805908,0.13236481459837618,0.8676351854016238,True,True,False,2.765637916857976,0.4417953207465676,0.02304085534929957,0.06372266319086281,0.08676351854016238,0.06372266319086281,5.201956496425444,5.201956496425444,-0.4696805334254437,4.85891423953606,-0.12663827653605964,4.771010087286782,-0.03873412428678158
1002,2026-05-15T17:27:15.215Z,2026-05-15 17:27:15.215000+00:00,5621.123466666667,93.68539111111112,69.243,6,76,test,18,5,4.623106956481934,4.051094055175781,8.028575897216797,9.380104064941406,21.459774017333984,0.4371017167918307,0.5628982832081693,True,True,False,1.9818290535514187,0.2970661908651336,0.018877617499156972,0.037412210821659964,0.056289828320816936,0.037412210821659964,5.057369494751545,5.057369494751545,-0.4342625382696115,4.714327237862161,-0.09122028138022742,4.656654340007767,-0.03354738352583375
1003,2026-05-15T17:28:24.244Z,2026-05-15 17:28:24.244000+00:00,5622.27395,93.70456583333333,69.029,6,76,test,18,6,4.499052047729492,7.970849037,9.819222450256348,4.977705001831055,22.767776489087403,0.21862938632663007,0.7813706136733699,True,True,False,1.2318916598064218,0.09057251495731794,0.035009343318265745,0.04312771804907125,0.078137061367337,0.04312771804907125,4.850889330319044,4.850889330319044,-0.3518372825895515,4.50784707342966,-0.008795025700167436,4.493346482256989,0.005705565472503338
1004,2026-05-15T17:29:33.429Z,2026-05-15 17:29:33.429000+00:00,5623.4270333333325,93.72378388888887,69.185,6,76,test,18,7,4.317656517028809,7.093090534210205,6.381322383880615,9.228132247924805,22.702545166015625,0.4064800743900193,0.5935199256099807,True,True,False,0.8996533109373539,-0.045924817398339854,0.031243591775023293,0.02810840078597478,0.059351992560998074,0.02810840078597478,4.714641362684626,4.714641362684626,-0.39698484565581715,4.371599105795242,-0.0539425887664331,4.3855861858700305,-0.06792966884122187
1005,2026-05-15T17:30:42.790Z,2026-05-15 17:30:42.790000+00:00,5624.58305,93.74305083333334,69.361,6,76,test,18,8,4.15831470489502,7.593006610870361,4.587552070617676,5.943155765533447,18.123714447021484,0.32792150764161737,0.6720784923583826,True,True,False,0.6041812296133139,-0.21883277128714884,0.04189542178600272,0.025312427449835542,0.06720784923583827,0.025312427449835542,4.541957259579576,4.541957259579576,-0.3836425546845552,4.198915002690192,-0.04060029779517116,4.249008074247501,-0.09069336935248096
1006,2026-05-15T17:31:52.164Z,2026-05-15 17:31:52.164000+00:00,5625.739283333333,93.76232138888889,69.374,6,76,test,18,9,4.203525543212891,8.214078903198242,5.299895763397217,5.013434886932373,18.527409553527832,0.27059556666289364,0.7294044333371064,True,True,False,0.6452209463599923,-0.1902915421806289,0.04433474026396846,0.028605703069742177,0.07294044333371064,0.028605703069742177,4.570380037491713,4.570380037491713,-0.36685449427882233,4.227337780602329,-0.023812237389438273,4.271488020371695,-0.06796247715880455
1007,2026-05-15T17:33:01.713Z,2026-05-15 17:33:01.713000+00:00,5626.898433333334,93.78164055555557,69.549,6,77,test,19,0,4.349635124206543,7.944928169250488,7.325024604797363,2.716581106185913,17.986533880233765,0.1510341639069932,0.8489658360930068,True,True,False,0.9219749315226842,-0.03528088724287468,0.04417153533945492,0.040725048269845764,0.08489658360930069,0.040725048269845764,4.725105075305327,4.725105075305327,-0.37546995109878445,4.382062818415943,-0.03242769420940039,4.39386207279071,-0.04422694858416687
1008,2026-05-15T17:34:10.986Z,2026-05-15 17:34:10.986000+00:00,5628.052983333333,93.80088305555554,69.273,6,77,test,19,1,4.401461601257324,3.2154998779296875,4.289710521697998,7.602951526641846,15.108161926269531,0.5032347127165817,0.4967652872834183,True,True,False,1.33407267440481,0.12517948867594764,0.021283197079974975,0.028393331648366854,0.04967652872834183,0.028393331648366854,4.885644041902922,4.885644041902922,-0.4841824406455979,4.542601785013538,-0.14114018375621384,4.520834437388702,-0.11937283613137772
1009,2026-05-15T17:35:20.337Z,2026-05-15 17:35:20.337000+00:00,5629.208833333334,93.82014722222223,69.351,6,77,test,19,2,4.3716888427734375,1.5104063749313354,2.378084182739258,4.329346179962158,8.217836737632751,0.5268230944691753,0.4731769055308247,True,True,False,1.5744664629393978,0.19713341434348758,0.018379610390829287,0.028938080162253188,0.04731769055308248,0.028938080162253188,4.957559458041246,4.957559458041246,-0.5858706152678081,4.614517201151862,-0.2428283583784241,4.577713278903983,-0.20602443613054522
1010,2026-05-15T17:36:29.697Z,2026-05-15 17:36:29.697000+00:00,5630.364833333334,93.8394138888889,69.36,6,77,test,19,3,4.968806266784668,1.3759686946868896,9.040133476257324,2.994435787200928,13.410537958145142,0.22328975888563826,0.7767102411143618,True,True,False,6.570013919040842,0.8175662896444426,0.01026035420041572,0.06741066991102046,0.07767102411143618,0.06741066991102046,5.57769508081111,5.57769508081111,-0.6088888140264421,5.234652823921726,-0.26584655713705807,5.068186639131268,-0.0993803723465998
1011,2026-05-15T17:37:38.844Z,2026-05-15 17:37:38.844000+00:00,5631.517283333334,93.85862138888889,69.147,6,77,test,19,4,4.218963623046875,6.395733356,4.622671127319336,8.323575973510742,19.34198045683008,0.4303373169096293,0.5696626830903707,True,True,False,0.7227742105575259,-0.14099735197769947,0.033066589898975554,0.023899678410061517,0.056966268309037074,0.023899678410061517,4.619753922802332,4.619753922802332,-0.40079029975545666,4.276711665912948,-0.0577480428660726,4.310538470864462,-0.09157484781758729
1012,2026-05-15T17:38:48.292Z,2026-05-15 17:38:48.292000+00:00,5632.67475,93.87791250000001,69.448,6,77,test,19,5,4.511181831359863,5.8823747634887695,8.113945007324219,3.822664022445679,17.818983793258667,0.21452761093434977,0.7854723890656503,True,True,False,1.3793655340843891,0.13967937016389295,0.033011841930706554,0.045535396975858476,0.07854723890656504,0.045535396975858476,4.899965073936447,4.899965073936447,-0.3887832425765838,4.556922817047063,-0.04574098568719975,4.532161128592204,-0.0209792972323406
1013,2026-05-15T17:39:57.614Z,2026-05-15 17:39:57.614000+00:00,5633.830116666666,93.8971686111111,69.322,6,77,test,19,6,3.7392845153808594,8.571643829345703,1.8388917446136477,2.450252056121826,12.860787630081177,0.19052115053907942,0.8094788494609206,True,True,False,0.21453198257235745,-0.6685079537389959,0.06664944695375238,0.014298437992339671,0.08094788494609205,0.014298437992339671,4.094453422596621,4.094453422596621,-0.355168907215762,3.751411165707237,-0.012126650326377497,3.8950714471928,-0.15578693181194048
1014,2026-05-15T17:41:07.047Z,2026-05-15 17:41:07.047000+00:00,5634.9873333333335,93.91645555555556,69.433,6,77,test,19,7,4.322067260742188,9.739361763000488,8.911893844604492,3.399691343307495,22.050946950912476,0.15417439218712622,0.8458256078128737,True,True,False,0.9150387942729965,-0.03856049305755469,0.04416754429948629,0.04041501648180109,0.08458256078128738,0.04041501648180109,4.7218299594886375,4.7218299594886375,-0.3997626987464491,4.378787702599253,-0.05672044185706504,4.391271740933026,-0.06920448019083736
1015,2026-05-15T17:42:16.206Z,2026-05-15 17:42:16.206000+00:00,5636.139983333333,93.93566638888888,69.159,6,77,test,19,8,4.671626091003418,3.1561315059661865,7.713471889,9.396247863769531,20.26585125873572,0.4636493056130184,0.5363506943869816,True,True,False,2.443964034584381,0.3880948105326807,0.015573643888290736,0.038061425550407424,0.05363506943869816,0.038061425550407424,5.148374036784406,5.148374036784406,-0.4767479457809882,4.805331779895022,-0.13370568889160417,4.728631020411059,-0.05700492940764068
1016,2026-05-15T17:43:25.826Z,2026-05-15 17:43:25.826000+00:00,5637.300316666666,93.95500527777776,69.62,6,77,test,19,9,4.921941757202148,1.6068572998046875,8.874078750610352,6.679888725280762,17.1608247756958,0.38925219577681514,0.6107478042231849,True,True,False,5.522630261995879,0.7421459683458854,0.009363520231733945,0.05171126019058455,0.061074780422318495,0.05171126019058455,5.502318133567012,5.502318133567012,-0.5803763763648639,5.159275876677628,-0.2373341194754799,5.008570027472422,-0.08662827027027387
1017,2026-05-15T17:44:35.194Z,2026-05-15 17:44:35.194000+00:00,5638.45645,93.97427416666666,69.368,6,78,test,20,0,4.673280715942383,4.203428268432617,9.333587646484377,2.1456613540649414,15.682677268981935,0.13681728682313377,0.8631827131768662,True,True,False,2.220470304341533,0.3464449694723853,0.026803001785584084,0.059515269532102545,0.08631827131768663,0.059515269532102545,5.106628807873378,5.106628807873378,-0.4333480919309949,4.763586550983994,-0.09030583504161083,4.695614173860626,-0.022333457918243482
1018,2026-05-15T17:45:44.778Z,2026-05-15 17:45:44.778000+00:00,5639.6161833333335,93.99360305555555,69.584,6,78,test,20,1,4.550879478,5.707809448242188,8.223890305,3.1069090366363525,17.03860878987854,0.18234522988061985,0.8176547701193801,True,True,False,1.440813744672692,0.15860784279248316,0.03349926932786204,0.04826620768407597,0.08176547701193801,0.04826620768407597,4.918872566351357,4.918872566351357,-0.3679930883513576,4.575830309461973,-0.02495083146197352,4.547115311189862,0.0037641668101375814
1019,2026-05-15T17:46:54.112Z,2026-05-15 17:46:54.112000+00:00,5640.77175,94.0128625,69.334,6,78,test,20,2,4.2630720138549805,9.536493301391602,6.829023361206055,6.088335514068604,22.45385217666626,0.2711488196397552,0.7288511803602449,True,True,False,0.7160937616565554,-0.1450301096696664,0.042471524379686605,0.03041359365633788,0.07288511803602449,0.03041359365633788,4.615563686574148,4.615563686574148,-0.35249167271916715,4.272521429684764,-0.009449415829783092,4.307224358325977,-0.04415234447099614
1020,2026-05-15T17:48:03.450Z,2026-05-15 17:48:03.450000+00:00,5641.927383333333,94.03212305555554,69.338,6,78,test,20,3,4.367278099060059,9.602405548095703,9.410790443,7.923772811889648,26.93696880298535,0.2941597798120284,0.7058402201879717,True,True,False,0.9800450934782999,-0.008753941248070335,0.0356476841114784,0.03493633790731876,0.07058402201879715,0.03493633790731876,4.7516820562082005,4.7516820562082005,-0.3844039571481419,4.408639799318816,-0.04136170025875785,4.41488215396248,-0.047604054902421034
1021,2026-05-15T17:49:12.897Z,2026-05-15 17:49:12.897000+00:00,5643.084833333333,94.05141388888889,69.447,6,78,test,20,4,4.500706672668457,6.295016765594482,8.498433113098145,4.549392223358154,19.34284210205078,0.23519771289844812,0.7648022871015518,True,True,False,1.3500254931085285,0.13034196954080288,0.03254442512833762,0.043935803581817576,0.0764802287101552,0.043935803581817576,4.89064076831933,4.89064076831933,-0.3899340956508732,4.547598511429946,-0.04689183876148917,4.524786413546185,-0.024079740877727573
1022,2026-05-15T17:50:22.282Z,2026-05-15 17:50:22.282000+00:00,5644.24125,94.0706875,69.385,6,78,test,20,5,4.055763244628906,4.684168815612793,2.371224403381348,8.416276931762695,15.471670150756836,0.543979858008477,0.456020141991523,True,True,False,0.5062209533264098,-0.29565988263548004,0.03027577998994281,0.015326234209209493,0.0456020141991523,0.015326234209209493,4.465799587928874,4.465799587928874,-0.41003634329996785,4.12275733103949,-0.0669940864105838,4.188773977462728,-0.1330107328338217
1023,2026-05-15T17:51:31.578Z,2026-05-15 17:51:31.578000+00:00,5645.396183333333,94.08993638888889,69.296,6,78,test,20,6,4.152250289916992,4.543971061706543,2.937318563461304,8.356453895568848,15.837743520736694,0.5276290706834319,0.47237092931656804,True,True,False,0.6464210540896708,-0.18948450692706859,0.02869077312533206,0.01854631980632475,0.04723709293165681,0.01854631980632475,4.571549209512664,4.571549209512664,-0.419298919595672,4.22850695262328,-0.07625666270628795,4.2724127337871876,-0.12016244387019537
1024,2026-05-15T17:52:40.863Z,2026-05-15 17:52:40.863000+00:00,5646.550933333333,94.10918222222222,69.285,6,78,test,20,7,3.916269302368164,9.095899582,2.931453227996826,3.9723095893859854,15.99966239938281,0.24827458794000665,0.7517254120599934,True,True,False,0.32228293656604556,-0.4917626878211532,0.05685057193676084,0.018321969269238503,0.07517254120599934,0.018321969269238503,4.269919154290706,4.269919154290706,-0.35364985192254217,3.9268768974013217,-0.010607595033157668,4.0338495851819385,-0.11758028281377442
1025,2026-05-15T17:53:50.423Z,2026-05-15 17:53:50.423000+00:00,5647.710266666666,94.12850444444443,69.56,6,78,test,20,8,4.485819816589356,3.107830286026001,5.166165351867676,5.090665817260742,13.364661455154419,0.3809049585238389,0.6190950414761611,True,True,False,1.662306135279246,0.2207110077869864,0.023254089124924205,0.03865541502269191,0.06190950414761612,0.03865541502269191,4.981023491187712,4.981023491187712,-0.4952036745983559,4.637981234298328,-0.15216141770897185,4.5962712890541315,-0.11045147246477516
1026,2026-05-15T17:54:59.648Z,2026-05-15 17:54:59.648000+00:00,5648.864016666667,94.14773361111112,69.225,6,78,test,20,9,4.382164955,5.975994587,6.205255031585693,3.611085891723633,15.792335510309325,0.22866066196265245,0.7713393380373476,True,True,False,1.0383635629597825,0.01634943996944321,0.037841107055374024,0.03929282674836074,0.07713393380373476,0.03929282674836074,4.776726156342969,4.776726156342969,-0.39456120134296846,4.433683899453585,-0.0515189444535844,4.434689859722235,-0.05252490472223492
1027,2026-05-15T17:56:08.746Z,2026-05-15 17:56:08.746000+00:00,5650.01565,94.1669275,69.098,6,79,test,21,0,3.9829835891723633,6.671789646148682,2.725314855575561,1.591746807098389,10.988851308822632,0.14485106426186886,0.8551489357381311,True,True,False,0.4084833305781396,-0.38882566149543907,0.060714168011283355,0.02480072556252977,0.08551489357381312,0.02480072556252977,4.3722205731904635,4.3722205731904635,-0.38923698401810025,4.0291783163010795,-0.046194727128716195,4.114761112985597,-0.13177752381323415
1028,2026-05-15T17:57:18.082Z,2026-05-15 17:57:18.082000+00:00,5651.17125,94.1861875,69.336,6,79,test,21,1,4.566317558288574,5.5311126708984375,9.09828281402588,5.575882434844971,20.205277919769287,0.2759616797643454,0.7240383202356547,True,True,False,1.6449281284570207,0.21614692715139563,0.02737459337536098,0.045029238648204496,0.07240383202356548,0.045029238648204496,4.976416249911616,4.976416249911616,-0.410098691623042,4.633373993022232,-0.06705643473365797,4.592627361779043,-0.026309803490469186
1029,2026-05-15T17:58:27.534Z,2026-05-15 17:58:27.534000+00:00,5652.328783333333,94.20547972222222,69.452,6,79,test,21,2,4.017167091369629,5.799208641052246,2.5913326740264893,6.391196250915527,14.781737565994263,0.43237110809074475,0.5676288919092553,True,True,False,0.44684246324276083,-0.3498455627817179,0.03923225273863245,0.017530636452293073,0.05676288919092552,0.017530636452293073,4.4115431000689505,4.4115431000689505,-0.39437600869932155,4.068500843179566,-0.05133375180993749,4.145861812868914,-0.1286947214992855
1030,2026-05-15T17:59:37.115Z,2026-05-15 17:59:37.115000+00:00,5653.488466666667,94.22480777777778,69.581,6,79,test,21,3,4.392641067504883,7.975622177124023,8.607713699,7.619570255279541,24.202906131403566,0.31482046882762793,0.6851795311723721,True,True,False,1.079252942007329,0.03312324120211315,0.03295315915296452,0.035564793964272694,0.06851795311723721,0.035564793964272694,4.793531682988625,4.793531682988625,-0.4008906154837426,4.450489426099241,-0.05784835859435855,4.447981570150783,-0.05534050264590018
1031,2026-05-15T18:00:46.228Z,2026-05-15 18:00:46.228000+00:00,5654.64035,94.24400583333333,69.113,6,79,test,21,4,4.385472297668457,3.2865450382232666,4.113969802856445,5.993330001831055,13.393844842910767,0.4474689734070846,0.5525310265929154,True,True,False,1.2517612736201817,0.09752151143422891,0.024537726670492258,0.03071537598879929,0.05525310265929155,0.03071537598879929,4.857963077002559,4.857963077002559,-0.4724907793341018,4.514920820113175,-0.12944852244471772,4.498941200860258,-0.11346890319180059
1032,2026-05-15T18:01:55.709Z,2026-05-15 18:01:55.709000+00:00,5655.798366666667,94.26330611111112,69.481,6,79,test,21,5,4.104832649230957,7.130065441131592,3.7546286582946777,2.6197898387908936,13.504483938217163,0.19399407269292168,0.8060059273070783,True,True,False,0.5265910515540502,-0.2785265252028283,0.05279776312631825,0.027802829604389585,0.08060059273070784,0.027802829604389585,4.48225877114008,4.48225877114008,-0.3774261219091226,4.139216514250696,-0.03438386501973856,4.201791760347283,-0.09695911111632594
1033,2026-05-15T18:03:04.850Z,2026-05-15 18:03:04.850000+00:00,5656.950716666667,94.28251194444445,69.141,6,79,test,21,6,4.012205123901367,9.215582847595217,3.760621309280396,4.261412143707275,17.237616300582886,0.24721586032537324,0.7527841396746269,True,True,False,0.40807199842620057,-0.38926320514393753,0.05346204885233229,0.021816365115130402,0.0752784139674627,0.021816365115130402,4.371926523664576,4.371926523664576,-0.3597213997632087,4.028884266775192,-0.01667914287382466,4.1145285453766105,-0.10232342147524331
1034,2026-05-15T18:04:14.293Z,2026-05-15 18:04:14.293000+00:00,5658.1080999999995,94.30180166666666,69.443,6,79,test,21,7,4.705258369445801,3.9864001274108887,9.631915092468262,5.981102943,19.59941816287915,0.30516737248496856,0.6948326275150314,True,True,False,2.41619375492145,0.38313175748190437,0.02033937994629371,0.049143882805209434,0.06948326275150314,0.049143882805209434,5.1433487623342975,5.1433487623342975,-0.4380903928884967,4.800306505444913,-0.09504813599911266,4.724656465241013,-0.019398095795212456
1035,2026-05-15T18:05:24.056Z,2026-05-15 18:05:24.056000+00:00,5659.270816666667,94.32118027777778,69.763,6,79,test,21,8,4.826005935668945,2.284307718276977,8.436357498168945,6.312403202056885,17.033068418502808,0.3705969498249535,0.6294030501750465,True,True,False,3.6931790890819114,0.5674003679039513,0.01341101710009902,0.049529287917405636,0.06294030501750465,0.049529287917405636,5.327593891913189,5.327593891913189,-0.5015879562442436,4.984551635023805,-0.15854569935485952,4.870378343636647,-0.04437240796770148
1036,2026-05-15T18:06:33.574Z,2026-05-15 18:06:33.574000+00:00,5660.42945,94.34049083333333,69.518,6,79,test,21,9,4.7747297286987305,2.390779972076416,7.596518993377685,8.325420379638672,18.312719345092773,0.45462501896910357,0.5453749810308964,True,True,False,3.1774228837880187,0.5020750190051988,0.013055297397527523,0.04148220070556212,0.054537498103089645,0.04148220070556212,5.262314059769267,5.262314059769267,-0.48758433107053634,4.919271802879883,-0.14454207418115228,4.818747672133383,-0.04401794343465237
1037,2026-05-15T18:07:42.888Z,2026-05-15 18:07:42.888000+00:00,5661.5846833333335,94.35974472222223,69.314,6,80,test,22,0,5.012914657592773,1.3725721836090088,9.402025223,6.371198654174805,17.145796060783816,0.3715895506740063,0.6284104493259937,True,True,False,6.849931344432858,0.8356862186627343,0.008005298667633061,0.054835746264966304,0.06284104493259937,0.054835746264966304,5.595843662535343,5.595843662535343,-0.5829290049425699,5.252801405645959,-0.23988674805318588,5.082540589355713,-0.06962593176293996
1038,2026-05-15T18:08:52.162Z,2026-05-15 18:08:52.162000+00:00,5662.73925,94.3789875,69.274,6,80,test,22,1,4.318758964538574,6.486405849456787,5.353653430938721,3.5133602619171143,15.353419542312622,0.22883242734523174,0.7711675726547682,True,True,False,0.8253651644981588,-0.08335386497821179,0.042247304136911294,0.034869453128565535,0.07711675726547683,0.034869453128565535,4.677124259237547,4.677124259237547,-0.3583652946989728,4.334082002348163,-0.015323037809588769,4.3559134189493145,-0.03715445441074028
1039,2026-05-15T18:10:01.493Z,2026-05-15 18:10:01.493000+00:00,5663.894766666666,94.3982461111111,69.331,6,80,test,22,2,4.417451858520508,8.040309906,8.419924736,6.985508918762207,23.445743560762207,0.29794358624875755,0.7020564137512424,True,True,False,1.047213954989063,0.020035420913176637,0.034293260459676435,0.03591238091544781,0.07020564137512425,0.03591238091544781,4.7804458577550495,4.7804458577550495,-0.3629939992345417,4.437403600865665,-0.01995174234515762,4.4376318201316,-0.020179961611091812
1040,2026-05-15T18:11:10.917Z,2026-05-15 18:11:10.917000+00:00,5665.051833333333,94.41753055555554,69.424,6,80,test,22,3,4.685961723327637,3.820504665374756,9.049875259399414,7.633774757385254,20.504154682159424,0.3723038026057894,0.6276961973942107,True,True,False,2.368764352369062,0.37452185871512494,0.01863283185577487,0.044136787883646195,0.06276961973942106,0.044136787883646195,5.134764887595095,5.134764887595095,-0.44880316426745814,4.791722630705711,-0.10576090737807409,4.717867366643029,-0.03190564331539214
1041,2026-05-15T18:12:20.347Z,2026-05-15 18:12:20.347000+00:00,5666.209,94.43681666666666,69.43,6,80,test,22,4,3.964789390563965,8.188258171081543,2.8698954582214355,9.242975234985352,20.30112886428833,0.4552936586321881,0.5447063413678119,True,True,False,0.35048912702301455,-0.4553254502997496,0.040334004211388906,0.01413662992539229,0.054470634136781194,0.01413662992539229,4.3067196602473485,4.3067196602473485,-0.3419302696833837,3.963677403357964,0.0011119872060008085,4.062955585791933,-0.09816619522796799
1042,2026-05-15T18:13:29.651Z,2026-05-15 18:13:29.651000+00:00,5667.364066666666,94.45606777777776,69.304,6,80,test,22,5,4.545917510986328,5.403214454650879,8.849850655,3.0675301551818848,17.32059526483276,0.17710304457088202,0.8228969554291181,True,True,False,1.6378862488758685,0.21428373674006132,0.031195316165729074,0.05109437937718274,0.08228969554291181,0.05109437937718274,4.9745214951368215,4.9745214951368215,-0.4286039841504934,4.6314792382474375,-0.08556172726110933,4.591128775490693,-0.04521126450436519
1043,2026-05-15T18:14:39.292Z,2026-05-15 18:14:39.292000+00:00,5668.52475,94.47541249999999,69.641,6,80,test,22,6,4.805606842041016,2.689086914,8.883833885192871,2.235269308,13.808190107192871,0.16187996331507765,0.8381200366849224,True,True,False,3.303661863416018,0.5189955899898883,0.019474579167324896,0.06433742450116733,0.08381200366849223,0.06433742450116733,5.27914831784974,5.27914831784974,-0.47354147580872397,4.9361060609603555,-0.1304992189193399,4.832062106628831,-0.026455264587815108
1044,2026-05-15T18:15:48.871Z,2026-05-15 18:15:48.871000+00:00,5669.6844,94.49474000000001,69.579,6,80,test,22,7,4.124131202697754,9.62049961090088,4.706995010375977,3.382960796356201,17.710455417633057,0.19101489581052922,0.8089851041894709,True,True,False,0.4892672107218354,-0.31045388842916966,0.054321017636409424,0.026577492782537664,0.08089851041894709,0.026577492782537664,4.450408461223667,4.450408461223667,-0.3262772585259128,4.107366204334283,0.01676499836347123,4.176600934412775,-0.05246973171502134
1045,2026-05-15T18:16:58.392Z,2026-05-15 18:16:58.392000+00:00,5670.843083333334,94.5140513888889,69.521,6,80,test,22,8,4.650123596191406,1.827157020568848,5.130509853363037,8.638582229614258,15.596249103546143,0.5538884492201456,0.4461115507798545,True,True,False,2.8079195140906705,0.4483846550648706,0.011715361869626746,0.032895793208358705,0.04461115507798545,0.032895793208358705,5.208695537541347,5.208695537541347,-0.5585719413499408,4.865653280651963,-0.21552968446055676,4.776340082886879,-0.1262164866954727
1046,2026-05-15T18:18:08.698Z,2026-05-15 18:18:08.698000+00:00,5672.0148500000005,94.53358083333335,70.306,6,80,test,22,9,3.871058464050293,6.333928108215332,1.9674221277236936,9.090519905090332,17.391870141029358,0.5226878898805013,0.4773121101194987,True,True,False,0.31061642855906063,-0.5077755780863366,0.03641890180212932,0.011312309209820546,0.04773121101194987,0.011312309209820546,4.255016689710133,4.255016689710133,-0.38395822565983995,3.9119744328207484,-0.040915968770455446,4.022063031386086,-0.15100456733579293
1047,2026-05-15T18:19:18.137Z,2026-05-15 18:19:18.137000+00:00,5673.172166666667,94.55286944444445,69.439,6,81,test,23,0,3.956519127,9.63885498,3.6050901412963863,7.757990837097168,21.001935958393553,0.36939408121548145,0.6306059187845187,True,True,False,0.3740164312853254,-0.42710931796049467,0.04589507843036619,0.017165513448085677,0.06306059187845187,0.017165513448085677,4.334498559430221,4.334498559430221,-0.37797943243022125,3.9914563025408367,-0.03493717554083675,4.084926279822994,-0.12840715282299442
1048,2026-05-15T18:20:27.378Z,2026-05-15 18:20:27.378000+00:00,5674.326183333334,94.57210305555556,69.241,6,81,test,23,1,4.456598281860352,4.320962905883789,6.145410537719727,7.7248382568359375,18.191211700439453,0.42464671315156677,0.5753532868484332,True,True,False,1.4222317274123355,0.15297036273513648,0.023753024136261392,0.033782304548581936,0.05753532868484333,0.033782304548581936,4.91335051749489,4.91335051749489,-0.4567522356345384,4.570308260605506,-0.11370997874515432,4.542747850656191,-0.08614956879583957
1049,2026-05-15T18:21:37.024Z,2026-05-15 18:21:37.024000+00:00,5675.48695,94.59144916666668,69.646,6,81,test,23,2,4.151698112487793,7.041073799133301,4.278895854949951,4.995225429534912,16.315195083618164,0.3061701318270194,0.6938298681729806,True,True,False,0.6077050144647893,-0.21630718006637,0.043156540654565236,0.026226446162732828,0.06938298681729807,0.026226446162732828,4.544452622370382,4.544452622370382,-0.39275450988258864,4.2014103654809976,-0.049712252993204586,4.250981689256951,-0.09928357676915844
1050,2026-05-15T18:22:46.264Z,2026-05-15 18:22:46.264000+00:00,5676.64095,94.6106825,69.24,6,81,test,23,3,4.252596855163574,9.778641700744627,7.122469425201416,2.197849750518799,19.098960876464844,0.11507692825462312,0.8849230717453769,True,True,False,0.7283700173469954,-0.13764793982488494,0.051199862463693485,0.0372924447108442,0.08849230717453768,0.0372924447108442,4.622831708764871,4.622831708764871,-0.37023485360129715,4.279789451875487,-0.027192596711913097,4.312972731964259,-0.06037587680068501
1051,2026-05-15T18:23:55.483Z,2026-05-15 18:23:55.483000+00:00,5677.794599999999,94.62990999999998,69.219,6,81,test,23,4,4.575690269470215,1.2127925157546997,3.220757007598877,9.058979988098145,13.492529511451721,0.6714070908949562,0.3285929091050438,True,True,False,2.6556537625025296,0.4241714521581325,0.00898862229447301,0.023870668616031373,0.03285929091050438,0.023870668616031373,5.184606237659397,5.184606237659397,-0.6089159681891818,4.841563980770013,-0.26587371129979775,4.757287541112468,-0.1815972716422536
1052,2026-05-15T18:25:04.863Z,2026-05-15 18:25:04.863000+00:00,5678.950933333333,94.64918222222221,69.38,6,81,test,23,5,4.4554948806762695,7.533251762390137,8.942380905151367,1.8063900470733645,18.282022714614868,0.09880690311304091,0.9011930968869591,True,True,False,1.1870545665015906,0.07447068305388035,0.041205789315467624,0.0489135203732283,0.09011930968869591,0.0489135203732283,4.83475476702752,4.83475476702752,-0.3792598863512504,4.491712510138136,-0.03621762946186635,4.4805854455049845,-0.025090564828714967
1053,2026-05-15T18:26:14.233Z,2026-05-15 18:26:14.233000+00:00,5680.107099999999,94.66845166666666,69.37,6,81,test,23,6,4.665009498596191,4.294641017913818,9.326129913330078,5.896692752838135,19.51746368408203,0.30212392595085674,0.6978760740491433,True,True,False,2.1715737996328213,0.3367745931864734,0.02200409380762124,0.0477835135972931,0.06978760740491434,0.0477835135972931,5.097005143221132,5.097005143221132,-0.43199564462494067,4.753962886331748,-0.08895338773555661,4.688002691845442,-0.022993193249250865
1054,2026-05-15T18:27:23.505Z,2026-05-15 18:27:23.505000+00:00,5681.261633333333,94.68769388888887,69.272,6,81,test,23,7,4.063481330871582,7.808421611785889,3.4167914390563965,7.453450679779053,18.678663730621338,0.39903554061846785,0.6009644593815322,True,True,False,0.43757773451924703,-0.3589447845298352,0.04180396266240907,0.01829248327574415,0.06009644593815322,0.01829248327574415,4.40240564109893,4.40240564109893,-0.33892431022734826,4.059363384209546,0.0041179466620357985,4.13863487727546,-0.07515354640387795
1055,2026-05-15T18:28:33.276Z,2026-05-15 18:28:33.276000+00:00,5682.424483333333,94.70707472222222,69.771,6,81,test,23,8,4.787961959838867,1.9067763090133667,7.099189758300781,4.778178691864014,13.784144759178162,0.3466431015738185,0.6533568984261815,True,True,False,3.7231371738482277,0.5709090374936743,0.013833112915792192,0.05150257692682596,0.06533568984261814,0.05150257692682596,5.331094797067966,5.331094797067966,-0.5431328372290984,4.988052540178582,-0.20009058033971439,4.873147255229616,-0.08518529539074837
1056,2026-05-15T18:29:43.014Z,2026-05-15 18:29:43.014000+00:00,5683.586783333333,94.72644638888889,69.738,6,81,test,23,9,4.40587329864502,1.1606085300445557,2.272826194763184,9.928920746,13.362355470807739,0.7430516848389013,0.25694831516109884,True,True,False,1.9583056094512163,0.2918804679274743,0.008685658247755013,0.01700917326835487,0.025694831516109882,0.01700917326835487,5.052549809396366,5.052549809396366,-0.6466765107513455,4.709507552506982,-0.3036342538619614,4.652842387936969,-0.24696908929194894
1057,2026-05-15T18:30:52.422Z,2026-05-15 18:30:52.422000+00:00,5684.743583333333,94.74572638888888,69.408,6,82,test,24,0,4.578998565673828,5.170724868774414,8.747851371765137,5.707396030426025,19.625972270965576,0.2908083203026572,0.7091916796973429,True,True,False,1.6918036820316429,0.22834996582063727,0.02634633738081818,0.044572830588916104,0.07091916796973428,0.044572830588916104,4.9886192047564,4.9886192047564,-0.40962063908257207,4.645576947867016,-0.06657838219318801,4.60227883808142,-0.02328027240759223
1058,2026-05-15T18:32:02.038Z,2026-05-15 18:32:02.038000+00:00,5685.903850000001,94.76506416666668,69.616,6,82,test,24,1,4.340813636779785,7.687489509582519,6.876101016998291,5.141491413116455,19.705081939697266,0.26092210267639443,0.7390778973236056,True,True,False,0.8944533853902727,-0.04844228784707619,0.03901272541321198,0.03489506431914858,0.07390778973236056,0.03489506431914858,4.712015289464186,4.712015289464186,-0.37120165268440086,4.368973032574802,-0.028159395795016806,4.383509190275294,-0.04269555349550913
1059,2026-05-15T18:33:11.302Z,2026-05-15 18:33:11.302000+00:00,5687.05825,94.78430416666667,69.264,6,82,test,24,2,4.250943183898926,3.001326799,2.7382071018218994,5.204617023468018,10.944150924289918,0.47556151769770166,0.5244384823022983,True,True,False,0.912332206787422,-0.039846993575130656,0.02742402603694661,0.02501982219328322,0.05244384823022983,0.02501982219328322,4.720784332992048,4.720784332992048,-0.46984114909312247,4.377742076102664,-0.1267988922037384,4.3904447412857,-0.13950155738677417
1060,2026-05-15T18:34:21.146Z,2026-05-15 18:34:21.146000+00:00,5688.222316666666,94.80370527777777,69.844,6,82,test,24,3,4.529376983642578,3.855597257614136,6.407905578613281,2.941873788833618,13.205376625061035,0.22277848427666644,0.7772215157233335,True,True,False,1.6619748252903694,0.22062444103637077,0.029197177536739248,0.048524974035594116,0.07772215157233336,0.048524974035594116,4.9808733870964605,4.9808733870964605,-0.4514964034538824,4.6378311302070765,-0.10845414656449837,4.596152569768677,-0.06677558612609857
1061,2026-05-15T18:35:30.399Z,2026-05-15 18:35:30.399000+00:00,5689.376533333333,94.82294222222222,69.253,6,82,test,24,4,4.503462791442871,6.552835464477539,8.883281707763672,7.900187969207764,23.336305141448975,0.33853636731788267,0.6614636326821174,True,True,False,1.3556393649618272,0.13214417136147777,0.028080004202716162,0.03806635906549558,0.06614636326821174,0.03806635906549558,4.892488403493078,4.892488403493078,-0.38902561205020714,4.549446146603694,-0.04598335516082308,4.526247732326897,-0.022784940884025495
1062,2026-05-15T18:36:40.185Z,2026-05-15 18:36:40.185000+00:00,5690.539633333334,94.84232722222222,69.786,6,82,test,24,5,4.042530059814453,9.528369903564451,4.266177177429199,2.0875582695007324,15.882105350494383,0.1314409030434841,0.8685590969565159,True,True,False,0.4477342106369393,-0.3489797206194309,0.05999437538844842,0.026861534307203172,0.0868559096956516,0.026861534307203172,4.411926513000171,4.411926513000171,-0.36939645318571745,4.0688842561107865,-0.0263541962963334,4.146165059161863,-0.10363499934740972
1063,2026-05-15T18:37:49.703Z,2026-05-15 18:37:49.703000+00:00,5691.698266666667,94.86163777777779,69.518,6,82,test,24,6,4.424619674682617,6.4165873527526855,7.310070514678955,1.816116571426392,15.542774438858032,0.1168463570368732,0.8831536429631268,True,True,False,1.1392458502950122,0.056617455338963056,0.04128341035890456,0.04703195393740814,0.0883153642963127,0.04703195393740814,4.816918561197534,4.816918561197534,-0.39229888651491684,4.47387630430815,-0.04925662962553279,4.466478557453521,-0.04185888277090388
1064,2026-05-15T18:38:59.414Z,2026-05-15 18:38:59.414000+00:00,5692.860116666667,94.88100194444445,69.711,6,82,test,24,7,4.269136428833008,9.160995483398438,6.411920547485352,8.995542526245117,24.568458557128906,0.3661419175048296,0.6338580824951704,True,True,False,0.6999152612950239,-0.15495453681383717,0.03728762820873122,0.02609818004078582,0.06338580824951705,0.02609818004078582,4.605746572801088,4.605746572801088,-0.3366101439680804,4.262704315911704,0.006432112921303634,4.299459874875566,-0.030323446042558544
1065,2026-05-15T18:40:08.814Z,2026-05-15 18:40:08.814000+00:00,5694.0167833333335,94.90027972222222,69.4,6,82,test,24,8,4.218963623046875,2.1954708099365234,1.9749261140823364,5.000195503234863,9.170592427253723,0.5452423649725158,0.4547576350274843,True,True,False,0.8995456032227713,-0.045976814835409545,0.023940337850059612,0.02153542565268882,0.04547576350274843,0.02153542565268882,4.714761920919352,4.714761920919352,-0.49579829787247665,4.371719664029968,-0.1527560409830926,4.385681536951823,-0.1667179139049484
1066,2026-05-15T18:41:18.202Z,2026-05-15 18:41:18.202000+00:00,5695.173250000001,94.91955416666669,69.388,6,82,test,24,9,4.269688606262207,9.085269927978516,6.653936862945557,2.041834831237793,17.781041622161865,0.11483212708376425,0.8851678729162358,True,True,False,0.7323873606060339,-0.13525915927260726,0.05109526270190411,0.03742152458971948,0.08851678729162359,0.03742152458971948,4.625217322204337,4.625217322204337,-0.3555287159421301,4.282175065314953,-0.012486459052746035,4.314859544778901,-0.04517093851669429
1067,2026-05-15T18:42:28.060Z,2026-05-15 18:42:28.060000+00:00,5696.33755,94.93895916666666,69.858,6,83,test,25,0,4.625312805175781,2.2074179649353027,5.531639099121094,4.616172790527344,12.35522985458374,0.3736209560532589,0.6263790439467412,True,True,False,2.5059319018830313,0.39896926496688384,0.017866263848716337,0.04477164054595778,0.06263790439467412,0.04477164054595778,5.159204954232506,5.159204954232506,-0.533892149056725,4.816162697343122,-0.19084989216734094,4.737197334423768,-0.11188452924798664
1068,2026-05-15T18:43:37.664Z,2026-05-15 18:43:37.664000+00:00,5697.4976166666665,94.9582936111111,69.604,6,83,test,25,1,3.791111946105957,5.69184160232544,1.4646366834640503,9.371755599975586,16.528233885765076,0.5670149433235574,0.4329850566764426,True,True,False,0.25732210869425165,-0.5895228983157969,0.034437082882929994,0.008861422784714265,0.04329850566764426,0.008861422784714265,4.174587895368945,4.174587895368945,-0.383475949262988,3.8315456384795605,-0.0404336923736035,3.9584508479037783,-0.1673389017978213
1069,2026-05-15T18:44:47.161Z,2026-05-15 18:44:47.161000+00:00,5698.6559,94.97759833333333,69.497,6,83,test,25,2,4.474240303039551,3.3444409370422363,5.255845546722412,5.920670509338379,14.520956993103027,0.40773280384691596,0.5922671961530841,True,True,False,1.5715169278398404,0.19631906344958233,0.023031821791296092,0.03619489782401231,0.059226719615308406,0.03619489782401231,4.9566599960652065,4.9566599960652065,-0.4824196930256557,4.613617739175822,-0.13937743613627163,4.57700188268421,-0.10276157964465948
1070,2026-05-15T18:45:56.453Z,2026-05-15 18:45:56.453000+00:00,5699.8107666666665,94.99684611111111,69.292,6,83,test,25,3,4.246531486511231,7.244839668273926,5.328485012054443,2.913440704345703,15.486765384674072,0.1881245458285877,0.8118754541714123,True,True,False,0.735486947404586,-0.13342503023823638,0.04678084472980733,0.0344067006873339,0.08118754541714124,0.0344067006873339,4.627091890074904,4.627091890074904,-0.38056040356367227,4.28404963318552,-0.03751814667428821,4.3163421649811475,-0.06981067846991618
1071,2026-05-15T18:47:05.722Z,2026-05-15 18:47:05.722000+00:00,5700.965249999999,95.01608749999998,69.269,6,83,test,25,4,4.699745178222656,1.1825608015060425,4.367134094238281,3.29194450378418,8.841639399528503,0.37232286401091286,0.6276771359890873,True,True,False,3.6929467716810387,0.567373047988969,0.013374904223860394,0.04939280937504833,0.06276771359890872,0.04939280937504833,5.327567108818202,5.327567108818202,-0.6278219305955455,4.984524851928818,-0.2847796737061614,4.8703571605371545,-0.17061198231449826
1072,2026-05-15T18:48:15.301Z,2026-05-15 18:48:15.301000+00:00,5702.1249,95.035415,69.579,6,83,test,25,5,4.196358680725098,7.010666370391846,4.350043773651123,7.336872100830078,18.697582244873047,0.39239683530964964,0.6076031646903504,True,True,False,0.6204893434984536,-0.20726567282691086,0.03749504229250923,0.023265274176525807,0.06076031646903504,0.023265274176525807,4.553579680398588,4.553579680398588,-0.3572209996734905,4.210537423509204,-0.014178742784106468,4.258200398609736,-0.061841717884638214
1073,2026-05-15T18:49:24.632Z,2026-05-15 18:49:24.632000+00:00,5703.2804166666665,95.05467361111111,69.331,6,83,test,25,6,4.334197044372559,7.744244575500488,7.099755287,9.553422927856444,24.397422790356934,0.3915750860223002,0.6084249139776997,True,True,False,0.916778288415712,-0.037735680425662575,0.03174205997922615,0.029100431418543824,0.06084249139776997,0.029100431418543824,4.722805865453408,4.722805865453408,-0.38860882108084915,4.379763608564024,-0.0455665641914651,4.3920435977015,-0.0578465533289414
1074,2026-05-15T18:50:34.097Z,2026-05-15 18:50:34.097000+00:00,5704.438166666666,95.07396944444443,69.465,6,83,test,25,7,4.764253616333008,2.3572354316711426,7.370981693267822,2.2783124446868896,12.006529569625854,0.18975611824174152,0.8102438817582585,True,True,False,3.126960334226024,0.4951223722131864,0.019632945706763445,0.06139144246906241,0.08102438817582586,0.06139144246906241,5.2552844981033315,5.2552844981033315,-0.4910308817703237,4.9122422412139475,-0.14798862488093967,4.813187900037375,-0.04893428370436759
1075,2026-05-15T18:51:43.454Z,2026-05-15 18:51:43.454000+00:00,5705.594116666666,95.09323527777777,69.357,6,83,test,25,8,3.749208450317383,8.548856735229492,1.7321052551269531,4.314399719238281,14.595361709594727,0.2956007398159974,0.7043992601840027,True,True,False,0.20261250232314895,-0.6933337597534777,0.058572421193300264,0.011867504825100008,0.07043992601840027,0.011867504825100008,4.070398017683958,4.070398017683958,-0.32118956736657545,3.7273557607945738,0.021852689522809055,3.8760457133921142,-0.12683726307473142
1076,2026-05-15T18:52:53.120Z,2026-05-15 18:52:53.120000+00:00,5706.755216666667,95.11258694444446,69.666,6,83,test,25,9,4.550879478,5.390768051147461,9.15200901031494,1.725316286087036,16.268093347549435,0.10605522412661414,0.8939447758733859,True,True,False,1.6977189379103175,0.2298657932000084,0.033137061215348304,0.0562574163719903,0.0893944775873386,0.0562574163719903,4.990078861743178,4.990078861743178,-0.439199383743178,4.647036604853794,-0.09615712685379396,4.60343329984881,-0.05255382184880997
1077,2026-05-15T18:54:02.475Z,2026-05-15 18:54:02.475000+00:00,5707.911133333333,95.13185222222222,69.355,6,84,test,26,0,4.503462791442871,5.001410484313965,7.089616775512695,6.275969505310059,18.36699676513672,0.341698187545978,0.658301812454022,True,True,False,1.4175234761769742,0.15153026015026277,0.027230420673930663,0.03859976057147154,0.0658301812454022,0.03859976057147154,4.911863457760994,4.911863457760994,-0.4084006663181228,4.56882120087161,-0.06535840942873872,4.541571715698349,-0.03810892425547774
1078,2026-05-15T18:55:11.801Z,2026-05-15 18:55:11.801000+00:00,5709.066566666666,95.15110944444444,69.326,6,84,test,26,1,4.0485944747924805,9.176527023,3.9089934825897217,2.2533748149871826,15.338895320576905,0.14690593865415544,0.8530940613458445,True,True,False,0.42597743926348614,-0.3706134015142608,0.059825214470887116,0.025484191663697347,0.08530940613458446,0.025484191663697347,4.390375259954978,4.390375259954978,-0.34178078516249766,4.047333003065594,0.0012614717268863984,4.129119891766106,-0.08052541697362514
1079,2026-05-15T18:56:21.597Z,2026-05-15 18:56:21.597000+00:00,5710.229833333333,95.17049722222221,69.796,6,84,test,26,2,4.680998802185059,1.6517083644866943,5.018184661865234,5.281645774841309,11.951538801193237,0.44192181966676886,0.5580781803332312,True,True,False,3.0381783913922047,0.4826132705546457,0.013820047710691351,0.04198777032263177,0.05580781803332312,0.04198777032263177,5.242852008970031,5.242852008970031,-0.5618532067849724,4.899809752080647,-0.21881094989558836,4.803354882069526,-0.12235607988446784
1080,2026-05-15T18:57:31.333Z,2026-05-15 18:57:31.333000+00:00,5711.3921,95.18986833333334,69.736,6,84,test,26,3,3.946594238,2.483078956604004,1.1458439826965332,4.15294075,7.781863689300537,0.5336691717833575,0.46633082821664257,True,True,False,0.4614609534058687,-0.33586504098213904,0.03190853831091961,0.01472454451074465,0.04663308282166426,0.01472454451074465,4.425751095805061,4.425751095805061,-0.4791568578050609,4.082708838915677,-0.13611460091567684,4.157099102189046,-0.21050486418904635
1081,2026-05-15T18:58:40.710Z,2026-05-15 18:58:40.710000+00:00,5712.548383333333,95.20913972222222,69.377,6,84,test,26,4,4.139568328857422,6.406728744506836,3.696241855621338,1.1766704320907593,11.279641032218933,0.1043180743722023,0.8956819256277977,True,True,False,0.5769312238777887,-0.23887595611748064,0.056799048180760266,0.03276914438201951,0.08956819256277979,0.03276914438201951,4.521752521774356,4.521752521774356,-0.3821841929169345,4.178710264884972,-0.03914193602755045,4.233027883334465,-0.09345955447704313
1082,2026-05-15T18:59:50.230Z,2026-05-15 18:59:50.230000+00:00,5713.70705,95.22845083333333,69.52,6,84,test,26,5,4.2961530685424805,7.734940052032471,6.007556438446045,2.033608913421631,15.776105403900146,0.12890436906683478,0.8710956309331652,True,True,False,0.7766778278866519,-0.1097590926360185,0.04902946483940358,0.038080098253912946,0.08710956309331652,0.038080098253912946,4.650693767454276,4.650693767454276,-0.3545406989117952,4.307651510564892,-0.011498442022411126,4.335009197934726,-0.038856129392245364
1083,2026-05-15T19:00:59.544Z,2026-05-15 19:00:59.544000+00:00,5714.862283333334,95.24770472222222,69.314,6,84,test,26,6,4.467073440551758,7.782082557678223,9.086191177368164,9.786199569702148,26.654473304748535,0.36715036376121984,0.6328496362387801,True,True,False,1.167578358366712,0.067286036530929,0.029196159566551378,0.03408880405732664,0.06328496362387802,0.03408880405732664,4.827696650384537,4.827696650384537,-0.36062320983277907,4.484654393495153,-0.017580952943395012,4.47500308890483,-0.007929648353072416
1084,2026-05-15T19:02:08.916Z,2026-05-15 19:02:08.916000+00:00,5716.018483333333,95.26697472222222,69.372,6,84,test,26,7,4.630274772644043,3.764366626739502,7.998788833618164,3.5915589332580566,15.354714393615723,0.23390594192695482,0.7660940580730452,True,True,False,2.1248697660850047,0.32733231716097055,0.024516031560343925,0.052093374246960596,0.07660940580730452,0.052093374246960596,5.087545262660793,5.087545262660793,-0.45727049001675013,4.744503005771409,-0.11422823312736607,4.68052074880683,-0.050245976162787365
1085,2026-05-15T19:03:18.401Z,2026-05-15 19:03:18.401000+00:00,5717.176566666666,95.2862761111111,69.485,6,84,test,26,8,4.993066787719727,1.5474485158920288,9.401263236999512,1.0609419345855713,12.009653687477112,0.08834076004138677,0.9116592399586132,True,True,False,6.07533183847486,0.7835700043580205,0.012885038621102022,0.0782808853747593,0.09116592399586132,0.0782808853747593,5.543682138032603,5.543682138032603,-0.5506153503128761,5.200639881143219,-0.20757309342349206,5.0412853586318835,-0.04821857091215698
