_id,utc_time,episode_number,step_number,target_ph,observation.utc_time,observation.biosmb-sensors.P_1,observation.biosmb-sensors.P_2,observation.biosmb-sensors.P_3,observation.biosmb-sensors.P_4,observation.biosmb-sensors.P_5,observation.biosmb-sensors.P_6,observation.biosmb-sensors.P_7,observation.biosmb-sensors.PH_1,observation.biosmb-sensors.PH_2,observation.biosmb-sensors.COND_1,observation.biosmb-sensors.COND_2,observation.biosmb-sensors.COND_3,observation.biosmb-sensors.COND_4,observation.biosmb-sensors.UV_1A,observation.biosmb-sensors.UV_1B,observation.biosmb-sensors.UV_1C,observation.biosmb-sensors.UV_2A,observation.biosmb-sensors.UV_2B,observation.biosmb-sensors.UV_2C,observation.biosmb-sensors.UV_3A,observation.biosmb-sensors.UV_3B,observation.biosmb-sensors.UV_3C,observation.biosmb-sensors.UV_4A,observation.biosmb-sensors.UV_4B,observation.biosmb-sensors.UV_4C,observation.biosmb-flows[0],observation.biosmb-flows[1],observation.biosmb-flows[2],observation.biosmb-flows[3],observation.biosmb-flows[4],observation.biosmb-flows[5],observation.biosmb-flows[6],observation.mfcs-mass.acid-mass-grams,observation.mfcs-mass.sodium-mass-grams,observation.mfcs-mass.water-mass-grams
6a02328ee3a46fc284e5c48a,2026-05-11T19:46:07.807Z,1,0,4.7,2026-05-11T19:46:07.807Z,0.5147764682769775,0.48564720153808594,0.7183353900909424,-0.025031328,0.013466119766235352,0.16411972045898438,0.080797315,1.958831787109375,4.4141435623168945,0.2349088191986084,-0.102289677,1.9239434003829956,2.079235792160034,0,0,0,0,0,0,0.010825973004102707,0.13418637216091156,0.006631267,0,0,0,8.549332618713379,3.9262027740478516,4.3504838943481445,0,0,0,0,2912.42,2948.33,2939.09
6a02331be3a46fc284e5c503,2026-05-11T19:48:30.329Z,1,1,4.7,2026-05-11T19:48:30.329Z,0.6438982486724854,0.6340157985687256,0.8921124935150146,-0.025031328,0.011783003807067871,0.16454052925109863,0.080797315,2.346618652,4.619248390197754,0.23490770161151886,-0.102383852,2.3422961235046387,2.532114028930664,0,0,0,0,0,0.022158304,0.010504943318665028,0.13113373517990112,0.010535920038819313,0,0,0,7.116000175476074,6.0976481437683105,7.160530090332031,0,0,0,0,2892.33,2933.49,2919.7000000000003
6a0233a8e3a46fc284e5c57c,2026-05-11T19:50:50.952Z,1,2,4.7,2026-05-11T19:50:50.952Z,0.8482694625854492,0.8531177043914795,1.1046018600463867,-0.025031328,0.011362075805664062,0.16411972045898438,0.080376506,1.907806396484375,4.845854759216309,0.2348855882883072,-0.102148533,2.9286680221557617,3.208657741546631,0,0,0,0,0,0,0,0.1134592741727829,0.062871084,0,0,0,6.221703052520752,9.732967376708984,8.711876869,0,0,0,0,2874.9,2910.39,2896.8799999999997
6a023435e3a46fc284e5c5f5,2026-05-11T19:53:12.043Z,1,3,4.7,2026-05-11T19:53:12.043Z,0.3642771244049072,0.3588442802429199,0.5505802631378174,-0.026757479,0.011783003807067871,0.16411972045898438,0.079955697,1.856781005859375,4.805054664611816,0.2349037528038025,-0.102146983,3.0817625522613525,3.3776986598968506,0,0,0,0,0,0,0,0.064968877,0.098011814,0,0,0,4.207277774810791,5.855237007141113,3.0271997451782227,0,0,0,0,2862.09,2895.41,2886.3799999999997
6a0234c2e3a46fc284e5c66e,2026-05-11T19:55:33.210Z,1,4,4.7,2026-05-11T19:55:33.210Z,0.3617115020751953,0.39507365226745605,0.6107997894287109,-0.028483629,0.010941267013549805,0.16327810287475586,0.079955697,2.009857177734375,4.993066787719727,0.23493903875350952,-0.102579713,3.2107625007629395,3.5404653549194336,0,0,0,0,0,0,0.025594936683773994,0.15397663414478302,0.074232861,0,0,0,2.5869803428649902,6.577486038208008,4.8657331466674805,0,0,0,0,2853.41,2879.52,2872.59
6a023550e3a46fc284e5c6e7,2026-05-11T19:57:54.609Z,1,5,4.7,2026-05-11T19:57:54.609Z,0.7610485553741455,0.7565059661865234,1.0065298080444336,-0.027620554,0.011362075805664062,0.16327810287475586,0.079955697,2.5915374755859375,4.670523643493652,0.23496489226818085,-0.102331758,2.469970226287842,2.729771852493286,0,0,0,0,0,0,0.021539214998483658,0.096358351,0.076567687,0,0,0,7.768003463745117,7.414762974,7.852952003479004,0,0,0,0,2832.83,2861.1800000000003,2851.52
6a0235dde3a46fc284e5c760,2026-05-11T20:00:15.871Z,1,6,4.7,2026-05-11T20:00:15.871Z,0.7268438339233398,0.7202761173248291,0.8714654445648193,-0.028483629,0.011362075805664062,0.16411972045898438,0.080376506,2.1833343505859375,4.743302345275879,0.23483912646770477,-0.101638615,3.238990545272827,3.582862138748169,0,0,0,0,0,0,0.02669959,0.12333308160305023,0.027151929,0,0,0,8.820981979370117,9.993937492370605,3.0263543128967285,0,0,0,0,2809.3799999999997,2836.89,2841.3700000000003
6a02366ae3a46fc284e5c7d9,2026-05-11T20:02:37.094Z,1,7,4.7,2026-05-11T20:02:37.094Z,0.3591463565826416,0.37523365020751953,0.5505802631378174,-0.027620554,0.010941267013549805,0.16411972045898438,0.079955697,2.7649993896484375,4.902092933654785,0.23495224118232727,-0.102413654,3.6250991821289062,4.032887935638428,0,0,0,0,0,0,0.044829566,0.11944377422332764,0.059736330062150955,0,0,0,3.8793654441833496,7.435241699,2.0945754051208496,0,0,0,0,2797.1299999999997,2818.48,2833.81
6a0236f7e3a46fc284e5c852,2026-05-11T20:04:58.331Z,1,8,4.7,2026-05-11T20:04:58.331Z,0.45064330101013184,0.44855546951293945,0.6641373634338379,-0.025031328,0.011362075805664062,0.16454052925109863,0.080376506,2.5200958251953125,4.618697166442871,0.23496265709400177,-0.103088439,2.324183702468872,2.578314781188965,0,0,0,0,0,0,0,0.17132408916950226,0.052101098001003265,0,0,0,5.235406398773193,4.867502212524414,5.546240329742432,0,0,0,0,2782.22,2806.09,2818.48
6a023784e3a46fc284e5c8cb,2026-05-11T20:07:19.569Z,1,9,4.7,2026-05-11T20:07:19.569Z,0.5695035457611084,0.6072750091552734,0.8344733715057373,-0.024168015,0.011783003807067871,0.16411972045898438,0.080797315,2.234375,5.189899444580078,0.23494058847427368,-0.102960289,3.1167893409729004,3.4795024394989014,0,0,0,0,0,0,0.013975356,0.14736191928386688,0,0,0,0,1.6605889797210693,8.562686920166016,9.065704345703125,0,0,0,0,2775.5,2785.58,2795.03
6a023811e3a46fc284e5c944,2026-05-11T20:09:40.352Z,1,10,4.7,2026-05-11T20:09:40.352Z,0.24883723258972168,0.26827073097229004,0.43616271018981934,-0.026757479,0.010941267013549805,0.16411972045898438,0.079955697,2.0302581787109375,4.953369141,0.23493649065494537,-0.102841079,3.616354227,4.062931537628174,0,0,0,0,0,0,0.046320848166942596,0.10390786081552505,0.10236885398626328,0,0,0,2.5687642097473145,5.994353771209717,1.7615255117416382,0,0,0,0,2767.1,2770.6,2787.33
6a02389de3a46fc284e5c9bd,2026-05-11T20:12:01.263Z,1,11,4.7,2026-05-11T20:12:01.263Z,0.4814271926879883,0.45804405212402344,0.7458643913269043,-0.028483629,0.011783003807067871,0.16411972045898438,0.081218123,2.4078521728515625,4.251494407653809,0.23496252298355103,-0.103265345,1.2917187213897705,1.4471837282180786,0,0,0,0,0,0,0.064385265,0.13569222390651703,0.013520265929400921,0,0,0,6.424426078796387,2.2115581035614014,7.750305652618408,0,0,0,0,2749.67,2764.58,2767.17
6a02392ae3a46fc284e5ca36,2026-05-11T20:14:21.480Z,1,12,4.7,2026-05-11T20:14:21.480Z,0.4241349697113037,0.39679884910583496,0.6572551727294922,-0.025031328,0.011362075805664062,0.16411972045898438,0.079955697,2.499694824,4.067340850830078,0.23492754995822906,-0.102846503,0.6250135898590088,0.7095377445220947,0,0,0,0,0,0,0.022967278957366943,0.13332808017730713,0.10907813906669617,0,0,0,6.418696880340576,1.307341456413269,7.155996799468994,0,0,0,0,2731.8199999999997,2761.29,2747.5
6a0239b7e3a46fc284e5caaf,2026-05-11T20:16:42.488Z,1,13,4.7,2026-05-11T20:16:42.488Z,0.5848953723907471,0.6521303653717041,0.8215689659118652,-0.025031328,0.010941267013549805,0.16327810287475586,0.080376506,2.173126220703125,5.113813400268555,0.23491817712783813,-0.10373503,3.223285675048828,3.631091356277466,0,0,0,0,0,0,0.031516831,0.066468269,0.073694952,0,0,0,2.360363245010376,9.187598228,8.145929336547852,0,0,0,0,2723.21,2739.7999999999997,2726.08
6a023a43e3a46fc284e5cb28,2026-05-11T20:19:03.252Z,1,14,4.7,2026-05-11T20:19:03.252Z,0.4190042018890381,0.45200562477111816,0.701129675,-0.028483629,0.010941267013549805,0.16411972045898438,0.079955697,2.662963867,5.118224143981934,0.23496440052986145,-0.104218543,2.7888684272766113,3.172264337539673,0,0,0,0,0,0,0.05675368,0.21796546876430511,0.044558558613061905,0,0,0,1.1490943431854248,6.300748825073242,8.297214508,0,0,0,0,2717.89,2724.19,2704.52
6a023ad0e3a46fc284e5cba1,2026-05-11T20:21:23.783Z,1,15,4.7,2026-05-11T20:21:23.783Z,0.5900263786315918,0.5408539772033691,0.7811360359191895,-0.020715475,0.009258032,0.16411972045898438,0.080797315,2.367034912109375,4.189741134643555,0.23495601117610931,-0.104159474,1.3766076564788818,1.5438580513000488,0,0,0,0,0,0,0.039658312,0.14872001111507416,0.002059154,0,0,0,9.768297195,2.7110466957092285,5.772246837615967,0,0,0,0,2692.97,2716.98,2688.0699999999997
6a023b5de3a46fc284e5cc1a,2026-05-11T20:23:44.271Z,1,16,4.7,2026-05-11T20:23:44.271Z,0.43012070655822754,0.43044066429138184,0.6873650550842285,-0.020715475,0.009258032,0.16327810287475586,0.079534888,2.203735352,4.790167808532715,0.23498119413852692,-0.100150883,2.1926794052124023,2.488616704940796,0,0,0,0,0,0,0.004974793,0.083198167,0,0,0,0,2.717064380645752,4.586766242980957,8.125826835632324,0,0,0,0,2683.3799999999997,2706.1299999999997,2667
6a023be9e3a46fc284e5cc93,2026-05-11T20:26:05.085Z,1,17,4.7,2026-05-11T20:26:05.085Z,0.40703248977661133,0.3812718391418457,0.6142411231994629,-0.020715475,0.010941267013549805,0.16411972045898438,0.080376506,2.1118927001953125,4.327580451965332,0.23496948182582855,-0.104070783,1.5832875967025757,1.7935364246368408,0,0,0,0,0,0,0,0.085425287,0.065575704,0,0,0,6.713934421539307,2.7263143062591553,4.685109615325928,0,0,0,0,2665.3199999999997,2698.92,2652.9300000000003
6a023c76e3a46fc284e5cd0c,2026-05-11T20:28:25.695Z,1,18,4.7,2026-05-11T20:28:25.695Z,0.5609524250030518,0.5658698081970215,0.7665109634399414,-0.018989325,0.011362075805664062,0.16454052925109863,0.081218123,2.071075439453125,4.789616584777832,0.2349996119737625,-0.10342139,3.168109417,3.6452856063842773,0,0,0,0,0,0,0,0.15685123205184937,0.043096833,0,0,0,6.364859580993652,8.544281005859375,3.0984294414520264,0,0,0,0,2647.61,2678.69,2642.92
6a023d03e3a46fc284e5cd85,2026-05-11T20:30:46.486Z,1,19,4.7,2026-05-11T20:30:46.486Z,0.4275553226470947,0.44510483741760254,0.6641373634338379,-0.018126249,0.010941267013549805,0.16411972045898438,0.080376506,2.009857177734375,5.087900161743164,0.23497894406318665,-0.103461802,3.2268176078796387,3.7435355186462402,0,0,0,0,0,0,0,0.10678485780954361,0.014763874933123589,0,0,0,2.196958541870117,7.608425140380859,5.5309882164001465,0,0,0,0,2639.49,2659.9300000000003,2627.73
6a0329f0e8b43458171358e2,2026-05-12T13:21:36.495Z,1,0,4.7,2026-05-12T13:21:36.495Z,0.5968673229217529,0.5882973670959473,0.7432835102081299,-0.030210018,0.000841618,0.16454052925109863,0.079534888,3.7140655517578125,4.8419952392578125,0.23558305203914642,-0.103543997,2.9379005432128906,3.3869450092315674,0,0,0,0,0,0,0,0.044948291,0.080390096,0,0,0,8.163414001464844,7.909221172332764,2.349125385284424,0,0,0,0,2603.3700000000003,2617.23,2590.21
6a032a7de8b434581713595b,2026-05-12T13:24:00.581Z,1,1,4.7,2026-05-12T13:24:00.581Z,0.2548227310180664,0.2656826972961426,0.4645521640777588,-0.030210018,0.000841618,0.16538214683532715,0.079534888,4.1120452880859375,4.887206077575684,0.2355796992778778,-0.103847027,3.022165060043335,3.5122616291046143,0,0,0,0,0,0,0,0.11154142022132874,0.015523041598498821,0,0,0,3.049386978149414,4.935805320739746,2.1768593788146973,0,0,0,0,2592.52,2604.28,2582.3700000000003
6a032b0ae8b43458171359d4,2026-05-12T13:26:21.283Z,1,2,4.7,2026-05-12T13:26:21.283Z,0.3009989261627197,0.3407294750213623,0.5858519077301025,-0.030210018,0.000841618,0.1649613380432129,0.079114079,3.938568115234375,5.218570709228516,0.2355934977531433,-0.103817523,3.2294952869415283,3.786958932876587,0,0,0,0,0,0,0,0.13449795544147491,0.01680756,0,0,0,1.0759644508361816,6.213901519775391,4.809741020202637,0,0,0,0,2587.41,2589.23,2569
6a032b95e8b4345817135a4d,2026-05-12T13:28:42.658Z,1,3,4.7,2026-05-12T13:28:42.658Z,0.720858097,0.7340779304504395,0.9652361869812012,-0.030210018,0.000841618,0.16538214683532715,0.079534888,3.6018218994140625,4.871767997741699,0.23563337326049805,-0.103995085,2.7691667079925537,3.2544827461242676,0,0,0,0,0,0,0,0.13833217322826385,0.030894795432686806,0,0,0,6.396834850311279,8.592846870422363,6.241216659545898,0,0,0,0,2570.19,2568.58,2552.1299999999997
6a032c20e8b4345817135ac6,2026-05-12T13:31:01.831Z,1,4,4.7,2026-05-12T13:31:01.831Z,0.3813791275024414,0.39334845542907715,0.6340277194976807,-0.030210018,0.000841618,0.1649613380432129,0.079534888,3.754882813,4.835929870605469,0.2356310784816742,-0.104236305,1.7827407121658325,2.1126956939697266,0,0,0,0,0,0,0,0.075722188,0.018712908029556274,0,0,0,1.7671830654144287,3.2878217697143555,8.654005051,0,0,0,0,2562.91,2559.83,2529.52
6a032cade8b4345817135b3f,2026-05-12T13:33:20.143Z,1,5,4.7,2026-05-12T13:33:20.143Z,0.8200509548187256,0.8108501434326172,1.0400807857513428,-0.029346943,0.000841618,0.16454052925109863,0.079534888,4.2753448486328125,4.692578315734863,0.23564471304416656,-0.104231596,2.5615651607513428,3.0511093139648438,0,0,0,0,0,0,0.026157241314649582,0.077772424,0.055874451994895935,0,0,0,9.408553123474121,8.54344368,4.960746765136719,0,0,0,0,2539.67,2540.23,2515.3799999999997
6a032d3be8b4345817135bb8,2026-05-12T13:35:41.312Z,1,6,4.7,2026-05-12T13:35:41.312Z,0.5045151710510254,0.5011744499206543,0.7682316303253174,-0.029346943,0.000841618,0.16454052925109863,0.079114079,3.999786376953125,4.618144989013672,0.23566250503063202,-0.104401708,1.693964958190918,2.023848056793213,0,0,0,0,0,0,0.002731988,0.068217881,0.022078255,0,0,0,4.251001358032227,3.6455094814300537,8.510936737060547,0,0,0,0,2526.23,2530.5,2493.19
6a032dc8e8b4345817135c31,2026-05-12T13:38:03.077Z,1,7,4.7,2026-05-12T13:38:03.077Z,0.5669381618499756,0.5391287803649902,0.7742536067962646,-0.030210018,0.000420809,0.1649613380432129,0.079114079,3.989593505859375,4.325926780700684,0.23560766875743866,-0.104484558,1.4723491668701172,1.7501492500305176,0,0,0,0,0,0,0,0.097033873,0.071543016,0,0,0,8.786769867,3.122873544692993,5.473313808441162,0,0,0,0,2503.1299999999997,2522.73,2477.23
6a032e55e8b4345817135caa,2026-05-12T13:40:24.077Z,1,8,4.7,2026-05-12T13:40:24.077Z,0.5703587532043457,0.5675950050354004,0.8095252513885498,-0.031073332,0.000841618,0.16454052925109863,0.079114079,3.9283599853515625,4.607117652893066,0.23563160002231598,-0.104212224,2.025149345397949,2.4532599449157715,0,0,0,0,0,0,0.003455506,0.1393003910779953,0.13066406548023224,0,0,0,6.329463005065918,5.166192054748535,6.474543571472168,0,0,0,0,2485.28,2510.2000000000003,2459.73
6a032ee3e8b4345817135d23,2026-05-12T13:42:45.457Z,1,9,4.7,2026-05-12T13:42:45.457Z,0.5002398490905762,0.5339534282684326,0.7905988693237305,-0.031073332,0.000841618,0.16454052925109863,0.079114079,3.3058624267578125,5.171705246,0.23561666905879974,-0.104701459,2.713104248046875,3.374225378036499,0,0,0,0,0,0,0.037252873,0.066707656,0,0,0,0,1.5641522407531738,7.235342502593994,7.955297470092773,0,0,0,0,2478.7000000000003,2492.77,2438.73
6a032f70e8b4345817135d9c,2026-05-12T13:45:06.960Z,1,10,4.7,2026-05-12T13:45:06.960Z,0.3386237621307373,0.3338284492492676,0.6021971702575684,-0.030210018,0.000841618,0.16454052925109863,0.079114079,3.907958984,4.368380546569824,0.2356453239917755,-0.10522157,0.7717434167861938,1.389554500579834,0,0,0,0,0,0,0,0.014615376479923725,0,0,0,0,3.3075551986694336,1.660105586051941,7.472054481506348,0,0,0,0,2468.41,2487.7999999999997,2418.22
6a032fffe8b4345817135e15,2026-05-12T13:47:27.965Z,1,11,4.7,2026-05-12T13:47:27.965Z,0.36855244636535645,0.33210325241088867,0.5359554290771484,-0.029346943,0.000841618,0.1649613380432129,0.078272343,3.3773040771484375,4.169893264770508,0.2356233447790146,-0.104920566,1.260319471359253,1.5114920139312744,0,0,0,0,0,0,0.006271248,0.035033721,0,0,0,0,7.915419578552246,1.7931630611419678,2.0687265396118164,0,0,0,0,2447.6200000000003,2483.39,2410.59
6a03308de8b4345817135e8e,2026-05-12T13:49:51.054Z,1,12,4.7,2026-05-12T13:49:51.054Z,0.38822007179260254,0.34935569763183594,0.5815503597259521,-0.030210018,0.000841618,0.16454052925109863,0.079534888,3.6528472900390625,4.016615867614746,0.23558606207370758,-0.10506314,0.6624535322189331,0.8598424196243286,0,0,0,0,0,0,0,0.14554180204868317,0.011081465,0,0,0,9.095129967,1.4069104194641113,2.1320855617523193,0,0,0,0,2422.77,2479.8199999999997,2403.03
6a03311be8b4345817135f07,2026-05-12T13:52:13.493Z,1,13,4.7,2026-05-12T13:52:13.493Z,0.5438501834869385,0.5296404361724854,0.8241500854492188,-0.031073332,0.000841618,0.1649613380432129,0.079114079,3.724273681640625,4.113655090332031,0.23559744656085968,-0.105372906,0.5515546202659607,0.6975664496421814,0,0,0,0,0,0,0,0.036795717,0,0,0,0,6.596598148345947,1.4997410774230957,9.336196899414062,0,0,0,0,2404.08,2476.11,2379.23
6a0331a9e8b4345817135f80,2026-05-12T13:54:35.522Z,1,14,4.7,2026-05-12T13:54:35.522Z,0.4651801586151123,0.5028996467590332,0.701129675,-0.030210018,0.000420809,0.1649613380432129,0.079534888,4.32635498,5.025596618652344,0.23563475906848907,-0.105213523,3.0831961631774902,3.8840255737304688,0,0,0,0,0,0,0,0.10139822959899902,0.063887708,0,0,0,2.5937695503234863,8.060962677001953,4.796279430389404,0,0,0,0,2394.91,2457.21,2364.67
6a033236e8b4345817135ff9,2026-05-12T13:56:57.013Z,1,15,4.7,2026-05-12T13:56:57.013Z,0.37368321418762207,0.4071500301361084,0.5695064067840576,-0.031936407,0.000841618,0.16454052925109863,0.079534888,3.938568115234375,5.144688606262207,0.2355872094631195,-0.10549432,3.9731242656707764,5.122126102,0,0,0,0,0,0,0,0.055632028728723526,0,0,0,0,2.6386256217956543,9.893185616,1.616839886,0,0,0,0,2386.09,2432.78,2361.1
6a0332c3e8b4345817136072,2026-05-12T13:59:18.578Z,1,16,4.7,2026-05-12T13:59:18.578Z,0.3753933906555176,0.41146326065063477,0.6021971702575684,-0.033662796,0.000841618,0.16538214683532715,0.079534888,3.805908203,5.101132392883301,0.23558686673641205,-0.105218887,3.393955707550049,4.384334564208984,0,0,0,0,0,0,0,0.072653979,0.012291354,0,0,0,2.3411550521850586,8.106987953186035,2.909078836,0,0,0,0,2378.11,2412.9,2352.42
6a033351e8b43458171360eb,2026-05-12T14:01:39.706Z,1,17,4.7,2026-05-12T14:01:39.706Z,0.8183407783508301,0.7780706882476807,1.0538451671600342,-0.030210018,0.000420809,0.1649613380432129,0.079534888,3.418121337890625,4.335300445556641,0.23560447990894318,-0.10228616,1.6382136344909668,1.6995664834976196,0,0,0,0,0,0,0.044463281,0.041340873,0.043489519506692886,0,0,0,9.832083702087402,3.861116647720337,9.266672134399414,0,0,0,0,2352.98,2402.8199999999997,2328.48
6a0333dfe8b4345817136164,2026-05-12T14:04:01.828Z,1,18,4.7,2026-05-12T14:04:01.828Z,0.47629666328430176,0.495136023,0.6486525535583496,-0.030210018,0.000841618,0.16454052925109863,0.079114079,3.101776123046875,4.927454948425293,0.23563644289970398,-0.102804899,4.193998814,4.328553676605225,0,0,0,0,0,0,0.025529673,0.11728660762310028,0,0,0,0,5.2343316078186035,9.271675109863281,1.112860918045044,0,0,0,0,2337.2999999999997,2380.7000000000003,2322.3199999999997
6a03346de8b43458171361dd,2026-05-12T14:06:23.735Z,1,19,4.7,2026-05-12T14:06:23.735Z,0.6952047348022461,0.6883599758148193,0.9411482810974121,-0.031936407,0.000841618,0.1649613380432129,0.079114079,4.1732940673828125,5.037725448608398,0.23560410737991333,-0.103602231,3.2065398693084717,3.3262507915496826,0,0,0,0,0,0,0.001140745,0.052018803,0.061198786,0,0,0,2.7481374740600586,8.593023300170898,9.474826813,0,0,0,0,2327.92,2359.28,2298.1
6a0334fae8b4345817136256,2026-05-12T14:08:45.405Z,1,20,4.7,2026-05-12T14:08:45.405Z,0.4874129295349121,0.5434420108795166,0.789738655,-0.031073332,0.000420809,0.1649613380432129,0.079114079,3.8977508544921875,4.972665786743164,0.2355242222547531,-0.104121566,3.1445116996765137,3.2420380115509033,0,0,0,0,0,0,0,0.041334282606840134,0.038377124816179276,0,0,0,2.798015594482422,7.0815815925598145,7.3613810539245605,0,0,0,0,2318.61,2341.5,2277.7999999999997
6a033588e8b43458171362cf,2026-05-12T14:11:06.405Z,1,21,4.7,2026-05-12T14:11:06.405Z,0.22745919227600098,0.22945308685302734,0.44304513931274414,-0.033662796,0,0.16454052925109863,0.077430725,4.0610198974609375,4.567420006,0.2356075942516327,-0.104644179,2.4737484455108643,2.5727577209472656,0,0,0,0,0,0,0.024296974763274193,0.11070085316896439,0.066541702,0,0,0,3.407503128051758,3.0750389099121094,2.7852180004119873,0,0,0,0,2308.1800000000003,2333.52,2268.28
6a033615e8b4345817136348,2026-05-12T14:13:28.000Z,1,22,4.7,2026-05-12T14:13:28.000Z,0.1060335636138916,0.13197875022888184,0.3312084674835205,-0.031936407,0.000420809,0.16411972045898438,0.079114079,3.8161163330078125,4.763151168823242,0.23561863601207733,-0.104776442,3.240612268447876,3.3437893390655518,0,0,0,0,0,0,0.022694612,0.1295197755098343,0.067172237,0,0,0,1.8840086460113525,3.1565451622009277,1.1755121946334839,0,0,0,0,2300.97,2325.6800000000003,2262.89
6a0336a2e8b43458171363c1,2026-05-12T14:15:48.903Z,1,23,4.7,2026-05-12T14:15:48.903Z,0.7157275676727295,0.7107877731323242,0.9617950916290283,-0.033662796,0.000841618,0.1649613380432129,0.079534888,3.3058624267578125,4.567420006,0.23562902212142944,-0.105127156,2.153167724609375,2.2285075187683105,0,0,0,0,0,0,0,0.1235106810927391,0.099245802,0,0,0,7.6740570068359375,5.443904876708984,9.056580543518066,0,0,0,0,2281.09,2312.7999999999997,2240.28
6a033730e8b434581713643a,2026-05-12T14:18:10.664Z,1,24,4.7,2026-05-12T14:18:10.664Z,0.9654200077056885,0.9557676315307617,1.217298984527588,-0.031936407,0.000420809,0.16454052925109863,0.079114079,3.7957000732421875,4.6534318923950195,0.2356092631816864,-0.105117202,2.6077969074249268,2.685034752,0,0,0,0,0,0,0.014014157,0.054782011,0.048239726573228836,0,0,0,9.119361877441406,8.345041275024414,9.212096214294434,0,0,0,0,2256.7999999999997,2292.5699999999997,2216.2000000000003
6a0337bde8b43458171364b3,2026-05-12T14:20:31.995Z,1,25,4.7,2026-05-12T14:20:31.995Z,0.49168848991394043,0.45804405212402344,0.6761815547943115,-0.033662796,0.000841618,0.16411972045898438,0.079114079,3.448730469,4.345775604248047,0.2356339395046234,-0.105421782,1.9512271881103516,2.031804084777832,0,0,0,0,0,0,0.057582076638936996,0.15793053805828094,0.012169897556304932,0,0,0,9.048858642578125,3.539415121078491,3.339630603790283,0,0,0,0,2232.3700000000003,2282.98,2205
6a03384ae8b434581713652c,2026-05-12T14:22:53.376Z,1,26,4.7,2026-05-12T14:22:53.376Z,0.43183088302612305,0.4235396385192871,0.7131733894348145,-0.031073332,0.000841618,0.1649613380432129,0.079114079,3.9487762451171875,4.328131675720215,0.23555566370487213,-0.105700195,1.269349455833435,0.9080677032470703,0,0,0,0,0,0,0,0.073591784,0.005971396,0,0,0,3.804446220397949,1.8554409742355347,9.726368904,0,0,0,0,2220.4,2278.4300000000003,2180.29
6a0338d7e8b43458171365a5,2026-05-12T14:25:14.335Z,1,27,4.7,2026-05-12T14:25:14.335Z,0.5036602020263672,0.5227396488189697,0.7303791046142578,-0.031073332,0.000841618,0.16411972045898438,0.079114079,3.6528472900390625,4.867908477783203,0.23558707535266876,-0.105943501,3.4372363090515137,3.558337926864624,0,0,0,0,0,0,0,0.032388828694820404,0.049442157,0,0,0,4.621294021606445,7.777799606323242,4.400923728942871,0,0,0,0,2206.89,2259.81,2167.1299999999997
6a033965e8b434581713661e,2026-05-12T14:27:35.593Z,1,28,4.7,2026-05-12T14:27:35.593Z,0.3967714309692383,0.41318845748901367,0.6546742916107178,-0.031936407,0.000420809,0.16411972045898438,0.079534888,3.703857422,4.827108383178711,0.23561374843120575,-0.105750978,2.727653980255127,2.849485397338867,0,0,0,0,0,0,0.013356581330299377,0.12820222973823547,0.013369985856115818,0,0,0,2.9393019676208496,5.055250644683838,6.315067291259766,0,0,0,0,2197.3700000000003,2247.0699999999997,2150.1200000000003
6a0339f2e8b4345817136697,2026-05-12T14:29:57.389Z,1,29,4.7,2026-05-12T14:29:57.389Z,0.28731727600097656,0.2777590751647949,0.4765958786010742,-0.034525871,0.000841618,0.16454052925109863,0.078272343,3.836517333984375,4.637993812561035,0.23558475077152252,-0.105769694,2.995230197906494,3.1376144886016846,0,0,0,0,0,0,0.009455689,0.12747934460639954,0.025167208164930344,0,0,0,4.788331031799316,4.447020530700684,1.4427543878555298,0,0,0,0,2183.3700000000003,2236.01,2143.6800000000003
6a033a81e8b4345817136710,2026-05-12T14:32:18.768Z,2,0,3.7,2026-05-12T14:32:18.768Z,0.6917843818664551,0.6788711547851562,0.8938329219818115,-0.031936407,0,0.16411972045898438,0.079114079,3.907958984,4.604361534118652,0.23555445671081543,-0.106164098,2.7278804779052734,2.8399534225463867,0,0,0,0,0,0,0.017718710005283356,0.14399133622646332,0,0,0,0,8.834828377,6.996333599090576,4.639993667602539,0,0,0,0,2160.27,2218.9300000000003,2130.73
6a033b0ee8b4345817136789,2026-05-12T14:34:40.909Z,2,1,3.7,2026-05-12T14:34:40.909Z,0.5626626014709473,0.5624191761016846,0.8275911808013916,-0.031936407,0.000420809,0.1649613380432129,0.079114079,3.499755859,4.5602521896362305,0.23555906116962433,-0.106048048,2.237926959991455,2.3406729698181152,0,0,0,0,0,0,0,0.059834588,0.000951509,0,0,0,5.993945121765137,4.859119415283203,7.390170574188232,0,0,0,0,2143.33,2206.89,2111.27
6a033b9ce8b4345817136802,2026-05-12T14:37:02.605Z,2,2,3.7,2026-05-12T14:37:02.605Z,0.811500072,0.7608189582824707,1.0211546421051025,-0.031936407,0.000841618,0.16454052925109863,0.078272343,3.6834564208984375,4.470381736755371,0.23562738299369812,-0.106347144,1.9792609214782715,2.040588140487671,0,0,0,0.015902327373623848,0.033286891877651215,0,0.11093763262033463,0.17313790321350098,0.1470457911491394,0,0,0,8.788537025,5.004181385040283,9.226182938,0,0,0,0,2120.09,2194.5699999999997,2087.4
6a033c29e8b434581713687b,2026-05-12T14:39:24.168Z,2,3,3.7,2026-05-12T14:39:24.168Z,0.847414494,0.8591558933258057,1.1166458129882812,-0.031073332,0.000841618,0.16411972045898438,0.078272343,3.214019775390625,4.853573799133301,0.23560567200183868,-0.106553793,2.956134080886841,3.0569558143615723,0,0,0,0,0,0,0.011001264676451683,0.1114228293299675,0.049490619,0,0,0,6.068652629852295,9.204799652,9.646328926086426,0,0,0,0,2102.73,2172.8700000000003,2062.69
6a033cb7e8b43458171368f4,2026-05-12T14:41:45.518Z,2,4,3.7,2026-05-12T14:41:45.518Z,0.4241349697113037,0.4123258590698242,0.6305863857269287,-0.034525871,0.000841618,0.16454052925109863,0.077851534,3.7140655517578125,4.454943656921387,0.2355581521987915,-0.106585026,2.228670597076416,2.310338020324707,0,0,0,0,0,0,0.050087385,0.070188157,0,0,0,0,7.181658744812012,3.965494155883789,3.490147829055786,0,0,0,0,2082.92,2162.2999999999997,2051.0699999999997
6a033d45e8b434581713696d,2026-05-12T14:44:07.194Z,2,5,3.7,2026-05-12T14:44:07.194Z,0.28731727600097656,0.27172088623046875,0.4757356643676758,-0.034525871,0,0.16454052925109863,0.079114079,3.8977508544921875,4.212347984313965,0.2355629801750183,-0.106580615,1.6841126680374146,1.7445635795593262,0,0,0,0,0,0,0,0.037281383,0.049992155,0,0,0,6.720005989074707,2.10981822,2.2132785320281982,0,0,0,0,2064.09,2156.77,2043.2999999999997
6a033dd3e8b43458171369e6,2026-05-12T14:46:29.068Z,2,6,3.7,2026-05-12T14:46:29.068Z,0.41216325759887695,0.40801262855529785,0.6813430786132812,-0.031936407,0.000420809,0.16454052925109863,0.078272343,4.101837158203125,4.425170898,0.23560726642608643,-0.106689811,1.6020539999008179,1.656867504119873,0,0,0,0,0,0,0.054207250475883484,0.10033322870731354,0,0,0,0,3.9526641368865967,2.5090510845184326,8.314724922180176,0,0,0,0,2051.7000000000003,2150.47,2021.6000000000001
6a033e61e8b4345817136a5f,2026-05-12T14:48:51.658Z,2,7,3.7,2026-05-12T14:48:51.658Z,0.8576760292053223,0.8557054996490479,1.0787932872772217,-0.031073332,0.000420809,0.16454052925109863,0.079114079,3.499755859,4.793475151062012,0.23559412360191345,-0.106479108,3.0892202854156494,3.2062649726867676,0,0,0,0,0,0,0.063991554,0.069293991,0.012686495,0,0,0,7.425939559936523,9.599676132202148,7.379024505615234,0,0,0,0,2031.68,2127.79,2001.7900000000002
6a033eefe8b4345817136ad8,2026-05-12T14:51:13.162Z,2,8,3.7,2026-05-12T14:51:13.162Z,0.4001917839050293,0.3847224712371826,0.6047778129577637,-0.031073332,0.000841618,0.16454052925109863,0.079114079,3.5507965087890625,4.4554948806762695,0.23556572198867798,-0.106296301,2.1847472190856934,2.2584421634674072,0,0,0,0,0,0,0,0.011852984316647053,0,0,0,0,6.393741130828857,3.7063279151916504,3.857410430908203,0,0,0,0,2013.83,2117.99,1989.8899999999999
6a033f7ce8b4345817136b51,2026-05-12T14:53:35.106Z,2,9,3.7,2026-05-12T14:53:35.106Z,0.5789098739624023,0.5865721702575684,0.7931795120239258,-0.030210018,0.000841618,0.16411972045898438,0.079114079,3.6834564208984375,4.767561912536621,0.23561733961105347,-0.106692255,3.336725950241089,3.4749808311462402,0,0,0,0,0,0,0,0.10417675971984863,0,0,0,0,6.4900946617126465,8.302104949951172,3.8765311241149902,0,0,0,0,1995.9099999999999,2098.1800000000003,1978.48
6a03400ae8b4345817136bca,2026-05-12T14:55:56.695Z,2,10,3.7,2026-05-12T14:55:56.695Z,0.18384861946105957,0.21220111846923828,0.418956995,-0.030210018,0,0.16411972045898438,0.079114079,4.0916290283203125,4.378856658935547,0.23557136952877045,-0.106839776,2.1437196731567383,2.239896297454834,0,0,0,0,0,0,0,0,0.019960004836320877,0,0,0,4.671301842,2.4536473751068115,1.6579327583312988,0,0,0,0,1981.9099999999999,2091.3199999999997,1971.8999999999999
6a034097e8b4345817136c43,2026-05-12T14:58:17.999Z,2,11,3.7,2026-05-12T14:58:17.999Z,0.54556036,0.5072126388549805,0.7742536067962646,-0.033662796,0.000420809,0.16454052925109863,0.078272343,4.183502197265625,4.0662384033203125,0.235571489,-0.106805563,0.8137348294258118,0.8544970750808716,0,0,0,0,0,0,0,0.094204493,0.03239046,0,0,0,8.486347198486328,1.8423042297363281,7.040344715118408,0,0,0,0,1959.0900000000001,2086.7000000000003,1953.2099999999998
6a034125e8b4345817136cbc,2026-05-12T15:00:39.600Z,2,12,3.7,2026-05-12T15:00:39.600Z,0.30356407165527344,0.29759931564331055,0.5178897380828857,-0.031073332,0.000420809,0.16454052925109863,0.077851534,3.754882813,4.496295928955078,0.2355680614709854,-0.106864691,2.4111289978027344,2.5025272369384766,0,0,0,0,0,0,0,0.087132044,0.001692694,0,0,0,5.389996528625488,3.587766170501709,2.4772002696990967,0,0,0,0,1943.6200000000001,2078.02,1944.6000000000001
6a0341b3e8b4345817136d35,2026-05-12T15:03:00.933Z,2,13,3.7,2026-05-12T15:03:00.933Z,0.480571985,0.5201516151428223,0.7828562259674072,-0.034525871,0.000420809,0.16411972045898438,0.079114079,3.9487762451171875,4.931865692138672,0.23562504351139069,-0.107136786,2.6539769172668457,2.789201021194458,0,0,0,0,0,0,0,0.06477648,0,0,0,0,2.3199961185455322,5.883328914642334,9.158088684082031,0,0,0,0,1935.2900000000002,2063.8799999999997,1921.08
6a034241e8b4345817136dae,2026-05-12T15:05:23.209Z,2,14,3.7,2026-05-12T15:05:23.209Z,0.6550147533416748,0.6504051685333252,0.8499586582183838,-0.031936407,0.000841618,0.16454052925109863,0.079114079,4.152862548828125,4.642955780029297,0.23558998107910156,-0.10695684,3.007829427719116,3.1611666679382324,0,0,0,0,0,0,0,0.016912488266825676,0.064974718,0,0,0,8.354703903198242,7.741885662078857,3.4639968872070312,0,0,0,0,1913.3799999999999,2045.1200000000001,1909.8799999999999
6a0342cfe8b4345817136e27,2026-05-12T15:07:45.645Z,2,15,3.7,2026-05-12T15:07:45.645Z,0.6413328647613525,0.623664379,0.907597542,-0.033662796,0.000841618,0.16411972045898438,0.079114079,4.4998321533203125,4.440056800842285,0.2355591207742691,-0.106867731,1.7620519399642944,1.8631021976470947,0,0,0,0,0,0,0.007195535,0.13209550082683563,0.005264542,0,0,0,6.315206527709961,3.978550672531128,9.969668388,0,0,0,0,1895.18,2034.69,1884.4699999999998
6a03435de8b4345817136ea0,2026-05-12T15:10:07.556Z,2,16,3.7,2026-05-12T15:10:07.556Z,0.6421878337860107,0.6193513870239258,0.8258707523345947,-0.033662796,0.000841618,0.1649613380432129,0.077851534,3.887542724609375,4.5767927169799805,0.2356061041355133,-0.107147992,2.2204818725585938,2.8209855556488037,0,0,0,0,0,0,0,0.039408598095178604,0.034743294,0,0,0,8.860002517700195,6.578691482543945,3.931365966796875,0,0,0,0,1871.5900000000001,2018.73,1872.5
6a0343ebe8b4345817136f19,2026-05-12T15:12:29.770Z,2,17,3.7,2026-05-12T15:12:29.770Z,0.2531125545501709,0.23549151420593262,0.457669735,-0.030210018,0.000841618,0.16454052925109863,0.079114079,4.101837158203125,4.197461128234863,0.23560450971126556,-0.107072294,1.4974017143249512,1.8674079179763794,0,0,0,0,0,0,0.016280036,0.10159072279930115,0.018672591,0,0,0,6.8074541091918945,2.1034352779388428,1.0485353469848633,0,0,0,0,1852.69,2013.1299999999999,1867.5300000000002
6a034479e8b4345817136f92,2026-05-12T15:14:51.128Z,2,18,3.7,2026-05-12T15:14:51.128Z,0.28731727600097656,0.2777590751647949,0.49294137954711914,-0.031936407,0.000841618,0.16411972045898438,0.079534888,3.887542724609375,4.352943420410156,0.23559999465942383,-0.107331038,1.5957168340682983,2.010347604751587,0,0,0,0,0,0,0,0,0,0,0,0,5.532317161560059,2.561502456665039,2.992248058319092,0,0,0,0,1836.5900000000001,2006.83,1858.2199999999998
6a034506e8b434581713700b,2026-05-12T15:17:13.116Z,2,19,3.7,2026-05-12T15:17:13.116Z,0.7302646636962891,0.7608189582824707,0.9746994972229004,-0.030210018,0.000420809,0.16411972045898438,0.079114079,3.9283599853515625,4.843097686767578,0.2355978935956955,-0.10727632,2.718900680541992,3.5037214756011963,0,0,0,0,0,0,0.037733186,0.10713981837034225,0.026878323405981064,0,0,0,6.219867706298828,9.886786460876465,6.341348648071289,0,0,0,0,1819.2999999999997,1983.17,1841.2099999999998
6a034594e8b4345817137084,2026-05-12T15:19:34.334Z,2,20,3.7,2026-05-12T15:19:34.334Z,0.095772266,0.10523796081542969,0.30539989471435547,-0.030210018,0.000841618,0.16411972045898438,0.079114079,3.7140655517578125,4.722351074,0.23559202253818512,-0.106985748,2.228999137878418,2.889915704727173,0,0,0,0,0,0,0.003519549,0.1729263961315155,0.068314902,0,0,0,1.3204381465911865,2.331531047821045,1.7338905334472656,0,0,0,0,1813.07,1976.52,1834.42
6a034622e8b43458171370fd,2026-05-12T15:21:55.987Z,2,21,3.7,2026-05-12T15:21:55.987Z,0.5412850379943848,0.5330908298492432,0.7630698680877686,-0.030210018,0.001262426,0.1649613380432129,0.079534888,3.918151855,4.517247200012207,0.23563402891159058,-0.107396245,1.8702558279037476,2.396372079849243,0,0,0,0,0,0,0,0.070605122,0,0,0,0,7.322654724121094,4.923448563,5.513732433319092,0,0,0,0,1793.8899999999999,1964.83,1819.58
6a0346afe8b4345817137176,2026-05-12T15:24:17.907Z,2,22,3.7,2026-05-12T15:24:17.907Z,0.5712137222290039,0.5244646072387695,0.8103854656219482,-0.030210018,0.000841618,0.1649613380432129,0.078272343,3.8467254638671875,3.930053711,0.2356615662574768,-0.107399285,0.42391353845596313,0.5884019136428833,0,0,0,0,0,0,0,0.1819612830877304,0.02060801,0,0,0,8.417365074157715,1.214712142944336,8.550868988,0,0,0,0,1771,1961.19,1797.32
6a03473de8b43458171371ef,2026-05-12T15:26:39.779Z,2,23,3.7,2026-05-12T15:26:39.779Z,0.23515534400939941,0.2285904884338379,0.446486235,-0.031073332,0.001262426,0.16411972045898438,0.079534888,3.540588379,4.512285232543945,0.23565195500850677,-0.107807636,1.777885913848877,2.3027400970458984,0,0,0,0,0,0,0,0.065442093,0.011723745614290237,0,0,0,3.6953909397125244,2.7524333000183105,3.100379467010498,0,0,0,0,1759.03,1954.6100000000001,1786.82
6a0347cce8b4345817137268,2026-05-12T15:29:01.672Z,2,24,3.7,2026-05-12T15:29:01.672Z,0.7687442302703857,0.7677195072174072,1.033198595046997,-0.031073332,0.001262426,0.16454052925109863,0.079114079,3.7344818115234375,4.772523880004883,0.2356288582086563,-0.107399344,2.024806022644043,2.7161996364593506,0,0,0,0.016614416614174843,0.1671610176563263,0.089873001,0.06371285,0.11228722333908081,0.032054022,0,0,0,5.554773807525635,7.206357002258301,9.815084457397461,0,0,0,0,1743.28,1937.18,1762.18
6a03485ae8b43458171372e1,2026-05-12T15:31:23.818Z,2,25,3.7,2026-05-12T15:31:23.818Z,0.4626147747039795,0.49427342414855957,0.7441437244415283,-0.030210018,0.000841618,0.1649613380432129,0.079534888,3.7446746826171875,5.149650573730469,0.23563231527805328,-0.107536912,2.4306375980377197,3.3429722785949707,0,0,0,0,0,0,0,0,0,0,0,0,1.4570271968841553,7.035609245300293,8.114689826965332,0,0,0,0,1736.7,1919.6100000000001,1740.48
6a0348e9e8b434581713735a,2026-05-12T15:33:46.786Z,2,26,3.7,2026-05-12T15:33:46.786Z,0.3753933906555176,0.3812718391418457,0.6004765033721924,-0.031073332,0.000841618,0.1649613380432129,0.079534888,3.938568115234375,4.904297828674316,0.23566681146621704,-0.107743144,3.179509162902832,3.4674408435821533,0,0,0,0,0,0,0,0.056779303,0.042027142,0,0,0,2.9136157035827637,6.170339107513428,4.517364978790283,0,0,0,0,1727.39,1904.2099999999998,1727.11
6a034977e8b43458171373d3,2026-05-12T15:36:09.161Z,2,27,3.7,2026-05-12T15:36:09.161Z,0.49852943420410156,0.5296404361724854,0.767371416,-0.031073332,0.000841618,0.1649613380432129,0.079114079,3.6834564208984375,5.111607551574707,0.23559927940368652,-0.108020425,3.4275646209716797,3.733553886413574,0,0,0,0,0,0,0,0.14227472245693207,0.026449568569660187,0,0,0,2.077772617340088,8.441777229309082,6.848407269,0,0,0,0,1719.83,1883.6299999999999,1708.9099999999999
6a034a05e8b434581713744c,2026-05-12T15:38:31.252Z,2,28,3.7,2026-05-12T15:38:31.252Z,0.542140007,0.5227396488189697,0.7415628433227539,-0.031073332,0.000841618,0.16411972045898438,0.079534888,3.938568115234375,4.479203224182129,0.2356719970703125,-0.107984006,2.1317543983459473,2.343496799468994,0,0,0,0,0,0,0,0.097602084,0.072905645,0,0,0,8.029460906982422,4.680170536,4.752354621887207,0,0,0,0,1698.6899999999998,1871.73,1695.3999999999999
6a034a93e8b43458171374c5,2026-05-12T15:40:53.322Z,2,29,3.7,2026-05-12T15:40:53.322Z,0.3138253688812256,0.3131260871887207,0.5557417869567871,-0.030210018,0.001262426,0.16454052925109863,0.079534888,3.3773040771484375,4.419105529785156,0.23564918339252472,-0.107922077,1.685468077659607,1.8256738185882568,0,0,0,0,0,0,0,0.046015151,0,0,0,0,4.373124122619629,2.3989381790161133,5.145124435424805,0,0,0,0,1685.18,1865.5,1680.98
6a034b21e8b434581713753e,2026-05-12T15:43:15.106Z,3,0,5.7,2026-05-12T15:43:15.106Z,0.32494211196899414,0.3019120693206787,0.5419774055480957,-0.030210018,0.001262426,0.1649613380432129,0.079534888,4.1732940673828125,4.013307571411133,0.2356298416852951,-0.107881546,0.7150954604148865,0.8057359457015991,0,0,0,0,0,0,0,0.049152519553899765,0,0,0,0,6.323430538,1.245916485786438,4.5049028396606445,0,0,0,0,1667.89,1862.2800000000002,1668.03
6a034bb0e8b43458171375b7,2026-05-12T15:45:37.754Z,3,1,5.7,2026-05-12T15:45:37.754Z,0.4822821617126465,0.4916856288909912,0.7467246055603027,-0.029346943,0.000841618,0.16538214683532715,0.079114079,4.346771240234375,4.808362961,0.2355942726135254,-0.108067274,2.485610246658325,2.7909300327301025,0,0,0,0,0.020548313856124878,0,0,0.083550803,0.039649948477745056,0,0,0,3.2392921447753906,5.761162757873535,7.821721076965332,0,0,0,0,1657.32,1848.49,1647.52
6a034c3de8b4345817137630,2026-05-12T15:48:00.440Z,3,2,5.7,2026-05-12T15:48:00.440Z,0.5472707748413086,0.5477550029754639,0.789738655,-0.030210018,0.000841618,0.16454052925109863,0.079534888,3.6630401611328125,4.669971466064453,0.23564060032367706,-0.108098805,2.374500274658203,2.579770803451538,0,0,0,0,0,0,0,0.079922736,0.017324442,0,0,0,6.256481170654297,5.423519134521484,6.229099273681641,0,0,0,0,1645.07,1834.98,1630.23
6a034ccbe8b43458171376a9,2026-05-12T15:50:21.660Z,3,3,5.7,2026-05-12T15:50:21.660Z,0.6866536140441895,0.6797337532043457,0.9179203510284424,-0.030210018,0.000841618,0.1649613380432129,0.079114079,3.3874969482421875,4.4637651443481445,0.2356335073709488,-0.10815239,1.8345105648040771,2.008908748626709,0,0,0,0,0,0,0,0.069861174,0.018041456,0,0,0,8.331745147705078,4.553992271,8.414236068725586,0,0,0,0,1623.0900000000001,1823.7800000000002,1608.67
6a034d59e8b4345817137722,2026-05-12T15:52:43.613Z,3,4,5.7,2026-05-12T15:52:43.613Z,0.6079835891723633,0.5408539772033691,0.794900656,-0.030210018,0.001262426,0.16454052925109863,0.079534888,4.122253418,4.228887557983398,0.23559309542179108,-0.108152151,1.4034674167633057,1.5498632192611694,0,0,0,0,0,0,0,0.028451241552829742,0,0,0,0,8.030882835388184,2.7354488372802734,7.576201438903809,0,0,0,0,1600.8999999999999,1816.7099999999998,1588.23
6a034de8e8b434581713779b,2026-05-12T15:55:05.414Z,3,5,5.7,2026-05-12T15:55:05.414Z,0.8414287567138672,0.8194761276245117,1.073631763458252,-0.029346943,0.000841618,0.1649613380432129,0.079534888,3.887542724609375,4.459354400634766,0.23563134670257568,-0.108087957,1.999919056892395,2.1570541858673096,0,0,0,0,0,0,0,0.054004721,0.074720107,0,0,0,9.446430206298828,5.658636569976807,8.926506042480469,0,0,0,0,1575.98,1803.1299999999999,1565.2
6a034e77e8b4345817137814,2026-05-12T15:57:28.706Z,3,6,5.7,2026-05-12T15:57:28.706Z,0.5276033878326416,0.56500721,0.7407026290893555,-0.030210018,0.000841618,0.16454052925109863,0.079114079,4.0814361572265625,4.930763244628906,0.2356661558151245,-0.107878983,3.8630759716033936,4.195344924926758,0,0,0,0,0,0,0.045902163,0.1300165057182312,0.11755948513746262,0,0,0,4.8093719482421875,9.954451560974121,2.764582872390747,0,0,0,0,1561.28,1778.9099999999999,1555.68
6a034f05e8b434581713788d,2026-05-12T15:59:51.516Z,3,7,5.7,2026-05-12T15:59:51.516Z,0.41216325759887695,0.3907606601715088,0.5884325504302979,-0.031936407,0.000841618,0.16411972045898438,0.079534888,3.754882813,4.4306840896606445,0.23564302921295166,-0.108199716,2.3382210731506348,2.5779592990875244,0,0,0,0,0,0,0,0,0,0,0,0,8.223516464233398,4.436218262,1.5015095472335815,0,0,0,0,1539.37,1767.22,1549.73
6a034f93e8b4345817137906,2026-05-12T16:02:13.404Z,3,8,5.7,2026-05-12T16:02:13.404Z,0.24541664123535156,0.2527437210083008,0.4559493064880371,-0.030210018,0.000841618,0.16454052925109863,0.079114079,4.1120452880859375,4.722351074,0.23564857244491577,-0.108333945,2.856194019317627,3.1442315578460693,0,0,0,0,0,0,0,0.12192744016647339,0.051873785,0,0,0,3.1253747940063477,4.181918144226074,2.473954200744629,0,0,0,0,1528.5900000000001,1756.72,1541.61
6a035022e8b434581713797f,2026-05-12T16:04:35.577Z,3,9,5.7,2026-05-12T16:04:35.577Z,0.2531125545501709,0.2613697052001953,0.4602506160736084,-0.031073332,0.001262426,0.16454052925109863,0.079114079,3.826324462890625,4.813324928283691,0.23567034304141998,-0.108506799,3.0882043838500977,3.4177041053771973,0,0,0,0,0,0,0,0.027956372126936913,0,0,0,0,2.9379968643188477,4.786731719970703,2.405787467956543,0,0,0,0,1519,1745.03,1533.49
6a0350b0e8b43458171379f8,2026-05-12T16:06:57.964Z,3,10,5.7,2026-05-12T16:06:57.964Z,0.30698442459106445,0.2906982898712158,0.5299334526062012,-0.030210018,0.001683235,0.1649613380432129,0.079534888,3.703857422,4.172650337219238,0.23560090363025665,-0.108323395,0.9106243252754211,1.4555631875991821,0,0,0,0,0,0,0,0.08041358,0.016111353412270546,0,0,0,5.659758567810059,1.6289029121398926,4.344859600067139,0,0,0,0,1503.18,1740.6899999999998,1521.1000000000001
6a03513de8b4345817137a71,2026-05-12T16:09:20.287Z,3,11,5.7,2026-05-12T16:09:20.287Z,0.21805310249328613,0.2320411205291748,0.43014073371887207,-0.030210018,0.001262426,0.16454052925109863,0.079114079,3.7957000732421875,4.780243873596191,0.23559297621250153,-0.108142555,3.062161922454834,3.4087307453155518,0,0,0,0,0,0,0,0.083464265,0.046106178,0,0,0,2.9818880558013916,4.477949142456055,1.8164279460906982,0,0,0,0,1493.3100000000002,1729.98,1514.17
6a0351cce8b4345817137aea,2026-05-12T16:11:41.775Z,3,12,5.7,2026-05-12T16:11:41.775Z,0.672116756,0.695260763,0.9600746631622314,-0.030210018,0.000841618,0.16454052925109863,0.079534888,3.7957000732421875,4.894925117492676,0.23565131425857544,-0.108590543,2.6262805461883545,2.962571620941162,0,0,0,0,0,0,0,0.19966138899326324,0.033110969,0,0,0,4.2156829833984375,7.8695759773254395,9.926755905151367,0,0,0,0,1480.92,1711.08,1489.67
6a03525ae8b4345817137b63,2026-05-12T16:14:04.844Z,3,13,5.7,2026-05-12T16:14:04.844Z,0.8055140972137451,0.7996361255645752,1.0469629764556885,-0.029346943,0.000841618,0.1649613380432129,0.079534888,3.5712127685546875,4.648469924926758,0.23559477925300598,-0.108297765,2.2846148014068604,2.5923540592193604,0,0,0,0,0,0,0,0.15331023931503296,0.009176328,0,0,0,8.045789719,7.092952728271484,8.478935241699219,0,0,0,0,1459.08,1693.3,1466.99
6a0352e8e8b4345817137bdc,2026-05-12T16:16:26.813Z,3,14,5.7,2026-05-12T16:16:26.813Z,0.6019980907440186,0.5736331939697266,0.8757667541503906,-0.029346943,0.001262426,0.16454052925109863,0.079534888,3.4691314697265625,4.021027565002441,0.23561356961727142,-0.108993649,0.5485448241233826,0.647983193,0,0,0,0,0,0,0,0,0.030959304,0,0,0,7.409592151641846,1.482351541519165,9.951426506,0,0,0,0,1438.99,1689.1000000000001,1441.58
6a035378e8b4345817137c55,2026-05-12T16:18:48.689Z,3,15,5.7,2026-05-12T16:18:48.689Z,0.6712615489959717,0.6383287906646729,0.8103854656219482,-0.031073332,0.000841618,0.16454052925109863,0.079534888,4.122253418,4.003383636474609,0.2355964630842209,-0.108789027,0.5883910655975342,0.6829379200935364,0,0,0,0,0,0,0,0.060491774,0.032370470464229584,0,0,0,9.056743621826172,1.710686445236206,9.847497940063477,0,0,0,0,1414.77,1684.8999999999999,1416.03
6a035406e8b4345817137cce,2026-05-12T16:21:11.855Z,3,16,5.7,2026-05-12T16:21:11.855Z,0.5831851959228516,0.5408539772033691,0.7260777950286865,-0.031936407,0.000420809,0.16411972045898438,0.079534888,3.703857422,3.9416322708129883,0.23562434315681458,-0.108763993,0.5290374159812927,0.6355248093605042,0,0,0,0,0,0,0,0.15252193808555603,0.036561392,0,0,0,9.695536613464355,1.3416810035705566,7.364595413208008,0,0,0,0,1389.08,1681.47,1396.01
6a035495e8b4345817137d47,2026-05-12T16:23:34.427Z,3,17,5.7,2026-05-12T16:23:34.427Z,0.7294094562530518,0.76513195,1.0065298080444336,-0.030210018,0.000841618,0.16411972045898438,0.079114079,4.0099945068359375,5.0085039138793945,0.23561415076255798,-0.108801007,3.0205886363983154,3.4153101444244385,0,0,0,0,0,0,0,0.051362734,0.023779798299074173,0,0,0,3.5627453327178955,9.780977249145508,9.621156692504883,0,0,0,0,1376.97,1658.3,1370.67
6a035523e8b4345817137dc0,2026-05-12T16:25:57.310Z,3,18,5.7,2026-05-12T16:25:57.310Z,0.4797172546386719,0.4511430263519287,0.7338201999664307,-0.030210018,0.000841618,0.16327810287475586,0.079114079,3.561004638671875,4.077816963195801,0.23555457592010498,-0.109149456,0.6153967380523682,0.718969464,0,0,0,0,0,0,0,0.064344198,0.000589644,0,0,0,6.377004146575928,1.4746836423873901,8.523088455200195,0,0,0,0,1359.3999999999999,1653.68,1348.2
6a0355b2e8b4345817137e39,2026-05-12T16:28:19.492Z,3,19,5.7,2026-05-12T16:28:19.492Z,0.5489809513092041,0.5261898040771484,0.7372615337371826,-0.029346943,0.001262426,0.16454052925109863,0.079534888,3.7650909423828125,4.445570945739746,0.2356438785791397,-0.109048009,2.147918939590454,2.4334158897399902,0,0,0,0,0,0.074625202,0,0.065318145,0.021142337,0,0,0,9.343351364135742,4.998967170715332,3.034790277481079,0,0,0,0,1334.6899999999998,1641.92,1337.98
6a035641e8b4345817137eb2,2026-05-12T16:30:42.384Z,3,20,5.7,2026-05-12T16:30:42.384Z,0.2779107093811035,0.24843072891235352,0.4697139263153076,-0.029346943,0.000841618,0.1649613380432129,0.079114079,3.907958984,4.094908714294434,0.23562754690647125,-0.109000921,1.2750493288040161,1.460157036781311,0,0,0,0.004359915,0.098088853,0.10269544273614883,0,0.032098982483148575,0.043072265,0,0,0,6.308492183685303,1.5127555131912231,2.5563910007476807,0,0,0,0,1316.63,1637.72,1329.51
6a0356d1e8b4345817137f2b,2026-05-12T16:33:05.343Z,3,21,5.7,2026-05-12T16:33:05.343Z,0.5498361587524414,0.5167012214660645,0.7424230575561523,-0.029346943,0.000841618,0.1649613380432129,0.079534888,4.101837158203125,4.3976030349731445,0.23561400175094604,-0.109130025,1.9443013668060303,2.2186830043792725,0,0,0,0,0,0,0,0,0.01659284,0,0,0,8.745513916015625,4.401782035827637,4.147047043,0,0,0,0,1293.18,1627.22,1317.3999999999999
6a03575ee8b4345817137fa4,2026-05-12T16:35:28.904Z,3,22,5.7,2026-05-12T16:35:28.904Z,0.4224245548248291,0.46149444580078125,0.6736006736755371,-0.029346943,0.000841618,0.16454052925109863,0.079534888,4.214111328,5.138624191,0.23560947179794312,-0.109832287,3.292944908,3.875509262084961,0,0,0,0,0,0,0,0.10743410140275955,0.050628505647182465,0,0,0,1.9713456630706787,7.977984905,5.381337642669678,0,0,0,0,1285.13,1607.48,1302.07
6a0357ece8b434581713801d,2026-05-12T16:37:50.432Z,3,23,5.7,2026-05-12T16:37:50.432Z,0.17957305908203125,0.19839930534362793,0.3897075653076172,-0.030210018,0.000841618,0.16411972045898438,0.079114079,3.6528472900390625,4.910914421081543,0.2356022447347641,-0.109544098,3.206479787826538,3.757972240447998,0,0,0,0,0,0,0,0.098744661,0.048959367,0,0,0,1.8790521621704102,4.597433567047119,1.762855887413025,0,0,0,0,1278.13,1595.72,1295
6a03587be8b4345817138096,2026-05-12T16:40:12.205Z,3,24,5.7,2026-05-12T16:40:12.205Z,0.3634219169616699,0.37868428230285645,0.5849916934967041,-0.030210018,0.000841618,0.16411972045898438,0.079114079,3.754882813,4.879487991333008,0.23562584817409515,-0.109375417,2.896878957748413,3.443467855453491,0,0,0,0,0,0,0.023029098,0.06619817,0.082362317,0,0,0,3.4123246669769287,6.176530361175537,3.865297317504883,0,0,0,0,1267.7,1580.88,1283.73
6a035909e8b434581713810f,2026-05-12T16:42:34.978Z,3,25,5.7,2026-05-12T16:42:34.978Z,0.3172459602355957,0.2950115203857422,0.49294137954711914,-0.030210018,0.000841618,0.1649613380432129,0.079534888,4.020202637,4.415797233581543,0.23560859262943268,-0.109551072,2.063488006591797,2.4598946571350098,0,0,0,0,0,0,0,0.072193079,0.066219643,0,0,0,6.550953388214111,3.4678773880004883,1.3320295810699463,0,0,0,0,1249.78,1571.92,1277.78
6a035998e8b4345817138188,2026-05-12T16:44:57.399Z,3,26,5.7,2026-05-12T16:44:57.399Z,0.4874129295349121,0.5201516151428223,0.7303791046142578,-0.029346943,0.001262426,0.16411972045898438,0.079534888,4.4488067626953125,4.619799613952637,0.2355968952178955,-0.109714448,2.331899642944336,2.770662546157837,0,0,0,0,0,0,0,0.10814574360847473,0.029715352,0,0,0,5.963613510131836,5.786372184753418,5.041311264038086,0,0,0,0,1232.7,1557.99,1263.71
6a035a26e8b4345817138201,2026-05-12T16:47:20.218Z,3,27,5.7,2026-05-12T16:47:20.218Z,0.5190520286560059,0.5486176013946533,0.8000621795654297,-0.034525871,0.000420809,0.16411972045898438,0.079114079,3.1936187744140625,5.121532440185547,0.23560649156570435,-0.109888911,2.7002573013305664,3.2520864009857178,0,0,0,0,0,0,0,0.070114776,0.014213871210813522,0,0,0,1.5709567070007324,7.264969348907471,8.713197708129883,0,0,0,0,1225.9099999999999,1540,1240.68
6a035ab4e8b434581713827a,2026-05-12T16:49:42.725Z,3,28,5.7,2026-05-12T16:49:42.725Z,0.5378644466400146,0.515838623,0.752746582,-0.031936407,0.000841618,0.16411972045898438,0.079114079,4.407989501953125,4.429581642150879,0.23565205931663513,-0.109375775,1.7567161321640015,2.1037487983703613,0,0,0,0,0,0,0,0.097461507,0.021551039069890976,0,0,0,7.257782459259033,4.115303993225098,5.928508281707764,0,0,0,0,1206.73,1529.29,1223.67
6a035b41e8b43458171382f3,2026-05-12T16:52:04.560Z,3,29,5.7,2026-05-12T16:52:04.560Z,0.6550147533416748,0.655580997,0.8387749195098877,-0.030210018,0.000841618,0.16454052925109863,0.079534888,3.622222900390625,4.756534576416016,0.23566412925720215,-0.109606028,3.0101969242095947,3.662633180618286,0,0,0,0,0,0,0.052758481,0.065597646,0.003085184,0,0,0,7.745972633361816,9.487553596496582,2.5221805572509766,0,0,0,0,1185.38,1506.33,1214.99
6a035bd1e8b434581713836c,2026-05-12T16:54:25.586Z,4,0,4.8,2026-05-12T16:54:25.586Z,0.2933027744293213,0.32002687454223633,0.5161690711975098,-0.031936407,0.000841618,0.16411972045898438,0.079534888,3.826324462890625,5.058677673339844,0.23562292754650116,-0.11000067,3.4854466915130615,4.301751613616943,0,0,0,0,0,0,0,0.12375861406326294,0.066770829,0,0,0,2.2797908782958984,7.243326187133789,2.210524082183838,0,0,0,0,1176.98,1488.48,1207.43
6a035c5fe8b43458171383e5,2026-05-12T16:56:48.927Z,4,1,4.8,2026-05-12T16:56:48.927Z,0.21890830993652344,0.22600269317626953,0.4671328067779541,-0.031073332,0.000841618,0.16454052925109863,0.079114079,3.8467254638671875,4.677140235900879,0.2355962097644806,-0.110032856,1.6840556859970093,2.0643436908721924,0,0,0,0,0,0,0.013885810039937496,0.13733775913715363,0.04539546,0,0,0,1.650342345237732,2.4211604595184326,5.702972888946533,0,0,0,0,1170.47,1481.8999999999999,1191.68
6a035ceee8b434581713845e,2026-05-12T16:59:11.222Z,4,2,4.8,2026-05-12T16:59:11.222Z,0.6216652393341064,0.5822594165802002,0.8387749195098877,-0.030210018,0.000841618,0.16411972045898438,0.079534888,4.612091064453125,4.114206314086914,0.23565062880516052,-0.110116661,0.7649818658828735,1.3990771770477295,0,0,0,0,0,0,0,0.021224828,0,0,0,0,9.197636604309082,2.4440650939941406,7.301979064941406,0,0,0,0,1146.53,1475.88,1172.01
6a035d7ce8b43458171384d7,2026-05-12T17:01:34.011Z,4,3,4.8,2026-05-12T17:01:34.011Z,0.5070805549621582,0.4977238178253174,0.7759742736816406,-0.030210018,0.001262426,0.16411972045898438,0.079534888,3.7650909423828125,4.698642730712891,0.23563145101070404,-0.109814405,1.7860138416290283,2.1864233016967773,0,0,0,0,0,0,0,0.10162489861249924,0,0,0,0,3.1678454875946045,4.217148303985596,9.215991973876953,0,0,0,0,1135.47,1465.52,1147.72
6a035e0be8b4345817138550,2026-05-12T17:03:56.434Z,4,4,4.8,2026-05-12T17:03:56.434Z,0.22916936874389648,0.2501559257507324,0.4619712829589844,-0.031073332,0.001262426,0.16454052925109863,0.079534888,4.1426544189453125,4.935725212097168,0.2356237769126892,-0.109902918,2.737405300140381,3.4469449520111084,0,0,0,0,0,0,0.007726573,0.057817570865154266,0.045429639518260956,0,0,0,1.8556098937988281,4.768946647644043,3.1626663208007812,0,0,0,0,1128.3999999999999,1453.6899999999998,1137.08
6a036801540d88a0e889b9d9,2026-05-12T17:46:23.537Z,1,0,4.7,2026-05-12T17:46:23.537Z,0.8055140972137451,0.8048117160797119,1.0547053813934326,-0.030210018,0.001683235,0.16454052925109863,0.079534888,3.918151855,4.787961959838867,0.23559309542179108,-0.110512555,2.1967663764953613,2.790130376815796,0,0,0,0,0,0,0,0.018578107,0.068773657,0,0,0,7.543157101,7.981068134307861,7.8519158363342285,0,0,0,0,3062.78,3182.1299999999997,3092.11
6a03688f540d88a0e889ba52,2026-05-12T17:48:48.799Z,1,1,4.7,2026-05-12T17:48:48.799Z,0.6404776573181152,0.6573061943054199,0.9136190414428711,-0.029346943,0.001262426,0.16454052925109863,0.079534888,3.9793853759765625,4.897682189941406,0.2356496900320053,-0.110398352,2.239330530166626,2.852977991104126,0,0,0,0,0,0,0.08252392,0.18896077573299408,0.010832891,0,0,0,4.324800491333008,7.176953315734863,8.691786766052246,0,0,0,0,3049.1299999999997,3163.9300000000003,3068.31
6a03691d540d88a0e889bacb,2026-05-12T17:51:10.875Z,1,2,4.7,2026-05-12T17:51:10.875Z,0.444657564,0.4787466526031494,0.7415628433227539,-0.030210018,0.001262426,0.16454052925109863,0.079114079,3.826324462890625,5.083488464355469,0.23560525476932526,-0.11048764,2.2361161708831787,2.8753674030303955,0,0,0,0,0,0,0.021928347647190094,0.055750389,0.016914928,0,0,0,1.6750736236572266,5.8752617835998535,8.555215835571289,0,0,0,0,3042.2000000000003,3149.2999999999997,3045.0699999999997
6a0369ac540d88a0e889bb44,2026-05-12T17:53:33.387Z,1,3,4.7,2026-05-12T17:53:33.387Z,0.11800527572631836,0.11990237236022949,0.3535757064819336,-0.029346943,0.002104044,0.16411972045898438,0.079534888,4.407989501953125,4.3126935958862305,0.23564670979976654,-0.110671759,0.7462670803070068,1.430843472480774,0,0,0,0,0,0,0.073300108,0.2291676104068756,0.078166164,0,0,0,1.9117560386657715,1.0327486991882324,3.4475693702697754,0,0,0,0,3034.99,3145.8700000000003,3033.59
6a036a3b540d88a0e889bbbd,2026-05-12T17:55:56.645Z,1,4,4.7,2026-05-12T17:55:56.645Z,0.19667530059814453,0.21133852005004883,0.5910134315490723,-0.028483629,0.001683235,0.16454052925109863,0.079114079,3.805908203,4.524414063,0.23560866713523865,-0.110840678,0.7300560474395752,1.3902617692947388,0,0,0,0,0,0,0.010292494669556618,0.14574189484119415,0,0,0,0,1.0617680549621582,1.356583833694458,6.921240329742432,0,0,0,0,3029.8799999999997,3142.51,3014.6200000000003
6a036ac8540d88a0e889bc36,2026-05-12T17:58:18.896Z,1,5,4.7,2026-05-12T17:58:18.896Z,0.4591944217681885,0.4416544437408447,0.7243573665618896,-0.030210018,0.001683235,0.16454052925109863,0.079534888,3.7650909423828125,4.214001655578613,0.23568475246429443,-0.110961199,0.630416214,0.8300497531890869,0,0,0,0,0,0,0,0.043664004653692245,0,0,0,0,5.605854511260986,1.7724813222885132,8.471328735351562,0,0,0,0,3014.27,3138.17,2991.7999999999997
6a036b55540d88a0e889bcaf,2026-05-12T18:00:40.073Z,1,6,4.7,2026-05-12T18:00:40.073Z,0.3753933906555176,0.40111207962036133,0.549720049,-0.031073332,0.001262426,0.16454052925109863,0.079114079,4.244720458984375,4.976525307,0.2356482446193695,-0.110834122,3.1226046085357666,4.0687642097473145,0,0,0,0,0,0,0,0.060452949,0.040566336,0,0,0,3.2838714122772217,7.913933277130127,2.570388078689575,0,0,0,0,3003.7000000000003,3119.6200000000003,2982.6299999999997
6a036be4540d88a0e889bd28,2026-05-12T18:03:01.602Z,1,7,4.7,2026-05-12T18:03:01.602Z,0.4797172546386719,0.5003116130828857,0.6976885795593262,-0.029346943,0.001262426,0.16538214683532715,0.079534888,3.4895477294921875,4.827659606933594,0.2356611043214798,-0.110906661,2.731649875640869,3.589428424835205,0,0,0,0,0,0,0,0.12229762971401215,0.008208551,0,0,0,5.267858982086182,7.759117126464844,3.1691620349884033,0,0,0,0,2988.72,3100.23,2972.48
6a036c73540d88a0e889bda1,2026-05-12T18:05:24.542Z,1,8,4.7,2026-05-12T18:05:24.542Z,0.3343479633331299,0.3467676639556885,0.5256319046020508,-0.030210018,0.001262426,0.1649613380432129,0.079114079,3.8773345947265625,4.784654617,0.23563553392887115,-0.10962677,2.6083343029022217,3.417466640472412,0,0,0,0,0,0,0,0.084590733,0.020147612,0,0,0,4.264469146728516,5.835362434387207,2.391511917114258,0,0,0,0,2975.77,3085.6,2964.29
6a036d01540d88a0e889be1a,2026-05-12T18:07:47.148Z,1,9,4.7,2026-05-12T18:07:47.148Z,0.43268585205078125,0.4071500301361084,0.6409099102020264,-0.029346943,0.001262426,0.16411972045898438,0.079534888,4.234527587890625,4.267482757568359,0.2356431931257248,-0.110188425,1.3735263347625732,1.7498068809509277,0,0,0,0,0,0,0.011464900337159634,0.066557467,0.027641983702778816,0,0,0,7.439232349395752,2.753178596496582,4.622891426086426,0,0,0,0,2955.8199999999997,3078.53,2950.92
6a036d90540d88a0e889be93,2026-05-12T18:10:09.120Z,1,10,4.7,2026-05-12T18:10:09.120Z,0.5105009078979492,0.5374038219451904,0.8293118476867676,-0.031073332,0.000841618,0.16411972045898438,0.079534888,4.020202637,4.783551216125488,0.23562276363372803,-0.110576749,1.8877490758895874,2.421095848083496,0,0,0,0,0,0,0,0.036183346062898636,0,0,0,0,3.407980204,5.189589023590088,9.268029213,0,0,0,0,2944.48,3065.9300000000003,2926.6299999999997
6a036e1d540d88a0e889bf0c,2026-05-12T18:12:31.942Z,1,11,4.7,2026-05-12T18:12:31.942Z,1.071453571,1.0687692165374756,1.3102092742919922,-0.028483629,0.001262426,0.16454052925109863,0.079534888,4.265136719,4.704707145690918,0.2356666624546051,-0.110492885,2.1663761138916016,2.7626283168792725,0,0,0,0,0,0,0.003865794,0.096540533,0,0,0,0,9.701196670532227,9.469735145568848,9.564570426940918,0,0,0,0,2919.0699999999997,3042.83,2900.73
6a036eab540d88a0e889bf85,2026-05-12T18:14:53.430Z,1,12,4.7,2026-05-12T18:14:53.430Z,0.5917365550994873,0.5546557903289795,0.7579081058502197,-0.031073332,0.000841618,0.16411972045898438,0.079534888,4.0610198974609375,4.4444684982299805,0.2356189787387848,-0.110733151,1.872265100479126,2.3821730613708496,0,0,0,0,0,0,0,0.089051768,0,0,0,0,9.181890487670898,5.1043243408203125,3.7697055339813232,0,0,0,0,2894.5699999999997,3029.81,2888.6200000000003
6a036f3a540d88a0e889bffe,2026-05-12T18:17:15.559Z,1,13,4.7,2026-05-12T18:17:15.559Z,0.554966927,0.5839846134185791,0.7905988693237305,-0.031073332,0.000841618,0.16411972045898438,0.079114079,3.805908203,4.828210830688477,0.23567423224449158,-0.110565901,2.9381496906280518,3.822411060333252,0,0,0,0,0,0,0.009723024,0.051524337381124496,0.011220884509384632,0,0,0,6.375922679901123,9.206503868103027,2.367205858230591,0,0,0,0,2876.2999999999997,3007.6200000000003,2880.22
6a036fc8540d88a0e889c077,2026-05-12T18:19:37.929Z,1,14,4.7,2026-05-12T18:19:37.929Z,0.4224245548248291,0.4123258590698242,0.6090793609619141,-0.029346943,0.000841618,0.16411972045898438,0.079534888,4.4181976318359375,4.549225807189941,0.2356565296649933,-0.110743999,2.170184612,2.817025661468506,0,0,0,0,0,0,0,0.017368417233228683,0.045430805534124374,0,0,0,6.626776695251465,5.112069129943848,2.614516496658325,0,0,0,0,2857.89,2994.39,2871.4
6a037055540d88a0e889c0f0,2026-05-12T18:22:00.204Z,1,15,4.7,2026-05-12T18:22:00.204Z,0.5036602020263672,0.4959986209869385,0.6847841739654541,-0.031936407,0.000841618,0.16454052925109863,0.079114079,3.6528472900390625,4.759291648864746,0.23568220436573029,-0.11085999,2.673352003097534,3.477297782897949,0,0,0,0,0,0,0,0.13515082001686096,0.045348264276981354,0,0,0,6.115901947021484,7.3441338539123535,2.449049234390259,0,0,0,0,2840.53,2976.61,2863.0699999999997
6a0370e4540d88a0e889c169,2026-05-12T18:24:21.438Z,1,16,4.7,2026-05-12T18:24:21.438Z,0.41472840309143066,0.37868428230285645,0.6684389114379883,-0.030210018,0.001262426,0.16454052925109863,0.079534888,3.530395508,4.5189008712768555,0.23566709458827972,-0.111011088,1.2857000827789307,1.6322224140167236,0,0,0,0,0,0,0,0.058732633,0.030361477,0,0,0,2.8598403930664062,2.369830369949341,8.639083862304688,0,0,0,0,2830.59,2970.03,2840.8799999999997
6a037172540d88a0e889c1e2,2026-05-12T18:26:44.184Z,1,17,4.7,2026-05-12T18:26:44.184Z,0.7080316543579102,0.6667947769165039,0.9179203510284424,-0.030210018,0.001262426,0.16411972045898438,0.079114079,4.1426544189453125,4.290088653564453,0.23564128577709198,-0.11099875,1.3419854640960693,1.6789817810058594,0,0,0,0,0,0,0.012777495197951794,0.098056301,0.011137984693050385,0,0,0,9.556440353393555,3.5858449935913086,7.6508002281188965,0,0,0,0,2805.67,2961.21,2819.81
6a037201540d88a0e889c25b,2026-05-12T18:29:06.206Z,1,18,4.7,2026-05-12T18:29:06.206Z,0.525892973,0.5244646072387695,0.8207087516784668,-0.030210018,0.000841618,0.16411972045898438,0.079534888,4.183502197265625,4.653983116149902,0.23570303618907928,-0.110378027,1.6142001152038574,2.0378825664520264,0,0,0,0,0.008447257,0,0,0,0.0068899,0,0,0,3.5640995502471924,4.003465652,9.872911453,0,0,0,0,2793.91,2951.41,2793.7000000000003
6a03728f540d88a0e889c2d4,2026-05-12T18:31:28.845Z,1,19,4.7,2026-05-12T18:31:28.845Z,0.4224245548248291,0.42440223693847656,0.6572551727294922,-0.030210018,0.000841618,0.16411972045898438,0.079114079,3.7957000732421875,4.745508193969727,0.23569755256175995,-0.110847294,2.353161096572876,3.036245107650757,0,0,0,0,0,0,0,0.080683932,0.018759220838546753,0,0,0,4.642705917358398,5.750741004943848,4.196063995361328,0,0,0,0,2780.19,2937.27,2780.33
6a03731d540d88a0e889c34d,2026-05-12T18:33:51.356Z,1,20,4.7,2026-05-12T18:33:51.356Z,0.32750725746154785,0.37523365020751953,0.5385363101959229,-0.029346943,0.000841618,0.16411972045898438,0.079114079,3.887542724609375,5.143586158752441,0.23561429977416992,-0.110930979,3.7188329696655273,4.925658226013184,0,0,0,0,0,0,0,0.10351377725601196,0.002242037,0,0,0,2.3970086574554443,9.010506629943848,1.0616852045059204,0,0,0,0,2771.79,2915.29,2775.01
6a0373ac540d88a0e889c3c6,2026-05-12T18:36:13.764Z,1,21,4.7,2026-05-12T18:36:13.764Z,0.7875568866729736,0.8091249465942383,1.0598673820495605,-0.031073332,0.001683235,0.16454052925109863,0.079534888,4.1426544189453125,4.898233413696289,0.2356676310300827,-0.111004472,2.3403618335723877,3.0605523586273193,0,0,0,0,0,0,0,0.07954248,0.065485328,0,0,0,4.552788734436035,8.627081871032715,9.771245002746582,0,0,0,0,2758.6299999999997,2894.01,2749.67
6a03743b540d88a0e889c43f,2026-05-12T18:38:36.585Z,1,22,4.7,2026-05-12T18:38:36.585Z,0.3001437187194824,0.28120970726013184,0.49810290336608887,-0.030210018,0.000841618,0.16327810287475586,0.079534888,4.2039031982421875,4.229439735412598,0.23569738864898682,-0.110818923,1.3522441387176514,1.7222429513931274,0,0,0,0,0,0,0,0.073301636,0.039351575,0,0,0,6.0142621994018555,2.104924201965332,3.0661356449127197,0,0,0,0,2741.69,2887.99,2739.17
6a0374c9540d88a0e889c4b8,2026-05-12T18:40:59.198Z,1,23,4.7,2026-05-12T18:40:59.198Z,0.3163909912109375,0.3096756935119629,0.5110073089599609,-0.030210018,0.000420809,0.16411972045898438,0.079534888,3.6630401611328125,4.5437116622924805,0.23562952876091003,-0.111484349,2.042120933532715,2.6647286415100098,0,0,0,0,0,0,0,0,0,0,0,0,5.491227626800537,3.9689435958862305,2.2319869995117188,0,0,0,0,2725.8700000000003,2878.33,2731.1200000000003
6a037557540d88a0e889c531,2026-05-12T18:43:20.928Z,1,24,4.7,2026-05-12T18:43:20.928Z,0.2950131893157959,0.276033878,0.49294137954711914,-0.030210018,0.000841618,0.16411972045898438,0.079534888,4.193695068359375,4.700296401977539,0.23562701046466827,-0.111266613,2.612516403198242,3.4317209720611572,0,0,0,0,0,0,0,0.053299174,0,0,0,0,4.161565304,5.031970024108887,1.3287742137908936,0,0,0,0,2713.2000000000003,2866.01,2725.31
6a0375e5540d88a0e889c5aa,2026-05-12T18:45:43.466Z,1,25,4.7,2026-05-12T18:45:43.466Z,0.7054662704467773,0.6788711547851562,0.8869502544403076,-0.029346943,0.001262426,0.16327810287475586,0.079534888,4.2855377197265625,4.453841209411621,0.2356867492198944,-0.111144543,1.7492237091064453,2.262855052947998,0,0,0,0,0,0,0,0.066129841,0,0,0,0,8.705640793,5.346917629241943,6.670559883117676,0,0,0,0,2690.17,2852.78,2707.53
6a037674540d88a0e889c623,2026-05-12T18:48:05.532Z,1,26,4.7,2026-05-12T18:48:05.532Z,0.5720689296722412,0.5977864265441895,0.7905988693237305,-0.031936407,0.000841618,0.16411972045898438,0.079534888,3.8773345947265625,4.932416915893555,0.2356368601322174,-0.111290634,3.0808064937591553,4.077425956726074,0,0,0,0,0,0,0,0.028730740770697594,0,0,0,0,4.965035438537598,9.921024322509766,3.1368625164031982,0,0,0,0,2674.98,2828.49,2696.89
6a037702540d88a0e889c69c,2026-05-12T18:50:28.022Z,1,27,4.7,2026-05-12T18:50:28.022Z,0.4874129295349121,0.47270822525024414,0.6985487937927246,-0.029346943,0.002104044,0.16411972045898438,0.079114079,4.2549285888671875,4.393743515014648,0.23570671677589417,-0.111452639,1.6712960004806519,2.1852235794067383,0,0,0,0,0,0,0,0.099941283,0.07814385,0,0,0,7.588895797729492,3.9835362434387207,4.336717606,0,0,0,0,2654.4,2817.99,2684.08
6a037790540d88a0e889c715,2026-05-12T18:52:50.405Z,1,28,4.7,2026-05-12T18:52:50.405Z,0.4814271926879883,0.4683952331542969,0.7536070346832275,-0.031073332,0.000420809,0.16411972045898438,0.079114079,3.540588379,4.335851669311523,0.2356858253479004,-0.111514568,0.8298994302749634,1.549667239189148,0,0,0,0,0,0,0,0.020456409081816673,0.002965342,0,0,0,5.439786911010742,2.5176923274993896,8.414495468139648,0,0,0,0,2638.72,2811.69,2662.7999999999997
6a03781e540d88a0e889c78e,2026-05-12T18:55:12.452Z,1,29,4.7,2026-05-12T18:55:12.452Z,0.47458648681640625,0.4658071994781494,0.6538140773773193,-0.029346943,0.000841618,0.16454052925109863,0.079534888,3.8467254638671875,4.720697402954102,0.2356606423854828,-0.111686707,2.7104380130767822,3.5861566066741943,0,0,0,0,0,0,0.1607254296541214,0.3051030933856964,0.092870221,0,0,0,6.504141330718994,7.309062480926514,1.4453870058059692,0,0,0,0,2620.59,2794.33,2656.01
6a0378ac540d88a0e889c807,2026-05-12T18:57:34.436Z,2,0,3.7,2026-05-12T18:57:34.436Z,0.47629666328430176,0.5167012214660645,0.7493054866790771,-0.030210018,0.000841618,0.16454052925109863,0.079114079,4.122253418,5.1237382888793945,0.23565620183944702,-0.11154145,2.6425602436065674,3.498389244,0,0,0,0,0,0,0,0.13162702322006226,0.062077139,0,0,0,1.7348742485046387,7.588912010192871,7.268160343170166,0,0,0,0,2613.52,2775.5,2636.48
6a03793a540d88a0e889c880,2026-05-12T18:59:55.970Z,2,1,3.7,2026-05-12T18:59:55.970Z,0.6114039421081543,0.6210765838623047,0.8929727077484131,-0.031073332,0.001262426,0.16411972045898438,0.079114079,3.5507965087890625,4.657842636108398,0.23567792773246765,-0.111491501,1.9950369596481323,2.616372585296631,0,0,0,0,0,0,0.04774145,0.089000992,0.039002217,0,0,0,5.649968624,6.021924018859863,7.69212532,0,0,0,0,2597.77,2760.3799999999997,2615.48
6a0379c8540d88a0e889c8f9,2026-05-12T19:02:17.828Z,2,2,3.7,2026-05-12T19:02:17.828Z,0.1906895637512207,0.19236135482788086,0.4559493064880371,-0.029346943,0.001262426,0.16454052925109863,0.079534888,4.2753448486328125,4.601604461669922,0.2356557548046112,-0.111528397,1.4452649354934692,1.8926935195922852,0,0,0,0,0,0,0,0.040508564561605453,0.018333143,0,0,0,1.4128093719482422,1.9532058238983154,5.430089950561523,0,0,0,0,2591.4,2755.1299999999997,2599.8700000000003
6a037a56540d88a0e889c972,2026-05-12T19:04:40.691Z,2,3,3.7,2026-05-12T19:04:40.691Z,0.5310237407684326,0.5417165756225586,0.7346804141998291,-0.029346943,0.001262426,0.16454052925109863,0.079114079,4.071228027,4.842546463012695,0.23563936352729797,-0.111680984,2.902672529220581,3.855297565460205,0,0,0,0,0,0,0,0.14024309813976288,0.035900600254535675,0,0,0,5.638144493103027,8.750115394592285,2.549004554748535,0,0,0,0,2575.72,2734.27,2590.77
6a037ae4540d88a0e889c9eb,2026-05-12T19:07:02.830Z,2,4,3.7,2026-05-12T19:07:02.830Z,0.9397666454315186,0.9342029094696045,1.1846082210540771,-0.030210018,0.001262426,0.1649613380432129,0.079114079,4.2855377197265625,4.651226043701172,0.23562771081924438,-0.111613274,2.0845084190368652,2.735098123550415,0,0,0,0,0,0,0.026892485097050667,0.11876089870929718,0.082366556,0,0,0,8.275125503540039,8.169450759887695,8.868526458740234,0,0,0,0,2553.1800000000003,2713.6200000000003,2567.53
6a037b72540d88a0e889ca64,2026-05-12T19:09:24.292Z,2,5,3.7,2026-05-12T19:09:24.292Z,0.337768555,0.32175230979919434,0.549720049,-0.029346943,0.001262426,0.16411972045898438,0.079534888,4.377380371,4.418003082275391,0.235660583,-0.111614943,1.8567659854888916,2.437023878097534,0,0,0,0,0,0,0,0.024833288,0.006430942,0,0,0,6.378178596496582,3.656946897506714,2.1374263763427734,0,0,0,0,2535.4,2704.1,2559.2000000000003
6a037c00540d88a0e889cadd,2026-05-12T19:11:46.284Z,2,6,3.7,2026-05-12T19:11:46.284Z,0.5096457004547119,0.5244646072387695,0.6899459362030029,-0.030210018,0.002104044,0.16454052925109863,0.079534888,3.64263916,4.865151405334473,0.2356734424829483,-0.111580491,2.9026541709899902,3.8876774311065674,0,0,0,0,0,0,0,0.13011927902698517,0.055053875,0,0,0,5.467805386,8.60830307,2.4208292961120605,0,0,0,0,2519.72,2683.52,2551.08
6a037c8f540d88a0e889cb56,2026-05-12T19:14:08.675Z,2,7,3.7,2026-05-12T19:14:08.675Z,0.7978184223175049,0.7927350997924805,0.9815816879272461,-0.029346943,0.002104044,0.16454052925109863,0.079534888,4.183502197265625,4.662804604,0.23568706214427948,-0.111769736,2.490302085876465,3.3157155513763428,0,0,0,0,0,0,0,0.17078132927417755,0.10262551158666611,0,0,0,9.544548034667969,9.349561691,3.549530267715454,0,0,0,0,2494.52,2660.28,2540.09
6a037d1d540d88a0e889cbcf,2026-05-12T19:16:31.256Z,2,8,3.7,2026-05-12T19:16:31.256Z,0.6276512145996094,0.6443667411804199,0.8482377529144287,-0.030210018,0.001262426,0.1649613380432129,0.079114079,3.7140655517578125,4.8502655029296875,0.23559409379959106,-0.111995816,2.7207956314086914,3.659067153930664,0,0,0,0,0,0,0.045846499502658844,0.1345631629228592,0.002287926,0,0,0,6.158670425415039,9.249773979187012,4.070502758026123,0,0,0,0,2476.6,2637.39,2527.91
6a037dac540d88a0e889cc48,2026-05-12T19:18:53.626Z,2,9,3.7,2026-05-12T19:18:53.626Z,0.5618076324462891,0.5615565776824951,0.7725331783294678,-0.031073332,0.001262426,0.16411972045898438,0.079114079,3.907958984,4.706361770629883,0.23571479320526123,-0.111731827,2.0877902507781982,2.777111768722534,0,0,0,0,0,0,0.006280791,0.058128662407398224,0.042551778,0,0,0,5.2391438484191895,6.073420524597168,6.6613335609436035,0,0,0,0,2461.27,2621.99,2509.71
6a037e3a540d88a0e889ccc1,2026-05-12T19:21:16.436Z,2,10,3.7,2026-05-12T19:21:16.436Z,0.7131621837615967,0.6840469837188721,0.933405876,-0.031073332,0.000841618,0.16411972045898438,0.079114079,4.489624023,4.304424285888672,0.2356349229812622,-0.111989796,0.82469058,1.5512566566467285,0,0,0,0,0,0,0,0.071833722,0.06274201,0,0,0,7.571396827697754,3.112863779067993,9.827672958374023,0,0,0,0,2440.6200000000003,2613.7999999999997,2483.53
6a037ec8540d88a0e889cd3a,2026-05-12T19:23:38.614Z,2,11,3.7,2026-05-12T19:23:38.614Z,0.23857569694519043,0.23980474472045898,0.49810290336608887,-0.029346943,0.000841618,0.16327810287475586,0.079534888,4.591674805,4.534890174865723,0.23561224341392517,-0.111998558,0.7351540327072144,1.4267264604568481,0,0,0,0,0,0,0.041865915060043335,0.21411438286304474,0.025762416422367096,0,0,0,1.284639835357666,1.4684510231018066,7.350613594055176,0,0,0,0,2434.39,2609.8799999999997,2463.09
6a037f56540d88a0e889cdb3,2026-05-12T19:26:00.338Z,2,12,3.7,2026-05-12T19:26:00.338Z,0.590881348,0.6038243770599365,0.867164135,-0.031073332,0.000841618,0.16411972045898438,0.079534888,4.265136719,4.798438072,0.23560437560081482,-0.112362385,2.137087345123291,2.8080780506134033,0,0,0,0,0,0,0.029318716377019882,0.11537335067987442,0.067009784,0,0,0,4.2164106369018555,6.546890735626221,8.233444213867188,0,0,0,0,2422.28,2594.6200000000003,2441.1800000000003
6a037fe4540d88a0e889ce2c,2026-05-12T19:28:21.883Z,2,13,3.7,2026-05-12T19:28:21.883Z,0.1479341983795166,0.15785694122314453,0.3897075653076172,-0.031936407,0.000841618,0.16411972045898438,0.079534888,3.7140655517578125,4.378856658935547,0.235695943,-0.111909091,0.8813874125480652,1.6691160202026367,0,0,0,0,0,0,0,0.041638918,0.03263915,0,0,0,2.320890426635742,1.4332921504974365,3.843435049057007,0,0,0,0,2413.8799999999997,2590.28,2428.79
6a038072540d88a0e889cea5,2026-05-12T19:30:44.037Z,2,14,3.7,2026-05-12T19:30:44.037Z,0.6071286201477051,0.6297025680541992,0.7828562259674072,-0.029346943,0.000841618,0.16454052925109863,0.079114079,4.2753448486328125,4.616490364074707,0.23566541075706482,-0.111772954,2.3333358764648438,3.102227210998535,0,0,0,0,0,0,0,0.09060289,0,0,0,0,8.014825820922852,7.140639781951904,3.1232385635375977,0,0,0,0,2392.67,2573.2000000000003,2418.5699999999997
6a038101540d88a0e889cf1e,2026-05-12T19:33:06.234Z,2,15,3.7,2026-05-12T19:33:06.234Z,0.6225206851959229,0.6245269775390625,0.8869502544403076,-0.031073332,0.001683235,0.16327810287475586,0.079534888,4.3365631103515625,4.94068718,0.23566848039627075,-0.112134039,2.257181167602539,3.009411573410034,0,0,0,0,0,0,0.006127576,0.050373036,0.044177126,0,0,0,2.7940621376037598,6.997148036956787,8.972794532775879,0,0,0,0,2382.73,2555.91,2395.19
6a03818f540d88a0e889cf97,2026-05-12T19:35:29.146Z,2,16,3.7,2026-05-12T19:35:29.146Z,0.4626147747039795,0.4683952331542969,0.7071514129638672,-0.031073332,0.001262426,0.16454052925109863,0.079534888,4.1630706787109375,4.740546226501465,0.23565532267093658,-0.112443626,2.3337087631225586,3.108670234680176,0,0,0,0,0,0,0,0.095358267,0.014297387562692165,0,0,0,5.081352233886719,6.269730567932129,4.455780982971191,0,0,0,0,2368.3799999999997,2540.2999999999997,2381.4
6a03821d540d88a0e889d010,2026-05-12T19:37:50.915Z,2,17,3.7,2026-05-12T19:37:50.915Z,0.24028611183166504,0.24239230155944824,0.6503729820251465,-0.030210018,0.001262426,0.16411972045898438,0.079534888,4.214111328,4.420207977294922,0.23567573726177216,-0.112363517,0.5818968415260315,0.8311212062835693,0,0,0,0,0,0,0.089685768,0.11913882941007614,0.11369256675243378,0,0,0,1.2416582107543945,1.198929786682129,8.027692794799805,0,0,0,0,2362.29,2536.31,2360.47
6a0382ab540d88a0e889d089,2026-05-12T19:40:13.123Z,2,18,3.7,2026-05-12T19:40:13.123Z,0.23857569694519043,0.2803471088409424,0.457669735,-0.031073332,0.001262426,0.16411972045898438,0.079534888,4.234527587890625,5.171705246,0.23561225831508636,-0.112002552,3.1276495456695557,4.199619293212891,0,0,0,0,0,0,0,0.027300676330924034,0.049323637038469315,0,0,0,1.0721098184585571,6.397107124328613,3.045468807220459,0,0,0,0,2357.3199999999997,2521.1200000000003,2350.3199999999997
6a038338540d88a0e889d102,2026-05-12T19:42:34.937Z,2,19,3.7,2026-05-12T19:42:34.937Z,0.6840884685516357,0.6693825721740723,0.8989944458007812,-0.029346943,0.000841618,0.16454052925109863,0.079534888,3.999786376953125,4.680447578430176,0.23567906022071838,-0.112231731,2.1004512310028076,2.8106186389923096,0,0,0,0,0,0,0.071156003,0.13422070443630219,0.082974799,0,0,0,6.685596466064453,6.858957290649414,6.761167049407959,0,0,0,0,2339.4,2504.1800000000003,2331.98
6a0383c7540d88a0e889d17b,2026-05-12T19:44:56.678Z,2,20,3.7,2026-05-12T19:44:56.678Z,0.083800793,0.086260557,0.2881941795349121,-0.030210018,0.001262426,0.16411972045898438,0.079114079,4.489624023,4.238812446594238,0.23564690351486206,-0.112227738,1.2695527076721191,1.6494803428649902,0,0,0,0,0,0,0,0.1191173866391182,0.05550402,0,0,0,2.4034652709960938,1.0337040424346924,1.552214503288269,0,0,0,0,2330.58,2500.89,2325.33
6a038455540d88a0e889d1f4,2026-05-12T19:47:19.249Z,2,21,3.7,2026-05-12T19:47:19.249Z,0.7516419887542725,0.7280397415161133,1.0116913318634033,-0.030210018,0.000841618,0.16411972045898438,0.079114079,4.4998321533203125,4.370586395263672,0.23562105000019073,-0.112273872,1.386287808418274,1.7832640409469604,0,0,0,0,0,0,0,0.11365630477666855,0.046939965,0,0,0,8.03917408,4.065876007080078,9.923268318,0,0,0,0,2309.02,2491.02,2299.5
6a0384e3540d88a0e889d26d,2026-05-12T19:49:41.611Z,2,22,3.7,2026-05-12T19:49:41.611Z,0.7738752365112305,0.7944605350494385,1.0177135467529297,-0.031073332,0.000841618,0.16411972045898438,0.079534888,3.754882813,4.828210830688477,0.23568183183670044,-0.112478137,2.553699254989624,3.409097194671631,0,0,0,0,0,0,0,0.06928882,0.020822037011384964,0,0,0,5.967372417449951,9.666806221,6.792750358581543,0,0,0,0,2291.8700000000003,2467.5699999999997,2280.53
6a038571540d88a0e889d2e6,2026-05-12T19:52:03.518Z,2,23,3.7,2026-05-12T19:52:03.518Z,0.6909294128417969,0.6754207611083984,0.9445891380310059,-0.029346943,0.001683235,0.16411972045898438,0.079114079,4.071228027,4.593334197998047,0.23571741580963135,-0.11217916,1.696046233177185,2.2309248447418213,0,0,0,0,0,0,0.037854724,0.062484067,0,0,0,0,6.287487506866455,5.229246616363525,9.281452178955078,0,0,0,0,2274.2999999999997,2454.2000000000003,2256.03
6a0385ff540d88a0e889d35f,2026-05-12T19:54:25.656Z,2,24,3.7,2026-05-12T19:54:25.656Z,0.3352034091949463,0.3467676639556885,0.5617640018463135,-0.031073332,0.001262426,0.16411972045898438,0.079114079,4.540649414,4.765908241271973,0.23564891517162323,-0.112472415,2.407386302947998,3.226400614,0,0,0,0,0,0,0,0.10402847826480865,0.013534919,0,0,0,3.5648081302642822,5.365047931671143,3.6211040019989014,0,0,0,0,2263.03,2440.97,2244.2000000000003
6a03868d540d88a0e889d3d8,2026-05-12T19:56:47.354Z,2,25,3.7,2026-05-12T19:56:47.354Z,0.4848475456237793,0.47615885734558105,0.7441437244415283,-0.030210018,0.001683235,0.16411972045898438,0.079534888,4.1630706787109375,4.570728302001953,0.23563452064990997,-0.112427235,1.7031772136688232,2.247365951538086,0,0,0,0,0,0,0.026195602491497993,0.15992124378681183,0.067293301,0,0,0,4.845654487609863,4.221555709838867,7.144629001617432,0,0,0,0,2248.8199999999997,2430.33,2224.81
6a03871b540d88a0e889d451,2026-05-12T19:59:09.045Z,2,26,3.7,2026-05-12T19:59:09.045Z,0.3745384216308594,0.3942110538482666,0.6391892433166504,-0.031936407,0.001262426,0.16411972045898438,0.079534888,3.428314208984375,4.658393859863281,0.23571453988552094,-0.112877071,1.714707851409912,2.260394573,0,0,0,0,0,0,0,0.071597062,0.054205331951379776,0,0,0,3.593733310699463,3.8036744594573975,6.83250618,0,0,0,0,2237.48,2420.8799999999997,2205.91
6a0387a9540d88a0e889d4ca,2026-05-12T20:01:31.443Z,2,27,3.7,2026-05-12T20:01:31.443Z,0.49938464164733887,0.4589064121246338,0.677041769,-0.030210018,0.000841618,0.16411972045898438,0.079114079,4.0814361572265625,4.14453125,0.23567649722099304,-0.112398863,1.2450017929077148,1.6134463548660278,0,0,0,0,0,0,0,0.024324780330061913,0,0,0,0,9.536799430847168,2.546795129776001,3.582962989807129,0,0,0,0,2212.49,2414.51,2194.5
6a038838540d88a0e889d543,2026-05-12T20:03:53.561Z,2,28,3.7,2026-05-12T20:03:53.561Z,0.7747302055358887,0.7823841571807861,1.0383601188659668,-0.029346943,0.001683235,0.16411972045898438,0.079534888,3.724273681640625,4.797885894775391,0.23564736545085907,-0.112443924,2.184492588043213,2.9009265899658203,0,0,0,0,0,0,0.00914642,0.049757689237594604,0,0,0,0,5.612346649169922,7.919260025024414,8.927486419677734,0,0,0,0,2196.39,2395.61,2171.4
6a0388c5540d88a0e889d5bc,2026-05-12T20:06:15.936Z,2,29,3.7,2026-05-12T20:06:15.936Z,0.6225206851959229,0.6081376075744629,0.8688845634460449,-0.028483629,0.001262426,0.16454052925109863,0.079955697,3.989593505859375,4.549777030944824,0.23564331233501434,-0.11239773,1.7576789855957031,2.3162243366241455,0,0,0,0,0,0,0,0.11732494086027145,0.022886395,0,0,0,6.85363245,5.102411270141602,7.131011009216309,0,0,0,0,2177.28,2382.52,2151.3799999999997
6a038953540d88a0e889d635,2026-05-12T20:08:37.316Z,3,0,5.7,2026-05-12T20:08:37.316Z,0.7157275676727295,0.7012991905212402,0.9093177318572998,-0.030210018,0.001262426,0.16411972045898438,0.079534888,3.8773345947265625,4.644610404968262,0.23571966588497162,-0.11234808,2.4321951866149902,3.2720296382904053,0,0,0,0,0,0,0,0.077880271,0.057386238127946854,0,0,0,9.542545318603516,8.496578216552734,2.5826752185821533,0,0,0,0,2152.01,2361.8700000000003,2142
6a0389e1540d88a0e889d6ae,2026-05-12T20:10:59.201Z,3,1,5.7,2026-05-12T20:10:59.201Z,0.5190520286560059,0.46925783157348633,0.7209160327911377,-0.029346943,0.002104044,0.16454052925109863,0.079534888,4.122253418,4.017719268798828,0.23571351170539856,-0.111617684,0.6040857434272766,0.8472654223442078,0,0,0,0,0,0,0.10958363860845566,0.18419618904590607,0.057911731,0,0,0,8.793756484985352,1.7661807537078857,5.839504718780518,0,0,0,0,2128.49,2356.9,2125.97
6a038a6f540d88a0e889d727,2026-05-12T20:13:21.120Z,3,2,5.7,2026-05-12T20:13:21.120Z,0.5763444900512695,0.5486176013946533,0.8439364433288574,-0.029346943,0.002104044,0.1649613380432129,0.079534888,4.32635498,4.312142372131348,0.23563972115516663,-0.112033546,0.7939268946647644,1.5164128541946411,0,0,0,0,0,0,0.009802955,0.115718313,0.044842266,0,0,0,5.712976932525635,2.6937639713287354,9.727528572,0,0,0,0,2111.69,2350.1800000000003,2100.49
6a038afc540d88a0e889d7a0,2026-05-12T20:15:42.890Z,3,3,5.7,2026-05-12T20:15:42.890Z,0.4267003536224365,0.4313032627105713,0.6245646476745605,-0.031073332,0.001262426,0.16411972045898438,0.079534888,3.59161377,4.925249099731445,0.23566953837871552,-0.111957252,2.9483139514923096,3.985596179962158,0,0,0,0,0,0,0,0.0700716,0.004876052,0,0,0,4.074304103851318,7.760206223,2.3196709156036377,0,0,0,0,2099.23,2331.7000000000003,2091.39
6a038b8b540d88a0e889d819,2026-05-12T20:18:04.341Z,3,4,5.7,2026-05-12T20:18:04.341Z,0.3805239200592041,0.39162325859069824,0.625424862,-0.031073332,0.001683235,0.16327810287475586,0.079534888,4.1426544189453125,4.793475151062012,0.23569071292877197,-0.112071693,2.2016961574554443,2.9832680225372314,0,0,0,0,0,0,0,0.12999136745929718,0.053410664200782776,0,0,0,3.311570882797241,5.202599525,5.206424713134766,0,0,0,0,2088.59,2318.61,2076.9
6a038c19540d88a0e889d892,2026-05-12T20:20:27.025Z,3,5,5.7,2026-05-12T20:20:27.025Z,0.4668903350830078,0.4770214557647705,0.7501659393310547,-0.029346943,0.001683235,0.16454052925109863,0.079534888,3.6324310302734375,5.117672920227051,0.23567937314510345,-0.107921958,2.3862643241882324,3.2202765941619873,0,0,0,0,0,0,0,0.08630009,0,0,0,0,1.6180973052978516,6.675900936126709,7.867712497711182,0,0,0,0,2082.08,2302.2999999999997,2055.83
6a038ca7540d88a0e889d90b,2026-05-12T20:22:49.168Z,3,6,5.7,2026-05-12T20:22:49.168Z,0.5361542701721191,0.5529308319091797,0.7992019653320312,-0.029346943,0.001262426,0.16411972045898438,0.079534888,3.9487762451171875,5.138072967529297,0.23571835458278656,-0.108584881,2.571249247,3.4878649711608887,0,0,0,0,0,0,0,0.12481047958135605,0.057938054,0,0,0,2.0108442306518555,7.794434070587158,7.454750061035156,0,0,0,0,2074.7999999999997,2283.1200000000003,2035.18
6a038d34540d88a0e889d984,2026-05-12T20:25:10.893Z,3,7,5.7,2026-05-12T20:25:10.893Z,0.6225206851959229,0.5891599655151367,0.8086650371551514,-0.030210018,0.002104044,0.16411972045898438,0.079955697,4.0916290283203125,4.096011161804199,0.23568210005760193,-0.109319627,0.6261945366859436,0.8900043368339539,0,0,0,0,0.152588353,0.020307029,0,0.048248485,0.052275970578193665,0,0,0,8.205654144,2.0521554946899414,7.715114593505859,0,0,0,0,2053.1,2277.52,2014.3899999999999
6a038dc2540d88a0e889d9fd,2026-05-12T20:27:32.473Z,3,8,5.7,2026-05-12T20:27:32.473Z,0.24798202514648438,0.21133852005004883,0.44562578201293945,-0.028483629,0.002524853,0.1649613380432129,0.079534888,3.7957000732421875,4.418554306030273,0.23574672639369965,-0.109343112,1.4874111413955688,1.9435102939605713,0,0,0,0,0,0,0.033140372,0.11207565665245056,0.081850216,0,0,0,3.1184730529785156,2.1229238510131836,3.8299639225006104,0,0,0,0,2042.67,2272.27,2002.2099999999998
6a038e51540d88a0e889da76,2026-05-12T20:29:54.374Z,3,9,5.7,2026-05-12T20:29:54.374Z,0.43268585205078125,0.4166388511657715,0.6004765033721924,-0.029346943,0.002104044,0.16411972045898438,0.079534888,4.510040283203125,4.5861663818359375,0.23572300374507904,-0.110064268,2.2758898735046387,3.055251121520996,0,0,0,0,0,0,0,0.079070456,0,0,0,0,6.623647689819336,5.637491226196289,2.030766487121582,0,0,0,0,2024.4699999999998,2258.6200000000003,1994.7199999999998
6a038edf540d88a0e889daef,2026-05-12T20:32:17.416Z,3,10,5.7,2026-05-12T20:32:17.416Z,-0.085511208,-0.079360008,0.11527729034423828,-0.029346943,0.002104044,0.16411972045898438,0.079114079,4.0099945068359375,4.555841445922852,0.23567381501197815,-0.11008203,2.0008535385131836,2.711212635040283,0,0,0,0,0,0,0,0.073244698,0.039292224,0,0,0,2.8945183753967285,2.5017216205596924,1.1294678449630737,0,0,0,0,2019.2900000000002,2255.1200000000003,1991.92
6a038f6d540d88a0e889db68,2026-05-12T20:34:39.218Z,3,11,5.7,2026-05-12T20:34:39.218Z,-0.085511208,-0.079360008,0.11613774299621582,-0.030210018,0.001262426,0.16411972045898438,0.079534888,3.907958984,4.5519819259643555,0.23571860790252686,-0.110609889,2.0031425952911377,2.7078051567077637,0,0,0,0,0,0,0,0.086373463,0.036210689693689346,0,0,0,8.919845581054688,2.7343437671661377,4.778940200805664,0,0,0,0,2019.2900000000002,2255.1200000000003,1991.92
6a038ffa540d88a0e889dbe1,2026-05-12T20:37:01.024Z,3,12,5.7,2026-05-12T20:37:01.024Z,-0.085511208,-0.078497171,0.11871862411499023,-0.028483629,0.001683235,0.16411972045898438,0.079534888,3.999786376953125,4.550879478,0.23570643365383148,-0.11064446,2.0049657821655273,2.7057430744171143,0,0,0,0,0,0,0,0.058592644,0.034049235,0,0,0,6.321552276611328,2.4508779048919678,3.098689556121826,0,0,0,0,2019.2900000000002,2255.1200000000003,1991.99
6a039087540d88a0e889dc5a,2026-05-12T20:39:22.506Z,3,13,5.7,2026-05-12T20:39:22.506Z,-0.083801031,-0.077634573,0.11871862411499023,-0.030210018,0.001262426,0.16411972045898438,0.079534888,3.918151855,4.553636551,0.2357749342918396,-0.110782504,2.0059943199157715,2.7027180194854736,0,0,0,0,0,0,0.091026068,0.096860804,0.034592867,0,0,0,5.609539031982422,4.121610164642334,2.6237668991088867,0,0,0,0,2019.2900000000002,2255.1200000000003,1991.92
6a039115540d88a0e889dcd3,2026-05-12T20:41:43.731Z,3,14,5.7,2026-05-12T20:41:43.731Z,-0.084656,-0.078497171,0.11699819564819336,-0.029346943,0.001683235,0.16411972045898438,0.079955697,3.989593505859375,4.557495117,0.23572497069835663,-0.110823691,2.006178617477417,2.699097156524658,0,0,0,0,0,0,0,0.082543828,0.028580106794834137,0,0,0,3.8514740467071533,2.850994348526001,6.965711594,0,0,0,0,2019.2900000000002,2255.1200000000003,1991.99
6a0391a2540d88a0e889dd4c,2026-05-12T20:44:05.340Z,3,15,5.7,2026-05-12T20:44:05.340Z,-0.084656,-0.078497171,0.11871862411499023,-0.029346943,0.002524853,0.16538214683532715,0.079534888,4.122253418,4.559700965881348,0.23566432297229767,-0.111195087,2.0054545402526855,2.6947171688079834,0,0,0,0,0,0,0.040490646,0.11596501618623734,0.022808788,0,0,0,4.512784481048584,9.559214592,8.438563346862793,0,0,0,0,2019.2900000000002,2255.1200000000003,1991.99
6a039230540d88a0e889ddc5,2026-05-12T20:46:26.478Z,3,16,5.7,2026-05-12T20:46:26.478Z,-0.084656,-0.078497171,0.11871862411499023,-0.029346943,0.002524853,0.16454052925109863,0.079534888,4.152862548828125,4.548673629760742,0.23566289246082306,-0.111483872,2.0037708282470703,2.689734935760498,0,0,0,0,0,0,0,0.010496504604816437,0.066595927,0,0,0,7.070611476898193,3.827148438,3.4849791526794434,0,0,0,0,2019.2900000000002,2255.1200000000003,1991.99
6a0392be540d88a0e889de3e,2026-05-12T20:48:48.719Z,3,17,5.7,2026-05-12T20:48:48.719Z,-0.084656,-0.078497171,0.11699819564819336,-0.028483629,0.001683235,0.16454052925109863,0.079534888,3.938568115234375,4.553084373474121,0.2357294261455536,-0.111540794,2.0019514560699463,2.6854138374328613,0,0,0,0,0,0,0,0.048400968,0.028433301,0,0,0,8.379892349243164,7.891027450561523,3.3917808532714844,0,0,0,0,2019.2900000000002,2255.1200000000003,1991.99
6a03934d540d88a0e889deb7,2026-05-12T20:51:10.789Z,3,18,5.7,2026-05-12T20:51:10.789Z,-0.084656,-0.077634573,0.11613774299621582,-0.029346943,0.001262426,0.16454052925109863,0.079955697,4.0304107666015625,4.565215110778809,0.23573251068592072,-0.111660957,2.000821352005005,2.682182550430298,0,0,0,0,0,0,0,0.050305996,0.091441453,0,0,0,4.927229881286621,8.333495140075684,5.5010600090026855,0,0,0,0,2019.2900000000002,2255.1200000000003,1991.99
6a0393da540d88a0e889df30,2026-05-12T20:53:32.949Z,3,19,5.7,2026-05-12T20:53:32.949Z,-0.084656,-0.079360008,0.11699819564819336,-0.028483629,0.002104044,0.16411972045898438,0.079955697,3.9793853759765625,4.570728302001953,0.23567341268062592,-0.112131,2.0005710124969482,2.680030584335327,0,0,0,0,0,0,0.015252456068992615,0.084756322,0.07645309,0,0,0,7.137866020202637,7.456635952,1.0926467180252075,0,0,0,0,2019.2900000000002,2255.1200000000003,1991.99
6a039468540d88a0e889dfa9,2026-05-12T20:55:54.568Z,3,20,5.7,2026-05-12T20:55:54.568Z,-0.084656,-0.077634573,0.11613774299621582,-0.029346943,0.001683235,0.16411972045898438,0.079534888,4.020202637,4.566868782043457,0.23565828800201416,-0.112210631,2.0009984970092773,2.678830385,0,0,0,0,0,0,0,0.1024571880698204,0.050711847841739655,0,0,0,7.172682285308838,1.4326977729797363,6.776312828063965,0,0,0,0,2019.2900000000002,2255.1200000000003,1991.99
6a0394f6540d88a0e889e022,2026-05-12T20:58:16.503Z,3,21,5.7,2026-05-12T20:58:16.503Z,-0.084656,-0.078497171,0.11527729034423828,-0.029346943,0.001683235,0.16411972045898438,0.079114079,3.8467254638671875,4.567971229553223,0.23571401834487915,-0.112320423,2.002190113067627,2.678588867,0,0,0,0,0,0,0.036367126,0.11253900825977325,0.014380387961864471,0,0,0,2.1303534507751465,1.1738219261169434,7.507896423339844,0,0,0,0,2019.2900000000002,2255.1200000000003,1991.99
6a039583540d88a0e889e09b,2026-05-12T21:00:38.039Z,3,22,5.7,2026-05-12T21:00:38.039Z,-0.084656,-0.078497171,0.11527729034423828,-0.029346943,0.001683235,0.16411972045898438,0.079114079,4.0304107666015625,4.578998565673828,0.23573683202266693,-0.112468481,2.003838062286377,2.679529905319214,0,0,0,0,0,0,0.01607688,0.064701863,0.075211555,0,0,0,3.3311359882354736,7.616665363311768,6.235091686248779,0,0,0,0,2019.2900000000002,2255.1200000000003,1991.99
6a039611540d88a0e889e114,2026-05-12T21:02:59.059Z,3,23,5.7,2026-05-12T21:02:59.059Z,-0.084656,-0.079360008,0.11441707611083984,-0.030210018,0.002104044,0.16411972045898438,0.079114079,3.999786376953125,4.558598518371582,0.23569336533546448,-0.112410784,2.0058536529541016,2.681347131729126,0,0,0,0,0,0,0,0.15647593140602112,0.09214133,0,0,0,2.907059669494629,1.9698972702026367,1.8399066925048828,0,0,0,0,2019.2900000000002,2255.1200000000003,1991.99
6a03969f540d88a0e889e18d,2026-05-12T21:05:20.846Z,3,24,5.7,2026-05-12T21:05:20.846Z,-0.084656,-0.077634573,0.11527729034423828,-0.029346943,0.001262426,0.16411972045898438,0.079534888,3.887542724609375,4.573485374450684,0.2356288880109787,-0.112632513,2.0078718662261963,2.6834464073181152,0,0,0,0,0,0,0,0.098240957,0.009317424,0,0,0,9.455929756,5.500927448272705,1.6760663986206055,0,0,0,0,2019.2900000000002,2255.1200000000003,1991.99
6a03972c540d88a0e889e206,2026-05-12T21:07:43.066Z,3,25,5.7,2026-05-12T21:07:43.066Z,-0.084656,-0.078497171,0.11527729034423828,-0.029346943,0.001683235,0.16411972045898438,0.079534888,3.887542724609375,4.582306861877441,0.23568150401115417,-0.112953603,2.009584426879883,2.685880422592163,0,0,0,0,0,0,0,0.096884578,0.001967581,0,0,0,1.846617579460144,8.586780548095703,4.173785209655762,0,0,0,0,2019.2900000000002,2255.1200000000003,1991.99
6a0397ba540d88a0e889e27f,2026-05-12T21:10:04.344Z,3,26,5.7,2026-05-12T21:10:04.344Z,-0.085511208,-0.079360008,0.11441707611083984,-0.029346943,0.001262426,0.16411972045898438,0.079534888,3.775299072265625,4.5861663818359375,0.2357042282819748,-0.112932861,2.0112156867980957,2.6886918544769287,0,0,0,0,0,0,0,0.031614367,0,0,0,0,9.369320869,9.640662193,6.396867752075195,0,0,0,0,2019.2900000000002,2255.1200000000003,1991.99
6a039849540d88a0e889e2f8,2026-05-12T21:12:26.482Z,3,27,5.7,2026-05-12T21:12:26.482Z,-0.084656,-0.078497171,0.11527729034423828,-0.030210018,0.000841618,0.16411972045898438,0.079534888,4.020202637,4.582306861877441,0.23559550940990448,-0.113105655,2.012742757797241,2.6914825439453125,0,0,0,0,0.085679315,0,0,0.025843058,0.044292435,0,0,0,6.637747764587402,9.825267791748047,9.773897171020508,0,0,0,0,2019.2900000000002,2255.1200000000003,1991.99
6a0398d7540d88a0e889e371,2026-05-12T21:14:49.121Z,3,28,5.7,2026-05-12T21:14:49.121Z,-0.085511208,-0.079360008,0.11527729034423828,-0.030210018,0.001683235,0.16411972045898438,0.079534888,3.9793853759765625,4.585063934326172,0.23570112884044647,-0.113032639,2.014038562774658,2.6938540935516357,0,0,0,0,0,0,0,0.007480905,0,0,0,0,7.704174518585205,9.803174018859863,7.864185810089111,0,0,0,0,2019.2900000000002,2255.1200000000003,1991.99
6a039964540d88a0e889e3ea,2026-05-12T21:17:10.855Z,3,29,5.7,2026-05-12T21:17:10.855Z,-0.084656,-0.079360008,0.11527729034423828,-0.029346943,0.001683235,0.16411972045898438,0.079534888,4.0916290283203125,4.585615158081055,0.23564690351486206,-0.11210537,2.015204429626465,2.695772409439087,0,0,0,0,0,0,0,0.044616867,0.063128486,0,0,0,3.1202094554901123,9.280196189880371,8.964114189,0,0,0,0,2019.2900000000002,2255.19,1991.99
6a0399f2540d88a0e889e463,2026-05-12T21:19:32.410Z,4,0,4.8,2026-05-12T21:19:32.410Z,-0.085511208,-0.079360008,0.11699819564819336,-0.030210018,0.002104044,0.16411972045898438,0.079534888,3.989593505859375,4.597192764282227,0.23567767441272736,-0.112680912,2.016143321990967,2.697408915,0,0,0,0,0,0,0.045714967,0.061486747,0.024936199188232422,0,0,0,9.673283576965332,1.9706493616104126,8.322223663330078,0,0,0,0,2019.2900000000002,2255.1200000000003,1991.99
6a039a80540d88a0e889e4dc,2026-05-12T21:21:54.384Z,4,1,4.8,2026-05-12T21:21:54.384Z,-0.084656,-0.079360008,0.11699819564819336,-0.031073332,0.001262426,0.16411972045898438,0.079114079,4.0304107666015625,4.581754684448242,0.23565438389778137,-0.111762404,2.0173676013946533,2.6991682052612305,0,0,0,0,0,0,0,0,0,0,0,0,2.295010805130005,4.386499404907227,5.327077388763428,0,0,0,0,2019.2900000000002,2255.1200000000003,1991.99
6a039b0d540d88a0e889e555,2026-05-12T21:24:16.073Z,4,2,4.8,2026-05-12T21:24:16.073Z,-0.085511208,-0.080222607,0.11441707611083984,-0.031073332,0.001262426,0.16327810287475586,0.079114079,4.183502197265625,4.571830749511719,0.23569327592849731,-0.111634135,2.0185461044311523,2.700666666030884,0,0,0,0,0,0,0,0.11119648814201355,0.028507099,0,0,0,2.172534704208374,4.306606769561768,8.992809295654297,0,0,0,0,2019.2900000000002,2255.1200000000003,1991.99
6a039b9b540d88a0e889e5ce,2026-05-12T21:26:37.098Z,4,3,4.8,2026-05-12T21:26:37.098Z,-0.086366177,-0.078497171,0.11527729034423828,-0.029346943,0.001262426,0.16411972045898438,0.079534888,4.0304107666015625,4.581203460693359,0.2356661558151245,-0.110881746,2.0194525718688965,2.7019495964050293,0,0,0,0,0,0,0,0.094905674,0.014452455565333366,0,0,0,9.284477233886719,6.559344291687012,2.6919069290161133,0,0,0,0,2019.2900000000002,2255.1200000000003,1991.99
6a039c29540d88a0e889e647,2026-05-12T21:28:59.397Z,4,4,4.8,2026-05-12T21:28:59.397Z,-0.084656,-0.079360008,0.11527729034423828,-0.029346943,0.001262426,0.16327810287475586,0.079534888,3.9487762451171875,4.574036598205566,0.2356547862291336,-0.109969556,2.020385265350342,2.703068256378174,0,0,0,0,0,0,0,0.030766518786549568,0.051991291,0,0,0,1.740973711013794,8.216662406921387,9.123514175415039,0,0,0,0,2019.2900000000002,2255.1200000000003,1991.99
6a039cb8540d88a0e889e6c0,2026-05-12T21:31:21.534Z,4,5,4.8,2026-05-12T21:31:21.534Z,-0.084656,-0.079360008,0.11527729034423828,-0.030210018,0.001683235,0.16454052925109863,0.079534888,4.0814361572265625,4.585063934326172,0.23568123579025269,-0.110882819,2.021210193634033,2.704313039779663,0,0,0,0,0,0,0.007716706,0.093192786,0.059533566,0,0,0,6.323366641998291,6.031274795532227,5.825654983520508,0,0,0,0,2019.2900000000002,2255.1200000000003,1991.99
6a039d46540d88a0e889e739,2026-05-12T21:33:44.159Z,4,6,4.8,2026-05-12T21:33:44.159Z,-0.084656,-0.078497171,0.11527729034423828,-0.029346943,0.001683235,0.16411972045898438,0.079534888,4.122253418,4.585063934326172,0.2356233149766922,-0.110597074,2.0222268104553223,2.705371141433716,0,0,0,0,0,0,0,0.048481222,0,0,0,0,8.093380928,5.795618534088135,3.2466487884521484,0,0,0,0,2019.2900000000002,2255.1200000000003,1991.99
6a039dd3540d88a0e889e7b2,2026-05-12T21:36:06.105Z,4,7,4.8,2026-05-12T21:36:06.105Z,-0.084656,-0.079360008,0.11527729034423828,-0.029346943,0.001262426,0.16411972045898438,0.079114079,4.183502197265625,4.578447341918945,0.23562055826187134,-0.111030877,2.023193836212158,2.7064337730407715,0,0,0,0,0,0,0,0.058355711,0,0,0,0,1.6989171504974365,6.477692127227783,6.137236118,0,0,0,0,2019.2199999999998,2255.1200000000003,1991.99
6a039e61540d88a0e889e82b,2026-05-12T21:38:27.624Z,4,8,4.8,2026-05-12T21:38:27.624Z,-0.084656,-0.078497171,0.11527729034423828,-0.031073332,0.001683235,0.16411972045898438,0.079114079,4.244720458984375,4.576241493225098,0.2356482446193695,-0.111397386,2.0239334106445312,2.707103729248047,0,0,0,0,0,0,0.022057391703128815,0.056959204375743866,0.031825878,0,0,0,7.480860233306885,5.828138351,7.148883819580078,0,0,0,0,2019.2900000000002,2255.1200000000003,1991.99
6a039ef0540d88a0e889e8a4,2026-05-12T21:40:49.758Z,4,9,4.8,2026-05-12T21:40:49.758Z,-0.084656,-0.078497171,0.1135568618774414,-0.029346943,0.001262426,0.16454052925109863,0.079534888,4.0304107666015625,4.590025901794434,0.23558557033538818,-0.111536562,2.024616241455078,2.7080299854278564,0,0,0,0,0,0,0,0.076574199,0.050127935,0,0,0,1.8320579528808594,1.8685290813446045,7.313234806060791,0,0,0,0,2019.2199999999998,2255.1200000000003,1991.99
6a039f7d540d88a0e889e91d,2026-05-12T21:43:12.005Z,4,10,4.8,2026-05-12T21:43:12.005Z,-0.085511208,-0.080222607,0.1135568618774414,-0.030210018,0.001262426,0.16327810287475586,0.079534888,3.989593505859375,4.590577125549316,0.2356598675251007,-0.111663103,2.0254054069519043,2.7089321613311768,0,0,0,0,0,0,0,0.077992335,0.018508605659008026,0,0,0,1.8762457370758057,8.476800918579102,1.3862676620483398,0,0,0,0,2019.2199999999998,2255.1200000000003,1991.99
6a03a00b540d88a0e889e996,2026-05-12T21:45:33.393Z,4,11,4.8,2026-05-12T21:45:33.393Z,-0.085511208,-0.079360008,0.11441707611083984,-0.030210018,0.000841618,0.16411972045898438,0.079534888,4.0099945068359375,4.590577125549316,0.2355949878692627,-0.111638784,2.026123047,2.7096827030181885,0,0,0,0,0,0,0,0.10493876785039902,0.075362608,0,0,0,1.0048768520355225,6.323449135,4.086383819580078,0,0,0,0,2019.2199999999998,2255.1200000000003,1991.99
6a03a099540d88a0e889ea0f,2026-05-12T21:47:55.343Z,4,12,4.8,2026-05-12T21:47:55.343Z,-0.086366177,-0.080222607,0.11441707611083984,-0.031936407,0.001262426,0.16411972045898438,0.079114079,4.0814361572265625,4.587268829345703,0.2355974167585373,-0.111843884,2.0267696380615234,2.710308790206909,0,0,0,0,0,0,0,0,0.026199843734502792,0,0,0,8.275108337402344,7.275407314300537,2.365873098373413,0,0,0,0,2019.2199999999998,2255.1200000000003,1991.99
6a03a127540d88a0e889ea88,2026-05-12T21:50:17.410Z,4,13,4.8,2026-05-12T21:50:17.410Z,-0.085511208,-0.079360008,0.1135568618774414,-0.030210018,0.000841618,0.1628572940826416,0.079114079,4.020202637,4.587268829345703,0.23563946783542633,-0.111955881,2.0272390842437744,2.7109367847442627,0,0,0,0,0,0,0,0.020736606791615486,0.058567625,0,0,0,9.913923263549805,3.864881992340088,5.737701416015625,0,0,0,0,2019.2199999999998,2255.1200000000003,1991.99
6a03a1b5540d88a0e889eb01,2026-05-12T21:52:39.223Z,4,14,4.8,2026-05-12T21:52:39.223Z,-0.084656,-0.079360008,0.11441707611083984,-0.034525871,0.000841618,0.16411972045898438,0.079114079,4.020202637,4.596090316772461,0.23561780154705048,-0.112134218,2.027874708175659,2.7117724418640137,0,0,0,0,0,0,0,0.040774804,0.063259497,0,0,0,8.838511467,8.579621315002441,1.7130650281906128,0,0,0,0,2019.2199999999998,2255.1200000000003,1991.99
6a03a242540d88a0e889eb7a,2026-05-12T21:55:01.046Z,4,15,4.8,2026-05-12T21:55:01.046Z,-0.085511208,-0.079360008,0.1135568618774414,-0.031073332,0.000841618,0.16411972045898438,0.079114079,4.071228027,4.585063934326172,0.235635906,-0.112412691,2.028632640838623,2.7123873233795166,0,0,0,0,0,0,0,0.099927664,0.067910746,0,0,0,2.966193914413452,3.66498065,2.9323601722717285,0,0,0,0,2019.2199999999998,2255.1200000000003,1991.99
6a03a2d0540d88a0e889ebf3,2026-05-12T21:57:22.758Z,4,16,4.8,2026-05-12T21:57:22.758Z,-0.085511208,-0.080222607,0.1135568618774414,-0.031073332,0.000841618,0.16327810287475586,0.079114079,3.999786376953125,4.588372230529785,0.23564530909061432,-0.112633526,2.029150963,2.712810516357422,0,0,0,0,0,0,0.055593356,0.07212244,0.006486132,0,0,0,9.496008873,3.157712936401367,1.1277177333831787,0,0,0,0,2019.2199999999998,2255.1200000000003,1991.99
6a03a35d540d88a0e889ec6c,2026-05-12T21:59:44.397Z,4,17,4.8,2026-05-12T21:59:44.397Z,-0.086366177,-0.080222607,0.1135568618774414,-0.033662796,0.000841618,0.16327810287475586,0.078272343,4.020202637,4.596090316772461,0.23563489317893982,-0.112478673,2.029486656188965,2.713186264038086,0,0,0,0,0,0,0.001656593,0.091645919,0.043639656,0,0,0,8.959188461303711,3.319704532623291,3.8093042373657227,0,0,0,0,2019.2199999999998,2255.1200000000003,1991.99
6a03a3eb540d88a0e889ece5,2026-05-12T22:02:05.838Z,4,18,4.8,2026-05-12T22:02:05.838Z,-0.087221384,-0.079360008,0.11441707611083984,-0.031073332,0.000841618,0.16327810287475586,0.079114079,3.8977508544921875,4.598296165466309,0.2356737107038498,-0.109262943,2.0300984382629395,2.714054822921753,0,0,0,0,0,0,0.045218076556921005,0.11771344393491745,0,0,0,0,6.374973297119141,1.4010696411132812,5.901155471801758,0,0,0,0,2019.2199999999998,2255.1200000000003,1991.99
6a03a479540d88a0e889ed5e,2026-05-12T22:04:27.366Z,4,19,4.8,2026-05-12T22:04:27.366Z,-0.086366177,-0.080222607,0.1135568618774414,-0.031936407,0.001262426,0.16411972045898438,0.079114079,4.071228027,4.602155685424805,0.23561914265155792,-0.111188173,2.0307774543762207,2.7147140502929688,0,0,0,0,0,0,0.013115033507347107,0.12626250088214874,0.073615782,0,0,0,8.256122589111328,1.456078290939331,5.405181884765625,0,0,0,0,2019.2900000000002,2255.1200000000003,1991.99
6a03a507540d88a0e889edd7,2026-05-12T22:06:48.973Z,4,20,4.8,2026-05-12T22:06:48.973Z,-0.086366177,-0.079360008,0.11441707611083984,-0.031936407,0.000841618,0.16411972045898438,0.079534888,4.0814361572265625,4.592782020568848,0.23565734922885895,-0.111794174,2.031251907348633,2.7152392864227295,0,0,0,0,0,0,0,0.10721198469400406,0,0,0,0,9.58723259,2.8734359741210938,5.014285564422607,0,0,0,0,2019.2199999999998,2255.1200000000003,1991.99
6a03a594540d88a0e889ee50,2026-05-12T22:09:11.284Z,4,21,4.8,2026-05-12T22:09:11.284Z,-0.084656,-0.080222607,0.11441707611083984,-0.034525871,0.000841618,0.16327810287475586,0.079534888,4.020202637,4.592782020568848,0.23566623032093048,-0.111910641,2.0315401554107666,2.7154664993286133,0,0,0,0,0,0,0,0.14855389297008514,0.069845036,0,0,0,9.813723564,6.222843647003174,7.816064834594727,0,0,0,0,2019.2199999999998,2255.1200000000003,1991.99
6a03a621540d88a0e889eec9,2026-05-12T22:11:32.197Z,4,22,4.8,2026-05-12T22:11:32.197Z,-0.086366177,-0.080222607,0.1135568618774414,-0.031936407,0.000841618,0.16411972045898438,0.078272343,3.907958984,4.6038103103637695,0.23564442992210388,-0.111936986,2.0321192741394043,2.7161691188812256,0,0,0,0,0,0,0,0.055175584,0.019888252019882202,0,0,0,8.795659065246582,5.8894243240356445,2.6443545818328857,0,0,0,0,2019.2900000000002,2255.1200000000003,1992.1299999999999
6a03a6af540d88a0e889ef42,2026-05-12T22:13:53.468Z,4,23,4.8,2026-05-12T22:13:53.468Z,-0.086366177,-0.080222607,0.11441707611083984,-0.034525871,0.000841618,0.16411972045898438,0.079114079,4.0099945068359375,4.594987869262695,0.2356947511434555,-0.112422526,2.0327069759368896,2.7167246341705322,0,0,0,0,0,0,0,0.065742783,0,0,0,0,7.970355033874512,6.6062235832214355,3.653001070022583,0,0,0,0,2019.2199999999998,2255.1200000000003,1991.99
6a03a73d540d88a0e889efbb,2026-05-12T22:16:15.287Z,4,24,4.8,2026-05-12T22:16:15.287Z,-0.087221384,-0.080222607,0.1135568618774414,-0.031073332,0.000841618,0.16327810287475586,0.078272343,4.071228027,4.593334197998047,0.2356267124414444,-0.112757385,2.0331411361694336,2.7170727252960205,0,0,0,0,0,0,0,0.1215132623910904,0.025464401,0,0,0,3.8334975242614746,8.577958106994629,1.9208967685699463,0,0,0,0,2019.2199999999998,2255.1200000000003,1992.1299999999999
6a03a7cb540d88a0e889f034,2026-05-12T22:18:36.977Z,4,25,4.8,2026-05-12T22:18:36.977Z,-0.085511208,-0.080222607,0.1135568618774414,-0.034525871,0.001262426,0.16411972045898438,0.079534888,4.0406036376953125,4.592782020568848,0.235686794,-0.108096004,2.033500909805298,2.7172789573669434,0,0,0,0,0,0,0,0,0,0,0,0,6.1235527992248535,9.419863701,1.3190112113952637,0,0,0,0,2019.2199999999998,2255.1200000000003,1991.99
6a03a859540d88a0e889f0ad,2026-05-12T22:20:58.914Z,4,26,4.8,2026-05-12T22:20:58.914Z,-0.086366177,-0.080222607,0.1135568618774414,-0.033662796,0.000841618,0.16411972045898438,0.077851534,4.234527587890625,4.595539093017578,0.23564229905605316,-0.109572947,2.034052848815918,2.7178101539611816,0,0,0,0,0,0,0,0.050108142,0.037787389010190964,0,0,0,3.0525002479553223,5.901025295257568,2.8663370609283447,0,0,0,0,2019.2199999999998,2255.1200000000003,1991.99
6a03a8e7540d88a0e889f126,2026-05-12T22:23:21.352Z,4,27,4.8,2026-05-12T22:23:21.352Z,-0.086366177,-0.080222607,0.1135568618774414,-0.034525871,0.000841618,0.16327810287475586,0.079114079,4.1120452880859375,4.592782020568848,0.23570823669433594,-0.110045195,2.0344364643096924,2.718174457550049,0,0,0,0,0,0,0.015219514,0.065477356,0.036366600543260574,0,0,0,9.476270676,8.726006507873535,3.7495408058166504,0,0,0,0,2019.2199999999998,2255.1200000000003,1992.1299999999999
6a03a974540d88a0e889f19f,2026-05-12T22:25:42.908Z,4,28,4.8,2026-05-12T22:25:42.908Z,-0.086366177,-0.080222607,0.1135568618774414,-0.033662796,0.000841618,0.1628572940826416,0.079114079,3.969177246,4.601053237915039,0.23563028872013092,-0.110377371,2.034747601,2.718604088,0,0,0,0,0,0,0.031138029,0.12383853644132614,0.014471284113824368,0,0,0,9.895938873291016,7.390047073364258,4.266472816467285,0,0,0,0,2019.2199999999998,2255.1200000000003,1991.99
6a03aa02540d88a0e889f218,2026-05-12T22:28:04.624Z,4,29,4.8,2026-05-12T22:28:04.624Z,-0.086366177,-0.080222607,0.1135568618774414,-0.033662796,0.000420809,0.16327810287475586,0.079114079,4.1120452880859375,4.599950790405273,0.23565874993801117,-0.110567212,2.0351054668426514,2.7188611030578613,0,0,0,0,0,0,0.060797539,0.099766776,0.040475409,0,0,0,1.4398677349090576,3.707204580307007,2.7950196266174316,0,0,0,0,2019.2199999999998,2255.1200000000003,1992.1299999999999
6a03aa8f540d88a0e889f291,2026-05-12T22:30:26.019Z,5,0,4.6,2026-05-12T22:30:26.019Z,-0.086366177,-0.079360008,0.11441707611083984,-0.033662796,0.000841618,0.16327810287475586,0.078272343,3.918151855,4.604912757873535,0.23572570085525513,-0.110432923,2.0353965759277344,2.7191150188446045,0,0,0,0,0,0,0.004417368,0.080446795,0,0,0,0,1.7228540182113647,8.488994598388672,5.0135698318481445,0,0,0,0,2019.2199999999998,2255.1200000000003,1991.99
6a03ab1d540d88a0e889f30a,2026-05-12T22:32:47.638Z,5,1,4.6,2026-05-12T22:32:47.638Z,-0.087221384,-0.080222607,0.1135568618774414,-0.034525871,0.000420809,0.16411972045898438,0.077851534,4.234527587890625,4.590577125549316,0.23563070595264435,-0.110426188,2.035825014,2.719693660736084,0,0,0,0,0,0,0,0.088753074,0.069592871,0,0,0,3.5153777599334717,1.6301560401916504,1.575680136680603,0,0,0,0,2019.2199999999998,2255.1200000000003,1991.99
6a03abaa540d88a0e889f383,2026-05-12T22:35:09.056Z,5,2,4.6,2026-05-12T22:35:09.056Z,-0.086366177,-0.080222607,0.1135568618774414,-0.036252022,0.000841618,0.16327810287475586,0.079114079,3.887542724609375,4.609323501586914,0.23571830987930298,-0.111552119,2.036245822906494,2.720029592514038,0,0,0,0,0,0,0,0.1483982354402542,0.073413402,0,0,0,5.818350315093994,5.144968032836914,7.941873550415039,0,0,0,0,2019.2199999999998,2255.1200000000003,1991.99
6a03ac38540d88a0e889f3fc,2026-05-12T22:37:30.413Z,5,3,4.6,2026-05-12T22:37:30.413Z,-0.086366177,-0.080222607,0.1135568618774414,-0.034525871,0.000841618,0.16327810287475586,0.078272343,4.193695068359375,4.602155685424805,0.23560813069343567,-0.111430109,2.0367355346679688,2.720339775085449,0,0,0,0,0,0,0,0.11251582950353622,0.046425398,0,0,0,4.173156261444092,5.681988716125488,7.495442867279053,0,0,0,0,2019.2199999999998,2255.1200000000003,1991.99
6a03acc6540d88a0e889f475,2026-05-12T22:39:52.392Z,5,4,4.6,2026-05-12T22:39:52.392Z,-0.087221384,-0.080222607,0.11441707611083984,-0.034525871,0.000841618,0.16327810287475586,0.079114079,4.0099945068359375,4.6038103103637695,0.23571553826332092,-0.111166656,2.0368762016296387,2.7204630374908447,0,0,0,0,0,0,0,0.16671785712242126,0.02570118,0,0,0,7.801742076873779,7.459996700286865,3.510404348373413,0,0,0,0,2019.2199999999998,2255.1200000000003,1991.99
6a03ad54540d88a0e889f4ee,2026-05-12T22:42:14.076Z,5,5,4.6,2026-05-12T22:42:14.076Z,-0.086366177,-0.080222607,0.1135568618774414,-0.033662796,0.000841618,0.16411972045898438,0.079114079,4.2039031982421875,4.596641540527344,0.23560692369937897,-0.111631155,2.037240505218506,2.720963478088379,0,0,0,0,0,0,0,0.051644422113895416,0.003919054,0,0,0,6.238706588745117,4.696681022644043,5.638033390045166,0,0,0,0,2019.2199999999998,2255.1200000000003,1991.99
6a03ade2540d88a0e889f567,2026-05-12T22:44:36.576Z,5,6,4.6,2026-05-12T22:44:36.576Z,-0.085511208,-0.080222607,0.1135568618774414,-0.034525871,0.000841618,0.16327810287475586,0.078272343,4.071228027,4.6038103103637695,0.23567569255828857,-0.111624181,2.0375308990478516,2.7212672233581543,0,0,0,0,0,0,0.021139329,0.033046007,0.039189066737890244,0,0,0,1.3071341514587402,3.0424060821533203,1.2309598922729492,0,0,0,0,2019.2199999999998,2255.1200000000003,1991.99
6a03ae71540d88a0e889f5e0,2026-05-12T22:46:58.299Z,5,7,4.6,2026-05-12T22:46:58.299Z,-0.086366177,-0.080222607,0.1135568618774414,-0.035388947,0.000420809,0.16327810287475586,0.077851534,4.101837158203125,4.596090316772461,0.23559801280498505,-0.111492574,2.037881374359131,2.7215170860290527,0,0,0,0,0,0,0.066449083,0.23795001208782196,0.081792712,0,0,0,4.200015068054199,7.532260417938232,5.874582290649414,0,0,0,0,2019.2199999999998,2255.1200000000003,1991.99
6a03af00540d88a0e889f659,2026-05-12T22:49:21.053Z,5,8,4.6,2026-05-12T22:49:21.053Z,-0.088931561,-0.081085205,0.1135568618774414,-0.035388947,0.000841618,0.16327810287475586,0.078272343,4.020202637,4.6027069091796875,0.23568987846374512,-0.111443698,2.0380921363830566,2.721628427505493,0,0,0,0,0,0,0,0.06350974,0.040309075,0,0,0,7.410916328430176,2.7594308853149414,3.1268696784973145,0,0,0,0,2019.2199999999998,2255.1200000000003,1991.99
6a03af8e540d88a0e889f6d2,2026-05-12T22:51:44.195Z,5,9,4.6,2026-05-12T22:51:44.195Z,-0.085511208,-0.080222607,0.1135568618774414,-0.035388947,0.000841618,0.16411972045898438,0.079114079,3.969177246,4.600502014160156,0.23567497730255127,-0.111869156,2.038400650024414,2.7222342491149902,0,0,0,0,0,0,0,0.080734871,0.11066626757383347,0,0,0,1.2029705047607422,5.575952529907227,6.519660949707031,0,0,0,0,2019.2199999999998,2255.1200000000003,1991.99
6a03b01b540d88a0e889f74b,2026-05-12T22:54:06.071Z,5,10,4.6,2026-05-12T22:54:06.071Z,-0.087221384,-0.080222607,0.1135568618774414,-0.033662796,0.000420809,0.16411972045898438,0.077851534,4.071228027,4.601604461669922,0.2356194406747818,-0.111805022,2.0387439727783203,2.722567319869995,0,0,0,0,0,0,0,0.028206449,0.000614099,0,0,0,5.820002555847168,7.052996635437012,8.386407852172852,0,0,0,0,2019.2199999999998,2255.1200000000003,1991.99
6a03b0a9540d88a0e889f7c4,2026-05-12T22:56:27.623Z,5,11,4.6,2026-05-12T22:56:27.623Z,-0.086366177,-0.080222607,0.1135568618774414,-0.034525871,0.000420809,0.16327810287475586,0.077430725,3.938568115234375,4.607668876647949,0.23566673696041107,-0.111890495,2.0389795303344727,2.722773551940918,0,0,0,0,0,0,0,0.12554804980754852,0.066818155,0,0,0,9.726446151733398,1.8947441577911377,3.8994126319885254,0,0,0,0,2019.2199999999998,2255.1200000000003,1992.1299999999999
6a03b137540d88a0e889f83d,2026-05-12T22:58:49.659Z,5,12,4.6,2026-05-12T22:58:49.659Z,-0.086366177,-0.079360008,0.1135568618774414,-0.034525871,0.000841618,0.16327810287475586,0.078272343,4.0099945068359375,4.602155685424805,0.2356114536523819,-0.11182338,2.039257049560547,2.722837209701538,0,0,0,0,0,0,0.000789839,0.022646848112344742,0.070513844,0,0,0,3.651416778564453,4.073415756225586,7.582317352294922,0,0,0,0,2019.2199999999998,2255.1200000000003,1992.1299999999999
6a03b1c5540d88a0e889f8b6,2026-05-12T23:01:11.492Z,5,13,4.6,2026-05-12T23:01:11.492Z,-0.088931561,-0.080222607,0.1135568618774414,-0.033662796,0.000841618,0.1628572940826416,0.077851534,3.999786376953125,4.6038103103637695,0.23564083874225616,-0.112128496,2.039539098739624,2.7232072353363037,0,0,0,0,0,0,0,0.13668213784694672,0.014581886120140553,0,0,0,5.594438552856445,7.493293285369873,5.222875118255615,0,0,0,0,2019.2199999999998,2255.19,1991.99
6a03b254540d88a0e889f92f,2026-05-12T23:03:33.612Z,5,14,4.6,2026-05-12T23:03:33.612Z,-0.087221384,-0.080222607,0.1135568618774414,-0.035388947,0.000420809,0.16327810287475586,0.079114079,3.989593505859375,4.606015205383301,0.23566637933254242,-0.112220645,2.039884090423584,2.723572254180908,0,0,0,0,0,0,0.015608254820108414,0.076323994,0.023415574803948402,0,0,0,6.841993808746338,8.264070510864258,2.219604969024658,0,0,0,0,2019.2199999999998,2255.19,1992.1299999999999
6a03b2e2540d88a0e889f9a8,2026-05-12T23:05:56.088Z,5,15,4.6,2026-05-12T23:05:56.088Z,-0.088931561,-0.080222607,0.1135568618774414,-0.034525871,0.000841618,0.16327810287475586,0.079114079,3.8467254638671875,4.611528396606445,0.23563551902770996,-0.112743974,2.0400967597961426,2.7237648963928223,0,0,0,0,0,0,0,0.10305241495370865,0.029610423371195793,0,0,0,2.878544330596924,9.103222846984863,1.5741525888442993,0,0,0,0,2019.2199999999998,2255.1200000000003,1992.1299999999999
6a03b370540d88a0e889fa21,2026-05-12T23:08:18.272Z,5,16,4.6,2026-05-12T23:08:18.272Z,-0.087221384,-0.081085205,0.1135568618774414,-0.035388947,0.000841618,0.16327810287475586,0.079114079,4.122253418,4.6027069091796875,0.23568493127822876,-0.113336623,2.0402557849884033,2.723890542984009,0,0,0,0,0,0,0.031488709,0.065577708,0.032557264,0,0,0,2.555204391479492,5.955127716064453,5.529056549072266,0,0,0,0,2019.2199999999998,2255.1200000000003,1992.1299999999999
6a03b3fd540d88a0e889fa9a,2026-05-12T23:10:40.220Z,5,17,4.6,2026-05-12T23:10:40.220Z,-0.088931561,-0.080222607,0.1135568618774414,-0.034525871,0.000841618,0.16411972045898438,0.077851534,4.1732940673828125,4.601604461669922,0.23561429977416992,-0.113434553,2.0405032634735107,2.7240512371063232,0,0,0,0,0,0,0,0.062056314,0.032132495,0,0,0,8.315498352050781,2.356717348098755,4.011821746826172,0,0,0,0,2019.2199999999998,2255.1200000000003,1991.99
6a03b48a540d88a0e889fb13,2026-05-12T23:13:00.777Z,5,18,4.6,2026-05-12T23:13:00.777Z,-0.088931561,-0.080222607,0.11441707611083984,-0.034525871,0.000841618,0.16243648529052734,0.079534888,4.152862548828125,4.594987869262695,0.2356443703174591,-0.114083946,2.040773391723633,2.7243409156799316,0,0,0,0,0,0,0,0,0.004100745,0,0,0,3.917249917984009,1.349490761756897,5.828430176,0,0,0,0,2019.2199999999998,2255.1200000000003,1991.99
6a03b516540d88a0e889fb8c,2026-05-12T23:15:22.111Z,5,19,4.6,2026-05-12T23:15:22.111Z,-0.091496944,-0.080222607,0.11269664764404297,-0.033662796,0.000420809,0.16327810287475586,0.079114079,4.193695068359375,4.6027069091796875,0.23571498692035675,-0.112762868,2.0411295890808105,2.724597454071045,0,0,0,0,0,0,0,0.097930953,0.019418772,0,0,0,9.278496742248535,8.703334808,7.292832374572754,0,0,0,0,2019.2199999999998,2255.1200000000003,1991.99
6a03b5a3540d88a0e889fc05,2026-05-12T23:17:42.795Z,5,20,4.6,2026-05-12T23:17:42.795Z,-0.088931561,-0.080222607,0.1135568618774414,-0.035388947,0.000841618,0.16327810287475586,0.078272343,4.0304107666015625,4.614836692810059,0.23560871183872223,-0.109592199,2.0412585735321045,2.724639654159546,0,0,0,0,0,0,0.000427426,0.085631579,0,0,0,0,2.236849308013916,9.139513016,1.1216877698898315,0,0,0,0,2019.2199999999998,2255.1200000000003,1991.99
6a03b62f540d88a0e889fc7e,2026-05-12T23:20:02.918Z,5,21,4.6,2026-05-12T23:20:02.918Z,-0.089786768,-0.080222607,0.1135568618774414,-0.034525871,0.001262426,0.1628572940826416,0.079534888,4.0406036376953125,4.606015205383301,0.23568253219127655,-0.110717058,2.0415594577789307,2.7246973514556885,0,0,0,0,0,0,0,0.060994048,0.084700271,0,0,0,8.640480041503906,9.591248512268066,9.203690528869629,0,0,0,0,2019.2199999999998,2255.1200000000003,1991.99
6a03b6bc540d88a0e889fcf7,2026-05-12T23:22:23.580Z,5,22,4.6,2026-05-12T23:22:23.580Z,-0.087221384,-0.080222607,0.1135568618774414,-0.034525871,0.000841618,0.16327810287475586,0.078272343,3.9487762451171875,4.604912757873535,0.23571249842643738,-0.111016572,2.041707754135132,2.7251834869384766,0,0,0,0,0,0,0.016550680622458458,0.079768911,0.080511361,0,0,0,5.822964191436768,8.930428504943848,2.3932037353515625,0,0,0,0,2019.2199999999998,2255.1200000000003,1991.99
6a03b748540d88a0e889fd70,2026-05-12T23:24:44.154Z,5,23,4.6,2026-05-12T23:24:44.154Z,-0.087221384,-0.080222607,0.1135568618774414,-0.031936407,0.000841618,0.16201555728912354,0.078272343,4.0304107666015625,4.604361534118652,0.2356451153755188,-0.111427188,2.0418848991394043,2.7253425121307373,0,0,0,0,0,0,0.00174323,0.10976264625787735,0.028580155223608017,0,0,0,9.336367607,4.843417644500732,3.7927069664001465,0,0,0,0,2019.2199999999998,2255.1200000000003,1991.99
6a03b7d5540d88a0e889fde9,2026-05-12T23:27:04.854Z,5,24,4.6,2026-05-12T23:27:04.854Z,-0.088931561,-0.080222607,0.1135568618774414,-0.034525871,0.000841618,0.1628572940826416,0.079114079,4.1426544189453125,4.604912757873535,0.23571695387363434,-0.111731112,2.0419840812683105,2.7255046367645264,0,0,0,0,0,0,0,0.047132626,0.013564476743340492,0,0,0,8.748619079589844,9.419809341430664,7.6280694007873535,0,0,0,0,2019.2199999999998,2255.1200000000003,1991.99
6a03b861540d88a0e889fe62,2026-05-12T23:29:25.571Z,5,25,4.6,2026-05-12T23:29:25.571Z,-0.089786768,-0.079360008,0.1135568618774414,-0.034525871,0.000841618,0.16243648529052734,0.079114079,3.989593505859375,4.601053237915039,0.23569054901599884,-0.111603141,2.0421037673950195,2.7253568172454834,0,0,0,0,0,0,0,0.049797438,0.039678063,0,0,0,3.835585117340088,4.897727966308594,6.061033248901367,0,0,0,0,2019.2199999999998,2255.1200000000003,1991.99
6a03b8ee540d88a0e889fedb,2026-05-12T23:31:45.810Z,5,26,4.6,2026-05-12T23:31:45.810Z,-0.087221384,-0.080222607,0.1135568618774414,-0.035388947,0.000841618,0.16327810287475586,0.078272343,3.999786376953125,4.604912757873535,0.23569338023662567,-0.111892104,2.0424976348876953,2.725860357284546,0,0,0,0,0,0,0,0.056170925,0.073405705,0,0,0,3.201841354370117,4.140279293060303,1.5786179304122925,0,0,0,0,2019.2900000000002,2255.19,1991.99
6a03b97a540d88a0e889ff54,2026-05-12T23:34:06.084Z,5,27,4.6,2026-05-12T23:34:06.084Z,-0.089786768,-0.080222607,0.1135568618774414,-0.035388947,0.000841618,0.16327810287475586,0.078272343,4.32635498,4.601604461669922,0.23570051789283752,-0.111900091,2.042902708053589,2.7260849475860596,0,0,0,0,0,0,0,0.098357379,0.064073175,0,0,0,4.049111366271973,6.523565292358398,1.9995683431625366,0,0,0,0,2019.2900000000002,2255.1200000000003,1991.99
6a03ba06540d88a0e889ffcd,2026-05-12T23:36:26.211Z,5,28,4.6,2026-05-12T23:36:26.211Z,-0.087221384,-0.081085205,0.1135568618774414,-0.035388947,0.000841618,0.1628572940826416,0.078272343,4.2855377197265625,4.596090316772461,0.23570877313613892,-0.112419546,2.0431482791900635,2.726260185241699,0,0,0,0,0,0,0.005991924,0.11686541140079498,0,0,0,0,8.351072311401367,2.4245340824127197,9.145073890686035,0,0,0,0,2019.2199999999998,2255.1200000000003,1991.99
6a03ba93540d88a0e88a0046,2026-05-12T23:38:46.676Z,5,29,4.6,2026-05-12T23:38:46.676Z,-0.087221384,-0.080222607,0.1135568618774414,-0.035388947,0.000841618,0.16411972045898438,0.077851534,4.0814361572265625,4.609874725341797,0.23567084968090057,-0.112103701,2.043316364,2.7262582778930664,0,0,0,0,0,0,0.008041225,0.021298134699463844,0.010042710229754448,0,0,0,6.457474708557129,7.070789337158203,1.207836627960205,0,0,0,0,2019.2199999999998,2255.19,1991.99
6a03bb1f540d88a0e88a00bf,2026-05-12T23:41:07.484Z,6,0,4.5,2026-05-12T23:41:07.484Z,-0.089786768,-0.080222607,0.1135568618774414,-0.033662796,0.000420809,0.16411972045898438,0.078272343,4.2753448486328125,4.601053237915039,0.23570570349693298,-0.112342119,2.0435776710510254,2.7266478538513184,0,0,0,0,0,0,0,0.11809789389371872,0.046670366,0,0,0,6.9601263999938965,9.867917061,8.528712272644043,0,0,0,0,2019.2199999999998,2255.1200000000003,1991.99
6a03bbac540d88a0e88a0138,2026-05-12T23:43:27.810Z,6,1,4.5,2026-05-12T23:43:27.810Z,-0.086366177,-0.080222607,0.1135568618774414,-0.033662796,0.000841618,0.1628572940826416,0.078272343,4.020202637,4.615939140319824,0.23567433655261993,-0.112044215,2.0438482761383057,2.7268667221069336,0,0,0,0,0,0,0.013994656503200531,0.043988391757011414,0.10705307871103287,0,0,0,3.5786707401275635,2.794595241546631,3.957703113555908,0,0,0,0,2019.2900000000002,2255.1200000000003,1991.99
6a03bc38540d88a0e88a01b1,2026-05-12T23:45:48.022Z,6,2,4.5,2026-05-12T23:45:48.022Z,-0.088931561,-0.080222607,0.1135568618774414,-0.033662796,0.000841618,0.1628572940826416,0.078272343,3.9487762451171875,4.608772277832031,0.2356458604335785,-0.112523854,2.044107437133789,2.727048873901367,0,0,0,0,0,0,0.021633747965097427,0.070571765,0.038001463,0,0,0,5.733865737915039,6.970927715301514,1.164964199066162,0,0,0,0,2019.2900000000002,2255.19,1991.99
6a03bcc4540d88a0e88a022a,2026-05-12T23:48:08.398Z,6,3,4.5,2026-05-12T23:48:08.398Z,-0.088931561,-0.080222607,0.1135568618774414,-0.035388947,0.000841618,0.16243648529052734,0.077851534,4.1426544189453125,4.6038103103637695,0.2357204556465149,-0.112714887,2.0443320274353027,2.7271175384521484,0,0,0,0,0,0,0.051802933,0.028198249638080597,0,0,0,0,2.9151618480682373,8.78195858,6.083753586,0,0,0,0,2019.2900000000002,2255.19,1991.99
6a03bd51540d88a0e88a02a3,2026-05-12T23:50:28.494Z,6,4,4.5,2026-05-12T23:50:28.494Z,-0.088931561,-0.080222607,0.1135568618774414,-0.033662796,0.001262426,0.16327810287475586,0.077851534,4.101837158203125,4.609323501586914,0.2357194572687149,-0.113032699,2.044541835784912,2.727360486984253,0,0,0,0,0,0,0.003389963,0.12722602486610413,0,0,0,0,7.623536109924316,2.051023483276367,2.8643264770507812,0,0,0,0,2019.2199999999998,2255.19,1991.99
6a03bddd540d88a0e88a031c,2026-05-12T23:52:48.978Z,6,5,4.5,2026-05-12T23:52:48.978Z,-0.086366177,-0.080222607,0.1135568618774414,-0.034525871,0.000841618,0.16327810287475586,0.077851534,4.234527587890625,4.601604461669922,0.2356346696615219,-0.113429368,2.0447943210601807,2.7276039123535156,0,0,0,0,0,0,0,0.038566135,0.033695824444293976,0,0,0,5.470940589904785,6.338641644,9.759559631347656,0,0,0,0,2019.2199999999998,2255.19,1991.99
6a03be69540d88a0e88a0395,2026-05-12T23:55:09.164Z,6,6,4.5,2026-05-12T23:55:09.164Z,-0.085511208,-0.080222607,0.1135568618774414,-0.036252022,0.000841618,0.1628572940826416,0.078272343,4.377380371,4.604361534118652,0.2356700897216797,-0.113737941,2.044977903366089,2.7276949882507324,0,0,0,0,0,0,0,0.089601241,0.006273392,0,0,0,1.0965633392333984,2.934919595718384,5.277831077575684,0,0,0,0,2019.2900000000002,2255.19,1991.99
6a03bef5540d88a0e88a040e,2026-05-12T23:57:29.224Z,6,7,4.5,2026-05-12T23:57:29.224Z,-0.088931561,-0.080222607,0.1135568618774414,-0.035388947,0.000841618,0.1628572940826416,0.077851534,4.0610198974609375,4.613734245300293,0.23566552996635437,-0.114193738,2.0452675819396973,2.727774143218994,0,0,0,0,0,0,0,0.10231444984674454,0.049044832587242126,0,0,0,5.123155117034912,6.431890011,7.070981979370117,0,0,0,0,2019.2900000000002,2255.19,1992.1299999999999
6a03bf82540d88a0e88a0487,2026-05-12T23:59:49.727Z,6,8,4.5,2026-05-12T23:59:49.727Z,-0.087221384,-0.080222607,0.1135568618774414,-0.035388947,0.000420809,0.16327810287475586,0.078272343,4.0916290283203125,4.619799613952637,0.23573088645935059,-0.11413449,2.045243740081787,2.727889299,0,0,0,0,0,0,0,0,0.040597409,0,0,0,8.438204765319824,7.929050445556641,1.6938496828079224,0,0,0,0,2019.2900000000002,2255.19,1991.99
6a03c00f540d88a0e88a0500,2026-05-13T00:02:10.508Z,6,9,4.5,2026-05-13T00:02:10.508Z,-0.090641975,-0.080222607,0.11269664764404297,-0.035388947,0.000841618,0.1628572940826416,0.078272343,4.1732940673828125,4.606015205383301,0.2356988787651062,-0.114011288,2.0455665588378906,2.728205442428589,0,0,0,0,0,0,0.011705402284860611,0.074728169,0.074518286,0,0,0,8.817798614501953,1.2012004852294922,1.7742775678634644,0,0,0,0,2019.2900000000002,2255.19,1991.92
6a03c09b540d88a0e88a0579,2026-05-13T00:04:31.101Z,6,10,4.5,2026-05-13T00:04:31.101Z,-0.090641975,-0.081085205,0.1135568618774414,-0.033662796,0.000841618,0.1628572940826416,0.078272343,4.020202637,4.6203508377075195,0.2357112169265747,-0.112368166,2.046952486038208,2.7283427715301514,0,0,0,0,0,0,0,0.054833486676216125,0.018431403,0,0,0,2.5716183185577393,2.101430654525757,1.4994916915893555,0,0,0,0,2019.2900000000002,2255.19,1991.99
6a03c128540d88a0e88a05f2,2026-05-13T00:06:51.536Z,6,11,4.5,2026-05-13T00:06:51.536Z,-0.091496944,-0.080222607,0.11441707611083984,-0.035388947,0.000841618,0.16327810287475586,0.079114079,4.2549285888671875,4.600502014160156,0.23573864996433258,-0.11292392,2.0465128421783447,2.728372097015381,0,0,0,0,0,0,0.013418428599834442,0.11054293811321259,0.048610296100378036,0,0,0,4.168999195098877,9.681185722351074,4.237885475158691,0,0,0,0,2019.2900000000002,2255.19,1991.99
6a03c1b4540d88a0e88a066b,2026-05-13T00:09:12.293Z,6,12,4.5,2026-05-13T00:09:12.293Z,-0.090641975,-0.081085205,0.1135568618774414,-0.035388947,0.000841618,0.1628572940826416,0.079534888,4.1120452880859375,4.606015205383301,0.23575930297374725,-0.111507058,2.046238422393799,2.7283883094787598,0,0,0,0,0,0,0,0.040590383,0.095477462,0,0,0,8.356901168823242,1.793717384338379,3.936431407928467,0,0,0,0,2019.2900000000002,2255.19,1991.99
6a03c241540d88a0e88a06e4,2026-05-13T00:11:32.752Z,6,13,4.5,2026-05-13T00:11:32.752Z,-0.089786768,-0.080222607,0.1135568618774414,-0.033662796,0.001262426,0.16327810287475586,0.078272343,3.938568115234375,4.617041588,0.2357867956161499,-0.111960411,2.046370506286621,2.7287821769714355,0,0,0,0,0,0,0.012386211194097996,0.039539072662591934,0.029427632689476013,0,0,0,8.838807106018066,8.286384582519531,7.180283069610596,0,0,0,0,2019.2900000000002,2255.19,1991.99
6a03c2ce540d88a0e88a075d,2026-05-13T00:13:53.237Z,6,14,4.5,2026-05-13T00:13:53.237Z,-0.088931561,-0.080222607,0.1135568618774414,-0.031936407,0.000841618,0.16327810287475586,0.079114079,4.193695068359375,4.624761581420898,0.2357291579246521,-0.112429321,2.0466442108154297,2.7290852069854736,0,0,0,0,0,0,0,0.039074618,0.039016984,0,0,0,9.737529754638672,4.807708740234375,4.312875747680664,0,0,0,0,2019.2900000000002,2255.19,1991.92
6a03c35a540d88a0e88a07d6,2026-05-13T00:16:13.983Z,6,15,4.5,2026-05-13T00:16:13.983Z,-0.090641975,-0.080222607,0.11441707611083984,-0.035388947,0.000841618,0.16327810287475586,0.079114079,4.0814361572265625,4.614285469055176,0.23565521836280823,-0.113093317,2.046825885772705,2.7291901111602783,0,0,0,0,0,0,0,0.071754731,0.007025781,0,0,0,8.150537490844727,2.8823812007904053,2.6563639640808105,0,0,0,0,2019.2900000000002,2255.19,1991.99
6a03c3e6540d88a0e88a084f,2026-05-13T00:18:34.631Z,6,16,4.5,2026-05-13T00:18:34.631Z,-0.090641975,-0.080222607,0.1135568618774414,-0.036252022,0.000841618,0.16201555728912354,0.078272343,4.1120452880859375,4.618144989013672,0.2357729822397232,-0.113473773,2.046844959259033,2.729144573,0,0,0,0,0,0,0.003887345,0.10621650516986847,0.092155904,0,0,0,2.9467170238494873,5.681501388549805,1.1216145753860474,0,0,0,0,2019.2900000000002,2255.19,1991.99
6a03c473540d88a0e88a08c8,2026-05-13T00:20:54.632Z,6,17,4.5,2026-05-13T00:20:54.632Z,-0.088931561,-0.079360008,0.1135568618774414,-0.033662796,0.001262426,0.16327810287475586,0.079114079,4.0099945068359375,4.609874725341797,0.23576055467128754,-0.113883078,2.0473339557647705,2.729400396347046,0,0,0,0,0,0,0,0.097214781,0.019977902993559837,0,0,0,5.946578502655029,9.510712623596191,3.1371777057647705,0,0,0,0,2019.2900000000002,2255.19,1991.99
6a03c4ff540d88a0e88a0941,2026-05-13T00:23:15.326Z,6,18,4.5,2026-05-13T00:23:15.326Z,-0.088931561,-0.080222607,0.1135568618774414,-0.034525871,0.001262426,0.16327810287475586,0.079534888,4.32635498,4.597192764282227,0.235652357,-0.114230216,2.0478930473327637,2.72969389,0,0,0,0,0,0,0.029002454,0,0.008273777,0,0,0,7.675373077392578,5.905945777893066,6.379865646362305,0,0,0,0,2019.2900000000002,2255.19,1991.99
6a03c58c540d88a0e88a09ba,2026-05-13T00:25:35.830Z,6,19,4.5,2026-05-13T00:25:35.830Z,-0.088931561,-0.080222607,0.1135568618774414,-0.031936407,0.000841618,0.16327810287475586,0.079534888,4.193695068359375,4.610425949,0.23570474982261658,-0.114646256,2.048135995864868,2.7298638820648193,0,0,0,0,0,0,0,0.087502494,0.058435414,0,0,0,8.910871505737305,2.4682936668395996,8.030412673950195,0,0,0,0,2019.2900000000002,2255.33,1991.92
6a03c619540d88a0e88a0a33,2026-05-13T00:27:56.529Z,6,20,4.5,2026-05-13T00:27:56.529Z,-0.088931561,-0.080222607,0.11269664764404297,-0.034525871,0.000841618,0.1628572940826416,0.079114079,4.193695068359375,4.612079620361328,0.23572683334350586,-0.114506543,2.048163414001465,2.7299203872680664,0,0,0,0,0,0,0,0.050787895917892456,0.058304380625486374,0,0,0,9.241105079650879,4.796757698059082,1.9014770984649658,0,0,0,0,2019.2900000000002,2255.19,1991.99
6a03c6a5540d88a0e88a0aac,2026-05-13T00:30:17.156Z,6,21,4.5,2026-05-13T00:30:17.156Z,-0.088931561,-0.080222607,0.1135568618774414,-0.035388947,0.001262426,0.1628572940826416,0.078272343,4.316162109,4.613183022,0.23568567633628845,-0.114339173,2.0481159687042236,2.7300705909729004,0,0,0,0,0,0,0.05227441,0.11724412441253662,0,0,0,0,7.324322700500488,5.197127342224121,1.580772042274475,0,0,0,0,2019.2900000000002,2255.19,1991.99
6a03c732540d88a0e88a0b25,2026-05-13T00:32:37.674Z,6,22,4.5,2026-05-13T00:32:37.674Z,-0.089786768,-0.081085205,0.1135568618774414,-0.034525871,0.001262426,0.16327810287475586,0.079114079,4.183502197265625,4.6027069091796875,0.23575270175933838,-0.112823367,2.048372268676758,2.7303452491760254,0,0,0,0,0,0,0,0.025485542,0.088591792,0,0,0,2.934453010559082,1.7687329053878784,2.9349048137664795,0,0,0,0,2019.2900000000002,2255.19,1991.92
6a03c7be540d88a0e88a0b9e,2026-05-13T00:34:57.889Z,6,23,4.5,2026-05-13T00:34:57.889Z,-0.089786768,-0.081085205,0.1135568618774414,-0.033662796,0.001262426,0.16411972045898438,0.079114079,3.918151855,4.621453285217285,0.2357453852891922,-0.113215148,2.0485098361968994,2.7304561138153076,0,0,0,0,0,0,0,0.086953372,0.053808089,0,0,0,6.464269638061523,8.355550765991211,1.354412317276001,0,0,0,0,2019.2900000000002,2255.19,1991.99
6a03c84b540d88a0e88a0c17,2026-05-13T00:37:18.418Z,6,24,4.5,2026-05-13T00:37:18.418Z,-0.088931561,-0.081085205,0.1135568618774414,-0.033662796,0.001262426,0.1628572940826416,0.078272343,4.193695068359375,4.621453285217285,0.2356768399477005,-0.113523662,2.048686981201172,2.7305428981781006,0,0,0,0,0,0,0,0.070483215,0.004623028,0,0,0,1.9532101154327393,1.395636796951294,5.057088851928711,0,0,0,0,2019.2900000000002,2255.19,1991.99
6a03c8d8540d88a0e88a0c90,2026-05-13T00:39:39.516Z,6,25,4.5,2026-05-13T00:39:39.516Z,-0.088931561,-0.081085205,0.1135568618774414,-0.034525871,0.000841618,0.1628572940826416,0.078272343,4.0406036376953125,4.619248390197754,0.23579049110412598,-0.108670175,2.0486226081848145,2.7303977012634277,0,0,0,0,0,0,0,0.070176221,0.046104736626148224,0,0,0,9.762156487,7.855429172515869,2.310025691986084,0,0,0,0,2019.2900000000002,2255.19,1991.92
6a047e156156c07b5e7abed7,2026-05-13T13:32:54.593Z,1,0,4.7,2026-05-13T13:32:54.593Z,0.23515534400939941,0.24411749839782715,0.49122095108032227,-0.028483629,0.004628897,0.1628572940826416,0.080797315,7.9388275146484375,4.300564765930176,0.2363809049129486,-0.117208779,1.3550503253936768,1.7537177801132202,0,0,0,0.00065437,0,0,0.020200593397021294,0.013805223628878593,0.022060245275497437,0,0,0,2,2,6,0,0,0,0,3159.03,3206.42,3055.5
6a047ea26156c07b5e7abf50,2026-05-13T13:35:17.721Z,1,1,4.7,2026-05-13T13:35:17.721Z,0.4241349697113037,0.4140510559082031,0.6649978160858154,-0.027620554,0.004628897,0.16243648529052734,0.082059741,8.306198120117188,3.895318031311035,0.2363632172346115,-0.117579997,0.569302499,0.7892932295799255,0,0,0,0.002576332,0,0,0.020031843334436417,0.013718501664698124,0.022096706554293633,0,0,0,5.409165859222412,1.5117745399475098,7.6568474769592285,0,0,0,0,3143.98,3202.5,3034.71
6a047f2e6156c07b5e7abfc9,2026-05-13T13:37:38.080Z,1,2,4.7,2026-05-13T13:37:38.080Z,0.35230565071105957,0.34763026237487793,0.5583229064941406,-0.028483629,0.004628897,0.16327810287475586,0.081218123,8.010269165039062,4.508424758911133,0.23635661602020264,-0.11723274,2.6163437366485596,3.5406501293182373,0,0,0,0.002624656,0,0,0.020715923979878426,0.014226347208023071,0.022744432,0,0,0,4.432991027832031,6.061048984527588,2.1323232650756836,0,0,0,0,3131.03,3188.29,3026.3799999999997
6a047fba6156c07b5e7ac042,2026-05-13T13:39:58.499Z,1,3,4.7,2026-05-13T13:39:58.499Z,0.4181489944458008,0.39852428436279297,0.5970354080200195,-0.028483629,0.005049825,0.16243648529052734,0.082059741,7.602081298828125,4.186433792114258,0.23640340566635132,-0.117452145,1.880441427230835,2.510779381,0,0,0,0.002289471,0,0,0.021135088056325912,0.014515848830342293,0.022509329,0,0,0,7.58273983,4.223146915435791,2.022603988647461,0,0,0,0,3110.8700000000003,3177.72,3019.17
6a0480466156c07b5e7ac0bb,2026-05-13T13:42:18.727Z,1,4,4.7,2026-05-13T13:42:18.727Z,0.45064330101013184,0.41577625274658203,0.6675786972045898,-0.028483629,0.005049825,0.1628572940826416,0.082901478,8.285781860351562,3.87050724,0.23637086153030396,-0.117918074,0.7462621331214905,1.4657012224197388,0,0,0,0.00143977,0,0,0.021131636574864388,0.014659025706350803,0.022698689252138138,0,0,0,7.342101573944092,2.0451855659484863,5.228659629821777,0,0,0,0,3090.99,3172.47,3004.61
6a0480d36156c07b5e7ac134,2026-05-13T13:44:38.791Z,1,5,4.7,2026-05-13T13:44:38.791Z,0.7029011249542236,0.6849095821380615,0.8826491832733154,-0.028483629,0.005470634,0.16327810287475586,0.082480669,7.918426513671875,4.239914894104004,0.23640260100364685,-0.117731988,2.420649290084839,2.5949699878692627,0,0,0,0.00236522,0,0,0.021035908,0.015258953906595707,0.022786781191825867,0,0,0,9.474337577819824,6.333772659301758,4.844608306884766,0,0,0,0,3066.28,3157.49,2990.61
6a04815f6156c07b5e7ac1ad,2026-05-13T13:46:58.938Z,1,6,4.7,2026-05-13T13:46:58.938Z,0.5977222919464111,0.6133129596710205,0.7940399646759033,-0.027620554,0.005049825,0.1628572940826416,0.082480669,8.683761596679688,4.416348457336426,0.23645047843456268,-0.117813885,3.259467124938965,3.5174033641815186,0,0,0,0.0028198,0,0,0.021962704,0.015030115,0.022774352,0,0,0,7.453158855438232,8.384086608886719,2.580932378768921,0,0,0,0,3045.91,3137.4,2981.79
6a0481eb6156c07b5e7ac226,2026-05-13T13:49:19.297Z,1,7,4.7,2026-05-13T13:49:19.297Z,0.5387194156646729,0.5201516151428223,0.7553274631500244,-0.028483629,0.005049825,0.16327810287475586,0.083322287,8.336807250976562,4.4554948806762695,0.23637886345386505,-0.117889881,3.088411331176758,3.3483073711395264,0,0,0,0.002448987,0,0,0.021324949339032173,0.015419374220073223,0.023081041872501373,0,0,0,5.668975830078125,7.238452434539795,3.9434685707092285,0,0,0,0,3029.81,3119.6200000000003,2970.17
6a0482776156c07b5e7ac29f,2026-05-13T13:51:39.514Z,1,8,4.7,2026-05-13T13:51:39.514Z,0.5600972175598145,0.5917479991912842,0.7742536067962646,-0.025031328,0.005891442,0.1628572940826416,0.082480669,8.408233642578125,4.545917510986328,0.23639239370822906,-0.117896616,3.3970565795898438,3.681840658187866,0,0,0,0.003048891,0,0,0.022405546,0.015716072,0.023460409,0,0,0,5.075520038604736,8.446838379,3.952305793762207,0,0,0,0,3015.1800000000003,3099.1800000000003,2958.41
6a0483046156c07b5e7ac318,2026-05-13T13:53:59.685Z,1,9,4.7,2026-05-13T13:53:59.685Z,0.5960121154785156,0.5494804382324219,0.765650749,-0.027620554,0.005891442,0.16243648529052734,0.082901478,7.765350341796875,4.209038734436035,0.23641817271709442,-0.118178308,2.556884766,2.7636337280273438,0,0,0,0.002689234,0,0,0.022619476541876793,0.015605658292770386,0.023567812517285347,0,0,0,9.767338752746582,5.951909065246582,1.9870312213897705,0,0,0,0,2989.98,3084.41,2950.99
6a0483906156c07b5e7ac391,2026-05-13T13:56:20.048Z,1,10,4.7,2026-05-13T13:56:20.048Z,0.36684226989746094,0.3795466423034668,0.6469321250915527,-0.025031328,0.005049825,0.1628572940826416,0.082901478,7.6939239501953125,4.072303771972656,0.23640519380569458,-0.118974507,0.8315909504890442,0.9144958853721619,0,0,0,0.00350101,0,0,0.023109955713152885,0.015764553099870682,0.023499548,0,0,0,2.596588134765625,1.709921956062317,9.487032890319824,0,0,0,0,2980.53,3079.72,2926.42
6a04841c6156c07b5e7ac40a,2026-05-13T13:58:40.429Z,1,11,4.7,2026-05-13T13:58:40.429Z,0.7353951930999756,0.74442935,0.9256632328033447,-0.025031328,0.005470634,0.16327810287475586,0.082059741,8.081695556640625,4.324824333190918,0.23643600940704346,-0.118639112,2.7745163440704346,3.0176937580108643,0,0,0,0.003523606,0,0,0.023202674463391304,0.015732249,0.023876736,0,0,0,8.935621262,7.854085445404053,4.446170330047607,0,0,0,0,2957.29,3061.17,2912.6299999999997
6a0484a96156c07b5e7ac483,2026-05-13T14:01:00.729Z,1,12,4.7,2026-05-13T14:01:00.729Z,0.39335083961486816,0.3390042781829834,0.5686461925506592,-0.027620554,0.005470634,0.16327810287475586,0.082901478,8.316390991210938,3.979675293,0.236477792,-0.118123055,1.9163929224014282,2.075623035430908,0,0,0,0.002487699,0,0,0.023635577,0.016457278,0.024271026253700256,0,0,0,8.412832260131836,3.176182270050049,1.7354533672332764,0,0,0,0,2934.8199999999997,3052.91,2905.77
6a0485356156c07b5e7ac4fc,2026-05-13T14:03:20.989Z,1,13,4.7,2026-05-13T14:03:20.989Z,0.6738274097442627,0.7202761173248291,0.9746994972229004,-0.025031328,0.005470634,0.16327810287475586,0.082901478,7.9694366455078125,4.885552406311035,0.23641571402549744,-0.118174791,3.138408660888672,3.4033262729644775,0,0,0,0.002168687,0,0,0.023496752604842186,0.016176151111721992,0.024176871,0,0,0,1.8670899868011475,8.915605545043945,9.862728118896484,0,0,0,0,2927.4,3031.7000000000003,2880.71
6a0485c26156c07b5e7ac575,2026-05-13T14:05:41.347Z,1,14,4.7,2026-05-13T14:05:41.347Z,0.6644208431243896,0.636603594,0.8809287548065186,-0.027620554,0.005891442,0.16327810287475586,0.082480669,7.6428985595703125,4.538198471069336,0.2364656925201416,-0.117854834,3.0343642234802246,3.2994675636291504,0,0,0,0.003198981,0,0,0.023574041202664375,0.016545348,0.024235188961029053,0,0,0,5.549419403076172,8.299148559570312,6.118420600891113,0,0,0,0,2912,3011.47,2863.28
6a04864e6156c07b5e7ac5ee,2026-05-13T14:08:01.868Z,1,15,4.7,2026-05-13T14:08:01.868Z,0.35145044326782227,0.345905066,0.5436980724334717,-0.026757479,0.004628897,0.16327810287475586,0.082901478,7.673522949,4.781897545,0.23649916052818298,-0.117970109,4.318539142608643,4.716055870056152,0,0,0,0.002031792,0,0,0.02450973,0.016506573,0.024884380400180817,0,0,0,2.8602161407470703,8.312158584594727,1.0527150630950928,0,0,0,0,2902.48,2991.17,2857.8199999999997
6a0486da6156c07b5e7ac667,2026-05-13T14:10:22.260Z,1,16,4.7,2026-05-13T14:10:22.260Z,1.0381042957305908,1.042891502380371,1.2973051071166992,-0.024168015,0.005891442,0.16411972045898438,0.082901478,8.051086426,4.388781547546387,0.23647300899028778,-0.118019104,2.609449625015259,2.8445498943328857,0,0,0,0.003152161,0,0,0.023847432807087898,0.016940820962190628,0.024594714865088463,0,0,0,8.928237915039062,9.144607543945312,9.202996253967285,0,0,0,0,2879.17,2968.91,2834.23
6a0487676156c07b5e7ac6e0,2026-05-13T14:12:42.655Z,1,17,4.7,2026-05-13T14:12:42.655Z,0.6550147533416748,0.7012991905212402,0.9626553058624268,-0.025031328,0.005891442,0.16327810287475586,0.082901478,8.336807250976562,4.8761796951293945,0.23645871877670288,-0.118079543,3.154242992401123,3.4296875,0,0,0,0.002411971,0,0,0.024057714268565178,0.017009577,0.025070656090974808,0,0,0,1.8514130115509033,8.883493423461914,9.643140793,0,0,0,0,2871.89,2947.28,2808.8199999999997
6a0487f36156c07b5e7ac759,2026-05-13T14:15:03.051Z,1,18,4.7,2026-05-13T14:15:03.051Z,0.5207624435424805,0.5244646072387695,0.7217762470245361,-0.024168015,0.005891442,0.16327810287475586,0.083322287,7.68371582,4.597744941711426,0.23647814989089966,-0.114267766,3.7188947200775146,4.0712432861328125,0,0,0,0.00233623,0,0,0.024472296237945557,0.017252353951334953,0.025067283,0,0,0,5.104634761810303,8.88956356,2.187124490737915,0,0,0,0,2857.8199999999997,2925.72,2800.28
6a04887f6156c07b5e7ac7d2,2026-05-13T14:17:23.187Z,1,19,4.7,2026-05-13T14:17:23.187Z,0.4438023567199707,0.46494460105895996,0.7604889869689941,-0.02157855,0.005470634,0.16411972045898438,0.083322287,8.214355469,4.495744705200195,0.23645521700382233,-0.111539841,2.073302745819092,2.2611212730407715,0,0,0,0.004213917,0,0,0.024480173364281654,0.016977963969111443,0.025113217532634735,0,0,0,2.2735037803649902,4.164804935455322,9.593246459960938,0,0,0,0,2849.6299999999997,2915.01,2775.99
6a04890b6156c07b5e7ac84b,2026-05-13T14:19:43.500Z,1,20,4.7,2026-05-13T14:19:43.500Z,0.45149850845336914,0.4183642864227295,0.6056382656097412,-0.02157855,0.005891442,0.16411972045898438,0.082901478,7.7449493408203125,4.130195617675781,0.2364843189716339,-0.115175366,2.3629884719848633,2.569355010986328,0,0,0,0.002179917,0,0,0.024958733469247818,0.017454015091061592,0.025322203,0,0,0,8.890006065368652,4.594384670257568,1.1533818244934082,0,0,0,0,2826.8799999999997,2903.81,2769.69
6a0489976156c07b5e7ac8c4,2026-05-13T14:22:03.557Z,1,21,4.7,2026-05-13T14:22:03.557Z,0.6592903137207031,0.6193513870239258,0.8663039207458496,-0.023304701,0.005470634,0.16411972045898438,0.083322287,8.27557373,4.260867118835449,0.23649446666240692,-0.113379121,2.4320201873779297,2.664685010910034,0,0,0,0.002368464,0,0,0.025170383974909782,0.017429744824767113,0.025809738785028458,0,0,0,7.999597549438477,6.1755170822143555,5.257735252380371,0,0,0,0,2805.11,2888.97,2755.41
6a048a246156c07b5e7ac93d,2026-05-13T14:24:23.791Z,1,22,4.7,2026-05-13T14:24:23.791Z,0.6592903137207031,0.6357409954071045,0.8964138031005859,-0.022441626,0.005891442,0.16327810287475586,0.083322287,7.8776092529296875,4.3386077880859375,0.23645800352096558,-0.114271879,2.3928966522216797,2.599503755569458,0,0,0,0.002091409,0,0,0.025040600448846817,0.017616013064980507,0.025542073,0,0,0,6.521120548248291,6.200735569000244,7.388328552246094,0,0,0,0,2787.1200000000003,2873.78,2735.67
6a048ab06156c07b5e7ac9b6,2026-05-13T14:26:43.941Z,1,23,4.7,2026-05-13T14:26:43.941Z,0.5575320720672607,0.5417165756225586,0.7355406284332275,-0.022441626,0.005891442,0.16411972045898438,0.082901478,8.255172729492188,4.345775604248047,0.2364811897277832,-0.114046037,2.931936740875244,3.228339910507202,0,0,0,0.001685835,0,0,0.025459714233875275,0.017772385850548744,0.025694299,0,0,0,7.151160717010498,7.086976528167725,3.121375084,0,0,0,0,2767.73,2856.7000000000003,2725.31
6a048b3c6156c07b5e7aca2f,2026-05-13T14:29:04.254Z,1,24,4.7,2026-05-13T14:29:04.254Z,0.5797648429870605,0.5615565776824951,0.7630698680877686,-0.022441626,0.00673306,0.16411972045898438,0.083322287,7.9082183837890625,4.237709999084473,0.2365024834871292,-0.114991903,2.677367925643921,2.9272220134735107,0,0,0,0.001896659,0,0,0.025317613035440445,0.017997749149799347,0.025771247,0,0,0,9.166446685791016,6.3685736656188965,2.041278123855591,0,0,0,0,2743.58,2841.09,2717.8199999999997
6a048bc96156c07b5e7acaa8,2026-05-13T14:31:24.670Z,1,25,4.7,2026-05-13T14:31:24.670Z,0.7738752365112305,0.7599563598632812,1.0271763801574707,-0.02157855,0.007153869,0.16411972045898438,0.083322287,8.071487426757812,4.157212257385254,0.23648539185523987,-0.113613129,1.8471717834472656,2.0317885875701904,0,0,0,0.001599032,0,0,0.025477143,0.017957264557480812,0.025880862027406693,0,0,0,7.9552483558654785,4.838144302368164,9.512482643127441,0,0,0,0,2722.02,2828.91,2693.53
6a048c556156c07b5e7acb21,2026-05-13T14:33:44.994Z,1,26,4.7,2026-05-13T14:33:44.994Z,0.2736356258392334,0.2837975025177002,0.5135881900787354,-0.022441626,0.00673306,0.16327810287475586,0.082901478,8.285781860351562,4.582306861877441,0.23646067082881927,-0.112388015,3.055835723876953,3.3557899,0,0,0,0.000760278,0,0,0.025455272,0.017726264894008636,0.025871692,0,0,0,2.3128554821014404,4.951000690460205,3.557969570159912,0,0,0,0,2713.48,2817.01,2681.91
6a048ce16156c07b5e7acb9a,2026-05-13T14:36:05.537Z,1,27,4.7,2026-05-13T14:36:05.537Z,0.47287631034851074,0.46925783157348633,0.7424230575561523,-0.022441626,0.005470634,0.16411972045898438,0.083322287,8.306198120117188,4.212899208068848,0.236478791,-0.106710792,1.9994754791259766,2.1853373050689697,0,0,0,0.001521704,0,0,0.026022293,0.018172204,0.025816423818469048,0,0,0,4.797491073608398,3.7779135704040527,6.544902801513672,0,0,0,0,2699.69,2807.42,2664.1299999999997
6a048d6e6156c07b5e7acc13,2026-05-13T14:38:25.717Z,1,28,4.7,2026-05-13T14:38:25.717Z,0.4797172546386719,0.4252650737762451,0.6142411231994629,-0.02157855,0.005049825,0.16327810287475586,0.083322287,7.7755584716796875,4.066789627075195,0.23652596771717072,-0.108265102,2.1997361183166504,2.3960695266723633,0,0,0,0.001340066,0,0,0.025796275585889816,0.018291398882865906,0.02608514,0,0,0,9.821391105651855,4.327126979827881,1.0353699922561646,0,0,0,0,2674.6299999999997,2797.1299999999997,2658.53
6a048dfa6156c07b5e7acc8c,2026-05-13T14:40:46.005Z,1,29,4.7,2026-05-13T14:40:46.005Z,0.5028049945831299,0.5115253925323486,0.715754509,-0.020715475,0.00673306,0.16411972045898438,0.082901478,7.918426513671875,4.352391242980957,0.2364598959684372,-0.109187841,2.6635990142822266,2.918440818786621,0,0,0,0.001071805,0,0,0.026217827573418617,0.018446486443281174,0.026528378948569298,0,0,0,6.460755348205566,6.009022235870361,3.9218573570251465,0,0,0,0,2656.4300000000003,2782.5699999999997,2647.33
6a048e866156c07b5e7acd05,2026-05-13T14:43:06.264Z,2,0,3.7,2026-05-13T14:43:06.264Z,0.3172459602355957,0.34763026237487793,0.5419774055480957,-0.02157855,0.005891442,0.16327810287475586,0.083322287,8.163330078,4.897130966186523,0.23649205267429352,-0.110129952,3.535043478012085,3.8986752033233643,0,0,0,0.000996294,0,0,0.026506023481488228,0.018647050485014915,0.026555994525551796,0,0,0,1.1888763904571533,6.513851165771484,4.299782752990723,0,0,0,0,2650.41,2766.89,2634.59
6a048f136156c07b5e7acd7e,2026-05-13T14:45:26.686Z,2,1,3.7,2026-05-13T14:45:26.686Z,0.8226161003112793,0.8013613224029541,1.0727715492248535,-0.02157855,0.005891442,0.16411972045898438,0.082901478,7.7959747314453125,4.239914894104004,0.23650392889976501,-0.110743403,2.097550392150879,2.3025622367858887,0,0,0,0,0,0,0.026542747393250465,0.018647843971848488,0.026527552,0,0,0,8.400867462158203,5.926684856414795,8.766579627990723,0,0,0,0,2628.78,2752.4,2611.91
6a048f9f6156c07b5e7acdf7,2026-05-13T14:47:47.070Z,2,2,3.7,2026-05-13T14:47:47.070Z,0.45320868492126465,0.44510483741760254,0.6753213405609131,-0.022441626,0.005470634,0.16411972045898438,0.082901478,7.295928955078125,4.352943420410156,0.23656708002090454,-0.111105323,2.5845024585723877,2.855492353439331,0,0,0,0.000959309,0,0,0.026816368103027344,0.018832201,0.026663366705179214,0,0,0,6.004016876220703,5.448150634765625,3.9401121139526367,0,0,0,0,2611.77,2739.03,2599.52
6a04902c6156c07b5e7ace70,2026-05-13T14:50:07.564Z,2,3,3.7,2026-05-13T14:50:07.564Z,0.2086467742919922,0.19926190376281738,0.41379547119140625,-0.022441626,0.007153869,0.16327810287475586,0.083322287,8.377624512,4.060725212097168,0.2365574687719345,-0.111778796,1.4355192184448242,1.590048909187317,0,0,0,0.001695479,0,0,0.026407333090901375,0.018680326640605927,0.027037477120757103,0,0,0,2.151942014694214,1.4495530128479004,4.8586626052856445,0,0,0,0,2603.72,2734.83,2585.3799999999997
6a0490b86156c07b5e7acee9,2026-05-13T14:52:27.857Z,2,4,3.7,2026-05-13T14:52:27.857Z,0.5352990627288818,0.5434420108795166,0.7174749374389648,-0.02157855,0.00673306,0.16411972045898438,0.083322287,8.255172729492188,4.469278335571289,0.23653170466423035,-0.112000167,3.572122335,3.927428960800171,0,0,0,0.000355941,0,0,0.026477286592125893,0.019362330436706543,0.026778208,0,0,0,7.0223822593688965,8.924671173095703,1.0122954845428467,0,0,0,0,2584.8199999999997,2713.69,2580.27
6a0491446156c07b5e7acf62,2026-05-13T14:54:47.891Z,2,5,3.7,2026-05-13T14:54:47.891Z,0.4472229480743408,0.49427342414855957,0.6933870315551758,-0.02157855,0.00673306,0.16411972045898438,0.083322287,7.898010254,5.036071777,0.23648740351200104,-0.11255765,4.014305114746094,4.4502153396606445,0,0,0,0,0,0,0.026748126,0.018920782953500748,0.027302718,0,0,0,1.2410881519317627,9.475845336914062,4.738319396972656,0,0,0,0,2578.7999999999997,2690.59,2566.97
6a0491d06156c07b5e7acfdb,2026-05-13T14:57:07.890Z,2,6,3.7,2026-05-13T14:57:07.890Z,0.1470789909362793,0.15440630912780762,0.3587374687194824,-0.020715475,0.005470634,0.16411972045898438,0.083322287,8.377624512,4.456046104431152,0.23650816082954407,-0.113854349,2.4014573097229004,2.6922035217285156,0,0,0,0,0,0,0.026940513402223587,0.019189887,0.026787408,0,0,0,1.400801658630371,2.6680917739868164,3.2151031494140625,0,0,0,0,2573.1299999999997,2683.31,2556.8199999999997
6a04925c6156c07b5e7ad054,2026-05-13T14:59:28.022Z,2,7,3.7,2026-05-13T14:59:28.022Z,0.49425387382507324,0.4494178295135498,0.7217762470245361,-0.02157855,0.005891442,0.16411972045898438,0.083322287,8.010269165039062,3.840182304382324,0.2364838719367981,-0.11455965,0.8933243751525879,1.4335625171661377,0,0,0,0,0,0,0.026780495420098305,0.018947597593069077,0.027007266879081726,0,0,0,7.569385528564453,2.0904858112335205,6.042367935180664,0,0,0,0,2553.1800000000003,2678.1299999999997,2540.2999999999997
6a0492e86156c07b5e7ad0cd,2026-05-13T15:01:48.086Z,2,8,3.7,2026-05-13T15:01:48.086Z,0.5250377655029297,0.5227396488189697,0.6985487937927246,-0.022441626,0.005049825,0.16411972045898438,0.083743095,7.836791992,4.6109771728515625,0.2365141212940216,-0.115583837,3.9324541091918945,4.343111038208008,0,0,0,0,0,0,0.026816368103027344,0.019009396,0.027153193950653076,0,0,0,5.438202857971191,9.956950187683105,1.379495620727539,0,0,0,0,2537.5699999999997,2654.61,2534.0699999999997
6a0493746156c07b5e7ad146,2026-05-13T15:04:08.380Z,2,9,3.7,2026-05-13T15:04:08.380Z,0.7747302055358887,0.7565059661865234,1.0486836433410645,-0.022441626,0.005049825,0.16411972045898438,0.083322287,7.918426513671875,4.373343467712402,0.23651297390460968,-0.115256786,2.3369202613830566,2.6027133464813232,0,0,0,0,0,0,0.026589108631014824,0.019017523154616356,0.027055086567997932,0,0,0,6.6627020835876465,6.716535568237305,8.868682861328125,0,0,0,0,2519.23,2637.67,2511.1800000000003
6a0494016156c07b5e7ad1bf,2026-05-13T15:06:28.766Z,2,10,3.7,2026-05-13T15:06:28.766Z,0.77216506,0.7685821056365967,0.9953460693359375,-0.02157855,0.00673306,0.16411972045898438,0.083322287,7.898010254,4.377754211425781,0.23651453852653503,-0.114919901,2.673003911972046,2.958173990249634,0,0,0,0,0,0,0.027346568182110786,0.018789218738675117,0.026613846,0,0,0,7.8571672439575195,8.013490676879883,6.517296314239502,0,0,0,0,2498.51,2618.6299999999997,2493.33
6a04948d6156c07b5e7ad238,2026-05-13T15:08:49.048Z,2,11,3.7,2026-05-13T15:08:49.048Z,0.6191000938415527,0.6383287906646729,0.907597542,-0.020715475,0.005891442,0.16411972045898438,0.083322287,8.316390991210938,4.682653427124023,0.23654335737228394,-0.113146126,2.9319496154785156,3.2681610584259033,0,0,0,0,0,0,0.026813691,0.019478624686598778,0.027014905586838722,0,0,0,3.221418857574463,8.051958084106445,8.465297699,0,0,0,0,2487.73,2598.8199999999997,2470.9300000000003
6a0495196156c07b5e7ad2b1,2026-05-13T15:11:09.253Z,2,12,3.7,2026-05-13T15:11:09.253Z,0.6541595458984375,0.6521303653717041,0.894693136,-0.020715475,0.00673306,0.16411972045898438,0.083322287,8.163330078,4.331991195678711,0.23652584850788116,-0.114159048,2.2464723587036133,2.479151487350464,0,0,0,0,0,0,0.026991261169314384,0.019207768142223358,0.027426965534687042,0,0,0,6.122631072998047,5.759654998779297,8.033277512,0,0,0,0,2470.9300000000003,2584.4,2449.3700000000003
6a0495a66156c07b5e7ad32a,2026-05-13T15:13:29.567Z,2,13,3.7,2026-05-13T15:13:29.567Z,0.2702150344848633,0.28120970726013184,0.4654123783111572,-0.020715475,0.005470634,0.16411972045898438,0.083322287,7.9592437744140625,4.151146889,0.23646318912506104,-0.115335524,2.227015256881714,2.4809067249298096,0,0,0,0,0,0,0.027193364,0.019330590963363647,0.027213691,0,0,0,5.147984027862549,3.0558488368988037,1.5005385875701904,0,0,0,0,2456.09,2576.7000000000003,2442.72
6a0496326156c07b5e7ad3a3,2026-05-13T15:15:49.958Z,2,14,3.7,2026-05-13T15:15:49.958Z,0.8286023139953613,0.7892849445343018,1.0727715492248535,-0.02157855,0.005891442,0.16411972045898438,0.083322287,8.255172729492188,4.100973129272461,0.2364402860403061,-0.11563617,1.7565112113952637,1.9404932260513306,0,0,0,0,0,0,0.027382491156458855,0.019140250980854034,0.0271885,0,0,0,8.727850914001465,4.683068275,9.471365928649902,0,0,0,0,2433.27,2565.4300000000003,2418.71
6a0496be6156c07b5e7ad41c,2026-05-13T15:18:10.122Z,2,15,3.7,2026-05-13T15:18:10.122Z,0.652449369,0.5926105976104736,0.8886709213256836,-0.020715475,0.005470634,0.16411972045898438,0.084163904,8.285781860351562,3.7635440826416016,0.23648472130298615,-0.115823448,0.7492425441741943,0.8321638703346252,0,0,0,0,0,0,0.027523433789610863,0.019388324,0.027123963460326195,0,0,0,8.904948234558105,2.065351963043213,8.631914138793945,0,0,0,0,2409.6800000000003,2559.97,2395.61
6a04974a6156c07b5e7ad495,2026-05-13T15:20:30.332Z,2,16,3.7,2026-05-13T15:20:30.332Z,0.7396702766418457,0.753917933,0.9445891380310059,-0.022441626,0.005891442,0.16411972045898438,0.083743095,7.816375732421875,4.417451858520508,0.23648661375045776,-0.10871172,2.946460247039795,3.3028364181518555,0,0,0,0,0,0,0.027229348197579384,0.019129699,0.027379138,0,0,0,8.283895492553711,8.799889565,4.2368855476379395,0,0,0,0,2387.28,2539.53,2382.52
6a0497d76156c07b5e7ad50e,2026-05-13T15:22:50.714Z,2,17,3.7,2026-05-13T15:22:50.714Z,0.6079835891723633,0.6659319400787354,0.9153397083282471,-0.02157855,0.005470634,0.16411972045898438,0.083743095,7.8571929931640625,5.0222883224487305,0.23650504648685455,-0.113705516,3.1676456928253174,3.5553481578826904,0,0,0,0,0,0,0.026992964,0.019685341,0.027227208018302917,0,0,0,1.0920008420944214,8.965006828308105,9.697868347167969,0,0,0,0,2381.1200000000003,2517.2000000000003,2357.39
6a0498636156c07b5e7ad587,2026-05-13T15:25:10.890Z,2,18,3.7,2026-05-13T15:25:10.890Z,0.3608565330505371,0.3536686897277832,0.6004765033721924,-0.02157855,0.005470634,0.16454052925109863,0.083322287,7.7755584716796875,4.081125259399414,0.236433208,-0.113610983,1.4872702360153198,1.6660832166671753,0,0,0,0,0,0,0.027351819,0.019314348697662354,0.02723212,0,0,0,4.365048885345459,2.281461715698242,6.423364639282227,0,0,0,0,2368.73,2511.11,2339.33
6a0498ef6156c07b5e7ad600,2026-05-13T15:27:31.203Z,2,19,3.7,2026-05-13T15:27:31.203Z,0.7456564903259277,0.7625439167022705,0.9927651882171631,-0.022441626,0.005470634,0.16411972045898438,0.083322287,8.449050903320312,4.591128349304199,0.23648065328598022,-0.114622414,3.0707294940948486,3.4155638217926025,0,0,0,0,0,0,0.027499768882989883,0.019237883388996124,0.027426965534687042,0,0,0,4.9071245193481445,9.372171401977539,7.457568168640137,0,0,0,0,2354.7999999999997,2489.2000000000003,2319.52
6a04997b6156c07b5e7ad679,2026-05-13T15:29:51.452Z,2,20,3.7,2026-05-13T15:29:51.452Z,0.7388155460357666,0.7677195072174072,0.9953460693359375,-0.02157855,0.005470634,0.16411972045898438,0.083322287,7.8265838623046875,4.526619911193848,0.23649315536022186,-0.115055501,3.0520827770233154,3.418299913406372,0,0,0,0,0,0,0.027432410046458244,0.019359111785888672,0.027409370988607407,0,0,0,6.487237453460693,9.469579696655273,6.0930585861206055,0,0,0,0,2336.81,2465.8199999999997,2302.2999999999997
6a049a086156c07b5e7ad6f2,2026-05-13T15:32:11.846Z,2,21,3.7,2026-05-13T15:32:11.846Z,0.40874266624450684,0.36747026443481445,0.6030573844909668,-0.022441626,0.004628897,0.16411972045898438,0.083322287,7.949035645,3.622948647,0.23649261891841888,-0.115404189,0.7236673831939697,0.8460366725921631,0,0,0,0,0,0,0.027713535353541374,0.019596668,0.027360666543245316,0,0,0,8.434318542480469,1.4402081966400146,3.873974561691284,0,0,0,0,2314.41,2461.6200000000003,2290.4
6a049a946156c07b5e7ad76b,2026-05-13T15:34:32.341Z,2,22,3.7,2026-05-13T15:34:32.341Z,0.6892192363739014,0.7228641510009766,0.8869502544403076,-0.02157855,0.004628897,0.16411972045898438,0.083322287,7.520446777,4.522760391235352,0.2364969402551651,-0.116277993,3.2714836597442627,3.669074535369873,0,0,0,0,0,0,0.027806442230939865,0.019776519387960434,0.027191029861569405,0,0,0,6.721276760101318,9.610162734985352,3.9943642616271973,0,0,0,0,2295.79,2439.01,2278.5
6a049b206156c07b5e7ad7e4,2026-05-13T15:36:52.727Z,2,23,3.7,2026-05-13T15:36:52.727Z,0.8850395679473877,0.8772709369659424,1.1398735046386719,-0.02157855,0.005470634,0.16411972045898438,0.083322287,8.142913818359375,4.449981689453125,0.23644471168518066,-0.114054322,2.615013599395752,2.9238274097442627,0,0,0,0,0,0,0.027996614575386047,0.019827071577310562,0.027197740972042084,0,0,0,6.724656105041504,8.683657646,9.300100326538086,0,0,0,0,2277.31,2417.73,2254.7000000000003
6a049bad6156c07b5e7ad85d,2026-05-13T15:39:12.631Z,2,24,3.7,2026-05-13T15:39:12.631Z,0.2129225730895996,0.23117828369140625,0.44992709159851074,-0.022441626,0.005891442,0.16411972045898438,0.083322287,7.8265838623046875,4.282369613647461,0.2365385890007019,-0.115362763,2.1850619316101074,2.4380571842193604,0,0,0,0,0,0,0.027141764760017395,0.019912581890821457,0.027314482256770134,0,0,0,3.1048383712768555,2.873502731323242,3.1825568675994873,0,0,0,0,2267.02,2409.8199999999997,2243.78
6a049c396156c07b5e7ad8d6,2026-05-13T15:41:32.916Z,2,25,3.7,2026-05-13T15:41:32.916Z,1.0329737663269043,1.012699842453003,1.2628941535949707,-0.02157855,0.005049825,0.16411972045898438,0.083322287,7.7755584716796875,4.3727922439575195,0.23651902377605438,-0.116564095,2.5590717792510986,2.863755702972412,0,0,0,0,0,0,0.027611086145043373,0.019833600148558617,0.027718587,0,0,0,9.666420936584473,9.229816436767578,8.223843574523926,0,0,0,0,2242.31,2388.19,2222.4300000000003
6a049cc56156c07b5e7ad94f,2026-05-13T15:43:53.271Z,2,26,3.7,2026-05-13T15:43:53.271Z,0.7105967998504639,0.7185509204864502,0.9755597114562988,-0.02157855,0.005470634,0.16411972045898438,0.083322287,7.734741211,4.505117416381836,0.23650194704532623,-0.115373254,2.553741931915283,2.8450121879577637,0,0,0,0,0,0,0.027471727,0.019641403,0.027497531846165657,0,0,0,5.010132789611816,7.332557201385498,8.921291351,0,0,0,0,2227.4,2370.2000000000003,2198.7000000000003
6a049d526156c07b5e7ad9c8,2026-05-13T15:46:13.696Z,2,27,3.7,2026-05-13T15:46:13.696Z,0.3959159851074219,0.37523365020751953,0.6107997894287109,-0.023304701,0.005049825,0.16411972045898438,0.083322287,7.5918731689453125,3.952108383178711,0.23648078739643097,-0.116617382,1.4532157182693481,1.6318684816360474,0,0,0,0,0,0,0.027675015851855278,0.019542972,0.027528680860996246,0,0,0,6.222025394439697,2.304558277130127,5.230282306671143,0,0,0,0,2210.1800000000003,2363.9,2183.3700000000003
6a049dde6156c07b5e7ada41,2026-05-13T15:48:34.098Z,2,28,3.7,2026-05-13T15:48:34.098Z,0.5062253475189209,0.5305030345916748,0.7329599857330322,-0.02157855,0.005049825,0.16411972045898438,0.083322287,7.765350341796875,4.705258369445801,0.23653070628643036,-0.117277682,3.629821777,4.067613602,0,0,0,0,0,0,0.027796778827905655,0.019630913,0.027662239968776703,0,0,0,3.712399482727051,9.140630722045898,3.786210060119629,0,0,0,0,2198.7000000000003,2342.6200000000003,2171.6800000000003
6a049e6a6156c07b5e7adaba,2026-05-13T15:50:53.958Z,2,29,3.7,2026-05-13T15:50:53.958Z,0.3984816074371338,0.42267704010009766,0.7019901275634766,-0.02157855,0.005049825,0.16411972045898438,0.083322287,8.173538208007812,4.612079620361328,0.2365252673625946,-0.116238654,2.004991054534912,2.2493486404418945,0,0,0,0,0,0,0.027673218,0.019752873107790947,0.027814406901597977,0,0,0,1.240022063,3.9018144607543945,9.686014175415039,0,0,0,0,2193.03,2332.4,2146.83
6a049ef66156c07b5e7adb33,2026-05-13T15:53:14.452Z,3,0,5.7,2026-05-13T15:53:14.452Z,0.672116756,0.6780085563659668,0.8826491832733154,-0.02157855,0.004628897,0.16411972045898438,0.083322287,8.27557373,4.524414063,0.23647165298461914,-0.114325285,3.246135711669922,3.6676218509674072,0,0,0,0,0,0,0.028070339933037758,0.019415159,0.027564785,0,0,0,6.677691459655762,9.580991744995117,4.000587463378906,0,0,0,0,2175.3199999999997,2310,2134.2999999999997
6a049f826156c07b5e7adbac,2026-05-13T15:55:34.556Z,3,1,5.7,2026-05-13T15:55:34.556Z,0.383089542,0.3683328628540039,0.6615567207336426,-0.023304701,0.004628897,0.16411972045898438,0.083322287,8.030670166015625,3.740939140319824,0.23652304708957672,-0.116081178,0.8001899123191833,0.9080308675765991,0,0,0,0,0,0,0.027855534106492996,0.019923955,0.027788279578089714,0,0,0,7.414548397064209,1.6265943050384521,4.342222690582275,0,0,0,0,2155.23,2305.1,2121.6299999999997
6a04a00f6156c07b5e7adc25,2026-05-13T15:57:54.704Z,3,2,5.7,2026-05-13T15:57:54.704Z,1.0791494846343994,1.0765328407287598,1.3256940841674805,-0.02157855,0.004628897,0.16411972045898438,0.083322287,7.673522949,4.393192291259766,0.23648889362812042,-0.116466522,2.7327678203582764,2.949866533279419,0,0,0,0,0,0,0.027943167835474014,0.019522628,0.027664864,0,0,0,9.811089515686035,9.827285766601562,8.140188217163086,0,0,0,0,2129.6800000000003,2282.21,2100.21
6a04a09b6156c07b5e7adc9e,2026-05-13T16:00:15.261Z,3,3,5.7,2026-05-13T16:00:15.261Z,0.863661528,0.8764078617095947,1.112344741821289,-0.022441626,0.004628897,0.16411972045898438,0.082901478,7.7755584716796875,4.468727111816406,0.2365124523639679,-0.116876781,2.889099121,3.127671241760254,0,0,0,0,0,0,0.027787163853645325,0.019958224147558212,0.027883308,0,0,0,7.396331310272217,9.313321113586426,7.598237514,0,0,0,0,2109.31,2259.6,2079.49
6a04a1286156c07b5e7add17,2026-05-13T16:02:35.448Z,3,4,5.7,2026-05-13T16:02:35.448Z,0.7020459175109863,0.7116503715515137,0.9291043281555176,-0.022441626,0.004628897,0.16411972045898438,0.082901478,8.091903686523438,4.5437116622924805,0.2364961951971054,-0.117137492,3.148956060409546,3.4203314781188965,0,0,0,0,0,0,0.028138715773820877,0.020039604976773262,0.027824506163597107,0,0,0,5.517484664916992,8.929527282714844,6.184117317199707,0,0,0,0,2093.28,2237.48,2062.1299999999997
6a04a1b46156c07b5e7add90,2026-05-13T16:04:56.085Z,3,5,5.7,2026-05-13T16:04:56.085Z,0.5968673229217529,0.5934731960296631,0.8792083263397217,-0.022441626,0.004628897,0.16411972045898438,0.083322287,7.8265838623046875,4.553636551,0.23650121688842773,-0.117738247,2.459878921508789,2.680514335632324,0,0,0,0,0,0,0.028044860810041428,0.020308658480644226,0.028106155,0,0,0,3.3866424560546875,5.991919994354248,9.409219741821289,0,0,0,0,2082.29,2222.29,2037.42
6a04a2406156c07b5e7ade09,2026-05-13T16:07:16.127Z,3,6,5.7,2026-05-13T16:07:16.127Z,0.4668903350830078,0.4313032627105713,0.6710197925567627,-0.02157855,0.004628897,0.16327810287475586,0.083322287,7.9898529052734375,3.7089595794677734,0.23648107051849365,-0.11018455,1.2567846775054932,1.3481899499893188,0,0,0,0,0,0,0.028047578409314156,0.020153790712356567,0.028335144743323326,0,0,0,9.558784484863281,1.8389325141906738,3.785595655441284,0,0,0,0,2058.21,2217.39,2025.52
6a04a2cd6156c07b5e7ade82,2026-05-13T16:09:36.448Z,3,7,5.7,2026-05-13T16:09:36.448Z,0.47287631034851074,0.4718456268310547,0.649512768,-0.023304701,0.004628897,0.16411972045898438,0.082901478,8.336807250976562,4.489127159118652,0.23651036620140076,-0.111872613,3.292527437210083,3.5690548419952393,0,0,0,0,0,0,0.027853835374116898,0.019764399155974388,0.027828682214021683,0,0,0,4.959897994995117,7.332588195800781,3.365722894668579,0,0,0,0,2043.0900000000001,2200.03,2015.02
6a04a35a6156c07b5e7adefb,2026-05-13T16:11:57.010Z,3,8,5.7,2026-05-13T16:11:57.010Z,1.061192274093628,1.012699842453003,1.3110694885253906,-0.023304701,0.004208088,0.16327810287475586,0.082901478,8.010269165039062,4.333645820617676,0.23652902245521545,-0.113134861,2.469731330871582,2.677532434463501,0,0,0,0,0,0,0.028012486174702644,0.019670795649290085,0.028169332072138786,0,0,0,9.802682876586914,8.599370002746582,9.221449851989746,0,0,0,0,2017.8899999999999,2179.1,1991.2199999999998
6a04a3e76156c07b5e7adf74,2026-05-13T16:14:17.916Z,3,9,5.7,2026-05-13T16:14:17.916Z,0.4822821617126465,0.4934108257293701,0.6847841739654541,-0.022441626,0.004628897,0.16454052925109863,0.083322287,7.734741211,4.630274772644043,0.23652443289756775,-0.113919735,4.026078224182129,4.3906941413879395,0,0,0,0,0,0,0.027859807014465332,0.019702461,0.027566485106945038,0,0,0,5.065757751464844,9.655864715576172,1.2889372110366821,0,0,0,0,2002.7000000000003,2156.21,1984.92
6a04a4736156c07b5e7adfed,2026-05-13T16:16:38.863Z,3,10,5.7,2026-05-13T16:16:38.863Z,0.3386237621307373,0.355393648,0.5763885974884033,-0.023304701,0.004628897,0.16411972045898438,0.082901478,7.673522949,4.955574035644531,0.23649659752845764,-0.115168571,4.148088455200195,4.544126033782959,0,0,0,0,0,0,0.027746854349970818,0.020056808,0.028059905394911766,0,0,0,1.3807687759399414,8.082494735717773,3.0977044105529785,0,0,0,0,1996.4699999999998,2136.19,1975.33
6a04a5006156c07b5e7ae066,2026-05-13T16:18:59.309Z,3,11,5.7,2026-05-13T16:18:59.309Z,0.7371053695678711,0.7556431293487549,1.0134119987487793,-0.024168015,0.004628897,0.16411972045898438,0.082059741,8.438842773,4.676589012145996,0.23649148643016815,-0.115124106,3.084754467010498,3.3741564750671387,0,0,0,0,0,0,0.027950158342719078,0.019527478143572807,0.02725823,0,0,0,3.837014675140381,9.274188995361328,8.942249298095703,0,0,0,0,1985.27,2113.9300000000003,1952.3700000000001
6a04a58c6156c07b5e7ae0df,2026-05-13T16:21:20.182Z,3,12,5.7,2026-05-13T16:21:20.182Z,0.4874129295349121,0.4545936584472656,0.7484450340270996,-0.022441626,0.004628897,0.16327810287475586,0.083322287,8.204147338867188,4.092702865600586,0.23650608956813812,-0.11553514,2.0444769859313965,2.220275879,0,0,0,0,0,0,0.028217608109116554,0.019773353,0.027897629886865616,0,0,0,8.061115264892578,4.1002655029296875,3.9817376136779785,0,0,0,0,1963.99,2103.01,1939.77
6a04a6196156c07b5e7ae158,2026-05-13T16:23:40.793Z,3,13,5.7,2026-05-13T16:23:40.793Z,0.42926549911499023,0.42440223693847656,0.6692993640899658,-0.022441626,0.004628897,0.16327810287475586,0.082480669,8.22454834,4.028745651245117,0.236486554,-0.114943326,1.5571504831314087,1.6956433057785034,0,0,0,0,0,0,0.028215035796165466,0.020092647522687912,0.027863983064889908,0,0,0,5.389552593231201,2.6211366653442383,6.837344169616699,0,0,0,0,1948.52,2096.5,1921.43
6a04a6a66156c07b5e7ae1d1,2026-05-13T16:26:01.190Z,3,14,5.7,2026-05-13T16:26:01.190Z,0.5002398490905762,0.4813344478607178,0.7019901275634766,-0.022441626,0.004208088,0.16327810287475586,0.081218123,8.142913818359375,4.3634185791015625,0.2365005761384964,-0.116969824,3.1382992267608643,3.422910213470459,0,0,0,0,0,0,0.027729321271181107,0.019959806,0.027928799390792847,0,0,0,7.284557819366455,7.186082363128662,1.7513232231140137,0,0,0,0,1928.99,2079.7000000000003,1914.2199999999998
6a04a7326156c07b5e7ae24a,2026-05-13T16:28:21.855Z,3,15,5.7,2026-05-13T16:28:21.855Z,0.4044671058654785,0.40973782539367676,0.6271452903747559,-0.025031328,0.003787279,0.16411972045898438,0.082901478,7.8571929931640625,4.347980499267578,0.23648697137832642,-0.116174519,2.895925283432007,3.162537097930908,0,0,0,0,0,0,0.028052723,0.019903680309653282,0.028388154,0,0,0,6.09321928,5.743249893188477,2.233166456222534,0,0,0,0,1911.7000000000003,2065.28,1906.3799999999999
6a04a7be6156c07b5e7ae2c3,2026-05-13T16:30:42.492Z,3,16,5.7,2026-05-13T16:30:42.492Z,0.3394787311553955,0.3424549102783203,0.5961751937866211,-0.023304701,0.004628897,0.16327810287475586,0.082059741,7.5612640380859375,4.836481094360352,0.23649288713932037,-0.114779711,3.7779576778411865,4.150677204,0,0,0,0,0,0,0.028553735464811325,0.020524710416793823,0.028139006346464157,0,0,0,2.042135000228882,7.6403069496154785,3.7073826789855957,0,0,0,0,1903.93,2046.8700000000001,1895.3899999999999
6a04a84b6156c07b5e7ae33c,2026-05-13T16:33:02.680Z,3,17,5.7,2026-05-13T16:33:02.680Z,0.6122591495513916,0.6055498123168945,0.8663039207458496,-0.026757479,0.004208088,0.16411972045898438,0.082480669,7.755157470703125,3.9895992279052734,0.23653677105903625,-0.116376162,1.581762433052063,1.7131788730621338,0,0,0,0,0,0,0.028593244031071663,0.020238446071743965,0.028255982,0,0,0,7.405407428741455,3.2787628173828125,8.155632019042969,0,0,0,0,1884.4699999999998,2038.3999999999999,1874.18
6a04a8d76156c07b5e7ae3b5,2026-05-13T16:35:23.025Z,3,18,5.7,2026-05-13T16:35:23.025Z,0.41301822662353516,0.45804405212402344,0.7183353900909424,-0.024168015,0.003787279,0.16411972045898438,0.082480669,7.551055908203125,4.706361770629883,0.2365090399980545,-0.116520166,3.000007390975952,3.2804975509643555,0,0,0,0,0,0,0.028826918452978134,0.020671596750617027,0.028495898470282555,0,0,0,2.409048318862915,6.658300399780273,6.761423587799072,0,0,0,0,1875.7900000000002,2022.51,1855.6299999999999
6a04a9636156c07b5e7ae42e,2026-05-13T16:37:43.378Z,3,19,5.7,2026-05-13T16:37:43.378Z,0.8730678558349609,0.901423454,1.138152837753296,-0.025031328,0.004208088,0.16411972045898438,0.082480669,8.020462036132812,4.479754447937012,0.23651297390460968,-0.11692059,2.7217893600463867,2.9679830074310303,0,0,0,0,0,0,0.028327335,0.020451322197914124,0.02804059,0,0,0,6.665757179260254,8.770471572875977,9.001437187194824,0,0,0,0,1857.8700000000001,2001.23,1831.83
6a04a9f06156c07b5e7ae4a7,2026-05-13T16:40:03.657Z,3,20,5.7,2026-05-13T16:40:03.657Z,0.26764965057373047,0.27172088623046875,0.47745633125305176,-0.024168015,0.00336647,0.16327810287475586,0.082901478,8.540893555,4.462662696838379,0.23656010627746582,-0.117349446,3.292198657989502,3.6021907329559326,0,0,0,0,0,0,0.028708351776003838,0.020497005432844162,0.02795817,0,0,0,3.754547595977783,5.3496503829956055,1.5680594444274902,0,0,0,0,1845.8999999999999,1987.58,1824.6200000000001
6a04aa7c6156c07b5e7ae520,2026-05-13T16:42:24.005Z,3,21,5.7,2026-05-13T16:42:24.005Z,0.7430911064147949,0.7435667514801025,0.9488909244537354,-0.023304701,0.004208088,0.1628572940826416,0.082901478,7.68371582,4.449430465698242,0.23650242388248444,-0.117718577,3.2663180828094482,3.5817532539367676,0,0,0,0,0,0,0.027944916859269142,0.020507574,0.028253458440303802,0,0,0,9.009311676,9.840830803,2.752934694290161,0,0,0,0,1823.01,1964.48,1815.7999999999997
6a04ab096156c07b5e7ae599,2026-05-13T16:44:44.387Z,3,22,5.7,2026-05-13T16:44:44.387Z,0.5387194156646729,0.5132505893707275,0.7260777950286865,-0.026757479,0.003787279,0.16411972045898438,0.082901478,8.27557373,4.2630720138549805,0.23648449778556824,-0.117780328,2.7654130458831787,3.032181501,0,0,0,0,0,0,0.028353622183203697,0.020320022478699684,0.028341740369796753,0,0,0,8.404096603393555,6.410407066345215,2.109581470489502,0,0,0,0,1800.4699999999998,1948.3799999999999,1808.3799999999999
6a04ab956156c07b5e7ae612,2026-05-13T16:47:04.908Z,3,23,5.7,2026-05-13T16:47:04.908Z,0.49425387382507324,0.5020370483398438,0.7217762470245361,-0.025031328,0.004628897,0.16411972045898438,0.082901478,8.173538208007812,4.408630371,0.23648250102996826,-0.117881179,3.034607172012329,3.3245327472686768,0,0,0,0,0,0,0.028047578409314156,0.020439911633729935,0.028616316616535187,0,0,0,5.933389186859131,6.872577667236328,3.266444683074951,0,0,0,0,1783.67,1931.7900000000002,1798.23
6a04ac216156c07b5e7ae68b,2026-05-13T16:49:25.077Z,3,24,5.7,2026-05-13T16:49:25.077Z,0.7396702766418457,0.7349405288696289,1.0254557132720947,-0.024168015,0.003787279,0.16411972045898438,0.083322287,7.8265838623046875,4.572381973266602,0.23657312989234924,-0.117995083,2.713134766,2.966231346130371,0,0,0,0,0,0,0.028300948441028595,0.020273529,0.028081842,0,0,0,4.616175651550293,7.935174465179443,9.610655784606934,0,0,0,0,1770.0900000000001,1912.3999999999999,1774.01
6a04acad6156c07b5e7ae704,2026-05-13T16:51:45.059Z,3,25,5.7,2026-05-13T16:51:45.059Z,0.5695035457611084,0.5658698081970215,0.8138265609741211,-0.025031328,0.003787279,0.16411972045898438,0.082901478,7.7245330810546875,4.402565002441406,0.23659759759902954,-0.11777544,2.692558765411377,2.9686150550842285,0,0,0,0,0,0,0.028287803754210472,0.020691145211458206,0.028534684,0,0,0,6.2313385009765625,6.546560764312744,5.227645397186279,0,0,0,0,1752.73,1896.0900000000001,1758.61
6a04ad396156c07b5e7ae77d,2026-05-13T16:54:05.171Z,3,26,5.7,2026-05-13T16:54:05.171Z,0.5318787097930908,0.5425794124603271,0.8009223937988281,-0.023304701,0.004208088,0.16327810287475586,0.082901478,8.163330078,4.623659133911133,0.23649220168590546,-0.117894411,2.835909128189087,3.107659339904785,0,0,0,0,0,0,0.029082594,0.020713159814476967,0.028995529,0,0,0,3.3201510906219482,6.826529026031494,7.4396491050720215,0,0,0,0,1742.3,1879.57,1739.01
6a04adc66156c07b5e7ae7f6,2026-05-13T16:56:25.603Z,3,27,5.7,2026-05-13T16:56:25.603Z,0.513066292,0.4804718494415283,0.677041769,-0.025031328,0.003787279,0.16411972045898438,0.082901478,7.928619384765625,4.2382612228393555,0.2365284115076065,-0.118055582,2.6780378818511963,2.943956136703491,0,0,0,0,0,0,0.029196896,0.020767059177160263,0.028980322182178497,0,0,0,8.715127944946289,5.898122787475586,1.537726879119873,0,0,0,0,1719.83,1865.08,1732.43
6a04ae526156c07b5e7ae86f,2026-05-13T16:58:46.085Z,3,28,5.7,2026-05-13T16:58:46.085Z,0.1923999786376953,0.219102144,0.41379547119140625,-0.024168015,0.004208088,0.16327810287475586,0.082901478,7.5918731689453125,4.535442352294922,0.23657196760177612,-0.118174195,3.4338109493255615,3.8187601566314697,0,0,0,0,0,0,0.028877831995487213,0.020418722182512283,0.028848864138126373,0,0,0,2.852504253387451,5.100419998168945,1.1744554042816162,0,0,0,0,1709.3999999999999,1853.1100000000001,1727.11
6a04aedf6156c07b5e7ae8e8,2026-05-13T17:01:06.547Z,3,29,5.7,2026-05-13T17:01:06.547Z,0.5729238986968994,0.56500721,0.7768344879150391,-0.025031328,0.004208088,0.16411972045898438,0.082901478,8.428649902,4.3386077880859375,0.23655356466770172,-0.118045747,2.940131902694702,3.232578992843628,0,0,0,0,0,0,0.029214465990662575,0.020592456683516502,0.028716541826725006,0,0,0,7.494130611419678,7.268008708953857,3.021409511566162,0,0,0,0,1689.5900000000001,1835.68,1717.73
6a04af6b6156c07b5e7ae961,2026-05-13T17:03:27.121Z,4,0,4.8,2026-05-13T17:03:27.121Z,0.4412369728088379,0.457181454,0.6581153869628906,-0.023304701,0.00336647,0.16327810287475586,0.082901478,7.9694366455078125,4.5767927169799805,0.2365596741437912,-0.118151665,3.2001421451568604,3.520190715789795,0,0,0,0,0,0,0.029761618,0.020675644278526306,0.028651746,0,0,0,3.8935978412628174,6.928095341,4.1779890060424805,0,0,0,0,1677.48,1818.67,1705.62
6a04aff76156c07b5e7ae9da,2026-05-13T17:05:47.473Z,4,1,4.8,2026-05-13T17:05:47.473Z,0.47287631034851074,0.44683027267456055,0.6615567207336426,-0.024168015,0.004208088,0.16327810287475586,0.082901478,7.6428985595703125,4.201320648193359,0.2365388423204422,-0.118076682,2.2378697395324707,2.4756250381469727,0,0,0,0,0,0,0.029218001291155815,0.020850264,0.028626397252082825,0,0,0,6.918266296386719,4.3813676834106445,3.5898101329803467,0,0,0,0,1658.93,1807.82,1694.7
6a04b0846156c07b5e7aea53,2026-05-13T17:08:07.786Z,4,2,4.8,2026-05-13T17:08:07.786Z,0.38822007179260254,0.366607666,0.612520695,-0.027620554,0.004628897,0.16411972045898438,0.082901478,8.469467163085938,4.182023048400879,0.2365167886018753,-0.11786294,2.120013714,2.3414502143859863,0,0,0,0,0,0,0.029110677540302277,0.020418722182512283,0.028227359,0,0,0,5.3710103034973145,3.775545597076416,4.444301605224609,0,0,0,0,1643.53,1798.51,1681.89
6a04b1106156c07b5e7aeacc,2026-05-13T17:10:28.315Z,4,3,4.8,2026-05-13T17:10:28.315Z,0.7054662704467773,0.674558163,0.8998546600341797,-0.022441626,0.003787279,0.16411972045898438,0.082901478,7.8571929931640625,4.205731391906738,0.2366187870502472,-0.117854774,2.2744483947753906,2.507920742034912,0,0,0,0,0,0,0.029347170144319534,0.021093713119626045,0.028944918885827065,0,0,0,9.220062255859375,5.928615570068359,5.257707118988037,0,0,0,0,1619.52,1784.3,1667.12
6a04b19c6156c07b5e7aeb45,2026-05-13T17:12:48.437Z,4,4,4.8,2026-05-13T17:12:48.437Z,0.7353951930999756,0.7375285625457764,0.9093177318572998,-0.025031328,0.004208088,0.16411972045898438,0.082480669,8.051086426,4.449430465698242,0.2365827113389969,-0.117741287,3.2266180515289307,3.533010244369507,0,0,0,0,0,0,0.028710968792438507,0.020765429362654686,0.028453812,0,0,0,8.174140930175781,9.667536735534668,3.653695583343506,0,0,0,0,1597.3999999999999,1761.48,1655.78
6a04b2286156c07b5e7aebbe,2026-05-13T17:15:08.458Z,4,5,4.8,2026-05-13T17:15:08.458Z,0.448077917,0.49686121940612793,0.6933870315551758,-0.026757479,0.004208088,0.16411972045898438,0.082901478,7.8265838623046875,5.0564727783203125,0.23658598959445953,-0.117780387,4.067499160766602,4.480039119720459,0,0,0,0,0,0,0.029375379905104637,0.021749140694737434,0.028992139,0,0,0,1.1989413499832153,9.586523056030273,4.771748065948486,0,0,0,0,1590.89,1737.82,1642.13
6a04b2b46156c07b5e7aec37,2026-05-13T17:17:28.436Z,4,6,4.8,2026-05-13T17:17:28.436Z,0.21976351737976074,0.22427773475646973,0.41379547119140625,-0.023304701,0.004208088,0.16411972045898438,0.083322287,8.040878295898438,4.252045631408691,0.23669962584972382,-0.117724895,2.5621395111083984,2.8573896884918213,0,0,0,0,0,0,0.029737929,0.021196478977799416,0.028766258,0,0,0,4.214341163635254,3.395461082458496,1.3098264932632446,0,0,0,0,1579.13,1728.93,1636.32
6a04b3416156c07b5e7aecb0,2026-05-13T17:19:48.651Z,4,7,4.8,2026-05-13T17:19:48.651Z,0.33178281784057617,0.3735086917877197,0.5548815727233887,-0.022441626,0.004208088,0.16454052925109863,0.082901478,7.653106689453125,5.070807456970215,0.23659449815750122,-0.117309153,4.817392826080322,5.321990489959717,0,0,0,0,0,0,0.029405329,0.021149142,0.029342137277126312,0,0,0,1.205540418624878,9.661692619,1.4911398887634277,0,0,0,0,1573.18,1706.32,1630.51
6a04b3cd6156c07b5e7aed29,2026-05-13T17:22:08.847Z,4,8,4.8,2026-05-13T17:22:08.847Z,0.3856546878814697,0.43389105796813965,0.6314465999603271,-0.023304701,0.004208088,0.16411972045898438,0.082901478,8.081695556640625,4.877282143,0.2366734743118286,-0.117631495,3.7429869174957275,4.153982162475586,0,0,0,0,0,0,0.029452789574861526,0.021173648536205292,0.029068021,0,0,0,1.9447400569915771,8.059001922607422,4.2299699783325195,0,0,0,0,1566.18,1686.23,1618.12
6a04b4596156c07b5e7aeda2,2026-05-13T17:24:29.401Z,4,9,4.8,2026-05-13T17:24:29.401Z,0.639622688,0.6598939895629883,0.867164135,-0.024168015,0.004628897,0.16411972045898438,0.083322287,8.347015380859375,4.468727111816406,0.2365749627351761,-0.117619991,2.8371880054473877,3.1450703144073486,0,0,0,0,0,0,0.029483605176210403,0.021100962534546852,0.029138756915926933,0,0,0,5.611107349395752,7.567383289337158,6.251458168029785,0,0,0,0,1550.78,1667.68,1600.97
6a04b4e66156c07b5e7aee1b,2026-05-13T17:26:49.569Z,4,10,4.8,2026-05-13T17:26:49.569Z,1.061192274093628,1.073082685470581,1.3102092742919922,-0.023304701,0.004208088,0.16411972045898438,0.083322287,8.193939208984375,4.403667449951172,0.23671600222587585,-0.117209077,2.749774217605591,3.0262255668640137,0,0,0,0,0,0,0.029253091663122177,0.021012775599956512,0.029049474745988846,0,0,0,9.204072952270508,9.993342399597168,8.319426536560059,0,0,0,0,1527.33,1644.02,1579.6899999999998
6a04b5726156c07b5e7aee94,2026-05-13T17:29:10.056Z,4,11,4.8,2026-05-13T17:29:10.056Z,0.41643857955932617,0.44510483741760254,0.6968283653259277,-0.02157855,0.004628897,0.16411972045898438,0.083322287,7.9898529052734375,4.680998802185059,0.23662205040454865,-0.117332339,2.6666269302368164,2.9339706897735596,0,0,0,0,0,0,0.029795989394187927,0.021056821569800377,0.029005602,0,0,0,1.7836320400238037,5.515382766723633,7.602388381958008,0,0,0,0,1519.42,1629.88,1558.83
6a04b5ff6156c07b5e7aef0d,2026-05-13T17:31:30.529Z,4,12,4.8,2026-05-13T17:31:30.529Z,0.9252297878265381,0.8755452632904053,1.1871891021728516,-0.02157855,0.004628897,0.16454052925109863,0.083322287,8.22454834,4.378856658935547,0.23668216168880463,-0.117543995,2.564438819885254,2.8408215045928955,0,0,0,0,0,0,0.029443984851241112,0.021230053156614304,0.029381718,0,0,0,8.194441795349121,8.412229537963867,8.507905960083008,0,0,0,0,1498.42,1609.79,1536.29
6a04b68b6156c07b5e7aef86,2026-05-13T17:33:51.051Z,4,13,4.8,2026-05-13T17:33:51.051Z,0.43354105949401855,0.41750144958496094,0.677041769,-0.020715475,0.004208088,0.16411972045898438,0.083322287,8.010269165039062,4.0910491943359375,0.23658601939678192,-0.11787492,1.7126796245574951,1.8984527587890625,0,0,0,0,0,0,0.029134448617696762,0.020962951704859734,0.029086517170071602,0,0,0,5.788467884063721,3.1435458660125732,6.240091800689697,0,0,0,0,1481.8999999999999,1601.32,1518.93
6a04b7176156c07b5e7aefff,2026-05-13T17:36:11.240Z,4,14,4.8,2026-05-13T17:36:11.240Z,0.26508426666259766,0.2691333293914795,0.446486235,-0.020715475,0.004628897,0.1649613380432129,0.083322287,7.68371582,4.359007835388184,0.23666496574878693,-0.11785537,2.9244167804718018,3.2220590114593506,0,0,0,0,0,0,0.029327910393476486,0.021087104454636574,0.028914598748087883,0,0,0,3.979618787765503,4.505301475524902,1.7468106746673584,0,0,0,0,1469.72,1590.3999999999999,1511.72
6a04b7a46156c07b5e7af078,2026-05-13T17:38:31.772Z,4,15,4.8,2026-05-13T17:38:31.772Z,0.5472707748413086,0.5615565776824951,0.7277984619140625,-0.02157855,0.004628897,0.16411972045898438,0.083322287,8.193939208984375,4.5944366455078125,0.23665030300617218,-0.117475152,3.7105414867401123,4.1191301345825195,0,0,0,0,0,0,0.030119305476546288,0.021370541,0.029337056,0,0,0,6.047500133514404,9.564828872680664,1.5660971403121948,0,0,0,0,1453.13,1568.21,1505.63
6a04b8306156c07b5e7af0f1,2026-05-13T17:40:52.003Z,4,16,4.8,2026-05-13T17:40:52.003Z,0.32921743392944336,0.30881309509277344,0.5531611442565918,-0.022441626,0.004208088,0.16454052925109863,0.083743095,7.836791992,3.9333620071411133,0.23661094903945923,-0.117488265,1.3508529663085938,1.4973995685577393,0,0,0,0,0,0,0.02978719,0.021357480436563492,0.029471222311258316,0,0,0,4.6711931228637695,1.754760742,5.408768177032471,0,0,0,0,1439.2,1562.82,1490.51
6a04b8bc6156c07b5e7af16a,2026-05-13T17:43:12.094Z,4,17,4.8,2026-05-13T17:43:12.094Z,0.39506101608276367,0.3795466423034668,0.6357481479644775,-0.02157855,0.004628897,0.1649613380432129,0.083322287,7.9898529052734375,3.9096527099609375,0.23659129440784454,-0.117556572,0.8032829761505127,0.8769849538803101,0,0,0,0,0,0,0.029980894178152084,0.021295374259352684,0.029245104640722275,0,0,0,4.2883710861206055,1.6781761646270752,7.906450271606445,0,0,0,0,1426.53,1558.62,1469.72
6a04b9496156c07b5e7af1e3,2026-05-13T17:45:32.718Z,4,18,4.8,2026-05-13T17:45:32.718Z,0.28047633171081543,0.26395750045776367,0.47745633125305176,-0.020715475,0.004628897,0.16454052925109863,0.083322287,7.918426513671875,4.127990723,0.2366613894701004,-0.117483437,2.1990609169006348,2.456585168838501,0,0,0,0,0,0,0.029744070023298264,0.021520936861634254,0.029401168,0,0,0,5.839771270751953,3.2426791191101074,1.489819884300232,0,0,0,0,1410.29,1550.92,1463.28
6a04b9d56156c07b5e7af25c,2026-05-13T17:47:53.245Z,4,19,4.8,2026-05-13T17:47:53.245Z,0.402756929,0.44337964057922363,0.6641373634338379,-0.02157855,0.004628897,0.16454052925109863,0.083743095,8.000061035,4.743302345275879,0.23665307462215424,-0.117528498,3.3186092376708984,3.7150256633758545,0,0,0,0,0,0,0.030061965808272362,0.021744166,0.029723618179559708,0,0,0,2.358746052,7.256134510040283,5.081063270568848,0,0,0,0,1402.03,1533.77,1449.21
6a04ba616156c07b5e7af2d5,2026-05-13T17:50:13.235Z,4,20,4.8,2026-05-13T17:50:13.235Z,0.3839445114135742,0.35625648498535156,0.5505802631378174,-0.023304701,0.004628897,0.16411972045898438,0.083322287,8.051086426,3.8655452728271484,0.23664423823356628,-0.117756128,1.642535924911499,1.8225305080413818,0,0,0,0,0,0,0.029950065538287163,0.021374682,0.029353072866797447,0,0,0,8.883464813232422,2.4990077018737793,1.2598663568496704,0,0,0,0,1379.28,1527.1899999999998,1443.47
6a04baed6156c07b5e7af34e,2026-05-13T17:52:33.264Z,4,21,4.8,2026-05-13T17:52:33.264Z,0.5387194156646729,0.5296404361724854,0.7234971523284912,-0.02157855,0.004628897,0.16454052925109863,0.082901478,8.357208251953125,4.328683853149414,0.23665407299995422,-0.117708147,3.063615083694458,3.405418872833252,0,0,0,0,0,0,0.029965963,0.021927461,0.029607909,0,0,0,8.037932395935059,7.418594837188721,1.377280354499817,0,0,0,0,1357.51,1509.8999999999999,1437.87
6a04bb796156c07b5e7af3c7,2026-05-13T17:54:53.334Z,4,22,4.8,2026-05-13T17:54:53.334Z,0.4044671058654785,0.4002494812011719,0.5978958606719971,-0.020715475,0.004628897,0.1649613380432129,0.083322287,8.357208251953125,4.377754211425781,0.23662613332271576,-0.117802262,3.148270845413208,3.5401737689971924,0,0,0,0,0,0,0.030179197,0.021435989066958427,0.029614727944135666,0,0,0,6.453321933746338,6.581615447998047,1.031609058380127,0,0,0,0,1339.52,1493.73,1432.97
6a04bc066156c07b5e7af440,2026-05-13T17:57:13.795Z,4,23,4.8,2026-05-13T17:57:13.795Z,0.6165347099304199,0.5684573650360107,0.7905988693237305,-0.02157855,0.005049825,0.16454052925109863,0.083743095,7.836791992,4.1969099044799805,0.23666492104530334,-0.11735338,2.331030846,2.589913845062256,0,0,0,0,0,0,0.030705599,0.021799856796860695,0.029905220493674278,0,0,0,9.569478988647461,5.846657752990723,3.6332569122314453,0,0,0,0,1314.6000000000001,1479.3100000000002,1422.3999999999999
6a04bc916156c07b5e7af4b9,2026-05-13T17:59:34.117Z,4,24,4.8,2026-05-13T17:59:34.117Z,0.2556779384613037,0.22427773475646973,0.44562578201293945,-0.02157855,0.004628897,0.1649613380432129,0.083322287,7.68371582,4.200768471,0.23667924106121063,-0.117929816,2.4144091606140137,2.7201919555664062,0,0,0,0,0,0,0.030493879690766335,0.021880844607949257,0.029613856226205826,0,0,0,5.194295883178711,3.4571218490600586,1.0810973644256592,0,0,0,0,1299.13,1470.63,1417.08
6a04bd1e6156c07b5e7af532,2026-05-13T18:01:53.821Z,4,25,4.8,2026-05-13T18:01:53.821Z,0.7687442302703857,0.7496049404144287,1.0194339752197266,-0.02157855,0.004628897,0.16454052925109863,0.083322287,7.571472168,4.521657943725586,0.2366897165775299,-0.117742419,2.7287604808807373,3.0514938831329346,0,0,0,0,0,0,0.030629664659500122,0.021637935,0.029499085620045662,0,0,0,5.980834007263184,8.279717445373535,7.9272565841674805,0,0,0,0,1282.61,1451.1000000000001,1396.78
6a04bdaa6156c07b5e7af5ab,2026-05-13T18:04:13.875Z,4,26,4.8,2026-05-13T18:04:13.875Z,0.5489809513092041,0.49686121940612793,0.7355406284332275,-0.020715475,0.004628897,0.16454052925109863,0.083322287,7.4183807373046875,4.1638288497924805,0.23672445118427277,-0.117844224,2.320891857147217,2.594876766204834,0,0,0,0,0,0,0.030137708,0.021669063717126846,0.029725311,0,0,0,9.810475349,5.247830867767334,1.8307209014892578,0,0,0,0,1257.27,1438.01,1389.43
6a04be366156c07b5e7af624,2026-05-13T18:06:34.141Z,4,27,4.8,2026-05-13T18:06:34.141Z,0.32836246490478516,0.32865309715270996,0.5531611442565918,-0.020715475,0.004208088,0.16411972045898438,0.083322287,7.5918731689453125,4.4058732986450195,0.2367316037416458,-0.117389619,2.516399383544922,2.844843864440918,0,0,0,0,0,0,0.030421577394008636,0.021758101880550385,0.029229036,0,0,0,3.7836146354675293,4.3814873695373535,3.9272255897521973,0,0,0,0,1245.02,1427.23,1378.0900000000001
6a04bec26156c07b5e7af69d,2026-05-13T18:08:54.033Z,4,28,4.8,2026-05-13T18:08:54.033Z,0.47373127937316895,0.43561601638793945,0.6675786972045898,-0.020715475,0.004628897,0.16538214683532715,0.083322287,7.867401123046875,4.094357490539551,0.23674461245536804,-0.117435873,2.075610637664795,2.3423807621002197,0,0,0,0,0,0,0.030513279139995575,0.021962704,0.029755817726254463,0,0,0,8.653905868530273,4.205327511,2.459256410598755,0,0,0,0,1222.62,1416.8,1369.6899999999998
6a04bf4d6156c07b5e7af716,2026-05-13T18:11:13.919Z,4,29,4.8,2026-05-13T18:11:13.919Z,0.8705024719238281,0.8393161296844482,1.0288972854614258,-0.020715475,0.005049825,0.16538214683532715,0.083322287,8.377624512,4.286229133605957,0.2367250621318817,-0.117650151,2.279263973236084,2.5519583225250244,0,0,0,0,0,0,0.030519409105181694,0.022216452285647392,0.030059841,0,0,0,8.507207870483398,7.1768107414245605,8.533608436584473,0,0,0,0,1199.87,1399.93,1347.92
6a04bfd96156c07b5e7af78f,2026-05-13T18:13:33.788Z,5,0,4.6,2026-05-13T18:13:33.788Z,0.4660353660583496,0.4658071994781494,0.6701595783233643,-0.018989325,0.005049825,0.16454052925109863,0.083743095,8.122512817382812,4.079471588134766,0.23672854900360107,-0.117772102,1.9214195013046265,2.151435613632202,0,0,0,0,0,0,0.030683504417538643,0.021727866,0.029648529,0,0,0,7.538750171661377,3.6884193420410156,3.787360668182373,0,0,0,0,1179.29,1390.48,1336.02
6a04c0656156c07b5e7af808,2026-05-13T18:15:53.822Z,5,1,4.6,2026-05-13T18:15:53.822Z,0.47031068801879883,0.42095184326171875,0.6538140773773193,-0.02157855,0.004208088,0.1649613380432129,0.084163904,7.7449493408203125,3.632321357727051,0.23669391870498657,-0.117616057,0.6979156136512756,0.7871190905570984,0,0,0,0,0,0,0.030278723686933517,0.022101874,0.029846934601664543,0,0,0,9.681921959,1.5066912174224854,3.7997660636901855,0,0,0,0,1154.0900000000001,1386.49,1324.68
6a04c0f16156c07b5e7af881,2026-05-13T18:18:13.719Z,5,2,4.6,2026-05-13T18:18:13.719Z,0.45491886138916016,0.48564720153808594,0.6847841739654541,-0.02157855,0.004208088,0.16538214683532715,0.084163904,8.030670166015625,4.679345131,0.23676656186580658,-0.117440104,3.477071762084961,3.9285430908203125,0,0,0,0,0,0,0.030019741505384445,0.022453139,0.030094525,0,0,0,3.528120756149292,8.399980545043945,4.002233028411865,0,0,0,0,1142.3999999999999,1367.1000000000001,1312.92
6a04c17d6156c07b5e7af8fa,2026-05-13T18:20:33.353Z,5,3,4.6,2026-05-13T18:20:33.353Z,0.47031068801879883,0.47443366050720215,0.7458643913269043,-0.02157855,0.004628897,0.16538214683532715,0.083743095,7.928619384765625,4.162174224853516,0.23678438365459442,-0.117716789,1.6358379125595093,1.878658652305603,0,0,0,0,0,0,0.030637625604867935,0.02212234,0.029861241579055786,0,0,0,4.594911575317383,3.177110433578491,8.244260787963867,0,0,0,0,1129.38,1358.77,1291.78
6a04c2096156c07b5e7af973,2026-05-13T18:22:53.318Z,5,4,4.6,2026-05-13T18:22:53.318Z,0.5814752578735352,0.6124505996704102,0.8344733715057373,-0.020715475,0.004208088,0.16538214683532715,0.084163904,7.9082183837890625,4.7526750564575195,0.23673078417778015,-0.117784321,3.349660873413086,3.7978923320770264,0,0,0,0,0,0,0.030455075204372406,0.022042874,0.029852832,0,0,0,3.4397032260894775,9.202169418334961,5.847757339477539,0,0,0,0,1118.53,1337.42,1275.1899999999998
6a04c2956156c07b5e7af9ec,2026-05-13T18:25:13.297Z,5,5,4.6,2026-05-13T18:25:13.297Z,0.269359827,0.28811049461364746,0.48175787925720215,-0.020715475,0.004628897,0.16664469242095947,0.083743095,8.020462036132812,4.955574035644531,0.23671700060367584,-0.117825866,4.2337493896484375,4.853039741516113,0,0,0,0,0,0,0.030556421726942062,0.021646948531270027,0.029656073078513145,0,0,0,1.1505264043807983,7.205358028411865,1.6209659576416016,0,0,0,0,1113,1319.57,1268.3999999999999
6a05f7e216b1dc3e0bc80512,2026-05-14T16:26:02.964Z,1,0,4.7,2026-05-14T16:26:02.964Z,0.029928684,0.045718193,0.2520623207092285,0.025894403,0.002104044,0.16117393970489502,0.087530494,8.295989990234375,4.528273582458496,0.23716481029987335,-0.121164322,1.8574577569961548,2.1282076835632324,0,0,0,0,0,0,0,0,0,0,0,0,1,1,1,0,0,0,0,2879.1,2988.02,2877.49
6a05f82816b1dc3e0bc8054f,2026-05-14T16:27:14.194Z,1,1,4.7,2026-05-14T16:27:14.194Z,0.3565809726715088,0.39334845542907715,0.575528622,0.025894403,0.002524853,0.16117393970489502,0.087530494,8.214355469,4.8585357666015625,0.237150639,-0.121500969,3.5296847820281982,3.956453323364258,0,0,0,0,0,0,0,0,0,0,0,0,2.402804374694824,7.073693752288818,3.3423044681549072,0,0,0,0,2875.1800000000003,2979.97,2872.59
6a05f8d9f1c8309ffaf81d25,2026-05-14T16:30:09.975Z,1,0,4.7,2026-05-14T16:30:09.975Z,0.3112602233886719,0.3148515224456787,0.5084264278411865,0.027620792388916016,0.003787279,0.16117393970489502,0.08879292,8.285781860351562,4.743853569030762,0.23714232444763184,-0.121477962,4.0062031745910645,4.511945724487305,0,0,0,0,0,0,0,0,0,0,0,0,2.828554153442383,7.5364179611206055,1.0917634963989258,0,0,0,0,2859.01,2963.7999999999997,2864.33
6a05f91ff1c8309ffaf81d62,2026-05-14T16:31:21.440Z,1,1,4.7,2026-05-14T16:31:21.440Z,0.5925915241241455,0.6202139854431152,0.8568408489227295,0.027620792388916016,0.003787279,0.16117393970489502,0.08879292,8.836868286132812,4.651226043701172,0.2372131496667862,-0.12141031,2.822530985,3.228299140930176,0,0,0,0,0,0,0,0,0,0,0,0,3.845787525177002,7.536779880523682,7.259095191955566,0,0,0,0,2852.99,2954.0699999999997,2854.81
6a05f965f1c8309ffaf81d9f,2026-05-14T16:32:31.525Z,1,2,4.7,2026-05-14T16:32:31.525Z,0.2924478054046631,0.2967367172241211,0.5084264278411865,0.027620792388916016,0.003787279,0.16075313091278076,0.087530494,8.775650024414062,4.674934387207031,0.237299383,-0.121229589,3.662464141845703,4.153963565826416,0,0,0,0,0,0,0,0,0,0,0,0,3.115859031677246,6.701409339904785,1.469370722770691,0,0,0,0,2848.23,2945.8799999999997,2851.3799999999997
6a05f9abf1c8309ffaf81ddc,2026-05-14T16:33:41.741Z,1,3,4.7,2026-05-14T16:33:41.741Z,0.5703587532043457,0.5520682334899902,0.815546989,0.025894403,0.003787279,0.16075313091278076,0.088372111,8.622528076171875,3.775122643,0.23730866611003876,-0.121234179,0.5206257700920105,0.6312228441238403,0,0,0,0,0,0,0,0,0,0,0,0,7.888556957244873,1.240579367,8.465868949890137,0,0,0,0,2838.4300000000003,2943.78,2841.09
6a05f9f1f1c8309ffaf81e19,2026-05-14T16:34:51.276Z,1,4,4.7,2026-05-14T16:34:51.276Z,0.42926549911499023,0.457181454,0.6684389114379883,0.025894403,0.00336647,0.16117393970489502,0.08879292,8.489868164,4.553084373474121,0.2373199164867401,-0.120774508,2.8555312156677246,3.202707290649414,0,0,0,0,0,0,0,0,0,0,0,0,3.6987123489379883,6.169853210449219,4.8211445808410645,0,0,0,0,2832.27,2936.92,2833.53
6a05fa36f1c8309ffaf81e56,2026-05-14T16:36:00.957Z,1,5,4.7,2026-05-14T16:36:00.957Z,0.7362501621246338,0.7487421035766602,1.0770728588104248,0.027620792388916016,0.003787279,0.16159474849700928,0.088372111,8.091903686523438,4.2244768142700195,0.23735865950584412,-0.1214059,1.8379426002502441,2.0797080993652344,0,0,0,0,0,0,0,0,0,0,0,0,8.578654289245605,5.0171709060668945,8.426432609558105,0,0,0,0,2821.6299999999997,2930.69,2822.89
6a05fa7cf1c8309ffaf81e93,2026-05-14T16:37:10.634Z,1,6,4.7,2026-05-14T16:37:10.634Z,0.20180583000183105,0.23721671104431152,0.4559493064880371,0.027620792388916016,0.002524853,0.16075313091278076,0.08879292,7.7245330810546875,4.508424758911133,0.23739610612392426,-0.121075451,2.343257188796997,2.6638987064361572,0,0,0,0,0,0,0,0,0,0,0,0,1.864347219467163,3.314729690551758,4.238314628601074,0,0,0,0,2817.29,2926.49,2816.17
6a05fac1f1c8309ffaf81ed0,2026-05-14T16:38:20.219Z,1,7,4.7,2026-05-14T16:38:20.219Z,0.2744905948638916,0.29414892196655273,0.49552249908447266,0.029346942901611328,0.002524853,0.16117393970489502,0.087530494,8.132720947265625,4.606566429138184,0.23735566437244415,-0.120814204,3.3215346336364746,3.757307529449463,0,0,0,0,0,0,0,0,0,0,0,0,2.9277288913726807,5.652953147888184,1.9975014925003052,0,0,0,0,2812.67,2919.91,2812.3199999999997
6a05fb07f1c8309ffaf81f0d,2026-05-14T16:39:29.831Z,1,8,4.7,2026-05-14T16:39:29.831Z,0.7311196327209473,0.7133755683898926,0.9729785919189453,0.028483867645263672,0.00336647,0.16075313091278076,0.088372111,8.010269165039062,4.2878828048706055,0.2373916059732437,-0.121753037,1.991525411605835,2.2710678577423096,0,0,0,0,0,0,0,0,0,0,0,0,7.530465126037598,5.418348312,8.246042251586914,0,0,0,0,2803.08,2913.33,2801.8199999999997
6a05fb4df1c8309ffaf81f4a,2026-05-14T16:40:39.613Z,1,9,4.7,2026-05-14T16:40:39.613Z,0.2744905948638916,0.2820723056793213,0.4920811653137207,0.027620792388916016,0.00336647,0.16075313091278076,0.08879292,8.081695556640625,4.057416915893555,0.23741470277309418,-0.121336758,1.4684102535247803,1.703100562095642,0,0,0,0,0,0,0,0,0,0,0,0,4.415274620056152,1.9086229801177979,4.258406639099121,0,0,0,0,2796.5,2910.81,2795.1
6a05fb93f1c8309ffaf81f87,2026-05-14T16:41:49.706Z,2,0,3.7,2026-05-14T16:41:49.706Z,0.6336369514465332,0.6616191864013672,0.8929727077484131,0.027620792388916016,0.003787279,0.16075313091278076,0.088372111,8.010269165039062,4.046389579772949,0.2373737096786499,-0.121270418,1.4364778995513916,1.6064751148223877,0,0,0,0,0,0,0,0,0,0,0,0,7.560497760772705,3.101325750350952,8.667284965515137,0,0,0,0,2786.49,2907.03,2783.97
6a05fbd9f1c8309ffaf81fc4,2026-05-14T16:42:59.811Z,2,1,3.7,2026-05-14T16:42:59.811Z,0.38993048667907715,0.3907606601715088,0.6082191467285156,0.027620792388916016,0.00336647,0.16075313091278076,0.08879292,7.928619384765625,4.505117416381836,0.23748944699764252,-0.121133745,3.083622932434082,3.470025062561035,0,0,0,0,0,0,0,0,0,0,0,0,4.129807949066162,6.361728191375732,3.0695383548736572,0,0,0,0,2780.1200000000003,2899.6800000000003,2778.3700000000003
6a05fc1ff1c8309ffaf82001,2026-05-14T16:44:09.815Z,2,2,3.7,2026-05-14T16:44:09.815Z,0.7097418308258057,0.6581685543060303,0.8680243492126465,0.025894403,0.003787279,0.16201555728912354,0.08879292,8.336807250976562,4.192498207092285,0.23739510774612427,-0.121351004,2.0338685512542725,2.3250083923339844,0,0,0,0,0,0,0,0,0,0,0,0,9.582213401794434,5.372310161590576,5.394876003265381,0,0,0,0,2768.01,2892.89,2770.8799999999997
6a05fc65f1c8309ffaf8203e,2026-05-14T16:45:19.672Z,2,3,3.7,2026-05-14T16:45:19.672Z,0.4472229480743408,0.4589064121246338,0.6822035312652588,0.028483867645263672,0.004208088,0.16243648529052734,0.089634538,8.469467163085938,4.1500444412231445,0.23744343221187592,-0.12118578,1.6657040119171143,1.9140856266021729,0,0,0,0,0,0,0,0,0,0,0,0,5.167928218841553,3.1343605518341064,6.846477985,0,0,0,0,2760.3799999999997,2888.9,2761.92
6a05fcabf1c8309ffaf8207b,2026-05-14T16:46:29.737Z,2,4,3.7,2026-05-14T16:46:29.737Z,0.40959763526916504,0.44855546951293945,0.625424862,0.028483867645263672,0.004208088,0.16201555728912354,0.089213729,8.234756469726562,5.025596618652344,0.23745761811733246,-0.121497095,4.201809883117676,4.7602314949035645,0,0,0,0,0,0,0,0,0,0,0,0,1.1132562160491943,9.733211517333984,3.3749003410339355,0,0,0,0,2757.2999999999997,2877.6299999999997,2756.1800000000003
6a05fcf1f1c8309ffaf820b8,2026-05-14T16:47:39.835Z,2,5,3.7,2026-05-14T16:47:39.835Z,0.6669862270355225,0.6150381565093994,0.9084577560424805,0.027620792388916016,0.003787279,0.16159474849700928,0.089213729,8.316390991210938,3.586008071899414,0.2374221533536911,-0.121292114,0.4525030851364136,0.5620070099830627,0,0,0,0,0,0,0,0,0,0,0,0,9.867508888244629,1.1364332437515259,8.351887702941895,0,0,0,0,2745.4,2875.39,2745.61
6a05fd37f1c8309ffaf820f5,2026-05-14T16:48:49.585Z,2,6,3.7,2026-05-14T16:48:49.585Z,0.17700767517089844,0.16648292541503906,0.39314889907836914,0.027620792388916016,0.00336647,0.16201555728912354,0.089213729,7.5816802978515625,4.057416915893555,0.2374476045370102,-0.122036994,1.429419755935669,1.5866284370422363,0,0,0,0,0,0,0,0,0,0,0,0,2.231187582015991,1.4076043367385864,4.027916908,0,0,0,0,2740.78,2873.71,2739.31
6a05fd7df1c8309ffaf82132,2026-05-14T16:49:59.628Z,2,7,3.7,2026-05-14T16:49:59.628Z,0.6079835891723633,0.6046872138977051,0.8241500854492188,0.027620792388916016,0.004208088,0.16201555728912354,0.089634538,8.530685424804688,4.459905624389648,0.23744267225265503,-0.12168014,3.0606296062469482,3.4536640644073486,0,0,0,0,0,0,0,0,0,0,0,0,5.994959831237793,8.221460342407227,4.029926776885986,0,0,0,0,2732.7999999999997,2864.4,2733.22
6a05fdc3f1c8309ffaf8216f,2026-05-14T16:51:09.758Z,2,8,3.7,2026-05-14T16:51:09.758Z,0.782426119,0.7573685646057129,1.0323383808135986,0.029346942901611328,0.004628897,0.16201555728912354,0.089213729,7.8571929931640625,4.194152832,0.23749865591526031,-0.12151742,1.917258381843567,2.1798620223999023,0,0,0,0,0,0,0,0,0,0,0,0,8.857570648,5.294661045074463,7.873991489,0,0,0,0,2721.11,2857.61,2722.79
6a05fe09f1c8309ffaf821ac,2026-05-14T16:52:19.842Z,2,9,3.7,2026-05-14T16:52:19.842Z,0.47373127937316895,0.43389105796813965,0.6606965065002441,0.028483867645263672,0.004208088,0.16201555728912354,0.089213729,8.102096557617188,4.080574035644531,0.23743748664855957,-0.121730447,2.0465731620788574,2.3240437507629395,0,0,0,0,0,0,0,0,0,0,0,0,8.736639976501465,3.9861936569213867,1.797316074371338,0,0,0,0,2709.7000000000003,2852.71,2719.08
6a05fe50f1c8309ffaf821e9,2026-05-14T16:53:29.733Z,3,0,5.7,2026-05-14T16:53:29.733Z,0.6088387966156006,0.6331532001495361,0.8921124935150146,0.028483867645263672,0.004208088,0.16075313091278076,0.090055346,8.479660034179688,4.076163291931152,0.23750713467597961,-0.122047424,1.541364312171936,1.757645845413208,0,0,0,0,0,0,0,0,0,0,0,0,6.237651824951172,3.431779384613037,9.160170555114746,0,0,0,0,2700.6,2848.2999999999997,2707.53
6a05fe96f1c8309ffaf82226,2026-05-14T16:54:39.864Z,3,1,5.7,2026-05-14T16:54:39.864Z,0.28218650817871094,0.2415297031402588,0.4826180934906006,0.028483867645263672,0.004208088,0.16159474849700928,0.090055346,8.367416381835938,4.245429039001465,0.2374812662601471,-0.121491134,2.3475699424743652,2.6409966945648193,0,0,0,0,0,0,0,0,0,0,0,0,4.500831604003906,3.641085386276245,2.4018852710723877,0,0,0,0,2694.02,2844.03,2702.98
6a05fedcf1c8309ffaf82263,2026-05-14T16:55:50.061Z,3,2,5.7,2026-05-14T16:55:50.061Z,0.7781505584716797,0.8168883323669434,1.0839555263519287,0.028483867645263672,0.004628897,0.16117393970489502,0.090476155,7.9082183837890625,4.640750885009766,0.23742815852165222,-0.121608019,2.7142109870910645,3.0992794036865234,0,0,0,0,0,0,0,0,0,0,0,0,3.9728055000305176,8.63660717,9.930333137512207,0,0,0,0,2687.79,2834.02,2690.59
6a05ff22f1c8309ffaf822a0,2026-05-14T16:57:00.069Z,3,3,5.7,2026-05-14T16:57:00.069Z,0.41558361053466797,0.457181454,0.6968283653259277,0.027620792388916016,0.004208088,0.16159474849700928,0.089634538,8.265365600585938,4.953369141,0.23749731481075287,-0.121911168,3.758970022201538,4.300917625427246,0,0,0,0,0,0,0,0,0,0,0,0,1.310960054397583,8.813074111938477,4.5904316902160645,0,0,0,0,2684.92,2823.52,2683.52
6a05ff68f1c8309ffaf822dd,2026-05-14T16:58:10.316Z,3,4,5.7,2026-05-14T16:58:10.316Z,0.578054667,0.5727705955505371,0.8009223937988281,0.028483867645263672,0.004208088,0.16201555728912354,0.090055346,8.306198120117188,4.253699303,0.2375364601612091,-0.121671855,2.1903610229492188,2.508697986602783,0,0,0,0,0,0,0,0,0,0,0,0,7.374316215515137,5.342310905456543,5.357476711273193,0,0,0,0,2675.61,2816.31,2675.8199999999997
6a05ffaef1c8309ffaf8231a,2026-05-14T16:59:20.258Z,3,5,5.7,2026-05-14T16:59:20.258Z,0.6250858306884766,0.5710453987121582,0.8602817058563232,0.027620792388916016,0.004628897,0.16159474849700928,0.090476155,8.847076416015625,4.511181831359863,0.2375105321407318,-0.122262716,3.0797603130340576,3.5343081951141357,0,0,0,0,0,0,0,0,0,0,0,0,5.155566692352295,8.679261207580566,5.166172981262207,0,0,0,0,2668.1200000000003,2806.51,2668.61
6a05fff4f1c8309ffaf82357,2026-05-14T17:00:30.377Z,3,6,5.7,2026-05-14T17:00:30.377Z,0.4386718273162842,0.4830594062805176,0.7019901275634766,0.027620792388916016,0.004208088,0.16117393970489502,0.089213729,8.459259033203125,4.948407173156738,0.23751266300678253,-0.122044206,3.838395118713379,4.409283638000488,0,0,0,0,0,0,0,0,0,0,0,0,1.3887290954589844,9.288988113,4.429559707641602,0,0,0,0,2664.6200000000003,2794.8199999999997,2661.89
6a06003af1c8309ffaf82394,2026-05-14T17:01:40.335Z,3,7,5.7,2026-05-14T17:01:40.335Z,0.7439463138580322,0.7366659641265869,0.9523320198059082,0.029346942901611328,0.004628897,0.16159474849700928,0.090055346,8.551101684570312,4.425722122192383,0.23750172555446625,-0.121731997,2.898183822631836,3.330826521,0,0,0,0,0,0,0,0,0,0,0,0,7.627596855163574,8.794168472290039,4.523181915283203,0,0,0,0,2655.17,2784.3199999999997,2655.31
6a060080f1c8309ffaf823d1,2026-05-14T17:02:50.384Z,3,8,5.7,2026-05-14T17:02:50.384Z,0.41472840309143066,0.4166388511657715,0.6297261714935303,0.028483867645263672,0.004628897,0.16117393970489502,0.089634538,7.949035645,4.350737571716309,0.2375212162733078,-0.121655941,2.579225778579712,2.964343309402466,0,0,0,0,0,0,0,0,0,0,0,0,5.9412126541137695,5.414473533630371,2.9679551124572754,0,0,0,0,2646.77,2777.3199999999997,2650.48
6a0600c6f1c8309ffaf8240e,2026-05-14T17:04:00.514Z,3,9,5.7,2026-05-14T17:04:00.514Z,0.35059547424316406,0.39162325859069824,0.535095215,0.025894403,0.004208088,0.16243648529052734,0.090055346,8.520477294921875,4.881141662597656,0.2375418245792389,-0.122919083,4.061164379119873,4.648107051849365,0,0,0,0,0,0,0,0,0,0,0,0,1.5714197158813477,8.664034843444824,2.6927719116210938,0,0,0,0,2642.99,2767.17,2646.0699999999997
6a06010cf1c8309ffaf8244b,2026-05-14T17:05:10.631Z,4,0,4.8,2026-05-14T17:05:10.631Z,0.5489809513092041,0.48909783363342285,0.7501659393310547,0.029346942901611328,0.004628897,0.16159474849700928,0.090055346,8.367416381835938,3.6962785720825195,0.23752284049987793,-0.122215033,0.6827983856201172,0.8416107892990112,0,0,0,0,0,0,0,0,0,0,0,0,9.325201988220215,1.7294385433197021,5.946636677,0,0,0,0,2631.51,2764.09,2637.8799999999997
6a060152f1c8309ffaf82488,2026-05-14T17:06:20.722Z,4,1,4.8,2026-05-14T17:06:20.722Z,0.5797648429870605,0.5839846134185791,0.8344733715057373,0.028483867645263672,0.004628897,0.16159474849700928,0.089634538,8.469467163085938,4.4058732986450195,0.23749619722366333,-0.122092843,2.388843536376953,2.712918281555176,0,0,0,0,0,0,0,0,0,0,0,0,4.402459144592285,6.169421195983887,8.091853141784668,0,0,0,0,2624.51,2757.02,2627.17
6a060198f1c8309ffaf824c5,2026-05-14T17:07:30.567Z,4,2,4.8,2026-05-14T17:07:30.567Z,0.5199072360992432,0.5503430366516113,0.7536070346832275,0.027620792388916016,0.004628897,0.16159474849700928,0.090476155,8.367416381835938,4.519452095031738,0.2375049889087677,-0.122271359,2.809600353240967,3.2144484519958496,0,0,0,0,0,0,0,0,0,0,0,0,4.198347568511963,7.026671409606934,5.835440158843994,0,0,0,0,2618.28,2748.6200000000003,2618.98
6a0601def1c8309ffaf82502,2026-05-14T17:08:40.810Z,4,3,4.8,2026-05-14T17:08:40.810Z,0.7764403820037842,0.7530553340911865,1.0306179523468018,0.027620792388916016,0.004628897,0.16159474849700928,0.090055346,8.622528076171875,4.020476341247559,0.2375204712152481,-0.122039795,1.511791467666626,1.7337796688079834,0,0,0,0,0,0,0,0,0,0,0,0,8.842449188232422,3.841378688812256,9.204194068908691,0,0,0,0,2607.29,2743.58,2607.29
6a060224f1c8309ffaf8253f,2026-05-14T17:09:50.830Z,4,4,4.8,2026-05-14T17:09:50.830Z,0.5062253475189209,0.5089375972747803,0.7002694606781006,0.028483867645263672,0.004628897,0.16201555728912354,0.090476155,8.336807250976562,4.035363197,0.23754924535751343,-0.122166395,1.9021155834197998,2.1618213653564453,0,0,0,0,0,0,0,0,0,0,0,0,8.714832305908203,3.887411117553711,3.0980114936828613,0,0,0,0,2595.53,2738.8199999999997,2601.48
6a06026af1c8309ffaf8257c,2026-05-14T17:11:00.673Z,4,5,4.8,2026-05-14T17:11:00.673Z,0.6994802951812744,0.6926727294921875,0.9256632328033447,0.028483867645263672,0.004208088,0.16159474849700928,0.090476155,8.449050903320312,4.327029228210449,0.2374889850616455,-0.121995807,2.5348055362701416,2.890540123,0,0,0,0,0,0,0,0,0,0,0,0,7.427002906799316,7.2374653816223145,5.775532245635986,0,0,0,0,2585.52,2730.49,2593.92
6a0602b0f1c8309ffaf825b9,2026-05-14T17:12:10.589Z,4,6,4.8,2026-05-14T17:12:10.589Z,0.5404298305511475,0.5236020088195801,0.7759742736816406,0.028483867645263672,0.004628897,0.16201555728912354,0.090476155,8.081695556640625,3.9747133255004883,0.23755964636802673,-0.122265458,1.3786966800689697,1.6042362451553345,0,0,0,0,0,0,0,0,0,0,0,0,6.9090681076049805,2.6745033264160156,7.608575344085693,0,0,0,0,2575.79,2726.5699999999997,2583.6299999999997
6a0602f6f1c8309ffaf825f6,2026-05-14T17:13:20.676Z,4,7,4.8,2026-05-14T17:13:20.676Z,0.5122110843658447,0.5037622451782227,0.7458643913269043,0.029346942901611328,0.004208088,0.16201555728912354,0.090055346,8.622528076171875,4.189741134643555,0.23753251135349274,-0.121852636,2.108504295349121,2.427265167236328,0,0,0,0,0,0,0,0,0,0,0,0,6.404359340667725,4.694512367248535,5.250429630279541,0,0,0,0,2567.11,2721.1800000000003,2576.0699999999997
6a06033cf1c8309ffaf82633,2026-05-14T17:14:30.795Z,4,8,4.8,2026-05-14T17:14:30.795Z,0.15648508071899414,0.1656205654144287,0.3716416358947754,0.027620792388916016,0.004628897,0.16117393970489502,0.090055346,8.347015380859375,4.212899208068848,0.23758608102798462,-0.122119844,2.1751010417938232,2.4850358963012695,0,0,0,0,0,0,0,0,0,0,0,0,2.9763031005859375,2.511207103729248,1.9434740543365479,0,0,0,0,2561.9300000000003,2717.89,2572.22
6a060382f1c8309ffaf82670,2026-05-14T17:15:40.800Z,4,9,4.8,2026-05-14T17:15:40.800Z,0.5977222919464111,0.5606942176818848,0.8353335857391357,0.029346942901611328,0.004208088,0.16243648529052734,0.090055346,8.336807250976562,3.5871105194091797,0.23759052157402039,-0.122050166,0.48880332708358765,0.5899184942245483,0,0,0,0,0,0,0,0,0,0,0,0,8.419623374938965,1.179525375366211,8.589582443237305,0,0,0,0,2551.22,2716.21,2561.3700000000003
6a0603c9f1c8309ffaf826ad,2026-05-14T17:16:50.776Z,5,0,4.6,2026-05-14T17:16:50.776Z,0.3112602233886719,0.30881309509277344,0.4938015937805176,0.029346942901611328,0.004628897,0.16243648529052734,0.090476155,8.071487426757812,4.731724739074707,0.23751084506511688,-0.122209787,4.130038738250732,4.659493446350098,0,0,0,0,0,0,0,0,0,0,0,0,2.3828330039978027,8.089807510375977,1.2227840423583984,0,0,0,0,2546.39,2707.11,2558.01
6a06040ef1c8309ffaf826ea,2026-05-14T17:18:00.957Z,5,1,4.6,2026-05-14T17:18:00.957Z,1.0654678344726562,1.0851590633392334,1.3041877746582031,0.027620792388916016,0.004208088,0.16243648529052734,0.090055346,8.347015380859375,4.344673156738281,0.2375391274690628,-0.122560143,2.360837459564209,2.7345495223999023,0,0,0,0,0,0,0,0,0,0,0,0,9.183122634887695,8.673872947692871,9.355525970458984,0,0,0,0,2535.19,2696.8199999999997,2546.39
6a060454f1c8309ffaf82727,2026-05-14T17:19:10.839Z,5,2,4.6,2026-05-14T17:19:10.839Z,0.6994802951812744,0.733215332,0.9643759727478027,0.027620792388916016,0.004628897,0.16159474849700928,0.090476155,7.8776092529296875,4.413592338562012,0.23759286105632782,-0.122173429,2.3759429454803467,2.7280688285827637,0,0,0,0,0,0,0,0,0,0,0,0,5.934236526489258,6.777801513671875,8.025571823120117,0,0,0,0,2526.3700000000003,2688.0699999999997,2535.47
6a06049af1c8309ffaf82764,2026-05-14T17:20:20.772Z,5,3,4.6,2026-05-14T17:20:20.772Z,0.8799090385437012,0.8324151039123535,1.086536169052124,0.028483867645263672,0.004628897,0.16243648529052734,0.090896964,8.306198120117188,4.319862365722656,0.23759615421295166,-0.122527301,2.599189281463623,2.9715781211853027,0,0,0,0,0,0,0,0,0,0,0,0,9.774289131,8.607541084,5.355743885040283,0,0,0,0,2514.1200000000003,2677.99,2527.77
6a0604e1f1c8309ffaf827a1,2026-05-14T17:21:30.796Z,5,4,4.6,2026-05-14T17:21:30.796Z,0.7867019176483154,0.7763454914093018,1.0409409999847412,0.030210018157958984,0.004628897,0.16243648529052734,0.090476155,8.408233642578125,4.453841209411621,0.23758696019649506,-0.122269273,2.720440626144409,3.1188392639160156,0,0,0,0,0,0,0,0,0,0,0,0,6.3728485107421875,8.533260345458984,7.127196311950684,0,0,0,0,2504.81,2667.42,2518.11
6a060527f1c8309ffaf827de,2026-05-14T17:22:40.975Z,5,5,4.6,2026-05-14T17:22:40.975Z,0.7764403820037842,0.7806589603424072,0.9927651882171631,0.029346942901611328,0.004208088,0.16243648529052734,0.090896964,8.683761596679688,4.328683853149414,0.2375446856021881,-0.122417569,2.8825182914733887,3.3411920070648193,0,0,0,0,0,0,0,0,0,0,0,0,9.544429779052734,9.169128418,3.013535976409912,0,0,0,0,2492.7000000000003,2656.5699999999997,2513
6a06056df1c8309ffaf8281b,2026-05-14T17:23:50.998Z,5,6,4.6,2026-05-14T17:23:50.998Z,0.4797172546386719,0.5011744499206543,0.7226369380950928,0.027620792388916016,0.004208088,0.16243648529052734,0.090476155,8.540893555,4.114757537841797,0.2375292032957077,-0.12367487,1.6044200658798218,1.8683853149414062,0,0,0,0,0,0,0,0,0,0,0,0,5.1971611976623535,3.1632819175720215,7.597070217132568,0,0,0,0,2484.3700000000003,2651.81,2502.99
6a0605b3f1c8309ffaf82858,2026-05-14T17:25:00.983Z,5,7,4.6,2026-05-14T17:25:00.983Z,0.4275553226470947,0.4252650737762451,0.6107997894287109,0.027620792388916016,0.004628897,0.16201555728912354,0.090896964,8.806259155273438,4.250391006469727,0.23752273619174957,-0.123159468,2.617420196533203,3.024756908416748,0,0,0,0,0,0,0,0,0,0,0,0,6.867644786834717,5.549808502197266,1.851370930671692,0,0,0,0,2475.2000000000003,2645.3700000000003,2499.0699999999997
6a0605f9f1c8309ffaf82895,2026-05-14T17:26:11.056Z,5,8,4.6,2026-05-14T17:26:11.056Z,0.32750725746154785,0.34159207344055176,0.5316541194915771,0.029346942901611328,0.004628897,0.16159474849700928,0.090055346,8.602127075195312,4.687064170837402,0.23755565285682678,-0.123277962,3.9296975135803223,4.537283420562744,0,0,0,0,0,0,0,0,0,0,0,0,2.748014450073242,7.902866363525391,1.4058113098144531,0,0,0,0,2470.51,2636.1299999999997,2496.2000000000003
6a06063ff1c8309ffaf828d2,2026-05-14T17:27:21.085Z,5,9,4.6,2026-05-14T17:27:21.085Z,0.4634697437286377,0.49082303047180176,0.6701595783233643,0.029346942901611328,0.004628897,0.16201555728912354,0.090476155,8.438842773,4.624210357666016,0.23753799498081207,-0.123117328,3.753929615020752,4.365653038024902,0,0,0,0,0,0,0,0,0,0,0,0,4.559953689575195,9.360037803649902,1.6332210302352905,0,0,0,0,2463.9300000000003,2624.72,2493.1200000000003
6a060685f1c8309ffaf8290f,2026-05-14T17:28:31.023Z,6,0,4.5,2026-05-14T17:28:31.023Z,0.17615246772766113,0.17079615592956543,0.39831018447875977,0.027620792388916016,0.004208088,0.16159474849700928,0.090055346,8.295989990234375,4.616490364074707,0.23752190172672272,-0.122698486,2.8565926551818848,3.3754777908325195,0,0,0,0,0,0,0,0,0,0,0,0,1.2972385883331299,3.8474228382110596,2.903017044067383,0,0,0,0,2460.92,2619.47,2488.5699999999997
6a0606cbf1c8309ffaf8294c,2026-05-14T17:29:40.978Z,6,1,4.5,2026-05-14T17:29:40.978Z,0.4198591709136963,0.40283727645874023,0.6916666030883789,0.027620792388916016,0.004628897,0.16201555728912354,0.090896964,8.306198120117188,4.0414276123046875,0.23753389716148376,-0.122659862,0.8719270825386047,1.5137131214141846,0,0,0,0,0,0,0,0,0,0,0,0,3.992306709289551,2.0435984134674072,8.391628265,0,0,0,0,2455.11,2616.81,2478
6a060711f1c8309ffaf82989,2026-05-14T17:30:51.188Z,6,2,4.5,2026-05-14T17:30:51.188Z,0.5626626014709473,0.5210142135620117,0.7794153690338135,0.028483867645263672,0.004628897,0.16117393970489502,0.090055346,7.8776092529296875,3.754171371459961,0.23756571114063263,-0.122394443,0.8045788407325745,1.369197130203247,0,0,0,0,0,0,0,0,0,0,0,0,8.958148956298828,2.122225046157837,6.183496475219727,0,0,0,0,2443.91,2614.29,2469.53
6a060757f1c8309ffaf829c6,2026-05-14T17:32:01.117Z,6,3,4.5,2026-05-14T17:32:01.117Z,0.1479341983795166,0.1638953685760498,0.3785238265991211,0.028483867645263672,0.004628897,0.16117393970489502,0.090476155,8.000061035,4.360661506652832,0.23757298290729523,-0.122823298,2.4127602577209473,2.7515571117401123,0,0,0,0,0,0,0,0,0,0,0,0,1.9722771644592285,2.892667055130005,2.5380349159240723,0,0,0,0,2439.5,2610.79,2464.91
6a06079df1c8309ffaf82a03,2026-05-14T17:33:11.274Z,6,4,4.5,2026-05-14T17:33:11.274Z,0.6285061836242676,0.6046872138977051,0.7966210842132568,0.028483867645263672,0.004628897,0.16159474849700928,0.090476155,8.163330078,4.249288558959961,0.23758496344089508,-0.12367177,2.4891085624694824,2.863750457763672,0,0,0,0,0,0,0,0,0,0,0,0,9.041465759277344,6.639795780181885,3.111891746520996,0,0,0,0,2428.3700000000003,2603.2999999999997,2460.01
6a0607e3f1c8309ffaf82a40,2026-05-14T17:34:21.125Z,6,5,4.5,2026-05-14T17:34:21.125Z,0.3215217590332031,0.33641648292541504,0.5626242160797119,0.027620792388916016,0.004208088,0.16243648529052734,0.090476155,8.561294555664062,4.290639877319336,0.23760023713111877,-0.123023033,2.0180869102478027,2.3745875358581543,0,0,0,0,0,0,0,0,0,0,0,0,3.3639943599700928,3.486858845,5.350299358,0,0,0,0,2422.42,2598.61,2452.7999999999997
6a060829f1c8309ffaf82a7d,2026-05-14T17:35:31.264Z,6,6,4.5,2026-05-14T17:35:31.264Z,0.5002398490905762,0.4847846031188965,0.7751138210296631,0.028483867645263672,0.004628897,0.16201555728912354,0.090896964,8.510284423828125,3.6891117095947266,0.2376071959733963,-0.12313962,0.5160060524940491,0.6375037431716919,0,0,0,0,0,0,0,0,0,0,0,0,6.196597099304199,1.270737886428833,9.009205818,0,0,0,0,2414.02,2596.79,2441.11
6a06086ff1c8309ffaf82aba,2026-05-14T17:36:41.427Z,6,7,4.5,2026-05-14T17:36:41.427Z,0.5352990627288818,0.546029806,0.7854373455047607,0.028483867645263672,0.004208088,0.16243648529052734,0.090896964,8.520477294921875,4.357353210449219,0.23760515451431274,-0.12288779,2.404278278,2.7665212154388428,0,0,0,0,0,0,0,0,0,0,0,0,4.895693778991699,5.825448036193848,6.338499069213867,0,0,0,0,2406.8799999999997,2590.28,2432.29
6a0608b5f1c8309ffaf82af7,2026-05-14T17:37:51.538Z,6,8,4.5,2026-05-14T17:37:51.538Z,0.6208102703094482,0.6150381565093994,0.8207087516784668,0.028483867645263672,0.004628897,0.16243648529052734,0.090476155,8.285781860351562,4.345775604248047,0.23760725557804108,-0.122643173,2.8360955715179443,3.2859795093536377,0,0,0,0,0,0,0,0,0,0,0,0,8.131330490112305,7.878332138061523,2.816615343093872,0,0,0,0,2396.52,2581.11,2427.53
6a0608fcf1c8309ffaf82b34,2026-05-14T17:39:01.618Z,6,9,4.5,2026-05-14T17:39:01.618Z,0.4694557189941406,0.45804405212402344,0.623704195,0.025894403,0.004628897,0.16117393970489502,0.090476155,8.285781860351562,4.270791053771973,0.23763443529605865,-0.122860432,2.6665995121002197,3.1232481002807617,0,0,0,0,0,0,0,0,0,0,0,0,7.472982406616211,5.957310676574707,1.4764686822891235,0,0,0,0,2386.23,2573.48,2424.3799999999997
6a060942f1c8309ffaf82b71,2026-05-14T17:40:11.882Z,7,0,4.9,2026-05-14T17:40:11.882Z,0.4617595672607422,0.4959986209869385,0.738121748,0.028483867645263672,0.004628897,0.16201555728912354,0.090476155,8.734771728515625,4.299461364746094,0.23762232065200806,-0.122306943,1.7179298400878906,1.9886281490325928,0,0,0,0,0,0,0,0,0,0,0,0,3.164029359817505,3.428013801574707,9.064626693725586,0,0,0,0,2380.77,2569,2413.39
6a060988f1c8309ffaf82bae,2026-05-14T17:41:22.060Z,7,1,4.9,2026-05-14T17:41:22.060Z,0.7182929515838623,0.6788711547851562,0.9084577560424805,0.029346942901611328,0.004628897,0.16159474849700928,0.090896964,8.928710938,4.317104339599609,0.2376403659582138,-0.122879863,2.746314287185669,3.1690642833709717,0,0,0,0,0,0,0,0,0,0,0,0,8.480957031,7.906256675720215,3.526937961578369,0,0,0,0,2370.2000000000003,2559.9,2406.8799999999997
6a0609cef1c8309ffaf82beb,2026-05-14T17:42:32.297Z,7,2,4.9,2026-05-14T17:42:32.297Z,0.5686485767364502,0.5986487865447998,0.815546989,0.029346942901611328,0.005049825,0.16243648529052734,0.090896964,8.081695556640625,4.770870208740234,0.23761285841464996,-0.123019516,3.1950671672821045,3.7283287048339844,0,0,0,0,0,0,0,0,0,0,0,0,2.4658637046813965,8.811050415039062,6.673189163208008,0,0,0,0,2365.2999999999997,2549.61,2398.41
6a060a14f1c8309ffaf82c28,2026-05-14T17:43:42.538Z,7,3,4.9,2026-05-14T17:43:42.538Z,0.5096457004547119,0.49858641624450684,0.7312395572662354,0.030210018157958984,0.004628897,0.16243648529052734,0.090896964,8.428649902,4.234401702880859,0.23760807514190674,-0.122912288,2.1551260948181152,2.522559881210327,0,0,0,0,0,0,0,0,0,0,0,0,6.628214359283447,4.927308082580566,4.943331718444824,0,0,0,0,2356.69,2542.8199999999997,2391.1299999999997
6a060a5bf1c8309ffaf82c65,2026-05-14T17:44:52.668Z,7,4,4.9,2026-05-14T17:44:52.668Z,0.4472229480743408,0.4382038116455078,0.649512768,0.030210018157958984,0.005049825,0.1628572940826416,0.090896964,8.142913818359375,4.356250762939453,0.23762890696525574,-0.123148143,2.9030675888061523,3.3847272396087646,0,0,0,0,0,0,0,0,0,0,0,0,6.614192962646484,6.603909492492676,1.627769112586975,0,0,0,0,2347.59,2535.1200000000003,2387.49
6a060aa1f1c8309ffaf82ca2,2026-05-14T17:46:02.863Z,7,5,4.9,2026-05-14T17:46:02.863Z,0.6404776573181152,0.6840469837188721,0.8852298259735107,0.028483867645263672,0.005049825,0.1628572940826416,0.090896964,8.459259033203125,4.525517463684082,0.23764030635356903,-0.123214424,2.874277114868164,3.341651439666748,0,0,0,0,0,0,0,0,0,0,0,0,5.012232303619385,8.311044692993164,6.299970626831055,0,0,0,0,2340.31,2525.3199999999997,2379.58
6a060ae7f1c8309ffaf82cdf,2026-05-14T17:47:13.341Z,7,6,4.9,2026-05-14T17:47:13.341Z,0.8551106452941895,0.8073992729187012,1.110623836517334,0.028483867645263672,0.005049825,0.16327810287475586,0.091738582,8.193939208984375,4.382164955,0.23762542009353638,-0.123213887,2.3987317085266113,2.803473949432373,0,0,0,0,0,0,0,0,0,0,0,0,7.725614070892334,7.8565545082092285,8.186098098754883,0,0,0,0,2330.09,2515.59,2369.01
6a060b2df1c8309ffaf82d1c,2026-05-14T17:48:23.411Z,7,7,4.9,2026-05-14T17:48:23.411Z,0.5720689296722412,0.6072750091552734,0.7966210842132568,0.029346942901611328,0.005049825,0.16327810287475586,0.091738582,8.214355469,4.0910491943359375,0.2376011461019516,-0.12353003,1.602644443511963,1.866003394126892,0,0,0,0,0,0,0,0,0,0,0,0,6.799304962158203,3.580927848815918,7.778584957122803,0,0,0,0,2320.4300000000003,2510.48,2358.23
6a060b73f1c8309ffaf82d59,2026-05-14T17:49:33.343Z,7,8,4.9,2026-05-14T17:49:33.343Z,0.7328298091888428,0.7306277751922607,1.009110689163208,0.030210018157958984,0.004628897,0.1628572940826416,0.090896964,8.183731079101562,4.184779167175293,0.2376592606306076,-0.123571873,1.7806875705718994,2.040041923522949,0,0,0,0,0,0,0,0,0,0,0,0,6.952586650848389,4.796080589294434,9.879159927368164,0,0,0,0,2310.98,2504.81,2345.7000000000003
6a060bb9f1c8309ffaf82d96,2026-05-14T17:50:43.358Z,7,9,4.9,2026-05-14T17:50:43.358Z,0.2086467742919922,0.2156515121459961,0.42497897148132324,0.028483867645263672,0.004628897,0.1628572940826416,0.091738582,7.949035645,4.492986679077148,0.23760446906089783,-0.123216748,3.044151544570923,3.5265321731567383,0,0,0,0,0,0,0,0,0,0,0,0,2.677553176879883,4.500806808,1.6114833354949951,0,0,0,0,2306.29,2499.49,2341.92
6a060bfff1c8309ffaf82dd3,2026-05-14T17:51:53.349Z,8,0,4.4,2026-05-14T17:51:53.349Z,0.6225206851959229,0.6443667411804199,0.8499586582183838,0.029346942901611328,0.005049825,0.16327810287475586,0.090896964,8.642944336,4.317104339599609,0.23763060569763184,-0.123104692,2.584035873413086,3.022681713104248,0,0,0,0,0,0,0,0,0,0,0,0,7.227475166320801,6.968343734741211,4.438312530517578,0,0,0,0,2296.7000000000003,2491.09,2335.69
6a060c45f1c8309ffaf82e10,2026-05-14T17:53:03.417Z,8,1,4.4,2026-05-14T17:53:03.417Z,0.41472840309143066,0.3993868827819824,0.649512768,0.030210018157958984,0.005049825,0.16243648529052734,0.091738582,8.632736206054688,4.399807929992676,0.2376311719417572,-0.12316972,2.583836555480957,3.024202346801758,0,0,0,0,0,0,0,0,0,0,0,0,4.365084648132324,5.503822326660156,4.360609531402588,0,0,0,0,2290.1200000000003,2484.23,2329.39
6a060c8bf1c8309ffaf82e4d,2026-05-14T17:54:13.419Z,8,2,4.4,2026-05-14T17:54:13.419Z,0.5139214992523193,0.5736331939697266,0.7759742736816406,0.028483867645263672,0.005470634,0.1628572940826416,0.091738582,8.347015380859375,4.908709526062012,0.2376594990491867,-0.123537779,3.654925823,4.271098613739014,0,0,0,0,0,0,0,0,0,0,0,0,1.7738821506500244,9.966646194458008,5.418963432312012,0,0,0,0,2286.48,2472.8199999999997,2322.11
6a060cd2f1c8309ffaf82e8a,2026-05-14T17:55:23.669Z,8,3,4.4,2026-05-14T17:55:23.669Z,0.18299341201782227,0.1751089096069336,0.42325830459594727,0.028483867645263672,0.005049825,0.16243648529052734,0.090896964,8.234756469726562,4.253148078918457,0.23763811588287354,-0.12331295,1.6938261985778809,2.068824529647827,0,0,0,0,0,0,0,0,0,0,0,0,1.9207905530929565,1.965026855,4.185223103,0,0,0,0,2282.98,2469.39,2315.67
6a060d18f1c8309ffaf82ec7,2026-05-14T17:56:33.914Z,8,4,4.4,2026-05-14T17:56:33.914Z,0.19496512413024902,0.18373513221740723,0.4172365665435791,0.030210018157958984,0.004628897,0.16411972045898438,0.090896964,7.8265838623046875,4.241569519042969,0.2376066893339157,-0.123375893,1.9908198118209839,2.364180564880371,0,0,0,0,0,0,0,0,0,0,0,0,2.913104295730591,2.5209436416625977,2.8990752696990967,0,0,0,0,2278.5699999999997,2466.3799999999997,2310.98
6a060d5ef1c8309ffaf82f04,2026-05-14T17:57:43.929Z,8,5,4.4,2026-05-14T17:57:43.929Z,0.18641400337219238,0.16993355751037598,0.40691328048706055,0.028483867645263672,0.005049825,0.16411972045898438,0.091738582,8.285781860351562,3.9890480041503906,0.23763734102249146,-0.124037564,0.8224743008613586,1.440267562866211,0,0,0,0,0,0,0,0,0,0,0,0,2.312481641769409,1.199903130531311,4.681730270385742,0,0,0,0,2274.3700000000003,2464.7000000000003,2304.33
6a060da4f1c8309ffaf82f41,2026-05-14T17:58:53.980Z,8,6,4.4,2026-05-14T17:58:53.980Z,0.43696141242980957,0.47443366050720215,0.6271452903747559,0.031936407,0.005891442,0.1628572940826416,0.090896964,8.214355469,4.460456848144531,0.23763345181941986,-0.123620868,3.296837568283081,3.8487603664398193,0,0,0,0,0,0,0,0,0,0,0,0,5.701928139,7.708622932434082,1.291859745979309,0,0,0,0,2266.81,2456.09,2301.39
6a060deaf1c8309ffaf82f7e,2026-05-14T18:00:03.998Z,8,7,4.4,2026-05-14T18:00:03.998Z,0.5216174125671387,0.4899604320526123,0.6985487937927246,0.030210018157958984,0.005891442,0.16327810287475586,0.091738582,8.051086426,4.092702865600586,0.23762604594230652,-0.123677075,2.0822227001190186,2.4652538299560547,0,0,0,0,0,0,0,0,0,0,0,0,9.628633499145508,4.599421977996826,1.657955527305603,0,0,0,0,2254.28,2450,2298.17
6a060e30f1c8309ffaf82fbb,2026-05-14T18:01:13.966Z,8,8,4.4,2026-05-14T18:01:13.966Z,0.44893312454223633,0.44683027267456055,0.701129675,0.029346942901611328,0.005049825,0.16411972045898438,0.090896964,8.051086426,4.661149978637695,0.23769071698188782,-0.123547614,3.1010899543762207,3.628119707107544,0,0,0,0,0,0,0,0,0,0,0,0,2.891284465789795,7.443780899047852,5.104394912719727,0,0,0,0,2249.1,2441.53,2291.3799999999997
6a060e76f1c8309ffaf82ff8,2026-05-14T18:02:24.033Z,8,9,4.4,2026-05-14T18:02:24.033Z,0.6669862270355225,0.6443667411804199,0.9471704959869385,0.029346942901611328,0.005049825,0.16411972045898438,0.090896964,8.173538208007812,4.696437835693359,0.23768723011016846,-0.123314023,2.696002960205078,3.1561203002929688,0,0,0,0,0,0,0,0,0,0,0,0,3.030916690826416,7.992038726806641,9.454823494,0,0,0,0,2244.2000000000003,2431.59,2279.41
6a060ebcf1c8309ffaf83035,2026-05-14T18:03:34.065Z,9,0,5,2026-05-14T18:03:34.065Z,0.38907504081726074,0.3942110538482666,0.6443510055541992,0.029346942901611328,0.004628897,0.16327810287475586,0.090896964,8.102096557617188,4.844201088,0.23764386773109436,-0.123674095,3.2002227306365967,3.765974283218384,0,0,0,0,0,0,0,0,0,0,0,0,1.511392355,7.251422405,5.521921634674072,0,0,0,0,2241.19,2422.77,2271.4300000000003
6a060f02f1c8309ffaf83072,2026-05-14T18:04:44.172Z,9,1,5,2026-05-14T18:04:44.172Z,0.525892973,0.5261898040771484,0.7415628433227539,0.029346942901611328,0.005470634,0.16327810287475586,0.090896964,8.561294555664062,4.374997138977051,0.2376459538936615,-0.12399298,2.570387363433838,3.0510292053222656,0,0,0,0,0,0,0,0,0,0,0,0,6.277174472808838,6.267149448394775,3.973879576,0,0,0,0,2232.79,2414.9300000000003,2265.27
6a060f48f1c8309ffaf830af,2026-05-14T18:05:54.325Z,9,2,5,2026-05-14T18:05:54.325Z,0.4053223133087158,0.37092089653015137,0.5686461925506592,0.028483867645263672,0.005049825,0.16327810287475586,0.090896964,8.030670166015625,3.917923927307129,0.23764841258525848,-0.124009252,1.6486397981643677,1.9573832750320435,0,0,0,0,0,0,0,0,0,0,0,0,9.467308044433594,2.914344072341919,1.1809718608856201,0,0,0,0,2220.8199999999997,2411.08,2262.61
6a060f8ef1c8309ffaf830ec,2026-05-14T18:07:04.399Z,9,3,5,2026-05-14T18:07:04.399Z,0.2736356258392334,0.2674081325531006,0.5239114761352539,0.029346942901611328,0.005049825,0.1628572940826416,0.091738582,8.581710815429688,4.076163291931152,0.2376202940940857,-0.124154568,1.5273288488388062,1.7900421619415283,0,0,0,0,0,0,0,0,0,0,0,0,3.4157159328460693,2.1664323806762695,5.377462387084961,0,0,0,0,2214.52,2408.21,2255.47
6a060fd4f1c8309ffaf83129,2026-05-14T18:08:14.630Z,9,4,5,2026-05-14T18:08:14.630Z,1.0150160789489746,1.0118372440338135,1.2723569869995117,0.029346942901611328,0.005049825,0.1628572940826416,0.090896964,8.214355469,4.286780357,0.2376086264848709,-0.123942256,2.2555136680603027,2.6305508613586426,0,0,0,0,0,0,0,0,0,0,0,0,9.874042510986328,8.177275657653809,8.876458168029785,0,0,0,0,2202.6200000000003,2399.39,2244.48
6a06101af1c8309ffaf83166,2026-05-14T18:09:24.442Z,9,5,5,2026-05-14T18:09:24.442Z,0.38822007179260254,0.4528684616088867,0.6409099102020264,0.028483867645263672,0.005891442,0.1628572940826416,0.092580318,8.469467163085938,4.901541709899902,0.23761719465255737,-0.124054551,3.258774757385254,3.842377185821533,0,0,0,0,0,0,0,0,0,0,0,0,1.056236743927002,7.333965778,5.684462547302246,0,0,0,0,2198.77,2390.01,2236.01
6a061060f1c8309ffaf831a3,2026-05-14T18:10:34.510Z,9,6,5,2026-05-14T18:10:34.510Z,0.37282824516296387,0.42440223693847656,0.6615567207336426,0.028483867645263672,0.005470634,0.1628572940826416,0.091738582,7.755157470703125,4.499052047729492,0.23763874173164368,-0.123898089,2.0908708572387695,2.470665693283081,0,0,0,0,0,0,0,0,0,0,0,0,2.4770569801330566,4.209453582763672,7.602771282196045,0,0,0,0,2194.78,2384.48,2226.0699999999997
6a0610a6f1c8309ffaf831e0,2026-05-14T18:11:44.487Z,9,7,5,2026-05-14T18:11:44.487Z,0.5763444900512695,0.5434420108795166,0.8370542526245117,0.028483867645263672,0.005049825,0.16327810287475586,0.091738582,9.000137329101562,3.964789390563965,0.2376706749200821,-0.123655677,1.408722162246704,1.6373568773269653,0,0,0,0,0,0,0,0,0,0,0,0,7.260856628417969,2.9827704429626465,8.34233284,0,0,0,0,2185.4,2380.7000000000003,2215.08
6a0610ecf1c8309ffaf8321d,2026-05-14T18:12:54.485Z,9,8,5,2026-05-14T18:12:54.485Z,0.39249563217163086,0.4313032627105713,0.5944547653198242,0.029346942901611328,0.005049825,0.1628572940826416,0.091738582,7.9592437744140625,4.459354400634766,0.2376611977815628,-0.123889387,3.1061906814575195,3.643719434738159,0,0,0,0,0,0,0,0,0,0,0,0,5.129590988,6.924576282501221,2.0450000762939453,0,0,0,0,2177.98,2372.9300000000003,2210.8799999999997
6a061133f1c8309ffaf8325a,2026-05-14T18:14:04.628Z,9,9,5,2026-05-14T18:14:04.628Z,0.2958683967590332,0.29587411880493164,0.5445585250854492,0.028483867645263672,0.005470634,0.16411972045898438,0.090896964,7.785766602,4.1252336502075195,0.2376093864440918,-0.123976469,0.001324803,1.6088606119155884,0,0,0,0,0,0,0,0,0,0,0,0,2.7704029083251953,1.8288077116012573,6.733218669891357,0,0,0,0,2173.22,2369.78,2202.27
6a061179f1c8309ffaf83297,2026-05-14T18:15:14.837Z,10,0,5.1,2026-05-14T18:15:14.837Z,0.6182448863983154,0.6460921764373779,0.8327527046203613,0.030210018157958984,0.005049825,0.16327810287475586,0.091738582,8.020462036132812,4.5023603439331055,0.23765020072460175,-0.123874247,3.159442663192749,3.7261388301849365,0,0,0,0,0,0,0,0,0,0,0,0,6.479462146759033,9.195235252380371,3.1758077144622803,0,0,0,0,2164.8199999999997,2359.77,2196.8799999999997
6a0611bff1c8309ffaf832d4,2026-05-14T18:16:25.074Z,10,1,5.1,2026-05-14T18:16:25.074Z,0.376248837,0.36401987075805664,0.6718800067901611,0.029346942901611328,0.005470634,0.16327810287475586,0.090896964,8.112304688,3.9124107360839844,0.23762653768062592,-0.124329925,0.5913369655609131,0.7764136791229248,0,0,0,0,0,0,0,0,0,0,0,0,3.4416401386260986,1.2914048433303833,9.146728516,0,0,0,0,2159.01,2356.97,2185.6800000000003
6a061204f1c8309ffaf83311,2026-05-14T18:17:35.018Z,10,2,5.1,2026-05-14T18:17:35.018Z,0.6909294128417969,0.6693825721740723,0.9007151126861572,0.029346942901611328,0.005049825,0.1628572940826416,0.091738582,7.9592437744140625,4.300564765930176,0.23767195641994476,-0.123952627,2.4642927646636963,2.8997769355773926,0,0,0,0,0,0,0,0,0,0,0,0,8.327812194824219,7.076866149902344,4.6624650955200195,0,0,0,0,2148.58,2349.27,2178.61
6a06124af1c8309ffaf8334e,2026-05-14T18:18:44.731Z,10,3,5.1,2026-05-14T18:18:44.731Z,0.779005766,0.7849719524383545,1.0701909065246582,0.027620792388916016,0.005470634,0.16411972045898438,0.090896964,8.704162598,4.419105529785156,0.2376680225133896,-0.124272764,2.9464404582977295,3.438694477081299,0,0,0,0,0,0,0,0,0,0,0,0,8.21472168,9.806729316711426,4.528498649597168,0,0,0,0,2137.31,2337.51,2172.03
6a061290f1c8309ffaf8338b,2026-05-14T18:19:54.763Z,10,4,5.1,2026-05-14T18:19:54.763Z,0.4241349697113037,0.4295780658721924,0.7217762470245361,0.027620792388916016,0.004628897,0.16411972045898438,0.090896964,8.102096557617188,3.955415725708008,0.2376248687505722,-0.124339223,0.8046935796737671,1.4084727764129639,0,0,0,0,0,0,0,0,0,0,0,0,5.020756721496582,1.963243007659912,8.293488502502441,0,0,0,0,2129.89,2334.22,2161.67
6a0612d7f1c8309ffaf833c8,2026-05-14T18:21:04.717Z,10,5,5.1,2026-05-14T18:21:04.717Z,0.5643727779388428,0.5296404361724854,0.7286586761474609,0.027620792388916016,0.005470634,0.16327810287475586,0.090896964,8.510284423828125,4.182023048400879,0.23769627511501312,-0.123810112,2.470691204071045,2.884132146835327,0,0,0,0,0,0,0,0,0,0,0,0,9.476554870605469,6.148540019989014,1.5100128650665283,0,0,0,0,2118.1299999999997,2327.4300000000003,2157.6800000000003
6a06131df1c8309ffaf83405,2026-05-14T18:22:14.803Z,10,6,5.1,2026-05-14T18:22:14.803Z,0.6712615489959717,0.6711077690124512,0.8869502544403076,0.029346942901611328,0.004628897,0.16327810287475586,0.090896964,8.398025512695312,4.187536239624023,0.2376984804868698,-0.123954177,2.230412483215332,2.608048201,0,0,0,0,0,0,0,0,0,0,0,0,9.311367035,6.1507391929626465,4.502571105957031,0,0,0,0,2105.53,2319.73,2151.73
6a061362f1c8309ffaf83442,2026-05-14T18:23:24.913Z,10,7,5.1,2026-05-14T18:23:24.913Z,0.43696141242980957,0.3847224712371826,0.6391892433166504,0.028483867645263672,0.005049825,0.16411972045898438,0.090896964,7.9082183837890625,3.6687116622924805,0.23767031729221344,-0.124298215,0.6574732065200806,0.8032606244087219,0,0,0,0,0,0,0,0,0,0,0,0,8.312856674194336,1.4101746082305908,4.536637783050537,0,0,0,0,2094.4,2317.42,2145.29
6a0613a8f1c8309ffaf8347f,2026-05-14T18:24:34.064Z,10,8,5.1,2026-05-14T18:24:34.064Z,0.6772477626800537,0.6762833595275879,0.8404953479766846,0.030210018157958984,0.005470634,0.16327810287475586,0.090896964,8.295989990234375,4.333645820617676,0.23770149052143097,-0.12389493,3.0691912174224854,3.5951900482177734,0,0,0,0,0,0,0,0,0,0,0,0,9.238930702209473,9.218502044677734,1.3508069515228271,0,0,0,0,2082.71,2307.6200000000003,2142.0699999999997
6a0613edf1c8309ffaf834bc,2026-05-14T18:25:44.101Z,10,9,5.1,2026-05-14T18:25:44.101Z,0.4831373691558838,0.45028042793273926,0.7277984619140625,0.028483867645263672,0.005470634,0.16327810287475586,0.091738582,8.571502685546875,3.8616857528686523,0.23766010999679565,-0.124360621,0.8252032995223999,1.4502002000808716,0,0,0,0,0,0,0,0,0,0,0,0,6.6908955574035645,2.1217424869537354,7.052425384521484,0,0,0,0,2072.77,2303.6299999999997,2133.3199999999997
6a061433f1c8309ffaf834f9,2026-05-14T18:26:53.644Z,11,0,4.3,2026-05-14T18:26:53.644Z,0.21463274955749512,0.2061629295349121,0.4765958786010742,0.028483867645263672,0.005049825,0.16327810287475586,0.091738582,8.183731079101562,4.201871871948242,0.237654909,-0.124012709,0.9125539064407349,1.5191295146942139,0,0,0,0,0,0,0,0,0,0,0,0,1.2933995723724365,1.5376322269439697,6.618128299713135,0,0,0,0,2069.48,2301.81,2124.4300000000003
6a061479f1c8309ffaf83536,2026-05-14T18:28:03.352Z,11,1,4.3,2026-05-14T18:28:03.352Z,0.775585413,0.8073992729187012,0.9893240928649902,0.027620792388916016,0.005470634,0.16327810287475586,0.090896964,8.051086426,4.295601844787598,0.23770643770694733,-0.124202549,2.531409740447998,2.9484105110168457,0,0,0,0,0,0,0,0,0,0,0,0,9.651456832885742,7.874637603759766,4.413471221923828,0,0,0,0,2057.58,2292.99,2117.5
6a0614bff1c8309ffaf83573,2026-05-14T18:29:13.367Z,11,2,4.3,2026-05-14T18:29:13.367Z,1.044945240020752,1.0135624408721924,1.2594525814056396,0.027620792388916016,0.005891442,0.1628572940826416,0.091738582,8.091903686523438,4.248186111450195,0.2376544028520584,-0.124162376,2.213073253631592,2.426206111907959,0,0,0,0,0,0,0,0,0,0,0,0,9.633552551269531,7.288256645202637,9.591356277,0,0,0,0,2045.1200000000001,2284.1,2105.3199999999997
6a061505f1c8309ffaf835b0,2026-05-14T18:30:23.305Z,11,3,4.3,2026-05-14T18:30:23.305Z,0.444657564,0.40456223487854004,0.651233435,0.028483867645263672,0.005470634,0.1628572940826416,0.090896964,7.9388275146484375,3.7883548736572266,0.23771870136260986,-0.124396265,0.8929632902145386,1.4371980428695679,0,0,0,0,0,0,0,0,0,0,0,0,8.432224274,1.930387020111084,4.317152023,0,0,0,0,2033.92,2281.2999999999997,2098.81
6a06154bf1c8309ffaf835ed,2026-05-14T18:31:33.578Z,11,4,4.3,2026-05-14T18:31:33.578Z,0.5917365550994873,0.6046872138977051,0.7553274631500244,0.028483867645263672,0.005470634,0.16327810287475586,0.09215939,8.734771728515625,4.217309951782227,0.23766079545021057,-0.124098539,2.8968632221221924,3.1505837440490723,0,0,0,0,0,0,0,0,0,0,0,0,9.510834693908691,7.122383117675781,1.1234116554260254,0,0,0,0,2021.32,2272.97,2096.01
6a061592f1c8309ffaf8362a,2026-05-14T18:32:43.692Z,11,5,4.3,2026-05-14T18:32:43.692Z,0.30783987045288086,0.3165764808654785,0.5505802631378174,0.029346942901611328,0.005049825,0.16411972045898438,0.090896964,7.734741211,4.597744941711426,0.23769137263298035,-0.123806655,2.7353100776672363,3.0137856006622314,0,0,0,0,0,0,0,0,0,0,0,0,1.920279860496521,4.599637985229492,5.114728927612305,0,0,0,0,2016.9099999999999,2267.09,2089.4300000000003
6a0615d8f1c8309ffaf83667,2026-05-14T18:33:54.047Z,11,6,4.3,2026-05-14T18:33:54.047Z,0.6191000938415527,0.614175558,0.8533997535705566,0.025894403,0.005891442,0.16327810287475586,0.09215939,8.306198120117188,4.341916084289551,0.23777426779270172,-0.124318898,2.1915156841278076,2.4189131259918213,0,0,0,0,0,0,0,0,0,0,0,0,5.229957580566406,5.344484806060791,8.474315643310547,0,0,0,0,2009.77,2260.58,2078.3700000000003
6a06161ef1c8309ffaf836a4,2026-05-14T18:35:04.016Z,11,7,4.3,2026-05-14T18:35:04.016Z,0.4019019603729248,0.3614318370819092,0.5841312408447266,0.029346942901611328,0.005470634,0.16327810287475586,0.091738582,8.571502685546875,4.002832412719727,0.23768411576747894,-0.124047697,2.0072925090789795,2.2320942878723145,0,0,0,0,0,0,0,0,0,0,0,0,8.521203994750977,3.5184619426727295,1.486870288848877,0,0,0,0,1999.1299999999999,2256.1,2074.73
6a061664f1c8309ffaf836e1,2026-05-14T18:36:14.191Z,11,8,4.3,2026-05-14T18:36:14.191Z,0.36940789222717285,0.3717834949493408,0.6486525535583496,0.029346942901611328,0.005891442,0.16327810287475586,0.091738582,8.561294555664062,4.058519363,0.23769241571426392,-0.124314368,1.3467967510223389,1.4842537641525269,0,0,0,0,0,0,0,0,0,0,0,0,3.2666709423065186,1.9919699430465698,8.502263069152832,0,0,0,0,1993.18,2253.51,2064.23
6a0616aaf1c8309ffaf8371e,2026-05-14T18:37:24.197Z,11,9,4.3,2026-05-14T18:37:24.197Z,0.22232866287231445,0.22686529159545898,0.48605918884277344,0.027620792388916016,0.005049825,0.16327810287475586,0.090896964,7.9694366455078125,4.043081283569336,0.237683505,-0.124467075,0.7773724794387817,0.8700820803642273,0,0,0,0,0,0,0,0,0,0,0,0,1.759478211402893,1.1705292463302612,6.557624340057373,0,0,0,0,1989.82,2251.9,2055.1299999999997
6a0616f0f1c8309ffaf8375b,2026-05-14T18:38:34.262Z,12,0,4.2,2026-05-14T18:38:34.262Z,0.5677933692932129,0.5374038219451904,0.7992019653320312,0.028483867645263672,0.00673306,0.16327810287475586,0.091738582,8.612319946289062,4.4610090255737305,0.23767095804214478,-0.124250531,2.9781997203826904,3.270284414291382,0,0,0,0,0,0,0,0,0,0,0,0,5.0754289627075195,7.414926052093506,5.274530410766602,0,0,0,0,1983.0300000000002,2243.78,2047.5
6a061736f1c8309ffaf83798,2026-05-14T18:39:44.305Z,12,1,4.2,2026-05-14T18:39:44.305Z,0.6413328647613525,0.6435041427612305,0.9093177318572998,0.027620792388916016,0.00673306,0.16411972045898438,0.092580318,8.102096557617188,4.425170898,0.23767492175102234,-0.124440551,2.2128050327301025,2.452435017,0,0,0,0,0,0,0,0,0,0,0,0,4.405882358551025,5.561964035,9.662323951721191,0,0,0,0,1976.3799999999999,2236.71,2035.32
6a06177cf1c8309ffaf837d5,2026-05-14T18:40:54.583Z,12,2,4.2,2026-05-14T18:40:54.583Z,0.749931812,0.7418415546417236,1.0245954990386963,0.028483867645263672,0.005470634,0.16327810287475586,0.091738582,8.489868164,4.642955780029297,0.23768311738967896,-0.12469852,2.899432659,3.203643321990967,0,0,0,0,0,0,0,0,0,0,0,0,3.689396381378174,8.703330993652344,9.403017998,0,0,0,0,1970.7800000000002,2226.7000000000003,2023.07
6a0617c2f1c8309ffaf83812,2026-05-14T18:42:04.656Z,12,3,4.2,2026-05-14T18:42:04.656Z,0.4224245548248291,0.4140510559082031,0.714033842,0.027620792388916016,0.005049825,0.1628572940826416,0.090896964,8.479660034179688,4.469278335571289,0.237691268,-0.124264598,2.034160614013672,2.2854971885681152,0,0,0,0,0,0,0,0,0,0,0,0,2.3619837760925293,4.011630058288574,8.867923736572266,0,0,0,0,1966.3700000000001,2221.03,2011.1000000000001
6a061808f1c8309ffaf8384f,2026-05-14T18:43:14.640Z,12,4,4.2,2026-05-14T18:43:14.640Z,0.14280343055725098,0.1233525276184082,0.32346582412719727,0.027620792388916016,0.005470634,0.16327810287475586,0.090896964,8.336807250976562,4.077816963195801,0.2376924306154251,-0.124332488,1.6625651121139526,1.8623969554901123,0,0,0,0,0,0,0,0,0,0,0,0,2.2014219760894775,1.3536288738250732,2.116888999938965,0,0,0,0,1962.73,2219.0699999999997,2006.69
6a06184ef1c8309ffaf8388c,2026-05-14T18:44:24.459Z,12,5,4.2,2026-05-14T18:44:24.459Z,0.28389668464660645,0.28120970726013184,0.5359554290771484,0.027620792388916016,0.005049825,0.16327810287475586,0.090896964,8.704162598,3.9785728454589844,0.23768769204616547,-0.126745522,1.4717817306518555,1.630578637123108,0,0,0,0,0,0,0,0,0,0,0,0,4.105097770690918,1.9244132041931152,5.177854061126709,0,0,0,0,1956.7099999999998,2216.83,1999.6200000000001
6a061894f1c8309ffaf838c9,2026-05-14T18:45:34.296Z,12,6,4.2,2026-05-14T18:45:34.296Z,0.23686552047729492,0.23549151420593262,0.4258391857147217,0.025894403,0.005049825,0.1628572940826416,0.090896964,8.520477294921875,4.2878828048706055,0.2376721203327179,-0.126953244,2.661731719970703,2.9166147708892822,0,0,0,0,0,0,0,0,0,0,0,0,3.9956326484680176,3.862049102783203,1.9417917728424072,0,0,0,0,1950.83,2212.28,1995.9099999999999
6a0618daf1c8309ffaf83906,2026-05-14T18:46:44.484Z,12,7,4.2,2026-05-14T18:46:44.484Z,0.30955004692077637,0.32002687454223633,0.5609035491943359,0.027620792388916016,0.005470634,0.16411972045898438,0.090896964,8.204147338867188,4.059070587158203,0.23769165575504303,-0.126952648,1.3743683099746704,1.5475077629089355,0,0,0,0,0,0,0,0,0,0,0,0,3.1880877017974854,1.8059965372085571,6.567421913146973,0,0,0,0,1945.7199999999998,2209.9,1987.51
6a061920f1c8309ffaf83943,2026-05-14T18:47:54.496Z,12,8,4.2,2026-05-14T18:47:54.496Z,0.22660422325134277,0.23894214630126953,0.5041251182556152,0.027620792388916016,0.005470634,0.16327810287475586,0.090896964,8.449050903320312,4.288434028625488,0.2376825362443924,-0.126570642,1.6977717876434326,1.8655799627304077,0,0,0,0,0,0,0,0,0,0,0,0,1.6275451183319092,2.1703572273254395,6.159841060638428,0,0,0,0,1942.2900000000002,2207.31,1978.8999999999999
6a061966f1c8309ffaf83980,2026-05-14T18:49:04.302Z,12,9,4.2,2026-05-14T18:49:04.302Z,0.38993048667907715,0.4313032627105713,0.6701595783233643,0.027620792388916016,0.005049825,0.16411972045898438,0.090896964,8.22454834,4.667766571044922,0.23763303458690643,-0.126744926,3.2414066791534424,3.553105354309082,0,0,0,0,0,0,0,0,0,0,0,0,2.7077484130859375,7.060281753540039,5.103650093078613,0,0,0,0,1938.0900000000001,2199.4,1971.48
6a0619acf1c8309ffaf839bd,2026-05-14T18:50:14.380Z,13,0,5.2,2026-05-14T18:50:14.380Z,0.424990177,0.41922688484191895,0.6374685764312744,0.025894403,0.005470634,0.1628572940826416,0.091738582,8.642944336,4.220066070556641,0.23768502473831177,-0.127441108,2.263774871826172,2.539583683013916,0,0,0,0,0,0,0,0,0,0,0,0,5.9515767097473145,4.379785537719727,3.9932405948638916,0,0,0,0,1930.1100000000001,2193.59,1965.32
6a0619f2f1c8309ffaf839fa,2026-05-14T18:51:24.376Z,13,1,5.2,2026-05-14T18:51:24.376Z,0.9714055061340332,0.9204010963439941,1.1983726024627686,0.025031328201293945,0.004628897,0.16327810287475586,0.091738582,7.9592437744140625,4.182023048400879,0.2376423180103302,-0.126583219,1.9820244312286377,2.198979377746582,0,0,0,0,0,0,0,0,0,0,0,0,9.881648063659668,6.078583240509033,9.283128738,0,0,0,0,1917.7199999999998,2186.52,1953.9099999999999
6a061a38f1c8309ffaf83a37,2026-05-14T18:52:34.355Z,13,2,5.2,2026-05-14T18:52:34.355Z,0.4010467529296875,0.40628743171691895,0.6779022216796875,0.025894403,0.005049825,0.16243648529052734,0.090896964,8.551101684570312,4.395397186279297,0.23767288029193878,-0.126868963,2.111111640930176,2.197462320327759,0,0,0,0,0,0,0,0,0,0,0,0,2.600984573364258,3.784827709197998,8.404079437,0,0,0,0,1912.3999999999999,2181.48,1942.57
6a061a7ef1c8309ffaf83a74,2026-05-14T18:53:44.302Z,13,3,5.2,2026-05-14T18:53:44.302Z,0.47031068801879883,0.495136023,0.6736006736755371,0.024168014526367188,0.005049825,0.1628572940826416,0.090896964,8.265365600585938,4.649572372436523,0.23770833015441895,-0.126974404,4.437996864318848,4.5357584953308105,0,0,0,0,0,0,0,0,0,0,0,0,4.621794700622559,9.871216773986816,1.028838872909546,0,0,0,0,1906.0300000000002,2170.49,1939.2800000000002
6a061ac4f1c8309ffaf83ab1,2026-05-14T18:54:54.501Z,13,4,5.2,2026-05-14T18:54:54.501Z,0.8653719425201416,0.8634693622589111,1.0805139541625977,0.025894403,0.005049825,0.16327810287475586,0.090896964,8.020462036132812,4.408079147338867,0.23769128322601318,-0.127126634,3.0635573863983154,3.1920371055603027,0,0,0,0,0,0,0,0,0,0,0,0,9.002386093139648,9.144792556762695,5.088829517364502,0,0,0,0,1894.48,2159.08,1932.49
6a061b0af1c8309ffaf83aee,2026-05-14T18:56:04.628Z,13,5,5.2,2026-05-14T18:56:04.628Z,0.6515944004058838,0.7090625762939453,0.8912520408630371,0.025894403,0.004628897,0.16411972045898438,0.090896964,8.173538208007812,4.448879241943359,0.2377021312713623,-0.127903342,3.1846280097961426,3.319028377532959,0,0,0,0,0,0,0,0,0,0,0,0,6.643120765686035,8.314079284667969,4.912647724151611,0,0,0,0,1885.17,2149,1925.49
6a061b50f1c8309ffaf83b2b,2026-05-14T18:57:14.441Z,13,6,5.2,2026-05-14T18:57:14.441Z,0.5045151710510254,0.5046248435974121,0.8000621795654297,0.025894403,0.005049825,0.16327810287475586,0.091738582,8.408233642578125,4.8668060302734375,0.23767593502998352,-0.127298355,3.0756919384002686,3.199723958969116,0,0,0,0,0,0,0,0,0,0,0,0,1.116909146308899,6.91506815,9.036527633666992,0,0,0,0,1882.02,2140.1800000000003,1914.01
6a061b96f1c8309ffaf83b68,2026-05-14T18:58:24.451Z,13,7,5.2,2026-05-14T18:58:24.451Z,0.5139214992523193,0.5236020088195801,0.7148940563201904,0.025894403,0.004628897,0.16411972045898438,0.090896964,8.132720947265625,4.429581642150879,0.23765499889850616,-0.127864599,3.2353532314300537,3.3478424549102783,0,0,0,0,0,0,0,0,0,0,0,0,6.530421733856201,7.091780662536621,2.760211944580078,0,0,0,0,1873.6200000000001,2131.78,1908.83
6a061bdcf1c8309ffaf83ba5,2026-05-14T18:59:34.494Z,13,8,5.2,2026-05-14T18:59:34.494Z,0.6507391929626465,0.6167633533477783,0.8955533504486084,0.025894403,0.004628897,0.16327810287475586,0.090896964,8.357208251953125,3.774020195007324,0.23767276108264923,-0.127836764,0.8243671655654907,0.8837494850158691,0,0,0,0,0,0,0,0,0,0,0,0,9.441749572753906,2.137495994567871,7.952524662017822,0,0,0,0,1861.3700000000001,2128.42,1898.82
6a061c23f1c8309ffaf83be2,2026-05-14T19:00:44.736Z,13,9,5.2,2026-05-14T19:00:44.736Z,0.623375654,0.6719703674316406,0.9265234470367432,0.027620792388916016,0.005049825,0.16327810287475586,0.090476155,8.285781860351562,4.776384353637695,0.2376505732536316,-0.12771374,3.1054232120513916,3.1817569732666016,0,0,0,0,0,0,0,0,0,0,0,0,1.9062299728393555,7.882523536682129,9.842144966125488,0,0,0,0,1857.1000000000001,2119.6,1886.2900000000002
6a061c69f1c8309ffaf83c1f,2026-05-14T19:01:54.826Z,14,0,5.3,2026-05-14T19:01:54.826Z,0.47800683975219727,0.5011744499206543,0.6641373634338379,0.023304939,0.004628897,0.16243648529052734,0.090476155,8.132720947265625,4.566317558288574,0.23764684796333313,-0.12790525,4.092661380767822,4.211797714233398,0,0,0,0,0,0,0,0,0,0,0,0,5.259489059448242,9.143111228942871,1.390416145324707,0,0,0,0,1850.0300000000002,2108.6800000000003,1882.3700000000001
6a061caef1c8309ffaf83c5c,2026-05-14T19:03:04.909Z,14,1,5.3,2026-05-14T19:03:04.909Z,0.5720689296722412,0.5356786251068115,0.7690918445587158,0.024168014526367188,0.004628897,0.16327810287475586,0.090896964,8.653137207,3.8181285858154297,0.2377123236656189,-0.127812982,1.4404363632202148,1.5468604564666748,0,0,0,0,0,0,0,0,0,0,0,0,9.853396416,2.524346113204956,4.963622093200684,0,0,0,0,1837.43,2104.69,1875.58
6a061cf5f1c8309ffaf83c99,2026-05-14T19:04:14.702Z,14,2,5.3,2026-05-14T19:04:14.702Z,0.30955004692077637,0.31398868560791016,0.5385363101959229,0.025031328201293945,0.004628897,0.1628572940826416,0.090896964,8.561294555664062,4.256456375,0.23767674,-0.127874494,2.5554168224334717,2.6208906173706055,0,0,0,0,0,0,0,0,0,0,0,0,4.267605304718018,3.907118320465088,3.5248141288757324,0,0,0,0,1830.57,2100.0699999999997,1870.1200000000001
6a061d3bf1c8309ffaf83cd6,2026-05-14T19:05:25.148Z,14,3,5.3,2026-05-14T19:05:25.148Z,0.4797172546386719,0.5011744499206543,0.762209415,0.027620792388916016,0.005049825,0.16243648529052734,0.090476155,8.27557373,4.743853569030762,0.2376745492219925,-0.128268182,3.279390811920166,3.393768072128296,0,0,0,0,0,0,0,0,0,0,0,0,2.099180221557617,7.397472858428955,7.347624778747559,0,0,0,0,1826.51,2091.3199999999997,1860.32
6a061d81f1c8309ffaf83d13,2026-05-14T19:06:35.252Z,14,4,5.3,2026-05-14T19:06:35.252Z,0.5002398490905762,0.49082303047180176,0.6959681510925293,0.024168014526367188,0.004628897,0.16327810287475586,0.090896964,8.122512817382812,4.3490839,0.23766982555389404,-0.128209293,3.180323839187622,3.3167076110839844,0,0,0,0,0,0,0,0,0,0,0,0,7.625257492,6.8801727294921875,1.633256196975708,0,0,0,0,1816.7099999999998,2082.92,1856.8899999999999
6a061dc7f1c8309ffaf83d50,2026-05-14T19:07:45.248Z,14,5,5.3,2026-05-14T19:07:45.248Z,0.72427845,0.6883599758148193,0.9540524482727051,0.025894403,0.005049825,0.1628572940826416,0.090896964,8.908294677734375,3.862236976623535,0.23766255378723145,-0.128470659,1.4347223043441772,1.5191941261291504,0,0,0,0,0,0,0,0,0,0,0,0,9.460277557373047,2.9599454402923584,8.438806533813477,0,0,0,0,1804.81,2079.0699999999997,1846.6000000000001
6a061e0df1c8309ffaf83d8d,2026-05-14T19:08:55.263Z,14,6,5.3,2026-05-14T19:08:55.263Z,0.5677933692932129,0.5408539772033691,0.7699520587921143,0.023304939,0.004628897,0.16327810287475586,0.090896964,8.530685424804688,4.475343704223633,0.23765602707862854,-0.128952146,3.368065595626831,3.461106538772583,0,0,0,0,0,0,0,0,0,0,0,0,5.186836242675781,7.822379112243652,4.407233238220215,0,0,0,0,1796.69,2069.9,1839.3899999999999
6a061e53f1c8309ffaf83dca,2026-05-14T19:10:05.244Z,14,7,5.3,2026-05-14T19:10:05.244Z,0.5985774993896484,0.5563812255859375,0.8060839176177979,0.023304939,0.005049825,0.16243648529052734,0.090896964,8.295989990234375,3.855069160461426,0.2376711368560791,-0.128318965,1.4818364381790161,1.5684770345687866,0,0,0,0,0,0,0,0,0,0,0,0,9.620897293,2.719017505645752,5.744823455810547,0,0,0,0,1784.3,2065.98,1831.4099999999999
6a061e9af1c8309ffaf83e07,2026-05-14T19:11:15.330Z,14,8,5.3,2026-05-14T19:11:15.330Z,0.38822007179260254,0.43216586112976074,0.6280055046081543,0.023304939,0.005049825,0.16243648529052734,0.090896964,8.520477294921875,4.835378646850586,0.23767122626304626,-0.128394246,4.318991661071777,4.4027605056762695,0,0,0,0,0,0,0,0,0,0,0,0,1.798329472541809,8.738292694091797,3.538116931915283,0,0,0,0,1780.38,2055.97,1825.8799999999999
6a061ee0f1c8309ffaf83e44,2026-05-14T19:12:25.897Z,14,9,5.3,2026-05-14T19:12:25.897Z,0.43183088302612305,0.39507365226745605,0.612520695,0.023304939,0.004628897,0.16411972045898438,0.091738582,8.408233642578125,3.846798896789551,0.23765254020690918,-0.128360212,1.5975028276443481,1.7064510583877563,0,0,0,0,0,0,0,0,0,0,0,0,8.755414009094238,2.414215564727783,2.6649067401885986,0,0,0,0,1769.88,2052.19,1821.4699999999998
6a061f26f1c8309ffaf83e81,2026-05-14T19:13:36.465Z,15,0,4.1,2026-05-14T19:13:36.465Z,0.8987212181091309,0.8669195175170898,1.1372926235198975,0.025031328201293945,0.004628897,0.16327810287475586,0.090896964,8.469467163085938,4.377754211425781,0.23766502737998962,-0.12866348,2.872513771057129,2.982196092605591,0,0,0,0,0,0,0,0,0,0,0,0,7.864475727081299,8.829929352,7.8362531661987305,0,0,0,0,1758.82,2042.1100000000001,1811.5300000000002
6a061f6df1c8309ffaf83ebe,2026-05-14T19:14:46.599Z,15,1,4.1,2026-05-14T19:14:46.599Z,0.37368321418762207,0.39679884910583496,0.5583229064941406,0.022441625595092773,0.004628897,0.16327810287475586,0.091738582,7.898010254,4.119168281555176,0.23765791952610016,-0.128424406,2.398596764,2.4929261207580566,0,0,0,0,0,0,0,0,0,0,0,0,7.623489856719971,3.921891450881958,1.3328505754470825,0,0,0,0,1748.67,2036.7199999999998,1808.0300000000002
6a061fb3f1c8309ffaf83efb,2026-05-14T19:15:56.864Z,15,2,4.1,2026-05-14T19:15:56.864Z,0.28218650817871094,0.31743907928466797,0.5058455467224121,0.023304939,0.004208088,0.16327810287475586,0.090896964,8.714370727539062,4.330888748168945,0.2376621961593628,-0.128713071,2.529918670654297,2.6355385780334473,0,0,0,0,0,0,0,0,0,0,0,0,3.070195436477661,3.729729652404785,4.336772918701172,0,0,0,0,1743.21,2032.17,1802.08
6a061ff9f1c8309ffaf83f38,2026-05-14T19:17:07.047Z,15,3,4.1,2026-05-14T19:17:07.047Z,0.6507391929626465,0.5995113849639893,0.8783481121063232,0.021578550338745117,0.004628897,0.16327810287475586,0.090896964,8.122512817382812,3.9443883895874023,0.23770248889923096,-0.128284514,1.620191216468811,1.6933867931365967,0,0,0,0,0,0,0,0,0,0,0,0,9.364230155944824,3.2790274620056152,6.7820892333984375,0,0,0,0,1731.52,2027.9699999999998,1792.98
6a06203ff1c8309ffaf83f75,2026-05-14T19:18:17.294Z,15,4,4.1,2026-05-14T19:18:17.294Z,0.6806681156158447,0.6762833595275879,0.9549129009246826,0.024168014526367188,0.004628897,0.1628572940826416,0.090896964,7.9082183837890625,4.325926780700684,0.2376941740512848,-0.128130674,2.2885823249816895,2.353377342224121,0,0,0,0,0,0,0,0,0,0,0,0,5.665111541748047,5.592947006225586,9.345573425292969,0,0,0,0,1722.98,2021.3899999999999,1780.8
6a062085f1c8309ffaf83fb2,2026-05-14T19:19:27.490Z,15,5,4.1,2026-05-14T19:19:27.490Z,0.17957305908203125,0.1880481243133545,0.4129352569580078,0.024168014526367188,0.004628897,0.16411972045898438,0.090896964,8.102096557617188,4.232748031616211,0.237701878,-0.12880528,2.0191662311553955,2.107954978942871,0,0,0,0,0,0,0,0,0,0,0,0,2.040876865386963,2.1050539016723633,3.905428409576416,0,0,0,0,1718.99,2018.3799999999999,1774.57
6a0620cbf1c8309ffaf83fef,2026-05-14T19:20:37.608Z,15,6,4.1,2026-05-14T19:20:37.608Z,0.191544771,0.20702552795410156,0.4490668773651123,0.023304939,0.005049825,0.1628572940826416,0.091738582,8.367416381835938,4.2476348876953125,0.23773832619190216,-0.12840575,1.9013651609420776,1.9795745611190796,0,0,0,0,0,0,0,0,0,0,0,0,2.016220808029175,2.104370594024658,4.759443283081055,0,0,0,0,1715.28,2015.93,1767.71
6a062111f1c8309ffaf8402c,2026-05-14T19:21:47.646Z,15,7,4.1,2026-05-14T19:21:47.646Z,0.41643857955932617,0.45976924896240234,0.6563949584960938,0.021578550338745117,0.004628897,0.16411972045898438,0.091738582,8.377624512,4.844752311706543,0.23767319321632385,-0.128588736,4.317265510559082,4.412319183349609,0,0,0,0,0,0,0,0,0,0,0,0,2.0299229621887207,9.135513305664062,3.6148605346679688,0,0,0,0,1711.71,2005.5,1762.11
6a062157f1c8309ffaf84069,2026-05-14T19:22:57.724Z,15,8,4.1,2026-05-14T19:22:57.724Z,0.45149850845336914,0.47788405418395996,0.7243573665618896,0.025031328201293945,0.005049825,0.16411972045898438,0.090896964,8.27557373,4.856881141662598,0.23771899938583374,-0.128769696,3.5741429328918457,3.716428756713867,0,0,0,0,0,0,0,0,0,0,0,0,1.6423463821411133,7.611232280731201,6.236016750335693,0,0,0,0,1708.63,1996.33,1753.92
6a06219ef1c8309ffaf840a6,2026-05-14T19:24:07.686Z,15,9,4.1,2026-05-14T19:24:07.686Z,0.4908332824707031,0.5261898040771484,0.7966210842132568,0.023304939,0.005049825,0.16411972045898438,0.090896964,8.316390991210938,4.6947832107543945,0.23770767450332642,-0.128399789,2.636154890060425,2.783672571182251,0,0,0,0,0,0,0,0,0,0,0,0,1.8237673044204712,5.626325607299805,9.203662872314453,0,0,0,0,1705.2,1988.9099999999999,1742.02
6a0621e4f1c8309ffaf840e3,2026-05-14T19:25:18.011Z,16,0,4,2026-05-14T19:25:18.011Z,1.0757291316986084,1.0860216617584229,1.3291354179382324,0.024168014526367188,0.004628897,0.16411972045898438,0.090896964,8.653137207,4.299461364746094,0.2377673238515854,-0.128315806,2.488605499267578,2.592630148,0,0,0,0,0,0,0,0,0,0,0,0,9.872559547424316,8.229925155639648,9.582147598266602,0,0,0,0,1693.23,1979.32,1729.63
6a06222af1c8309ffaf84120,2026-05-14T19:26:28.328Z,16,1,4,2026-05-14T19:26:28.328Z,0.4848475456237793,0.43734121322631836,0.6503729820251465,0.025031328201293945,0.005049825,0.16327810287475586,0.090896964,7.6633148193359375,4.035363197,0.23767907917499542,-0.128698707,2.1163275241851807,2.1994547843933105,0,0,0,0,0,0,0,0,0,0,0,0,9.935533524,3.854738951,1.4510070085525513,0,0,0,0,1679.93,1973.7900000000002,1725.22
6a062270f1c8309ffaf8415d,2026-05-14T19:27:38.411Z,16,2,4,2026-05-14T19:27:38.411Z,0.38736486434936523,0.40456223487854004,0.6469321250915527,0.024168014526367188,0.005049825,0.16327810287475586,0.090896964,8.122512817382812,4.460456848144531,0.23772786557674408,-0.128472388,2.8026559352874756,2.8924648761749268,0,0,0,0,0,0,0,0,0,0,0,0,3.2637248039245605,5.120664119720459,5.524085521697998,0,0,0,0,1673.63,1967.7000000000003,1718.22
6a0622b6f1c8309ffaf8419a,2026-05-14T19:28:48.431Z,16,3,4,2026-05-14T19:28:48.431Z,0.5122110843658447,0.546029806,0.7424230575561523,0.023304939,0.005049825,0.16327810287475586,0.091738582,9.010345458984375,4.509528160095215,0.2376878559589386,-0.129038513,3.5070858001708984,3.6127352714538574,0,0,0,0,0,0,0,0,0,0,0,0,4.943986892700195,7.945857048034668,3.8179502487182617,0,0,0,0,1666.9099999999999,1958.3899999999999,1711.99
6a0622fcf1c8309ffaf841d7,2026-05-14T19:29:58.502Z,16,4,4,2026-05-14T19:29:58.502Z,0.632781982,0.5839846134185791,0.8551201820373535,0.023304939,0.004628897,0.16411972045898438,0.091738582,8.449050903320312,3.7811880111694336,0.2376823127269745,-0.128751755,1.2537243366241455,1.3534797430038452,0,0,0,0,0,0,0,0,0,0,0,0,9.342967987060547,2.2135062217712402,7.256812572479248,0,0,0,0,1654.87,1954.82,1702.3999999999999
6a062342f1c8309ffaf84214,2026-05-14T19:31:08.782Z,16,5,4,2026-05-14T19:31:08.782Z,0.26251888275146484,0.2967367172241211,0.483478308,0.023304939,0.005049825,0.16411972045898438,0.090896964,8.622528076171875,4.830416679382324,0.23764975368976593,-0.128602564,4.244227886199951,4.309776306152344,0,0,0,0,0,0,0,0,0,0,0,0,1.2259269952774048,6.810126781463623,2.7773985862731934,0,0,0,0,1651.37,1947.1200000000001,1697.5
6a062388f1c8309ffaf84251,2026-05-14T19:32:18.802Z,16,6,4,2026-05-14T19:32:18.802Z,0.5797648429870605,0.5477550029754639,0.7501659393310547,0.023304939,0.004628897,0.1628572940826416,0.090896964,7.898010254,4.387678146362305,0.2376563996076584,-0.128861547,3.0897014141082764,3.2293477058410645,0,0,0,0,0,0,0,0,0,0,0,0,7.337582588195801,7.210770606994629,3.2103960514068604,0,0,0,0,1642.27,1938.51,1692.53
6a0623cff1c8309ffaf8428e,2026-05-14T19:33:28.844Z,16,7,4,2026-05-14T19:33:28.844Z,0.47031068801879883,0.4916856288909912,0.7097325325012207,0.021578550338745117,0.004628897,0.16327810287475586,0.090896964,8.510284423828125,4.667766571044922,0.23773878812789917,-0.128377736,3.679769277572632,3.798548460006714,0,0,0,0,0,0,0,0,0,0,0,0,3.1796016693115234,8.093502044677734,4.648393154144287,0,0,0,0,1636.67,1928.57,1685.88
6a062415f1c8309ffaf842cb,2026-05-14T19:34:39.008Z,16,8,4,2026-05-14T19:34:39.008Z,0.1068887710571289,0.10178756713867188,0.32346582412719727,0.021578550338745117,0.005049825,0.16327810287475586,0.091738582,8.357208251953125,3.8859453201293945,0.23768822848796844,-0.12826997,1.6060775518417358,1.759474277496338,0,0,0,0,0,0,0,0,0,0,0,0,3.3121330738067627,1.1336156129837036,1.0982173681259155,0,0,0,0,1631.63,1926.3999999999999,1683.01
6a0647803df67d9365ae72cb,2026-05-14T22:05:44.519Z,1,0,4.7,2026-05-14T22:05:44.519Z,-0.084656,-0.076771975,0.12043929100036621,0.014673471450805664,0.003787279,0.16327810287475586,0.090896964,8.163330078,4.010000228881836,0.23778288066387177,-0.119912744,1.4849833250045776,1.568566918373108,0,0,0,0,0,0,0,0,0,0,0,0,0,0,0,0,0,0,0,2971.71,3200.1200000000003,3111.92
6a0647c53df67d9365ae7308,2026-05-14T22:06:56.275Z,1,1,4.7,2026-05-14T22:06:56.275Z,-0.083801031,-0.076771975,0.12129950523376465,0.015536547,0.004208088,0.1628572940826416,0.090896964,8.295989990234375,4.001729965209961,0.23782381415367126,-0.119678736,1.4843469858169556,1.5674952268600464,0,0,0,0,0,0,0,0,0,0,0,0,3.6098086833953857,3.380829095840454,8.295549392700195,0,0,0,0,2971.71,3200.1200000000003,3111.78
6a06480a3df67d9365ae7345,2026-05-14T22:08:05.659Z,1,2,4.7,2026-05-14T22:08:05.659Z,-0.083801031,-0.076771975,0.11957883834838867,0.014673471450805664,0.003787279,0.1628572940826416,0.090896964,8.469467163085938,4.002281188964844,0.23777417838573456,-0.119996786,1.483391284942627,1.5665485858917236,0,0,0,0,0,0,0,0,0,0,0,0,8.222080231,6.795296669006348,9.768881797790527,0,0,0,0,2971.71,3199.98,3111.92
6a0648503df67d9365ae7382,2026-05-14T22:09:14.758Z,1,3,4.7,2026-05-14T22:09:14.758Z,-0.084656,-0.074184179,0.12043929100036621,0.012084007263183594,0.004208088,0.1628572940826416,0.090896964,8.306198120117188,4.001178741455078,0.23780673742294312,-0.119902432,1.4822734594345093,1.565644383430481,0,0,0,0,0,0,0,0,0,0,0,0,1.8227587938308716,1.500499963760376,2.3474156856536865,0,0,0,0,2971.71,3200.1200000000003,3111.78
6a0648953df67d9365ae73bf,2026-05-14T22:10:23.994Z,1,4,4.7,2026-05-14T22:10:23.994Z,-0.083801031,-0.076771975,0.11871862411499023,0.014673471450805664,0.003787279,0.16327810287475586,0.090896964,8.265365600585938,4.002281188964844,0.2377772182226181,-0.120249391,1.480807900428772,1.564941167831421,0,0,0,0,0,0,0,0,0,0,0,0,2.751373052597046,6.811801433563232,7.061158180236816,0,0,0,0,2971.78,3200.1200000000003,3111.78
6a0648da3df67d9365ae73fc,2026-05-14T22:11:33.262Z,1,5,4.7,2026-05-14T22:11:33.262Z,-0.083801031,-0.076771975,0.12043929100036621,0.013810157775878906,0.004208088,0.16411972045898438,0.090896964,8.234756469726562,3.9989728927612305,0.2377428561449051,-0.120500207,1.479383111000061,1.5644546747207642,0,0,0,0,0,0,0,0,0,0,0,0,9.150855064,8.600259780883789,6.527002334594727,0,0,0,0,2971.71,3200.1200000000003,3111.78
6a0649203df67d9365ae7439,2026-05-14T22:12:42.637Z,1,6,4.7,2026-05-14T22:12:42.637Z,-0.083801031,-0.075046778,0.11957883834838867,0.014673471450805664,0.00336647,0.16327810287475586,0.091738582,8.306198120117188,4.000075340270996,0.23773114383220673,-0.12064749,1.4779874086380005,1.5641809701919556,0,0,0,0,0,0,0,0,0,0,0,0,4.353733539581299,7.394618988037109,1.3861809968948364,0,0,0,0,2971.71,3200.1200000000003,3111.78
6a0649653df67d9365ae7476,2026-05-14T22:13:52.044Z,1,7,4.7,2026-05-14T22:13:52.044Z,-0.083801031,-0.076771975,0.12043929100036621,0.014673471450805664,0.003787279,0.1628572940826416,0.090896964,8.265365600585938,4.003934860229492,0.237732932,-0.120541751,1.4768049716949463,1.5639885663986206,0,0,0,0,0,0,0,0,0,0,0,0,6.809643745422363,4.3563032150268555,7.979281425476074,0,0,0,0,2971.71,3199.98,3111.78
6a0649aa3df67d9365ae74b3,2026-05-14T22:15:01.189Z,1,8,4.7,2026-05-14T22:15:01.189Z,-0.084656,-0.075046778,0.12043929100036621,0.013810157775878906,0.003787279,0.16411972045898438,0.090896964,8.234756469726562,4.008896827697754,0.2378128319978714,-0.120531857,1.4759711027145386,1.5639313459396362,0,0,0,0,0,0,0,0,0,0,0,0,6.247568130493164,9.391419410705566,4.125819206237793,0,0,0,0,2971.71,3200.1200000000003,3111.78
6a0649ef3df67d9365ae74f0,2026-05-14T22:16:10.351Z,1,9,4.7,2026-05-14T22:16:10.351Z,-0.084656,-0.075046778,0.12043929100036621,0.011220932006835938,0.00336647,0.16411972045898438,0.090476155,8.285781860351562,4.006691932678223,0.23781397938728333,-0.120267987,1.4756332635879517,1.5640571117401123,0,0,0,0,0,0,0,0,0,0,0,0,2.2568907737731934,5.538862705230713,1.0559895038604736,0,0,0,0,2971.71,3200.1200000000003,3111.78
6a064a343df67d9365ae752d,2026-05-14T22:17:19.747Z,2,0,3.7,2026-05-14T22:17:19.747Z,-0.083801031,-0.077634573,0.12129950523376465,0.014673471450805664,0.00336647,0.1628572940826416,0.090476155,8.132720947265625,4.008896827697754,0.23777858912944794,-0.120585561,1.4758838415145874,1.564576268196106,0,0,0,0,0,0,0,0,0,0,0,0,3.914367676,1.565069317817688,1.5133485794067383,0,0,0,0,2971.71,3200.1200000000003,3111.78
6a064b4f49cba6a72f9731c9,2026-05-14T22:22:00.127Z,1,0,4.7,2026-05-14T22:22:00.127Z,0.5703587532043457,0.5494804382324219,0.7905988693237305,0.012084007263183594,0.004208088,0.16411972045898438,0.090896964,8.295989990234375,3.975815773010254,0.23784101009368896,-0.120715916,1.3606070280075073,1.4376623630523682,0,0,0,0,0,0,0,0,0,0,0,0,6.762317180633545,2.423252820968628,8.400869369506836,0,0,0,0,2955.33,3195.22,3092.39
6a064b9549cba6a72f973206,2026-05-14T22:23:11.782Z,1,1,4.7,2026-05-14T22:23:11.782Z,0.753352165,0.7763454914093018,1.0383601188659668,0.014673471450805664,0.004628897,0.16327810287475586,0.090896964,8.295989990234375,4.6617021560668945,0.23779168725013733,-0.12061286,3.175260066986084,3.275921106338501,0,0,0,0,0,0,0,0,0,0,0,0,4.191912651062012,9.074371337890625,8.639604568481445,0,0,0,0,2948.47,3184.58,3080.42
6a064bda49cba6a72f973243,2026-05-14T22:24:21.051Z,1,2,4.7,2026-05-14T22:24:21.051Z,0.41643857955932617,0.44683027267456055,0.6649978160858154,0.015536547,0.004208088,0.16411972045898438,0.090896964,8.091903686523438,4.785757064819336,0.23785778880119324,-0.121157944,3.942699909210205,4.102933883666992,0,0,0,0,0,0,0,0,0,0,0,0,3.014894962310791,8.386798858642578,3.4521169662475586,0,0,0,0,2943.71,3174.5,3074.6800000000003
6a064c1f49cba6a72f973280,2026-05-14T22:25:30.133Z,1,3,4.7,2026-05-14T22:25:30.133Z,0.49425387382507324,0.49427342414855957,0.7501659393310547,0.015536547,0.004208088,0.16411972045898438,0.091738582,8.510284423828125,4.684307098388672,0.2378169596195221,-0.121244967,3.3900954723358154,3.577533006668091,0,0,0,0,0,0,0,0,0,0,0,0,3.5533788204193115,7.756874084472656,5.300461292266846,0,0,0,0,2938.39,3165.1200000000003,3067.47
6a064c6449cba6a72f9732bd,2026-05-14T22:26:39.271Z,1,4,4.7,2026-05-14T22:26:39.271Z,0.11629509925842285,0.11558938026428223,0.3441126346588135,0.014673471450805664,0.004208088,0.16411972045898438,0.091738582,8.183731079101562,4.053006172180176,0.23779688775539398,-0.121625841,1.5797841548919678,1.7547261714935303,0,0,0,0,0,0,0,0,0,0,0,0,2.662097454071045,1.2840877771377563,2.4501631259918213,0,0,0,0,2933.91,3162.81,3062.99
6a064ca949cba6a72f9732fa,2026-05-14T22:27:48.341Z,1,5,4.7,2026-05-14T22:27:48.341Z,0.5489809513092041,0.5322282314300537,0.8138265609741211,0.016399621963500977,0.004208088,0.16411972045898438,0.091738582,8.285781860351562,4.617041588,0.23777124285697937,-0.121675968,3.1631412506103516,3.2891221046447754,0,0,0,0,0,0,0,0,0,0,0,0,3.8645224571228027,7.351354598999023,6.116567611694336,0,0,0,0,2928.3799999999997,3154.41,3055.01
6a064cee49cba6a72f973337,2026-05-14T22:28:57.232Z,1,6,4.7,2026-05-14T22:28:57.232Z,0.4463677406311035,0.4002494812011719,0.5875723361968994,0.014673471450805664,0.004208088,0.16327810287475586,0.090896964,8.561294555664062,4.314348220825195,0.23775610327720642,-0.121571541,2.706576347351074,2.8469183444976807,0,0,0,0,0,0,0,0,0,0,0,0,6.411692142486572,5.222047805786133,2.944361686706543,0,0,0,0,2920.1200000000003,3148.11,3050.11
6a064d3349cba6a72f973374,2026-05-14T22:30:06.420Z,1,7,4.7,2026-05-14T22:30:06.420Z,0.6866536140441895,0.6633443832397461,0.8826491832733154,0.013810157775878906,0.004208088,0.16411972045898438,0.091738582,8.27557373,4.210693359,0.23773249983787537,-0.122409642,2.3674869537353516,2.503765583,0,0,0,0,0,0,0,0,0,0,0,0,9.600225448608398,5.840292453765869,4.545532227,0,0,0,0,2908.01,3141.1800000000003,3043.8799999999997
6a064d7849cba6a72f9733b1,2026-05-14T22:31:15.624Z,1,8,4.7,2026-05-14T22:31:15.624Z,0.2941582202911377,0.25878167152404785,0.6538140773773193,0.012084007263183594,0.003787279,0.16327810287475586,0.09215939,8.561294555664062,4.418003082275391,0.23772279918193817,-0.122019768,2.2095141410827637,2.3285679817199707,0,0,0,0,0,0,0,0,0,0,0,0,2.3097264766693115,3.261233329772949,5.898064136505127,0,0,0,0,2903.39,3136.91,3035.9
6a064dbe49cba6a72f9733ee,2026-05-14T22:32:24.746Z,1,9,4.7,2026-05-14T22:32:24.746Z,0.8987212181091309,0.9393784999847412,1.1510570049285889,0.015536547,0.004208088,0.16411972045898438,0.090896964,8.714370727539062,4.380510330200195,0.23768621683120728,-0.12230134,2.5368597507476807,2.6464414596557617,0,0,0,0,0,0,0,0,0,0,0,0,8.033791542053223,7.745114326477051,9.095382690429688,0,0,0,0,2893.52,3128.23,3024.42
6a064e0349cba6a72f97342b,2026-05-14T22:33:34.101Z,2,0,3.7,2026-05-14T22:33:34.101Z,0.1889793872833252,0.22600269317626953,0.39314889907836914,0.013810157775878906,0.004208088,0.16327810287475586,0.090896964,8.469467163085938,4.802849769592285,0.23776446282863617,-0.120388627,3.8504080772399902,3.9785947799682617,0,0,0,0,0,0,0,0,0,0,0,0,1.2108447551727295,5.052787780761719,2.175985097885132,0,0,0,0,2889.8799999999997,3121.79,3019.73
6a064e4849cba6a72f973468,2026-05-14T22:34:43.324Z,2,1,3.7,2026-05-14T22:34:43.324Z,0.639622688,0.6659319400787354,0.8723256587982178,0.013810157775878906,0.003787279,0.16327810287475586,0.091738582,7.8265838623046875,4.598296165466309,0.23775807,-0.121484101,3.523878574371338,3.7077369689941406,0,0,0,0,0,0,0,0,0,0,0,0,6.1298346519470215,9.506011962890625,4.0597381591796875,0,0,0,0,2881.9,3110.8700000000003,3013.92
6a064e8e49cba6a72f9734a5,2026-05-14T22:35:52.679Z,2,2,3.7,2026-05-14T22:35:52.679Z,0.8328776359558105,0.8531177043914795,1.136432171,0.012084007263183594,0.003787279,0.16411972045898438,0.090896964,7.8265838623046875,4.461560249328613,0.23770377039909363,-0.12195766,2.632411003112793,2.781944513320923,0,0,0,0,0,0,0,0,0,0,0,0,7.164329528808594,8.034793853759766,9.215996742248535,0,0,0,0,2872.73,3101.21,3002.72
6a064ed349cba6a72f9734e2,2026-05-14T22:37:01.879Z,2,3,3.7,2026-05-14T22:37:01.879Z,0.7294094562530518,0.7625439167022705,0.9841623306274414,0.011220932006835938,0.004208088,0.16327810287475586,0.090896964,8.520477294921875,4.364521026611328,0.23772697150707245,-0.122062445,2.6988000869750977,2.836352825164795,0,0,0,0,0,0,0,0,0,0,0,0,8.233088493347168,7.4359331130981445,6.092218876,0,0,0,0,2861.6,3091.97,2993.69
6a064f1749cba6a72f97351f,2026-05-14T22:38:10.917Z,2,4,3.7,2026-05-14T22:38:10.917Z,0.7302646636962891,0.687497616,0.9084577560424805,0.012084007263183594,0.004208088,0.16327810287475586,0.090476155,8.030670166015625,4.431786537,0.23778553307056427,-0.122460783,3.0070254802703857,3.1572961807250977,0,0,0,0,0,0,0,0,0,0,0,0,7.798150062561035,8.175084114074707,4.805579662322998,0,0,0,0,2851.1,3082.17,2986.69
6a064f5d49cba6a72f97355c,2026-05-14T22:39:19.733Z,2,5,3.7,2026-05-14T22:39:19.733Z,0.9611446857452393,0.9307520389556885,1.2129976749420166,0.012084007263183594,0.004208088,0.16411972045898438,0.090896964,8.663345336914062,4.2796125411987305,0.23775021731853485,-0.121518493,2.3075575828552246,2.419177293777466,0,0,0,0,0,0,0,0,0,0,0,0,9.671000480651855,7.13517952,9.075313568115234,0,0,0,0,2838.78,3073.42,2975.49
6a064fa249cba6a72f973599,2026-05-14T22:40:28.956Z,2,6,3.7,2026-05-14T22:40:28.956Z,0.24114108085632324,0.24929332733154297,0.483478308,0.011220932006835938,0.00336647,0.16411972045898438,0.090896964,8.336807250976562,4.053006172180176,0.23774056136608124,-0.121514738,1.505026102,1.602137804031372,0,0,0,0,0,0,0,0,0,0,0,0,3.197667360305786,1.6722862720489502,4.880918502807617,0,0,0,0,2833.39,3070.9,2968.0699999999997
6a064fe749cba6a72f9735d6,2026-05-14T22:41:38.259Z,2,7,3.7,2026-05-14T22:41:38.259Z,0.7225682735443115,0.7668571472167969,0.9979267120361328,0.011220932006835938,0.003787279,0.16327810287475586,0.090896964,8.510284423828125,4.795129776000977,0.23769027,-0.121694684,3.3674983978271484,3.487381697,0,0,0,0,0,0,0,0,0,0,0,0,2.956259250640869,9.710168838500977,9.043495178222656,0,0,0,0,2828.6299999999997,3060.19,2956.73
6a06502c49cba6a72f973613,2026-05-14T22:42:47.538Z,2,8,3.7,2026-05-14T22:42:47.538Z,0.9038517475128174,0.9005608558654785,1.1063225269317627,0.011220932006835938,0.004208088,0.16327810287475586,0.090896964,8.510284423828125,4.388230323791504,0.23779718577861786,-0.12190789,2.9141247272491455,3.0490856170654297,0,0,0,0,0,0,0,0,0,0,0,0,9.39760685,8.926584243774414,5.5672993659973145,0,0,0,0,2817.22,3049.27,2948.61
6a06507149cba6a72f973650,2026-05-14T22:43:56.616Z,2,9,3.7,2026-05-14T22:43:56.616Z,0.49852943420410156,0.5149760246276855,0.7166147232055664,0.011220932006835938,0.00336647,0.1628572940826416,0.090896964,8.27557373,4.490781784057617,0.23779204487800598,-0.121845782,3.1172521114349365,3.254098892211914,0,0,0,0,0,0,0,0,0,0,0,0,4.929704189300537,6.799516677856445,4.435009956359863,0,0,0,0,2809.59,3040.7999999999997,2942.1
6a0650b749cba6a72f97368d,2026-05-14T22:45:05.820Z,3,0,5.7,2026-05-14T22:45:05.820Z,0.4831373691558838,0.45804405212402344,0.6779022216796875,0.010357618,0.003787279,0.16327810287475586,0.090896964,8.27557373,3.832463264465332,0.23775900900363922,-0.12163949,1.3975489139556885,1.5163875818252563,0,0,0,0,0,0,0,0,0,0,0,0,8.936424255371094,2.2494571208953857,4.462143898010254,0,0,0,0,2798.1800000000003,3037.51,2935.59
6a0650fc49cba6a72f9736ca,2026-05-14T22:46:14.884Z,3,1,5.7,2026-05-14T22:46:14.884Z,0.49852943420410156,0.48737263679504395,0.7338201999664307,0.011220932006835938,0.003787279,0.16327810287475586,0.090896964,8.755233764648438,4.553636551,0.237792969,-0.122298002,3.720358133,3.8496487140655518,0,0,0,0,0,0,0,0,0,0,0,0,5.066357135772705,8.428759574890137,2.712796688079834,0,0,0,0,2790.6200000000003,3028.2000000000003,2930.97
6a06514149cba6a72f973707,2026-05-14T22:47:24.027Z,3,2,5.7,2026-05-14T22:47:24.027Z,0.5626626014709473,0.6055498123168945,0.7467246055603027,0.011220932006835938,0.003787279,0.16327810287475586,0.090476155,7.9694366455078125,4.445019721984863,0.23781348764896393,-0.122208714,3.1857364177703857,3.331284761428833,0,0,0,0,0,0,0,0,0,0,0,0,6.414625644683838,7.152374744415283,3.014840841293335,0,0,0,0,2781.8700000000003,3019.17,2926.21
6a06518649cba6a72f973744,2026-05-14T22:48:33.056Z,3,3,5.7,2026-05-14T22:48:33.056Z,0.23601031303405762,0.21047592163085938,0.4310009479522705,0.011220932006835938,0.002524853,0.1628572940826416,0.090896964,7.9898529052734375,3.7944202423095703,0.23781506717205048,-0.122059345,1.2881921529769897,1.4159612655639648,0,0,0,0,0,0,0,0,0,0,0,0,5.377164840698242,1.2497742176055908,2.720761775970459,0,0,0,0,2774.52,3016.9300000000003,2922.01
6a0651cb49cba6a72f973781,2026-05-14T22:49:42.004Z,3,4,5.7,2026-05-14T22:49:42.004Z,0.30612945556640625,0.2932860851287842,0.5067057609558105,0.011220932006835938,0.00336647,0.16327810287475586,0.090476155,8.683761596679688,4.142876625061035,0.2377660572528839,-0.12070471,1.9093141555786133,1.998612880706787,0,0,0,0,0,0,0,0,0,0,0,0,3.685457706451416,2.6379354000091553,4.946763038635254,0,0,0,0,2768.78,3013.99,2915.29
6a06521049cba6a72f9737be,2026-05-14T22:50:51.227Z,3,5,5.7,2026-05-14T22:50:51.227Z,0.8286023139953613,0.7737579345703125,1.034919261932373,0.011220932006835938,0.00336647,0.16327810287475586,0.090896964,8.540893555,4.245429039001465,0.2377983182668686,-0.122736633,2.5515096187591553,2.655888080596924,0,0,0,0,0,0,0,0,0,0,0,0,9.839513778686523,7.097188472747803,5.492161750793457,0,0,0,0,2756.53,3005.7999999999997,2907.3799999999997
6a06525549cba6a72f9737fb,2026-05-14T22:52:00.395Z,3,6,5.7,2026-05-14T22:52:00.395Z,0.5276033878326416,0.5486176013946533,0.7604889869689941,0.011220932006835938,0.003787279,0.16327810287475586,0.090896964,8.285781860351562,4.747161865234375,0.2377784550189972,-0.119019389,3.204556703567505,3.3296942710876465,0,0,0,0,0,0,0,0,0,0,0,0,2.2509613037109375,7.321437358856201,7.362955093383789,0,0,0,0,2751.7000000000003,2996.98,2897.79
6a06529b49cba6a72f973838,2026-05-14T22:53:09.633Z,3,7,5.7,2026-05-14T22:53:09.633Z,1.0432350635528564,1.0057990550994873,1.2723569869995117,0.012084007263183594,0.003787279,0.16327810287475586,0.090896964,8.163330078,4.399256706237793,0.23776869475841522,-0.12069571,2.6117701530456543,2.737640619277954,0,0,0,0,0,0,0,0,0,0,0,0,8.911113739013672,8.773386955,9.477649688720703,0,0,0,0,2740.71,2986.6200000000003,2885.6800000000003
6a0652e049cba6a72f973875,2026-05-14T22:54:18.833Z,3,8,5.7,2026-05-14T22:54:18.833Z,0.5147764682769775,0.5218770503997803,0.7751138210296631,0.011220932006835938,0.004208088,0.16327810287475586,0.091738582,8.836868286132812,4.519452095031738,0.2377597689628601,-0.114757597,2.8673269748687744,2.9906654357910156,0,0,0,0,0,0,0,0,0,0,0,0,4.159537315368652,6.353402614593506,6.289340019226074,0,0,0,0,2734.1299999999997,2978.78,2876.79
6a06532549cba6a72f9738b2,2026-05-14T22:55:28.025Z,3,9,5.7,2026-05-14T22:55:28.025Z,0.49254369735717773,0.48564720153808594,0.7088723182678223,0.010357618,0.00336647,0.16327810287475586,0.090896964,8.285781860351562,4.393743515014648,0.23779304325580597,-0.120471478,2.8874740600585938,3.014496088027954,0,0,0,0,0,0,0,0,0,0,0,0,5.994668006896973,6.170247554779053,3.924541711807251,0,0,0,0,2726.08,2971.29,2870.7000000000003
6a06536a49cba6a72f9738ef,2026-05-14T22:56:37.104Z,4,0,4.8,2026-05-14T22:56:37.104Z,0.5848953723907471,0.6305651664733887,0.7957608699798584,0.011220932006835938,0.003787279,0.16327810287475586,0.090896964,8.357208251953125,4.779691696166992,0.23776715993881226,-0.116023481,3.4928770065307617,3.651397466659546,0,0,0,0,0,0,0,0,0,0,0,0,2.9302754402160645,9.124853134155273,6.995248794555664,0,0,0,0,2721.11,2960.79,2861.81
6a0653af49cba6a72f97392c,2026-05-14T22:57:46.357Z,4,1,4.8,2026-05-14T22:57:46.357Z,0.5814752578735352,0.5330908298492432,0.738121748,0.011220932006835938,0.003787279,0.1628572940826416,0.090896964,8.816467285,4.292844772338867,0.23777881264686584,-0.117824614,2.812824010848999,2.9575095176696777,0,0,0,0,0,0,0,0,0,0,0,0,9.191133499145508,6.529592514038086,1.9903440475463867,0,0,0,0,2709.77,2952.67,2857.8199999999997
6a0653f449cba6a72f973969,2026-05-14T22:58:55.375Z,4,2,4.8,2026-05-14T22:58:55.375Z,0.337768555,0.31398868560791016,0.5961751937866211,0.012084007263183594,0.003787279,0.16327810287475586,0.090896964,8.642944336,3.7552738189697266,0.2378091663122177,-0.118478298,0.6236377954483032,0.6954509615898132,0,0,0,0,0,0,0,0,0,0,0,0,4.273054122924805,1.0735427141189575,7.122714042663574,0,0,0,0,2702.98,2950.71,2848.9300000000003
6a06543949cba6a72f9739a6,2026-05-14T23:00:04.610Z,4,3,4.8,2026-05-14T23:00:04.610Z,0.7619037628173828,0.733215332,0.9987871646881104,0.011220932006835938,0.003787279,0.16411972045898438,0.090896964,8.295989990234375,4.143980026245117,0.23774345219135284,-0.118506014,2.1252737045288086,2.203570843,0,0,0,0,0,0,0,0,0,0,0,0,9.571556091308594,5.430254936218262,6.713531494140625,0,0,0,0,2691.4300000000003,2944.9,2839.83
6a06547f49cba6a72f9739e3,2026-05-14T23:01:13.634Z,4,4,4.8,2026-05-14T23:01:13.634Z,0.4190042018890381,0.40801262855529785,0.6194028854370117,0.010357618,0.002104044,0.16327810287475586,0.090476155,8.081695556640625,4.531582832336426,0.23776017129421234,-0.11858654,3.4520561695098877,3.585378885269165,0,0,0,0,0,0,0,0,0,0,0,0,4.392673015594482,7.1319169998168945,3.278442383,0,0,0,0,2684.01,2936.29,2834.02
6a0654c449cba6a72f973a20,2026-05-14T23:02:22.995Z,4,5,4.8,2026-05-14T23:02:22.995Z,0.2950131893157959,0.31571388244628906,0.5084264278411865,0.011220932006835938,0.002524853,0.16327810287475586,0.090896964,8.040878295898438,4.831519127,0.23778678476810455,-0.119625986,4.546203613,4.722701072692871,0,0,0,0,0,0,0,0,0,0,0,0,2.0082030296325684,8.242362976074219,1.6465376615524292,0,0,0,0,2680.2999999999997,2926.7000000000003,2830.7999999999997
6a06550949cba6a72f973a5d,2026-05-14T23:03:32.113Z,4,6,4.8,2026-05-14T23:03:32.113Z,0.3745384216308594,0.355393648,0.5961751937866211,0.011220932006835938,0.00336647,0.16411972045898438,0.090896964,8.408233642578125,3.980226516723633,0.2377191036939621,-0.120025039,1.5729116201400757,1.717132806777954,0,0,0,0,0,0,0,0,0,0,0,0,6.11795187,2.331994057,4.972879409790039,0,0,0,0,2672.3199999999997,2922.99,2823.8700000000003
6a06554e49cba6a72f973a9a,2026-05-14T23:04:41.072Z,4,7,4.8,2026-05-14T23:04:41.072Z,0.36940789222717285,0.377821684,0.6452112197875977,0.010357618,0.002524853,0.16327810287475586,0.090896964,7.9592437744140625,4.786308288574219,0.2377268224954605,-0.120096087,3.059377431869507,3.205949306488037,0,0,0,0,0,0,0,0,0,0,0,0,1.293027639389038,5.693498611450195,6.472530841827393,0,0,0,0,2669.1,2916.9,2815.61
6a06559349cba6a72f973ad7,2026-05-14T23:05:50.268Z,4,8,4.8,2026-05-14T23:05:50.268Z,0.5524013042449951,0.5072126388549805,0.7733933925628662,0.010357618,0.002524853,0.16327810287475586,0.090476155,8.612319946289062,4.7444047927856445,0.2378113716840744,-0.120600462,3.3170547485351562,3.469987630844116,0,0,0,0,0,0,0,0,0,0,0,0,2.479830026626587,7.740009307861328,6.873239517211914,0,0,0,0,2665.1800000000003,2907.7999999999997,2806.3700000000003
6a0655d849cba6a72f973b14,2026-05-14T23:06:59.332Z,4,9,4.8,2026-05-14T23:06:59.332Z,0.5293135643005371,0.5391287803649902,0.7329599857330322,0.010357618,0.002524853,0.16327810287475586,0.090476155,7.867401123046875,4.555290222167969,0.23783820867538452,-0.120964348,3.4379048347473145,3.6041088104248047,0,0,0,0,0,0,0,0,0,0,0,0,5.553618431091309,8.101902008,3.4433748722076416,0,0,0,0,2657.6200000000003,2897.9300000000003,2800.6299999999997
6a06561d49cba6a72f973b51,2026-05-14T23:08:08.487Z,5,0,4.6,2026-05-14T23:08:08.487Z,0.9773914813995361,0.9747452735900879,1.2293426990509033,0.010357618,0.002104044,0.1628572940826416,0.090896964,8.540893555,4.451636314,0.23778051137924194,-0.121398628,2.8074862957000732,2.940660238265991,0,0,0,0,0,0,0,0,0,0,0,0,7.946434020996094,9.214640617370605,8.876422882080078,0,0,0,0,2647.6800000000003,2887.22,2789.99
6a06566349cba6a72f973b8e,2026-05-14T23:09:17.758Z,5,1,4.6,2026-05-14T23:09:17.758Z,0.30527424812316895,0.3355538845062256,0.5643448829650879,0.010357618,0.002104044,0.16411972045898438,0.090476155,8.132720947265625,4.6782426834106445,0.23775780200958252,-0.121630013,2.853877305984497,2.996333360671997,0,0,0,0,0,0,0,0,0,0,0,0,1.6161763668060303,4.7226362228393555,5.714143276,0,0,0,0,2643.48,2880.71,2781.3799999999997
6a0656a849cba6a72f973bcb,2026-05-14T23:10:27.017Z,5,2,4.6,2026-05-14T23:10:27.017Z,0.6977701187133789,0.7099251747131348,0.8852298259735107,0.010357618,0.002104044,0.1628572940826416,0.090476155,8.530685424804688,4.436197280883789,0.23780730366706848,-0.1220029,3.5239527225494385,3.6937763690948486,0,0,0,0,0,0,0,0,0,0,0,0,9.014187812805176,9.798366547,1.6001893281936646,0,0,0,0,2632.28,2869.3700000000003,2777.81
6a0656ed49cba6a72f973c08,2026-05-14T23:11:36.375Z,5,3,4.6,2026-05-14T23:11:36.375Z,0.5703587532043457,0.6124505996704102,0.8620021343231201,0.011220932006835938,0.002524853,0.16327810287475586,0.090896964,8.265365600585938,4.985898971557617,0.2378253936767578,-0.122108757,3.512617826461792,3.696713924407959,0,0,0,0,0,0,0,0,0,0,0,0,1.269909143447876,8.956295013427734,8.344896317,0,0,0,0,2628.78,2858.52,2767.7999999999997
6a06573249cba6a72f973c45,2026-05-14T23:12:45.489Z,5,4,4.6,2026-05-14T23:12:45.489Z,0.7020459175109863,0.7220015525817871,0.9626553058624268,0.010357618,0.00336647,0.16411972045898438,0.090896964,8.612319946289062,4.695885658,0.23775964975357056,-0.122223794,3.1289873123168945,3.303586959838867,0,0,0,0,0,0,0,0,0,0,0,0,3.663601875305176,8.622967720031738,8.520511627197266,0,0,0,0,2623.6,2848.23,2756.53
6a06577749cba6a72f973c82,2026-05-14T23:13:54.797Z,5,5,4.6,2026-05-14T23:13:54.797Z,0.4215693473815918,0.41318845748901367,0.6503729820251465,0.010357618,0.00336647,0.16327810287475586,0.090476155,8.214355469,3.8131656646728516,0.23777396976947784,-0.122223914,0.7541790008544922,0.8383158445358276,0,0,0,0,0,0,0,0,0,0,0,0,6.043503761291504,1.5291234254837036,6.872276782989502,0,0,0,0,2615.6200000000003,2845.22,2747.08
6a0657bd49cba6a72f973cbf,2026-05-14T23:15:03.803Z,5,6,4.6,2026-05-14T23:15:03.803Z,0.5814752578735352,0.5667324066162109,0.7759742736816406,0.011220932006835938,0.001683235,0.16411972045898438,0.090476155,8.377624512,4.416348457336426,0.23782837390899658,-0.122523546,3.2103075981140137,3.337388753890991,0,0,0,0,0,0,0,0,0,0,0,0,6.634596824645996,7.689690113067627,3.5352935791015625,0,0,0,0,2606.73,2836.6800000000003,2741.41
6a06580249cba6a72f973cfc,2026-05-14T23:16:12.886Z,5,7,4.6,2026-05-14T23:16:12.886Z,0.6310718059539795,0.6460921764373779,0.894693136,0.011220932006835938,0.002524853,0.16411972045898438,0.090896964,8.734771728515625,4.3386077880859375,0.23781909048557281,-0.122565627,2.325542927,2.4460504055023193,0,0,0,0,0,0,0,0,0,0,0,0,6.049955845,5.592577934265137,8.000649452209473,0,0,0,0,2598.33,2829.61,2731.47
6a06584749cba6a72f973d39,2026-05-14T23:17:21.987Z,5,8,4.6,2026-05-14T23:17:21.987Z,0.4403820037841797,0.44510483741760254,0.6194028854370117,0.010357618,0.002524853,0.1628572940826416,0.090476155,8.183731079101562,4.432338714599609,0.2377590835094452,-0.12264663,3.276362419128418,3.420407772064209,0,0,0,0,0,0,0,0,0,0,0,0,5.819300174713135,6.5434346199035645,2.0591769218444824,0,0,0,0,2590.21,2821.98,2726.99
6a06588c49cba6a72f973d76,2026-05-14T23:18:31.133Z,5,9,4.6,2026-05-14T23:18:31.133Z,0.460904598,0.4545936584472656,0.6615567207336426,0.010357618,0.00336647,0.16327810287475586,0.090896964,8.377624512,4.487473487854004,0.23774681985378265,-0.122984231,3.496535062789917,3.669149875640869,0,0,0,0,0,0,0,0,0,0,0,0,5.560686111450195,7.556756496429443,2.3465487957000732,0,0,0,0,2582.51,2812.8799999999997,2723.0699999999997
6a0658d149cba6a72f973db3,2026-05-14T23:19:40.400Z,6,0,4.5,2026-05-14T23:19:40.400Z,0.37111806869506836,0.39162325859069824,0.5591831207275391,0.010357618,0.002104044,0.16327810287475586,0.090476155,8.540893555,4.515041351318359,0.23780639469623566,-0.123324513,3.3450069427490234,3.5106167793273926,0,0,0,0,0,0,0,0,0,0,0,0,3.801365375518799,5.935455322265625,2.7441649436950684,0,0,0,0,2576.49,2805.39,2718.59
6a06591649cba6a72f973df0,2026-05-14T23:20:49.663Z,6,1,4.5,2026-05-14T23:20:49.663Z,0.38822007179260254,0.3743712902069092,0.6090793609619141,0.010357618,0.00336647,0.1628572940826416,0.090055346,8.683761596679688,4.408079147338867,0.2378290742635727,-0.12330997,2.942671060562134,3.1090550422668457,0,0,0,0,0,0,0,0,0,0,0,0,4.855933189,5.503447532653809,3.3494701385498047,0,0,0,0,2569.6299999999997,2798.67,2713.6200000000003
6a06595b49cba6a72f973e2d,2026-05-14T23:21:58.568Z,6,2,4.5,2026-05-14T23:21:58.568Z,0.7747302055358887,0.7547805309295654,1.03663969,0.007768154,0.002104044,0.1628572940826416,0.090055346,8.132720947265625,4.486371040344238,0.23779046535491943,-0.12302959,2.8728854656219482,3.031412363052368,0,0,0,0,0,0,0,0,0,0,0,0,6.199004173278809,8.387766838,8.092450141906738,0,0,0,0,2561.2999999999997,2789.01,2703.61
6a0659a149cba6a72f973e6a,2026-05-14T23:23:07.643Z,6,3,4.5,2026-05-14T23:23:07.643Z,0.480571985,0.49427342414855957,0.6890857219696045,0.010357618,0.002524853,0.16327810287475586,0.089634538,8.132720947265625,4.763151168823242,0.23774778842926025,-0.12356317,3.588798761367798,3.764275312423706,0,0,0,0,0,0,0,0,0,0,0,0,2.343240737915039,7.751183032989502,5.266149520874023,0,0,0,0,2557.03,2779.6299999999997,2695.98
6a0659e649cba6a72f973ea7,2026-05-14T23:24:17.202Z,6,4,4.5,2026-05-14T23:24:17.202Z,0.2514023780822754,0.25878167152404785,0.5462789535522461,0.008631229,0.002524853,0.16327810287475586,0.090896964,8.408233642578125,4.327580451965332,0.2377670556306839,-0.119369626,1.7166873216629028,1.8489184379577637,0,0,0,0,0,0,0,0,0,0,0,0,1.7146482467651367,2.178166151046753,6.697207450866699,0,0,0,0,2553.81,2776.41,2687.09
6a065a2b49cba6a72f973ee4,2026-05-14T23:25:26.362Z,6,5,4.5,2026-05-14T23:25:26.362Z,0.6344921588897705,0.5908854007720947,0.8792083263397217,0.008631229,0.002104044,0.16327810287475586,0.090476155,8.051086426,4.0662384033203125,0.23780541121959686,-0.120672882,1.7141071557998657,1.8137502670288086,0,0,0,0,0,0,0,0,0,0,0,0,8.072714805603027,3.604891777038574,7.441350936889648,0,0,0,0,2543.8700000000003,2772.21,2677.29
6a065a7049cba6a72f973f21,2026-05-14T23:26:35.581Z,6,6,4.5,2026-05-14T23:26:35.581Z,0.34546470642089844,0.3338284492492676,0.6073589324951172,0.009494305,0.002104044,0.16327810287475586,0.090476155,8.193939208984375,3.8148202896118164,0.237796351,-0.121681392,0.7391148209571838,0.8013419508934021,0,0,0,0,0,0,0,0,0,0,0,0,4.432000160217285,1.3035061359405518,6.562709808349609,0,0,0,0,2537.01,2770.3199999999997,2668.19
6a065ab549cba6a72f973f5e,2026-05-14T23:27:44.527Z,6,7,4.5,2026-05-14T23:27:44.527Z,0.4857027530670166,0.5210142135620117,0.7183353900909424,0.009494305,0.002104044,0.16327810287475586,0.090476155,7.867401123046875,4.456046104431152,0.23775486648082733,-0.121790767,3.0408613681793213,3.1398439407348633,0,0,0,0,0,0,0,0,0,0,0,0,5.059220790863037,6.578851699829102,4.573064804077148,0,0,0,0,2529.8700000000003,2762.97,2661.47
6a065afa49cba6a72f973f9b,2026-05-14T23:28:53.647Z,6,8,4.5,2026-05-14T23:28:53.647Z,0.47544145584106445,0.49686121940612793,0.688225508,0.008631229,0.001262426,0.16327810287475586,0.090476155,8.653137207,4.862946510314941,0.2377740442752838,-0.122607231,4.076925277709961,4.2278666496276855,0,0,0,0,0,0,0,0,0,0,0,0,1.9959436655044556,9.354022026062012,4.598310470581055,0,0,0,0,2526.02,2752.47,2654.89
6a065b4049cba6a72f973fd8,2026-05-14T23:30:02.840Z,6,9,4.5,2026-05-14T23:30:02.840Z,0.36598730087280273,0.3355538845062256,0.5445585250854492,0.010357618,0.002104044,0.1628572940826416,0.090476155,8.183731079101562,4.3799591064453125,0.23781074583530426,-0.123262525,3.173783064,3.3504691123962402,0,0,0,0,0,0,0,0,0,0,0,0,5.730303764343262,5.552531719207764,1.1369889974594116,0,0,0,0,2518.6,2745.19,2651.8799999999997
6a065b8549cba6a72f974015,2026-05-14T23:31:11.920Z,7,0,4.9,2026-05-14T23:31:11.920Z,0.4241349697113037,0.40283727645874023,0.638329029,0.007768154,0.001683235,0.16243648529052734,0.090055346,9.04095459,4.202974319458008,0.23780490458011627,-0.119995236,2.5533995628356934,2.717041254043579,0,0,0,0,0,0,0,0,0,0,0,0,6.700732707977295,4.6786088943481445,2.516784906387329,0,0,0,0,2509.5699999999997,2739.52,2648.03
6a065bca49cba6a72f974052,2026-05-14T23:32:21.089Z,7,1,4.9,2026-05-14T23:32:21.089Z,0.36513209342956543,0.3148515224456787,0.5626242160797119,0.008631229,0.001262426,0.16327810287475586,0.090055346,8.734771728515625,3.603099822998047,0.23781633377075195,-0.12212348,0.7604119777679443,0.8390307426452637,0,0,0,0,0,0,0,0,0,0,0,0,8.999819756,1.2922500371932983,1.9455376863479614,0,0,0,0,2498.09,2737.49,2644.39
6a065c0f49cba6a72f97408f,2026-05-14T23:33:30.096Z,7,2,4.9,2026-05-14T23:33:30.096Z,0.7311196327209473,0.7159633636474609,0.9316849708557129,0.008631229,0.000841618,0.1628572940826416,0.090055346,8.653137207,4.205731391906738,0.23779432475566864,-0.122269511,2.567976236343384,2.683840513,0,0,0,0,0,0,0,0,0,0,0,0,9.128218650817871,6.670399188995361,4.9253010749816895,0,0,0,0,2486.19,2730.21,2637.8799999999997
6a065c5449cba6a72f9740cc,2026-05-14T23:34:39.448Z,7,3,4.9,2026-05-14T23:34:39.448Z,0.45235371589660645,0.4959986209869385,0.649512768,0.009494305,0.002104044,0.16243648529052734,0.090476155,8.602127075195312,4.517798424,0.23782023787498474,-0.123098016,3.629448652267456,3.7810475826263428,0,0,0,0,0,0,0,0,0,0,0,0,4.827731609344482,7.631136417388916,2.431995153427124,0,0,0,0,2478.6299999999997,2721.11,2633.4
6a065c9949cba6a72f974109,2026-05-14T23:35:48.607Z,7,4,4.9,2026-05-14T23:35:48.607Z,0.3617115020751953,0.41577625274658203,0.5901532173156738,0.009494305,0.001683235,0.1628572940826416,0.090476155,8.612319946289062,4.8585357666015625,0.23780737817287445,-0.124178112,4.651076316833496,4.856390953063965,0,0,0,0,0,0,0,0,0,0,0,0,2.300534963607788,9.569996834,1.6704964637756348,0,0,0,0,2474.4300000000003,2710.47,2630.1800000000003
6a065cdf49cba6a72f974146,2026-05-14T23:36:57.791Z,7,5,4.9,2026-05-14T23:36:57.791Z,0.35230565071105957,0.3614318370819092,0.6073589324951172,0.008631229,0.001262426,0.16327810287475586,0.090055346,8.285781860351562,4.5437116622924805,0.2378098964691162,-0.118066609,3.357680082321167,3.5552170276641846,0,0,0,0,0,0,0,0,0,0,0,0,3.826026439666748,6.1287384033203125,2.844087839126587,0,0,0,0,2468.9,2702.7000000000003,2625.77
6a065d2449cba6a72f974183,2026-05-14T23:38:06.961Z,7,6,4.9,2026-05-14T23:38:06.961Z,0.35059547424316406,0.3614318370819092,0.6323068141937256,0.008631229,0.001262426,0.16327810287475586,0.090476155,8.510284423828125,4.655636787414551,0.23775121569633484,-0.118568599,2.3588247299194336,2.5417556762695312,0,0,0,0,0,0,0,0,0,0,0,0,1.1922907829284668,4.053720474243164,8.470541000366211,0,0,0,0,2466.03,2697.3799999999997,2615.83
6a065d6949cba6a72f9741c0,2026-05-14T23:39:16.101Z,7,7,4.9,2026-05-14T23:39:16.101Z,0.20180583000183105,0.19667410850524902,0.418956995,0.009494305,0.001683235,0.1628572940826416,0.090896964,8.367416381835938,4.184227943,0.23774690926074982,-0.118806601,2.274656295776367,2.4131052494049072,0,0,0,0,0,0,0,0,0,0,0,0,4.342235565185547,2.7100160121917725,1.6382460594177246,0,0,0,0,2460.22,2694.09,2611.91
6a065dae49cba6a72f9741fd,2026-05-14T23:40:25.206Z,7,8,4.9,2026-05-14T23:40:25.206Z,0.2787659168243408,0.2613697052001953,0.5153086185455322,0.006042004,0.001683235,0.16243648529052734,0.089634538,8.949127197265625,4.402013778686523,0.23778697848320007,-0.119155109,2.657181978225708,2.7680647373199463,0,0,0,0,0,0,0,0,0,0,0,0,3.049438953399658,4.083176612854004,4.148284912109375,0,0,0,0,2455.3199999999997,2689.4,2606.31
6a065df349cba6a72f97423a,2026-05-14T23:41:34.393Z,7,9,4.9,2026-05-14T23:41:34.393Z,0.7054662704467773,0.7271771430969238,0.9695374965667725,0.006042004,0.001683235,0.16327810287475586,0.090055346,8.826660156,4.604361534118652,0.23778590559959412,-0.119202793,3.3985445499420166,3.5552315711975098,0,0,0,0,0,0,0,0,0,0,0,0,4.970716476,9.647238731384277,6.391611099243164,0,0,0,0,2448.3199999999997,2678.27,2597.6299999999997
6a065e3849cba6a72f974277,2026-05-14T23:42:43.586Z,8,0,4.4,2026-05-14T23:42:43.586Z,0.954303503,0.9436912536621094,1.1940712928771973,0.008631229,0.000841618,0.16243648529052734,0.090055346,8.183731079101562,4.515041351318359,0.23775258660316467,-0.119361341,2.810649871826172,2.961481809616089,0,0,0,0,0,0,0,0,0,0,0,0,6.785973549,9.176757813,9.636733055114746,0,0,0,0,2439.22,2667.28,2585.52
6a065e7d49cba6a72f9742b4,2026-05-14T23:43:52.644Z,8,1,4.4,2026-05-14T23:43:52.644Z,0.47031068801879883,0.4804718494415283,0.6589756011962891,0.007768154,0.001262426,0.1628572940826416,0.090476155,8.316390991210938,4.4444684982299805,0.23774446547031403,-0.119858623,3.2596750259399414,3.413515806,0,0,0,0,0,0,0,0,0,0,0,0,6.070846080780029,6.9553961753845215,2.437584638595581,0,0,0,0,2430.89,2658.6,2580.48
6a065ec349cba6a72f9742f1,2026-05-14T23:45:01.820Z,8,2,4.4,2026-05-14T23:45:01.820Z,0.2095019817352295,0.22514033317565918,0.40003085136413574,0.006042004,0.001262426,0.16201555728912354,0.089634538,8.306198120117188,4.7168378829956055,0.23778706789016724,-0.120126307,3.844594717025757,4.022484302520752,0,0,0,0,0,0,0,0,0,0,0,0,1.7455929517745972,5.360626220703125,1.881823182106018,0,0,0,0,2427.3199999999997,2652.23,2577.1200000000003
6a065f0849cba6a72f97432e,2026-05-14T23:46:10.950Z,8,3,4.4,2026-05-14T23:46:10.950Z,0.5848953723907471,0.5494804382324219,0.817267656,0.007768154,0.002104044,0.16243648529052734,0.090055346,8.520477294921875,3.874917984008789,0.23777715861797333,-0.120454073,1.3686800003051758,1.494165301322937,0,0,0,0,0,0,0,0,0,0,0,0,8.640649795532227,2.4715075492858887,6.962075710296631,0,0,0,0,2416.4,2648.59,2568.09
6a065f4d49cba6a72f97436b,2026-05-14T23:47:20.341Z,8,4,4.4,2026-05-14T23:47:20.341Z,0.5199072360992432,0.5037622451782227,0.7174749374389648,0.007768154,0.001683235,0.16243648529052734,0.090896964,8.234756469726562,4.375548362731934,0.23774570226669312,-0.120296836,3.3027734756469727,3.4407665729522705,0,0,0,0,0,0,0,0,0,0,0,0,7.407989025115967,7.523542404174805,1.734657883644104,0,0,0,0,2406.39,2640.19,2564.31
6a065f9249cba6a72f9743a8,2026-05-14T23:48:29.426Z,8,5,4.4,2026-05-14T23:48:29.426Z,0.32579708099365234,0.3588442802429199,0.5376760959625244,0.009494305,0.001262426,0.1628572940826416,0.090055346,8.816467285,4.780243873596191,0.23775406181812286,-0.120732784,4.443447113037109,4.627470970153809,0,0,0,0,0,0,0,0,0,0,0,0,2.2644898891448975,8.124918937683105,1.675530195236206,0,0,0,0,2401.98,2630.81,2561.23
6a065fd749cba6a72f9743e5,2026-05-14T23:49:38.538Z,8,6,4.4,2026-05-14T23:49:38.538Z,0.8157753944396973,0.8281021118164062,1.0185737609863281,0.008631229,0.001262426,0.16327810287475586,0.090055346,8.704162598,4.376650810241699,0.2377638965845108,-0.121183038,2.9506750106811523,3.1114957332611084,0,0,0,0,0,0,0,0,0,0,0,0,9.065412521362305,8.568153381347656,4.674427032470703,0,0,0,0,2390.92,2620.52,2554.9300000000003
6a06601c49cba6a72f974422,2026-05-14T23:50:47.599Z,8,7,4.4,2026-05-14T23:50:47.599Z,0.45406389236450195,0.4813344478607178,0.677041769,0.006042004,0.001262426,0.16243648529052734,0.089213729,8.112304688,4.679345131,0.23775511980056763,-0.121105075,3.821427107,3.993077039718628,0,0,0,0,0,0,0,0,0,0,0,0,3.7740941047668457,8.326635360717773,3.138716697692871,0,0,0,0,2384.6200000000003,2610.3700000000003,2549.8199999999997
6a06606149cba6a72f97445f,2026-05-14T23:51:56.438Z,8,8,4.4,2026-05-14T23:51:56.438Z,0.843994141,0.8281021118164062,1.0615880489349365,0.007768154,0.001262426,0.1628572940826416,0.090055346,8.724578857421875,4.385472297668457,0.23773859441280365,-0.121416569,2.9485011100769043,3.1020443439483643,0,0,0,0,0,0,0,0,0,0,0,0,8.925308227539062,8.953741073608398,5.588927745819092,0,0,0,0,2373.7000000000003,2599.7999999999997,2542.33
6a0660a649cba6a72f97449c,2026-05-14T23:53:05.526Z,8,9,4.4,2026-05-14T23:53:05.526Z,0.6438982486724854,0.6107254028320312,0.8800685405731201,0.006042004,0.001683235,0.16327810287475586,0.089634538,8.316390991210938,3.968097686767578,0.23776109516620636,-0.122514606,1.5165011882781982,1.6292364597320557,0,0,0,0,0,0,0,0,0,0,0,0,8.363320350646973,3.061056137084961,7.558425426483154,0,0,0,0,2362.5,2595.53,2532.53
6a0660eb49cba6a72f9744d9,2026-05-14T23:54:14.552Z,9,0,5,2026-05-14T23:54:14.552Z,0.7285544872283936,0.7202761173248291,1.0082504749298096,0.006042004,0.000841618,0.1628572940826416,0.089634538,8.449050903320312,4.311591148376465,0.2377592772245407,-0.122937322,2.1469101905822754,2.255469560623169,0,0,0,0,0,0,0,0,0,0,0,0,6.163873672485352,5.529486179351807,9.900377274,0,0,0,0,2353.8199999999997,2589.09,2520
6a06613049cba6a72f974516,2026-05-14T23:55:23.527Z,9,1,5,2026-05-14T23:55:23.527Z,0.47715163230895996,0.49686121940612793,0.7364013195037842,0.004315615,0.001262426,0.16327810287475586,0.090055346,9.122589111328125,4.194704055786133,0.23778580129146576,-0.123479247,1.8038935661315918,1.8857309818267822,0,0,0,0,0,0,0,0,0,0,0,0,4.705288887023926,3.318019390106201,8.147077560424805,0,0,0,0,2346.89,2584.8199999999997,2509.08
6a06617549cba6a72f974553,2026-05-14T23:56:32.491Z,9,2,5,2026-05-14T23:56:32.491Z,0.36769747734069824,0.37092089653015137,0.5514404773712158,0.004315615,0.001683235,0.16243648529052734,0.089634538,8.449050903320312,4.116411209106445,0.23776064813137054,-0.123505831,2.1984896659851074,2.293241024017334,0,0,0,0,0,0,0,0,0,0,0,0,6.538043975830078,3.557945966720581,2.6964848041534424,0,0,0,0,2338.28,2580.6200000000003,2504.11
6a0661ba49cba6a72f974590,2026-05-14T23:57:41.469Z,9,3,5,2026-05-14T23:57:41.469Z,0.18470382690429688,0.21306371688842773,0.40519237518310547,0.006042004,0.001262426,0.16243648529052734,0.090055346,8.449050903320312,4.5189008712768555,0.23771873116493225,-0.122012079,2.732487201690674,2.8333754539489746,0,0,0,0,0,0,0,0,0,0,0,0,1.5414302349090576,3.309746742248535,3.571086883544922,0,0,0,0,2334.5699999999997,2576.6299999999997,2498.9300000000003
6a0661ff49cba6a72f9745cd,2026-05-14T23:58:50.397Z,9,4,5,2026-05-14T23:58:50.397Z,0.6199550628662109,0.5727705955505371,0.8473775386810303,0.004315615,0.001262426,0.1628572940826416,0.090055346,8.632736206054688,3.9653406143188477,0.23773902654647827,-0.12200135,1.444494605064392,1.5582308769226074,0,0,0,0,0,0,0,0,0,0,0,0,8.149163246154785,2.8008463382720947,7.873523235321045,0,0,0,0,2324.77,2573.2000000000003,2488.99
6a06624449cba6a72f97460a,2026-05-14T23:59:59.616Z,9,5,5,2026-05-14T23:59:59.616Z,0.7345399856567383,0.753917933,0.9377071857452393,0.006042004,0.001262426,0.1628572940826416,0.090055346,8.285781860351562,4.385472297668457,0.23776349425315857,-0.122168005,2.9315645694732666,3.0375094413757324,0,0,0,0,0,0,0,0,0,0,0,0,7.768542289733887,8.025695801,5.389913082122803,0,0,0,0,2314.41,2564.1,2481.29
6a06628949cba6a72f974647,2026-05-15T00:01:08.694Z,9,6,5,2026-05-15T00:01:08.694Z,0.5472707748413086,0.5589690208435059,0.8103854656219482,0.00517869,0.001262426,0.1628572940826416,0.090055346,8.204147338867188,4.449981689453125,0.23777936398983002,-0.122670352,2.4481050968170166,2.580660820007324,0,0,0,0,0,0,0,0,0,0,0,0,4.150158405303955,5.382058143615723,7.884538650512695,0,0,0,0,2307.9,2557.17,2471.21
6a0662cf49cba6a72f974684,2026-05-15T00:02:17.696Z,9,7,5,2026-05-15T00:02:17.696Z,0.6139693260192871,0.6383287906646729,0.8723256587982178,0.006042004,0.001262426,0.16243648529052734,0.089634538,8.102096557617188,4.363969802856445,0.23774933815002441,-0.122876942,2.221252918243408,2.355679750442505,0,0,0,0,0,0,0,0,0,0,0,0,5.403474807739258,5.245102882385254,8.705920219421387,0,0,0,0,2300.48,2551.01,2459.8700000000003
6a06631449cba6a72f9746c1,2026-05-15T00:03:26.990Z,9,8,5,2026-05-15T00:03:26.990Z,0.684943438,0.6521303653717041,0.9351263046264648,0.00517869,0.000841618,0.1628572940826416,0.089213729,8.112304688,4.557495117,0.23775438964366913,-0.122644186,3.0872600078582764,3.219214916229248,0,0,0,0,0,0,0,0,0,0,0,0,5.244602680206299,8.370645523071289,6.960899353027344,0,0,0,0,2293.2000000000003,2541.49,2450.42
6a06635949cba6a72f9746fe,2026-05-15T00:04:35.973Z,9,9,5,2026-05-15T00:04:35.973Z,0.8055140972137451,0.7780706882476807,1.022014856338501,0.006042004,0.000841618,0.16243648529052734,0.089634538,8.653137207,4.162725448608398,0.23778745532035828,-0.123159766,2.100581645965576,2.213273286819458,0,0,0,0,0,0,0,0,0,0,0,0,9.379661560058594,5.567760467529297,7.468218803405762,0,0,0,0,2281.2999999999997,2534.42,2440.41
6a06639e49cba6a72f97473b,2026-05-15T00:05:45.242Z,10,0,5.1,2026-05-15T00:05:45.242Z,0.4232795238494873,0.4701204299926758,0.6572551727294922,0.003452539,0.000841618,0.1628572940826416,0.089634538,8.295989990234375,4.6865129470825195,0.23779146373271942,-0.12312305,4.004326820373535,4.152869225,0,0,0,0,0,0,0,0,0,0,0,0,3.5167548656463623,8.60333252,2.787356376647949,0,0,0,0,2275.21,2524.2000000000003,2435.23
6a0663e349cba6a72f974778,2026-05-15T00:06:54.298Z,10,1,5.1,2026-05-15T00:06:54.298Z,0.5814752578735352,0.5132505893707275,0.7871577739715576,0.00517869,0.001262426,0.16243648529052734,0.090055346,8.081695556640625,3.840182304382324,0.2377329021692276,-0.123410523,0.7375645041465759,0.8224023580551147,0,0,0,0,0,0,0,0,0,0,0,0,6.674781799316406,1.7613259553909302,8.761538506,0,0,0,0,2266.6,2521.4,2424.7999999999997
6a06642849cba6a72f9747b5,2026-05-15T00:08:03.337Z,10,2,5.1,2026-05-15T00:08:03.337Z,0.6661310195922852,0.6098628044128418,0.8654437065124512,0.00517869,0.001683235,0.1628572940826416,0.089213729,8.122512817382812,4.249288558959961,0.23774060606956482,-0.123733342,2.6435210704803467,2.750260591506958,0,0,0,0,0,0,0,0,0,0,0,0,9.088737487792969,6.5650858879089355,3.984553337097168,0,0,0,0,2254.91,2513.98,2418.01
6a06646d49cba6a72f9747f2,2026-05-15T00:09:12.444Z,10,3,5.1,2026-05-15T00:09:12.444Z,0.5575320720672607,0.5857095718383789,0.8714654445648193,0.004315615,0.000841618,0.16243648529052734,0.089634538,7.9898529052734375,4.855778694152832,0.2377759963274002,-0.123611808,2.9155349731445312,3.0600099563598633,0,0,0,0,0,0,0,0,0,0,0,0,1.3817287683486938,6.990905284881592,9.847223281860352,0,0,0,0,2251.41,2505.72,2405.83
6a0664b249cba6a72f97482f,2026-05-15T00:10:21.629Z,10,4,5.1,2026-05-15T00:10:21.629Z,0.3608565330505371,0.3847224712371826,0.5858519077301025,0.003452539,0.000841618,0.1628572940826416,0.089213729,8.704162598,5.007401466369629,0.2377777099609375,-0.123911679,4.379959583282471,4.552360534667969,0,0,0,0,0,0,0,0,0,0,0,0,1.1108940839767456,8.545124053955078,3.445666790008545,0,0,0,0,2248.89,2495.71,2399.8799999999997
6a0664f849cba6a72f97486c,2026-05-15T00:11:30.716Z,10,5,5.1,2026-05-15T00:11:30.716Z,0.5686485767364502,0.5943357944488525,0.841355562,0.004315615,0.000841618,0.16327810287475586,0.08879292,8.571502685546875,4.792923927307129,0.23771339654922485,-0.12432754,3.4446914196014404,3.629561185836792,0,0,0,0,0,0,0,0,0,0,0,0,2.7738232612609863,8.611686706542969,6.824950695037842,0,0,0,0,2244.69,2485.28,2391.1299999999997
6a06653d49cba6a72f9748a9,2026-05-15T00:12:39.999Z,10,6,5.1,2026-05-15T00:12:39.999Z,0.2531125545501709,0.26999592781066895,0.4869194030761719,0.003452539,0.000841618,0.16201555728912354,0.089213729,7.9898529052734375,4.332542419433594,0.23776476085186005,-0.124483049,2.213341713,2.3841004371643066,0,0,0,0,0,0,0,0,0,0,0,0,3.094722032546997,3.026963710784912,4.195100307,0,0,0,0,2239.9300000000003,2481.22,2384.83
6a06658249cba6a72f9748e6,2026-05-15T00:13:49.080Z,10,7,5.1,2026-05-15T00:13:49.080Z,0.7371053695678711,0.7056119441986084,1.1226675510406494,0.004315615,0.001262426,0.16159474849700928,0.089213729,8.734771728515625,4.250943183898926,0.23777061700820923,-0.106606841,2.2190308570861816,2.327847480773926,0,0,0,0,0,0,0,0,0,0,0,0,7.789391994476318,5.799689769744873,8.192085266113281,0,0,0,0,2230.1299999999997,2474.5699999999997,2374.47
6a0665c749cba6a72f974923,2026-05-15T00:14:58.089Z,10,8,5.1,2026-05-15T00:14:58.089Z,0.23857569694519043,0.23980474472045898,0.4851987361907959,0.004315615,0.000841618,0.16243648529052734,0.089634538,8.183731079101562,4.142876625061035,0.23778857290744781,-0.119541287,2.0574636459350586,2.1636910438537598,0,0,0,0,0,0,0,0,0,0,0,0,4.130131721496582,2.529968023300171,2.8892412185668945,0,0,0,0,2223.69,2471,2369.22
6a06660c49cba6a72f974960,2026-05-15T00:16:07.219Z,10,9,5.1,2026-05-15T00:16:07.219Z,0.6481738090515137,0.6762833595275879,0.9222221374511719,0.003452539,0.000841618,0.1628572940826416,0.089213729,8.265365600585938,4.506219863891602,0.2377481609582901,-0.120194495,2.8912887573242188,3.0232269763946533,0,0,0,0,0,0,0,0,0,0,0,0,5.125380039215088,7.440125465393066,7.237451553344727,0,0,0,0,2216.48,2462.8799999999997,2360.33
6a06665149cba6a72f97499d,2026-05-15T00:17:16.406Z,11,0,4.3,2026-05-15T00:17:16.406Z,0.49254369735717773,0.49858641624450684,0.649512768,0.003452539,0.000841618,0.16201555728912354,0.089634538,7.9694366455078125,4.425170898,0.23773741722106934,-0.120765567,3.40802002,3.5762972831726074,0,0,0,0,0,0,0,0,0,0,0,0,7.095794200897217,7.471175670623779,1.2137460708618164,0,0,0,0,2207.1,2453.92,2356.9
6a06669649cba6a72f9749da,2026-05-15T00:18:25.447Z,11,1,4.3,2026-05-15T00:18:25.447Z,0.2779107093811035,0.3096756935119629,0.5015439987182617,0.002589464,0.000841618,0.16159474849700928,0.08879292,8.377624512,4.303320885,0.23777756094932556,-0.121538281,2.4858548641204834,2.6428475379943848,0,0,0,0,0,0,0,0,0,0,0,0,4.186565399169922,3.598761558532715,2.8486969470977783,0,0,0,0,2200.73,2449.09,2352.6299999999997
6a0666dc49cba6a72f974a17,2026-05-15T00:19:34.535Z,11,2,4.3,2026-05-15T00:19:34.535Z,0.5087907314300537,0.5201516151428223,0.7759742736816406,0.004315615,0.000841618,0.16201555728912354,0.08879292,8.173538208007812,4.440056800842285,0.23777848482131958,-0.1204831,2.344487190246582,2.4790120124816895,0,0,0,0,0,0,0,0,0,0,0,0,3.9304141998291016,5.039947986602783,8.119422912597656,0,0,0,0,2194.78,2443.21,2342.48
6a06672149cba6a72f974a54,2026-05-15T00:20:43.919Z,11,3,4.3,2026-05-15T00:20:43.919Z,0.7909772396087646,0.7375285625457764,1.0237352848052979,0.004315615,0.000841618,0.16201555728912354,0.08879292,8.530685424804688,4.011102676391602,0.23770900070667267,-0.119992852,1.6919468641281128,1.7823834419250488,0,0,0,0,0,0,0,0,0,0,0,0,9.840267181396484,4.084085464477539,8.63731575,0,0,0,0,2182.53,2438.17,2331.42
6a06676649cba6a72f974a91,2026-05-15T00:21:52.869Z,11,4,4.3,2026-05-15T00:21:52.869Z,0.3967714309692383,0.36919546127319336,0.5978958606719971,0.003452539,0.000420809,0.16159474849700928,0.088372111,8.285781860351562,4.0579681396484375,0.23775164783000946,-0.12026304,1.8982977867126465,1.979825496673584,0,0,0,0,0,0,0,0,0,0,0,0,6.458565711975098,3.0038137435913086,3.873577833175659,0,0,0,0,2173.4300000000003,2434.39,2325.19
6a0667ab49cba6a72f974ace,2026-05-15T00:23:02.133Z,11,5,4.3,2026-05-15T00:23:02.133Z,0.19753050804138184,0.21823954582214355,0.39831018447875977,0.003452539,0.000420809,0.16201555728912354,0.088372111,8.867477416992188,4.516144752502441,0.23778612911701202,-0.120414317,3.201031208,3.310950279,0,0,0,0,0,0,0,0,0,0,0,0,2.1568822860717773,4.080495834350586,2.3457067012786865,0,0,0,0,2169.23,2429.7000000000003,2320.99
6a0667f049cba6a72f974b0b,2026-05-15T00:24:11.154Z,11,6,4.3,2026-05-15T00:24:11.154Z,0.6139693260192871,0.636603594,0.752746582,0.002589464,0.000841618,0.16201555728912354,0.089213729,8.306198120117188,4.4389543533325195,0.23776791989803314,-0.120067894,3.273861885070801,3.4298365116119385,0,0,0,0,0,0,0,0,0,0,0,0,7.625329494476318,8.237989426,2.796506643295288,0,0,0,0,2159.5,2420.11,2316.58
6a06683549cba6a72f974b48,2026-05-15T00:25:20.321Z,11,7,4.3,2026-05-15T00:25:20.321Z,0.402756929,0.41750144958496094,0.6297261714935303,0.003452539,0.000841618,0.16327810287475586,0.08879292,8.551101684570312,4.661149978637695,0.23774901032447815,-0.120297432,4.047427177429199,4.2341227531433105,0,0,0,0,0,0,0,0,0,0,0,0,4.062740325927734,8.639938354492188,2.009774923324585,0,0,0,0,2153.41,2410.1,2313.22
6a06687a49cba6a72f974b85,2026-05-15T00:26:29.342Z,11,8,4.3,2026-05-15T00:26:29.342Z,0.9235196113586426,0.9531800746917725,1.1708436012268066,0.003452539,0.000841618,0.1628572940826416,0.089213729,8.510284423828125,4.481960296630859,0.23781685531139374,-0.120785296,3.0091216564178467,3.1904265880584717,0,0,0,0,0,0,0,0,0,0,0,0,7.840213298797607,9.857886314,7.586202621459961,0,0,0,0,2143.47,2398.48,2303.77
6a0668bf49cba6a72f974bc2,2026-05-15T00:27:38.423Z,11,9,4.3,2026-05-15T00:27:38.423Z,0.5173418521881104,0.5330908298492432,0.7105927467346191,0.003452539,0.000420809,0.16159474849700928,0.088372111,8.479660034179688,4.408079147338867,0.23781536519527435,-0.120633185,3.263115406036377,3.4423470497131348,0,0,0,0,0,0,0,0,0,0,0,0,7.228440284729004,7.375304698944092,1.8861922025680542,0,0,0,0,2133.6,2389.1,2299.5699999999997
6a06690449cba6a72f974bff,2026-05-15T00:28:47.722Z,12,0,4.2,2026-05-15T00:28:47.722Z,0.2967233657836914,0.28983569145202637,0.5445585250854492,0.002589464,0.000841618,0.16201555728912354,0.08879292,7.9694366455078125,3.9532108306884766,0.23773498833179474,-0.121081173,1.2608193159103394,0.9726038575172424,0,0,0,0,0,0,0,0,0,0,0,0,3.711829185,1.4164084196090698,5.901358127593994,0,0,0,0,2127.58,2386.51,2292.08
6a06694a49cba6a72f974c3c,2026-05-15T00:29:56.735Z,12,1,4.2,2026-05-15T00:29:56.735Z,0.525892973,0.5244646072387695,0.7536070346832275,0.003452539,0.000841618,0.16201555728912354,0.089213729,8.438842773,4.676589012145996,0.23776686191558838,-0.121588588,3.617607831954956,3.7537198066711426,0,0,0,0,0,0,0,0,0,0,0,0,3.4444632530212402,8.473745346069336,4.971662521362305,0,0,0,0,2122.19,2376.78,2284.7999999999997
6a06698f49cba6a72f974c79,2026-05-15T00:31:05.885Z,12,2,4.2,2026-05-15T00:31:05.885Z,0.41216325759887695,0.4166388511657715,0.6546742916107178,0.004315615,0.000841618,0.16159474849700928,0.088372111,8.816467285,4.425722122192383,0.23777320981025696,-0.121431708,2.6171510219573975,2.7512223720550537,0,0,0,0,0,0,0,0,0,0,0,0,3.780649185180664,4.987875938415527,5.748745441436768,0,0,0,0,2116.73,2370.69,2277.17
6a0669d449cba6a72f974cb6,2026-05-15T00:32:14.948Z,12,3,4.2,2026-05-15T00:32:14.948Z,0.22403883934020996,0.1768343448638916,0.41637635231018066,0.003452539,0.000841618,0.16159474849700928,0.089213729,8.489868164,3.7960739135742188,0.23773497343063354,-0.12180686,1.429129958152771,1.559686303138733,0,0,0,0,0,0,0,0,0,0,0,0,5.733279228210449,1.409136414527893,1.500279188156128,0,0,0,0,2109.1,2368.3799999999997,2273.67
6a066a1949cba6a72f974cf3,2026-05-15T00:33:23.965Z,12,4,4.2,2026-05-15T00:33:23.965Z,0.32237672805786133,0.30881309509277344,0.5634844303131104,0.003452539,0.000420809,0.16159474849700928,0.088372111,8.449050903320312,3.945490837097168,0.23776765167713165,-0.12209183,1.4346274137496948,1.5148515701293945,0,0,0,0,0,0,0,0,0,0,0,0,4.4770073890686035,1.8530523777008057,5.797338962554932,0,0,0,0,2102.31,2366.21,2266.11
6a066a5e49cba6a72f974d30,2026-05-15T00:34:33.068Z,12,5,4.2,2026-05-15T00:34:33.068Z,0.38822007179260254,0.3907606601715088,0.6030573844909668,0.002589464,0.000841618,0.16159474849700928,0.088372111,8.265365600585938,4.506219863891602,0.2378392368555069,-0.121692121,3.2766730785369873,3.3736836910247803,0,0,0,0,0,0,0,0,0,0,0,0,4.072435379,6.2403154373168945,3.4397571086883545,0,0,0,0,2096.4300000000003,2359.28,2260.72
6a066aa349cba6a72f974d6d,2026-05-15T00:35:42.265Z,12,6,4.2,2026-05-15T00:35:42.265Z,0.7388155460357666,0.76513195,1.0839555263519287,0.004315615,0,0.16159474849700928,0.08879292,8.602127075195312,4.656740188598633,0.23780295252799988,-0.122026265,3.3509132862091064,3.5052950382232666,0,0,0,0,0,0,0,0,0,0,0,0,4.817472935,9.854090690612793,7.227663516998291,0,0,0,0,2089.5699999999997,2348.22,2251.69
6a066ae849cba6a72f974daa,2026-05-15T00:36:51.251Z,12,7,4.2,2026-05-15T00:36:51.251Z,0.7294094562530518,0.6926727294921875,0.894693136,0.002589464,0.000841618,0.16159474849700928,0.089213729,8.438842773,4.2713422775268555,0.23776447772979736,-0.122199833,2.2335805892944336,2.366270065307617,0,0,0,0,0,0,0,0,0,0,0,0,7.9342732429504395,5.7644147872924805,7.414055347442627,0,0,0,0,2079.7000000000003,2340.59,2241.89
6a066b2d49cba6a72f974de7,2026-05-15T00:38:00.594Z,12,8,4.2,2026-05-15T00:38:00.594Z,1.0004792213439941,1.010974645614624,1.2723569869995117,0.003452539,0.000841618,0.1628572940826416,0.089213729,8.285781860351562,4.4389543533325195,0.23775595426559448,-0.122658789,2.741671085357666,2.8629419803619385,0,0,0,0,0,0,0,0,0,0,0,0,7.9010210037231445,9.126389503479004,9.369085311889648,0,0,0,0,2069.2000000000003,2330.09,2229.92
6a066b7249cba6a72f974e24,2026-05-15T00:39:09.675Z,12,9,4.2,2026-05-15T00:39:09.675Z,0.49254369735717773,0.50635004,0.6744611263275146,0.003452539,0.000841618,0.16159474849700928,0.089213729,7.928619384765625,4.499052047729492,0.2378200739622116,-0.122038722,3.100264072418213,3.262192726135254,0,0,0,0,0,0,0,0,0,0,0,0,5.040310382843018,6.680240154266357,4.038823605,0,0,0,0,2061.5,2321.69,2223.27
6a066bb749cba6a72f974e61,2026-05-15T00:40:18.755Z,13,0,5.2,2026-05-15T00:40:18.755Z,0.4036121368408203,0.4459676742553711,0.6340277194976807,0.003452539,0.000420809,0.16159474849700928,0.08879292,8.949127197265625,4.865151405334473,0.2377544343471527,-0.122546434,4.3501081466674805,4.546333312988281,0,0,0,0,0,0,0,0,0,0,0,0,1.9753168821334839,9.042840003967285,2.9779391288757324,0,0,0,0,2057.58,2311.19,2218.2999999999997
6a066bfd49cba6a72f974e9e,2026-05-15T00:41:27.792Z,13,1,5.2,2026-05-15T00:41:27.792Z,0.9560136795043945,0.9419660568237305,1.2035341262817383,0.003452539,0.000841618,0.16243648529052734,0.08879292,8.520477294921875,4.413041114807129,0.23776650428771973,-0.122806549,2.7172491550445557,2.876194953918457,0,0,0,0,0,0,0,0,0,0,0,0,8.425569534301758,8.869358063,8.593496322631836,0,0,0,0,2047.2199999999998,2300.83,2207.73
6a066c4249cba6a72f974edb,2026-05-15T00:42:37.221Z,13,2,5.2,2026-05-15T00:42:37.221Z,0.43354105949401855,0.42612767219543457,0.6563949584960938,0.00517869,0.000841618,0.16159474849700928,0.08879292,8.347015380859375,3.987945556640625,0.23779572546482086,-0.123649299,1.692995548248291,1.7974774837493896,0,0,0,0,0,0,0,0,0,0,0,0,7.478182792663574,2.815561532974243,4.534917831420898,0,0,0,0,2036.7900000000002,2296.49,2200.73
6a066c8749cba6a72f974f18,2026-05-15T00:43:46.576Z,13,3,5.2,2026-05-15T00:43:46.576Z,0.8328776359558105,0.8341403007507324,1.0340588092803955,0.003452539,0.000420809,0.16201555728912354,0.088372111,8.745025634765625,4.393743515014648,0.23780064284801483,-0.123326838,3.166515827178955,3.3031163215637207,0,0,0,0,0,0,0,0,0,0,0,0,9.093373299,9.670580863952637,4.453043460845947,0,0,0,0,2025.1000000000001,2285.92,2194.4300000000003
6a066ccd49cba6a72f974f55,2026-05-15T00:44:55.866Z,13,4,5.2,2026-05-15T00:44:55.866Z,0.7200031280517578,0.6883599758148193,0.9136190414428711,0.003452539,0.000841618,0.1628572940826416,0.088372111,8.132720947265625,4.301115989685059,0.2378028929233551,-0.123539388,2.7441139221191406,2.8811769485473633,0,0,0,0,0,0,0,0,0,0,0,0,9.923107147216797,7.318453311920166,3.4484870433807373,0,0,0,0,2012.5,2276.8199999999997,2189.11
6a066d1249cba6a72f974f92,2026-05-15T00:46:05.162Z,13,5,5.2,2026-05-15T00:46:05.162Z,0.45577406883239746,0.4399292469024658,0.6340277194976807,0.002589464,0.000420809,0.16201555728912354,0.089213729,8.22454834,4.4058732986450195,0.23781679570674896,-0.123892128,3.1579954624176025,3.3271334171295166,0,0,0,0,0,0,0,0,0,0,0,0,6.183122634887695,6.609888076782227,2.3994789123535156,0,0,0,0,2003.68,2268.91,2184.91
6a066d5749cba6a72f974fcf,2026-05-15T00:47:14.461Z,13,6,5.2,2026-05-15T00:47:14.461Z,0.7105967998504639,0.7202761173248291,0.8912520408630371,0.002589464,0.000420809,0.16159474849700928,0.088372111,8.102096557617188,4.412489891052246,0.2377816140651703,-0.118689001,3.2653188705444336,3.4230239391326904,0,0,0,0,0,0,0,0,0,0,0,0,9.139994621276855,9.108685493469238,2.3578906059265137,0,0,0,0,1991.43,2257.99,2180.92
6a066d9c49cba6a72f97500c,2026-05-15T00:48:23.621Z,13,7,5.2,2026-05-15T00:48:23.621Z,0.43268585205078125,0.4494178295135498,0.6692993640899658,0.004315615,0.000841618,0.16159474849700928,0.088372111,7.9592437744140625,4.572933197021484,0.23779810965061188,-0.123515487,3.1481528282165527,3.353294849395752,0,0,0,0,0,0,0,0,0,0,0,0,3.940943479537964,6.500703335,4.372736930847168,0,0,0,0,1985.27,2250.08,2174.83
6a066de249cba6a72f975049,2026-05-15T00:49:32.812Z,13,8,5.2,2026-05-15T00:49:32.812Z,0.5096457004547119,0.5037622451782227,0.7114529609680176,0.002589464,0.000420809,0.16243648529052734,0.08879292,8.234756469726562,4.034259796142578,0.23778757452964783,-0.123330116,1.8824517726898193,1.9705568552017212,0,0,0,0,0,0,0,0,0,0,0,0,8.707241058,3.5739693641662598,3.8773343563079834,0,0,0,0,1974.42,2245.67,2169.02
6a066e2749cba6a72f975086,2026-05-15T00:50:42.103Z,13,9,5.2,2026-05-15T00:50:42.103Z,0.2941582202911377,0.31571388244628906,0.48433852195739746,0.003452539,0.000841618,0.16243648529052734,0.08879292,8.826660156,4.757637023925781,0.23782429099082947,-0.119955957,4.557032108306885,4.697568416595459,0,0,0,0,0,0,0,0,0,0,0,0,2.243337392807007,7.889118671417236,1.087640404701233,0,0,0,0,1969.7999999999997,2237.1299999999997,2166.22
6a066e6c49cba6a72f9750c3,2026-05-15T00:51:51.001Z,14,0,5.3,2026-05-15T00:51:51.001Z,0.4857027530670166,0.49858641624450684,0.7561876773834229,0.001726389,0.000420809,0.16201555728912354,0.08879292,8.398025512695312,4.517247200012207,0.2377646118402481,-0.122195005,2.248380661010742,2.4194419384002686,0,0,0,0,0,0,0,0,0,0,0,0,2.5839643478393555,4.507430553436279,8.784240723,0,0,0,0,1965.6000000000001,2231.3199999999997,2155.72
6a066eb149cba6a72f975100,2026-05-15T00:53:00.144Z,14,1,5.3,2026-05-15T00:53:00.144Z,0.7353951930999756,0.7547805309295654,0.9970664978027344,0.003452539,0.000841618,0.16159474849700928,0.08879292,8.030670166015625,4.700848579406738,0.23777146637439728,-0.123225987,3.3254075050354004,3.4647045135498047,0,0,0,0,0,0,0,0,0,0,0,0,4.326951026916504,9.656910896,7.605649948120117,0,0,0,0,1959.58,2220.61,2145.4300000000003
6a066ef649cba6a72f97513d,2026-05-15T00:54:09.321Z,14,2,5.3,2026-05-15T00:54:09.321Z,0.33092761039733887,0.3355538845062256,0.5359554290771484,0.003452539,0.000841618,0.16243648529052734,0.088372111,8.285781860351562,4.550328254699707,0.23781234,-0.124177873,3.5525176525115967,3.731245517730713,0,0,0,0,0,0,0,0,0,0,0,0,3.6933562755584717,6.240413188934326,2.073237657546997,0,0,0,0,1953.98,2212.6299999999997,2141.02
6a066f3b49cba6a72f97517a,2026-05-15T00:55:18.350Z,14,3,5.3,2026-05-15T00:55:18.350Z,0.2137775421142578,0.22341513633728027,0.49552249908447266,0.002589464,0.000420809,0.16243648529052734,0.088372111,8.285781860351562,3.8991775512695312,0.23779790103435516,-0.124197125,1.324097752571106,1.243011474609375,0,0,0,0,0,0,0,0,0,0,0,0,1.8943029642105103,1.783003568649292,6.313404560089111,0,0,0,0,1950.4099999999999,2210.81,2132.83
6a066f8149cba6a72f9751b7,2026-05-15T00:56:27.724Z,14,4,5.3,2026-05-15T00:56:27.724Z,0.4267003536224365,0.44337964057922363,0.6555347442626953,0.002589464,0.000841618,0.16117393970489502,0.088372111,8.581710815429688,4.2476348876953125,0.23775282502174377,-0.121573746,2.252081871032715,2.3521618843078613,0,0,0,0,0,0,0,0,0,0,0,0,4.864665985107422,4.173658371,5.718749046325684,0,0,0,0,1943.6200000000001,2206.19,2124.5699999999997
6a066fc649cba6a72f9751f4,2026-05-15T00:57:37.029Z,14,5,5.3,2026-05-15T00:57:37.029Z,0.28389668464660645,0.2932860851287842,0.4869194030761719,0.003452539,0.000420809,0.16201555728912354,0.08879292,8.336807250976562,4.767010688781738,0.23782122135162354,-0.123606563,4.456143856048584,4.6053667068481445,0,0,0,0,0,0,0,0,0,0,0,0,2.1905856132507324,7.364757061004639,1.1226078271865845,0,0,0,0,1939.6299999999999,2198.0699999999997,2121.7000000000003
6a06700b49cba6a72f975231,2026-05-15T00:58:46.328Z,14,6,5.3,2026-05-15T00:58:46.328Z,0.6575801372528076,0.6314277648925781,0.8568408489227295,0.002589464,0.000420809,0.1628572940826416,0.089213729,8.183731079101562,4.470932960510254,0.23778483271598816,-0.120126963,3.1863458156585693,3.3699772357940674,0,0,0,0,0,0,0,0,0,0,0,0,6.961555004119873,8.410897254943848,4.193567276000977,0,0,0,0,1931.02,2188.2000000000003,2116.1
6a06705049cba6a72f97526e,2026-05-15T00:59:55.564Z,14,7,5.3,2026-05-15T00:59:55.564Z,0.4241349697113037,0.4442422389984131,0.636608362,0.002589464,0.000841618,0.16243648529052734,0.08879292,8.255172729492188,4.713529586791992,0.237747923,-0.122726917,3.9232230186462402,4.123765945,0,0,0,0,0,0,0,0,0,0,0,0,3.2304890155792236,8.379723549,3.112520217895508,0,0,0,0,1925.6299999999999,2178.1200000000003,2111.1299999999997
6a06709649cba6a72f9752ab,2026-05-15T01:01:04.785Z,14,8,5.3,2026-05-15T01:01:04.785Z,0.43097567558288574,0.4183642864227295,0.6779022216796875,0.002589464,0.000420809,0.16159474849700928,0.088372111,8.510284423828125,3.699035645,0.23775668442249298,-0.123305798,0.6977487802505493,0.7932391166687012,0,0,0,0,0,0,0,0,0,0,0,0,7.117587089538574,1.3675847053527832,6.172279357910156,0,0,0,0,1916.3899999999999,2175.53,2103.08
6a0670db49cba6a72f9752e8,2026-05-15T01:02:13.913Z,14,9,5.3,2026-05-15T01:02:13.913Z,0.6994802951812744,0.7263145446777344,0.9394276142120361,0.002589464,0.000420809,0.16201555728912354,0.08879292,8.173538208007812,4.719042778015137,0.23779800534248352,-0.123860836,3.439385414123535,3.572720527648926,0,0,0,0,0,0,0,0,0,0,0,0,3.4632859230041504,9.638237953186035,7.593172073364258,0,0,0,0,1910.58,2165.17,2093
6a06712049cba6a72f975325,2026-05-15T01:03:23.439Z,15,0,4.1,2026-05-15T01:03:23.439Z,0.6866536140441895,0.642641544,0.9265234470367432,0.002589464,0.000420809,0.16159474849700928,0.087530494,9.102188110351562,4.064584732055664,0.23772719502449036,-0.119334877,1.6068289279937744,1.7316895723342896,0,0,0,0,0,0,0,0,0,0,0,0,7.889843940734863,3.575603485107422,9.000218391418457,0,0,0,0,1900.5,2159.78,2081.17
6a06716549cba6a72f975362,2026-05-15T01:04:32.618Z,15,1,4.1,2026-05-15T01:04:32.618Z,0.45235371589660645,0.4683952331542969,0.6710197925567627,0.002589464,0.000420809,0.16159474849700928,0.087530494,8.183731079101562,4.723454475402832,0.23774494230747223,-0.122356892,4.081761360168457,4.225328445,0,0,0,0,0,0,0,0,0,0,0,0,3.227600098,8.769061088562012,2.7885570526123047,0,0,0,0,1894.8999999999999,2150.1200000000003,2075.99
6a0671ab49cba6a72f97539f,2026-05-15T01:05:41.752Z,15,2,4.1,2026-05-15T01:05:41.752Z,0.35230565071105957,0.36574506759643555,0.5523006916046143,0.001726389,0.000420809,0.16159474849700928,0.088372111,8.469467163085938,4.547571182250977,0.23785825073719025,-0.123078108,3.5764496326446533,3.7664880752563477,0,0,0,0,0,0,0,0,0,0,0,0,4.153491973876953,6.712915420532227,2.1483588218688965,0,0,0,0,1889.23,2142,2072.21
6a0671f049cba6a72f9753dc,2026-05-15T01:06:50.871Z,15,3,4.1,2026-05-15T01:06:50.871Z,0.2514023780822754,0.2518808841705322,0.4851987361907959,0.002589464,0,0.16201555728912354,0.087109685,8.581710815429688,4.257007598876953,0.23776869475841522,-0.118840218,1.6729953289031982,1.821993112564087,0,0,0,0,0,0,0,0,0,0,0,0,2.0580031871795654,2.0380942821502686,6.040048599243164,0,0,0,0,1885.31,2138.92,2064.3700000000003
6a06723549cba6a72f975419,2026-05-15T01:08:00.281Z,15,4,4.1,2026-05-15T01:08:00.281Z,0.22403883934020996,0.21047592163085938,0.5092868804931641,0.000863075,0.000420809,0.16201555728912354,0.087530494,7.918426513671875,4.148941993713379,0.23780138790607452,-0.121109426,1.2829443216323853,0.9795500636100769,0,0,0,0,0,0,0,0,0,0,0,0,1.5332051515579224,1.338006854057312,6.814852237701416,0,0,0,0,1882.23,2137.17,2055.27
6a06727a49cba6a72f975456,2026-05-15T01:09:09.457Z,15,5,4.1,2026-05-15T01:09:09.457Z,0.30270910263061523,0.2777590751647949,0.47315502166748047,0.003452539,0.000420809,0.16159474849700928,0.087109685,8.571502685546875,3.7514142990112305,0.23782145977020264,-0.121933937,1.4156396389007568,1.5053720474243164,0,0,0,0,0,0,0,0,0,0,0,0,7.951995849609375,1.652266263961792,1.151108980178833,0,0,0,0,1872.7099999999998,2135.21,2051.91
6a0672bf49cba6a72f975493,2026-05-15T01:10:18.751Z,15,6,4.1,2026-05-15T01:10:18.751Z,0.554966927,0.5399913787841797,0.7441437244415283,0.000863075,0.000420809,0.16117393970489502,0.087530494,8.602127075195312,4.359007835388184,0.23776742815971375,-0.12278676,3.020932197570801,3.127039670944214,0,0,0,0,0,0,0,0,0,0,0,0,6.619947910308838,6.932364463806152,3.645730495452881,0,0,0,0,1863.6100000000001,2127.72,2046.7999999999997
6a06730549cba6a72f9754d0,2026-05-15T01:11:27.774Z,15,7,4.1,2026-05-15T01:11:27.774Z,0.6054184436798096,0.6512677669525146,0.8981342315673828,0.001726389,-0.000841618,0.16159474849700928,0.087530494,8.479660034179688,4.746059417724609,0.23772239685058594,-0.124447405,3.383629799,3.552304506,0,0,0,0,0,0,0,0,0,0,0,0,2.9335811138153076,8.892245292663574,7.400453567504883,0,0,0,0,1858.5,2117.5,2037.42
6a06734a49cba6a72f97550d,2026-05-15T01:12:37.050Z,15,8,4.1,2026-05-15T01:12:37.050Z,0.45235371589660645,0.4658071994781494,0.6908061504364014,0.001726389,0,0.16201555728912354,0.087530494,8.796051025390625,4.4940900802612305,0.23774386942386627,-0.120086014,2.9192543029785156,3.080674648284912,0,0,0,0,0,0,0,0,0,0,0,0,4.055516242980957,6.043869972229004,5.259434223175049,0,0,0,0,1852.48,2109.31,2029.3700000000001
6a06738f49cba6a72f97554a,2026-05-15T01:13:46.234Z,15,9,4.1,2026-05-15T01:13:46.234Z,0.24969220161437988,0.2320411205291748,0.483478308,0.002589464,0.000420809,0.16117393970489502,0.087530494,7.9694366455078125,3.8688535690307617,0.23774145543575287,-0.121960521,1.3097457885742188,1.4527510404586792,0,0,0,0,0,0,0,0,0,0,0,0,4.657606125,1.4004971981048584,4.148589134216309,0,0,0,0,1846.1100000000001,2107.0699999999997,2023.49
6a0673d449cba6a72f975587,2026-05-15T01:14:55.539Z,16,0,4,2026-05-15T01:14:55.539Z,0.639622688,0.6504051685333252,0.9161999225616455,0.002589464,0,0.16075313091278076,0.087109685,8.163330078,4.860740661621094,0.2377202808856964,-0.123328269,3.3964221477508545,3.5337319374084473,0,0,0,0,0,0,0,0,0,0,0,0,2.039508343,9.044146537780762,8.553600311279297,0,0,0,0,1842.1200000000001,2097.1299999999997,2012.43
6a06741a49cba6a72f9755c4,2026-05-15T01:16:04.815Z,16,1,4,2026-05-15T01:16:04.815Z,0.7105967998504639,0.7245893478393555,0.9729785919189453,0.002589464,-0.001262426,0.16117393970489502,0.08879292,8.357208251953125,4.822146415710449,0.23779802024364471,-0.12105155,3.4694390296936035,3.6405441761016846,0,0,0,0,0,0,0,0,0,0,0,0,2.7901346683502197,9.908740043640137,8.287394523620605,0,0,0,0,1837.7099999999998,2085.51,2001.58
6a06745e49cba6a72f975601,2026-05-15T01:17:14.006Z,16,2,4,2026-05-15T01:17:14.006Z,0.39249563217163086,0.4313032627105713,0.6486525535583496,-0.000863075,0,0.16159474849700928,0.087530494,8.204147338867188,4.977627754211426,0.23778986930847168,-0.122818172,4.638148307800293,4.852440834,0,0,0,0,0,0,0,0,0,0,0,0,1.7051969766616821,9.764240264892578,2.522738456726074,0,0,0,0,1834.42,2073.6800000000003,1996.68
6a0674a349cba6a72f97563e,2026-05-15T01:18:22.720Z,16,3,4,2026-05-15T01:18:22.720Z,0.41558361053466797,0.41577625274658203,0.6340277194976807,0.000863075,0.000420809,0.16117393970489502,0.087530494,8.561294555664062,4.121373176574707,0.2377529889345169,-0.123681605,1.854237437,2.0149755477905273,0,0,0,0,0,0,0,0,0,0,0,0,6.0290398597717285,3.0965070724487305,4.719962120056152,0,0,0,0,1826.51,2068.99,1990.17
6a0674e849cba6a72f97567b,2026-05-15T01:19:31.754Z,16,4,4,2026-05-15T01:19:31.754Z,0.3009989261627197,0.30708765983581543,0.5910134315490723,-0.000863075,0,0.16117393970489502,0.087109685,8.22454834,4.215104103088379,0.23776394128799438,-0.123089314,0.7638540267944336,0.8385283350944519,0,0,0,0,0,0,0,0,0,0,0,0,1.0728204250335693,1.3194022178649902,9.344726563,0,0,0,0,1823.5,2067.1,1978.69
6a06752e49cba6a72f9756b8,2026-05-15T01:20:40.770Z,16,5,4,2026-05-15T01:20:40.770Z,0.30783987045288086,0.3036372661590576,0.533374548,0.001726389,0,0.16159474849700928,0.087109685,8.122512817382812,3.8269500732421875,0.23783427476882935,-0.123878956,1.369879961013794,1.4392869472503662,0,0,0,0,0,0,0,0,0,0,0,0,6.437691688537598,1.6673561334609985,3.6933157444000244,0,0,0,0,1815.52,2065.21,1972.3899999999999
6a06757349cba6a72f9756f5,2026-05-15T01:21:49.958Z,16,6,4,2026-05-15T01:21:49.958Z,0.5677933692932129,0.5857095718383789,0.7630698680877686,0.000863075,-0.000841618,0.16117393970489502,0.087530494,8.602127075195312,4.4885759353637695,0.2378016710281372,-0.123324394,3.867203950881958,4.007604598999023,0,0,0,0,0,0,0,0,0,0,0,0,7.120830059051514,9.731969833374023,1.0208641290664673,0,0,0,0,1805.93,2054.4300000000003,1969.73
6a0675b849cba6a72f975732,2026-05-15T01:22:59.400Z,16,7,4,2026-05-15T01:22:59.400Z,0.2915925979614258,0.3148515224456787,0.536815882,0.000863075,-0.000841618,0.16201555728912354,0.087530494,8.398025512695312,4.657842636108398,0.2377711683511734,-0.123642921,2.616624355316162,2.788088321685791,0,0,0,0,0,0,0,0,0,0,0,0,1.355652093887329,4.2101945877075195,6.206289291381836,0,0,0,0,1802.57,2048.6200000000003,1961.8899999999999
6a0675fd49cba6a72f97576f,2026-05-15T01:24:08.696Z,16,8,4,2026-05-15T01:24:08.696Z,0.24114108085632324,0.26050710678100586,0.4327216148376465,0.000863075,-0.000841618,0.16075313091278076,0.087530494,8.755233764648438,4.175957679748535,0.23779165744781494,-0.123085976,2.368464946746826,2.4966487884521484,0,0,0,0,0,0,0,0,0,0,0,0,4.841530799865723,3.1150059700012207,1.7374950647354126,0,0,0,0,1796.2000000000003,2044.77,1958.18
6a06764349cba6a72f9757ac,2026-05-15T01:25:17.755Z,16,9,4,2026-05-15T01:25:17.755Z,0.6550147533416748,0.6642069816589355,0.8757667541503906,0.001726389,0,0.16201555728912354,0.087530494,8.000061035,4.431235313415527,0.23773816227912903,-0.124178469,3.132162094116211,3.269500732421875,0,0,0,0,0,0,0,0,0,0,0,0,7.044685363769531,8.170198440551758,4.353118896484375,0,0,0,0,1786.82,2035.3899999999999,1952.02
6a06768849cba6a72f9757e9,2026-05-15T01:26:27.126Z,17,0,5.4,2026-05-15T01:26:27.126Z,0.8217611312866211,0.7866971492767334,1.0547053813934326,0.002589464,0.000420809,0.16117393970489502,0.087109685,8.489868164,4.107038497924805,0.2377646416425705,-0.124504805,1.8942631483078003,1.9878346920013428,0,0,0,0,0,0,0,0,0,0,0,0,9.732174873,4.929239273071289,8.326600074768066,0,0,0,0,1774.43,2029.0900000000001,1941.73
6a0676cd49cba6a72f975826,2026-05-15T01:27:36.520Z,17,1,5.4,2026-05-15T01:27:36.520Z,0.7584834098815918,0.761681318,1.0177135467529297,-0.000863075,0.000420809,0.16201555728912354,0.087109685,8.724578857421875,4.467073440551758,0.237755686,-0.11603868,2.9887185096740723,3.138842821121216,0,0,0,0,0,0,0,0,0,0,0,0,6.604974269866943,8.684326172,6.922669887542725,0,0,0,0,1765.12,2019.08,1932.42
6a06771349cba6a72f975863,2026-05-15T01:28:45.699Z,17,2,5.4,2026-05-15T01:28:45.699Z,0.5216174125671387,0.48737263679504395,0.7277984619140625,-0.001726151,0,0.16159474849700928,0.087109685,8.091903686523438,3.893113136291504,0.23772065341472626,-0.123184919,1.3986139297485352,1.5209224224090576,0,0,0,0,0,0,0,0,0,0,0,0,8.231775283813477,2.360337257385254,5.895820140838623,0,0,0,0,1754.62,2015.51,1924.0900000000001
6a06775849cba6a72f9758a0,2026-05-15T01:29:55.079Z,17,3,5.4,2026-05-15T01:29:55.079Z,0.460904598,0.45976924896240234,0.6615567207336426,-0.001726151,0,0.16117393970489502,0.087530494,8.22454834,4.559149742126465,0.23775172233581543,-0.124118924,3.7824459075927734,3.9182310104370117,0,0,0,0,0,0,0,0,0,0,0,0,4.960491180419922,8.309014320373535,2.227839946746826,0,0,0,0,1747.27,2006.48,1919.8899999999999
6a06779d49cba6a72f9758dd,2026-05-15T01:31:04.038Z,17,4,5.4,2026-05-15T01:31:04.038Z,0.5541117191314697,0.5598316192626953,0.7871577739715576,-0.002589226,-0.001262426,0.16117393970489502,0.088372111,8.408233642578125,4.495744705200195,0.23780953884124756,-0.119672596,3.1574559211730957,3.3203694820404053,0,0,0,0,0,0,0,0,0,0,0,0,5.664956092834473,7.566265583,4.502905368804932,0,0,0,0,1739.5,1997.17,1913.73
6a0677e249cba6a72f97591a,2026-05-15T01:32:13.100Z,17,5,5.4,2026-05-15T01:32:13.100Z,0.5276033878326416,0.5762209892272949,0.8293118476867676,-0.001726151,0,0.16075313091278076,0.087530494,8.306198120117188,5.016223907470703,0.23779302835464478,-0.123018682,3.607975721359253,3.7906556129455566,0,0,0,0,0,0,0,0,0,0,0,0,1.1172382831573486,8.854835510253906,7.5968098640441895,0,0,0,0,1736.49,1986.67,1903.93
6a06782749cba6a72f975957,2026-05-15T01:33:22.439Z,17,6,5.4,2026-05-15T01:33:22.439Z,0.4420921802520752,0.44337964057922363,0.6572551727294922,-0.001726151,-0.001262426,0.16075313091278076,0.087109685,8.306198120117188,4.484165191650391,0.2378048300743103,-0.123625398,3.3332674503326416,3.5353214740753174,0,0,0,0,0,0,0,0,0,0,0,0,5.387366295,7.028181076049805,2.6624906063079834,0,0,0,0,1729.63,1978.1299999999999,1899.1000000000001
6a06786d49cba6a72f975994,2026-05-15T01:34:31.834Z,17,7,5.4,2026-05-15T01:34:31.834Z,0.7396702766418457,0.7073371410369873,0.9729785919189453,-0.001726151,-0.000841618,0.16075313091278076,0.087109685,8.051086426,4.177612305,0.2378329485654831,-0.124018312,2.0489392280578613,2.1760571002960205,0,0,0,0,0,0,0,0,0,0,0,0,9.154090881347656,5.143506050109863,7.11618185,0,0,0,0,1717.73,1971.48,1890
6a0678b249cba6a72f9759d1,2026-05-15T01:35:40.930Z,17,8,5.4,2026-05-15T01:35:40.930Z,0.594301701,0.6133129596710205,0.8293118476867676,-0.002589226,-0.000841618,0.16159474849700928,0.087530494,8.398025512695312,4.625312805175781,0.23778709769248962,-0.118809998,3.4729344844818115,3.6371498107910156,0,0,0,0,0,0,0,0,0,0,0,0,4.829179763793945,9.014965057373047,4.960478782653809,0,0,0,0,1710.38,1961.33,1882.58
6a0678f749cba6a72f975a0e,2026-05-15T01:36:49.895Z,17,9,5.4,2026-05-15T01:36:49.895Z,0.2343001365661621,0.23807930946350098,0.4688537120819092,-0.002589226,0,0.16159474849700928,0.087109685,8.081695556640625,4.278510093688965,0.23780332505702972,-0.122262001,1.709251046180725,1.8483762741088867,0,0,0,0,0,0,0,0,0,0,0,0,2.045252561569214,2.0637545585632324,5.834568023681641,0,0,0,0,1706.6000000000001,1958.18,1874.67
6a06793c49cba6a72f975a4b,2026-05-15T01:37:59.180Z,18,0,5.5,2026-05-15T01:37:59.180Z,0.402756929,0.44337964057922363,0.6245646476745605,-0.000863075,0,0.16075313091278076,0.087530494,8.571502685546875,4.865151405334473,0.23778846859931946,-0.123323858,4.469292640686035,4.6450347900390625,0,0,0,0,0,0,0,0,0,0,0,0,2.222325325012207,9.451854705810547,2.481970787,0,0,0,0,1702.82,1947.82,1870.33
6a06798149cba6a72f975a88,2026-05-15T01:39:08.443Z,18,1,5.5,2026-05-15T01:39:08.443Z,0.5207624435424805,0.5348160266876221,0.7862975597381592,-0.001726151,-0.001262426,0.16201555728912354,0.087109685,7.9898529052734375,4.580652236938477,0.23778711259365082,-0.124313533,2.868252754211426,3.0176641941070557,0,0,0,0,0,0,0,0,0,0,0,0,4.057123184204102,6.602071285247803,6.656601428985596,0,0,0,0,1697.08,1939.49,1861.93
6a0679c749cba6a72f975ac5,2026-05-15T01:40:17.797Z,18,2,5.5,2026-05-15T01:40:17.797Z,0.5293135643005371,0.5762209892272949,0.765650749,-0.002589226,-0.001262426,0.16243648529052734,0.087109685,8.489868164,4.913671493530273,0.23778848350048065,-0.12443316,3.2344489097595215,3.4262568950653076,0,0,0,0,0,0,0,0,0,0,0,0,1.4525798559188843,7.722254276275635,8.20134449,0,0,0,0,1693.93,1930.5300000000002,1851.2900000000002
6a067a0c49cba6a72f975b02,2026-05-15T01:41:27.298Z,18,3,5.5,2026-05-15T01:41:27.298Z,0.6986250877380371,0.6831843852996826,0.8852298259735107,-0.000863075,0.000420809,0.16159474849700928,0.087530494,7.928619384765625,4.331991195678711,0.23778176307678223,-0.125436723,2.8203558921813965,2.9647977352142334,0,0,0,0,0,0,0,0,0,0,0,0,8.845995903015137,7.496705055236816,4.0699872970581055,0,0,0,0,1683.01,1921.7099999999998,1844.92
6a067a5149cba6a72f975b3f,2026-05-15T01:42:36.720Z,18,4,5.5,2026-05-15T01:42:36.720Z,0.3540158271789551,0.3605692386627197,0.5892930030822754,-0.002589226,-0.000841618,0.16159474849700928,0.086688876,8.428649902,4.459354400634766,0.23777931928634644,-0.120266378,3.255296230316162,3.4386484622955322,0,0,0,0,0,0,0,0,0,0,0,0,4.384469509124756,5.961052417755127,2.4837498664855957,0,0,0,0,1675.87,1914.2199999999998,1840.58
6a067a9749cba6a72f975b7c,2026-05-15T01:43:45.779Z,18,5,5.5,2026-05-15T01:43:45.779Z,0.24883723258972168,0.24756813049316406,0.49294137954711914,-0.003452778,-0.000841618,0.16159474849700928,0.087109685,8.204147338867188,4.266380310058594,0.23783089220523834,-0.122545183,2.4139060974121094,2.595846176147461,0,0,0,0,0,0,0,0,0,0,0,0,4.184394836425781,3.332782745361328,2.444040298461914,0,0,0,0,1669.99,1910.02,1836.5900000000001
6a067adc49cba6a72f975bb9,2026-05-15T01:44:55.340Z,18,6,5.5,2026-05-15T01:44:55.340Z,0.4660353660583496,0.4813344478607178,0.7217762470245361,-0.001726151,-0.001683235,0.16117393970489502,0.087109685,8.234756469726562,4.2217206954956055,0.23780329525470734,-0.123975456,2.0686511993408203,2.1653223037719727,0,0,0,0,0,0,0,0,0,0,0,0,5.881371021270752,3.9864513874053955,5.947376251220703,0,0,0,0,1661.8,1905.33,1828.68
6a067b2249cba6a72f975bf6,2026-05-15T01:46:04.695Z,18,7,5.5,2026-05-15T01:46:04.695Z,0.5207624435424805,0.48909783363342285,0.7037103176116943,-0.001726151,-0.001262426,0.16117393970489502,0.087109685,8.867477416992188,4.343569755554199,0.2378198355436325,-0.124704838,3.148540974,3.3144333362579346,0,0,0,0,0,0,0,0,0,0,0,0,7.453927993774414,7.062913417816162,1.7887964248657227,0,0,0,0,1652.07,1897.2800000000002,1824.8999999999999
6a067b6749cba6a72f975c33,2026-05-15T01:47:13.927Z,18,8,5.5,2026-05-15T01:47:13.927Z,0.087221146,0.088848591,0.30023813247680664,-0.000863075,-0.001683235,0.16117393970489502,0.087530494,8.22454834,4.364521026611328,0.23780128359794617,-0.12546128,2.6331024169921875,2.8146555423736572,0,0,0,0,0,0,0,0,0,0,0,0,1.6849701404571533,2.1892099380493164,1.2077327966690063,0,0,0,0,1648.43,1894.2000000000003,1822.31
6a067bac49cba6a72f975c70,2026-05-15T01:48:23.135Z,18,9,5.5,2026-05-15T01:48:23.135Z,0.2941582202911377,0.29587411880493164,0.5316541194915771,-0.002589226,-0.001262426,0.16117393970489502,0.087109685,8.632736206054688,4.710221290588379,0.2377825230360031,-0.125794888,3.5984649658203125,3.752326488494873,0,0,0,0,0,0,0,0,0,0,0,0,1.9448988437652588,5.994935989379883,3.326789379119873,0,0,0,0,1644.93,1887.48,1817.4099999999999
6a067bf149cba6a72f975cad,2026-05-15T01:49:32.354Z,19,0,3.9,2026-05-15T01:49:32.354Z,0.4224245548248291,0.41577625274658203,0.6890857219696045,-0.002589226,0,0.16117393970489502,0.087109685,9.051162719726562,4.019372940063477,0.23782724142074585,-0.126477718,1.4155946969985962,1.5279473066329956,0,0,0,0,0,0,0,0,0,0,0,0,4.74005127,2.1933274269104004,7.856081485748291,0,0,0,0,1638.49,1884.33,1807.6100000000001
6a067c3749cba6a72f975cea,2026-05-15T01:50:41.578Z,19,1,3.9,2026-05-15T01:50:41.578Z,0.3540158271789551,0.3260653018951416,0.5411171913146973,-0.001726151,-0.001683235,0.16117393970489502,0.087109685,8.714370727539062,4.110898017883301,0.2378024458885193,-0.126525998,2.194955348968506,2.2811779975891113,0,0,0,0,0,0,0,0,0,0,0,0,7.094471454620361,3.580770492553711,2.1966326236724854,0,0,0,0,1629.11,1880.2000000000003,1802.92
6a067c7c49cba6a72f975d27,2026-05-15T01:51:50.941Z,19,2,3.9,2026-05-15T01:51:50.941Z,0.9269399642944336,0.929889441,1.1441748142242432,-0.003452778,-0.000841618,0.16075313091278076,0.087109685,8.428649902,4.386023521,0.23776720464229584,-0.126484394,2.9385483264923096,3.068042039871216,0,0,0,0,0,0,0,0,0,0,0,0,9.614319801330566,9.61400032,6.124859333,0,0,0,0,1616.72,1869.2099999999998,1794.7999999999997
6a067cc149cba6a72f975d64,2026-05-15T01:53:00.464Z,19,3,3.9,2026-05-15T01:53:00.464Z,0.2787659168243408,0.22945308685302734,0.5067057609558105,-0.002589226,-0.001262426,0.15991151332855225,0.087109685,8.530685424804688,4.137363433837891,0.23784466087818146,-0.126709163,1.5021051168441772,1.6426175832748413,0,0,0,0,0,0,0,0,0,0,0,0,2.524498701095581,1.7730813026428223,5.805668354034424,0,0,0,0,1611.89,1866.27,1786.82
6a067d0749cba6a72f975da1,2026-05-15T01:54:09.830Z,19,4,3.9,2026-05-15T01:54:09.830Z,0.37368321418762207,0.38385987281799316,0.6340277194976807,-0.000863075,0,0.16117393970489502,0.087109685,8.459259033203125,4.745508193969727,0.2378249317407608,-0.126696885,3.2313826084136963,3.386159658432007,0,0,0,0,0,0,0,0,0,0,0,0,1.7785868644714355,6.262638568878174,5.761371136,0,0,0,0,1608.6000000000001,1859.4099999999999,1778.9099999999999
6a067d4c49cba6a72f975dde,2026-05-15T01:55:18.863Z,19,5,3.9,2026-05-15T01:55:18.863Z,0.6960599422454834,0.6969859600067139,0.94286871,-0.003452778,-0.001262426,0.16075313091278076,0.087109685,8.347015380859375,4.3799591064453125,0.23778192698955536,-0.126613438,2.588099718093872,2.745213031768799,0,0,0,0,0,0,0,0,0,0,0,0,7.065398693084717,6.815913200378418,6.659376621246338,0,0,0,0,1599.57,1851.2199999999998,1769.8100000000002
6a067d9149cba6a72f975e1b,2026-05-15T01:56:28.382Z,19,6,3.9,2026-05-15T01:56:28.382Z,0.6438982486724854,0.695260763,0.9222221374511719,-0.003452778,-0.000841618,0.16075313091278076,0.087109685,8.122512817382812,4.543160438537598,0.23784196376800537,-0.126690388,2.7174034118652344,2.855708599090576,0,0,0,0,0,0,0,0,0,0,0,0,4.009778976,7.001586437225342,8.872658729553223,0,0,0,0,1593.27,1842.8899999999999,1758.61
6a067dd649cba6a72f975e58,2026-05-15T01:57:37.471Z,19,7,3.9,2026-05-15T01:57:37.471Z,0.069263935,0.073321581,0.27529001235961914,-0.002589226,-0.001683235,0.15991151332855225,0.087109685,8.377624512,4.286229133605957,0.2377820611000061,-0.127135575,1.9553254842758179,2.082679271697998,0,0,0,0,0,0,0,0,0,0,0,0,1.0218379497528076,1.3900972604751587,2.3245468139648438,0,0,0,0,1590.47,1840.3700000000001,1753.71
6a067e1c49cba6a72f975e95,2026-05-15T01:58:46.713Z,19,8,3.9,2026-05-15T01:58:46.713Z,0.594301701,0.6133129596710205,0.8499586582183838,-0.004315853,0,0.16159474849700928,0.086688876,8.520477294921875,4.587820053100586,0.23776380717754364,-0.127009511,3.1265687942504883,3.2743070125579834,0,0,0,0,0,0,0,0,0,0,0,0,4.506059646606445,7.862677097320557,6.358954906463623,0,0,0,0,1584.38,1831.69,1745.52
6a067e6149cba6a72f975ed2,2026-05-15T01:59:56.200Z,19,9,3.9,2026-05-15T01:59:56.200Z,0.49596405029296875,0.5244646072387695,0.7148940563201904,-0.002589226,-0.001683235,0.16075313091278076,0.087530494,8.755233764648438,4.695885658,0.23781755566596985,-0.127333462,3.9942543506622314,4.202877044677734,0,0,0,0,0,0,0,0,0,0,0,0,3.8649871349334717,9.484960556030273,3.106628894805908,0,0,0,0,1578.5,1820.6299999999999,1740.27
6a067ea649cba6a72f975f0f,2026-05-15T02:01:05.311Z,20,0,5.6,2026-05-15T02:01:05.311Z,0.37368321418762207,0.39507365226745605,0.6305863857269287,-0.003452778,-0.001683235,0.16159474849700928,0.087109685,8.449050903320312,4.647918701171875,0.23775893449783325,-0.127246022,2.465771436691284,2.620429277420044,0,0,0,0,0,0,0,0,0,0,0,0,1.6999179124832153,4.4821929931640625,7.649719238,0,0,0,0,1575.07,1814.4699999999998,1730.82
6a067eec49cba6a72f975f4c,2026-05-15T02:02:14.720Z,20,1,5.6,2026-05-15T02:02:14.720Z,0.7969632148742676,0.7884223461151123,1.0512642860412598,-0.003452778,-0.001262426,0.16117393970489502,0.087109685,8.071487426757812,4.433992385864258,0.23778283596038818,-0.127169728,2.455864429473877,2.6165518760681152,0,0,0,0,0,0,0,0,0,0,0,0,6.208259105682373,6.989808082580566,9.438173294067383,0,0,0,0,1566.88,1806.42,1718.43
6a067f3149cba6a72f975f89,2026-05-15T02:03:24.044Z,20,2,5.6,2026-05-15T02:03:24.044Z,0.30185389518737793,0.30881309509277344,0.5247716903686523,-0.004315853,-0.001262426,0.16075313091278076,0.087109685,8.051086426,4.6605987548828125,0.23782607913017273,-0.127231538,3.465400457382202,3.6394755840301514,0,0,0,0,0,0,0,0,0,0,0,0,2.584700584411621,5.920713424682617,3.1957459449768066,0,0,0,0,1562.47,1799.2099999999998,1712.97
6a067f7649cba6a72f975fc6,2026-05-15T02:04:33.417Z,20,3,5.6,2026-05-15T02:04:33.417Z,0.4814271926879883,0.44510483741760254,0.7243573665618896,-0.002589226,-0.002104163,0.16159474849700928,0.086688876,8.234756469726562,3.9157180786132812,0.23778526484966278,-0.127399504,1.3627228736877441,1.4881104230880737,0,0,0,0,0,0,0,0,0,0,0,0,6.591556072235107,2.2232565879821777,6.6599531173706055,0,0,0,0,1554,1796.2000000000003,1704.43
6a067fbb49cba6a72f976003,2026-05-15T02:05:42.711Z,20,4,5.6,2026-05-15T02:05:42.711Z,0.3369135856628418,0.31226348876953125,0.5178897380828857,-0.003452778,-0.000841618,0.16159474849700928,0.086688876,8.255172729492188,4.643507957458496,0.23783566057682037,-0.127376139,4.0268354415893555,4.157400131225586,0,0,0,0,0,0,0,0,0,0,0,0,3.1565685272216797,7.121514320373535,1.5559884309768677,0,0,0,0,1548.68,1788.29,1700.79
6a06800049cba6a72f976040,2026-05-15T02:06:51.820Z,20,5,5.6,2026-05-15T02:06:51.820Z,0.8140652179718018,0.8125753402709961,1.0271763801574707,-0.003452778,-0.001262426,0.16075313091278076,0.087109685,8.714370727539062,4.416348457336426,0.23782655596733093,-0.127226472,3.0614280700683594,3.2477011680603027,0,0,0,0,0,0,0,0,0,0,0,0,8.734155654907227,9.325912475585938,4.951785087585449,0,0,0,0,1537.8999999999999,1777.51,1694.42
6a06804649cba6a72f97607d,2026-05-15T02:08:00.818Z,20,6,5.6,2026-05-15T02:08:00.818Z,0.6062734127044678,0.6072750091552734,0.7888782024383545,-0.003452778,-0.000841618,0.16117393970489502,0.087109685,8.785842895507812,4.403116226196289,0.23778997361660004,-0.127233803,3.1473798751831055,3.2965049743652344,0,0,0,0,0,0,0,0,0,0,0,0,7.301874638,7.8912248611450195,3.3892674446105957,0,0,0,0,1528.03,1768.13,1688.89
6a06808b49cba6a72f9760ba,2026-05-15T02:09:10.115Z,20,7,5.6,2026-05-15T02:09:10.115Z,0.34974026679992676,0.38558506965637207,0.5488598346710205,-0.002589226,0,0.16117393970489502,0.087109685,8.020462036132812,4.639097213745117,0.2378377616405487,-0.127140522,3.989790678024292,4.188683032989502,0,0,0,0,0,0,0,0,0,0,0,0,3.855590581893921,7.502263546,1.2616844177246094,0,0,0,0,1521.87,1759.03,1686.02
6a0680d049cba6a72f9760f7,2026-05-15T02:10:19.549Z,20,8,5.6,2026-05-15T02:10:19.549Z,0.2582430839538574,0.2906982898712158,0.5024044513702393,-0.004315853,-0.002104163,0.16117393970489502,0.087109685,8.785842895507812,4.519452095031738,0.23782077431678772,-0.127470613,3.136023521,3.3308515548706055,0,0,0,0,0,0,0,0,0,0,0,0,3.1253910064697266,5.0226240158081055,2.962446689605713,0,0,0,0,1516.83,1752.38,1681.3999999999999
6a06811649cba6a72f976134,2026-05-15T02:11:28.613Z,20,9,5.6,2026-05-15T02:11:28.613Z,0.28646183013916016,0.2820723056793213,0.5101470947265625,-0.004315853,-0.001683235,0.16117393970489502,0.087109685,8.408233642578125,4.696989059448242,0.23780877888202667,-0.127128124,3.2389328479766846,3.4478204250335693,0,0,0,0,0,0,0,0,0,0,0,0,1.834064007,5.217957973480225,3.9903085231781006,0,0,0,0,1513.33,1746.29,1675.73
6a06815b49cba6a72f976171,2026-05-15T02:12:37.991Z,21,0,3.8,2026-05-15T02:12:37.991Z,0.3155357837677002,0.2915608882904053,0.5445585250854492,-0.004315853,-0.001683235,0.16075313091278076,0.087109685,8.459259033203125,4.343018531799316,0.23787322640419006,-0.127396047,2.3138198852539062,2.4702165126800537,0,0,0,0,0,0,0,0,0,0,0,0,3.730672836303711,3.6420857906341553,4.641317367553711,0,0,0,0,1507.87,1741.67,1669.22
6a0681a049cba6a72f9761ae,2026-05-15T02:13:47.433Z,21,1,3.8,2026-05-15T02:13:47.433Z,0.3856546878814697,0.3847224712371826,0.5858519077301025,-0.004315853,-0.001683235,0.15991151332855225,0.087109685,8.051086426,4.209589958190918,0.23780584335327148,-0.127085745,2.365980625152588,2.5020480155944824,0,0,0,0,0,0,0,0,0,0,0,0,6.200974464416504,4.269618988037109,3.392470359802246,0,0,0,0,1499.61,1736.7,1663.83
6a0681e549cba6a72f9761eb,2026-05-15T02:14:56.581Z,21,2,3.8,2026-05-15T02:14:56.581Z,0.5481259822845459,0.5848472118377686,0.752746582,-0.003452778,-0.000841618,0.16159474849700928,0.086688876,8.000061035,4.206833839416504,0.23782049119472504,-0.127337039,1.7689571380615234,1.8865330219268799,0,0,0,0,0,0,0,0,0,0,0,0,4.79615593,3.6087708473205566,9.239061356,0,0,0,0,1492.68,1732.29,1652.63
6a06822b49cba6a72f976228,2026-05-15T02:16:05.727Z,21,3,3.8,2026-05-15T02:16:05.727Z,0.7430911064147949,0.7245893478393555,0.9643759727478027,-0.003452778,-0.000841618,0.16075313091278076,0.087109685,8.142913818359375,4.223925590515137,0.23781928420066833,-0.127499461,2.163192034,2.298513889312744,0,0,0,0,0,0,0,0,0,0,0,0,8.564431190490723,5.561652660369873,7.092403411865234,0,0,0,0,1481.8999999999999,1725.92,1642.6899999999998
6a06827049cba6a72f976265,2026-05-15T02:17:14.884Z,21,4,3.8,2026-05-15T02:17:14.884Z,0.43183088302612305,0.45028042793273926,0.6632771492004395,-0.003452778,-0.000841618,0.16117393970489502,0.087530494,8.306198120117188,4.431235313415527,0.23779752850532532,-0.127670467,2.291217803955078,2.4272806644439697,0,0,0,0,0,0,0,0,0,0,0,0,3.353492259979248,4.455084323883057,7.412999153137207,0,0,0,0,1476.02,1720.39,1633.03
6a0682b549cba6a72f9762a2,2026-05-15T02:18:23.986Z,21,5,3.8,2026-05-15T02:18:23.986Z,0.49510908126831055,0.5305030345916748,0.7407026290893555,-0.003452778,-0.000841618,0.16075313091278076,0.087530494,7.9694366455078125,4.734480857849121,0.23786376416683197,-0.127655923,3.358935832977295,3.531480550765991,0,0,0,0,0,0,0,0,0,0,0,0,2.789015293121338,7.652313232421875,5.981151103973389,0,0,0,0,1471.47,1711.71,1624.77
6a0682fa49cba6a72f9762df,2026-05-15T02:19:33.424Z,21,6,3.8,2026-05-15T02:19:33.424Z,0.5113558769226074,0.574495792,0.7415628433227539,-0.003452778,-0.001262426,0.16159474849700928,0.086688876,8.928710938,4.573485374450684,0.23783890902996063,-0.127963424,3.3323047161102295,3.505589485168457,0,0,0,0,0,0,0,0,0,0,0,0,4.891846656799316,7.821957111358643,4.368135452270508,0,0,0,0,1464.68,1702.12,1618.12
6a06834049cba6a72f97631c,2026-05-15T02:20:42.735Z,21,7,3.8,2026-05-15T02:20:42.735Z,0.39335083961486816,0.33641648292541504,0.5643448829650879,-0.003452778,-0.001262426,0.16201555728912354,0.087109685,7.9592437744140625,3.6549272537231445,0.23778238892555237,-0.127663016,0.7657468318939209,0.8752245903015137,0,0,0,0,0,0,0,0,0,0,0,0,9.299343109,1.3915855884552002,2.318131685256958,0,0,0,0,1453.13,1699.67,1613.92
6a06838549cba6a72f976359,2026-05-15T02:21:52.209Z,21,8,3.8,2026-05-15T02:21:52.209Z,0.4267003536224365,0.4459676742553711,0.7355406284332275,-0.003452778,-0.002104163,0.16117393970489502,0.087109685,8.622528076171875,4.590025901794434,0.23784016072750092,-0.127755404,2.2778573036193848,2.405215025,0,0,0,0,0,0,0,0,0,0,0,0,1.5763221979141235,4.401443958282471,9.214725494384766,0,0,0,0,1449,1694.9099999999999,1602.79
6a0683ca49cba6a72f976396,2026-05-15T02:23:01.485Z,21,9,3.8,2026-05-15T02:23:01.485Z,0.4275553226470947,0.45028042793273926,0.6736006736755371,-0.003452778,-0.001262426,0.16117393970489502,0.087109685,8.387832641601562,4.663907051086426,0.2378496378660202,-0.127828479,3.253946542739868,3.4221301078796387,0,0,0,0,0,0,0,0,0,0,0,0,2.892158031463623,6.9125189781188965,5.556817054748535,0,0,0,0,1444.73,1687,1595.02
6a06841049cba6a72f9763d3,2026-05-15T02:24:10.684Z,22,0,4.7,2026-05-15T02:24:10.684Z,0.460904598,0.4200892448425293,0.6417701244354248,-0.004315853,-0.001262426,0.16117393970489502,0.087530494,8.642944336,3.9410810470581055,0.2378716617822647,-0.12752229,1.725848913192749,1.8430732488632202,0,0,0,0,0,0,0,0,0,0,0,0,8.688295364379883,2.9051220417022705,3.241466522216797,0,0,0,0,1433.8100000000002,1683.01,1589.77
6a06845549cba6a72f976410,2026-05-15T02:25:20.097Z,22,1,4.7,2026-05-15T02:25:20.097Z,0.5848953723907471,0.5839846134185791,0.7553274631500244,-0.004315853,-0.001262426,0.16117393970489502,0.087109685,8.408233642578125,4.344673156738281,0.23792292177677155,-0.127778888,3.2156107425689697,3.3452210426330566,0,0,0,0,0,0,0,0,0,0,0,0,8.505611419677734,7.630064487457275,1.2995209693908691,0,0,0,0,1422.68,1674.61,1586.8999999999999
6a06849a49cba6a72f97644d,2026-05-15T02:26:29.489Z,22,2,4.7,2026-05-15T02:26:29.489Z,0.40959763526916504,0.377821684,0.5686461925506592,-0.004315853,-0.001683235,0.16159474849700928,0.087109685,8.785842895507812,3.955415725708008,0.2378636598587036,-0.127791584,1.9232968091964722,2.0569310188293457,0,0,0,0,0,0,0,0,0,0,0,0,8.799474716186523,3.079986810684204,1.3633167743682861,0,0,0,0,1410.71,1669.99,1583.89
6a0684e049cba6a72f97648a,2026-05-15T02:27:38.613Z,22,3,4.7,2026-05-15T02:27:38.613Z,0.6430432796478271,0.6900849342346191,0.8998546600341797,-0.003452778,-0.001262426,0.16117393970489502,0.087109685,8.214355469,4.860740661621094,0.23784388601779938,-0.127650976,3.545431376,3.721573829650879,0,0,0,0,0,0,0,0,0,0,0,0,2.323538303375244,9.705660820007324,7.815519332885742,0,0,0,0,1405.88,1659.28,1574.37
6a06852549cba6a72f9764c7,2026-05-15T02:28:48.073Z,22,4,4.7,2026-05-15T02:28:48.073Z,0.5848953723907471,0.5934731960296631,0.7905988693237305,-0.003452778,-0.000841618,0.16159474849700928,0.087530494,8.306198120117188,4.521106719970703,0.2378639429807663,-0.127892613,3.4163544178009033,3.598100423812866,0,0,0,0,0,0,0,0,0,0,0,0,6.110586643218994,8.579456329345703,3.4469263553619385,0,0,0,0,1397.97,1649.2,1568.98
6a06856a49cba6a72f976504,2026-05-15T02:29:57.291Z,22,5,4.7,2026-05-15T02:29:57.291Z,0.7165827751159668,0.704749346,0.9385673999786377,-0.003452778,-0.001683235,0.16159474849700928,0.087530494,8.489868164,4.5189008712768555,0.23777490854263306,-0.128014445,3.0735888481140137,3.233184337615967,0,0,0,0,0,0,0,0,0,0,0,0,6.073631286621094,8.666069984436035,6.474480152130127,0,0,0,0,1389.57,1638.77,1560.51
6a0685af49cba6a72f976541,2026-05-15T02:31:06.589Z,22,6,4.7,2026-05-15T02:31:06.589Z,0.3634219169616699,0.3519434928894043,0.5247716903686523,-0.004315853,-0.000841618,0.16159474849700928,0.087530494,8.908294677734375,4.096011161804199,0.23782414197921753,-0.12813884,2.2354378700256348,2.373964786529541,0,0,0,0,0,0,0,0,0,0,0,0,7.492346764,3.7559943199157715,1.7653578519821167,0,0,0,0,1379.9099999999999,1633.73,1556.73
6a0685f549cba6a72f97657e,2026-05-15T02:32:15.855Z,22,7,4.7,2026-05-15T02:32:15.855Z,0.5267481803894043,0.5011744499206543,0.7312395572662354,-0.004315853,-0.001683235,0.16117393970489502,0.086688876,8.285781860351562,4.387126922607422,0.23785439133644104,-0.128347397,2.960463047027588,3.1390597820281982,0,0,0,0,0,0,0,0,0,0,0,0,6.396283149719238,6.580809593200684,3.4320688247680664,0,0,0,0,1370.88,1626.17,1551.83
6a06863a49cba6a72f9765bb,2026-05-15T02:33:25.121Z,22,8,4.7,2026-05-15T02:33:25.121Z,0.6182448863983154,0.6115880012512207,0.7862975597381592,-0.004315853,0,0.16159474849700928,0.087530494,8.581710815429688,4.535442352294922,0.2378200888633728,-0.127588928,3.7667415142059326,3.970946788787842,0,0,0,0,0,0,0,0,0,0,0,0,6.518930435180664,9.748445510864258,2.0227532386779785,0,0,0,0,1362.13,1615.11,1548.12
6a06867f49cba6a72f9765f8,2026-05-15T02:34:34.458Z,22,9,4.7,2026-05-15T02:34:34.458Z,0.7157275676727295,0.7021617889404297,0.933405876,-0.003452778,-0.000841618,0.16201555728912354,0.087109685,8.428649902,4.482511520385742,0.23783579468727112,-0.127761722,3.1383659839630127,3.3419952392578125,0,0,0,0,0,0,0,0,0,0,0,0,7.2451276779174805,8.762523651123047,4.682413101196289,0,0,0,0,1351.98,1604.12,1541.47
6a0686c549cba6a72f976635,2026-05-15T02:35:43.779Z,23,0,3.7,2026-05-15T02:35:43.779Z,0.2744905948638916,0.27689647674560547,0.533374548,-0.004315853,-0.001262426,0.16159474849700928,0.087109685,8.459259033203125,4.393743515014648,0.23789706826210022,-0.128028393,2.3181862831115723,2.4778568744659424,0,0,0,0,0,0,0,0,0,0,0,0,2.9428446292877197,3.421968698501587,4.7456159591674805,0,0,0,0,1347.01,1599.29,1534.68
6a06870a49cba6a72f976672,2026-05-15T02:36:53.152Z,23,1,3.7,2026-05-15T02:36:53.152Z,0.6994802951812744,0.6624817848205566,0.8860900402069092,-0.004315853,-0.001683235,0.16117393970489502,0.087109685,8.122512817382812,4.28953743,0.23778992891311646,-0.128295302,2.6995813846588135,2.8324427604675293,0,0,0,0,0,0,0,0,0,0,0,0,9.677569389343262,6.992137432098389,3.3433055877685547,0,0,0,0,1335.18,1591.52,1529.57
6a06874f49cba6a72f9766af,2026-05-15T02:38:02.359Z,23,2,3.7,2026-05-15T02:38:02.359Z,0.632781982,0.5891599655151367,0.8757667541503906,-0.004315853,-0.001262426,0.16117393970489502,0.087109685,8.602127075195312,3.836322784423828,0.23790161311626434,-0.127845824,0.8486335873603821,1.3269628286361694,0,0,0,0,0,0,0,0,0,0,0,0,8.662976264953613,2.2236032485961914,8.168315887451172,0,0,0,0,1323.7,1588.0900000000001,1519.49
6a06879549cba6a72f9766ec,2026-05-15T02:39:11.724Z,23,3,3.7,2026-05-15T02:39:11.724Z,0.54556036,0.5624191761016846,0.8189880847930908,-0.004315853,-0.001262426,0.16117393970489502,0.087109685,8.816467285,4.606015205383301,0.23782673478126526,-0.128049433,2.7913949489593506,2.929502010345459,0,0,0,0,0,0,0,0,0,0,0,0,2.8074965476989746,6.457064628601074,8.275205612182617,0,0,0,0,1318.5900000000001,1580.88,1508.5
6a0687da49cba6a72f976729,2026-05-15T02:40:20.992Z,23,4,3.7,2026-05-15T02:40:20.992Z,0.5968673229217529,0.5822594165802002,0.8490979671478271,-0.004315853,-0.000841618,0.16159474849700928,0.086688876,8.051086426,4.298358917236328,0.2378016710281372,-0.128311992,2.1739542484283447,2.305027723312378,0,0,0,0,0,0,0,0,0,0,0,0,5.530537128448486,4.976013184,7.999756813049316,0,0,0,0,1311.3100000000002,1574.79,1498
6a06882049cba6a72f976766,2026-05-15T02:41:30.449Z,23,5,3.7,2026-05-15T02:41:30.449Z,0.49596405029296875,0.4882352352142334,0.6985487937927246,-0.003452778,-0.001683235,0.15991151332855225,0.086688876,8.091903686523438,4.374445915222168,0.23784705996513367,-0.12834841,2.7734408378601074,2.932290554046631,0,0,0,0,0,0,0,0,0,0,0,0,6.141618251800537,5.901434898376465,3.836759567260742,0,0,0,0,1302.98,1567.93,1491.77
6a06886549cba6a72f9767a3,2026-05-15T02:42:39.920Z,23,6,3.7,2026-05-15T02:42:39.920Z,0.34546470642089844,0.3424549102783203,0.5643448829650879,-0.004315853,-0.000841618,0.16117393970489502,0.087109685,8.561294555664062,4.513387680053711,0.23782147467136383,-0.128474116,3.4378724098205566,3.605905771255493,0,0,0,0,0,0,0,0,0,0,0,0,4.3235578536987305,6.275303840637207,2.042050361633301,0,0,0,0,1296.33,1560.23,1487.92
6a0688aa49cba6a72f9767e0,2026-05-15T02:43:49.165Z,23,7,3.7,2026-05-15T02:43:49.165Z,0.4891231060028076,0.46494460105895996,0.6684389114379883,-0.003452778,-0.001262426,0.16117393970489502,0.087109685,8.367416381835938,4.071201324462891,0.2378467172384262,-0.128406525,1.6890429258346558,1.8133453130722046,0,0,0,0,0,0,0,0,0,0,0,0,6.164487838745117,2.9844560623168945,6.431009769439697,0,0,0,0,1288.07,1556.3100000000002,1479.73
6a0688f049cba6a72f97681d,2026-05-15T02:44:58.557Z,23,8,3.7,2026-05-15T02:44:58.557Z,0.824326754,0.8048117160797119,1.0641686916351318,-0.004315853,-0.001262426,0.15991151332855225,0.087530494,8.571502685546875,4.304424285888672,0.23785200715065002,-0.128324568,2.396221638,2.530493974685669,0,0,0,0,0,0,0,0,0,0,0,0,8.493165969848633,6.94152832,7.845483303070068,0,0,0,0,1277.08,1548.3999999999999,1469.51
6a06893549cba6a72f97685a,2026-05-15T02:46:08.099Z,23,9,3.7,2026-05-15T02:46:08.099Z,0.24370646476745605,0.23290371894836426,0.45680952072143555,-0.004315853,-0.002104163,0.16075313091278076,0.086688876,8.367416381835938,3.811511993408203,0.23783628642559052,-0.128232598,1.3761332035064697,1.4719351530075073,0,0,0,0,0,0,0,0,0,0,0,0,5.5938873291015625,1.4550745487213135,2.823066234588623,0,0,0,0,1268.89,1546.02,1464.3999999999999
6a06897a49cba6a72f976897,2026-05-15T02:47:17.102Z,24,0,5.7,2026-05-15T02:47:17.102Z,0.43354105949401855,0.4166388511657715,0.5858519077301025,-0.004315853,-0.001683235,0.15991151332855225,0.087109685,8.449050903320312,4.236056327819824,0.23789238929748535,-0.128280818,2.900179386138916,3.028963804244995,0,0,0,0,0,0,0,0,0,0,0,0,7.436508655548096,5.615385532,1.1237330436706543,0,0,0,0,1259.3,1539.93,1461.67
6a0689bf49cba6a72f9768d4,2026-05-15T02:48:26.367Z,24,1,5.7,2026-05-15T02:48:26.367Z,0.14023804664611816,0.15526890754699707,0.3854062557220459,-0.004315853,-0.002524972,0.16201555728912354,0.087109685,8.561294555664062,4.449981689453125,0.2378023862838745,-0.128329396,2.465237617492676,2.6218974590301514,0,0,0,0,0,0,0,0,0,0,0,0,1.325212001800537,2.6286914348602295,3.255624532699585,0,0,0,0,1255.5900000000001,1536.22,1456.9099999999999
6a068a0449cba6a72f976911,2026-05-15T02:49:35.624Z,24,2,5.7,2026-05-15T02:49:35.624Z,0.35230565071105957,0.33210325241088867,0.547999382,-0.004315853,-0.002104163,0.16117393970489502,0.087109685,8.704162598,4.208487510681152,0.23781822621822357,-0.12864548,2.3490805625915527,2.4798145294189453,0,0,0,0,0,0,0,0,0,0,0,0,5.642521858215332,3.903379201889038,3.199735164642334,0,0,0,0,1248.38,1531.67,1452.08
6a068a4a49cba6a72f97694e,2026-05-15T02:50:44.822Z,24,3,5.7,2026-05-15T02:50:44.822Z,0.3642771244049072,0.32002687454223633,0.5574626922607422,-0.004315853,-0.001262426,0.16117393970489502,0.086688876,8.173538208007812,3.5716724395751953,0.2378527969121933,-0.128664553,0.611023486,0.690096378,0,0,0,0,0,0,0,0,0,0,0,0,8.242074012756348,1.0579453706741333,3.234221935272217,0,0,0,0,1237.53,1530.13,1446.97
6a068a8f49cba6a72f97698b,2026-05-15T02:51:53.934Z,24,4,5.7,2026-05-15T02:51:53.934Z,0.5823304653167725,0.5934731960296631,0.7613492012023926,-0.004315853,-0.001262426,0.15991151332855225,0.086688876,8.163330078,4.547571182250977,0.23780527710914612,-0.128558874,3.753270387649536,3.896909713745117,0,0,0,0,0,0,0,0,0,0,0,0,5.934800624847412,9.499221801757812,2.5443897247314453,0,0,0,0,1228.99,1519.77,1442.63
6a068ad449cba6a72f9769c8,2026-05-15T02:53:03.178Z,24,5,5.7,2026-05-15T02:53:03.178Z,0.5575320720672607,0.5339534282684326,0.7536070346832275,-0.004315853,-0.001683235,0.15991151332855225,0.086688876,8.204147338867188,4.1583147048950195,0.23780277371406555,-0.128904819,2.344815969467163,2.495480537414551,0,0,0,0,0,0,0,0,0,0,0,0,9.270822525024414,5.100248814,2.6723670959472656,0,0,0,0,1217.58,1513.33,1438.43
6a068b1949cba6a72f976a05,2026-05-15T02:54:12.516Z,24,6,5.7,2026-05-15T02:54:12.516Z,0.7892670631408691,0.8194761276245117,1.0615880489349365,-0.004315853,-0.001683235,0.16117393970489502,0.087109685,8.428649902,4.581203460693359,0.2378065139055252,-0.128784776,3.1149842739105225,3.295469284057617,0,0,0,0,0,0,0,0,0,0,0,0,5.1094489097595215,9.533855438232422,8.330850601196289,0,0,0,0,1209.88,1502.4099999999999,1428.07
6a068b5f49cba6a72f976a42,2026-05-15T02:55:21.801Z,24,7,5.7,2026-05-15T02:55:21.801Z,0.6481738090515137,0.6590311527252197,0.8585612773895264,-0.003452778,-0.001683235,0.15991151332855225,0.087530494,8.408233642578125,4.566317558288574,0.2378283441066742,-0.128939271,3.498568534851074,3.6815855503082275,0,0,0,0,0,0,0,0,0,0,0,0,5.938283920288086,9.368917465209961,4.036321163,0,0,0,0,1201.6899999999998,1491.21,1421.7
6a0728521e6661a6e224bc6d,2026-05-15T14:04:58.822Z,1,0,4.7,2026-05-15T14:04:58.822Z,0.8610963821411133,0.8660571575164795,1.1209471225738525,-0.010357857,0.00336647,0.16411972045898438,0.089634538,8.693954467773438,4.590025901794434,0.23859672248363495,-0.124456704,2.91184926,3.044935703277588,0,0,0,0,0,0,0,0,0,0,0,0,6.806622505187988,8.811262130737305,8.319262504577637,0,0,0,0,3161.48,3233.2999999999997,3232.1800000000003
6a0728971e6661a6e224bcaa,2026-05-15T14:06:10.391Z,1,1,4.7,2026-05-15T14:06:10.391Z,0.9602890014648438,0.9376533031463623,1.1467556953430176,-0.008631468,0.002524853,0.16454052925109863,0.089213729,8.438842773,4.476998329162598,0.23851381242275238,-0.124708474,2.910767078399658,3.0316832065582275,0,0,0,0,0,0,0,0,0,0,0,0,9.500473022460938,9.224074363708496,6.466681480407715,0,0,0,0,3148.81,3221.8199999999997,3222.73
6a0728dc1e6661a6e224bce7,2026-05-15T14:07:19.320Z,1,2,4.7,2026-05-15T14:07:19.320Z,0.7713098526000977,0.8065366744995117,1.068469762802124,-0.006905079,0.002524853,0.16411972045898438,0.090055346,8.775650024414062,4.751021385192871,0.23850205540657043,-0.124837518,3.0960683822631836,3.2428083419799805,0,0,0,0,0,0,0,0,0,0,0,0,3.600916624069214,9.070778846740723,9.918367385864258,0,0,0,0,3143,3211.1800000000003,3210.6200000000003
6a0729211e6661a6e224bd24,2026-05-15T14:08:28.549Z,1,3,4.7,2026-05-15T14:08:28.549Z,0.3796689510345459,0.3726460933685303,0.5961751937866211,-0.007768393,0.00336647,0.16411972045898438,0.089634538,8.255172729492188,4.450532913208008,0.23852413892745972,-0.12349534,2.6951239109039307,2.8290295600891113,0,0,0,0,0,0,0,0,0,0,0,0,4.582649230957031,4.734006881713867,3.9550681114196777,0,0,0,0,3136.42,3204.6,3203.83
6a0729671e6661a6e224bd61,2026-05-15T14:09:37.504Z,1,4,4.7,2026-05-15T14:09:37.504Z,0.3112602233886719,0.29414892196655273,0.5695064067840576,-0.009494543,0.00336647,0.16411972045898438,0.089634538,8.469467163085938,4.222823143005371,0.23852328956127167,-0.120599926,1.5631091594696045,1.6753298044204712,0,0,0,0,0,0,0,0,0,0,0,0,2.744865894317627,1.9988795518875122,6.732306480407715,0,0,0,0,3131.8700000000003,3202.01,3195.01
6a0729ac1e6661a6e224bd9e,2026-05-15T14:10:46.950Z,1,5,4.7,2026-05-15T14:10:46.950Z,0.4472229480743408,0.4752962589263916,0.7019901275634766,-0.007768393,0.002104044,0.16411972045898438,0.090055346,8.867477416992188,4.911465644836426,0.2384825348854065,-0.119640052,3.807662010192871,3.9594273567199707,0,0,0,0,0,0,0,0,0,0,0,0,1.6155085563659668,8.241170883178711,5.436645030975342,0,0,0,0,3128.58,3192.6299999999997,3187.1
6a0729f11e6661a6e224bddb,2026-05-15T14:11:56.388Z,1,6,4.7,2026-05-15T14:11:56.388Z,0.5720689296722412,0.56500721,0.7759742736816406,-0.007768393,0.002104044,0.16411972045898438,0.090055346,8.979736328,4.478652000427246,0.2384892851114273,-0.124765992,3.115157366,3.2774178981781006,0,0,0,0,0,0,0,0,0,0,0,0,6.439124584197998,7.306734561920166,3.8204150199890137,0,0,0,0,3120.39,3183.67,3181.29
6a072a371e6661a6e224be18,2026-05-15T14:13:05.689Z,1,7,4.7,2026-05-15T14:13:05.689Z,0.6866536140441895,0.6633443832397461,0.9179203510284424,-0.010357857,0.002524853,0.16411972045898438,0.090055346,8.571502685546875,4.487473487854004,0.23855535686016083,-0.123211622,2.8625705242156982,3.004413604736328,0,0,0,0,0,0,0,0,0,0,0,0,6.1704301834106445,7.531016826629639,6.758983612060547,0,0,0,0,3111.92,3174.71,3172.33
6a072a7c1e6661a6e224be55,2026-05-15T14:14:15.034Z,1,8,4.7,2026-05-15T14:14:15.034Z,0.4626147747039795,0.43561601638793945,0.6572551727294922,-0.009494543,0.002524853,0.16411972045898438,0.089213729,8.204147338867188,3.9642372131347656,0.2385386973619461,-0.123882949,1.7250866889953613,1.8325424194335938,0,0,0,0,0,0,0,0,0,0,0,0,8.903451919555664,2.8766870498657227,2.966334819793701,0,0,0,0,3100.51,3170.72,3167.22
6a072ac11e6661a6e224be92,2026-05-15T14:15:24.262Z,1,9,4.7,2026-05-15T14:15:24.262Z,0.7507870197296143,0.7590937614440918,1.0194339752197266,-0.009494543,0.00336647,0.16411972045898438,0.090055346,8.306198120117188,4.604912757873535,0.23851215839385986,-0.124606311,3.112999916,3.2570037841796875,0,0,0,0,0,0,0,0,0,0,0,0,4.881731033325195,8.808689117,7.916126251220703,0,0,0,0,3093.3700000000003,3160.78,3157.21
6a072b071e6661a6e224becf,2026-05-15T14:16:33.579Z,2,0,3.7,2026-05-15T14:16:33.579Z,0.4044671058654785,0.4545936584472656,0.6581153869628906,-0.007768393,0.003787279,0.16411972045898438,0.090055346,8.928710938,4.849714279174805,0.2385473996400833,-0.124071538,3.886186122894287,4.065485954284668,0,0,0,0,0,0,0,0,0,0,0,0,1.697927713394165,7.753262042999268,4.338599205,0,0,0,0,3089.8700000000003,3151.4,3150.6299999999997
6a072b4c1e6661a6e224bf0c,2026-05-15T14:17:43.312Z,2,1,3.7,2026-05-15T14:17:43.312Z,0.5532565116882324,0.515838623,0.7931795120239258,-0.008631468,0.003787279,0.16411972045898438,0.090476155,8.010269165039062,4.266931533813477,0.2385343760251999,-0.124654174,2.5625741481781006,2.7280893325805664,0,0,0,0,0,0,0,0,0,0,0,0,7.754995822906494,5.489269733428955,3.4713847637176514,0,0,0,0,3080.42,3144.4,3145.1
6a072b911e6661a6e224bf49,2026-05-15T14:18:52.402Z,2,2,3.7,2026-05-15T14:18:52.402Z,0.6379125118255615,0.6115880012512207,0.8232898712158203,-0.007768393,0.003787279,0.16411972045898438,0.090476155,8.561294555664062,4.228336334228516,0.2385389506816864,-0.123288214,2.7377755641937256,2.8672876358032227,0,0,0,0,0,0,0,0,0,0,0,0,9.879872322,6.483182430267334,2.012573003768921,0,0,0,0,3067.6800000000003,3136.6299999999997,3141.39
6a072bd71e6661a6e224bf86,2026-05-15T14:20:01.529Z,2,3,3.7,2026-05-15T14:20:01.529Z,0.28646183013916016,0.30104947090148926,0.5239114761352539,-0.006905079,0.00336647,0.16411972045898438,0.090055346,8.336807250976562,4.639097213745117,0.23845729231834412,-0.124542475,2.7267303466796875,2.893167018890381,0,0,0,0,0,0,0,0,0,0,0,0,1.3972582817077637,4.041726112365723,5.182224273681641,0,0,0,0,3063.6200000000003,3131.3799999999997,3134.6
6a072c1c1e6661a6e224bfc3,2026-05-15T14:21:11.090Z,2,4,3.7,2026-05-15T14:21:11.090Z,0.6139693260192871,0.5624191761016846,0.8086650371551514,-0.007768393,0.00336647,0.16411972045898438,0.089634538,8.806259155273438,4.105383873,0.23848745226860046,-0.115191758,2.0568199157714844,2.1859993934631348,0,0,0,0,0,0,0,0,0,0,0,0,8.970609664916992,4.394445896148682,4.573795795440674,0,0,0,0,3052.77,3126.2000000000003,3127.8799999999997
6a072c611e6661a6e224c000,2026-05-15T14:22:20.335Z,2,5,3.7,2026-05-15T14:22:20.335Z,0.5968673229217529,0.5762209892272949,0.8146867752075195,-0.005178928,0.00336647,0.16411972045898438,0.089634538,8.183731079101562,4.1638288497924805,0.23853731155395508,-0.122946918,2.237241506576538,2.3371496200561523,0,0,0,0,0,0,0,0,0,0,0,0,8.866909027,4.892608642578125,4.179888725280762,0,0,0,0,3040.7999999999997,3120.3199999999997,3121.72
6a072ca71e6661a6e224c03d,2026-05-15T14:23:29.694Z,2,6,3.7,2026-05-15T14:23:29.694Z,0.6781027317047119,0.6693825721740723,0.8929727077484131,-0.007768393,0.004208088,0.16454052925109863,0.089634538,8.734771728515625,4.427376747131348,0.23854029178619385,-0.124620676,2.9885497093200684,3.1385598182678223,0,0,0,0,0,0,0,0,0,0,0,0,6.3282060623168945,7.796362400054932,5.745508670806885,0,0,0,0,3031.91,3111.29,3113.81
6a072cec1e6661a6e224c07a,2026-05-15T14:24:39.252Z,2,7,3.7,2026-05-15T14:24:39.252Z,0.45406389236450195,0.44855546951293945,0.7415628433227539,-0.008631468,0.004208088,0.16411972045898438,0.090896964,8.785842895507812,4.029297828674316,0.23843735456466675,-0.124049127,1.3736841678619385,1.473213553,0,0,0,0,0,0,0,0,0,0,0,0,4.422439098358154,2.106147289276123,8.315520286560059,0,0,0,0,3025.33,3107.79,3103.31
6a072d321e6661a6e224c0b7,2026-05-15T14:25:48.843Z,2,8,3.7,2026-05-15T14:25:48.843Z,0.32408690452575684,0.3001868724822998,0.5677859783172607,-0.007768393,0.00336647,0.16411972045898438,0.090476155,8.459259033203125,4.021027565002441,0.23851710557937622,-0.122051299,1.897057294845581,1.9876176118850708,0,0,0,0,0,0,0,0,0,0,0,0,6.0789289474487305,2.663907766342163,2.7577035427093506,0,0,0,0,3017.21,3104.78,3097.92
6a072d771e6661a6e224c0f4,2026-05-15T14:26:58.153Z,2,9,3.7,2026-05-15T14:26:58.153Z,0.16247081756591797,0.16820812225341797,0.38626646995544434,-0.008631468,0.00336647,0.16454052925109863,0.090055346,7.918426513671875,4.488024711608887,0.23850901424884796,-0.121536851,3.2839102745056152,3.3969030380249023,0,0,0,0,0,0,0,0,0,0,0,0,2.539710283279419,3.9728803634643555,1.4283571243286133,0,0,0,0,3012.52,3100.02,3094.77
6a072dbd1e6661a6e224c131,2026-05-15T14:28:07.559Z,3,0,5.7,2026-05-15T14:28:07.559Z,0.6011426448822021,0.5822594165802002,0.8688845634460449,-0.010357857,0.002104044,0.16411972045898438,0.090055346,8.520477294921875,4.270791053771973,0.23851421475410461,-0.124846756,1.9848999977111816,2.1209921836853027,0,0,0,0,0,0,0,0,0,0,0,0,5.4267048835754395,4.308531284332275,8.620052337646484,0,0,0,0,3005.03,3094.7000000000003,3083.99
6a072e021e6661a6e224c16e,2026-05-15T14:29:17.166Z,3,1,5.7,2026-05-15T14:29:17.166Z,0.32494211196899414,0.33469104766845703,0.7639303207397461,-0.007768393,0.003787279,0.16411972045898438,0.090476155,8.602127075195312,4.531031608581543,0.2384965419769287,-0.123575747,1.9947326183319092,2.0785598754882812,0,0,0,0,0,0,0,0,0,0,0,0,1.1787769794464111,3.0548226833343506,8.403562545776367,0,0,0,0,3002.09,3090.99,3073.21
6a072e471e6661a6e224c1ab,2026-05-15T14:30:26.351Z,3,2,5.7,2026-05-15T14:30:26.351Z,0.17444229125976562,0.1768343448638916,0.3940091133117676,-0.009494543,0.00336647,0.16411972045898438,0.090476155,8.102096557617188,4.284023284912109,0.23846082389354706,-0.124541938,1.8616106510162354,1.961516023,0,0,0,0,0,0,0,0,0,0,0,0,1.6203303337097168,1.8328001499176025,4.125810623168945,0,0,0,0,2999.08,3088.61,3066.7000000000003
6a072e8d1e6661a6e224c1e8,2026-05-15T14:31:35.571Z,3,3,5.7,2026-05-15T14:31:35.571Z,0.5404298305511475,0.536541224,0.7407026290893555,-0.007768393,0.004208088,0.16411972045898438,0.090476155,8.642944336,4.803400993347168,0.2384956181049347,-0.124423623,4.1515302658081055,4.307106971740723,0,0,0,0,0,0,0,0,0,0,0,0,2.8193869590759277,9.624616622924805,3.661492109298706,0,0,0,0,2994.67,3078.1800000000003,3061.03
6a072ed21e6661a6e224c225,2026-05-15T14:32:44.884Z,3,4,5.7,2026-05-15T14:32:44.884Z,0.6943497657775879,0.695260763,0.9394276142120361,-0.008631468,0.002104044,0.16411972045898438,0.090476155,8.622528076171875,4.342467308044434,0.23850326240062714,-0.124940336,2.2929277420043945,2.438537359237671,0,0,0,0,0,0,0,0,0,0,0,0,5.831935882568359,5.649240970611572,8.664951324,0,0,0,0,2986.9,3070.97,3050.1800000000003
6a072f171e6661a6e224c262,2026-05-15T14:33:54.158Z,3,5,5.7,2026-05-15T14:33:54.158Z,0.7867019176483154,0.7789332866668701,0.9798610210418701,-0.010357857,0.003787279,0.16411972045898438,0.090055346,8.22454834,4.501809120178223,0.23852217197418213,-0.119283438,3.3448524475097656,3.5067667961120605,0,0,0,0,0,0,0,0,0,0,0,0,7.247759819030762,9.566330909729004,4.482069492340088,0,0,0,0,2977.1,3059.6299999999997,3043.11
6a072f5c1e6661a6e224c29f,2026-05-15T14:35:03.595Z,3,6,5.7,2026-05-15T14:35:03.595Z,0.574634314,0.5908854007720947,0.8473775386810303,-0.010357857,0.00336647,0.16411972045898438,0.090055346,8.112304688,4.822146415710449,0.2384950965642929,-0.122029126,3.3151943683624268,3.4851601123809814,0,0,0,0,0,0,0,0,0,0,0,0,2.148528814315796,7.952028274536133,7.444545745849609,0,0,0,0,2973.11,3050.1800000000003,3033.73
6a072fa21e6661a6e224c2dc,2026-05-15T14:36:12.734Z,3,7,5.7,2026-05-15T14:36:12.734Z,0.30955004692077637,0.29759931564331055,0.5299334526062012,-0.009494543,0.00336647,0.16411972045898438,0.089634538,8.489868164,3.836322784423828,0.2384548783302307,-0.122228324,1.2941761016845703,1,0,0,0,0,0,0,0,0,0,0,0,0,5.442472935,1.5007658004760742,4.294166564941406,0,0,0,0,2965.69,3047.3799999999997,3026.8700000000003
6a072fe71e6661a6e224c319,2026-05-15T14:37:22.132Z,3,8,5.7,2026-05-15T14:37:22.132Z,0.6857986450195312,0.6667947769165039,0.8482377529144287,-0.011220932,0.003787279,0.16411972045898438,0.090055346,8.796051025390625,4.360661506652832,0.2385360598564148,-0.122772098,3.4307899475097656,3.5697391033172607,0,0,0,0,0,0,0,0,0,0,0,0,8.813997268676758,8.920549392700195,1.3766767978668213,0,0,0,0,2954.49,3037.72,3023.72
6a07302c1e6661a6e224c356,2026-05-15T14:38:31.723Z,3,9,5.7,2026-05-15T14:38:31.723Z,0.5293135643005371,0.5210142135620117,0.7888782024383545,-0.011220932,0.003787279,0.16411972045898438,0.090476155,8.836868286132812,4.033156394958496,0.23856820166110992,-0.123773992,1.5292376279830933,1.635486364364624,0,0,0,0,0,0,0,0,0,0,0,0,5.447958946228027,2.7178542613983154,8.453203201293945,0,0,0,0,2946.72,3033.7999999999997,3013.29
6a0730721e6661a6e224c393,2026-05-15T14:39:40.775Z,4,0,4.8,2026-05-15T14:39:40.775Z,0.2924478054046631,0.2915608882904053,0.5118675231933594,-0.011220932,0.00336647,0.16327810287475586,0.090055346,7.9592437744140625,4.193600654602051,0.23852233588695526,-0.123858571,2.2707815170288086,2.391068935394287,0,0,0,0,0,0,0,0,0,0,0,0,4.766426086425781,3.2296535968780518,2.807291269302368,0,0,0,0,2939.9300000000003,3030.02,3008.11
6a0730b71e6661a6e224c3d0,2026-05-15T14:40:50.192Z,4,1,4.8,2026-05-15T14:40:50.192Z,0.24370646476745605,0.2518808841705322,0.48605918884277344,-0.009494543,0.003787279,0.16411972045898438,0.090055346,8.295989990234375,4.199114799499512,0.23849141597747803,-0.124492824,1.9878400564193726,2.0894570350646973,0,0,0,0,0,0,0,0,0,0,0,0,3.176997661590576,2.4815304279327393,4.197095871,0,0,0,0,2934.8199999999997,3026.8700000000003,3002.23
6a0730fc1e6661a6e224c40d,2026-05-15T14:41:59.381Z,4,2,4.8,2026-05-15T14:41:59.381Z,0.43439602851867676,0.45200562477111816,0.6271452903747559,-0.009494543,0.003787279,0.16411972045898438,0.090476155,8.510284423828125,4.731724739074707,0.23849599063396454,-0.125276804,4.339327812194824,4.512160301208496,0,0,0,0,0,0,0,0,0,0,0,0,3.037663698196411,8.903866768,1.8860962390899658,0,0,0,0,2929.78,3016.9300000000003,2998.3799999999997
6a0731421e6661a6e224c44a,2026-05-15T14:43:08.713Z,4,3,4.8,2026-05-15T14:43:08.713Z,0.6515944004058838,0.6391913890838623,0.8654437065124512,-0.010357857,0.00336647,0.16411972045898438,0.090476155,7.8571929931640625,4.5117340087890625,0.23849232494831085,-0.125679672,3.5044949054718018,3.6887717247009277,0,0,0,0,0,0,0,0,0,0,0,0,7.126208782196045,9.004087448120117,2.5011942386627197,0,0,0,0,2920.6800000000003,3006.08,2994.1800000000003
6a0731871e6661a6e224c487,2026-05-15T14:44:18.037Z,4,4,4.8,2026-05-15T14:44:18.037Z,0.5087907314300537,0.4899604320526123,0.715754509,-0.007768393,0.004208088,0.16411972045898438,0.090055346,8.561294555664062,4.242671966552734,0.23853501677513123,-0.1249789,2.514431953430176,2.6694984436035156,0,0,0,0,0,0,0,0,0,0,0,0,6.856061935424805,5.080866813659668,3.7324275970458984,0,0,0,0,2911.3700000000003,2999.5699999999997,2988.72
6a0731cc1e6661a6e224c4c4,2026-05-15T14:45:27.537Z,4,5,4.8,2026-05-15T14:45:27.537Z,0.37282824516296387,0.3993868827819824,0.6426305770874023,-0.009494543,0.004208088,0.16411972045898438,0.090055346,8.887893676757812,4.374997138977051,0.238580585,-0.122888803,2.29539156,2.4252407550811768,0,0,0,0,0,0,0,0,0,0,0,0,3.283672332763672,3.9763143062591553,6.311349868774414,0,0,0,0,2906.1200000000003,2994.81,2980.53
6a0732121e6661a6e224c501,2026-05-15T14:46:36.715Z,4,6,4.8,2026-05-15T14:46:36.715Z,0.22403883934020996,0.2518808841705322,0.46627259254455566,-0.008631468,0.002524853,0.16411972045898438,0.090476155,8.204147338867188,4.644610404968262,0.2385372817516327,-0.12314415,2.823460102081299,2.9526288509368896,0,0,0,0,0,0,0,0,0,0,0,0,1.2884308099746704,3.8422000408172607,4.389239311218262,0,0,0,0,2903.11,2990.1200000000003,2973.8799999999997
6a0732571e6661a6e224c53e,2026-05-15T14:47:46.364Z,4,7,4.8,2026-05-15T14:47:46.364Z,0.5190520286560059,0.5658698081970215,0.8456568717956543,-0.007768393,0.003787279,0.16411972045898438,0.089634538,8.367416381835938,4.7251081466674805,0.23851250112056732,-0.122910798,3.1888580322265625,3.3506758213043213,0,0,0,0,0,0,0,0,0,0,0,0,2.728194475,7.657481670379639,7.325005054473877,0,0,0,0,2898.98,2981.3700000000003,2964.5
6a07329d1e6661a6e224c57b,2026-05-15T14:48:55.539Z,4,8,4.8,2026-05-15T14:48:55.539Z,0.6456084251403809,0.6460921764373779,0.9196414947509766,-0.010357857,0.002524853,0.16454052925109863,0.089634538,8.377624512,4.269688606262207,0.23847214877605438,-0.123017013,2.4043500423431396,2.545652389526367,0,0,0,0,0,0,0,0,0,0,0,0,7.048504829406738,5.8176984786987305,6.527527332305908,0,0,0,0,2889.81,2974.02,2955.33
6a0732e21e6661a6e224c5b8,2026-05-15T14:50:04.940Z,4,9,4.8,2026-05-15T14:50:04.940Z,0.16161584854125977,0.1328413486480713,0.35013437271118164,-0.008631468,0.003787279,0.16411972045898438,0.090476155,8.449050903320312,4.040876388549805,0.23849192261695862,-0.122796297,1.6874668598175049,1.8173006772994995,0,0,0,0,0,0,0,0,0,0,0,0,2.6273996829986572,1.4040940999984741,2.302107810974121,0,0,0,0,2885.19,2971.99,2950.92
6a0733271e6661a6e224c5f5,2026-05-15T14:51:14.274Z,5,0,4.6,2026-05-15T14:51:14.274Z,0.4651801586151123,0.4701204299926758,0.7303791046142578,-0.009494543,0.003787279,0.16411972045898438,0.090055346,8.887893676757812,4.1417741775512695,0.2384980469942093,-0.122796893,1.7113555669784546,1.7967579364776611,0,0,0,0,0,0,0,0,0,0,0,0,4.202544689178467,2.8861937522888184,7.846616744995117,0,0,0,0,2879.17,2968.6299999999997,2941.1200000000003
6a07336c1e6661a6e224c632,2026-05-15T14:52:23.531Z,5,1,4.6,2026-05-15T14:52:23.531Z,0.444657564,0.4459676742553711,0.702850342,-0.008631468,0.004208088,0.16411972045898438,0.089634538,8.193939208984375,4.682102203369141,0.23852266371250153,-0.122943997,2.7979352474212646,2.937293767929077,0,0,0,0,0,0,0,0,0,0,0,0,1.8284860849380493,5.523552894592285,7.372217178344727,0,0,0,0,2875.67,2962.4,2931.3199999999997
6a0733b21e6661a6e224c66f,2026-05-15T14:53:32.711Z,5,2,4.6,2026-05-15T14:53:32.711Z,0.684943438,0.7107877731323242,0.9402878284454346,-0.009494543,0.003787279,0.16411972045898438,0.090055346,7.7245330810546875,4.6920270919799805,0.23848173022270203,-0.118990362,3.000473976135254,3.1453616619110107,0,0,0,0,0,0,0,0,0,0,0,0,3.446929931640625,7.842312812805176,8.573019027709961,0,0,0,0,2870.6299999999997,2953.2999999999997,2920.33
6a0733f71e6661a6e224c6ac,2026-05-15T14:54:42.248Z,5,3,4.6,2026-05-15T14:54:42.248Z,0.4420921802520752,0.49427342414855957,0.7097325325012207,-0.009494543,0.00336647,0.16411972045898438,0.090476155,8.489868164,4.6203508377075195,0.2384665310382843,-0.121032536,3.3921828269958496,3.579510212,0,0,0,0,0,0,0,0,0,0,0,0,3.567058563232422,7.129104137420654,4.280459403991699,0,0,0,0,2865.03,2944.27,2913.33
6a07343c1e6661a6e224c6e9,2026-05-15T14:55:51.523Z,5,4,4.6,2026-05-15T14:55:51.523Z,0.4275553226470947,0.43906664848327637,0.7019901275634766,-0.009494543,0.003787279,0.16411972045898438,0.090055346,8.428649902,4.006140709,0.23846764862537384,-0.121091127,1.271028757095337,0.9674010872840881,0,0,0,0,0,0,0,0,0,0,0,0,3.8521130084991455,1.8646669387817383,8.916324615478516,0,0,0,0,2859.5,2941.6800000000003,2902.41
6a0734821e6661a6e224c726,2026-05-15T14:57:00.782Z,5,5,4.6,2026-05-15T14:57:00.782Z,0.1068887710571289,0.10351276397705078,0.33464956283569336,-0.009494543,0.00336647,0.16327810287475586,0.090055346,8.602127075195312,4.410284042358398,0.23849183320999146,-0.121107399,3.010734796524048,3.1114323139190674,0,0,0,0,0,0,0,0,0,0,0,0,1.7270288467407227,2.7997612953186035,1.2347458600997925,0,0,0,0,2856,2938.53,2898.77
6a0734c71e6661a6e224c763,2026-05-15T14:58:10.081Z,5,6,4.6,2026-05-15T14:58:10.081Z,0.5635178089141846,0.6357409954071045,0.8241500854492188,-0.008631468,0.00336647,0.16411972045898438,0.090055346,8.295989990234375,4.8668060302734375,0.2385360598564148,-0.12135005,3.6890711784362793,3.867337942123413,0,0,0,0,0,0,0,0,0,0,0,0,1.9830725193023682,9.066776275634766,6.500990867614746,0,0,0,0,2852.5,2928.31,2890.51
6a07350d1e6661a6e224c7a0,2026-05-15T14:59:19.610Z,5,7,4.6,2026-05-15T14:59:19.610Z,0.2779107093811035,0.3226149082183838,0.5024044513702393,-0.008631468,0.002104044,0.16454052925109863,0.090476155,8.602127075195312,4.8657026290893555,0.2385418862104416,-0.121696055,4.666410446166992,4.875154495239258,0,0,0,0,0,0,0,0,0,0,0,0,1.9595544338226318,8.051691055297852,1.059751272201538,0,0,0,0,2849.0699999999997,2918.51,2887.4300000000003
6a0735521e6661a6e224c7dd,2026-05-15T15:00:29.014Z,5,8,4.6,2026-05-15T15:00:29.014Z,0.5276033878326416,0.4804718494415283,0.686504602,-0.009494543,0.003787279,0.16411972045898438,0.090476155,8.714370727539062,4.027643203735352,0.23850953578948975,-0.121754289,2.1244397163391113,2.2811195850372314,0,0,0,0,0,0,0,0,0,0,0,0,9.566641807556152,4.123875617980957,2.0721607208251953,0,0,0,0,2837.31,2913.1200000000003,2883.9300000000003
6a0735971e6661a6e224c81a,2026-05-15T15:01:38.148Z,5,9,4.6,2026-05-15T15:01:38.148Z,0.7131621837615967,0.685772181,0.8809287548065186,-0.008631468,0.003787279,0.16411972045898438,0.090476155,8.826660156,4.212347984313965,0.23847174644470215,-0.121889651,2.6093475818634033,2.744513988494873,0,0,0,0,0,0,0,0,0,0,0,0,9.634102821350098,6.711663722991943,3.916694402694702,0,0,0,0,2824.71,2905.42,2878.33
6a0735dc1e6661a6e224c857,2026-05-15T15:02:47.563Z,6,0,4.5,2026-05-15T15:02:47.563Z,0.8157753944396973,0.7634067535400391,1.0323383808135986,-0.008631468,0.00336647,0.16411972045898438,0.090476155,8.806259155273438,4.104281425476074,0.23850692808628082,-0.121477842,1.9589731693267822,2.0923216342926025,0,0,0,0,0,0,0,0,0,0,0,0,9.443244934082031,4.972620010375977,7.503407955169678,0,0,0,0,2812.3199999999997,2899.19,2868.81
6a0736221e6661a6e224c894,2026-05-15T15:03:56.809Z,6,1,4.5,2026-05-15T15:03:56.809Z,0.3813791275024414,0.41922688484191895,0.6013367176055908,-0.009494543,0.004208088,0.16411972045898438,0.090476155,8.336807250976562,4.789065361022949,0.23849742114543915,-0.122151971,4.481417179107666,4.649859905,0,0,0,0,0,0,0,0,0,0,0,0,2.675597906112671,8.973150253295898,1.6796602010726929,0,0,0,0,2807,2888.83,2864.6800000000003
6a0736671e6661a6e224c8d1,2026-05-15T15:05:06.042Z,6,2,4.5,2026-05-15T15:05:06.042Z,0.4857027530670166,0.46925783157348633,0.7579081058502197,-0.010357857,0.00336647,0.16327810287475586,0.090476155,8.949127197265625,4.019924163818359,0.23855572938919067,-0.121947169,1.5926868915557861,1.724936842918396,0,0,0,0,0,0,0,0,0,0,0,0,5.703552722930908,2.783604383468628,7.3389811515808105,0,0,0,0,2799.72,2884.7000000000003,2855.9300000000003
6a0736ac1e6661a6e224c90e,2026-05-15T15:06:15.470Z,6,3,4.5,2026-05-15T15:06:15.470Z,0.28817224502563477,0.32175230979919434,0.5187499523162842,-0.009494543,0.003787279,0.16411972045898438,0.090055346,9.010345458984375,4.855227470397949,0.23860366642475128,-0.122245491,4.288640022277832,4.4540605545043945,0,0,0,0,0,0,0,0,0,0,0,0,1.233954906463623,7.1714396476745605,2.496415138244629,0,0,0,0,2796.4300000000003,2876.3700000000003,2851.1
6a0736f11e6661a6e224c94b,2026-05-15T15:07:24.708Z,6,4,4.5,2026-05-15T15:07:24.708Z,0.21463274955749512,0.2415297031402588,0.4851987361907959,-0.008631468,0.004208088,0.16411972045898438,0.090476155,8.479660034179688,4.227785110473633,0.2386055439710617,-0.122234285,1.8911380767822266,2.0505731105804443,0,0,0,0,0,0,0,0,0,0,0,0,2.492751121520996,2.2912237644195557,4.7113776206970215,0,0,0,0,2792.51,2873.08,2844.59
6a0737371e6661a6e224c988,2026-05-15T15:08:33.800Z,6,5,4.5,2026-05-15T15:08:33.800Z,0.8362979888916016,0.8436291217803955,1.110623836517334,-0.011220932,0.004208088,0.16411972045898438,0.090055346,8.336807250976562,4.440608024597168,0.2385561615228653,-0.12188679,3.2302937507629395,3.3981263637542725,0,0,0,0,0,0,0,0,0,0,0,0,8.555809020996094,9.883586883544922,4.506051063537598,0,0,0,0,2782.01,2862.23,2838.22
6a07377c1e6661a6e224c9c5,2026-05-15T15:09:42.976Z,6,6,4.5,2026-05-15T15:09:42.976Z,0.6438982486724854,0.6115880012512207,0.8938329219818115,-0.007768393,0.003787279,0.16454052925109863,0.090476155,8.479660034179688,3.692420006,0.23856773972511292,-0.116454542,0.664177656,0.727820635,0,0,0,0,0,0,0,0,0,0,0,0,8.345844268798828,1.6624253988265991,9.080878257751465,0,0,0,0,2770.81,2859.08,2827.2999999999997
6a0737c11e6661a6e224ca02,2026-05-15T15:10:52.264Z,6,7,4.5,2026-05-15T15:10:52.264Z,0.30783987045288086,0.33814167976379395,0.5135881900787354,-0.009494543,0.004208088,0.16411972045898438,0.090476155,8.265365600585938,4.765908241271973,0.23851880431175232,-0.12108618,4.519862651824951,4.652903079986572,0,0,0,0,0,0,0,0,0,0,0,0,2.2732768058776855,7.868211269378662,1.2191734313964844,0,0,0,0,2766.4,2850.4,2823.7999999999997
6a0738061e6661a6e224ca3f,2026-05-15T15:12:01.534Z,6,8,4.5,2026-05-15T15:12:01.534Z,0.7285544872283936,0.7953231334686279,1.0185737609863281,-0.008631468,0.003787279,0.16454052925109863,0.090476155,8.693954467773438,4.597744941711426,0.238511324,-0.12197572,2.9755351543426514,3.1458020210266113,0,0,0,0,0,0,0,0,0,0,0,0,4.222699165344238,8.329392433166504,8.691819190979004,0,0,0,0,2760.52,2840.1800000000003,2813.09
6a07384c1e6661a6e224ca7c,2026-05-15T15:13:10.841Z,6,9,4.5,2026-05-15T15:13:10.841Z,0.7148725986480713,0.6616191864013672,0.9024355411529541,-0.008631468,0.004208088,0.16411972045898438,0.090476155,8.969528198242188,3.99621582,0.23853641748428345,-0.121777296,1.6849130392074585,1.797843575,0,0,0,0,0,0,0,0,0,0,0,0,8.944395065307617,3.675065755844116,7.164209842681885,0,0,0,0,2749.11,2835.28,2803.29
6a0738911e6661a6e224cab9,2026-05-15T15:14:20.080Z,7,0,4.9,2026-05-15T15:14:20.080Z,0.6781027317047119,0.685772181,0.9807212352752686,-0.008631468,0.004208088,0.16411972045898438,0.090476155,8.704162598,4.295050621032715,0.23853211104869843,-0.122189224,2.088660955429077,2.1902685165405273,0,0,0,0,0,0,0,0,0,0,0,0,5.397990703582764,4.966917991638184,9.655948638916016,0,0,0,0,2741.2000000000003,2829.47,2791.11
6a0738d71e6661a6e224caf6,2026-05-15T15:15:29.510Z,7,1,4.9,2026-05-15T15:15:29.510Z,0.39420580863952637,0.355393648,0.5609035491943359,-0.011220932,0.003787279,0.16454052925109863,0.090896964,8.459259033203125,4.157212257385254,0.2385614663362503,-0.122523844,2.340986967086792,2.4637601375579834,0,0,0,0,0,0,0,0,0,0,0,0,6.4499897956848145,3.967228651046753,2.6413092613220215,0,0,0,0,2732.59,2824.71,2786.21
6a07391c1e6661a6e224cb33,2026-05-15T15:16:38.934Z,7,2,4.9,2026-05-15T15:16:38.934Z,0.9842321872711182,0.9747452735900879,1.2336440086364746,-0.010357857,0.004208088,0.16411972045898438,0.090896964,8.081695556640625,4.377754211425781,0.2385644018650055,-0.122438431,2.6436562538146973,2.7791550159454346,0,0,0,0,0,0,0,0,0,0,0,0,8.466106414794922,8.469292640686035,8.565243721,0,0,0,0,2721.6,2814.98,2775.5699999999997
6a0739621e6661a6e224cb70,2026-05-15T15:17:48.577Z,7,3,4.9,2026-05-15T15:17:48.577Z,0.20180583000183105,0.22686529159545898,0.4619712829589844,-0.008631468,0.003787279,0.16454052925109863,0.090476155,8.540893555,4.403116226196289,0.23855428397655487,-0.122501671,1.8863998651504517,2.0171475410461426,0,0,0,0,0,0,0,0,0,0,0,0,1.1225610971450806,2.146693229675293,5.541194915771484,0,0,0,0,2718.17,2811.69,2767.52
6a0739a71e6661a6e224cbad,2026-05-15T15:18:57.867Z,7,4,4.9,2026-05-15T15:18:57.867Z,0.5532565116882324,0.5805342197418213,0.794900656,-0.009494543,0.004208088,0.16454052925109863,0.090476155,8.204147338867188,4.644610404968262,0.23855669796466827,-0.120314121,3.2453010082244873,3.3982105255126953,0,0,0,0,0,0,0,0,0,0,0,0,3.4704766273498535,7.575432300567627,6.023900032043457,0,0,0,0,2713.1299999999997,2803.22,2759.19
6a0739ed1e6661a6e224cbea,2026-05-15T15:20:07.139Z,7,5,4.9,2026-05-15T15:20:07.139Z,0.448077917,0.4313032627105713,0.6908061504364014,-0.008631468,0.003787279,0.16411972045898438,0.090476155,8.561294555664062,4.903746604919434,0.23855914175510406,-0.120933831,3.697209596633911,3.898742437362671,0,0,0,0,0,0,0,0,0,0,0,0,1.3741346597671509,8.039245605,5.798343658447266,0,0,0,0,2710.1200000000003,2793.6299999999997,2751
6a073a321e6661a6e224cc27,2026-05-15T15:21:16.880Z,7,6,4.9,2026-05-15T15:21:16.880Z,0.6738274097442627,0.6624817848205566,0.8852298259735107,-0.010357857,0.004208088,0.16454052925109863,0.090476155,8.693954467773438,4.27023983,0.23854082822799683,-0.121470988,2.7329437732696533,2.898944854736328,0,0,0,0,0,0,0,0,0,0,0,0,9.151499748,6.831424713134766,3.245405435562134,0,0,0,0,2699.2000000000003,2785.23,2745.6800000000003
6a073a771e6661a6e224cc64,2026-05-15T15:22:26.319Z,7,7,4.9,2026-05-15T15:22:26.319Z,0.7661788463592529,0.733215332,0.9841623306274414,-0.007768393,0.003787279,0.16454052925109863,0.090476155,8.622528076171875,4.123027801513672,0.23860451579093933,-0.121821105,2.192358971,2.323045015335083,0,0,0,0,0,0,0,0,0,0,0,0,9.831826210021973,5.592966079711914,5.723219394683838,0,0,0,0,2686.53,2778.2999999999997,2737.91
6a073abd1e6661a6e224cca1,2026-05-15T15:23:35.703Z,7,8,4.9,2026-05-15T15:23:35.703Z,0.6191000938415527,0.5788090229034424,0.8620021343231201,-0.009494543,0.00336647,0.16411972045898438,0.090896964,8.408233642578125,3.863339424133301,0.23858198523521423,-0.122157812,1.3899438381195068,1.4978710412979126,0,0,0,0,0,0,0,0,0,0,0,0,8.514848709106445,2.530998468399048,6.905486583709717,0,0,0,0,2674.77,2775.01,2728.6
6a073b021e6661a6e224ccde,2026-05-15T15:24:45.024Z,7,9,4.9,2026-05-15T15:24:45.024Z,0.7747302055358887,0.7289025783538818,0.973839283,-0.010357857,0.004208088,0.16454052925109863,0.090896964,8.867477416992188,4.318758964538574,0.2385900914669037,-0.122603536,3.000593900680542,3.140815258026123,0,0,0,0,0,0,0,0,0,0,0,0,8.885738372802734,8.401227951049805,4.075616836547852,0,0,0,0,2663.29,2765.49,2722.3700000000003
6a073b481e6661a6e224cd1b,2026-05-15T15:25:54.435Z,8,0,4.4,2026-05-15T15:25:54.435Z,0.9209542274475098,0.9290268421173096,1.1570792198181152,-0.006905079,0.004628897,0.16454052925109863,0.090476155,8.408233642578125,4.335851669311523,0.23856793344020844,-0.122571707,2.7953343391418457,2.934128999710083,0,0,0,0,0,0,0,0,0,0,0,0,9.322631836,8.670869827270508,6.293560028076172,0,0,0,0,2651.11,2755.2000000000003,2713.97
6a073b8d1e6661a6e224cd58,2026-05-15T15:27:04.058Z,8,1,4.4,2026-05-15T15:27:04.058Z,0.3745384216308594,0.3648824691772461,0.5566020011901855,-0.007768393,0.004208088,0.16411972045898438,0.090476155,8.316390991210938,4.160520553588867,0.23854738473892212,-0.123411655,2.466909408569336,2.6006863117218018,0,0,0,0,0,0,0,0,0,0,0,0,6.780945777893066,4.1375226974487305,1.8140027523040771,0,0,0,0,2641.73,2749.6,2710.1200000000003
6a073bd31e6661a6e224cd95,2026-05-15T15:28:13.701Z,8,2,4.4,2026-05-15T15:28:13.701Z,0.578054667,0.5632820129394531,0.7854373455047607,-0.008631468,0.004628897,0.16411972045898438,0.090476155,8.561294555664062,4.161623001098633,0.23857371509075165,-0.123674333,2.1483993530273438,2.2769999504089355,0,0,0,0,0,0,0,0,0,0,0,0,7.223861217498779,4.599279403686523,5.634607791900635,0,0,0,0,2631.72,2744,2702.49
6a073c181e6661a6e224cdd2,2026-05-15T15:29:22.975Z,8,3,4.4,2026-05-15T15:29:22.975Z,0.7670340538024902,0.7573685646057129,0.9643759727478027,-0.006905079,0.004208088,0.16454052925109863,0.090896964,8.510284423828125,4.035914421081543,0.2385689616203308,-0.118523836,1.7766220569610596,1.8812164068222046,0,0,0,0,0,0,0,0,0,0,0,0,9.368185997009277,4.217327117919922,7.683747768,0,0,0,0,2619.6800000000003,2738.89,2692.6200000000003
6a073c5d1e6661a6e224ce0f,2026-05-15T15:30:32.330Z,8,4,4.4,2026-05-15T15:30:32.330Z,0.4053223133087158,0.3588442802429199,0.5609035491943359,-0.006905079,0.003787279,0.16454052925109863,0.090896964,8.755233764648438,3.8660964965820312,0.23858319222927094,-0.121854901,1.742660641670227,1.841995358467102,0,0,0,0,0,0,0,0,0,0,0,0,9.028949737548828,2.626143455505371,1.2452287673950195,0,0,0,0,2607.92,2735.6,2689.33
6a073ca31e6661a6e224ce4c,2026-05-15T15:31:41.788Z,8,5,4.4,2026-05-15T15:31:41.788Z,0.8089344501495361,0.774620533,1.0314781665802002,-0.007768393,0.004628897,0.16411972045898438,0.090476155,8.204147338867188,4.404218673706055,0.2385251224040985,-0.122684479,3.316814422607422,3.455148458480835,0,0,0,0,0,0,0,0,0,0,0,0,8.907128334,9.676588058,3.1541080474853516,0,0,0,0,2596.23,2725.03,2684.5699999999997
6a073ce81e6661a6e224ce89,2026-05-15T15:32:51.223Z,8,6,4.4,2026-05-15T15:32:51.223Z,0.525892973,0.5451672077178955,0.738121748,-0.006905079,0.004208088,0.1649613380432129,0.090476155,8.306198120117188,4.676036834716797,0.23856642842292786,-0.123454988,3.6408591270446777,3.827509641647339,0,0,0,0,0,0,0,0,0,0,0,0,3.4795165061950684,8.371276855,4.395429611206055,0,0,0,0,2590.21,2714.67,2678.41
6a073d2e1e6661a6e224cec6,2026-05-15T15:34:00.496Z,8,7,4.4,2026-05-15T15:34:00.496Z,0.23515534400939941,0.23117828369140625,0.4645521640777588,-0.008631468,0.004208088,0.16454052925109863,0.090896964,8.612319946289062,4.177612305,0.23857010900974274,-0.124060392,1.9111415147781372,2.0800600051879883,0,0,0,0,0,0,0,0,0,0,0,0,3.0374038219451904,2.3253672122955322,4.023921012878418,0,0,0,0,2585.31,2710.8199999999997,2672.3199999999997
6a073d731e6661a6e224cf03,2026-05-15T15:35:09.853Z,8,8,4.4,2026-05-15T15:35:09.853Z,0.55838728,0.5762209892272949,0.752746582,-0.007768393,0.004208088,0.16454052925109863,0.090896964,8.295989990234375,4.531582832336426,0.23857451975345612,-0.124488115,3.568044662475586,3.7395851612091064,0,0,0,0,0,0,0,0,0,0,0,0,5.597064971923828,8.557381629943848,3.0040762424468994,0,0,0,0,2577.61,2701.23,2667.49
6a073db81e6661a6e224cf40,2026-05-15T15:36:19.048Z,8,9,4.4,2026-05-15T15:36:19.048Z,0.5464155673980713,0.5356786251068115,0.715754509,-0.008631468,0.004208088,0.16411972045898438,0.090476155,8.27557373,4.243223190307617,0.23857225477695465,-0.124809563,2.6401824951171875,2.8132946491241455,0,0,0,0,0,0,0,0,0,0,0,0,7.992061614990234,5.754061698913574,2.8887853622436523,0,0,0,0,2567.39,2694.23,2662.8700000000003
6a073dfd1e6661a6e224cf7d,2026-05-15T15:37:28.174Z,9,0,5,2026-05-15T15:37:28.174Z,0.6729717254638672,0.7185509204864502,0.9729785919189453,-0.007768393,0.004628897,0.1649613380432129,0.090476155,8.479660034179688,5.011812210083008,0.23859401047229767,-0.124694765,3.463210105895996,3.652099609,0,0,0,0,0,0,0,0,0,0,0,0,1.1730668544769287,9.721030235290527,9.638673782348633,0,0,0,0,2564.03,2683.1,2651.39
6a073e421e6661a6e224cfba,2026-05-15T15:38:37.478Z,9,1,5,2026-05-15T15:38:37.478Z,0.43610620498657227,0.4847846031188965,0.6787624359130859,-0.006905079,0.003787279,0.16454052925109863,0.090476155,8.653137207,4.845854759216309,0.2385731190443039,-0.125219762,4.158393383026123,4.375627517700195,0,0,0,0,0,0,0,0,0,0,0,0,2.397249698638916,9.144902229309082,3.4551031589508057,0,0,0,0,2560.11,2671.9,2645.23
6a073e871e6661a6e224cff7,2026-05-15T15:39:46.508Z,9,2,5,2026-05-15T15:39:46.508Z,0.7926874160766602,0.7935976982116699,1.0116913318634033,-0.009494543,0.003787279,0.1649613380432129,0.090896964,8.826660156,4.329235076904297,0.23853318393230438,-0.125611007,2.7385594844818115,2.9058282375335693,0,0,0,0,0,0,0,0,0,0,0,0,8.762042999267578,7.699069976806641,5.447832107543945,0,0,0,0,2549.4,2662.52,2637.81
6a073ecc1e6661a6e224d034,2026-05-15T15:40:55.539Z,9,3,5,2026-05-15T15:40:55.539Z,0.3369135856628418,0.38385987281799316,0.5849916934967041,-0.008631468,0.004628897,0.16454052925109863,0.090896964,8.683761596679688,5.006850242614746,0.23852026462554932,-0.123457432,4.712616443634033,4.942985534667969,0,0,0,0,0,0,0,0,0,0,0,0,1.0801368951797485,8.898091316223145,2.262293815612793,0,0,0,0,2545.9,2651.81,2633.61
6a073f121e6661a6e224d071,2026-05-15T15:42:04.814Z,9,4,5,2026-05-15T15:42:04.814Z,0.1898343563079834,0.18459773063659668,0.4378833770751953,-0.008631468,0.004628897,0.16411972045898438,0.090896964,8.398025512695312,4.549777030944824,0.23849855363368988,-0.124138534,2.3181262016296387,2.5315191745758057,0,0,0,0,0,0,0,0,0,0,0,0,1.1259809732437134,2.807635545730591,4.739164352416992,0,0,0,0,2543.52,2647.6800000000003,2627.17
6a073f571e6661a6e224d0ae,2026-05-15T15:43:14.015Z,9,5,5,2026-05-15T15:43:14.015Z,0.4438023567199707,0.4123258590698242,0.6572551727294922,-0.007768393,0.004208088,0.1649613380432129,0.090896964,7.9388275146484375,4.148941993713379,0.23853319883346558,-0.124570012,2.0617008209228516,2.2076401710510254,0,0,0,0,0,0,0,0,0,0,0,0,6.894925594329834,3.6857290267944336,3.856064796447754,0,0,0,0,2534.98,2643.41,2621.29
6a073f9c1e6661a6e224d0eb,2026-05-15T15:44:23.298Z,9,6,5,2026-05-15T15:44:23.298Z,0.5900263786315918,0.5408539772033691,0.8533997535705566,-0.008631468,0.004208088,0.16411972045898438,0.090896964,8.408233642578125,4.160520553588867,0.23851677775382996,-0.124666929,1.7427663803100586,1.8458088636398315,0,0,0,0,0,0,0,0,0,0,0,0,5.277148246765137,3.5383896827697754,9.219036102294922,0,0,0,0,2527.42,2639.21,2609.8799999999997
6a073fe21e6661a6e224d128,2026-05-15T15:45:32.592Z,9,7,5,2026-05-15T15:45:32.592Z,0.318101168,0.33469104766845703,0.5643448829650879,-0.010357857,0.004208088,0.16411972045898438,0.090896964,8.928710938,4.5117340087890625,0.2385280430316925,-0.123637974,3.267014503479004,3.4127614498138428,0,0,0,0,0,0,0,0,0,0,0,0,3.0430002212524414,5.596164226531982,3.3462939262390137,0,0,0,0,2522.3799999999997,2632.7000000000003,2604.21
6a0740271e6661a6e224d165,2026-05-15T15:46:42.382Z,9,8,5,2026-05-15T15:46:42.382Z,0.43183088302612305,0.46149444580078125,0.6546742916107178,-0.008631468,0.004208088,0.16411972045898438,0.090896964,8.775650024414062,4.670523643493652,0.23851875960826874,-0.124088705,3.8107621669769287,4.006021022796631,0,0,0,0,0,0,0,0,0,0,0,0,3.317999839782715,8.048895835876465,3.286436080932617,0,0,0,0,2517.1299999999997,2623.1800000000003,2598.89
6a07406c1e6661a6e224d1a2,2026-05-15T15:47:51.554Z,9,9,5,2026-05-15T15:47:51.554Z,0.30527424812316895,0.32865309715270996,0.49810290336608887,-0.009494543,0.004208088,0.16411972045898438,0.090896964,8.173538208007812,4.628069877624512,0.23856103420257568,-0.124350667,3.946000099182129,4.193079948425293,0,0,0,0,0,0,0,0,0,0,0,0,3.219695806503296,6.762788296,1.3365367650985718,0,0,0,0,2512.23,2614.92,2595.8799999999997
6a0740b11e6661a6e224d1df,2026-05-15T15:49:00.656Z,10,0,5.1,2026-05-15T15:49:00.656Z,0.6729717254638672,0.6590311527252197,0.828451395,-0.007768393,0.004628897,0.16411972045898438,0.090476155,8.163330078,4.403667449951172,0.23858965933322906,-0.124540091,3.3094611167907715,3.5167105197906494,0,0,0,0,0,0,0,0,0,0,0,0,8.997776031,8.708091735839844,1.5136263370513916,0,0,0,0,2501.17,2604.7000000000003,2592.8700000000003
6a0740f71e6661a6e224d21c,2026-05-15T15:50:09.753Z,10,1,5.1,2026-05-15T15:50:09.753Z,0.7687442302703857,0.7547805309295654,1.0056695938110352,-0.008631468,0.004208088,0.16411972045898438,0.090896964,8.214355469,4.217309951782227,0.23856593668460846,-0.124019384,1.9360523223876953,2.098275899887085,0,0,0,0,0,0,0,0,0,0,0,0,7.080188751220703,4.900061607,9.592736244,0,0,0,0,2491.51,2598.4,2581.39
6a07413c1e6661a6e224d259,2026-05-15T15:51:19.043Z,10,2,5.1,2026-05-15T15:51:19.043Z,0.3112602233886719,0.34331750869750977,0.5626242160797119,-0.007768393,0.004208088,0.16454052925109863,0.090476155,8.27557373,4.921941757202148,0.23856845498085022,-0.124609053,4.210758209228516,4.415916442871094,0,0,0,0,0,0,0,0,0,0,0,0,1.2119569778442383,7.535095215,3.0124359130859375,0,0,0,0,2488.22,2589.51,2575.79
6a0741811e6661a6e224d296,2026-05-15T15:52:28.442Z,10,3,5.1,2026-05-15T15:52:28.442Z,0.30185389518737793,0.34159207344055176,0.5385363101959229,-0.006905079,0.004208088,0.16411972045898438,0.090476155,8.571502685546875,4.676036834716797,0.2385920286178589,-0.125025451,3.5005745887756348,3.7165300846099854,0,0,0,0,0,0,0,0,0,0,0,0,2.384669780731201,6.028568267822266,3.3284003734588623,0,0,0,0,2484.3700000000003,2582.09,2570.8199999999997
6a0741c71e6661a6e224d2d3,2026-05-15T15:53:37.727Z,10,4,5.1,2026-05-15T15:53:37.727Z,0.43012070655822754,0.45976924896240234,0.6520936489105225,-0.008631468,0.003787279,0.16454052925109863,0.090055346,7.846984863,4.775832176208496,0.23860272765159607,-0.124931157,4.348237991333008,4.605787754058838,0,0,0,0,0,0,0,0,0,0,0,0,3.5330588817596436,9.354855537,1.5001885890960693,0,0,0,0,2479.19,2571.31,2567.6
6a07420d1e6661a6e224d310,2026-05-15T15:54:47.266Z,10,5,5.1,2026-05-15T15:54:47.266Z,0.5609524250030518,0.5244646072387695,0.7346804141998291,-0.007768393,0.004208088,0.16454052925109863,0.090896964,8.683761596679688,4.059070587158203,0.2385723888874054,-0.124939263,2.1959691047668457,2.3652658462524414,0,0,0,0,0,0,0,0,0,0,0,0,9.958820343017578,4.521877288818359,2.0406761169433594,0,0,0,0,2466.8700000000003,2565.29,2564.03
6a0742521e6661a6e224d34d,2026-05-15T15:55:57.083Z,10,6,5.1,2026-05-15T15:55:57.083Z,0.33007264137268066,0.35453128814697266,0.5548815727233887,-0.009494543,0.004208088,0.1649613380432129,0.090896964,8.469467163085938,4.726210594177246,0.23855562508106232,-0.124093175,4.376801490783691,4.599606990814209,0,0,0,0,0,0,0,0,0,0,0,0,2.8971753120422363,8.102963448,1.1195892095565796,0,0,0,0,2461.41,2555.7000000000003,2561.2999999999997
6a0742971e6661a6e224d38a,2026-05-15T15:57:06.448Z,10,7,5.1,2026-05-15T15:57:06.448Z,0.5626626014709473,0.5322282314300537,0.7604889869689941,-0.008631468,0.004628897,0.1649613380432129,0.090896964,8.561294555664062,4.360110282897949,0.23860520124435425,-0.124688625,3.0718789100646973,3.2800843715667725,0,0,0,0,0,0,0,0,0,0,0,0,7.773075580596924,6.85299015,1.702354907989502,0,0,0,0,2451.47,2547.3700000000003,2558.29
6a0742dc1e6661a6e224d3c7,2026-05-15T15:58:15.657Z,10,8,5.1,2026-05-15T15:58:15.657Z,0.23772048950195312,0.24239230155944824,0.4370231628417969,-0.007768393,0.004628897,0.16454052925109863,0.090896964,8.449050903320312,4.675485610961914,0.23859868943691254,-0.124822557,3.9134912490844727,4.141387462615967,0,0,0,0,0,0,0,0,0,0,0,0,2.031219482421875,5.599815368652344,1.5043443441390991,0,0,0,0,2447.27,2540.51,2555.21
6a0743221e6661a6e224d404,2026-05-15T15:59:24.786Z,10,9,5.1,2026-05-15T15:59:24.786Z,0.30270910263061523,0.32520270347595215,0.5772488117218018,-0.007768393,0.004628897,0.16411972045898438,0.090476155,8.908294677734375,4.704707145690918,0.23854419589042664,-0.125149012,3.024305582046509,3.233142852783203,0,0,0,0,0,0,0,0,0,0,0,0,1.3532836437225342,4.970680236816406,5.1910271644592285,0,0,0,0,2444.33,2534.42,2548.49
6a0743671e6661a6e224d441,2026-05-15T16:00:33.952Z,11,0,4.3,2026-05-15T16:00:33.952Z,0.6208102703094482,0.5917479991912842,0.8551201820373535,-0.008631468,0.004628897,0.1649613380432129,0.090896964,8.653137207,4.002281188964844,0.23858903348445892,-0.124379694,1.5920770168304443,1.731086254119873,0,0,0,0,0,0,0,0,0,0,0,0,7.778479576,3.1910037994384766,7.472362995147705,0,0,0,0,2434.67,2530.4300000000003,2538.9
6a0743ac1e6661a6e224d47e,2026-05-15T16:01:43.271Z,11,1,4.3,2026-05-15T16:01:43.271Z,0.28389668464660645,0.24756813049316406,0.5067057609558105,-0.007768393,0.004628897,0.1649613380432129,0.090896964,8.612319946289062,4.102075576782227,0.23852494359016418,-0.124709189,1.5497465133666992,1.6543927192687988,0,0,0,0,0,0,0,0,0,0,0,0,2.5849218368530273,1.8162142038345337,5.558938026428223,0,0,0,0,2429.77,2527.98,2530.71
6a0743f21e6661a6e224d4bb,2026-05-15T16:02:52.753Z,11,2,4.3,2026-05-15T16:02:52.753Z,0.6105489730834961,0.5192890167236328,0.7639303207397461,-0.007768393,0.003787279,0.16538214683532715,0.090476155,8.602127075195312,3.859480857849121,0.2385651171207428,-0.124619603,1.5540341138839722,1.6357502937316895,0,0,0,0,0,0,0,0,0,0,0,0,9.199625968933105,2.7081077098846436,4.497371673583984,0,0,0,0,2418.71,2524.9,2524.41
6a0744371e6661a6e224d4f8,2026-05-15T16:04:01.964Z,11,3,4.3,2026-05-15T16:04:01.964Z,0.5857505798339844,0.5434420108795166,0.8404953479766846,-0.008631468,0.004208088,0.1649613380432129,0.090476155,9.081771850585938,3.691316604614258,0.23851926624774933,-0.124664843,0.699416995,0.751820445,0,0,0,0,0,0,0,0,0,0,0,0,7.729015350341797,1.7057859897613525,8.430353164672852,0,0,0,0,2407.9300000000003,2522.59,2513.98
6a07447c1e6661a6e224d535,2026-05-15T16:05:11.064Z,11,4,4.3,2026-05-15T16:05:11.064Z,0.7943975925445557,0.7763454914093018,1.0254557132720947,-0.007768393,0.004628897,0.16454052925109863,0.090896964,8.398025512695312,4.140119552612305,0.23851309716701508,-0.124955595,2.0332157611846924,2.1392412185668945,0,0,0,0,0,0,0,0,0,0,0,0,8.402395248413086,5.110621929168701,7.974367141723633,0,0,0,0,2396.8700000000003,2516.99,2503.48
6a0744c11e6661a6e224d572,2026-05-15T16:06:20.292Z,11,5,4.3,2026-05-15T16:06:20.292Z,0.5669381618499756,0.5710453987121582,0.8422157764434814,-0.007768393,0.004208088,0.16454052925109863,0.090476155,8.398025512695312,4.415797233581543,0.2385319471359253,-0.125193238,2.2224388122558594,2.372131824493408,0,0,0,0,0,0,0,0,0,0,0,0,3.5168278217315674,4.867520332336426,9.176299095153809,0,0,0,0,2391.1299999999997,2511.11,2491.58
6a0745061e6661a6e224d5af,2026-05-15T16:07:29.464Z,11,6,4.3,2026-05-15T16:07:29.464Z,0.6926395893096924,0.674558163,0.855980635,-0.008631468,0.004628897,0.1649613380432129,0.090476155,8.806259155273438,4.28953743,0.2385273277759552,-0.125026107,2.936746359,3.1158812046051025,0,0,0,0,0,0,0,0,0,0,0,0,9.299139022827148,7.716714859008789,2.8095614910125732,0,0,0,0,2379.58,2502.22,2486.4
6a07454b1e6661a6e224d5ec,2026-05-15T16:08:38.543Z,11,7,4.3,2026-05-15T16:08:38.543Z,0.5498361587524414,0.5210142135620117,0.8000621795654297,-0.009494543,0.004628897,0.16411972045898438,0.090476155,8.612319946289062,3.6802892684936523,0.23859289288520813,-0.124885142,0.667918861,0.7416458129882812,0,0,0,0,0,0,0,0,0,0,0,0,7.916508197784424,1.5245411396026611,7.488248825073242,0,0,0,0,2368.8700000000003,2499.49,2477.02
6a0745911e6661a6e224d629,2026-05-15T16:09:47.705Z,11,8,4.3,2026-05-15T16:09:47.705Z,0.5729238986968994,0.5667324066162109,0.7992019653320312,-0.008631468,0.004628897,0.1649613380432129,0.090896964,8.285781860351562,4.327580451965332,0.23862022161483765,-0.125228524,2.7093024253845215,2.8480286598205566,0,0,0,0,0,0,0,0,0,0,0,0,6.388840198516846,6.234550952911377,5.000342369,0,0,0,0,2359.98,2492.7000000000003,2469.53
6a0745d61e6661a6e224d666,2026-05-15T16:10:57.132Z,11,9,4.3,2026-05-15T16:10:57.132Z,0.5181968212127686,0.5486176013946533,0.7553274631500244,-0.007768393,0.004208088,0.1649613380432129,0.090896964,8.704162598,4.628069877624512,0.23861922323703766,-0.125443637,4.0125322341918945,4.218283653259277,0,0,0,0,0,0,0,0,0,0,0,0,4.6378960609436035,9.386502265930176,2.1244165897369385,0,0,0,0,2353.33,2481.71,2465.61
6a07461c1e6661a6e224d6a3,2026-05-15T16:12:06.577Z,12,0,4.2,2026-05-15T16:12:06.577Z,0.7867019176483154,0.7832467555999756,0.9841623306274414,-0.006905079,0.004208088,0.16454052925109863,0.090896964,8.214355469,4.421862602233887,0.23863695561885834,-0.125189722,3.145587682723999,3.356360435,0,0,0,0,0,0,0,0,0,0,0,0,8.974524498,9.187628746032715,3.6390414237976074,0,0,0,0,2341.71,2470.2999999999997,2460.08
6a0746611e6661a6e224d6e0,2026-05-15T16:13:15.951Z,12,1,4.2,2026-05-15T16:13:15.951Z,0.7020459175109863,0.7090625762939453,0.8955533504486084,-0.007768393,0.005049825,0.1649613380432129,0.090896964,8.000061035,4.4720354080200195,0.23866738379001617,-0.125020027,3.4519541263580322,3.6731295585632324,0,0,0,0,0,0,0,0,0,0,0,0,8.240070343017578,9.526117324829102,2.238084554672241,0,0,0,0,2330.72,2458.89,2456.23
6a0746a61e6661a6e224d71d,2026-05-15T16:14:25.054Z,12,2,4.2,2026-05-15T16:14:25.054Z,0.10774374008178711,0.10955095291137695,0.33636999130249023,-0.006905079,0.004628897,0.1649613380432129,0.091738582,8.112304688,4.3137969970703125,0.23868399858474731,-0.125299513,2.3289575576782227,2.5493414402008057,0,0,0,0,0,0,0,0,0,0,0,0,1.7774723768234253,2.057887554168701,1.8281068801879883,0,0,0,0,2326.73,2455.53,2452.8700000000003
6a0746eb1e6661a6e224d75a,2026-05-15T16:15:34.258Z,12,3,4.2,2026-05-15T16:15:34.258Z,0.1282663345336914,0.11558938026428223,0.3260467052459717,-0.005178928,0.004628897,0.1649613380432129,0.091738582,8.959320068359375,4.249288558959961,0.2386673092842102,-0.126014769,2.4886057376861572,2.702899456,0,0,0,0,0,0,0,0,0,0,0,0,2.068960666656494,2.164322853088379,1.1377668380737305,0,0,0,0,2323.09,2453.01,2450.28
6a0747301e6661a6e224d797,2026-05-15T16:16:43.565Z,12,4,4.2,2026-05-15T16:16:43.565Z,0.45406389236450195,0.457181454,0.6116602420806885,-0.007768393,0.004628897,0.16538214683532715,0.091738582,8.377624512,4.705810547,0.23863336443901062,-0.125920177,3.9801137447357178,4.204717636108398,0,0,0,0,0,0,0,0,0,0,0,0,3.1947031021118164,8.334090232849121,2.717710494995117,0,0,0,0,2318.19,2443.42,2446.01
6a0747761e6661a6e224d7d4,2026-05-15T16:17:52.840Z,12,5,4.2,2026-05-15T16:17:52.840Z,0.9551584720611572,0.963531494,1.2370855808258057,-0.005178928,0.004628897,0.16538214683532715,0.091738582,8.428649902,4.467624664306641,0.23865149915218353,-0.126229763,2.6805214881896973,2.855675220489502,0,0,0,0,0,0,0,0,0,0,0,0,7.016859531402588,8.556081771850586,9.509085655212402,0,0,0,0,2309.09,2433.1299999999997,2434.1800000000003
6a0747ba1e6661a6e224d811,2026-05-15T16:19:01.914Z,12,6,4.2,2026-05-15T16:19:01.914Z,0.21805310249328613,0.2527437210083008,0.47229456901550293,-0.007768393,0.004628897,0.16538214683532715,0.090896964,8.255172729492188,4.763151168823242,0.23861736059188843,-0.126345038,3.8405661582946777,4.065443039,0,0,0,0,0,0,0,0,0,0,0,0,1.5192726850509644,5.532633304595947,2.1509549617767334,0,0,0,0,2305.52,2426.1299999999997,2429.7000000000003
6a0748001e6661a6e224d84e,2026-05-15T16:20:10.749Z,12,7,4.2,2026-05-15T16:20:10.749Z,0.4882681369781494,0.45976924896240234,0.7364013195037842,-0.006905079,0.004208088,0.16538214683532715,0.090896964,8.193939208984375,3.8936643600463867,0.23864464461803436,-0.126745045,0.8499979972839355,0.9530589580535889,0,0,0,0,0,0,0,0,0,0,0,0,5.865920066833496,1.8788107633590698,7.416406154632568,0,0,0,0,2297.8199999999997,2423.61,2420.39
6a0748451e6661a6e224d88b,2026-05-15T16:21:20.020Z,12,8,4.2,2026-05-15T16:21:20.020Z,1.013305902481079,1.0092494487762451,1.2482688426971436,-0.007768393,0.004628897,0.16454052925109863,0.090896964,8.898101806640625,4.3490839,0.23862381279468536,-0.126664519,2.8040106296539307,2.9730122089385986,0,0,0,0,0,0,0,0,0,0,0,0,9.442098617553711,9.434246063232422,7.3692779541015625,0,0,0,0,2285.99,2413.1800000000003,2410.59
6a07488a1e6661a6e224d8c8,2026-05-15T16:22:29.128Z,12,9,4.2,2026-05-15T16:22:29.128Z,0.6054184436798096,0.5822594165802002,0.8129663467407227,-0.006905079,0.005049825,0.16580307483673096,0.090896964,8.336807250976562,4.243774414,0.23860205709934235,-0.126979947,2.487703323364258,2.6604535579681396,0,0,0,0,0,0,0,0,0,0,0,0,7.910520553588867,5.714842796325684,4.242598056793213,0,0,0,0,2275.28,2405.83,2403.8700000000003
6a0748d01e6661a6e224d905,2026-05-15T16:23:38.729Z,13,0,5.2,2026-05-15T16:23:38.729Z,0.6635658740997314,0.6616191864013672,0.8516793251037598,-0.006905079,0.004628897,0.16538214683532715,0.090476155,8.193939208984375,4.470381736755371,0.23854488134384155,-0.127023041,3.607103109359741,3.8152616024017334,0,0,0,0,0,0,0,0,0,0,0,0,7.911612033843994,9.568257331848145,1.4983625411987305,0,0,0,0,2264.92,2394.91,2400.72
6a0749151e6661a6e224d942,2026-05-15T16:24:48.157Z,13,1,5.2,2026-05-15T16:24:48.157Z,0.665276051,0.6814591884613037,0.9308247566223145,-0.006905079,0.004628897,0.16580307483673096,0.091738582,8.428649902,4.731724739074707,0.23858270049095154,-0.127361178,2.9189231395721436,3.115915536880493,0,0,0,0,0,0,0,0,0,0,0,0,2.410114049911499,7.474205017089844,9.311722755432129,0,0,0,0,2260.2999999999997,2385.67,2389.3799999999997
6a07495b1e6661a6e224d97f,2026-05-15T16:25:57.557Z,13,2,5.2,2026-05-15T16:25:57.557Z,0.600287676,0.614175558,0.8860900402069092,-0.005178928,0.004628897,0.1649613380432129,0.090896964,8.091903686523438,4.516695976257324,0.2385932058095932,-0.126854122,2.4804463386535645,2.6347153186798096,0,0,0,0,0,0,0,0,0,0,0,0,4.018672943115234,5.932935715,8.834968566894531,0,0,0,0,2254.49,2378.11,2377.48
6a0749a01e6661a6e224d9bc,2026-05-15T16:27:07.096Z,13,3,5.2,2026-05-15T16:27:07.096Z,0.7909772396087646,0.7677195072174072,1.0022284984588623,-0.006905079,0.004628897,0.16538214683532715,0.090896964,8.000061035,4.4885759353637695,0.23857951164245605,-0.127301216,3.0733933448791504,3.268169403076172,0,0,0,0,0,0,0,0,0,0,0,0,7.218587875366211,8.894198417663574,5.518002510070801,0,0,0,0,2244.97,2367.8199999999997,2369.5
6a0749e51e6661a6e224d9f9,2026-05-15T16:28:16.244Z,13,4,5.2,2026-05-15T16:28:16.244Z,0.38736486434936523,0.4425170421600342,0.6271452903747559,-0.006905079,0.005049825,0.1649613380432129,0.090896964,8.295989990234375,4.812222480773926,0.23855701088905334,-0.127298892,4.3656158447265625,4.6281352043151855,0,0,0,0,0,0,0,0,0,0,0,0,2.736635446548462,9.247177124023438,2.05918026,0,0,0,0,2240.0699999999997,2356.69,2365.51
6a074a2a1e6661a6e224da36,2026-05-15T16:29:25.606Z,13,5,5.2,2026-05-15T16:29:25.606Z,0.6661310195922852,0.7012991905212402,0.9032957553863525,-0.005178928,0.004208088,0.1649613380432129,0.091738582,8.571502685546875,4.665560722351074,0.23852036893367767,-0.128167748,3.394531488418579,3.617349624633789,0,0,0,0,0,0,0,0,0,0,0,0,4.204248905181885,9.193953514099121,6.249533653259277,0,0,0,0,2234.19,2345.7000000000003,2357.39
6a074a701e6661a6e224da73,2026-05-15T16:30:34.766Z,13,6,5.2,2026-05-15T16:30:34.766Z,0.43439602851867676,0.40283727645874023,0.6228439807891846,-0.006905079,0.004628897,0.1649613380432129,0.090476155,8.775650024414062,3.7596845626831055,0.23854583501815796,-0.127664804,1.4695571660995483,1.6288321018218994,0,0,0,0,0,0,0,0,0,0,0,0,9.971034049987793,2.204766273498535,1.5700346231460571,0,0,0,0,2221.8700000000003,2341.78,2353.6800000000003
6a074ab51e6661a6e224dab0,2026-05-15T16:31:44.104Z,13,7,5.2,2026-05-15T16:31:44.104Z,0.45406389236450195,0.4899604320526123,0.6968283653259277,-0.006905079,0.005049825,0.16538214683532715,0.090476155,8.336807250976562,4.720145225524902,0.23854197561740875,-0.127873659,3.518019676208496,3.734086513519287,0,0,0,0,0,0,0,0,0,0,0,0,2.496918201446533,7.547965049743652,4.939545631408691,0,0,0,0,2216.97,2333.3799999999997,2347.03
6a074afa1e6661a6e224daed,2026-05-15T16:32:53.356Z,13,8,5.2,2026-05-15T16:32:53.356Z,0.5327339172363281,0.536541224,0.7338201999664307,-0.007768393,0.004628897,0.16411972045898438,0.090896964,8.27557373,4.222823143005371,0.238530695,-0.127935767,2.0857582092285156,2.234612464904785,0,0,0,0,0,0,0,0,0,0,0,0,5.724366664886475,4.297187805175781,6.728175640106201,0,0,0,0,2209.48,2327.71,2338.21
6a074b401e6661a6e224db2a,2026-05-15T16:34:02.835Z,13,9,5.2,2026-05-15T16:34:02.835Z,0.9055619239807129,0.9100499153137207,1.1157855987548828,-0.008631468,0.004628897,0.1649613380432129,0.090476155,8.132720947265625,4.430132865905762,0.2385193258523941,-0.127882123,3.034024715423584,3.226454973220825,0,0,0,0,0,0,0,0,0,0,0,0,8.739266395568848,9.688598633,5.688961982727051,0,0,0,0,2198.42,2316.9300000000003,2330.23
6a074b851e6661a6e224db67,2026-05-15T16:35:11.957Z,14,0,5.3,2026-05-15T16:35:11.957Z,0.525892973,0.5503430366516113,0.7148940563201904,-0.006905079,0.004628897,0.16454052925109863,0.090896964,8.336807250976562,4.779691696166992,0.23853611946105957,-0.127885759,4.095224857330322,4.348095893859863,0,0,0,0,0,0,0,0,0,0,0,0,3.2367043495178223,9.680793762207031,3.2136807441711426,0,0,0,0,2192.47,2305.03,2324.77
6a074bca1e6661a6e224dba4,2026-05-15T16:36:21.169Z,14,1,5.3,2026-05-15T16:36:21.169Z,0.9594340324401855,0.9031486511230469,1.1923506259918213,-0.005178928,0.004208088,0.16538214683532715,0.090476155,8.755233764648438,4.276304244995117,0.23857150971889496,-0.128115296,2.4925739765167236,2.675870895385742,0,0,0,0,0,0,0,0,0,0,0,0,9.889732360839844,7.705867290496826,7.009294033050537,0,0,0,0,2180.4300000000003,2295.51,2315.81
6a074c0f1e6661a6e224dbe1,2026-05-15T16:37:30.165Z,14,2,5.3,2026-05-15T16:37:30.165Z,0.41558361053466797,0.4511430263519287,0.6323068141937256,-0.007768393,0.004628897,0.16454052925109863,0.090896964,8.285781860351562,4.623106956481934,0.23856309056282043,-0.127831399,3.723670482635498,3.9591081142425537,0,0,0,0,0,0,0,0,0,0,0,0,3.819732666015625,7.7725934982299805,2.7189407348632812,0,0,0,0,2174.1299999999997,2286.2000000000003,2310.77
6a074c551e6661a6e224dc1e,2026-05-15T16:38:39.375Z,14,3,5.3,2026-05-15T16:38:39.375Z,0.7353951930999756,0.7151007652282715,0.9910447597503662,-0.007768393,0.004628897,0.16454052925109863,0.090896964,8.163330078,4.6286211013793945,0.2386295050382614,-0.128047824,3.013693094,3.210750102996826,0,0,0,0,0,0,0,0,0,0,0,0,4.305356025695801,8.340192794799805,8.121681213378906,0,0,0,0,2167.83,2276.33,2300.9
6a074c9a1e6661a6e224dc5b,2026-05-15T16:39:48.968Z,14,4,5.3,2026-05-15T16:39:48.968Z,0.7105967998504639,0.7245893478393555,0.9127588272094727,-0.007768393,0.004628897,0.16538214683532715,0.090896964,8.693954467773438,4.448879241943359,0.23859718441963196,-0.12804848,3.344275475,3.577450752258301,0,0,0,0,0,0,0,0,0,0,0,0,8.030914306640625,9.249985694885254,2.794346809387207,0,0,0,0,2157.4,2264.92,2295.3700000000003
6a074ce01e6661a6e224dc98,2026-05-15T16:40:58.397Z,14,5,5.3,2026-05-15T16:40:58.397Z,0.5712137222290039,0.6150381565093994,0.8336129188537598,-0.006905079,0.004628897,0.1649613380432129,0.090896964,8.377624512,4.671626091003418,0.23860816657543182,-0.128090858,2.905205726623535,3.1022753715515137,0,0,0,0,0,0,0,0,0,0,0,0,2.8272743225097656,6.965917587280273,8.097490310668945,0,0,0,0,2152.5,2256.17,2285.29
6a074d261e6661a6e224dcd5,2026-05-15T16:42:08.186Z,14,6,5.3,2026-05-15T16:42:08.186Z,0.840573788,0.8496675491333008,1.0744922161102295,-0.005178928,0.004628897,0.16538214683532715,0.091738582,8.530685424804688,4.574587821960449,0.2385895848274231,-0.128253698,3.1495516300201416,3.367138624191284,0,0,0,0,0,0,0,0,0,0,0,0,5.771810054779053,9.672450065612793,7.368464469909668,0,0,0,0,2144.7999999999997,2244.9,2275.42
6a074d6b1e6661a6e224dd12,2026-05-15T16:43:17.886Z,14,7,5.3,2026-05-15T16:43:17.886Z,0.5139214992523193,0.5098001956939697,0.7329599857330322,-0.007768393,0.004628897,0.16454052925109863,0.090476155,7.8776092529296875,4.3634185791015625,0.23855377733707428,-0.128593624,2.779923915863037,2.9908528327941895,0,0,0,0,0,0,0,0,0,0,0,0,6.490137100219727,6.007671833,3.5099658966064453,0,0,0,0,2135.91,2237.27,2269.47
6a074db11e6661a6e224dd4f,2026-05-15T16:44:27.471Z,14,8,5.3,2026-05-15T16:44:27.471Z,0.26422905921936035,0.22514033317565918,0.4421849250793457,-0.006905079,0.004628897,0.16454052925109863,0.091738582,8.693954467773438,4.021027565002441,0.2385828047990799,-0.128618479,1.911746859550476,2.0665555000305176,0,0,0,0,0,0,0,0,0,0,0,0,5.660436630249023,2.3808045387268066,1.6003427505493164,0,0,0,0,2128,2233.91,2266.1800000000003
6a074df71e6661a6e224dd8c,2026-05-15T16:45:36.892Z,14,9,5.3,2026-05-15T16:45:36.892Z,0.4899783134460449,0.546029806,0.7759742736816406,-0.008631468,0.004628897,0.16454052925109863,0.090896964,8.316390991210938,4.897130966186523,0.23858951032161713,-0.128223836,3.1688637733459473,3.3732752799987793,0,0,0,0,0,0,0,0,0,0,0,0,1.116580843925476,7.2404913902282715,8.146263122558594,0,0,0,0,2124.92,2226,2256.3799999999997
6a074e3c1e6661a6e224ddc9,2026-05-15T16:46:46.877Z,15,0,4.1,2026-05-15T16:46:46.877Z,0.72427845,0.7461545467376709,0.9411482810974121,-0.006905079,0.004628897,0.16454052925109863,0.090896964,8.255172729492188,4.342467308044434,0.23865705728530884,-0.128057837,2.735348701477051,2.9220077991485596,0,0,0,0,0,0,0,0,0,0,0,0,8.176307678222656,7.321658611297607,5.028088092803955,0,0,0,0,2114.77,2216.97,2248.61
6a074e811e6661a6e224de06,2026-05-15T16:47:56.232Z,15,1,4.1,2026-05-15T16:47:56.232Z,0.41216325759887695,0.39679884910583496,0.6107997894287109,-0.007768393,0.004628897,0.16411972045898438,0.090896964,8.489868164,4.142876625061035,0.2386530041694641,-0.128117144,2.4028000831604004,2.5717966556549072,0,0,0,0,0,0,0,0,0,0,0,0,7.734370708465576,4.288270950317383,1.542698860168457,0,0,0,0,2104.48,2211.3700000000003,2245.1800000000003
6a074ec71e6661a6e224de43,2026-05-15T16:49:05.824Z,15,2,4.1,2026-05-15T16:49:05.824Z,0.42926549911499023,0.43389105796813965,0.6641373634338379,-0.008631468,0.004628897,0.1649613380432129,0.090896964,8.142913818359375,4.256456375,0.23864006996154785,-0.128407836,2.2322492599487305,2.3857340812683105,0,0,0,0,0,0,0,0,0,0,0,0,5.253758907318115,4.171286106109619,5.122701644897461,0,0,0,0,2096.5699999999997,2206.19,2238.39
6a074f0c1e6661a6e224de80,2026-05-15T16:50:15.114Z,15,3,4.1,2026-05-15T16:50:15.114Z,0.26337385177612305,0.29414892196655273,0.49036073684692383,-0.006905079,0.004628897,0.1649613380432129,0.090896964,8.530685424804688,4.572933197021484,0.2385832816362381,-0.12844485,3.624183177947998,3.8357222080230713,0,0,0,0,0,0,0,0,0,0,0,0,2.891408920288086,5.721688270568848,1.7824033498764038,0,0,0,0,2091.81,2199.47,2234.8199999999997
6a074f521e6661a6e224debd,2026-05-15T16:51:24.387Z,15,4,4.1,2026-05-15T16:51:24.387Z,0.594301701,0.5865721702575684,0.8275911808013916,-0.007768393,0.004628897,0.1649613380432129,0.090896964,8.622528076171875,4.1417741775512695,0.23863151669502258,-0.128723979,1.875218152999878,2.017014980316162,0,0,0,0,0,0,0,0,0,0,0,0,6.537575721740723,3.9703214168548584,7.424096584320068,0,0,0,0,2083.27,2194.5699999999997,2225.58
6a074f971e6661a6e224defa,2026-05-15T16:52:33.886Z,15,5,4.1,2026-05-15T16:52:33.886Z,0.720858097,0.7151007652282715,0.8921124935150146,-0.008631468,0.004628897,0.1649613380432129,0.091738582,8.112304688,4.366726875305176,0.23861028254032135,-0.129014254,3.257883310317993,3.4525253772735596,0,0,0,0,0,0,0,0,0,0,0,0,9.107599258422852,8.976686477661133,2.1234521865844727,0,0,0,0,2071.2999999999997,2184.21,2221.1
6a074fdd1e6661a6e224df37,2026-05-15T16:53:43.482Z,15,6,4.1,2026-05-15T16:53:43.482Z,0.16161584854125977,0.18546032905578613,0.40433216094970703,-0.007768393,0.004628897,0.16454052925109863,0.090896964,8.561294555664062,4.439505577087402,0.23861239850521088,-0.129099905,2.984734296798706,3.225130796432495,0,0,0,0,0,0,0,0,0,0,0,0,2.407575845718384,3.6037356853485107,1.829336404800415,0,0,0,0,2066.6800000000003,2179.17,2217.67
6a0750221e6661a6e224df74,2026-05-15T16:54:53.026Z,15,7,4.1,2026-05-15T16:54:53.026Z,0.9012863636016846,0.8945231437683105,1.162240743637085,-0.006905079,0.004628897,0.16411972045898438,0.090896964,8.510284423828125,4.552533149719238,0.23859083652496338,-0.128879666,2.856224298477173,3.0634512901306152,0,0,0,0,0,0,0,0,0,0,0,0,5.5715813636779785,8.967796325683594,9.425886154174805,0,0,0,0,2059.33,2169.23,2206.47
6a0750681e6661a6e224dfb1,2026-05-15T16:56:02.482Z,15,8,4.1,2026-05-15T16:56:02.482Z,0.5506911277770996,0.5287778377532959,0.7002694606781006,-0.007768393,0.004628897,0.16538214683532715,0.091738582,8.683761596679688,4.341364860534668,0.2386111468076706,-0.129327297,3.0233564376831055,3.2463252544403076,0,0,0,0,0,0,0,0,0,0,0,0,7.438154220581055,6.747581481933594,1.9757425785064697,0,0,0,0,2049.6,2160.69,2201.92
6a0750ad1e6661a6e224dfee,2026-05-15T16:57:12.130Z,15,9,4.1,2026-05-15T16:57:12.130Z,0.8585309982299805,0.8591558933258057,1.0968589782714844,-0.008631468,0.004208088,0.16454052925109863,0.090896964,8.530685424804688,4.486371040344238,0.23866860568523407,-0.129116118,3.0612940788269043,3.271214723587036,0,0,0,0,0,0,0,0,0,0,0,0,7.390966892242432,9.420244216918945,6.249266147613525,0,0,0,0,2039.73,2149.6299999999997,2193.7999999999997
6a0750f31e6661a6e224e02b,2026-05-15T16:58:21.774Z,16,0,4,2026-05-15T16:58:21.774Z,0.6216652393341064,0.5753583908081055,0.8723256587982178,-0.007768393,0.004628897,0.16538214683532715,0.091738582,8.377624512,3.644451141357422,0.23866301774978638,-0.128776014,0.6254929900169373,0.7180331945419312,0,0,0,0,0,0,0,0,0,0,0,0,8.669244766235352,1.5069795846939087,8.025522232055664,0,0,0,0,2028.1100000000001,2146.69,2183.02
6a0751391e6661a6e224e068,2026-05-15T16:59:31.409Z,16,1,4,2026-05-15T16:59:31.409Z,0.2702150344848633,0.2915608882904053,0.4783165454864502,-0.007768393,0.004628897,0.1649613380432129,0.090896964,8.816467285,4.764253616333008,0.23865361511707306,-0.12886548,4.082333564758301,4.266228675842285,0,0,0,0,0,0,0,0,0,0,0,0,1.5902265310287476,6.642034530639648,2.2987780570983887,0,0,0,0,2024.33,2139.27,2178.61
6a07517e1e6661a6e224e0a5,2026-05-15T17:00:40.926Z,16,2,4,2026-05-15T17:00:40.926Z,0.8722126483917236,0.8833088874816895,1.1063225269317627,-0.006905079,0.005049825,0.1649613380432129,0.090896964,8.887893676757812,4.441160202026367,0.23862607777118683,-0.129084706,3.067000628,3.2870686054229736,0,0,0,0,0,0,0,0,0,0,0,0,7.732209205627441,9.541670799255371,5.964903354644775,0,0,0,0,2014.81,2128.28,2170.98
6a0751c31e6661a6e224e0e2,2026-05-15T17:01:50.213Z,16,3,4,2026-05-15T17:01:50.213Z,0.1898343563079834,0.18459773063659668,0.37938427925109863,-0.005178928,0.004628897,0.1649613380432129,0.090896964,8.193939208984375,4.080574035644531,0.23865832388401031,-0.129155159,1.9767630100250244,2.1524722576141357,0,0,0,0,0,0,0,0,0,0,0,0,4.049408912658691,2.1068313121795654,1.7407934665679932,0,0,0,0,2008.3700000000001,2124.5699999999997,2166.99
6a0752081e6661a6e224e11f,2026-05-15T17:02:59.439Z,16,4,4,2026-05-15T17:02:59.439Z,0.5524013042449951,0.5330908298492432,0.7862975597381592,-0.005178928,0.004628897,0.16538214683532715,0.090896964,7.8571929931640625,4.267482757568359,0.23866070806980133,-0.129181981,2.257051944732666,2.4153146743774414,0,0,0,0,0,0,0,0,0,0,0,0,6.034497261047363,4.827116966247559,5.965817451477051,0,0,0,0,1999.9699999999998,2118.97,2159.08
6a07524d1e6661a6e224e15c,2026-05-15T17:04:08.710Z,16,5,4,2026-05-15T17:04:08.710Z,0.5002398490905762,0.4977238178253174,0.7131733894348145,-0.007768393,0.004628897,0.16580307483673096,0.090896964,8.745025634765625,4.258110046386719,0.23865632712841034,-0.129342675,2.4666104316711426,2.6575558185577393,0,0,0,0,0,0,0,0,0,0,0,0,6.300592899,5.113834857940674,4.331907272338867,0,0,0,0,1991.43,2112.8799999999997,2152.71
6a0752931e6661a6e224e199,2026-05-15T17:05:17.814Z,16,6,4,2026-05-15T17:05:17.814Z,0.17187738418579102,0.1768343448638916,0.3965895175933838,-0.007768393,0.004628897,0.16454052925109863,0.090896964,8.428649902,4.335851669311523,0.23862603306770325,-0.12948215,2.178288221359253,2.3408541679382324,0,0,0,0,0,0,0,0,0,0,0,0,1.7532707452774048,2.351337194442749,3.550601005554199,0,0,0,0,1987.93,2109.7999999999997,2147.3199999999997
6a0752d81e6661a6e224e1d6,2026-05-15T17:06:27.126Z,16,7,4,2026-05-15T17:06:27.126Z,0.6447534561157227,0.6711077690124512,0.9351263046264648,-0.006905079,0.004628897,0.16538214683532715,0.090896964,8.010269165039062,4.412489891052246,0.23865404725074768,-0.129792631,2.2441515922546387,2.412724018096924,0,0,0,0,0,0,0,0,0,0,0,0,4.361614227294922,5.504227638244629,9.805163383483887,0,0,0,0,1981.9099999999999,2103.71,2135.42
6a07531d1e6661a6e224e213,2026-05-15T17:07:36.433Z,16,8,4,2026-05-15T17:07:36.433Z,0.8106451034545898,0.84449172,1.0547053813934326,-0.008631468,0.005049825,0.16538214683532715,0.090896964,7.8776092529296875,4.519452095031738,0.23865839838981628,-0.129763782,2.949411392211914,3.144677162,0,0,0,0,0,0,0,0,0,0,0,0,6.416856766,8.759815216064453,7.198273181915283,0,0,0,0,1973.3700000000001,2093.6299999999997,2125.48
6a0753631e6661a6e224e250,2026-05-15T17:08:45.838Z,16,9,4,2026-05-15T17:08:45.838Z,0.6481738090515137,0.623664379,0.8551201820373535,-0.006905079,0.005049825,0.1649613380432129,0.091738582,8.040878295898438,4.272444725036621,0.23867179453372955,-0.12959373,2.5320184230804443,2.7233667373657227,0,0,0,0,0,0,0,0,0,0,0,0,8.520008087158203,6.097723007202148,3.9504687786102295,0,0,0,0,1962.3799999999999,2086,2119.1800000000003
6a0753a81e6661a6e224e28d,2026-05-15T17:09:55.143Z,17,0,5.4,2026-05-15T17:09:55.143Z,0.3959159851074219,0.3942110538482666,0.6288659572601318,-0.006905079,0.004628897,0.16454052925109863,0.090896964,8.745025634765625,4.903746604919434,0.23863372206687927,-0.129198432,3.872678279876709,4.106686115264893,0,0,0,0,0,0,0,0,0,0,0,0,1.369390845298767,7.877647399902344,4.481409072875977,0,0,0,0,1958.81,2076.69,2112.8799999999997
6a0753ed1e6661a6e224e2ca,2026-05-15T17:11:04.560Z,17,1,5.4,2026-05-15T17:11:04.560Z,0.8551106452941895,0.8893470764160156,1.1390132904052734,-0.007768393,0.005049825,0.16538214683532715,0.09215939,8.428649902,4.6275177001953125,0.23863986134529114,-0.129718423,2.993586778640747,3.1402406692504883,0,0,0,0,0,0,0,0,0,0,0,0,4.7878570556640625,9.087913513183594,9.792268753051758,0,0,0,0,1952.0900000000001,2065.6299999999997,2100.42
6a0754331e6661a6e224e307,2026-05-15T17:12:13.845Z,17,2,5.4,2026-05-15T17:12:13.845Z,0.32579708099365234,0.33037805557250977,0.5307939052581787,-0.005178928,0.004628897,0.16580307483673096,0.091738582,8.908294677734375,4.387678146362305,0.23860500752925873,-0.129978657,2.949568748474121,3.080369234085083,0,0,0,0,0,0,0,0,0,0,0,0,4.091512680053711,4.769117355,2.9496285915374756,0,0,0,0,1946.42,2059.61,2095.3799999999997
6a0754781e6661a6e224e344,2026-05-15T17:13:23.168Z,17,3,5.4,2026-05-15T17:13:23.168Z,0.45577406883239746,0.4106004238128662,0.6959681510925293,-0.005178928,0.005470634,0.16454052925109863,0.090896964,8.714370727539062,4.099870681762695,0.23863737285137177,-0.129966676,1.9333314895629883,2.040327548980713,0,0,0,0,0,0,0,0,0,0,0,0,6.376429080963135,3.421243190765381,5.392129421234131,0,0,0,0,1937.67,2055.1299999999997,2088.03
6a0754bd1e6661a6e224e381,2026-05-15T17:14:32.279Z,17,4,5.4,2026-05-15T17:14:32.279Z,0.314680815,0.36401987075805664,0.5170292854309082,-0.007768393,0.004628897,0.1649613380432129,0.090896964,8.847076416015625,4.669971466064453,0.23861083388328552,-0.130338192,4.030309677124023,4.117945194244385,0,0,0,0,0,0,0,0,0,0,0,0,3.0445187091827393,6.933326244354248,1.824148178100586,0,0,0,0,1932.7000000000003,2047.08,2084.39
6a0755031e6661a6e224e3be,2026-05-15T17:15:41.716Z,17,5,5.4,2026-05-15T17:15:41.716Z,0.5147764682769775,0.5028996467590332,0.752746582,-0.005178928,0.004628897,0.1649613380432129,0.090896964,8.27557373,3.9697513580322266,0.238590807,-0.130499363,1.474460244178772,1.5763627290725708,0,0,0,0,0,0,0,0,0,0,0,0,6.598465919494629,2.481750488,7.181560516357422,0,0,0,0,1924.0900000000001,2043.51,2075.4300000000003
6a0755481e6661a6e224e3fb,2026-05-15T17:16:50.905Z,17,6,5.4,2026-05-15T17:16:50.905Z,0.6302165985107422,0.672832727,0.8783481121063232,-0.009494543,0.004628897,0.1649613380432129,0.091738582,9.000137329101562,4.610425949,0.23860612511634827,-0.130234659,3.5411763191223145,3.631539821624756,0,0,0,0,0,0,0,0,0,0,0,0,4.1223297119140625,9.148535728,6.041935920715332,0,0,0,0,1917.7900000000002,2033.5,2066.89
6a07558d1e6661a6e224e438,2026-05-15T17:18:00.320Z,17,7,5.4,2026-05-15T17:18:00.320Z,0.47031068801879883,0.4658071994781494,0.6779022216796875,-0.008631468,0.004628897,0.16538214683532715,0.090896964,8.704162598,4.813876152038574,0.23860512673854828,-0.130516231,4.184971809387207,4.303586006164551,0,0,0,0,0,0,0,0,0,0,0,0,2.463056802749634,8.913812637329102,3.5696628093719482,0,0,0,0,1913.3799999999999,2022.7900000000002,2061.4300000000003
6a0755d31e6661a6e224e475,2026-05-15T17:19:09.742Z,17,8,5.4,2026-05-15T17:19:09.742Z,0.5173418521881104,0.5236020088195801,0.7837164402008057,-0.006905079,0.004628897,0.16538214683532715,0.090896964,8.520477294921875,4.4224138259887695,0.23860616981983185,-0.130457878,2.344179391860962,2.478703737258911,0,0,0,0,0,0,0,0,0,0,0,0,3.9235527515411377,4.836359024047852,7.884774684906006,0,0,0,0,1907.7099999999998,2016.07,2051.28
6a0756181e6661a6e224e4b2,2026-05-15T17:20:18.957Z,17,9,5.4,2026-05-15T17:20:18.957Z,0.600287676,0.6642069816589355,0.8800685405731201,-0.006905079,0.004628897,0.16454052925109863,0.090896964,8.632736206054688,4.653983116149902,0.2385801374912262,-0.130387485,3.234551191329956,3.331470251083374,0,0,0,0,0,0,0,0,0,0,0,0,3.611147642,7.926257610321045,7.0586628913879395,0,0,0,0,1902.32,2006.8999999999999,2041.8999999999999
6a07565e1e6661a6e224e4ef,2026-05-15T17:21:28.614Z,18,0,5.5,2026-05-15T17:21:28.614Z,0.5720689296722412,0.5736331939697266,0.7295188903808594,-0.007768393,0.004628897,0.16538214683532715,0.090896964,8.336807250976562,4.553084373474121,0.2385600507259369,-0.130747616,3.769347667694092,3.905635118484497,0,0,0,0,0,0,0,0,0,0,0,0,6.151801109313965,8.968694686889648,2.1061103343963623,0,0,0,0,1894.1299999999999,1996.1200000000001,2037.7000000000003
6a0756a31e6661a6e224e52c,2026-05-15T17:22:38.151Z,18,1,5.5,2026-05-15T17:22:38.151Z,0.9500279426574707,0.9885470867156982,1.1785860061645508,-0.005178928,0.004628897,0.1649613380432129,0.090896964,8.377624512,4.417451858520508,0.23855604231357574,-0.130962729,2.682508945465088,2.8108277320861816,0,0,0,0,0,0,0,0,0,0,0,0,7.542778015136719,8.312520027160645,9.182067871,0,0,0,0,1884.1200000000001,1986.1100000000001,2026.57
6a0756e91e6661a6e224e569,2026-05-15T17:23:47.571Z,18,2,5.5,2026-05-15T17:23:47.571Z,0.7105967998504639,0.7056119441986084,0.933405876,-0.006905079,0.004628897,0.1649613380432129,0.090896964,8.704162598,4.167688369750977,0.23853398859500885,-0.130924046,2.3547511100769043,2.435403347015381,0,0,0,0,0,0,0,0,0,0,0,0,9.300023078918457,5.684046268463135,5.082224369049072,0,0,0,0,1871.8700000000001,1978.6200000000001,2018.8700000000001
6a07572e1e6661a6e224e5a6,2026-05-15T17:24:56.888Z,18,3,5.5,2026-05-15T17:24:56.888Z,0.7379603385925293,0.7625439167022705,0.9936254024505615,-0.006905079,0.005049825,0.16538214683532715,0.09215939,8.469467163085938,4.5685224533081055,0.2385512888431549,-0.130750954,3.452718734741211,3.5546770095825195,0,0,0,0,0,0,0,0,0,0,0,0,5.663660049438477,9.729355812072754,5.928710460662842,0,0,0,0,1863.8899999999999,1967.77,2011.1000000000001
6a0757731e6661a6e224e5e3,2026-05-15T17:26:05.972Z,18,4,5.5,2026-05-15T17:26:05.972Z,0.32408690452575684,0.32175230979919434,0.5067057609558105,-0.007768393,0.004628897,0.16538214683532715,0.091738582,8.357208251953125,4.732275963,0.23859535157680511,-0.130715251,4.284025192260742,4.3902692794799805,0,0,0,0,0,0,0,0,0,0,0,0,2.576612949371338,7.125978469848633,1.4802093505859375,0,0,0,0,1859.2000000000003,1958.67,2007.5300000000002
6a0757b81e6661a6e224e620,2026-05-15T17:27:15.215Z,18,5,5.5,2026-05-15T17:27:15.215Z,0.7371053695678711,0.7884223461151123,1.0185737609863281,-0.006905079,0.005049825,0.16580307483673096,0.090896964,8.449050903320312,4.623106956481934,0.23855388164520264,-0.131023467,2.931169033050537,3.0662448406219482,0,0,0,0,0,0,0,0,0,0,0,0,4.051094055175781,8.028575897216797,9.380104064941406,0,0,0,0,1853.32,1949.08,1996.1200000000001
6a0757fd1e6661a6e224e65d,2026-05-15T17:28:24.244Z,18,6,5.5,2026-05-15T17:28:24.244Z,0.847414494,0.8375909328460693,1.0392205715179443,-0.006905079,0.004628897,0.1649613380432129,0.090896964,8.142913818359375,4.499052047729492,0.2385774850845337,-0.131076097,3.2877888679504395,3.415520668029785,0,0,0,0,0,0,0,0,0,0,0,0,7.970849037,9.819222450256348,4.977705001831055,0,0,0,0,1843.31,1937.5300000000002,1988.7000000000003
6a0758421e6661a6e224e69a,2026-05-15T17:29:33.429Z,18,7,5.5,2026-05-15T17:29:33.429Z,0.8191957473754883,0.8194761276245117,1.088256836,-0.006905079,0.004628897,0.1649613380432129,0.090896964,8.142913818359375,4.317656517028809,0.23858533799648285,-0.131151676,2.348604202270508,2.4642984867095947,0,0,0,0,0,0,0,0,0,0,0,0,7.093090534210205,6.381322383880615,9.228132247924805,0,0,0,0,1833.58,1929.4099999999999,1977.2900000000002
6a0758881e6661a6e224e6d7,2026-05-15T17:30:42.790Z,18,8,5.5,2026-05-15T17:30:42.790Z,0.6131141185760498,0.5977864265441895,0.8318924903869629,-0.006905079,0.004628897,0.1649613380432129,0.091738582,8.683761596679688,4.1583147048950195,0.23858091235160828,-0.131112635,2.140227794647217,2.2155723571777344,0,0,0,0,0,0,0,0,0,0,0,0,7.593006610870361,4.587552070617676,5.943155765533447,0,0,0,0,1823.5,1923.67,1968.8899999999999
6a0758cd1e6661a6e224e714,2026-05-15T17:31:52.164Z,18,9,5.5,2026-05-15T17:31:52.164Z,0.6285061836242676,0.6072750091552734,0.830172062,-0.008631468,0.004208088,0.1649613380432129,0.090896964,8.265365600585938,4.203525543212891,0.23855437338352203,-0.131513476,2.3646979331970215,2.4344565868377686,0,0,0,0,0,0,0,0,0,0,0,0,8.214078903198242,5.299895763397217,5.013434886932373,0,0,0,0,1812.7199999999998,1917.3700000000001,1961.68
6a0759131e6661a6e224e751,2026-05-15T17:33:01.713Z,19,0,3.9,2026-05-15T17:33:01.713Z,0.6191000938415527,0.6098628044128418,0.8336129188537598,-0.005178928,0.005049825,0.1649613380432129,0.091738582,8.561294555664062,4.349635124206543,0.2385672777891159,-0.131426573,3.1125295162200928,3.197469472885132,0,0,0,0,0,0,0,0,0,0,0,0,7.944928169250488,7.325024604797363,2.716581106185913,0,0,0,0,1802.2199999999998,1908.83,1957.1299999999999
6a0759581e6661a6e224e78e,2026-05-15T17:34:10.986Z,19,1,3.9,2026-05-15T17:34:10.986Z,0.43439602851867676,0.45631885528564453,0.7114529609680176,-0.007768393,0.004628897,0.16580307483673096,0.090896964,8.704162598,4.401461601257324,0.2385997325181961,-0.131523132,2.293299674987793,2.4149036407470703,0,0,0,0,0,0,0,0,0,0,0,0,3.2154998779296875,4.289710521697998,7.602951526641846,0,0,0,0,1796.48,1903.0900000000001,1947.4699999999998
6a07599d1e6661a6e224e7cb,2026-05-15T17:35:20.337Z,19,2,3.9,2026-05-15T17:35:20.337Z,0.1872692108154297,0.18114709854125977,0.4155161380767822,-0.006905079,0.004628897,0.1649613380432129,0.091738582,8.928710938,4.3716888427734375,0.2386152595281601,-0.131457925,2.1832594871520996,2.2676854133605957,0,0,0,0,0,0,0,0,0,0,0,0,1.5104063749313354,2.378084182739258,4.329346179962158,0,0,0,0,1793.33,1899.8700000000001,1940.8899999999999
6a0759e21e6661a6e224e808,2026-05-15T17:36:29.697Z,19,3,3.9,2026-05-15T17:36:29.697Z,0.37282824516296387,0.4123258590698242,0.5763885974884033,-0.009494543,0.005049825,0.1649613380432129,0.091738582,8.204147338867188,4.968806266784668,0.23862388730049133,-0.131775379,4.609554290771484,4.6748127937316895,0,0,0,0,0,0,0,0,0,0,0,0,1.3759686946868896,9.040133476257324,2.9944357872009277,0,0,0,0,1790.53,1889.7199999999998,1935.99
6a075a281e6661a6e224e845,2026-05-15T17:37:38.844Z,19,4,3.9,2026-05-15T17:37:38.844Z,0.6473186016082764,0.6400539875030518,0.907597542,-0.007768393,0.005049825,0.16454052925109863,0.091738582,8.847076416015625,4.218963623046875,0.23863503336906433,-0.13145256,2.057255983352661,2.162426471710205,0,0,0,0,0,0,0,0,0,0,0,0,6.395733356,4.622671127319336,8.323575973510742,0,0,0,0,1782.27,1883.7000000000003,1925.7000000000003
6a075a6d1e6661a6e224e882,2026-05-15T17:38:48.292Z,19,5,3.9,2026-05-15T17:38:48.292Z,0.6276512145996094,0.6081376075744629,0.7837164402008057,-0.005178928,0.004628897,0.16538214683532715,0.091738582,8.295989990234375,4.511181831359863,0.2386443018913269,-0.131505013,3.3970775604248047,3.5024173259735107,0,0,0,0,0,0,0,0,0,0,0,0,5.8823747634887695,8.113945007324219,3.8226640224456787,0,0,0,0,1774.08,1874.3899999999999,1919.4699999999998
6a075ab31e6661a6e224e8bf,2026-05-15T17:39:57.614Z,19,6,3.9,2026-05-15T17:39:57.614Z,0.38650989532470703,0.33641648292541504,0.5901532173156738,-0.006905079,0.004628897,0.1649613380432129,0.090896964,8.734771728515625,3.7392845153808594,0.23863446712493896,-0.131720185,1.4010933637619019,1.5030291080474854,0,0,0,0,0,0,0,0,0,0,0,0,8.571643829345703,1.8388917446136475,2.450252056121826,0,0,0,0,1762.88,1871.1000000000001,1915.2000000000003
6a075af81e6661a6e224e8fc,2026-05-15T17:41:07.047Z,19,7,3.9,2026-05-15T17:41:07.047Z,0.8157753944396973,0.8306899070739746,1.0005075931549072,-0.007768393,0.005049825,0.16538214683532715,0.090896964,8.561294555664062,4.3220672607421875,0.2385987937450409,-0.124480546,3.130978823,3.209428310394287,0,0,0,0,0,0,0,0,0,0,0,0,9.739361763000488,8.911893844604492,3.399691343307495,0,0,0,0,1750.28,1861.23,1910.02
6a075b3d1e6661a6e224e939,2026-05-15T17:42:16.206Z,19,8,3.9,2026-05-15T17:42:16.206Z,0.6866536140441895,0.6590311527252197,0.9574935436248779,-0.008631468,0.005049825,0.16538214683532715,0.091738582,8.336807250976562,4.671626091003418,0.23858971893787384,-0.125414312,2.957125663757324,3.060250997543335,0,0,0,0,0,0,0,0,0,0,0,0,3.1561315059661865,7.713471889,9.396247863769531,0,0,0,0,1745.1000000000001,1852.2000000000003,1898.68
6a075b831e6661a6e224e976,2026-05-15T17:43:25.826Z,19,9,3.9,2026-05-15T17:43:25.826Z,0.5276033878326416,0.5736331939697266,0.7931795120239258,-0.006905079,0.004628897,0.16538214683532715,0.091738582,8.612319946289062,4.921941757202148,0.23859143257141113,-0.125882566,3.756848096847534,3.8693771362304688,0,0,0,0,0,0,0,0,0,0,0,0,1.6068572998046875,8.874078750610352,6.679888725280762,0,0,0,0,1741.8100000000002,1841.42,1889.02
6a075bc81e6661a6e224e9b3,2026-05-15T17:44:35.194Z,20,0,5.6,2026-05-15T17:44:35.194Z,0.5070805549621582,0.5279150009155273,0.7062911987304688,-0.007768393,0.005049825,0.16580307483673096,0.091738582,8.428649902,4.673280715942383,0.23860985040664673,-0.12678349,4.177275657653809,4.316634178161621,0,0,0,0,0,0,0,0,0,0,0,0,4.203428268432617,9.333587646484375,2.1456613540649414,0,0,0,0,1735.79,1830.2199999999998,1884.68
6a075c0e1e6661a6e224e9f0,2026-05-15T17:45:44.778Z,20,1,5.6,2026-05-15T17:45:44.778Z,0.5618076324462891,0.555518389,0.780275822,-0.008631468,0.004628897,0.16580307483673096,0.090896964,8.040878295898438,4.550879478,0.23863449692726135,-0.126640081,3.5340898036956787,3.672513008117676,0,0,0,0,0,0,0,0,0,0,0,0,5.7078094482421875,8.223890305,3.1069090366363525,0,0,0,0,1728.0900000000001,1820.07,1879.99
6a075c531e6661a6e224ea2d,2026-05-15T17:46:54.112Z,20,2,5.6,2026-05-15T17:46:54.112Z,0.8482694625854492,0.8168883323669434,1.0658893585205078,-0.007768393,0.005470634,0.1649613380432129,0.090896964,8.479660034179688,4.2630720138549805,0.2386341691017151,-0.12681973,2.4820375442504883,2.608349084854126,0,0,0,0,0,0,0,0,0,0,0,0,9.536493301391602,6.829023361206055,6.0883355140686035,0,0,0,0,1716.1899999999998,1811.81,1872.2199999999998
6a075c991e6661a6e224ea6a,2026-05-15T17:48:03.450Z,20,3,5.6,2026-05-15T17:48:03.450Z,1.0705986022949219,1.0653188228607178,1.3145108222961426,-0.006905079,0.005049825,0.16538214683532715,0.091738582,8.561294555664062,4.367278099060059,0.2386583536863327,-0.12726754,2.813549041748047,2.905919075012207,0,0,0,0,0,0,0,0,0,0,0,0,9.602405548095703,9.410790443,7.923772811889648,0,0,0,0,1703.38,1800.3999999999999,1861.58
6a075cde1e6661a6e224eaa7,2026-05-15T17:49:12.897Z,20,4,5.6,2026-05-15T17:49:12.897Z,0.6550147533416748,0.6409165859222412,0.8714654445648193,-0.007768393,0.004628897,0.16454052925109863,0.090896964,8.438842773,4.500706672668457,0.23863127827644348,-0.128064811,3.321859359741211,3.4209938049316406,0,0,0,0,0,0,0,0,0,0,0,0,6.295016765594482,8.498433113098145,4.549392223358154,0,0,0,0,1694.77,1790.32,1854.93
6a075d231e6661a6e224eae4,2026-05-15T17:50:22.282Z,20,5,5.6,2026-05-15T17:50:22.282Z,0.4677455425262451,0.4589064121246338,0.7432835102081299,-0.007768393,0.005470634,0.16454052925109863,0.090896964,8.438842773,4.055763244628906,0.23865647614002228,-0.128659248,1.470802903175354,1.5706441402435303,0,0,0,0,0,0,0,0,0,0,0,0,4.684168815612793,2.3712244033813477,8.416276931762695,0,0,0,0,1687.7,1786.61,1844.01
6a075d691e6661a6e224eb21,2026-05-15T17:51:31.578Z,20,6,5.6,2026-05-15T17:51:31.578Z,0.5087907314300537,0.5003116130828857,0.7811360359191895,-0.007768393,0.005049825,0.1649613380432129,0.091738582,8.020462036132812,4.152250289916992,0.23861414194107056,-0.129544377,1.6862380504608154,1.7483257055282593,0,0,0,0,0,0,0,0,0,0,0,0,4.543971061706543,2.9373185634613037,8.356453895568848,0,0,0,0,1681.1899999999998,1783.11,1833.0900000000001
6a075dae1e6661a6e224eb5e,2026-05-15T17:52:40.863Z,20,7,5.6,2026-05-15T17:52:40.863Z,0.513066292,0.4934108257293701,0.7097325325012207,-0.006905079,0.005470634,0.16580307483673096,0.090896964,8.377624512,3.916269302368164,0.2386203408241272,-0.129540622,1.6823471784591675,1.7370853424072266,0,0,0,0,0,0,0,0,0,0,0,0,9.095899582,2.931453227996826,3.9723095893859863,0,0,0,0,1669.92,1779.68,1826.7199999999998
6a075df31e6661a6e224eb9b,2026-05-15T17:53:50.423Z,20,8,5.6,2026-05-15T17:53:50.423Z,0.36513209342956543,0.3847224712371826,0.6142411231994629,-0.006905079,0.004628897,0.1649613380432129,0.090896964,8.561294555664062,4.4858198165893555,0.2386075109243393,-0.129902422,2.924651861190796,2.9681966304779053,0,0,0,0,0,0,0,0,0,0,0,0,3.107830286026001,5.166165351867676,5.090665817260742,0,0,0,0,1664.6000000000001,1773.5900000000001,1819.7199999999998
6a075e381e6661a6e224ebd8,2026-05-15T17:54:59.648Z,20,9,5.6,2026-05-15T17:54:59.648Z,0.4891231060028076,0.47443366050720215,0.701129675,-0.005178928,0.005049825,0.16538214683532715,0.090476155,8.489868164,4.382164955,0.23860229551792145,-0.123899162,2.991035223007202,3.0700223445892334,0,0,0,0,0,0,0,0,0,0,0,0,5.975994587,6.205255031585693,3.611085891723633,0,0,0,0,1656.62,1766.17,1814.1200000000001
6a075e7e1e6661a6e224ec15,2026-05-15T17:56:08.746Z,21,0,3.8,2026-05-15T17:56:08.746Z,0.30783987045288086,0.27689647674560547,0.48003697395324707,-0.007768393,0.005049825,0.1649613380432129,0.090896964,8.918502807617188,3.9829835891723633,0.23864533007144928,-0.129192054,2.004599094390869,2.130937099456787,0,0,0,0,0,0,0,0,0,0,0,0,6.671789646148682,2.7253148555755615,1.5917468070983887,0,0,0,0,1647.38,1762.39,1810.69
6a075ec31e6661a6e224ec52,2026-05-15T17:57:18.082Z,21,1,3.8,2026-05-15T17:57:18.082Z,0.6883640289306641,0.7228641510009766,0.9213619232177734,-0.005178928,0.005049825,0.16580307483673096,0.091738582,8.122512817382812,4.566317558288574,0.2386268526315689,-0.128087521,3.3979570865631104,3.492115020751953,0,0,0,0,0,0,0,0,0,0,0,0,5.5311126708984375,9.098282814025879,5.575882434844971,0,0,0,0,1639.68,1752.3100000000002,1803.4099999999999
6a075f091e6661a6e224ec8f,2026-05-15T17:58:27.534Z,21,2,3.8,2026-05-15T17:58:27.534Z,0.4378166198730469,0.426990271,0.6736006736755371,-0.006905079,0.005049825,0.16454052925109863,0.091738582,8.602127075195312,4.017167091369629,0.23865994811058044,-0.129880309,1.5978069305419922,1.7010258436203003,0,0,0,0,0,0,0,0,0,0,0,0,5.799208641052246,2.5913326740264893,6.391196250915527,0,0,0,0,1631.7,1748.32,1794.7999999999997
6a075f4e1e6661a6e224eccc,2026-05-15T17:59:37.115Z,21,3,3.8,2026-05-15T17:59:37.115Z,0.986797571,0.9178130626678467,1.1570792198181152,-0.006905079,0.005049825,0.16538214683532715,0.090896964,8.663345336914062,4.392641067504883,0.23859092593193054,-0.126754999,2.8405232429504395,2.9369003772735596,0,0,0,0,0,0,0,0,0,0,0,0,7.975622177124023,8.607713699,7.619570255279541,0,0,0,0,1621.4099999999999,1738.5900000000001,1784.79
6a075f931e6661a6e224ed09,2026-05-15T18:00:46.228Z,21,4,3.8,2026-05-15T18:00:46.228Z,0.37368321418762207,0.3942110538482666,0.6417701244354248,-0.007768393,0.005470634,0.1649613380432129,0.090896964,8.796051025390625,4.385472297668457,0.23862677812576294,-0.127765298,2.415410041809082,2.5002753734588623,0,0,0,0,0,0,0,0,0,0,0,0,3.2865450382232666,4.113969802856445,5.993330001831055,0,0,0,0,1615.88,1733.2,1776.53
6a075fd81e6661a6e224ed46,2026-05-15T18:01:55.709Z,21,5,3.8,2026-05-15T18:01:55.709Z,0.41301822662353516,0.3907606601715088,0.6159617900848389,-0.007768393,0.004628897,0.16538214683532715,0.090896964,8.877685547,4.104832649230957,0.23863212764263153,-0.127938926,2.230715751647949,2.3324451446533203,0,0,0,0,0,0,0,0,0,0,0,0,7.130065441131592,3.7546286582946777,2.6197898387908936,0,0,0,0,1606.78,1728.51,1771.77
6a07601e1e6661a6e224ed83,2026-05-15T18:03:04.850Z,21,6,3.8,2026-05-15T18:03:04.850Z,0.5720689296722412,0.5719079971313477,0.7862975597381592,-0.006905079,0.005891442,0.16580307483673096,0.091738582,8.408233642578125,4.012205123901367,0.23858720064163208,-0.128461182,1.9108068943023682,2.004809617996216,0,0,0,0,0,0,0,0,0,0,0,0,9.215582847595215,3.7606213092803955,4.261412143707275,0,0,0,0,1594.67,1723.89,1765.68
6a0760641e6661a6e224edc0,2026-05-15T18:04:14.293Z,21,7,3.8,2026-05-15T18:04:14.293Z,0.6490287780761719,0.6831843852996826,0.8809287548065186,-0.007768393,0.005470634,0.16538214683532715,0.091738582,8.775650024414062,4.705258369445801,0.23860867321491241,-0.128782332,3.646373748779297,3.7473268508911133,0,0,0,0,0,0,0,0,0,0,0,0,3.9864001274108887,9.631915092468262,5.981102943,0,0,0,0,1588.23,1713.11,1757.63
6a0760a91e6661a6e224edfd,2026-05-15T18:05:24.056Z,21,8,3.8,2026-05-15T18:05:24.056Z,0.5378644466400146,0.595198393,0.780275822,-0.005178928,0.004628897,0.16454052925109863,0.090476155,8.551101684570312,4.826005935668945,0.23857082426548004,-0.128902435,3.6204092502593994,3.750638246536255,0,0,0,0,0,0,0,0,0,0,0,0,2.2843077182769775,8.436357498168945,6.312403202056885,0,0,0,0,1584.17,1702.82,1749.0900000000001
6a0760ef1e6661a6e224ee3a,2026-05-15T18:06:33.574Z,21,9,3.8,2026-05-15T18:06:33.574Z,0.5729238986968994,0.6098628044128418,0.8852298259735107,-0.008631468,0.005470634,0.16454052925109863,0.090896964,8.398025512695312,4.7747297286987305,0.23860380053520203,-0.129499137,3.148153781890869,3.2705936431884766,0,0,0,0,0,0,0,0,0,0,0,0,2.390779972076416,7.5965189933776855,8.325420379638672,0,0,0,0,1580.18,1693.51,1738.3100000000002
6a0761341e6661a6e224ee77,2026-05-15T18:07:42.888Z,22,0,4.7,2026-05-15T18:07:42.888Z,0.5395746231079102,0.5813968181610107,0.8069441318511963,-0.007768393,0.005049825,0.16538214683532715,0.091738582,8.347015380859375,5.012914657592773,0.23859795928001404,-0.129631579,3.938978672027588,4.0731425285339355,0,0,0,0,0,0,0,0,0,0,0,0,1.3725721836090088,9.402025223,6.371198654174805,0,0,0,0,1577.17,1682.1000000000001,1729.21
6a0761791e6661a6e224eeb4,2026-05-15T18:08:52.162Z,22,1,4.7,2026-05-15T18:08:52.162Z,0.4814271926879883,0.47098302841186523,0.6804826259613037,-0.007768393,0.005891442,0.1649613380432129,0.090896964,8.479660034179688,4.318758964538574,0.23862123489379883,-0.129321575,2.691556692123413,2.826913833618164,0,0,0,0,0,0,0,0,0,0,0,0,6.486405849456787,5.353653430938721,3.5133602619171143,0,0,0,0,1568.77,1675.3100000000002,1723.68
6a0761bf1e6661a6e224eef1,2026-05-15T18:10:01.493Z,22,2,4.7,2026-05-15T18:10:01.493Z,0.8876047134399414,0.9100499153137207,1.1209471225738525,-0.006905079,0.004628897,0.1649613380432129,0.090896964,8.724578857421875,4.417451858520508,0.23860178887844086,-0.130179763,2.854893684387207,2.9617819786071777,0,0,0,0,0,0,0,0,0,0,0,0,8.040309906,8.419924736,6.985508918762207,0,0,0,0,1558.27,1665.37,1714.72
6a0762041e6661a6e224ef2e,2026-05-15T18:11:10.917Z,22,3,4.7,2026-05-15T18:11:10.917Z,0.6840884685516357,0.7280397415161133,0.9712579250335693,-0.006905079,0.005049825,0.1649613380432129,0.090896964,8.387832641601562,4.685961723327637,0.23858791589736938,-0.122588694,3.333449363708496,3.4580047130584717,0,0,0,0,0,0,0,0,0,0,0,0,3.820504665374756,9.049875259399414,7.633774757385254,0,0,0,0,1552.11,1654.73,1704.57
6a0762491e6661a6e224ef6b,2026-05-15T18:12:20.347Z,22,4,4.7,2026-05-15T18:12:20.347Z,0.7319748401641846,0.6849095821380615,0.9807212352752686,-0.009494543,0.005049825,0.16538214683532715,0.090896964,8.000061035,3.964789390563965,0.238592729,-0.127127111,1.4335020780563354,1.5116389989852905,0,0,0,0,0,0,0,0,0,0,0,0,8.188258171081543,2.8698954582214355,9.242975234985352,0,0,0,0,1541.68,1650.6000000000001,1692.67
6a07628f1e6661a6e224efa8,2026-05-15T18:13:29.651Z,22,5,4.7,2026-05-15T18:13:29.651Z,0.5600972175598145,0.5908854007720947,0.7510261535644531,-0.005178928,0.005470634,0.16454052925109863,0.091738582,8.489868164,4.545917510986328,0.23861591517925262,-0.128147125,3.7390379905700684,3.8121156692504883,0,0,0,0,0,0,0,0,0,0,0,0,5.403214454650879,8.849850655,3.0675301551818848,0,0,0,0,1533.9099999999999,1640.73,1687.21
6a0762d51e6661a6e224efe5,2026-05-15T18:14:39.292Z,22,6,4.7,2026-05-15T18:14:39.292Z,0.3805239200592041,0.42612767219543457,0.6305863857269287,-0.007768393,0.005049825,0.16454052925109863,0.090896964,8.306198120117188,4.805606842041016,0.23859302699565887,-0.128660738,4.415162086486816,4.536088466644287,0,0,0,0,0,0,0,0,0,0,0,0,2.689086914,8.883833885192871,2.235269308,0,0,0,0,1529.08,1629.6000000000001,1683.22
6a07631a1e6661a6e224f022,2026-05-15T18:15:48.871Z,22,7,4.7,2026-05-15T18:15:48.871Z,0.6071286201477051,0.5753583908081055,0.8000621795654297,-0.007768393,0.005049825,0.16454052925109863,0.090896964,8.234756469726562,4.124131202697754,0.23858146369457245,-0.126092851,2.2018485069274902,2.320730209350586,0,0,0,0,0,0,0,0,0,0,0,0,9.620499610900879,4.706995010375977,3.382960796356201,0,0,0,0,1517.32,1623.58,1677.97
6a0763601e6661a6e224f05f,2026-05-15T18:16:58.392Z,22,8,4.7,2026-05-15T18:16:58.392Z,0.4634697437286377,0.4847846031188965,0.7364013195037842,-0.007768393,0.004628897,0.16411972045898438,0.090896964,8.581710815429688,4.650123596191406,0.2386321723461151,-0.12956804,2.5707995891571045,2.6946945190429688,0,0,0,0,0,0,0,0,0,0,0,0,1.8271570205688477,5.130509853363037,8.638582229614258,0,0,0,0,1512.98,1617.42,1667.47
6a0763a61e6661a6e224f09c,2026-05-15T18:18:08.698Z,22,9,4.7,2026-05-15T18:18:08.698Z,0.5575320720672607,0.5356786251068115,0.8361940383911133,-0.008631468,0.004628897,0.16454052925109863,0.091738582,8.449050903320312,3.871058464050293,0.2387123554944992,-0.129657567,0.8261892199516296,0.8924130797386169,0,0,0,0,0,0,0,0,0,0,0,0,6.333928108215332,1.9674221277236938,9.090519905090332,0,0,0,0,1504.79,1614.48,1655.29
6a0763eb1e6661a6e224f0d9,2026-05-15T18:19:18.137Z,23,0,3.7,2026-05-15T18:19:18.137Z,0.7601935863494873,0.7418415546417236,1.0082504749298096,-0.006905079,0.005049825,0.16538214683532715,0.090896964,8.428649902,3.956519127,0.23869429528713226,-0.122903049,1.6453049182891846,1.6992601156234741,0,0,0,0,0,0,0,0,0,0,0,0,9.63885498,3.6050901412963867,7.757990837097168,0,0,0,0,1492.68,1610.42,1644.79
6a0764311e6661a6e224f116,2026-05-15T18:20:27.378Z,23,1,3.7,2026-05-15T18:20:27.378Z,0.5823304653167725,0.6124505996704102,0.867164135,-0.007768393,0.005049825,0.1649613380432129,0.090896964,8.163330078,4.456598281860352,0.23864665627479553,-0.125676572,2.6965978145599365,2.752809762954712,0,0,0,0,0,0,0,0,0,0,0,0,4.320962905883789,6.145410537719727,7.7248382568359375,0,0,0,0,1485.68,1603.42,1634.71
6a0764761e6661a6e224f153,2026-05-15T18:21:37.024Z,23,2,3.7,2026-05-15T18:21:37.024Z,0.5233275890350342,0.4977238178253174,0.7441437244415283,-0.007768393,0.005470634,0.1649613380432129,0.090896964,8.714370727539062,4.151698112487793,0.2386767417192459,-0.126214385,2.1907291412353516,2.2676844596862793,0,0,0,0,0,0,0,0,0,0,0,0,7.041073799133301,4.278895854949951,4.995225429534912,0,0,0,0,1476.51,1598.03,1627.43
6a0764bb1e6661a6e224f190,2026-05-15T18:22:46.264Z,23,3,3.7,2026-05-15T18:22:46.264Z,0.6276512145996094,0.6529932022094727,0.855980635,-0.008631468,0.005049825,0.16411972045898438,0.090896964,8.642944336,4.252596855163574,0.23864160478115082,-0.12751019,2.9023783206939697,3.0061490535736084,0,0,0,0,0,0,0,0,0,0,0,0,9.778641700744629,7.122469425201416,2.197849750518799,0,0,0,0,1463.77,1589.7,1623.23
6a0765011e6661a6e224f1cd,2026-05-15T18:23:55.483Z,23,4,3.7,2026-05-15T18:23:55.483Z,0.37111806869506836,0.38213443756103516,0.6615567207336426,-0.008631468,0.005049825,0.1649613380432129,0.09215939,8.142913818359375,4.575690269470215,0.23865599930286407,-0.128732979,1.9754880666732788,2.0816869735717773,0,0,0,0,0,0,0,0,0,0,0,0,1.2127925157546997,3.220757007598877,9.058979988098145,0,0,0,0,1460.27,1585.22,1612.1000000000001
6a0765461e6661a6e224f20a,2026-05-15T18:25:04.863Z,23,5,3.7,2026-05-15T18:25:04.863Z,0.6344921588897705,0.6020991802215576,0.8189880847930908,-0.008631468,0.005470634,0.16538214683532715,0.09215939,8.806259155273438,4.4554948806762695,0.2386317253112793,-0.129496217,3.616825580596924,3.7103049755096436,0,0,0,0,0,0,0,0,0,0,0,0,7.533251762390137,8.942380905151367,1.8063900470733643,0,0,0,0,1451.03,1575.21,1607.8999999999999
6a07658b1e6661a6e224f247,2026-05-15T18:26:14.233Z,23,6,3.7,2026-05-15T18:26:14.233Z,0.6404776573181152,0.685772181,0.8878107070922852,-0.006905079,0.005891442,0.16538214683532715,0.090896964,8.316390991210938,4.665009498596191,0.23866941034793854,-0.130117059,3.5490808486938477,3.6749587059020996,0,0,0,0,0,0,0,0,0,0,0,0,4.294641017913818,9.326129913330078,5.896692752838135,0,0,0,0,1444.38,1564.01,1600.27
6a0765d11e6661a6e224f284,2026-05-15T18:27:23.505Z,23,7,3.7,2026-05-15T18:27:23.505Z,0.6498842239379883,0.5926105976104736,0.9093177318572998,-0.007768393,0.005049825,0.1649613380432129,0.091738582,8.173538208007812,4.063481330871582,0.23864348232746124,-0.131056666,1.6873579025268555,1.7823480367660522,0,0,0,0,0,0,0,0,0,0,0,0,7.808421611785889,3.4167914390563965,7.453450679779053,0,0,0,0,1434.23,1559.32,1590.47
6a0766171e6661a6e224f2c1,2026-05-15T18:28:33.276Z,23,8,3.7,2026-05-15T18:28:33.276Z,0.3788137435913086,0.4002494812011719,0.6357481479644775,-0.007768393,0.005470634,0.16538214683532715,0.090896964,8.265365600585938,4.787961959838867,0.2386157065629959,-0.131778836,3.6889193058013916,3.7648465633392334,0,0,0,0,0,0,0,0,0,0,0,0,1.9067763090133667,7.099189758300781,4.778178691864014,0,0,0,0,1430.1000000000001,1551.13,1583.3999999999999
6a07665c1e6661a6e224f2fe,2026-05-15T18:29:43.014Z,23,9,3.7,2026-05-15T18:29:43.014Z,0.3540158271789551,0.36574506759643555,0.6589756011962891,-0.005178928,0.005470634,0.16538214683532715,0.090896964,8.714370727539062,4.4058732986450195,0.2386440485715866,-0.127679467,1.5410534143447876,1.6375887393951416,0,0,0,0,0,0,0,0,0,0,0,0,1.1606085300445557,2.2728261947631836,9.928920746,0,0,0,0,1427.51,1547.77,1571.29
6a0766a21e6661a6e224f33b,2026-05-15T18:30:52.422Z,24,0,5.7,2026-05-15T18:30:52.422Z,0.6806681156158447,0.674558163,0.9402878284454346,-0.006905079,0.005470634,0.16538214683532715,0.091738582,8.408233642578125,4.578998565673828,0.23862124979496002,-0.129519582,3.3678433895111084,3.4532785415649414,0,0,0,0,0,0,0,0,0,0,0,0,5.170724868774414,8.747851371765137,5.707396030426025,0,0,0,0,1420.58,1537.97,1562.47
6a0766e71e6661a6e224f378,2026-05-15T18:32:02.038Z,24,1,5.7,2026-05-15T18:32:02.038Z,0.6934945583343506,0.685772181,0.9256632328033447,-0.007768393,0.007153869,0.16538214683532715,0.091738582,8.571502685546875,4.340813636779785,0.2386288344860077,-0.13085556,2.755972385406494,2.860856294631958,0,0,0,0,0,0,0,0,0,0,0,0,7.6874895095825195,6.876101016998291,5.141491413116455,0,0,0,0,1410.78,1529.5,1555.33
6a07672d1e6661a6e224f3b5,2026-05-15T18:33:11.302Z,24,2,5.7,2026-05-15T18:33:11.302Z,0.30270910263061523,0.2777590751647949,0.5247716903686523,-0.005178928,0.005891442,0.16538214683532715,0.091738582,8.520477294921875,4.250943183898926,0.2386378049850464,-0.13087213,2.0227718353271484,2.114854335784912,0,0,0,0,0,0,0,0,0,0,0,0,3.001326799,2.7382071018218994,5.204617023468018,0,0,0,0,1405.39,1525.51,1547.98
6a0767721e6661a6e224f3f2,2026-05-15T18:34:21.146Z,24,3,5.7,2026-05-15T18:34:21.146Z,0.376248837,0.3812718391418457,0.5918738842010498,-0.007768393,0.005470634,0.1649613380432129,0.091738582,8.683761596679688,4.529376983642578,0.23864232003688812,-0.126372457,3.492206573486328,3.5758860111236572,0,0,0,0,0,0,0,0,0,0,0,0,3.8555972576141357,6.407905578613281,2.941873788833618,0,0,0,0,1399.51,1518.02,1543.08
6a0767b81e6661a6e224f42f,2026-05-15T18:35:30.399Z,24,4,5.7,2026-05-15T18:35:30.399Z,0.8910250663757324,0.8669195175170898,1.0934181213378906,-0.007768393,0.005470634,0.16580307483673096,0.091738582,8.520477294921875,4.503462791442871,0.23865070939064026,-0.12784791,2.985020399093628,3.1096575260162354,0,0,0,0,0,0,0,0,0,0,0,0,6.552835464477539,8.883281707763672,7.900187969207764,0,0,0,0,1390.6899999999998,1507.3100000000002,1532.93
6a0767fd1e6661a6e224f46c,2026-05-15T18:36:40.185Z,24,5,5.7,2026-05-15T18:36:40.185Z,0.5216174125671387,0.49427342414855957,0.7002694606781006,-0.005178928,0.005470634,0.16538214683532715,0.09215939,8.826660156,4.042530059814453,0.2386680692434311,-0.122432709,2.221311569213867,2.3168439865112305,0,0,0,0,0,0,0,0,0,0,0,0,9.528369903564453,4.266177177429199,2.0875582695007324,0,0,0,0,1378.79,1501.92,1528.73
6a0768431e6661a6e224f4a9,2026-05-15T18:37:49.703Z,24,6,5.7,2026-05-15T18:37:49.703Z,0.5019500255584717,0.4977238178253174,0.6968283653259277,-0.005178928,0.005470634,0.16580307483673096,0.091738582,8.387832641601562,4.424619674682617,0.23868601024150848,-0.126406133,3.4519073963165283,3.546436309814453,0,0,0,0,0,0,0,0,0,0,0,0,6.4165873527526855,7.310070514678955,1.8161165714263916,0,0,0,0,1369.62,1493.3100000000002,1525.37
6a0768891e6661a6e224f4e6,2026-05-15T18:38:59.414Z,24,7,5.7,2026-05-15T18:38:59.414Z,0.9192438125610352,0.9083247184753418,1.1691231727600098,-0.007768393,0.007153869,0.16580307483673096,0.091738582,7.9592437744140625,4.269136428833008,0.23866908252239227,-0.127215385,2.228250503540039,2.318347930908203,0,0,0,0,0,0,0,0,0,0,0,0,9.160995483398438,6.411920547485352,8.995542526245117,0,0,0,0,1357.93,1485.47,1514.3100000000002
6a0768ce1e6661a6e224f523,2026-05-15T18:40:08.814Z,24,8,5.7,2026-05-15T18:40:08.814Z,0.2095019817352295,0.2285904884338379,0.46627259254455566,-0.004315853,0.005891442,0.16538214683532715,0.091738582,8.377624512,4.218963623046875,0.23869001865386963,-0.128024042,1.7826067209243774,1.8602285385131836,0,0,0,0,0,0,0,0,0,0,0,0,2.1954708099365234,1.9749261140823364,5.000195503234863,0,0,0,0,1353.3100000000002,1482.39,1506.89
6a0769141e6661a6e224f560,2026-05-15T18:41:18.202Z,24,9,5.7,2026-05-15T18:41:18.202Z,0.5814752578735352,0.5788090229034424,0.7708125114440918,-0.004315853,0.007153869,0.16664469242095947,0.092580318,8.122512817382812,4.269688606262207,0.23869608342647552,-0.128722429,2.910893440246582,2.9844205379486084,0,0,0,0,0,0,0,0,0,0,0,0,9.085269927978516,6.653936862945557,2.041834831237793,0,0,0,0,1342.53,1475.18,1502.6899999999998
6a0769591e6661a6e224f59d,2026-05-15T18:42:28.060Z,25,0,4.8,2026-05-15T18:42:28.060Z,0.318101168,0.34935569763183594,0.5720875263214111,-0.005178928,0.005891442,0.16538214683532715,0.092580318,8.214355469,4.625312805175781,0.23867809772491455,-0.12918818,3.231096029281616,3.3472816944122314,0,0,0,0,0,0,0,0,0,0,0,0,2.2074179649353027,5.531639099121094,4.616172790527344,0,0,0,0,1337.77,1468.11,1496.18
6a07699f1e6661a6e224f5da,2026-05-15T18:43:37.664Z,25,1,4.8,2026-05-15T18:43:37.664Z,0.5318787097930908,0.5020370483398438,0.7854373455047607,-0.006905079,0.007153869,0.16622388362884521,0.092580318,8.561294555664062,3.791111946105957,0.2386748194694519,-0.129645288,0.6593374013900757,0.7138218283653259,0,0,0,0,0,0,0,0,0,0,0,0,5.6918416023254395,1.4646366834640503,9.371755599975586,0,0,0,0,1330.21,1466.01,1484.42
6a0769e41e6661a6e224f617,2026-05-15T18:44:47.161Z,25,2,4.8,2026-05-15T18:44:47.161Z,0.4172940254211426,0.4364786148071289,0.6916666030883789,-0.005178928,0.00673306,0.16580307483673096,0.09215939,8.449050903320312,4.474240303039551,0.2386586219072342,-0.130579412,2.7929317951202393,2.8434550762176514,0,0,0,0,0,0,0,0,0,0,0,0,3.3444409370422363,5.255845546722412,5.920670509338379,0,0,0,0,1324.89,1459.99,1476.02
6a076a291e6661a6e224f654,2026-05-15T18:45:56.453Z,25,3,4.8,2026-05-15T18:45:56.453Z,0.47715163230895996,0.47270822525024414,0.6649978160858154,-0.005178928,0.005891442,0.16538214683532715,0.09215939,8.724578857421875,4.2465314865112305,0.23865127563476562,-0.130919933,2.691112756729126,2.764376401901245,0,0,0,0,0,0,0,0,0,0,0,0,7.244839668273926,5.328485012054443,2.913440704345703,0,0,0,0,1315.58,1453.62,1470.98
6a076a6f1e6661a6e224f691,2026-05-15T18:47:05.722Z,25,4,4.8,2026-05-15T18:47:05.722Z,0.19838547706604004,0.219102144,0.4559493064880371,-0.005178928,0.005049825,0.16538214683532715,0.091738582,8.295989990234375,4.699745178222656,0.23866236209869385,-0.131201327,3.349672317504883,3.452105999,0,0,0,0,0,0,0,0,0,0,0,0,1.1825608015060425,4.367134094238281,3.2919445037841797,0,0,0,0,1312.29,1448.3,1466.01
6a076ab41e6661a6e224f6ce,2026-05-15T18:48:15.301Z,25,5,4.8,2026-05-15T18:48:15.301Z,0.6302165985107422,0.6133129596710205,0.8585612773895264,-0.005178928,0.005891442,0.1649613380432129,0.091738582,8.112304688,4.196358680725098,0.23866890370845795,-0.131169021,2.005101203918457,2.117617130279541,0,0,0,0,0,0,0,0,0,0,0,0,7.010666370391846,4.350043773651123,7.336872100830078,0,0,0,0,1303.3999999999999,1442.77,1456.42
6a076afa1e6661a6e224f70b,2026-05-15T18:49:24.632Z,25,6,4.8,2026-05-15T18:49:24.632Z,0.9243745803833008,0.9367907047271729,1.173424482345581,-0.005178928,0.005891442,0.16580307483673096,0.09215939,8.602127075195312,4.334197044372559,0.23862844705581665,-0.128424525,2.415921211242676,2.503490924835205,0,0,0,0,0,0,0,0,0,0,0,0,7.744244575500488,7.099755287,9.553422927856445,0,0,0,0,1293.53,1434.93,1444.73
6a076b3f1e6661a6e224f748,2026-05-15T18:50:34.097Z,25,7,4.8,2026-05-15T18:50:34.097Z,0.3112602233886719,0.35625648498535156,0.5041251182556152,-0.006905079,0.005891442,0.16580307483673096,0.091738582,8.663345336914062,4.764253616333008,0.23862439393997192,-0.128633916,4.200096130371094,4.274194717407227,0,0,0,0,0,0,0,0,0,0,0,0,2.3572354316711426,7.370981693267822,2.2783124446868896,0,0,0,0,1288.7,1425.83,1439.6899999999998
6a076b851e6661a6e224f785,2026-05-15T18:51:43.454Z,25,8,4.8,2026-05-15T18:51:43.454Z,0.4626147747039795,0.4183642864227295,0.6675786972045898,-0.006905079,0.005891442,0.16622388362884521,0.092580318,8.142913818359375,3.749208450317383,0.23865269124507904,-0.128114939,1.2576969861984253,0.9614216685295105,0,0,0,0,0,0,0,0,0,0,0,0,8.548856735229492,1.7321052551269531,4.314399719238281,0,0,0,0,1278.2,1423.1000000000001,1433.8100000000002
6a076bca1e6661a6e224f7c2,2026-05-15T18:52:53.120Z,25,9,4.8,2026-05-15T18:52:53.120Z,0.5036602020263672,0.536541224,0.7105927467346191,-0.005178928,0.005891442,0.16622388362884521,0.092580318,8.724578857421875,4.550879478,0.23866914212703705,-0.129208028,4.025694847106934,4.101045608520508,0,0,0,0,0,0,0,0,0,0,0,0,5.390768051147461,9.152009010314941,1.7253162860870361,0,0,0,0,1270.29,1413.0900000000001,1430.17
6a076c101e6661a6e224f7ff,2026-05-15T18:54:02.475Z,26,0,4.6,2026-05-15T18:54:02.475Z,0.6216652393341064,0.6012365818023682,0.867164135,-0.005178928,0.00673306,0.16622388362884521,0.091738582,8.561294555664062,4.503462791442871,0.23862983286380768,-0.127001405,2.971376657485962,3.0777392387390137,0,0,0,0,0,0,0,0,0,0,0,0,5.001410484313965,7.089616775512695,6.275969505310059,0,0,0,0,1263.01,1404.13,1422.1899999999998
6a076c551e6661a6e224f83c,2026-05-15T18:55:11.801Z,26,1,4.6,2026-05-15T18:55:11.801Z,0.5045151710510254,0.4382038116455078,0.7097325325012207,-0.005178928,0.00673306,0.16580307483673096,0.09215939,8.704162598,4.0485944747924805,0.2386324107646942,-0.128640234,2.1067659854888916,2.2303223609924316,0,0,0,0,0,0,0,0,0,0,0,0,9.176527023,3.9089934825897217,2.2533748149871826,0,0,0,0,1251.6000000000001,1398.88,1417.71
6a076c9b1e6661a6e224f879,2026-05-15T18:56:21.597Z,26,2,4.6,2026-05-15T18:56:21.597Z,0.3215217590332031,0.3424549102783203,0.5686461925506592,-0.006905079,0.005891442,0.16538214683532715,0.09215939,7.9694366455078125,4.680998802185059,0.23863527178764343,-0.125169337,3.0485713481903076,3.141228437423706,0,0,0,0,0,0,0,0,0,0,0,0,1.6517083644866943,5.018184661865234,5.281645774841309,0,0,0,0,1247.68,1392.93,1410.5
6a076ce01e6661a6e224f8b6,2026-05-15T18:57:31.333Z,26,3,4.6,2026-05-15T18:57:31.333Z,0.149644136,0.16648292541503906,0.42928051948547363,-0.006905079,0.005891442,0.16538214683532715,0.090896964,8.581710815429688,3.946594238,0.23865722119808197,-0.128208399,1.3386847972869873,1.4317690134048462,0,0,0,0,0,0,0,0,0,0,0,0,2.483078956604004,1.1458439826965332,4.15294075,0,0,0,0,1243.48,1390.97,1404.27
6a076d261e6661a6e224f8f3,2026-05-15T18:58:40.710Z,26,4,4.6,2026-05-15T18:58:40.710Z,0.3326377868652344,0.32002687454223633,0.49982357025146484,-0.006905079,0.005891442,0.16538214683532715,0.091738582,8.306198120117188,4.139568328857422,0.23868684470653534,-0.129762173,2.4826154708862305,2.5672929286956787,0,0,0,0,0,0,0,0,0,0,0,0,6.406728744506836,3.696241855621338,1.1766704320907593,0,0,0,0,1235.08,1386.9099999999999,1401.3999999999999
6a076d6b1e6661a6e224f930,2026-05-15T18:59:50.230Z,26,5,4.6,2026-05-15T18:59:50.230Z,0.5241827964782715,0.48909783363342285,0.7277984619140625,-0.005178928,0.005891442,0.16538214683532715,0.092580318,8.010269165039062,4.2961530685424805,0.23869985342025757,-0.128173769,2.8978984355926514,3.0007712841033936,0,0,0,0,0,0,0,0,0,0,0,0,7.734940052032471,6.007556438446045,2.033608913421631,0,0,0,0,1224.93,1379.98,1397.83
6a076db11e6661a6e224f96d,2026-05-15T19:00:59.544Z,26,6,4.6,2026-05-15T19:00:59.544Z,1.0509307384490967,1.060143232345581,1.3127899169921875,-0.005178928,0.005470634,0.16538214683532715,0.091738582,7.898010254,4.467073440551758,0.23866955935955048,-0.129927218,2.7420997619628906,2.8521478176116943,0,0,0,0,0,0,0,0,0,0,0,0,7.782082557678223,9.086191177368164,9.786199569702148,0,0,0,0,1214.71,1369.48,1386.07
6a076df61e6661a6e224f9aa,2026-05-15T19:02:08.916Z,26,7,4.6,2026-05-15T19:02:08.916Z,0.4677455425262451,0.5149760246276855,0.7019901275634766,-0.005178928,0.005470634,0.1649613380432129,0.091738582,8.836868286132812,4.630274772644043,0.2386583685874939,-0.127942264,3.7353971004486084,3.8456969261169434,0,0,0,0,0,0,0,0,0,0,0,0,3.764366626739502,7.998788833618164,3.5915589332580566,0,0,0,0,1208.4099999999999,1359.68,1379.77
6a076e3c1e6661a6e224f9e7,2026-05-15T19:03:18.401Z,26,8,4.6,2026-05-15T19:03:18.401Z,0.3215217590332031,0.36574506759643555,0.5264923572540283,-0.006905079,0.005470634,0.16580307483673096,0.09215939,8.520477294921875,4.993066787719727,0.23861458897590637,-0.129239082,5.125311374664307,5.236286163330078,0,0,0,0,0,0,0,0,0,0,0,0,1.5474485158920288,9.401263236999512,1.0609419345855713,0,0,0,0,1204.98,1348.48,1376.97
