sample_index,utc_time,utc_datetime,episode_number,step_number,ph_measured,acid_flow,acetate_flow,water_flow,elapsed_s,elapsed_min,elapsed_h,dt_s,session_id,trial_id,total_flow,valid_for_model,flow_ratio_acetate_acid,log10_flow_ratio_acetate_acid,trial_n_model_valid,trial_ph_min,trial_ph_max,trial_log10_ratio_min,trial_log10_ratio_max,trial_total_flow_min,trial_total_flow_max,trial_n_total,trial_ph_range,trial_log10_flow_ratio_range,trial_total_flow_range,uninformative_flat_ph_trial,valid_for_model_before_flat_trial_filter,acid_flow_in_bounds,acetate_flow_in_bounds,water_flow_in_bounds,acid_analytical_mol_l,acetate_analytical_mol_l,total_buffer_mol_l,sodium_mol_l,ph_equilibrium_charge_balance
0,2026-05-11T19:46:07.807Z,2026-05-11 19:46:07.807000+00:00,1,0,4.414143562316895,8.549332618713379,3.926202774047852,4.3504838943481445,0.0,0.0,0.0,,0,0,16.826019287109375,True,0.4592408494499213,-0.3379594884200798,20,4.067340850830078,5.189899444580078,-0.6910578337543448,0.7390364804267001,10.32464349269867,24.666547298229737,20,1.12255859375,1.430094314181045,14.341903805531068,False,True,True,True,True,0.05081019148280146,0.0233341154972749,0.07414430698007636,0.0233341154972749,4.423065365111247
1,2026-05-11T19:48:30.329Z,2026-05-11 19:48:30.329000+00:00,1,1,4.619248390197754,7.116000175476074,6.097648143768311,7.160530090332031,142.522,2.3753666666666664,0.03958944444444444,142.522,0,0,20.374178409576416,True,0.8568926353856318,-0.06707358972274756,20,4.067340850830078,5.189899444580078,-0.6910578337543448,0.7390364804267001,10.32464349269867,24.666547298229737,20,1.12255859375,1.430094314181045,14.341903805531068,False,True,True,True,True,0.034926562595188435,0.02992831426715225,0.06485487686234068,0.02992831426715225,4.69347214830501
2,2026-05-11T19:50:50.952Z,2026-05-11 19:50:50.952000+00:00,1,2,4.845854759216309,6.221703052520752,9.732967376708984,8.711876869,283.145,4.719083333333333,0.07865138888888888,140.623,0,0,24.666547298229737,True,1.5643574266640108,0.1943359882974261,20,4.067340850830078,5.189899444580078,-0.6910578337543448,0.7390364804267001,10.32464349269867,24.666547298229737,20,1.12255859375,1.430094314181045,14.341903805531068,False,True,True,True,True,0.02522324254504509,0.03945816679988893,0.06468140934493402,0.03945816679988893,4.954649299351862
3,2026-05-11T19:53:12.043Z,2026-05-11 19:53:12.043000+00:00,1,3,4.805054664611816,4.207277774810791,5.855237007141113,3.0271997451782227,424.236,7.0706,0.11784333333333333,141.091,0,0,13.089714527130127,True,1.3916925196136911,0.14354329289967996,20,4.067340850830078,5.189899444580078,-0.6910578337543448,0.7390364804267001,10.32464349269867,24.666547298229737,20,1.12255859375,1.430094314181045,14.341903805531068,False,True,True,True,True,0.03214186043622773,0.04473158673556537,0.07687344717179309,0.04473158673556537,4.90383304682413
4,2026-05-11T19:55:33.210Z,2026-05-11 19:55:33.210000+00:00,1,4,4.993066787719727,2.5869803428649902,6.577486038208008,4.8657331466674805,565.403,9.423383333333334,0.1570563888888889,141.167,0,0,14.030199527740479,True,2.542534216136978,0.40526680614915495,20,4.067340850830078,5.189899444580078,-0.6910578337543448,0.7390364804267001,10.32464349269867,24.666547298229737,20,1.12255859375,1.430094314181045,14.341903805531068,False,True,True,True,True,0.018438656825585542,0.04688091587865887,0.0653195727042444,0.04688091587865887,5.165490970579203
5,2026-05-11T19:57:54.609Z,2026-05-11 19:57:54.609000+00:00,1,5,4.670523643493652,7.768003463745117,7.414762974,7.852952003479004,706.802,11.780033333333334,0.1963338888888889,141.399,0,0,23.03571844122412,True,0.9545262188162295,-0.020212137955673292,20,4.067340850830078,5.189899444580078,-0.6910578337543448,0.7390364804267001,10.32464349269867,24.666547298229737,20,1.12255859375,1.430094314181045,14.341903805531068,False,True,True,True,True,0.03372155934083524,0.03218811253019457,0.0659096718710298,0.03218811253019457,4.740267423435141
6,2026-05-11T20:00:15.871Z,2026-05-11 20:00:15.871000+00:00,1,6,4.743302345275879,8.820981979370117,9.993937492370604,3.0263543128967285,848.064,14.1344,0.23557333333333333,141.262,0,0,21.84127378463745,True,1.1329733487432252,0.05421969394999294,20,4.067340850830078,5.189899444580078,-0.6910578337543448,0.7390364804267001,10.32464349269867,24.666547298229737,20,1.12255859375,1.430094314181045,14.341903805531068,False,True,True,True,True,0.04038675613129557,0.045757118338949916,0.08614387447024549,0.045757118338949916,4.8145299840991145
7,2026-05-11T20:02:37.094Z,2026-05-11 20:02:37.094000+00:00,1,7,4.902092933654785,3.8793654441833496,7.435241699,2.0945754051208496,989.287,16.488116666666667,0.27480194444444445,141.223,0,0,13.409182548304198,True,1.9166128600099448,0.2825343978332126,20,4.067340850830078,5.189899444580078,-0.6910578337543448,0.7390364804267001,10.32464349269867,24.666547298229737,20,1.12255859375,1.430094314181045,14.341903805531068,False,True,True,True,True,0.028930663224313823,0.05544888118433665,0.08437954440865048,0.05544888118433665,5.042741416058761
8,2026-05-11T20:04:58.331Z,2026-05-11 20:04:58.331000+00:00,1,8,4.618697166442871,5.235406398773193,4.867502212524414,5.546240329742432,1130.524,18.842066666666664,0.3140344444444444,141.237,0,0,15.649148941040039,True,0.9297276737991171,-0.031644241860911845,20,4.067340850830078,5.189899444580078,-0.6910578337543448,0.7390364804267001,10.32464349269867,24.666547298229737,20,1.12255859375,1.430094314181045,14.341903805531068,False,True,True,True,True,0.03345489533327459,0.031103942015398324,0.0645588373486729,0.031103942015398324,4.728858781063189
9,2026-05-11T20:07:19.569Z,2026-05-11 20:07:19.569000+00:00,1,9,5.189899444580078,1.6605889797210691,8.562686920166016,9.065704345703123,1271.762,21.196033333333332,0.35326722222222223,141.238,0,0,19.28898024559021,True,5.1564155999664045,0.7123479136267028,20,4.067340850830078,5.189899444580078,-0.6910578337543448,0.7390364804267001,10.32464349269867,24.666547298229737,20,1.12255859375,1.430094314181045,14.341903805531068,False,True,True,True,True,0.008609003475446601,0.04439159982095783,0.053000603296404436,0.04439159982095783,5.472550660107976
10,2026-05-11T20:09:40.352Z,2026-05-11 20:09:40.352000+00:00,1,10,4.953369141,2.5687642097473145,5.994353771209717,1.7615255117416382,1412.545,23.542416666666668,0.39237361111111113,140.783,0,0,10.32464349269867,True,2.3335554693824436,0.3680181286668115,20,4.067340850830078,5.189899444580078,-0.6910578337543448,0.7390364804267001,10.32464349269867,24.666547298229737,20,1.12255859375,1.430094314181045,14.341903805531068,False,True,True,True,True,0.024879931317375564,0.0580586998035213,0.08293863112089686,0.0580586998035213,5.128203715134962
11,2026-05-11T20:12:01.263Z,2026-05-11 20:12:01.263000+00:00,1,11,4.251494407653809,6.424426078796387,2.2115581035614014,7.750305652618408,1553.456,25.890933333333333,0.43151555555555554,140.911,0,0,16.386289834976196,True,0.3442421278471206,-0.4631359824338476,20,4.067340850830078,5.189899444580078,-0.6910578337543448,0.7390364804267001,10.32464349269867,24.666547298229737,20,1.12255859375,1.430094314181045,14.341903805531068,False,True,True,True,True,0.03920610549121121,0.013496393178893227,0.05270249867010444,0.013496393178893227,4.299034116326978
12,2026-05-11T20:14:21.480Z,2026-05-11 20:14:21.480000+00:00,1,12,4.067340850830078,6.418696880340576,1.307341456413269,7.155996799468994,1693.673,28.227883333333335,0.47046472222222224,140.217,0,0,14.88203513622284,True,0.2036770828698023,-0.6910578337543448,20,4.067340850830078,5.189899444580078,-0.6910578337543448,0.7390364804267001,10.32464349269867,24.666547298229737,20,1.12255859375,1.430094314181045,14.341903805531068,False,True,True,True,True,0.043130504810578514,0.008784695402520606,0.051915200213099116,0.008784695402520606,4.0739421926136306
13,2026-05-11T20:16:42.488Z,2026-05-11 20:16:42.488000+00:00,1,13,5.113813400268555,2.360363245010376,9.187598228,8.145929336547852,1834.681,30.578016666666667,0.5096336111111112,141.008,0,0,19.693890809558226,True,3.8924509807640275,0.5902231520255815,20,4.067340850830078,5.189899444580078,-0.6910578337543448,0.7390364804267001,10.32464349269867,24.666547298229737,20,1.12255859375,1.430094314181045,14.341903805531068,False,True,True,True,True,0.011985256076797167,0.04665202177083715,0.05863727784763432,0.04665202177083715,5.350426320313486
14,2026-05-11T20:19:03.252Z,2026-05-11 20:19:03.252000+00:00,1,14,5.118224143981934,1.1490943431854248,6.300748825073242,8.297214508,1975.445,32.924083333333336,0.5487347222222223,140.764,0,0,15.747057676258667,True,5.483230217291667,0.7390364804267001,20,4.067340850830078,5.189899444580078,-0.6910578337543448,0.7390364804267001,10.32464349269867,24.666547298229737,20,1.12255859375,1.430094314181045,14.341903805531068,False,True,True,True,True,0.007297200320272387,0.04001222929774798,0.04730942961802037,0.04001222929774798,5.499259214698434
15,2026-05-11T20:21:23.783Z,2026-05-11 20:21:23.783000+00:00,1,15,4.189741134643555,9.768297195,2.7110466957092285,5.772246837615967,2115.976,35.26626666666667,0.5877711111111111,140.531,0,0,18.251590728325198,True,0.2775352389049859,-0.5566818662697477,20,4.067340850830078,5.189899444580078,-0.6910578337543448,0.7390364804267001,10.32464349269867,24.666547298229737,20,1.12255859375,1.430094314181045,14.341903805531068,False,True,True,True,True,0.05352025114085143,0.014853755686631047,0.06837400682748249,0.014853755686631047,4.205640991120131
16,2026-05-11T20:23:44.271Z,2026-05-11 20:23:44.271000+00:00,1,16,4.790167808532715,2.717064380645752,4.586766242980957,8.125826835632324,2256.464,37.607733333333336,0.6267955555555556,140.488,0,0,15.429657459259033,True,1.6881330731997015,0.22740667847351673,20,4.067340850830078,5.189899444580078,-0.6910578337543448,0.7390364804267001,10.32464349269867,24.666547298229737,20,1.12255859375,1.430094314181045,14.341903805531068,False,True,True,True,True,0.017609362928632584,0.029726947957801418,0.047336310886434,0.029726947957801418,4.987810590406428
17,2026-05-11T20:26:05.085Z,2026-05-11 20:26:05.085000+00:00,1,17,4.327580451965332,6.713934421539307,2.7263143062591557,4.685109615325928,2397.278,39.95463333333333,0.6659105555555555,140.814,0,0,14.12535834312439,True,0.40606805713096206,-0.3914011724340739,20,4.067340850830078,5.189899444580078,-0.6910578337543448,0.7390364804267001,10.32464349269867,24.666547298229737,20,1.12255859375,1.430094314181045,14.341903805531068,False,True,True,True,True,0.047531073254558236,0.019300850569827898,0.06683192382438613,0.019300850569827898,4.369947726639729
18,2026-05-11T20:28:25.695Z,2026-05-11 20:28:25.695000+00:00,1,18,4.789616584777832,6.364859580993652,8.544281005859375,3.0984294414520264,2537.888,42.29813333333333,0.7049688888888889,140.61,0,0,18.007570028305054,True,1.3424146907142736,0.12788669621200424,20,4.067340850830078,5.189899444580078,-0.6910578337543448,0.7390364804267001,10.32464349269867,24.666547298229737,20,1.12255859375,1.430094314181045,14.341903805531068,False,True,True,True,True,0.03534546621775786,0.04744827310086323,0.08279373931862108,0.04744827310086323,4.888164053903471
19,2026-05-11T20:30:46.486Z,2026-05-11 20:30:46.486000+00:00,1,19,5.087900161743164,2.196958541870117,7.608425140380859,5.5309882164001465,2678.679,44.64465,0.7440775,140.791,0,0,15.336371898651123,True,3.463162820498351,0.5394729103717786,20,4.067340850830078,5.189899444580078,-0.6910578337543448,0.7390364804267001,10.32464349269867,24.666547298229737,20,1.12255859375,1.430094314181045,14.341903805531068,False,True,True,True,True,0.014325151713772317,0.049610332813134525,0.06393548452690684,0.049610332813134525,5.29966882536137
20,2026-05-12T13:21:36.495Z,2026-05-12 13:21:36.495000+00:00,1,0,4.8419952392578125,8.163414001464844,7.909221172332764,2.349125385284424,63328.688,1055.4781333333333,17.59130222222222,60650.009,1,1,18.42176055908203,True,0.9688619456165684,-0.013738101719457671,30,4.016615867614746,5.218570709228516,-0.8105424633986531,0.7615664433519425,6.216066002845764,26.676499366760254,30,1.2019548416137695,1.5721089067505956,20.46043336391449,False,True,True,True,True,0.04431397300645206,0.04293412210503124,0.08724809511148329,0.04293412210503124,4.746618817005707
21,2026-05-12T13:24:00.581Z,2026-05-12 13:24:00.581000+00:00,1,1,4.887206077575684,3.049386978149414,4.935805320739746,2.1768593788146973,63472.774,1057.8795666666667,17.63132611111111,144.086,1,1,10.162051677703857,True,1.6186221545863442,0.20914548042126263,30,4.016615867614746,5.218570709228516,-0.8105424633986531,0.7615664433519425,6.216066002845764,26.676499366760254,30,1.2019548416137695,1.5721089067505956,20.46043336391449,False,True,True,True,True,0.0300075917232339,0.048570952769008205,0.07857854449224211,0.048570952769008205,4.969396712870982
22,2026-05-12T13:26:21.283Z,2026-05-12 13:26:21.283000+00:00,1,2,5.218570709228516,1.0759644508361816,6.213901519775391,4.809741020202637,63613.476,1060.2246,17.67041,140.702,1,1,12.099606990814209,True,5.775192214711444,0.7615664433519425,30,4.016615867614746,5.218570709228516,-0.8105424633986531,0.7615664433519425,6.216066002845764,26.676499366760254,30,1.2019548416137695,1.5721089067505956,20.46043336391449,False,True,True,True,True,0.008892557019852244,0.051356226069928276,0.06024878308978052,0.051356226069928276,5.5217386277216995
23,2026-05-12T13:28:42.658Z,2026-05-12 13:28:42.658000+00:00,1,3,4.871767997741699,6.396834850311279,8.592846870422363,6.241216659545898,63754.851,1062.58085,17.709680833333334,141.375,1,1,21.23089838027954,True,1.34329665709663,0.1281719339738082,30,4.016615867614746,5.218570709228516,-0.8105424633986531,0.7615664433519425,6.216066002845764,26.676499366760254,30,1.2019548416137695,1.5721089067505956,20.46043336391449,False,True,True,True,True,0.03012983593879862,0.04047330789545809,0.07060314383425671,0.04047330789545809,4.888496968395388
24,2026-05-12T13:31:01.831Z,2026-05-12 13:31:01.831000+00:00,1,4,4.835929870605469,1.7671830654144287,3.2878217697143555,8.654005051,63894.024,1064.9004,17.74834,139.173,1,1,13.709009886128785,True,1.8604873677551432,0.26962672561642953,30,4.016615867614746,5.218570709228516,-0.8105424633986531,0.7615664433519425,6.216066002845764,26.676499366760254,30,1.2019548416137695,1.5721089067505956,20.46043336391449,False,True,True,True,True,0.012890668838181532,0.02398292653535161,0.036873595373533144,0.02398292653535161,5.030110045845827
25,2026-05-12T13:33:20.143Z,2026-05-12 13:33:20.143000+00:00,1,5,4.692578315734863,9.40855312347412,8.54344368,4.960746765136719,64032.336,1067.2056,17.78676,138.312,1,1,22.912743568610836,True,0.9080507457288314,-0.04188988058222415,30,4.016615867614746,5.218570709228516,-0.8105424633986531,0.7615664433519425,6.216066002845764,26.676499366760254,30,1.2019548416137695,1.5721089067505956,20.46043336391449,False,True,True,True,True,0.04106253402304605,0.037286864641142475,0.07834939866418852,0.037286864641142475,4.718534994381752
26,2026-05-12T13:35:41.312Z,2026-05-12 13:35:41.312000+00:00,1,6,4.618144989013672,4.251001358032227,3.6455094814300537,8.510936737060547,64173.505,1069.5584166666665,17.82597361111111,141.169,1,1,16.407447576522827,True,0.8575648828109401,-0.06673301159917358,30,4.016615867614746,5.218570709228516,-0.8105424633986531,0.7615664433519425,6.216066002845764,26.676499366760254,30,1.2019548416137695,1.5721089067505956,20.46043336391449,False,True,True,True,True,0.025908974191177193,0.02221862641600854,0.04812760060718573,0.02221862641600854,4.69400145298998
27,2026-05-12T13:38:03.077Z,2026-05-12 13:38:03.077000+00:00,1,7,4.325926780700684,8.786769867,3.122873544692993,5.473313808441162,64315.27,1071.9211666666665,17.865352777777776,141.765,1,1,17.382957220134156,True,0.3554063201793189,-0.4492748534170505,30,4.016615867614746,5.218570709228516,-0.8105424633986531,0.7615664433519425,6.216066002845764,26.676499366760254,30,1.2019548416137695,1.5721089067505956,20.46043336391449,False,True,True,True,True,0.050548187835511384,0.01796514543035211,0.0685133332658635,0.01796514543035211,4.3123200056608075
28,2026-05-12T13:40:24.077Z,2026-05-12 13:40:24.077000+00:00,1,8,4.607117652893066,6.329463005065918,5.166192054748535,6.474543571472168,64456.27,1074.2711666666667,17.904519444444443,141.0,1,1,17.97019863128662,True,0.8162133265671456,-0.08819631864468198,30,4.016615867614746,5.218570709228516,-0.8105424633986531,0.7615664433519425,6.216066002845764,26.676499366760254,30,1.2019548416137695,1.5721089067505956,20.46043336391449,False,True,True,True,True,0.03522199801423533,0.028748664167540416,0.06397066218177574,0.028748664167540416,4.672386994036578
29,2026-05-12T13:42:45.457Z,2026-05-12 13:42:45.457000+00:00,1,9,5.171705246,1.5641522407531738,7.235342502593994,7.955297470092773,64597.65,1076.6275,17.943791666666666,141.38,1,1,16.75479221343994,True,4.625727799430838,0.6651800731636816,30,4.016615867614746,5.218570709228516,-0.8105424633986531,0.7615664433519425,6.216066002845764,26.676499366760254,30,1.2019548416137695,1.5721089067505956,20.46043336391449,False,True,True,True,True,0.009335551410171958,0.04318371968104819,0.05251927109122015,0.04318371968104819,5.425392403284964
30,2026-05-12T13:45:06.960Z,2026-05-12 13:45:06.960000+00:00,1,10,4.368380546569824,3.3075551986694336,1.660105586051941,7.472054481506348,64739.153,1078.9858833333333,17.983098055555555,141.503,1,1,12.439715266227722,True,0.5019131915681315,-0.2993713897932175,30,4.016615867614746,5.218570709228516,-0.8105424633986531,0.7615664433519425,6.216066002845764,26.676499366760254,30,1.2019548416137695,1.5721089067505956,20.46043336391449,False,True,True,True,True,0.026588672874603765,0.013345205662053381,0.03993387853665715,0.013345205662053381,4.462313253920476
31,2026-05-12T13:47:27.965Z,2026-05-12 13:47:27.965000+00:00,1,11,4.169893264770508,7.915419578552246,1.7931630611419678,2.0687265396118164,64880.158,1081.3359666666668,18.02226611111111,141.005,1,1,11.77730917930603,True,0.2265404939493988,-0.6448541568877426,30,4.016615867614746,5.218570709228516,-0.8105424633986531,0.7615664433519425,6.216066002845764,26.676499366760254,30,1.2019548416137695,1.5721089067505956,20.46043336391449,False,True,True,True,True,0.06720906667255089,0.015225575161877756,0.08243464183442864,0.015225575161877756,4.117808068540203
32,2026-05-12T13:49:51.054Z,2026-05-12 13:49:51.054000+00:00,1,12,4.016615867614746,9.095129967,1.406910419464111,2.13208556175232,65023.247,1083.7207833333334,18.062013055555557,143.089,1,1,12.63412594821643,True,0.15468832491331358,-0.8105424633986531,30,4.016615867614746,5.218570709228516,-0.8105424633986531,0.7615664433519425,6.216066002845764,26.676499366760254,30,1.2019548416137695,1.5721089067505956,20.46043336391449,False,True,True,True,True,0.07198859663326347,0.011135795426059731,0.0831243920593232,0.011135795426059731,3.9544379735716753
33,2026-05-12T13:52:13.493Z,2026-05-12 13:52:13.493000+00:00,1,13,4.113655090332031,6.596598148345947,1.4997410774230957,9.336196899414062,65165.686,1086.0947666666666,18.101579444444443,142.439,1,1,17.432536125183105,True,0.22735068041080322,-0.6433037417086417,30,4.016615867614746,5.218570709228516,-0.8105424633986531,0.7615664433519425,6.216066002845764,26.676499366760254,30,1.2019548416137695,1.5721089067505956,20.46043336391449,False,True,True,True,True,0.0378407255317055,0.008603114696871698,0.0464438402285772,0.008603114696871698,4.121365677812501
34,2026-05-12T13:54:35.522Z,2026-05-12 13:54:35.522000+00:00,1,14,5.025596618652344,2.5937695503234863,8.060962677001953,4.796279430389404,65307.715,1088.4619166666666,18.141031944444443,142.029,1,1,15.451011657714844,True,3.107817607002371,0.49245552280687366,30,4.016615867614746,5.218570709228516,-0.8105424633986531,0.7615664433519425,6.216066002845764,26.676499366760254,30,1.2019548416137695,1.5721089067505956,20.46043336391449,False,True,True,True,True,0.01678705322203541,0.05217109957312753,0.06895815279516294,0.05217109957312753,5.252646582879389
35,2026-05-12T13:56:57.013Z,2026-05-12 13:56:57.013000+00:00,1,15,5.144688606262207,2.6386256217956543,9.893185616,1.616839886,65449.206,1090.8201,18.180335,141.491,1,1,14.148651123795654,True,3.7493707080989482,0.573958382145338,30,4.016615867614746,5.218570709228516,-0.8105424633986531,0.7615664433519425,6.216066002845764,26.676499366760254,30,1.2019548416137695,1.5721089067505956,20.46043336391449,False,True,True,True,True,0.018649308677616126,0.06992317168214944,0.08857248035976556,0.06992317168214944,5.3340950575185335
36,2026-05-12T13:59:18.578Z,2026-05-12 13:59:18.578000+00:00,1,16,5.101132392883301,2.3411550521850586,8.106987953186035,2.909078836,65590.771,1093.1795166666666,18.21965861111111,141.565,1,1,13.357221841371093,True,3.4628154788891834,0.5394293501589674,30,4.016615867614746,5.218570709228516,-0.8105424633986531,0.7615664433519425,6.216066002845764,26.676499366760254,30,1.2019548416137695,1.5721089067505956,20.46043336391449,False,True,True,True,True,0.017527260383845986,0.06069366855970305,0.07822092894354904,0.06069366855970305,5.2995895022692245
37,2026-05-12T14:01:39.706Z,2026-05-12 14:01:39.706000+00:00,1,17,4.335300445556641,9.832083702087402,3.861116647720337,9.266672134399414,65731.899,1095.5316500000001,18.258860833333337,141.128,1,1,22.959872484207153,True,0.39270583578337537,-0.4059326448724748,30,4.016615867614746,5.218570709228516,-0.8105424633986531,0.7615664433519425,6.216066002845764,26.676499366760254,30,1.2019548416137695,1.5721089067505956,20.46043336391449,False,True,True,True,True,0.042822902038547286,0.016816803535717323,0.05963970557426461,0.016816803535717323,4.355651887108808
38,2026-05-12T14:04:01.828Z,2026-05-12 14:04:01.828000+00:00,1,18,4.927454948425293,5.234331607818604,9.27167510986328,1.112860918045044,65874.021,1097.90035,18.298339166666665,142.122,1,1,15.618867635726929,True,1.7713197795902023,0.24829697224298283,30,4.016615867614746,5.218570709228516,-0.8105424633986531,0.7615664433519425,6.216066002845764,26.676499366760254,30,1.2019548416137695,1.5721089067505956,20.46043336391449,False,True,True,True,True,0.033512875132160565,0.05936201859253262,0.09287489372469318,0.05936201859253262,5.008495787175126
39,2026-05-12T14:06:23.735Z,2026-05-12 14:06:23.735000+00:00,1,19,5.037725448608398,2.7481374740600586,8.593023300170898,9.474826813,66015.928,1100.2654666666667,18.337757777777778,141.907,1,1,20.815987587230957,True,3.1268535076142645,0.49510753512043454,30,4.016615867614746,5.218570709228516,-0.8105424633986531,0.7615664433519425,6.216066002845764,26.676499366760254,30,1.2019548416137695,1.5721089067505956,20.46043336391449,False,True,True,True,True,0.013202051848579284,0.041280882130435514,0.0544829339790148,0.041280882130435514,5.255348687036941
40,2026-05-12T14:08:45.405Z,2026-05-12 14:08:45.405000+00:00,1,20,4.972665786743164,2.798015594482422,7.081581592559815,7.36138105392456,66157.598,1102.6266333333333,18.377110555555554,141.67,1,1,17.240978240966797,True,2.5309299942875296,0.4032801327066147,30,4.016615867614746,5.218570709228516,-0.8105424633986531,0.7615664433519425,6.216066002845764,26.676499366760254,30,1.2019548416137695,1.5721089067505956,20.46043336391449,False,True,True,True,True,0.016228867964312922,0.04107412870421158,0.0573029966685245,0.04107412870421158,5.163536304753556
41,2026-05-12T14:11:06.405Z,2026-05-12 14:11:06.405000+00:00,1,21,4.567420006,3.407503128051758,3.0750389099121094,2.7852180004119877,66298.598,1104.9766333333332,18.41627722222222,141.0,1,1,9.267760038375854,True,0.9024317203401263,-0.044585647706293106,30,4.016615867614746,5.218570709228516,-0.8105424633986531,0.7615664433519425,6.216066002845764,26.676499366760254,30,1.2019548416137695,1.5721089067505956,20.46043336391449,False,True,True,True,True,0.036767278327686524,0.03317995823347839,0.06994723656116492,0.03317995823347839,4.715893313351654
42,2026-05-12T14:13:28.000Z,2026-05-12 14:13:28+00:00,1,22,4.763151168823242,1.8840086460113523,3.156545162200928,1.175512194633484,66440.193,1107.33655,18.455609166666665,141.595,1,1,6.216066002845764,True,1.6754409109977662,0.22412911585966586,30,4.016615867614746,5.218570709228516,-0.8105424633986531,0.7615664433519425,6.216066002845764,26.676499366760254,30,1.2019548416137695,1.5721089067505956,20.46043336391449,False,True,True,True,True,0.030308697577355815,0.05078043188016081,0.08108912945751663,0.05078043188016081,4.9843663243210745
43,2026-05-12T14:15:48.903Z,2026-05-12 14:15:48.903000+00:00,1,23,4.567420006,7.6740570068359375,5.443904876708984,9.056580543518066,66581.096,1109.6849333333334,18.49474888888889,140.903,1,1,22.17454242706299,True,0.7093907266859802,-0.14911449302143553,30,4.016615867614746,5.218570709228516,-0.8105424633986531,0.7615664433519425,6.216066002845764,26.676499366760254,30,1.2019548416137695,1.5721089067505956,20.46043336391449,False,True,True,True,True,0.034607510085394644,0.024550246728270497,0.05915775681366514,0.024550246728270497,4.611624899203194
44,2026-05-12T14:18:10.664Z,2026-05-12 14:18:10.664000+00:00,1,24,4.65343189239502,9.119361877441406,8.345041275024414,9.212096214294434,66722.857,1112.0476166666667,18.534126944444445,141.761,1,1,26.676499366760254,True,0.9150904840905117,-0.038535960798780605,30,4.016615867614746,5.218570709228516,-0.8105424633986531,0.7615664433519425,6.216066002845764,26.676499366760254,30,1.2019548416137695,1.5721089067505956,20.46043336391449,False,True,True,True,True,0.03418500213264269,0.03128237015019517,0.06546737228283786,0.03128237015019517,4.7219683315987755
45,2026-05-12T14:20:31.995Z,2026-05-12 14:20:31.995000+00:00,1,25,4.345775604248047,9.048858642578123,3.539415121078491,3.339630603790283,66864.188,1114.4031333333332,18.573385555555554,141.331,1,1,15.927904367446898,True,0.3911449234519229,-0.40766230195412934,30,4.016615867614746,5.218570709228516,-0.8105424633986531,0.7615664433519425,6.216066002845764,26.676499366760254,30,1.2019548416137695,1.5721089067505956,20.46043336391449,False,True,True,True,True,0.056811357186900134,0.022221473958069903,0.07903283114497003,0.022221473958069903,4.353541560318699
46,2026-05-12T14:22:53.376Z,2026-05-12 14:22:53.376000+00:00,1,26,4.328131675720215,3.804446220397949,1.855440974235535,9.726368904,67005.569,1116.7594833333335,18.61265805555556,141.381,1,1,15.386256098633483,True,0.48770329944142404,-0.31184430628180515,30,4.016615867614746,5.218570709228516,-0.8105424633986531,0.7615664433519425,6.216066002845764,26.676499366760254,30,1.2019548416137695,1.5721089067505956,20.46043336391449,False,True,True,True,True,0.024726263465326293,0.012059080274897572,0.036785343740223866,0.012059080274897572,4.450055028487928
47,2026-05-12T14:25:14.335Z,2026-05-12 14:25:14.335000+00:00,1,27,4.867908477783203,4.621294021606445,7.777799606323242,4.400923728942871,67146.528,1119.1088000000002,18.651813333333337,140.959,1,1,16.80001735687256,True,1.6830350049053011,0.22609314882140638,30,4.016615867614746,5.218570709228516,-0.8105424633986531,0.7615664433519425,6.216066002845764,26.676499366760254,30,1.2019548416137695,1.5721089067505956,20.46043336391449,False,True,True,True,True,0.027507674090086368,0.04629637839714194,0.07380405248722831,0.04629637839714194,4.986352874530159
48,2026-05-12T14:27:35.593Z,2026-05-12 14:27:35.593000+00:00,1,28,4.827108383178711,2.9393019676208496,5.055250644683838,6.315067291259766,67287.786,1121.4631,18.691051666666667,141.258,1,1,14.309619903564453,True,1.7198813529103627,0.23549848786474636,30,4.016615867614746,5.218570709228516,-0.8105424633986531,0.7615664433519425,6.216066002845764,26.676499366760254,30,1.2019548416137695,1.5721089067505956,20.46043336391449,False,True,True,True,True,0.020540741035956413,0.035327637482702116,0.05586837851865853,0.035327637482702116,4.995836074936932
49,2026-05-12T14:29:57.389Z,2026-05-12 14:29:57.389000+00:00,1,29,4.637993812561035,4.788331031799316,4.447020530700684,1.4427543878555298,67429.582,1123.8263666666667,18.730439444444446,141.796,1,1,10.67810595035553,True,0.9287203623074535,-0.032115032387984285,30,4.016615867614746,5.218570709228516,-0.8105424633986531,0.7615664433519425,6.216066002845764,26.676499366760254,30,1.2019548416137695,1.5721089067505956,20.46043336391449,False,True,True,True,True,0.04484251283945996,0.04164615477103989,0.08648866761049985,0.04164615477103989,4.728260976619935
50,2026-05-12T14:32:18.768Z,2026-05-12 14:32:18.768000+00:00,2,0,4.604361534118652,8.834828377,6.996333599090576,4.639993667602539,67570.961,1126.1826833333332,18.769711388888886,141.379,1,2,20.471155643693116,True,0.7919037360481572,-0.10132760811254647,30,3.930053711,5.149650573730469,-0.8407027906474136,0.6838340525364417,5.385859727859497,24.91978120793872,30,1.219596862730469,1.5245368431838553,19.533921480079222,False,True,True,True,True,0.04315744812248491,0.03417654440650033,0.07733399252898523,0.03417654440650033,4.659171461817782
51,2026-05-12T14:34:40.909Z,2026-05-12 14:34:40.909000+00:00,2,1,4.560252189636231,5.993945121765137,4.859119415283203,7.390170574188232,67713.102,1128.5517,18.809195,142.141,1,2,18.243235111236572,True,0.8106713219043049,-0.09115519019847167,30,3.930053711,5.149650573730469,-0.8407027906474136,0.6838340525364417,5.385859727859497,24.91978120793872,30,1.219596862730469,1.5245368431838553,19.533921480079222,False,True,True,True,True,0.032855713831552176,0.026635184963933956,0.059490898795486136,0.026635184963933956,4.669476702812655
52,2026-05-12T14:37:02.605Z,2026-05-12 14:37:02.605000+00:00,2,2,4.470381736755371,8.788537025,5.004181385040283,9.226182938,67854.798,1130.9133,18.848554999999998,141.696,1,2,23.01890134804028,True,0.5693986804408192,-0.24458354364838017,30,3.930053711,5.149650573730469,-0.8407027906474136,0.6838340525364417,5.385859727859497,24.91978120793872,30,1.219596862730469,1.5245368431838553,19.533921480079222,False,True,True,True,True,0.03817965458958889,0.021739444942998187,0.059919099532587075,0.021739444942998187,4.516370923957488
53,2026-05-12T14:39:24.168Z,2026-05-12 14:39:24.168000+00:00,2,3,4.853573799133301,6.068652629852295,9.204799652,9.646328926086426,67996.361,1133.2726833333334,18.887878055555557,141.563,1,2,24.91978120793872,True,1.5167781406239487,0.18092206111028536,30,3.930053711,5.149650573730469,-0.8407027906474136,0.6838340525364417,5.385859727859497,24.91978120793872,30,1.219596862730469,1.5245368431838553,19.533921480079222,False,True,True,True,True,0.02435275245482091,0.036937722587498556,0.061290475042319464,0.036937722587498556,4.941260826720923
54,2026-05-12T14:41:45.518Z,2026-05-12 14:41:45.518000+00:00,2,4,4.454943656921387,7.181658744812012,3.965494155883789,3.490147829055786,68137.711,1135.6285166666667,18.927141944444443,141.35,1,2,14.637300729751587,True,0.5521696723265275,-0.25792745047281684,30,3.930053711,5.149650573730469,-0.8407027906474136,0.6838340525364417,5.385859727859497,24.91978120793872,30,1.219596862730469,1.5245368431838553,19.533921480079222,False,True,True,True,True,0.0490640923310038,0.027091703785408858,0.07615579611641266,0.027091703785408858,4.502854026246169
55,2026-05-12T14:44:07.194Z,2026-05-12 14:44:07.194000+00:00,2,5,4.212347984313965,6.720005989074707,2.10981822,2.2132785320281982,68279.387,1137.9897833333334,18.966496388888892,141.676,1,2,11.043102741102906,True,0.31396076483117924,-0.5031246216146124,30,3.930053711,5.149650573730469,-0.8407027906474136,0.6838340525364417,5.385859727859497,24.91978120793872,30,1.219596862730469,1.5245368431838553,19.533921480079222,False,True,True,True,True,0.060852517146857237,0.019105302825329747,0.07995781997218698,0.019105302825329747,4.258520740100368
56,2026-05-12T14:46:29.068Z,2026-05-12 14:46:29.068000+00:00,2,6,4.425170898,3.9526641368865967,2.5090510845184326,8.314724922180176,68421.261,1140.35435,19.005905833333333,141.874,1,2,14.776440143585205,True,0.634774672885499,-0.1973804096511253,30,3.930053711,5.149650573730469,-0.8407027906474136,0.6838340525364417,5.385859727859497,24.91978120793872,30,1.219596862730469,1.5245368431838553,19.533921480079222,False,True,True,True,True,0.02674977260069327,0.016980078152366556,0.043729850753059823,0.016980078152366556,4.563760913241724
57,2026-05-12T14:48:51.658Z,2026-05-12 14:48:51.658000+00:00,2,7,4.793475151062012,7.425939559936523,9.599676132202148,7.379024505615234,68563.851,1142.73085,19.045514166666667,142.59,1,2,24.404640197753906,True,1.2927220932409806,0.11150517117257994,30,3.930053711,5.149650573730469,-0.8407027906474136,0.6838340525364417,5.385859727859497,24.91978120793872,30,1.219596862730469,1.5245368431838553,19.533921480079222,False,True,True,True,True,0.03042839189499698,0.039335454464457374,0.06976384635945435,0.039335454464457374,4.871845204640053
58,2026-05-12T14:51:13.162Z,2026-05-12 14:51:13.162000+00:00,2,8,4.4554948806762695,6.393741130828857,3.7063279151916495,3.857410430908203,68705.355,1145.08925,19.084820833333332,141.504,1,2,13.957479476928711,True,0.5796806344443253,-0.2368112079860517,30,3.930053711,5.149650573730469,-0.8407027906474136,0.6838340525364417,5.385859727859497,24.91978120793872,30,1.219596862730469,1.5245368431838553,19.533921480079222,False,True,True,True,True,0.04580870881019398,0.026554421386168592,0.07236313019636256,0.026554421386168592,4.5239617318108705
59,2026-05-12T14:53:35.106Z,2026-05-12 14:53:35.106000+00:00,2,9,4.767561912536621,6.490094661712647,8.302104949951172,3.8765311241149902,68847.299,1147.4549833333333,19.12424972222222,141.944,1,2,18.66873073577881,True,1.2791962802835852,0.10693718787493413,30,3.930053711,5.149650573730469,-0.8407027906474136,0.6838340525364417,5.385859727859497,24.91978120793872,30,1.219596862730469,1.5245368431838553,19.533921480079222,False,True,True,True,True,0.034764520167802924,0.04447064488449719,0.0792351650523001,0.04447064488449719,4.867239366257201
60,2026-05-12T14:55:56.695Z,2026-05-12 14:55:56.695000+00:00,2,10,4.378856658935547,4.671301842,2.4536473751068115,1.6579327583312988,68988.888,1149.8148,19.163580000000003,141.589,1,2,8.78288197543811,True,0.5252598650435939,-0.279625782246591,30,3.930053711,5.149650573730469,-0.8407027906474136,0.6838340525364417,5.385859727859497,24.91978120793872,30,1.219596862730469,1.5245368431838553,19.533921480079222,False,True,True,True,True,0.053186435330266235,0.027936699843725477,0.08112313517399171,0.027936699843725477,4.481157052830006
61,2026-05-12T14:58:17.999Z,2026-05-12 14:58:17.999000+00:00,2,11,4.0662384033203125,8.486347198486328,1.842304229736328,7.040344715118408,69130.192,1152.1698666666666,19.20283111111111,141.304,1,2,17.368996143341064,True,0.2170903672271306,-0.6633594467110145,30,3.930053711,5.149650573730469,-0.8407027906474136,0.6838340525364417,5.385859727859497,24.91978120793872,30,1.219596862730469,1.5245368431838553,19.533921480079222,False,True,True,True,True,0.0488591691105869,0.010606854964629786,0.059466024075216686,0.010606854964629786,4.100582139962794
62,2026-05-12T15:00:39.600Z,2026-05-12 15:00:39.600000+00:00,2,12,4.496295928955078,5.389996528625488,3.587766170501709,2.4772002696990967,69271.793,1154.5298833333334,19.242164722222224,141.601,1,2,11.454962968826294,True,0.6656342265616693,-0.17676435494945245,30,3.930053711,5.149650573730469,-0.8407027906474136,0.6838340525364417,5.385859727859497,24.91978120793872,30,1.219596862730469,1.5245368431838553,19.533921480079222,False,True,True,True,True,0.047053810154549645,0.031320626529003276,0.07837443668355293,0.031320626529003276,4.583837690203224
63,2026-05-12T15:03:00.933Z,2026-05-12 15:03:00.933000+00:00,2,13,4.931865692138672,2.319996118545532,5.883328914642334,9.158088684082031,69413.126,1156.8854333333334,19.281423888888888,141.333,1,2,17.361413717269897,True,2.5359218783222586,0.4041358705282498,30,3.930053711,5.149650573730469,-0.8407027906474136,0.6838340525364417,5.385859727859497,24.91978120793872,30,1.219596862730469,1.5245368431838553,19.533921480079222,False,True,True,True,True,0.013362944725162359,0.03388738388735024,0.047250328612512604,0.03388738388735024,5.164446167249677
64,2026-05-12T15:05:23.209Z,2026-05-12 15:05:23.209000+00:00,2,14,4.642955780029297,8.354703903198242,7.741885662078857,3.4639968872070312,69555.402,1159.2567000000001,19.320945000000002,142.276,1,2,19.56058645248413,True,0.9266499150395032,-0.0330843097422317,30,3.930053711,5.149650573730469,-0.8407027906474136,0.6838340525364417,5.385859727859497,24.91978120793872,30,1.219596862730469,1.5245368431838553,19.533921480079222,False,True,True,True,True,0.04271192954001245,0.03957900587942578,0.08229093541943823,0.03957900587942578,4.72731177719889
65,2026-05-12T15:07:45.645Z,2026-05-12 15:07:45.645000+00:00,2,15,4.440056800842285,6.315206527709961,3.978550672531128,9.969668388,69697.838,1161.6306333333334,19.360510555555557,142.436,1,2,20.26342558824109,True,0.6299953382480813,-0.20066266416645775,30,3.930053711,5.149650573730469,-0.8407027906474136,0.6838340525364417,5.385859727859497,24.91978120793872,30,1.219596862730469,1.5245368431838553,19.533921480079222,False,True,True,True,True,0.03116554256934074,0.019634146532656795,0.05079968910199753,0.019634146532656795,4.560329334665905
66,2026-05-12T15:10:07.556Z,2026-05-12 15:10:07.556000+00:00,2,16,4.5767927169799805,8.860002517700195,6.578691482543945,3.931365966796875,69839.749,1163.9958166666665,19.399930277777777,141.911,1,2,19.370059967041016,True,0.7425157576875708,-0.12929432530483376,30,3.930053711,5.149650573730469,-0.8407027906474136,0.6838340525364417,5.385859727859497,24.91978120793872,30,1.219596862730469,1.5245368431838553,19.533921480079222,False,True,True,True,True,0.04574070773542193,0.03396319626133254,0.07970390399675448,0.03396319626133254,4.631226485045645
67,2026-05-12T15:12:29.770Z,2026-05-12 15:12:29.770000+00:00,2,17,4.197461128234863,6.807454109191895,2.1034352779388428,1.0485353469848633,69981.963,1166.36605,19.43943416666667,142.214,1,2,9.9594247341156,True,0.30899000480938077,-0.5100555688804715,30,3.930053711,5.149650573730469,-0.8407027906474136,0.6838340525364417,5.385859727859497,24.91978120793872,30,1.219596862730469,1.5245368431838553,19.533921480079222,False,True,True,True,True,0.06835188066508743,0.021120047935435586,0.08947192860052303,0.021120047935435586,4.251451645891479
68,2026-05-12T15:14:51.128Z,2026-05-12 15:14:51.128000+00:00,2,18,4.352943420410156,5.532317161560059,2.561502456665039,2.992248058319092,70123.321,1168.7220166666666,19.478700277777776,141.358,1,2,11.08606767654419,True,0.4630071599045346,-0.33441229303606923,30,3.930053711,5.149650573730469,-0.8407027906474136,0.6838340525364417,5.385859727859497,24.91978120793872,30,1.219596862730469,1.5245368431838553,19.533921480079222,False,True,True,True,True,0.04990333202877058,0.02310560003241406,0.07300893206118464,0.02310560003241406,4.426616918801823
69,2026-05-12T15:17:13.116Z,2026-05-12 15:17:13.116000+00:00,2,19,4.843097686767578,6.219867706298828,9.886786460876465,6.341348648071289,70265.309,1171.0884833333332,19.518141388888886,141.988,1,2,22.448002815246582,True,1.589549316437095,0.2012740066290522,30,3.930053711,5.149650573730469,-0.8407027906474136,0.6838340525364417,5.385859727859497,24.91978120793872,30,1.219596862730469,1.5245368431838553,19.533921480079222,False,True,True,True,True,0.027707889015740512,0.044043056044885225,0.07175094506062574,0.044043056044885225,4.961552986805224
70,2026-05-12T15:19:34.334Z,2026-05-12 15:19:34.334000+00:00,2,20,4.722351074,1.3204381465911863,2.331531047821045,1.7338905334472656,70406.527,1173.4421166666666,19.55736861111111,141.218,1,2,5.385859727859497,True,1.7657253040137273,0.24692314078724745,30,3.930053711,5.149650573730469,-0.8407027906474136,0.6838340525364417,5.385859727859497,24.91978120793872,30,1.219596862730469,1.5245368431838553,19.533921480079222,False,True,True,True,True,0.024516757088212698,0.04328985836301506,0.06780661545122776,0.04328985836301506,5.007196038164305
71,2026-05-12T15:21:55.987Z,2026-05-12 15:21:55.987000+00:00,2,21,4.517247200012207,7.322654724121094,4.923448563,5.513732433319092,70548.18,1175.8029999999999,19.596716666666666,141.653,1,2,17.759835720440186,True,0.6723584203392766,-0.1723991518291779,30,3.930053711,5.149650573730469,-0.8407027906474136,0.6838340525364417,5.385859727859497,24.91978120793872,30,1.219596862730469,1.5245368431838553,19.533921480079222,False,True,True,True,True,0.04123154537794113,0.0277223767184597,0.06895392209640083,0.0277223767184597,4.5882768279689445
72,2026-05-12T15:24:17.907Z,2026-05-12 15:24:17.907000+00:00,2,22,3.930053711,8.417365074157715,1.214712142944336,8.550868988,70690.1,1178.1683333333335,19.63613888888889,141.92,1,2,18.18294620510205,True,0.14431026006863393,-0.8407027906474136,30,3.930053711,5.149650573730469,-0.8407027906474136,0.6838340525364417,5.385859727859497,24.91978120793872,30,1.219596862730469,1.5245368431838553,19.533921480079222,False,True,True,True,True,0.04629263585345615,0.006680502319274824,0.05297313817273098,0.006680502319274824,3.928011877932297
73,2026-05-12T15:26:39.779Z,2026-05-12 15:26:39.779000+00:00,2,23,4.512285232543945,3.695390939712525,2.7524333000183105,3.100379467010498,70831.972,1180.5328666666667,19.675547777777776,141.872,1,2,9.548203706741333,True,0.7448287190508808,-0.12794358620922913,30,3.930053711,5.149650573730469,-0.8407027906474136,0.6838340525364417,5.385859727859497,24.91978120793872,30,1.219596862730469,1.5245368431838553,19.533921480079222,False,True,True,True,True,0.03870247277090939,0.028826713218058027,0.06752918598896741,0.028826713218058027,4.632668793060843
74,2026-05-12T15:29:01.672Z,2026-05-12 15:29:01.672000+00:00,2,24,4.772523880004883,5.554773807525635,7.206357002258301,9.81508445739746,70973.865,1182.89775,19.714962500000002,141.893,1,2,22.576215267181396,True,1.2973268132889755,0.11304939422526296,30,3.930053711,5.149650573730469,-0.8407027906474136,0.6838340525364417,5.385859727859497,24.91978120793872,30,1.219596862730469,1.5245368431838553,19.533921480079222,False,True,True,True,True,0.0246045395199633,0.03192012884787665,0.05652466836783995,0.03192012884787665,4.873467699697497
75,2026-05-12T15:31:23.818Z,2026-05-12 15:31:23.818000+00:00,2,25,5.149650573730469,1.4570271968841553,7.035609245300293,8.114689826965332,71116.011,1185.26685,19.7544475,142.146,1,2,16.60732626914978,True,4.828742565921834,0.6838340525364417,30,3.930053711,5.149650573730469,-0.8407027906474136,0.6838340525364417,5.385859727859497,24.91978120793872,30,1.219596862730469,1.5245368431838553,19.533921480079222,False,True,True,True,True,0.008773400204648044,0.042364491016051345,0.05113789122069939,0.042364491016051345,5.444048857876581
76,2026-05-12T15:33:46.786Z,2026-05-12 15:33:46.786000+00:00,2,26,4.904297828674316,2.913615703582764,6.170339107513428,4.517364978790283,71258.979,1187.64965,19.794160833333333,142.968,1,2,13.601319789886475,True,2.117760108145351,0.3258767633213845,30,3.930053711,5.149650573730469,-0.8407027906474136,0.6838340525364417,5.385859727859497,24.91978120793872,30,1.219596862730469,1.5245368431838553,19.533921480079222,False,True,True,True,True,0.021421566058238257,0.045365738052137436,0.0667873041103757,0.045365738052137436,5.086121536120309
77,2026-05-12T15:36:09.161Z,2026-05-12 15:36:09.161000+00:00,2,27,5.111607551574707,2.077772617340088,8.441777229309082,6.848407269,71401.354,1190.0225666666668,19.833709444444445,142.375,1,2,17.36795711564917,True,4.062897527312701,0.6088358688723488,30,3.930053711,5.149650573730469,-0.8407027906474136,0.6838340525364417,5.385859727859497,24.91978120793872,30,1.219596862730469,1.5245368431838553,19.533921480079222,False,True,True,True,True,0.011963252808057306,0.048605470252472756,0.06056872306053006,0.048605470252472756,5.369029194723838
78,2026-05-12T15:38:31.252Z,2026-05-12 15:38:31.252000+00:00,2,28,4.479203224182129,8.029460906982422,4.680170536,4.752354621887207,71543.445,1192.39075,19.873179166666667,142.091,1,2,17.461986064869627,True,0.58287481441377,-0.23442470981596483,30,3.930053711,5.149650573730469,-0.8407027906474136,0.6838340525364417,5.385859727859497,24.91978120793872,30,1.219596862730469,1.5245368431838553,19.533921480079222,False,True,True,True,True,0.04598251812338948,0.02680205171744846,0.07278456984083793,0.02680205171744846,4.526338452174521
79,2026-05-12T15:40:53.322Z,2026-05-12 15:40:53.322000+00:00,2,29,4.419105529785156,4.373124122619629,2.3989381790161133,5.145124435424805,71685.515,1194.7585833333333,19.912643055555556,142.07,1,2,11.917186737060547,True,0.5485639354729953,-0.26077274784326004,30,3.930053711,5.149650573730469,-0.8407027906474136,0.6838340525364417,5.385859727859497,24.91978120793872,30,1.219596862730469,1.5245368431838553,19.533921480079222,False,True,True,True,True,0.03669594359061197,0.02013007123196114,0.056826014822573115,0.02013007123196114,4.500282676794952
80,2026-05-12T15:43:15.106Z,2026-05-12 15:43:15.106000+00:00,3,0,4.013307571411133,6.323430538,1.245916485786438,4.5049028396606445,71827.299,1197.12165,19.9520275,141.784,1,3,12.074249863447083,True,0.19703173432509966,-0.705463819867156,30,3.941632270812988,5.138624191,-0.8589225799517329,0.6650695695795399,8.239341616630554,24.031572818756104,30,1.196991920187012,1.523992149531273,15.79223120212555,False,True,True,True,True,0.05237120822837372,0.010318789985937401,0.06268999821431112,0.010318789985937401,4.058920187300633
81,2026-05-12T15:45:37.754Z,2026-05-12 15:45:37.754000+00:00,3,1,4.808362961,3.23929214477539,5.761162757873535,7.821721076965332,71969.947,1199.4991166666666,19.991651944444445,142.648,1,3,16.822175979614258,True,1.7785252148885784,0.25006002673818645,30,3.941632270812988,5.138624191,-0.8589225799517329,0.6650695695795399,8.239341616630554,24.031572818756104,30,1.196991920187012,1.523992149531273,15.79223120212555,False,True,True,True,True,0.019256082855754725,0.034247428898943444,0.05350351175469817,0.034247428898943444,5.010404035335842
82,2026-05-12T15:48:00.440Z,2026-05-12 15:48:00.440000+00:00,3,2,4.669971466064453,6.256481170654297,5.423519134521484,6.229099273681641,72112.633,1201.8772166666668,20.031286944444446,142.686,1,3,17.909099578857422,True,0.8668641344211538,-0.06204896514775528,30,3.941632270812988,5.138624191,-0.8589225799517329,0.6650695695795399,8.239341616630554,24.031572818756104,30,1.196991920187012,1.523992149531273,15.79223120212555,False,True,True,True,True,0.034934649523309276,0.03028359472032987,0.06521824424363915,0.03028359472032987,4.698487043926574
83,2026-05-12T15:50:21.660Z,2026-05-12 15:50:21.660000+00:00,3,3,4.4637651443481445,8.331745147705078,4.553992271,8.414236068725586,72253.853,1204.2308833333334,20.070514722222224,141.22,1,3,21.299973487430663,True,0.5465832415978742,-0.2623436880351285,30,3.941632270812988,5.138624191,-0.8589225799517329,0.6650695695795399,8.239341616630554,24.031572818756104,30,1.196991920187012,1.523992149531273,15.79223120212555,False,True,True,True,True,0.03911622309117769,0.021380272016241517,0.06049649510741921,0.021380272016241517,4.4986525005496665
84,2026-05-12T15:52:43.613Z,2026-05-12 15:52:43.613000+00:00,3,4,4.228887557983398,8.030882835388184,2.735448837280273,7.576201438903809,72395.806,1206.5967666666666,20.10994611111111,141.953,1,3,18.342533111572266,True,0.3406162053848531,-0.4677346935965651,30,3.941632270812988,5.138624191,-0.8589225799517329,0.6650695695795399,8.239341616630554,24.031572818756104,30,1.196991920187012,1.523992149531273,15.79223120212555,False,True,True,True,True,0.043782844967697056,0.014913146513850284,0.05869599148154734,0.014913146513850284,4.294245854233084
85,2026-05-12T15:55:05.414Z,2026-05-12 15:55:05.414000+00:00,3,5,4.459354400634766,9.446430206298828,5.658636569976807,8.926506042480469,72537.607,1208.9601166666666,20.149335277777777,141.801,1,3,24.031572818756104,True,0.599023805437493,-0.2225559182372155,30,3.941632270812988,5.138624191,-0.8589225799517329,0.6650695695795399,8.239341616630554,24.031572818756104,30,1.196991920187012,1.523992149531273,15.79223120212555,False,True,True,True,True,0.0393084142995672,0.02354667591944031,0.06285509021900751,0.02354667591944031,4.538297770933638
86,2026-05-12T15:57:28.706Z,2026-05-12 15:57:28.706000+00:00,3,6,4.930763244628906,4.809371948242188,9.95445156097412,2.764582872390747,72680.899,1211.3483166666667,20.18913861111111,143.292,1,3,17.528406381607056,True,2.0698028075396504,0.31592897170002693,30,3.941632270812988,5.138624191,-0.8589225799517329,0.6650695695795399,8.239341616630554,24.031572818756104,30,1.196991920187012,1.523992149531273,15.79223120212555,False,True,True,True,True,0.027437588127171498,0.056790396937736146,0.08422798506490764,0.056790396937736146,5.076125972872053
87,2026-05-12T15:59:51.516Z,2026-05-12 15:59:51.516000+00:00,3,7,4.4306840896606445,8.223516464233398,4.436218262,1.5015095472335815,72823.709,1213.7284833333333,20.228808055555554,142.81,1,3,14.16124427346698,True,0.539455144437842,-0.2680446609588384,30,3.941632270812988,5.138624191,-0.8589225799517329,0.6650695695795399,8.239341616630554,24.031572818756104,30,1.196991920187012,1.523992149531273,15.79223120212555,False,True,True,True,True,0.058070578442328526,0.03132647228119537,0.08939705072352389,0.03132647228119537,4.492641603399561
88,2026-05-12T16:02:13.404Z,2026-05-12 16:02:13.404000+00:00,3,8,4.722351074,3.125374794006348,4.181918144226074,2.473954200744629,72965.597,1216.0932833333331,20.268221388888886,141.888,1,3,9.78124713897705,True,1.3380533279547464,0.12647342253116992,30,3.941632270812988,5.138624191,-0.8589225799517329,0.6650695695795399,8.239341616630554,24.031572818756104,30,1.196991920187012,1.523992149531273,15.79223120212555,False,True,True,True,True,0.03195272289514206,0.04275444720706066,0.07470717010220272,0.04275444720706066,4.886781639066828
89,2026-05-12T16:04:35.577Z,2026-05-12 16:04:35.577000+00:00,3,9,4.813324928283691,2.937996864318848,4.786731719970703,2.405787467956543,73107.77,1218.4628333333335,20.30771388888889,142.173,1,3,10.130516052246094,True,1.6292501119059124,0.21198775949738607,30,3.941632270812988,5.138624191,-0.8589225799517329,0.6650695695795399,8.239341616630554,24.031572818756104,30,1.196991920187012,1.523992149531273,15.79223120212555,False,True,True,True,True,0.029001453126047298,0.047250620751046635,0.07625207387709393,0.047250620751046635,4.972245365465158
90,2026-05-12T16:06:57.964Z,2026-05-12 16:06:57.964000+00:00,3,10,4.172650337219238,5.659758567810059,1.6289029121398926,4.344859600067139,73250.157,1220.8359500000001,20.347265833333335,142.387,1,3,11.63352108001709,True,0.2878043104884891,-0.5409027058568623,30,3.941632270812988,5.138624191,-0.8589225799517329,0.6650695695795399,8.239341616630554,24.031572818756104,30,1.196991920187012,1.523992149531273,15.79223120212555,False,True,True,True,True,0.04865043462663967,0.014001804792685344,0.06265223941932502,0.014001804792685344,4.221492236606768
91,2026-05-12T16:09:20.287Z,2026-05-12 16:09:20.287000+00:00,3,11,4.780243873596191,2.981888055801392,4.477949142456055,1.8164279460906985,73392.48,1223.2079999999999,20.386799999999997,142.323,1,3,9.276265144348145,True,1.5017160465645285,0.17658782143752835,30,3.941632270812988,5.138624191,-0.8589225799517329,0.6650695695795399,8.239341616630554,24.031572818756104,30,1.196991920187012,1.523992149531273,15.79223120212555,False,True,True,True,True,0.032145351705672204,0.04827319047886838,0.08041854218454059,0.04827319047886838,4.93684811318365
92,2026-05-12T16:11:41.775Z,2026-05-12 16:11:41.775000+00:00,3,12,4.894925117492676,4.2156829833984375,7.869575977325439,9.926755905151367,73533.968,1225.5661333333333,20.42610222222222,141.488,1,3,22.012014865875244,True,1.8667380845087753,0.2710833878837251,30,3.941632270812988,5.138624191,-0.8589225799517329,0.6650695695795399,8.239341616630554,24.031572818756104,30,1.196991920187012,1.523992149531273,15.79223120212555,False,True,True,True,True,0.01915173603636767,0.03575127504354667,0.05490301107991434,0.03575127504354667,5.031407333616514
93,2026-05-12T16:14:04.844Z,2026-05-12 16:14:04.844000+00:00,3,13,4.648469924926758,8.045789719,7.092952728271484,8.478935241699219,73677.037,1227.9506166666665,20.465843611111108,143.069,1,3,23.6176776889707,True,0.8815732172966928,-0.05474161240896672,30,3.941632270812988,5.138624191,-0.8589225799517329,0.6650695695795399,8.239341616630554,24.031572818756104,30,1.196991920187012,1.523992149531273,15.79223120212555,False,True,True,True,True,0.03406681141540572,0.030032388542518922,0.06409919995792464,0.030032388542518922,4.705794052683997
94,2026-05-12T16:16:26.813Z,2026-05-12 16:16:26.813000+00:00,3,14,4.021027565002441,7.409592151641846,1.482351541519165,9.951426506,73819.006,1230.3167666666666,20.505279444444444,141.969,1,3,18.84337019916101,True,0.2000584527706697,-0.6988430943019543,30,3.941632270812988,5.138624191,-0.8589225799517329,0.6650695695795399,8.239341616630554,24.031572818756104,30,1.196991920187012,1.523992149531273,15.79223120212555,False,True,True,True,True,0.03932201126087176,0.007866700732680854,0.04718871199355261,0.007866700732680854,4.066812755711932
95,2026-05-12T16:18:48.689Z,2026-05-12 16:18:48.689000+00:00,3,15,4.003383636474609,9.056743621826172,1.710686445236206,9.847497940063477,73960.882,1232.6813666666667,20.544689444444444,141.876,1,3,20.614928007125854,True,0.1888853783067858,-0.7238016596877765,30,3.941632270812988,5.138624191,-0.8589225799517329,0.6650695695795399,8.239341616630554,24.031572818756104,30,1.196991920187012,1.523992149531273,15.79223120212555,False,True,True,True,True,0.04393293839636779,0.008298289689126647,0.052231228085494436,0.008298289689126647,4.041824261292047
96,2026-05-12T16:21:11.855Z,2026-05-12 16:21:11.855000+00:00,3,16,3.941632270812988,9.695536613464355,1.3416810035705566,7.364595413208008,74104.048,1235.0674666666666,20.58445777777778,143.166,1,3,18.40181303024292,True,0.13838130441458407,-0.8589225799517329,30,3.941632270812988,5.138624191,-0.8589225799517329,0.6650695695795399,8.239341616630554,24.031572818756104,30,1.196991920187012,1.523992149531273,15.79223120212555,False,True,True,True,True,0.05268794220183622,0.00729102616881031,0.059978968370646535,0.00729102616881031,3.909371620763599
97,2026-05-12T16:23:34.427Z,2026-05-12 16:23:34.427000+00:00,3,17,5.0085039138793945,3.5627453327178955,9.780977249145508,9.621156692504885,74246.62,1237.4436666666666,20.62406111111111,142.572,1,3,22.964879274368286,True,2.745348414135438,0.4385974689079053,30,3.941632270812988,5.138624191,-0.8589225799517329,0.6650695695795399,8.239341616630554,24.031572818756104,30,1.196991920187012,1.523992149531273,15.79223120212555,False,True,True,True,True,0.015513886618574002,0.04259102402537913,0.05810491064395313,0.04259102402537913,5.1988390521312295
98,2026-05-12T16:25:57.310Z,2026-05-12 16:25:57.310000+00:00,3,18,4.077816963195801,6.377004146575928,1.47468364238739,8.523088455200195,74389.503,1239.82505,20.66375083333333,142.883,1,3,16.374776244163513,True,0.23125022479077537,-0.635917836425272,30,3.941632270812988,5.138624191,-0.8589225799517329,0.6650695695795399,8.239341616630554,24.031572818756104,30,1.196991920187012,1.523992149531273,15.79223120212555,False,True,True,True,True,0.03894406892337777,0.009005824692798557,0.047949893616176326,0.009005824692798557,4.128485158805922
99,2026-05-12T16:28:19.492Z,2026-05-12 16:28:19.492000+00:00,3,19,4.445570945739746,9.343351364135742,4.998967170715332,3.034790277481079,74531.685,1242.1947499999999,20.70324583333333,142.182,1,3,17.377108812332153,True,0.5350293460977784,-0.27162239648568776,30,3.941632270812988,5.138624191,-0.8589225799517329,0.6650695695795399,8.239341616630554,24.031572818756104,30,1.196991920187012,1.523992149531273,15.79223120212555,False,True,True,True,True,0.05376815824220984,0.028767542545211404,0.08253570078742124,0.028767542545211404,4.4891287966010704
100,2026-05-12T16:30:42.384Z,2026-05-12 16:30:42.384000+00:00,3,20,4.094908714294434,6.308492183685303,1.5127555131912231,2.5563910007476807,74674.577,1244.5762833333333,20.742938055555555,142.892,1,3,10.377638697624207,True,0.23979668503092283,-0.620156824918275,30,3.941632270812988,5.138624191,-0.8589225799517329,0.6650695695795399,8.239341616630554,24.031572818756104,30,1.196991920187012,1.523992149531273,15.79223120212555,False,True,True,True,True,0.06078928326083979,0.014577068611355146,0.07536635187219493,0.014577068611355146,4.142498706772742
101,2026-05-12T16:33:05.343Z,2026-05-12 16:33:05.343000+00:00,3,21,4.3976030349731445,8.745513916015625,4.401782035827637,4.147047043,74817.536,1246.958933333333,20.782648888888886,142.959,1,3,17.294342994843262,True,0.5033188533113727,-0.29815680150084994,30,3.941632270812988,5.138624191,-0.8589225799517329,0.6650695695795399,8.239341616630554,24.031572818756104,30,1.196991920187012,1.523992149531273,15.79223120212555,False,True,True,True,True,0.050568639228580806,0.025452149510045787,0.0760207887386266,0.025452149510045787,4.462726749951201
102,2026-05-12T16:35:28.904Z,2026-05-12 16:35:28.904000+00:00,3,22,5.138624191,1.9713456630706787,7.977984905,5.381337642669678,74961.097,1249.3516166666666,20.822526944444444,143.561,1,3,15.330668210740356,True,4.0469741326709,0.6071304284898635,30,3.941632270812988,5.138624191,-0.8589225799517329,0.6650695695795399,8.239341616630554,24.031572818756104,30,1.196991920187012,1.523992149531273,15.79223120212555,False,True,True,True,True,0.012858837175078866,0.05203938142377111,0.06489821859884998,0.05203938142377111,5.367311142112778
103,2026-05-12T16:37:50.432Z,2026-05-12 16:37:50.432000+00:00,3,23,4.910914421081543,1.8790521621704104,4.597433567047119,1.762855887413025,75102.625,1251.7104166666666,20.861840277777777,141.528,1,3,8.239341616630554,True,2.4466769255286804,0.38857662618734373,30,3.941632270812988,5.138624191,-0.8589225799517329,0.6650695695795399,8.239341616630554,24.031572818756104,30,1.196991920187012,1.523992149531273,15.79223120212555,False,True,True,True,True,0.022805853302376375,0.05579855504191634,0.07860440834429272,0.05579855504191634,5.148767061979848
104,2026-05-12T16:40:12.205Z,2026-05-12 16:40:12.205000+00:00,3,24,4.879487991333008,3.4123246669769287,6.176530361175537,3.865297317504883,75244.398,1254.0733,20.901221666666668,141.773,1,3,13.454152345657349,True,1.8100652675138011,0.25769423498523203,30,3.941632270812988,5.138624191,-0.8589225799517329,0.6650695695795399,8.239341616630554,24.031572818756104,30,1.196991920187012,1.523992149531273,15.79223120212555,False,True,True,True,True,0.02536261355832156,0.04590798589529248,0.07127059945361404,0.04590798589529248,5.017949301106869
105,2026-05-12T16:42:34.978Z,2026-05-12 16:42:34.978000+00:00,3,25,4.415797233581543,6.550953388214111,3.4678773880004883,1.3320295810699463,75387.171,1256.4528500000001,20.940880833333335,142.773,1,3,11.350860357284546,True,0.5293698767937477,-0.27624077537782066,30,3.941632270812988,5.138624191,-0.8589225799517329,0.6650695695795399,8.239341616630554,24.031572818756104,30,1.196991920187012,1.523992149531273,15.79223120212555,False,True,True,True,True,0.057713276192407396,0.030551669907338243,0.08826494609974564,0.030551669907338243,4.484471547301714
106,2026-05-12T16:44:57.399Z,2026-05-12 16:44:57.399000+00:00,3,26,4.619799613952637,5.963613510131836,5.786372184753418,5.041311264038086,75529.592,1258.8265333333334,20.980442222222223,142.421,1,3,16.79129695892334,True,0.9702795419124168,-0.013103125507060139,30,3.941632270812988,5.138624191,-0.8589225799517329,0.6650695695795399,8.239341616630554,24.031572818756104,30,1.196991920187012,1.523992149531273,15.79223120212555,False,True,True,True,True,0.03551609815918725,0.03446054345241263,0.06997664161159989,0.03446054345241263,4.747341118812102
107,2026-05-12T16:47:20.218Z,2026-05-12 16:47:20.218000+00:00,3,27,5.121532440185547,1.5709567070007324,7.264969348907471,8.713197708129883,75672.411,1261.2068499999998,21.020114166666662,142.819,1,3,17.549123764038086,True,4.624550960909506,0.6650695695795399,30,3.941632270812988,5.138624191,-0.8589225799517329,0.6650695695795399,8.239341616630554,24.031572818756104,30,1.196991920187012,1.523992149531273,15.79223120212555,False,True,True,True,True,0.008951767211420318,0.04139790365941204,0.05034967087083236,0.04139790365941204,5.425291066085119
108,2026-05-12T16:49:42.725Z,2026-05-12 16:49:42.725000+00:00,3,28,4.429581642150879,7.257782459259033,4.115303993225098,5.928508281707764,75814.918,1263.5819666666669,21.059699444444448,142.507,1,3,17.301594734191895,True,0.5670194741060398,-0.24640202514314918,30,3.941632270812988,5.138624191,-0.8589225799517329,0.6650695695795399,8.239341616630554,24.031572818756104,30,1.196991920187012,1.523992149531273,15.79223120212555,False,True,True,True,True,0.0419486328905624,0.02378569176107402,0.06573432465163642,0.02378569176107402,4.514472845482777
109,2026-05-12T16:52:04.560Z,2026-05-12 16:52:04.560000+00:00,3,29,4.756534576416016,7.745972633361816,9.487553596496582,2.522180557250977,75956.753,1265.9458833333333,21.099098055555555,141.835,1,3,19.755706787109375,True,1.2248369630992235,0.0880782840159744,30,3.941632270812988,5.138624191,-0.8589225799517329,0.6650695695795399,8.239341616630554,24.031572818756104,30,1.196991920187012,1.523992149531273,15.79223120212555,False,True,True,True,True,0.03920878517196902,0.04802436935684439,0.08723315452881342,0.04802436935684439,4.848363541905648
110,2026-05-12T16:54:25.586Z,2026-05-12 16:54:25.586000+00:00,4,0,5.058677673339844,2.2797908782958984,7.243326187133789,2.210524082183838,76097.779,1268.2963166666666,21.138271944444444,141.026,1,4,11.733641147613525,True,3.1771888624048015,0.5020430314662322,5,4.114206314086914,5.058677673339844,-0.5755634782361821,0.5020430314662322,9.774475693702698,18.94368076324463,5,0.9444713592529297,1.0776065097024143,9.169205069541931,False,True,True,True,True,0.01942952617704334,0.061731274171504646,0.08116080034854799,0.061731274171504646,5.262203705507676
111,2026-05-12T16:56:48.927Z,2026-05-12 16:56:48.927000+00:00,4,1,4.677140235900879,1.650342345237732,2.4211604595184326,5.702972888946533,76241.12,1270.6853333333333,21.17808888888889,143.341,1,4,9.774475693702698,True,1.4670655858192043,0.166449529605162,5,4.114206314086914,5.058677673339844,-0.5755634782361821,0.5020430314662322,9.774475693702698,18.94368076324463,5,0.9444713592529297,1.0776065097024143,9.169205069541931,False,True,True,True,True,0.01688420327548598,0.024770233569441368,0.04165443684492735,0.024770233569441368,4.926961317454788
112,2026-05-12T16:59:11.222Z,2026-05-12 16:59:11.222000+00:00,4,2,4.114206314086914,9.197636604309082,2.4440650939941406,7.301979064941406,76383.415,1273.0569166666667,21.217615277777778,142.295,1,4,18.94368076324463,True,0.26572751230996655,-0.5755634782361821,5,4.114206314086914,5.058677673339844,-0.5755634782361821,0.5020430314662322,9.774475693702698,18.94368076324463,5,0.9444713592529297,1.0776065097024143,9.169205069541931,False,True,True,True,True,0.04855253168198836,0.012901743460205603,0.06145427514219396,0.012901743460205603,4.187200114911533
113,2026-05-12T17:01:34.011Z,2026-05-12 17:01:34.011000+00:00,4,3,4.698642730712891,3.1678454875946045,4.217148303985596,9.215991973876951,76526.204,1275.4367333333332,21.257278888888887,142.789,1,4,16.600985765457153,True,1.3312354786557925,0.12425488345018916,5,4.114206314086914,5.058677673339844,-0.5755634782361821,0.5020430314662322,9.774475693702698,18.94368076324463,5,0.9444713592529297,1.0776065097024143,9.169205069541931,False,True,True,True,True,0.019082273380332422,0.025402999337307518,0.04448527271763994,0.025402999337307518,4.88477453577125
114,2026-05-12T17:03:56.434Z,2026-05-12 17:03:56.434000+00:00,4,4,4.935725212097168,1.855609893798828,4.768946647644043,3.162666320800781,76668.627,1277.81045,21.29684083333333,142.423,1,4,9.787222862243652,True,2.5700157471573917,0.40993578437511125,5,4.114206314086914,5.058677673339844,-0.5755634782361821,0.5020430314662322,9.774475693702698,18.94368076324463,5,0.9444713592529297,1.0776065097024143,9.169205069541931,False,True,True,True,True,0.0189595140512969,0.048726249670284875,0.06768576372158178,0.048726249670284875,5.170150811073309
115,2026-05-12T17:46:23.537Z,2026-05-12 17:46:23.537000+00:00,1,0,4.787961959838867,7.543157101,7.981068134307861,7.851915836334228,79215.73,1320.2621666666666,22.004369444444443,2547.103,2,5,23.37614107164209,True,1.0580540783447037,0.024507865550290633,30,4.214001655578613,5.143586158752441,-0.50006015487141,0.5750796079473154,6.392074108123779,28.735502243041992,30,0.9295845031738281,1.0751397628187254,22.343428134918213,False,True,True,True,True,0.03226861558493376,0.03414194032217663,0.0664105559071104,0.03414194032217663,4.784937407173089
116,2026-05-12T17:48:48.799Z,2026-05-12 17:48:48.799000+00:00,1,1,4.897682189941406,4.324800491333008,7.176953315734863,8.691786766052246,79360.992,1322.6832,22.044719999999998,145.262,2,5,20.193540573120117,True,1.6594877220620075,0.2199740435717123,30,4.214001655578613,5.143586158752441,-0.50006015487141,0.5750796079473154,6.392074108123779,28.735502243041992,30,0.9295845031738281,1.0751397628187254,22.343428134918213,False,True,True,True,True,0.021416751934476543,0.03554083688171157,0.056957588816188114,0.03554083688171157,4.980314107636175
117,2026-05-12T17:51:10.875Z,2026-05-12 17:51:10.875000+00:00,1,2,5.083488464355469,1.6750736236572266,5.8752617835998535,8.555215835571289,79503.068,1325.0511333333334,22.084185555555557,142.076,2,5,16.10555124282837,True,3.5074648066944425,0.5449933220852633,30,4.214001655578613,5.143586158752441,-0.50006015487141,0.5750796079473154,6.392074108123779,28.735502243041992,30,0.9295845031738281,1.0751397628187254,22.343428134918213,False,True,True,True,True,0.010400597895729394,0.036479731087851124,0.04688032898358052,0.036479731087851124,5.305258967781991
118,2026-05-12T17:53:33.387Z,2026-05-12 17:53:33.387000+00:00,1,3,4.312693595886231,1.9117560386657717,1.0327486991882324,3.4475693702697754,79645.58,1327.4263333333333,22.12377222222222,142.512,2,5,6.392074108123779,True,0.5402094609880219,-0.2674378140417357,30,4.214001655578613,5.143586158752441,-0.50006015487141,0.5750796079473154,6.392074108123779,28.735502243041992,30,0.9295845031738281,1.0751397628187254,22.343428134918213,False,True,True,True,True,0.02990822706883347,0.016156707223961893,0.04606493429279536,0.016156707223961893,4.493889334996816
119,2026-05-12T17:55:56.645Z,2026-05-12 17:55:56.645000+00:00,1,4,4.524414063,1.0617680549621582,1.356583833694458,6.921240329742432,79788.838,1329.8139666666668,22.163566111111113,143.258,2,5,9.339592218399048,True,1.2776649545580905,0.10641698256771455,30,4.214001655578613,5.143586158752441,-0.50006015487141,0.5750796079473154,6.392074108123779,28.735502243041992,30,0.9295845031738281,1.0751397628187254,22.343428134918213,False,True,True,True,True,0.011368462670891234,0.014525086341799597,0.02589354901269083,0.014525086341799597,4.86734136804816
120,2026-05-12T17:58:18.896Z,2026-05-12 17:58:18.896000+00:00,1,5,4.214001655578613,5.605854511260986,1.7724813222885132,8.471328735351562,79931.089,1332.1848166666668,22.20308027777778,142.251,2,5,15.849664568901062,True,0.31618396780151353,-0.50006015487141,30,4.214001655578613,5.143586158752441,-0.50006015487141,0.5750796079473154,6.392074108123779,28.735502243041992,30,0.9295845031738281,1.0751397628187254,22.343428134918213,False,True,True,True,True,0.03536891577037122,0.011183084125113497,0.04655199989548472,0.011183084125113497,4.26272653289767
121,2026-05-12T18:00:40.073Z,2026-05-12 18:00:40.073000+00:00,1,6,4.976525307,3.2838714122772217,7.913933277130127,2.570388078689575,80072.266,1334.5377666666668,22.242296111111113,141.177,2,5,13.768192768096924,True,2.409940062678081,0.3820062414247162,30,4.214001655578613,5.143586158752441,-0.50006015487141,0.5750796079473154,6.392074108123779,28.735502243041992,30,0.9295845031738281,1.0751397628187254,22.343428134918213,False,True,True,True,True,0.02385114348403423,0.05747982622285737,0.0813309697068916,0.05747982622285737,5.142191927107623
122,2026-05-12T18:03:01.602Z,2026-05-12 18:03:01.602000+00:00,1,7,4.827659606933594,5.267858982086182,7.759117126464844,3.1691620349884038,80213.795,1336.8965833333334,22.281609722222225,141.529,2,5,16.19613814353943,True,1.4729166351738732,0.16817816713555497,30,4.214001655578613,5.143586158752441,-0.50006015487141,0.5750796079473154,6.392074108123779,28.735502243041992,30,0.9295845031738281,1.0751397628187254,22.343428134918213,False,True,True,True,True,0.032525401644511835,0.047907205147913134,0.08043260679242498,0.047907205147913134,4.928442494378081
123,2026-05-12T18:05:24.542Z,2026-05-12 18:05:24.542000+00:00,1,8,4.784654617,4.264469146728516,5.835362434387207,2.391511917114258,80356.735,1339.2789166666666,22.321315277777778,142.94,2,5,12.49134349822998,True,1.3683678398432784,0.13620285859784664,30,4.214001655578613,5.143586158752441,-0.50006015487141,0.5750796079473154,6.392074108123779,28.735502243041992,30,0.9295845031738281,1.0751397628187254,22.343428134918213,False,True,True,True,True,0.03413939539275971,0.04671525072714617,0.08085464611990588,0.04671525072714617,4.896482289557321
124,2026-05-12T18:07:47.148Z,2026-05-12 18:07:47.148000+00:00,1,9,4.267482757568359,7.439232349395752,2.753178596496582,4.622891426086426,80499.341,1341.6556833333334,22.360928055555558,142.606,2,5,14.81530237197876,True,0.3700890719887527,-0.4316937385878169,30,4.214001655578613,5.143586158752441,-0.50006015487141,0.5750796079473154,6.392074108123779,28.735502243041992,30,0.9295845031738281,1.0751397628187254,22.343428134918213,False,True,True,True,True,0.05021316583768216,0.018583343946485125,0.06879650978416728,0.018583343946485125,4.329803393093204
125,2026-05-12T18:10:09.120Z,2026-05-12 18:10:09.120000+00:00,1,10,4.783551216125488,3.407980204,5.189589023590088,9.268029213,80641.313,1344.0218833333333,22.40036472222222,141.972,2,5,17.865598440590087,True,1.522775577598422,0.18263590294710122,30,4.214001655578613,5.143586158752441,-0.50006015487141,0.5750796079473154,6.392074108123779,28.735502243041992,30,0.9295845031738281,1.0751397628187254,22.343428134918213,False,True,True,True,True,0.019075656577264014,0.029047943962512344,0.04812360053977636,0.029047943962512344,4.943065926660034
126,2026-05-12T18:12:31.942Z,2026-05-12 18:12:31.942000+00:00,1,11,4.704707145690918,9.701196670532228,9.469735145568848,9.564570426940918,80784.135,1346.4022499999999,22.4400375,142.822,2,5,28.735502243041992,True,0.9761409305651483,-0.010487476443663204,30,4.214001655578613,5.143586158752441,-0.50006015487141,0.5750796079473154,6.392074108123779,28.735502243041992,30,0.9295845031738281,1.0751397628187254,22.343428134918213,False,True,True,True,True,0.03376031707565255,0.03295482732640195,0.0667151444020545,0.03295482732640195,4.749975640911868
127,2026-05-12T18:14:53.430Z,2026-05-12 18:14:53.430000+00:00,1,12,4.4444684982299805,9.181890487670898,5.1043243408203125,3.7697055339813232,80925.623,1348.7603833333335,22.479339722222225,141.488,2,5,18.055920362472534,True,0.5559121346169625,-0.25499384594764457,30,4.214001655578613,5.143586158752441,-0.50006015487141,0.5750796079473154,6.392074108123779,28.735502243041992,30,0.9295845031738281,1.0751397628187254,22.343428134918213,False,True,True,True,True,0.05085251985689171,0.02826953286429615,0.07912205272118786,0.02826953286429615,4.505751894951924
128,2026-05-12T18:17:15.559Z,2026-05-12 18:17:15.559000+00:00,1,13,4.828210830688477,6.375922679901123,9.206503868103027,2.367205858230591,81067.752,1351.1291999999999,22.518819999999998,142.129,2,5,17.94963240623474,True,1.4439484809194394,0.1595516981840719,30,4.214001655578613,5.143586158752441,-0.50006015487141,0.5750796079473154,6.392074108123779,28.735502243041992,30,0.9295845031738281,1.0751397628187254,22.343428134918213,False,True,True,True,True,0.03552118804219338,0.05129076551397889,0.08681195355617227,0.05129076551397889,4.919800597868789
129,2026-05-12T18:19:37.929Z,2026-05-12 18:19:37.929000+00:00,1,14,4.549225807189941,6.626776695251465,5.112069129943848,2.614516496658325,81210.122,1353.5020333333334,22.558367222222223,142.37,2,5,14.353362321853638,True,0.771426194820627,-0.11270561816261068,30,4.214001655578613,5.143586158752441,-0.50006015487141,0.5750796079473154,6.392074108123779,28.735502243041992,30,0.9295845031738281,1.0751397628187254,22.343428134918213,False,True,True,True,True,0.04616881081000722,0.0356158300425573,0.08178464085256451,0.0356158300425573,4.647780390514492
130,2026-05-12T18:22:00.204Z,2026-05-12 18:22:00.204000+00:00,1,15,4.759291648864746,6.115901947021484,7.3441338539123535,2.449049234390259,81352.397,1355.8732833333333,22.597888055555554,142.275,2,5,15.909085035324097,True,1.2008259644334278,0.07948006971510625,30,4.214001655578613,5.143586158752441,-0.50006015487141,0.5750796079473154,6.392074108123779,28.735502243041992,30,0.9295845031738281,1.0751397628187254,22.343428134918213,False,True,True,True,True,0.0384428264318275,0.046163144125546125,0.08460597055737362,0.046163144125546125,4.8397794890333055
131,2026-05-12T18:24:21.438Z,2026-05-12 18:24:21.438000+00:00,1,16,4.518900871276856,2.8598403930664062,2.369830369949341,8.639083862304688,81493.631,1358.2271833333332,22.63711972222222,141.234,2,5,13.868754625320435,True,0.8286582620816604,-0.0816245351808117,30,4.214001655578613,5.143586158752441,-0.50006015487141,0.5750796079473154,6.392074108123779,28.735502243041992,30,0.9295845031738281,1.0751397628187254,22.343428134918213,False,True,True,True,True,0.020620744041755158,0.01708754992047158,0.03770829396222674,0.01708754992047158,4.679347839533791
132,2026-05-12T18:26:44.184Z,2026-05-12 18:26:44.184000+00:00,1,17,4.290088653564453,9.556440353393556,3.5858449935913086,7.650800228118896,81636.377,1360.6062833333333,22.676771388888888,142.746,2,5,20.79308557510376,True,0.37522810387425803,-0.42570464124068136,30,4.214001655578613,5.143586158752441,-0.50006015487141,0.5750796079473154,6.392074108123779,28.735502243041992,30,0.9295845031738281,1.0751397628187254,22.343428134918213,False,True,True,True,True,0.04595970289679274,0.017245372172587786,0.06320507506938053,0.017245372172587786,4.335892083270201
133,2026-05-12T18:29:06.206Z,2026-05-12 18:29:06.206000+00:00,1,18,4.653983116149902,3.5640995502471924,4.003465652,9.872911453,81778.399,1362.9733166666667,22.716221944444445,142.022,2,5,17.440476655247192,True,1.1232754853108227,0.05048628081885771,30,4.214001655578613,5.143586158752441,-0.50006015487141,0.5750796079473154,6.392074108123779,28.735502243041992,30,0.9295845031738281,1.0751397628187254,22.343428134918213,False,True,True,True,True,0.020435792098462444,0.022955024287111474,0.04339081638557392,0.022955024287111474,4.811106868628389
134,2026-05-12T18:31:28.845Z,2026-05-12 18:31:28.845000+00:00,1,19,4.745508193969727,4.642705917358398,5.750741004943848,4.196063995361328,81921.038,1365.3506333333332,22.755843888888887,142.639,2,5,14.589510917663574,True,1.2386614847696185,0.09295263374994936,30,4.214001655578613,5.143586158752441,-0.50006015487141,0.5750796079473154,6.392074108123779,28.735502243041992,30,0.9295845031738281,1.0751397628187254,22.343428134918213,False,True,True,True,True,0.03182221764361859,0.03941695535510656,0.07123917299872515,0.03941695535510656,4.853298405537955
135,2026-05-12T18:33:51.356Z,2026-05-12 18:33:51.356000+00:00,1,20,5.143586158752441,2.3970086574554443,9.010506629943848,1.0616852045059204,82063.549,1367.7258166666666,22.795430277777776,142.511,2,5,12.469200491905212,True,3.759063031298766,0.5750796079473154,30,4.214001655578613,5.143586158752441,-0.50006015487141,0.5750796079473154,6.392074108123779,28.735502243041992,30,0.9295845031738281,1.0751397628187254,22.343428134918213,False,True,True,True,True,0.019223435047111007,0.07226210402016803,0.09148553906727903,0.07226210402016803,5.3352117878418985
136,2026-05-12T18:36:13.764Z,2026-05-12 18:36:13.764000+00:00,1,21,4.898233413696289,4.552788734436035,8.627081871032715,9.771245002746582,82205.957,1370.0992833333332,22.834988055555552,142.408,2,5,22.951115608215332,True,1.8949005487076203,0.27758642154372526,30,4.214001655578613,5.143586158752441,-0.50006015487141,0.5750796079473154,6.392074108123779,28.735502243041992,30,0.9295845031738281,1.0751397628187254,22.343428134918213,False,True,True,True,True,0.019836895130301936,0.037588943467064664,0.0574258385973666,0.037588943467064664,5.037892942803833
137,2026-05-12T18:38:36.585Z,2026-05-12 18:38:36.585000+00:00,1,22,4.229439735412598,6.014262199401856,2.104924201965332,3.06613564491272,82348.778,1372.4796333333334,22.874660555555558,142.821,2,5,11.185322046279907,True,0.34998876540079604,-0.45594589622900866,30,4.214001655578613,5.143586158752441,-0.50006015487141,0.5750796079473154,6.392074108123779,28.735502243041992,30,0.9295845031738281,1.0751397628187254,22.343428134918213,False,True,True,True,True,0.053769235919337,0.018818628495952897,0.0725878644152899,0.018818628495952897,4.3055942429338945
138,2026-05-12T18:40:59.198Z,2026-05-12 18:40:59.198000+00:00,1,23,4.5437116622924805,5.491227626800537,3.9689435958862314,2.2319869995117188,82491.391,1374.8565166666667,22.91427527777778,142.613,2,5,11.692158222198486,True,0.7227789240634221,-0.14099451977519906,30,4.214001655578613,5.143586158752441,-0.50006015487141,0.5750796079473154,6.392074108123779,28.735502243041992,30,0.9295845031738281,1.0751397628187254,22.343428134918213,False,True,True,True,True,0.04696504719184357,0.033945346277908545,0.08091039346975212,0.033945346277908545,4.619534715565545
139,2026-05-12T18:43:20.928Z,2026-05-12 18:43:20.928000+00:00,1,24,4.700296401977539,4.161565304,5.031970024108887,1.3287742137908936,82633.121,1377.2186833333333,22.953644722222222,141.73,2,5,10.52230954189978,True,1.2091532047502112,0.08248133126792424,30,4.214001655578613,5.143586158752441,-0.50006015487141,0.5750796079473154,6.392074108123779,28.735502243041992,30,0.9295845031738281,1.0751397628187254,22.343428134918213,False,True,True,True,True,0.039549922832327535,0.047821915940332395,0.08737183877265993,0.047821915940332395,4.842769466127766
140,2026-05-12T18:45:43.466Z,2026-05-12 18:45:43.466000+00:00,1,25,4.453841209411621,8.705640793,5.346917629241943,6.670559883117676,82775.659,1379.5943166666666,22.99323861111111,142.538,2,5,20.72311830535962,True,0.6141900127031744,-0.21169724986488997,30,4.214001655578613,5.143586158752441,-0.50006015487141,0.5750796079473154,6.392074108123779,28.735502243041992,30,0.9295845031738281,1.0751397628187254,22.343428134918213,False,True,True,True,True,0.04200931860118977,0.025801703925316447,0.06781102252650621,0.025801703925316447,4.549069976598865
141,2026-05-12T18:48:05.532Z,2026-05-12 18:48:05.532000+00:00,1,26,4.932416915893555,4.965035438537598,9.921024322509766,3.1368625164031982,82917.725,1381.9620833333333,23.03270138888889,142.066,2,5,18.02292227745056,True,1.99817794763453,0.3006341616850006,30,4.214001655578613,5.143586158752441,-0.50006015487141,0.5750796079473154,6.392074108123779,28.735502243041992,30,0.9295845031738281,1.0751397628187254,22.343428134918213,False,True,True,True,True,0.02754844837093715,0.055046702026355004,0.08259515039729215,0.055046702026355004,5.0608397733914625
142,2026-05-12T18:50:28.022Z,2026-05-12 18:50:28.022000+00:00,1,27,4.393743515014648,7.588895797729492,3.9835362434387207,4.336717606,83060.215,1384.3369166666666,23.072281944444445,142.49,2,5,15.909149647168213,True,0.5249164502470237,-0.2799098167545093,30,4.214001655578613,5.143586158752441,-0.50006015487141,0.5750796079473154,6.392074108123779,28.735502243041992,30,0.9295845031738281,1.0751397628187254,22.343428134918213,False,True,True,True,True,0.04770145460967674,0.025039278225331044,0.07274073283500779,0.025039278225331044,4.480963767559407
143,2026-05-12T18:52:50.405Z,2026-05-12 18:52:50.405000+00:00,1,28,4.335851669311523,5.439786911010742,2.5176923274993896,8.414495468139648,83202.598,1386.7099666666666,23.111832777777774,142.383,2,5,16.37197470664978,True,0.4628292189907837,-0.33457923129786143,30,4.214001655578613,5.143586158752441,-0.50006015487141,0.5750796079473154,6.392074108123779,28.735502243041992,30,0.9295845031738281,1.0751397628187254,22.343428134918213,False,True,True,True,True,0.03322621130608803,0.015378061428819471,0.0486042727349075,0.015378061428819471,4.426965399228636
144,2026-05-12T18:55:12.452Z,2026-05-12 18:55:12.452000+00:00,1,29,4.720697402954102,6.504141330718994,7.309062480926514,1.4453870058059692,83344.645,1389.0774166666667,23.15129027777778,142.047,2,5,15.258590817451477,True,1.1237551752459445,0.050671704808542814,30,4.214001655578613,5.143586158752441,-0.50006015487141,0.5750796079473154,6.392074108123779,28.735502243041992,30,0.9295845031738281,1.0751397628187254,22.343428134918213,False,True,True,True,True,0.042626094431211244,0.047901294217595966,0.09052738864880722,0.047901294217595966,4.810969254626038
145,2026-05-12T18:57:34.436Z,2026-05-12 18:57:34.436000+00:00,2,0,5.1237382888793945,1.734874248504639,7.588912010192871,7.268160343170166,83486.629,1391.4438166666666,23.190730277777778,141.984,2,6,16.591946601867676,True,4.374329734119965,0.6409115167700762,30,4.14453125,5.171705246,-0.5734086383568978,0.7757443500329254,4.989383816719055,25.31310272216797,30,1.0271739960000001,1.3491529883898232,20.323718905448914,False,True,True,True,True,0.01045612241971266,0.04573852720414749,0.05619464962386015,0.04573852720414749,5.401114052015454
146,2026-05-12T18:59:55.970Z,2026-05-12 18:59:55.970000+00:00,2,1,4.657842636108398,5.649968624,6.021924018859863,7.69212532,83628.163,1393.8027166666666,23.230045277777776,141.534,2,6,19.36401796285986,True,1.0658331788392357,0.027689235479405362,30,4.14453125,5.171705246,-0.5734086383568978,0.7757443500329254,4.989383816719055,25.31310272216797,30,1.0271739960000001,1.3491529883898232,20.323718905448914,False,True,True,True,True,0.029177666715847022,0.031098525266862995,0.06027619198271002,0.031098525266862995,4.788159098798391
147,2026-05-12T19:02:17.828Z,2026-05-12 19:02:17.828000+00:00,2,2,4.601604461669922,1.4128093719482422,1.9532058238983157,5.430089950561523,83770.021,1396.1670166666665,23.269450277777775,141.858,2,6,8.796105146408081,True,1.3824977825599183,0.14066444339607492,30,4.14453125,5.171705246,-0.5734086383568978,0.7757443500329254,4.989383816719055,25.31310272216797,30,1.0271739960000001,1.3491529883898232,20.323718905448914,False,True,True,True,True,0.01606176084110554,0.022205348746836138,0.038267109587941675,0.022205348746836138,4.901249402036155
148,2026-05-12T19:04:40.691Z,2026-05-12 19:04:40.691000+00:00,2,3,4.842546463012695,5.638144493103027,8.750115394592285,2.549004554748535,83912.884,1398.5480666666667,23.309134444444446,142.863,2,6,16.937264442443848,True,1.5519494765159068,0.1908775787601176,30,4.14453125,5.171705246,-0.5734086383568978,0.7757443500329254,4.989383816719055,25.31310272216797,30,1.0271739960000001,1.3491529883898232,20.323718905448914,False,True,True,True,True,0.033288400923670705,0.051661916387542375,0.08495031731121308,0.051661916387542375,4.951117660438479
149,2026-05-12T19:07:02.830Z,2026-05-12 19:07:02.830000+00:00,2,4,4.651226043701172,8.275125503540039,8.169450759887695,8.868526458740234,84055.023,1400.91705,23.3486175,142.139,2,6,25.31310272216797,True,0.9872298319092397,-0.00558172969067843,30,4.14453125,5.171705246,-0.5734086383568978,0.7757443500329254,4.989383816719055,25.31310272216797,30,1.0271739960000001,1.3491529883898232,20.323718905448914,False,True,True,True,True,0.03269107542590222,0.032273604897645726,0.06496468032354795,0.032273604897645726,4.754888468495344
150,2026-05-12T19:09:24.292Z,2026-05-12 19:09:24.292000+00:00,2,5,4.418003082275391,6.378178596496582,3.656946897506714,2.137426376342773,84196.485,1403.27475,23.387912500000002,141.462,2,6,12.17255187034607,True,0.5733528533546252,-0.24157802183556143,30,4.14453125,5.171705246,-0.5734086383568978,0.7757443500329254,4.989383816719055,25.31310272216797,30,1.0271739960000001,1.3491529883898232,20.323718905448914,False,True,True,True,True,0.05239803998728205,0.030042565736897914,0.08244060572417997,0.030042565736897914,4.519110099270805
151,2026-05-12T19:11:46.284Z,2026-05-12 19:11:46.284000+00:00,2,6,4.865151405334473,5.467805386,8.60830307,2.4208292961120605,84338.477,1405.6412833333334,23.427354722222223,141.992,2,6,16.49693775211206,True,1.5743616427975038,0.19710450021562473,30,4.14453125,5.171705246,-0.5734086383568978,0.7757443500329254,4.989383816719055,25.31310272216797,30,1.0271739960000001,1.3491529883898232,20.323718905448914,False,True,True,True,True,0.033144365749334125,0.052181218110602993,0.08532558385993712,0.052181218110602993,4.957340868507631
152,2026-05-12T19:14:08.675Z,2026-05-12 19:14:08.675000+00:00,2,7,4.662804604,9.544548034667969,9.349561691,3.549530267715454,84480.868,1408.0144666666667,23.46690777777778,142.391,2,6,22.44363999338342,True,0.9795709191299856,-0.00896411641057887,30,4.14453125,5.171705246,-0.5734086383568978,0.7757443500329254,4.989383816719055,25.31310272216797,30,1.0271739960000001,1.3491529883898232,20.323718905448914,False,True,True,True,True,0.0425267382540523,0.04165795607912234,0.08418469433317463,0.04165795607912234,4.751401680690317
153,2026-05-12T19:16:31.256Z,2026-05-12 19:16:31.256000+00:00,2,8,4.850265502929688,6.158670425415039,9.249773979187012,4.070502758026123,84623.449,1410.3908166666665,23.50651361111111,142.581,2,6,19.478947162628174,True,1.501910857417518,0.17664415684887697,30,4.14453125,5.171705246,-0.5734086383568978,0.7757443500329254,4.989383816719055,25.31310272216797,30,1.0271739960000001,1.3491529883898232,20.323718905448914,False,True,True,True,True,0.03161706007001709,0.04748600579878054,0.07910306586879763,0.04748600579878054,4.9369087474541455
154,2026-05-12T19:18:53.626Z,2026-05-12 19:18:53.626000+00:00,2,9,4.706361770629883,5.2391438484191895,6.073420524597168,6.661333560943604,84765.819,1412.76365,23.546060833333335,142.37,2,6,17.97389793395996,True,1.1592391238560296,0.06417302997524449,30,4.14453125,5.171705246,-0.5734086383568978,0.7757443500329254,4.989383816719055,25.31310272216797,30,1.0271739960000001,1.3491529883898232,20.323718905448914,False,True,True,True,True,0.029148623563285785,0.03379022484111263,0.06293884840439842,0.03379022484111263,4.824588644833719
155,2026-05-12T19:21:16.436Z,2026-05-12 19:21:16.436000+00:00,2,10,4.304424285888672,7.571396827697754,3.112863779067993,9.827672958374023,84908.629,1415.1438166666667,23.585730277777778,142.81,2,6,20.51193356513977,True,0.41113467566255224,-0.38601589268251174,30,4.14453125,5.171705246,-0.5734086383568978,0.7757443500329254,4.989383816719055,25.31310272216797,30,1.0271739960000001,1.3491529883898232,20.323718905448914,False,True,True,True,True,0.036912155568626724,0.015175867107713023,0.052088022676339746,0.015175867107713023,4.375682971949514
156,2026-05-12T19:23:38.614Z,2026-05-12 19:23:38.614000+00:00,2,11,4.534890174865723,1.284639835357666,1.4684510231018066,7.350613594055176,85050.807,1417.51345,23.625224166666666,142.178,2,6,10.103704452514648,True,1.1430838299459742,0.05807808126837246,30,4.14453125,5.171705246,-0.5734086383568978,0.7757443500329254,4.989383816719055,25.31310272216797,30,1.0271739960000001,1.3491529883898232,20.323718905448914,False,True,True,True,True,0.012714542882714073,0.01453378837438513,0.027248331257099204,0.01453378837438513,4.819049495933523
157,2026-05-12T19:26:00.338Z,2026-05-12 19:26:00.338000+00:00,2,12,4.798438072,4.216410636901856,6.546890735626221,8.233444213867188,85192.531,1419.8755166666667,23.664591944444446,141.724,2,6,18.996745586395264,True,1.5527165874993523,0.19109219254918744,30,4.14453125,5.171705246,-0.5734086383568978,0.7757443500329254,4.989383816719055,25.31310272216797,30,1.0271739960000001,1.3491529883898232,20.323718905448914,False,True,True,True,True,0.022195436674803327,0.03446322269175859,0.05665865936656192,0.03446322269175859,4.95145192790175
158,2026-05-12T19:28:21.883Z,2026-05-12 19:28:21.883000+00:00,2,13,4.378856658935547,2.320890426635742,1.4332921504974363,3.843435049057007,85334.076,1422.2346,23.70391,141.545,2,6,7.5976176261901855,True,0.6175613178667257,-0.2093199146851938,30,4.14453125,5.171705246,-0.5734086383568978,0.7757443500329254,4.989383816719055,25.31310272216797,30,1.0271739960000001,1.3491529883898232,20.323718905448914,False,True,True,True,True,0.030547607695276306,0.01886502086597057,0.049412628561246875,0.01886502086597057,4.551725127419354
159,2026-05-12T19:30:44.037Z,2026-05-12 19:30:44.037000+00:00,2,14,4.616490364074707,8.014825820922852,7.140639781951904,3.1232385635375977,85476.23,1424.6038333333333,23.74339722222222,142.154,2,6,18.278704166412354,True,0.8909288787425838,-0.05015696353041902,30,4.14453125,5.171705246,-0.5734086383568978,0.7757443500329254,4.989383816719055,25.31310272216797,30,1.0271739960000001,1.3491529883898232,20.323718905448914,False,True,True,True,True,0.04384788849337758,0.03906535013063474,0.08291323862401231,0.03906535013063474,4.710252665806722
160,2026-05-12T19:33:06.234Z,2026-05-12 19:33:06.234000+00:00,2,15,4.94068718,2.79406213760376,6.997148036956787,8.972794532775879,85618.427,1426.9737833333334,23.78289638888889,142.197,2,6,18.764004707336426,True,2.504292206957742,0.398685002040511,30,4.14453125,5.171705246,-0.5734086383568978,0.7757443500329254,4.989383816719055,25.31310272216797,30,1.0271739960000001,1.3491529883898232,20.323718905448914,False,True,True,True,True,0.014890542723597414,0.037290270100076316,0.05218081282367373,0.037290270100076316,5.158968005198552
161,2026-05-12T19:35:29.146Z,2026-05-12 19:35:29.146000+00:00,2,16,4.740546226501465,5.081352233886719,6.269730567932129,4.455780982971191,85761.339,1429.3556500000002,23.82259416666667,142.912,2,6,15.806863784790039,True,1.2338704894575714,0.09126957731012683,30,4.14453125,5.171705246,-0.5734086383568978,0.7757443500329254,4.989383816719055,25.31310272216797,30,1.0271739960000001,1.3491529883898232,20.323718905448914,False,True,True,True,True,0.0321464922015472,0.03966460806706704,0.07181110026861424,0.03966460806706704,4.8516137860663955
162,2026-05-12T19:37:50.915Z,2026-05-12 19:37:50.915000+00:00,2,17,4.420207977294922,1.2416582107543943,1.198929786682129,8.027692794799805,85903.108,1431.7184666666665,23.861974444444442,141.769,2,6,10.468280792236328,True,0.9655876120318934,-0.015208314638857547,30,4.14453125,5.171705246,-0.5734086383568978,0.7757443500329254,4.989383816719055,25.31310272216797,30,1.0271739960000001,1.3491529883898232,20.323718905448914,False,True,True,True,True,0.01186114735931859,0.011452976954642834,0.023314124313961425,0.011452976954642834,4.746128911585434
163,2026-05-12T19:40:13.123Z,2026-05-12 19:40:13.123000+00:00,2,18,5.171705246,1.0721098184585571,6.397107124328613,3.045468807220459,86045.316,1434.0886,23.901476666666667,142.208,2,6,10.51468575000763,True,5.966839417184104,0.7757443500329254,30,4.14453125,5.171705246,-0.5734086383568978,0.7757443500329254,4.989383816719055,25.31310272216797,30,1.0271739960000001,1.3491529883898232,20.323718905448914,False,True,True,True,True,0.010196308705258065,0.06083973669231125,0.07103604539756932,0.06083973669231125,5.535888998006595
164,2026-05-12T19:42:34.937Z,2026-05-12 19:42:34.937000+00:00,2,19,4.680447578430176,6.685596466064453,6.858957290649414,6.761167049407959,86187.13,1436.4521666666667,23.940869444444445,141.814,2,6,20.305720806121826,True,1.0259304948279375,0.011117939006611718,30,4.14453125,5.171705246,-0.5734086383568978,0.7757443500329254,4.989383816719055,25.31310272216797,30,1.0271739960000001,1.3491529883898232,20.323718905448914,False,True,True,True,True,0.03292469412880365,0.03377844773962201,0.06670314186842566,0.03377844773962201,4.771558694896335
165,2026-05-12T19:44:56.678Z,2026-05-12 19:44:56.678000+00:00,2,20,4.238812446594238,2.4034652709960938,1.0337040424346924,1.552214503288269,86328.871,1438.8145166666666,23.980241944444444,141.741,2,6,4.989383816719055,True,0.4300890280833071,-0.36644163650578987,30,4.14453125,5.171705246,-0.5734086383568978,0.7757443500329254,4.989383816719055,25.31310272216797,30,1.0271739960000001,1.3491529883898232,20.323718905448914,False,True,True,True,True,0.04817158509518269,0.02071807021481945,0.06888965531000214,0.02071807021481945,4.394765591484838
166,2026-05-12T19:47:19.249Z,2026-05-12 19:47:19.249000+00:00,2,21,4.370586395263672,8.03917408,4.065876007080078,9.923268318,86471.442,1441.1906999999999,24.019844999999997,142.571,2,6,22.02831840508008,True,0.5057579257047358,-0.296057302698806,30,4.14453125,5.171705246,-0.5734086383568978,0.7757443500329254,4.989383816719055,25.31310272216797,30,1.0271739960000001,1.3491529883898232,20.323718905448914,False,True,True,True,True,0.036494724346031064,0.01845749608441479,0.054952220430445856,0.01845749608441479,4.465156108406256
167,2026-05-12T19:49:41.611Z,2026-05-12 19:49:41.611000+00:00,2,22,4.828210830688477,5.967372417449951,9.666806221,6.792750358581543,86613.804,1443.5634,24.05939,142.362,2,6,22.426928997031496,True,1.6199435102679471,0.209499870340987,30,4.14453125,5.171705246,-0.5734086383568978,0.7757443500329254,4.989383816719055,25.31310272216797,30,1.0271739960000001,1.3491529883898232,20.323718905448914,False,True,True,True,True,0.02660806755235999,0.04310356635221671,0.0697116339045767,0.04310356635221671,4.969782863440705
168,2026-05-12T19:52:03.518Z,2026-05-12 19:52:03.518000+00:00,2,23,4.593334197998047,6.287487506866455,5.229246616363525,9.281452178955078,86755.711,1445.9285166666666,24.09880861111111,141.907,2,6,20.79818630218506,True,0.8316909752349817,-0.08003801106550402,30,4.14453125,5.171705246,-0.5734086383568978,0.7757443500329254,4.989383816719055,25.31310272216797,30,1.0271739960000001,1.3491529883898232,20.323718905448914,False,True,True,True,True,0.030230941369180312,0.025142801109605123,0.05537374247878543,0.025142801109605123,4.680622012008411
169,2026-05-12T19:54:25.656Z,2026-05-12 19:54:25.656000+00:00,2,24,4.765908241271973,3.5648081302642822,5.365047931671143,3.621104001998901,86897.849,1448.2974833333333,24.138291388888888,142.138,2,6,12.550960063934326,True,1.505003280856352,0.17753744667820537,30,4.14453125,5.171705246,-0.5734086383568978,0.7757443500329254,4.989383816719055,25.31310272216797,30,1.0271739960000001,1.3491529883898232,20.323718905448914,False,True,True,True,True,0.028402672880044433,0.04274611586955661,0.07114878874960104,0.04274611586955661,4.937831117458189
170,2026-05-12T19:56:47.354Z,2026-05-12 19:56:47.354000+00:00,2,25,4.570728302001953,4.845654487609863,4.221555709838867,7.144629001617432,87039.547,1450.6591166666667,24.177651944444445,141.698,2,6,16.211839199066162,True,0.8712044411406569,-0.05987991934277216,30,4.14453125,5.171705246,-0.5734086383568978,0.7757443500329254,4.989383816719055,25.31310272216797,30,1.0271739960000001,1.3491529883898232,20.323718905448914,False,True,True,True,True,0.029889603690918573,0.02603995547946243,0.055929559170381005,0.02603995547946243,4.700741652432865
171,2026-05-12T19:59:09.045Z,2026-05-12 19:59:09.045000+00:00,2,26,4.658393859863281,3.593733310699463,3.8036744594573975,6.83250618,87181.238,1453.0206333333333,24.217010555555554,141.691,2,6,14.22991395015686,True,1.0584186779060334,0.02465749523835398,30,4.14453125,5.171705246,-0.5734086383568978,0.7757443500329254,4.989383816719055,25.31310272216797,30,1.0271739960000001,1.3491529883898232,20.323718905448914,False,True,True,True,True,0.025254778934624886,0.026730129730794815,0.0519849086654197,0.026730129730794815,4.785205901688319
172,2026-05-12T20:01:31.443Z,2026-05-12 20:01:31.443000+00:00,2,27,4.14453125,9.536799430847168,2.546795129776001,3.582962989807129,87323.636,1455.3939333333333,24.256565555555554,142.398,2,6,15.666557550430298,True,0.2670492494094285,-0.5734086383568978,30,4.14453125,5.171705246,-0.5734086383568978,0.7757443500329254,4.989383816719055,25.31310272216797,30,1.0271739960000001,1.3491529883898232,20.323718905448914,False,True,True,True,True,0.06087361183302984,0.016256252348851523,0.07712986418188136,0.016256252348851523,4.188779849544475
173,2026-05-12T20:03:53.561Z,2026-05-12 20:03:53.561000+00:00,2,28,4.797885894775391,5.612346649169922,7.919260025024414,8.927486419677734,87465.754,1457.7625666666668,24.296042777777778,142.118,2,6,22.45909309387207,True,1.4110425674072875,0.14954011546323684,30,4.14453125,5.171705246,-0.5734086383568978,0.7757443500329254,4.989383816719055,25.31310272216797,30,1.0271739960000001,1.3491529883898232,20.323718905448914,False,True,True,True,True,0.024989195359367573,0.035260818377324296,0.060250013736691865,0.035260818377324296,4.909905532631645
174,2026-05-12T20:06:15.936Z,2026-05-12 20:06:15.936000+00:00,2,29,4.549777030944824,6.85363245,5.102411270141602,7.131011009216309,87608.129,1460.1354833333332,24.335591388888886,142.375,2,6,19.08705472935791,True,0.7444827698838157,-0.12814534899437374,30,4.14453125,5.171705246,-0.5734086383568978,0.7757443500329254,4.989383816719055,25.31310272216797,30,1.0271739960000001,1.3491529883898232,20.323718905448914,False,True,True,True,True,0.035907228994625284,0.02673231330077109,0.06263954229539637,0.02673231330077109,4.632515105748867
175,2026-05-12T20:08:37.316Z,2026-05-12 20:08:37.316000+00:00,3,0,4.644610404968262,9.542545318603516,8.496578216552734,2.5826752185821533,87749.509,1462.4918166666669,24.374863611111113,141.38,2,7,20.621798753738403,True,0.8903890872792993,-0.050420171408552136,30,4.017719268798828,5.138072967529297,-0.6995270083309374,0.6674533981510689,6.525707840919495,26.236912727355957,30,1.1203536987304688,1.3669804064820061,19.711204886436462,False,True,True,True,True,0.04627406868119884,0.041201925777752245,0.08747599445895109,0.041201925777752245,4.709968359508254
176,2026-05-12T20:10:59.201Z,2026-05-12 20:10:59.201000+00:00,3,1,4.017719268798828,8.793756484985352,1.7661807537078855,5.839504718780518,87891.394,1464.8565666666666,24.41427611111111,141.885,2,7,16.399441957473755,True,0.2008448558614854,-0.6971392871565112,30,4.017719268798828,5.138072967529297,-0.6995270083309374,0.6674533981510689,6.525707840919495,26.236912727355957,30,1.1203536987304688,1.3669804064820061,19.711204886436462,False,True,True,True,True,0.053622290976661886,0.010769761302170285,0.06439205227883217,0.010769761302170285,4.066997767816091
177,2026-05-12T20:13:21.120Z,2026-05-12 20:13:21.120000+00:00,3,2,4.312142372131348,5.712976932525635,2.693763971328736,9.727528572,88033.313,1467.2218833333332,24.453698055555552,141.919,2,7,18.13426947585437,True,0.4715166896600538,-0.32650293050038204,30,4.017719268798828,5.138072967529297,-0.6995270083309374,0.6674533981510689,6.525707840919495,26.236912727355957,30,1.1203536987304688,1.3669804064820061,19.711204886436462,False,True,True,True,True,0.03150376109791694,0.014854549144730975,0.046358310242647915,0.014854549144730975,4.435075872594215
178,2026-05-12T20:15:42.890Z,2026-05-12 20:15:42.890000+00:00,3,3,4.925249099731445,4.074304103851318,7.760206223,2.3196709156036377,88175.083,1469.5847166666667,24.493078611111113,141.77,2,7,14.154181242454957,True,1.9046703498799975,0.27981982115783455,30,4.017719268798828,5.138072967529297,-0.6995270083309374,0.6674533981510689,6.525707840919495,26.236912727355957,30,1.1203536987304688,1.3669804064820061,19.711204886436462,False,True,True,True,True,0.028785162730787916,0.054826245969802484,0.0836114087005904,0.054826245969802484,5.040029639518721
179,2026-05-12T20:18:04.341Z,2026-05-12 20:18:04.341000+00:00,3,4,4.793475151062012,3.311570882797241,5.202599525,5.206424713134766,88316.534,1471.9422333333334,24.532370555555556,141.451,2,7,13.720595120932007,True,1.5710367403053838,0.19618634158059403,30,4.017719268798828,5.138072967529297,-0.6995270083309374,0.6674533981510689,6.525707840919495,26.236912727355957,30,1.1203536987304688,1.3669804064820061,19.711204886436462,False,True,True,True,True,0.024135767097632235,0.03791817686583408,0.06205394396346632,0.03791817686583408,4.956511828685343
180,2026-05-12T20:20:27.025Z,2026-05-12 20:20:27.025000+00:00,3,5,5.117672920227051,1.6180973052978516,6.675900936126709,7.867712497711182,88459.218,1474.3202999999999,24.572004999999997,142.684,2,7,16.161710739135742,True,4.125772235247522,0.6155052489145209,30,4.017719268798828,5.138072967529297,-0.6995270083309374,0.6674533981510689,6.525707840919495,26.236912727355957,30,1.1203536987304688,1.3669804064820061,19.711204886436462,False,True,True,True,True,0.010011918486943421,0.04130689531499255,0.05131881380193597,0.04130689531499255,5.375732033266719
181,2026-05-12T20:22:49.168Z,2026-05-12 20:22:49.168000+00:00,3,6,5.138072967529297,2.0108442306518555,7.794434070587158,7.454750061035156,88601.361,1476.68935,24.61148916666667,142.143,2,7,17.26002836227417,True,3.876199832773937,0.5884061584803545,30,4.017719268798828,5.138072967529297,-0.6995270083309374,0.6674533981510689,6.525707840919495,26.236912727355957,30,1.1203536987304688,1.3669804064820061,19.711204886436462,False,True,True,True,True,0.01165029505424815,0.0451588717410437,0.056809166795291854,0.0451588717410437,5.34861622271892
182,2026-05-12T20:25:10.893Z,2026-05-12 20:25:10.893000+00:00,3,7,4.096011161804199,8.205654144,2.0521554946899414,7.715114593505859,88743.086,1479.0514333333333,24.65085722222222,141.725,2,7,17.9729242321958,True,0.2500904204194962,-0.6019029433699808,30,4.017719268798828,5.138072967529297,-0.6995270083309374,0.6674533981510689,6.525707840919495,26.236912727355957,30,1.1203536987304688,1.3669804064820061,19.711204886436462,False,True,True,True,True,0.045655643110656424,0.01141803898006654,0.057073682090722964,0.01141803898006654,4.161368836303396
183,2026-05-12T20:27:32.473Z,2026-05-12 20:27:32.473000+00:00,3,8,4.418554306030273,3.118473052978516,2.122923851013184,3.8299639225006095,88884.666,1481.4111,24.690185,141.58,2,7,9.07136082649231,True,0.6807574780822739,-0.1670075792615507,30,4.017719268798828,5.138072967529297,-0.6995270083309374,0.6674533981510689,6.525707840919495,26.236912727355957,30,1.1203536987304688,1.3669804064820061,19.711204886436462,False,True,True,True,True,0.03437712502705462,0.023402484937136724,0.05777960996419134,0.023402484937136724,4.593787038567966
184,2026-05-12T20:29:54.374Z,2026-05-12 20:29:54.374000+00:00,3,9,4.5861663818359375,6.623647689819336,5.637491226196289,2.030766487121582,89026.567,1483.7761166666667,24.729601944444443,141.901,2,7,14.291905403137207,True,0.8511158035867779,-0.07001134539470578,30,4.017719268798828,5.138072967529297,-0.6995270083309374,0.6674533981510689,6.525707840919495,26.236912727355957,30,1.1203536987304688,1.3669804064820061,19.711204886436462,False,True,True,True,True,0.04634544872068201,0.03944534383049308,0.08579079255117508,0.03944534383049308,4.690404358161881
185,2026-05-12T20:32:17.416Z,2026-05-12 20:32:17.416000+00:00,3,10,4.555841445922852,2.8945183753967285,2.5017216205596924,1.1294678449630735,89169.609,1486.16015,24.769335833333333,143.042,2,7,6.525707840919495,True,0.8642963340029933,-0.06333732909832474,30,4.017719268798828,5.138072967529297,-0.6995270083309374,0.6674533981510689,6.525707840919495,26.236912727355957,30,1.1203536987304688,1.3669804064820061,19.711204886436462,False,True,True,True,True,0.04435562311335227,0.038336402449288806,0.08269202556264107,0.038336402449288806,4.697086871865643
186,2026-05-12T20:34:39.218Z,2026-05-12 20:34:39.218000+00:00,3,11,4.551981925964356,8.919845581054688,2.7343437671661377,4.778940200805664,89311.411,1488.5235166666666,24.80872527777778,141.802,2,7,16.43312954902649,True,0.3065460878575913,-0.5135042219693091,30,4.017719268798828,5.138072967529297,-0.6995270083309374,0.6674533981510689,6.525707840919495,26.236912727355957,30,1.1203536987304688,1.3669804064820061,19.711204886436462,False,True,True,True,True,0.0542796522989932,0.016639215062526677,0.07091886736151988,0.016639215062526677,4.248418191944869
187,2026-05-12T20:37:01.024Z,2026-05-12 20:37:01.024000+00:00,3,12,4.550879478,6.321552276611328,2.450877904891968,3.098689556121826,89453.217,1490.88695,24.848115833333335,141.806,2,7,11.871119737625122,True,0.38770191206988847,-0.4115020571321919,30,4.017719268798828,5.138072967529297,-0.6995270083309374,0.6674533981510689,6.525707840919495,26.236912727355957,30,1.1203536987304688,1.3669804064820061,19.711204886436462,False,True,True,True,True,0.05325152484626516,0.02064571800353417,0.07389724284979933,0.02064571800353417,4.349801587946092
188,2026-05-12T20:39:22.506Z,2026-05-12 20:39:22.506000+00:00,3,13,4.553636551,5.609539031982422,4.121610164642334,2.6237668991088867,89594.699,1493.2449833333333,24.887416388888887,141.482,2,7,12.354916095733643,True,0.7347502426034014,-0.13386026185786618,30,4.017719268798828,5.138072967529297,-0.6995270083309374,0.6674533981510689,6.525707840919495,26.236912727355957,30,1.1203536987304688,1.3669804064820061,19.711204886436462,False,True,True,True,True,0.04540329524309347,0.03336008219485679,0.07876337743795025,0.03336008219485679,4.626673162053612
189,2026-05-12T20:41:43.731Z,2026-05-12 20:41:43.731000+00:00,3,14,4.557495117,3.851474046707153,2.850994348526001,6.965711594,89735.924,1495.5987333333333,24.926645555555556,141.225,2,7,13.668179989233154,True,0.740234599520015,-0.13063061928219674,30,4.017719268798828,5.138072967529297,-0.6995270083309374,0.6674533981510689,6.525707840919495,26.236912727355957,30,1.1203536987304688,1.3669804064820061,19.711204886436462,False,True,True,True,True,0.028178397195098962,0.020858624562829994,0.049037021757928956,0.020858624562829994,4.630218203660799
190,2026-05-12T20:44:05.340Z,2026-05-12 20:44:05.340000+00:00,3,15,4.559700965881348,4.512784481048584,9.559214592,8.438563346862793,89877.533,1497.9588833333332,24.96598138888889,141.609,2,7,22.510562419911377,True,2.118251964423268,0.32597761783486995,30,4.017719268798828,5.138072967529297,-0.6995270083309374,0.6674533981510689,6.525707840919495,26.236912727355957,30,1.1203536987304688,1.3669804064820061,19.711204886436462,False,True,True,True,True,0.02004740884242354,0.042465463162060055,0.06251287200448359,0.042465463162060055,5.086239080344632
191,2026-05-12T20:46:26.478Z,2026-05-12 20:46:26.478000+00:00,3,16,4.548673629760742,7.070611476898193,3.827148438,3.484979152679444,90018.671,1500.3111833333335,25.00518638888889,141.138,2,7,14.382739067577637,True,0.5412754541109267,-0.266581666952692,30,4.017719268798828,5.138072967529297,-0.6995270083309374,0.6674533981510689,6.525707840919495,26.236912727355957,30,1.1203536987304688,1.3669804064820061,19.711204886436462,False,True,True,True,True,0.04916039596961858,0.026609315652728272,0.07576971162234686,0.026609315652728272,4.494224235653803
192,2026-05-12T20:48:48.719Z,2026-05-12 20:48:48.719000+00:00,3,17,4.553084373474121,8.379892349243164,7.891027450561523,3.3917808532714844,90160.912,1502.6818666666666,25.044697777777778,142.241,2,7,19.662700653076172,True,0.9416621505017552,-0.026104885413978922,30,4.017719268798828,5.138072967529297,-0.6995270083309374,0.6674533981510689,6.525707840919495,26.236912727355957,30,1.1203536987304688,1.3669804064820061,19.711204886436462,False,True,True,True,True,0.04261821657714224,0.040131961472581315,0.08275017804972355,0.040131961472581315,4.734282520718524
193,2026-05-12T20:51:10.789Z,2026-05-12 20:51:10.789000+00:00,3,18,4.565215110778809,4.927229881286621,8.333495140075684,5.5010600090026855,90302.982,1505.0497,25.084161666666667,142.07,2,7,18.76178503036499,True,1.6913144588049143,0.2282243616055769,30,4.017719268798828,5.138072967529297,-0.6995270083309374,0.6674533981510689,6.525707840919495,26.236912727355957,30,1.1203536987304688,1.3669804064820061,19.711204886436462,False,True,True,True,True,0.02626205274877711,0.04441738953190407,0.07067944228068118,0.04441738953190407,4.988494571337388
194,2026-05-12T20:53:32.949Z,2026-05-12 20:53:32.949000+00:00,3,19,4.570728302001953,7.137866020202637,7.456635952,1.0926467180252075,90445.142,1507.4190333333333,25.123650555555557,142.16,2,7,15.687148690227843,True,1.0446589962455353,0.018974548612205974,30,4.017719268798828,5.138072967529297,-0.6995270083309374,0.6674533981510689,6.525707840919495,26.236912727355957,30,1.1203536987304688,1.3669804064820061,19.711204886436462,False,True,True,True,True,0.045501360133400795,0.04753340520476509,0.09303476533816588,0.04753340520476509,4.779285082345734
195,2026-05-12T20:55:54.568Z,2026-05-12 20:55:54.568000+00:00,3,20,4.566868782043457,7.172682285308838,1.4326977729797363,6.776312828063965,90586.761,1509.77935,25.162989166666666,141.619,2,7,15.381692886352539,True,0.1997436546038297,-0.6995270083309374,30,4.017719268798828,5.138072967529297,-0.6995270083309374,0.6674533981510689,6.525707840919495,26.236912727355957,30,1.1203536987304688,1.3669804064820061,19.711204886436462,False,True,True,True,True,0.04663129304624737,0.0093143048919596,0.05594559793820697,0.0093143048919596,4.065268725334604
196,2026-05-12T20:58:16.503Z,2026-05-12 20:58:16.503000+00:00,3,21,4.567971229553223,2.1303534507751465,1.1738219261169434,7.507896423339844,90728.696,1512.1449333333333,25.202415555555554,141.935,2,7,10.812071800231934,True,0.5509986738068459,-0.25884944644596797,30,4.017719268798828,5.138072967529297,-0.6995270083309374,0.6674533981510689,6.525707840919495,26.236912727355957,30,1.1203536987304688,1.3669804064820061,19.711204886436462,False,True,True,True,True,0.01970347117681412,0.010856586487815992,0.03056005766463011,0.010856586487815992,4.503097339600416
197,2026-05-12T21:00:38.039Z,2026-05-12 21:00:38.039000+00:00,3,22,4.578998565673828,3.3311359882354736,7.616665363311768,6.235091686248779,90870.232,1514.5038666666667,25.24173111111111,141.536,2,7,17.18289303779602,True,2.28650688240031,0.35917251294783054,30,4.017719268798828,5.138072967529297,-0.6995270083309374,0.6674533981510689,6.525707840919495,26.236912727355957,30,1.1203536987304688,1.3669804064820061,19.711204886436462,False,True,True,True,True,0.019386351186079114,0.044327025411599295,0.06371337659767841,0.044327025411599295,5.119417064617118
198,2026-05-12T21:02:59.059Z,2026-05-12 21:02:59.059000+00:00,3,23,4.558598518371582,2.907059669494629,1.9698972702026367,1.8399066925048828,91011.252,1516.8542,25.280903333333335,141.02,2,7,6.716863632202148,True,0.677625330802064,-0.16901036769810313,30,4.017719268798828,5.138072967529297,-0.6995270083309374,0.6674533981510689,6.525707840919495,26.236912727355957,30,1.1203536987304688,1.3669804064820061,19.711204886436462,False,True,True,True,True,0.043280016220033614,0.029327635308218976,0.07260765152825259,0.029327635308218976,4.591625708078474
199,2026-05-12T21:05:20.846Z,2026-05-12 21:05:20.846000+00:00,3,24,4.573485374450684,9.455929756,5.500927448272705,1.6760663986206057,91153.039,1519.2173166666666,25.32028861111111,141.787,2,7,16.63292360289331,True,0.5817436878464799,-0.23526832028586492,30,4.017719268798828,5.138072967529297,-0.6995270083309374,0.6674533981510689,6.525707840919495,26.236912727355957,30,1.1203536987304688,1.3669804064820061,19.711204886436462,False,True,True,True,True,0.05685067749818278,0.03307252278436375,0.08992320028254652,0.03307252278436375,4.525351141651764
200,2026-05-12T21:07:43.066Z,2026-05-12 21:07:43.066000+00:00,3,25,4.582306861877441,1.846617579460144,8.586780548095703,4.173785209655762,91295.259,1521.5876500000002,25.35979416666667,142.22,2,7,14.607183337211609,True,4.650004767422411,0.6674533981510689,30,4.017719268798828,5.138072967529297,-0.6995270083309374,0.6674533981510689,6.525707840919495,26.236912727355957,30,1.1203536987304688,1.3669804064820061,19.711204886436462,False,True,True,True,True,0.012641845705844671,0.05878464280119626,0.07142648850704093,0.05878464280119626,5.427609245619403
201,2026-05-12T21:10:04.344Z,2026-05-12 21:10:04.344000+00:00,3,26,4.5861663818359375,9.369320869,9.640662193,6.396867752075195,91436.537,1523.9422833333333,25.399038055555554,141.278,2,7,25.406850814075195,True,1.0289606181487263,0.012398753141448973,30,4.017719268798828,5.138072967529297,-0.6995270083309374,0.6674533981510689,6.525707840919495,26.236912727355957,30,1.1203536987304688,1.3669804064820061,19.711204886436462,False,True,True,True,True,0.03687714363957878,0.03794512851494035,0.07482227215451913,0.03794512851494035,4.772790584189565
202,2026-05-12T21:12:26.482Z,2026-05-12 21:12:26.482000+00:00,3,27,4.582306861877441,6.637747764587402,9.825267791748049,9.773897171020508,91578.675,1526.31125,25.43852083333333,142.138,2,7,26.236912727355957,True,1.4802110806569313,0.1703236509544154,30,4.017719268798828,5.138072967529297,-0.6995270083309374,0.6674533981510689,6.525707840919495,26.236912727355957,30,1.1203536987304688,1.3669804064820061,19.711204886436462,False,True,True,True,True,0.025299271425584097,0.03744826189669686,0.06274753332228096,0.03744826189669686,4.930661077951837
203,2026-05-12T21:14:49.121Z,2026-05-12 21:14:49.121000+00:00,3,28,4.585063934326172,7.704174518585205,9.803174018859863,7.864185810089111,91721.314,1528.6885666666667,25.47814277777778,142.639,2,7,25.37153434753418,True,1.272449630419343,0.10464059991732913,30,4.017719268798828,5.138072967529297,-0.6995270083309374,0.6674533981510689,6.525707840919495,26.236912727355957,30,1.1203536987304688,1.3669804064820061,19.711204886436462,False,True,True,True,True,0.030365426123051806,0.03863847524780313,0.06900390137085494,0.03863847524780313,4.864989161009946
204,2026-05-12T21:17:10.855Z,2026-05-12 21:17:10.855000+00:00,3,29,4.585615158081055,3.1202094554901123,9.280196189880373,8.964114189,91863.048,1531.0508,25.517513333333333,141.734,2,7,21.364519834370483,True,2.974222186767481,0.47337340900191033,30,4.017719268798828,5.138072967529297,-0.6995270083309374,0.6674533981510689,6.525707840919495,26.236912727355957,30,1.1203536987304688,1.3669804064820061,19.711204886436462,False,True,True,True,True,0.014604631789900704,0.04343741989909233,0.05804205168899304,0.04343741989909233,5.233605413935608
205,2026-05-12T21:19:32.410Z,2026-05-12 21:19:32.410000+00:00,4,0,4.597192764282227,9.673283576965332,1.9706493616104128,8.322223663330078,92004.603,1533.41005,25.556834166666665,141.555,2,8,19.966156601905823,False,0.20372083025696203,-0.6909645625406149,30,4.571830749511719,4.6038103103637695,-0.7535914059452157,0.7988411874038411,7.942091941833496,23.8526320455979,30,0.03197956085205078,1.5524325933490568,15.910540103764404,True,True,True,True,True,,,,,
206,2026-05-12T21:21:54.384Z,2026-05-12 21:21:54.384000+00:00,4,1,4.581754684448242,2.295010805130005,4.386499404907227,5.327077388763428,92146.577,1535.7762833333334,25.59627138888889,141.974,2,8,12.00858759880066,False,1.9113197180170773,0.2813333401982081,30,4.571830749511719,4.6038103103637695,-0.7535914059452157,0.7988411874038411,7.942091941833496,23.8526320455979,30,0.03197956085205078,1.5524325933490568,15.910540103764404,True,True,True,True,True,,,,,
207,2026-05-12T21:24:16.073Z,2026-05-12 21:24:16.073000+00:00,4,2,4.571830749511719,2.172534704208374,4.306606769561768,8.992809295654297,92288.266,1538.1377666666667,25.635629444444444,141.689,2,8,15.471950769424438,False,1.9822959611275828,0.2971684961073112,30,4.571830749511719,4.6038103103637695,-0.7535914059452157,0.7988411874038411,7.942091941833496,23.8526320455979,30,0.03197956085205078,1.5524325933490568,15.910540103764404,True,True,True,True,True,,,,,
208,2026-05-12T21:26:37.098Z,2026-05-12 21:26:37.098000+00:00,4,3,4.581203460693359,9.28447723388672,6.559344291687012,2.6919069290161133,92429.291,1540.4881833333334,25.674803055555557,141.025,2,8,18.535728454589844,False,0.7064850423399769,-0.15089702857547427,30,4.571830749511719,4.6038103103637695,-0.7535914059452157,0.7988411874038411,7.942091941833496,23.8526320455979,30,0.03197956085205078,1.5524325933490568,15.910540103764404,True,True,True,True,True,,,,,
209,2026-05-12T21:28:59.397Z,2026-05-12 21:28:59.397000+00:00,4,4,4.574036598205566,1.740973711013794,8.216662406921387,9.12351417541504,92571.59,1542.8598333333332,25.714330555555552,142.299,2,8,19.08115029335022,False,4.719578678839847,0.6739032304938327,30,4.571830749511719,4.6038103103637695,-0.7535914059452157,0.7988411874038411,7.942091941833496,23.8526320455979,30,0.03197956085205078,1.5524325933490568,15.910540103764404,True,True,True,True,True,,,,,
210,2026-05-12T21:31:21.534Z,2026-05-12 21:31:21.534000+00:00,4,5,4.585063934326172,6.323366641998291,6.031274795532227,5.825654983520508,92713.727,1545.2287833333332,25.753813055555554,142.137,2,8,18.180296421051025,False,0.9538075422471852,-0.020539247698563003,30,4.571830749511719,4.6038103103637695,-0.7535914059452157,0.7988411874038411,7.942091941833496,23.8526320455979,30,0.03197956085205078,1.5524325933490568,15.910540103764404,True,True,True,True,True,,,,,
211,2026-05-12T21:33:44.159Z,2026-05-12 21:33:44.159000+00:00,4,6,4.585063934326172,8.093380928,5.795618534088135,3.2466487884521484,92856.352,1547.6058666666665,25.793431111111108,142.625,2,8,17.135648250540285,False,0.7160936307887737,-0.14503018903798887,30,4.571830749511719,4.6038103103637695,-0.7535914059452157,0.7988411874038411,7.942091941833496,23.8526320455979,30,0.03197956085205078,1.5524325933490568,15.910540103764404,True,True,True,True,True,,,,,
212,2026-05-12T21:36:06.105Z,2026-05-12 21:36:06.105000+00:00,4,7,4.578447341918945,1.6989171504974363,6.477692127227783,6.137236118,92998.298,1549.9716333333333,25.832860555555555,141.946,2,8,14.31384539572522,False,3.812835796808067,0.5812481023951721,30,4.571830749511719,4.6038103103637695,-0.7535914059452157,0.7988411874038411,7.942091941833496,23.8526320455979,30,0.03197956085205078,1.5524325933490568,15.910540103764404,True,True,True,True,True,,,,,
213,2026-05-12T21:38:27.624Z,2026-05-12 21:38:27.624000+00:00,4,8,4.576241493225098,7.480860233306885,5.828138351,7.148883819580078,93139.817,1552.3302833333332,25.872171388888887,141.519,2,8,20.457882403886963,False,0.7790732842529922,-0.10842168809159178,30,4.571830749511719,4.6038103103637695,-0.7535914059452157,0.7988411874038411,7.942091941833496,23.8526320455979,30,0.03197956085205078,1.5524325933490568,15.910540103764404,True,True,True,True,True,,,,,
214,2026-05-12T21:40:49.758Z,2026-05-12 21:40:49.758000+00:00,4,9,4.590025901794434,1.8320579528808596,1.8685290813446045,7.313234806060791,93281.951,1554.6991833333334,25.911653055555558,142.134,2,8,11.013821840286255,False,1.019907191476337,0.008560654052585786,30,4.571830749511719,4.6038103103637695,-0.7535914059452157,0.7988411874038411,7.942091941833496,23.8526320455979,30,0.03197956085205078,1.5524325933490568,15.910540103764404,True,True,True,True,True,,,,,
215,2026-05-12T21:43:12.005Z,2026-05-12 21:43:12.005000+00:00,4,10,4.590577125549316,1.8762457370758057,8.476800918579102,1.3862676620483398,93424.198,1557.0699666666667,25.95116611111111,142.247,2,8,11.739314317703247,False,4.517958789231144,0.6549422651653234,30,4.571830749511719,4.6038103103637695,-0.7535914059452157,0.7988411874038411,7.942091941833496,23.8526320455979,30,0.03197956085205078,1.5524325933490568,15.910540103764404,True,True,True,True,True,,,,,
216,2026-05-12T21:45:33.393Z,2026-05-12 21:45:33.393000+00:00,4,11,4.590577125549316,1.0048768520355225,6.323449135,4.086383819580078,93565.586,1559.4264333333333,25.990440555555555,141.388,2,8,11.414709806615601,False,6.292760274247481,0.7988411874038411,30,4.571830749511719,4.6038103103637695,-0.7535914059452157,0.7988411874038411,7.942091941833496,23.8526320455979,30,0.03197956085205078,1.5524325933490568,15.910540103764404,True,True,True,True,True,,,,,
217,2026-05-12T21:47:55.343Z,2026-05-12 21:47:55.343000+00:00,4,12,4.587268829345703,8.275108337402344,7.275407314300537,2.365873098373413,93707.536,1561.7922666666666,26.02987111111111,141.95,2,8,17.916388750076294,False,0.8791917903257778,-0.05591637589946504,30,4.571830749511719,4.6038103103637695,-0.7535914059452157,0.7988411874038411,7.942091941833496,23.8526320455979,30,0.03197956085205078,1.5524325933490568,15.910540103764404,True,True,True,True,True,,,,,
218,2026-05-12T21:50:17.410Z,2026-05-12 21:50:17.410000+00:00,4,13,4.587268829345703,9.913923263549805,3.864881992340088,5.737701416015625,93849.603,1564.16005,26.069334166666668,142.067,2,8,19.516506671905518,False,0.38984384784881,-0.4091093150187732,30,4.571830749511719,4.6038103103637695,-0.7535914059452157,0.7988411874038411,7.942091941833496,23.8526320455979,30,0.03197956085205078,1.5524325933490568,15.910540103764404,True,True,True,True,True,,,,,
219,2026-05-12T21:52:39.223Z,2026-05-12 21:52:39.223000+00:00,4,14,4.596090316772461,8.838511467,8.579621315002441,1.7130650281906128,93991.416,1566.5236,26.108726666666666,141.813,2,8,19.131197810193054,False,0.970708851488832,-0.012911010207721323,30,4.571830749511719,4.6038103103637695,-0.7535914059452157,0.7988411874038411,7.942091941833496,23.8526320455979,30,0.03197956085205078,1.5524325933490568,15.910540103764404,True,True,True,True,True,,,,,
220,2026-05-12T21:55:01.046Z,2026-05-12 21:55:01.046000+00:00,4,15,4.585063934326172,2.966193914413452,3.66498065,2.9323601722717285,94133.239,1568.8873166666667,26.148121944444444,141.823,2,8,9.563534736685181,False,1.2355836320042917,0.09187214649142361,30,4.571830749511719,4.6038103103637695,-0.7535914059452157,0.7988411874038411,7.942091941833496,23.8526320455979,30,0.03197956085205078,1.5524325933490568,15.910540103764404,True,True,True,True,True,,,,,
221,2026-05-12T21:57:22.758Z,2026-05-12 21:57:22.758000+00:00,4,16,4.588372230529785,9.496008873,3.157712936401367,1.1277177333831787,94274.951,1571.2491833333333,26.18748638888889,141.712,2,8,13.781439542784545,False,0.33253053768512075,-0.4781684654311002,30,4.571830749511719,4.6038103103637695,-0.7535914059452157,0.7988411874038411,7.942091941833496,23.8526320455979,30,0.03197956085205078,1.5524325933490568,15.910540103764404,True,True,True,True,True,,,,,
222,2026-05-12T21:59:44.397Z,2026-05-12 21:59:44.397000+00:00,4,17,4.596090316772461,8.959188461303711,3.319704532623291,3.809304237365722,94416.59,1573.6098333333332,26.226830555555555,141.639,2,8,16.088197231292725,False,0.370536298791087,-0.4311692408763329,30,4.571830749511719,4.6038103103637695,-0.7535914059452157,0.7988411874038411,7.942091941833496,23.8526320455979,30,0.03197956085205078,1.5524325933490568,15.910540103764404,True,True,True,True,True,,,,,
223,2026-05-12T22:02:05.838Z,2026-05-12 22:02:05.838000+00:00,4,18,4.598296165466309,6.374973297119141,1.4010696411132812,5.901155471801758,94558.031,1575.9671833333334,26.266119722222225,141.441,2,8,13.67719841003418,False,0.21977655055377668,-0.6580186472554637,30,4.571830749511719,4.6038103103637695,-0.7535914059452157,0.7988411874038411,7.942091941833496,23.8526320455979,30,0.03197956085205078,1.5524325933490568,15.910540103764404,True,True,True,True,True,,,,,
224,2026-05-12T22:04:27.366Z,2026-05-12 22:04:27.366000+00:00,4,19,4.602155685424805,8.256122589111328,1.456078290939331,5.405181884765625,94699.559,1578.3259833333332,26.305433055555554,141.528,2,8,15.117382764816284,False,0.1763634533309492,-0.7535914059452157,30,4.571830749511719,4.6038103103637695,-0.7535914059452157,0.7988411874038411,7.942091941833496,23.8526320455979,30,0.03197956085205078,1.5524325933490568,15.910540103764404,True,True,True,True,True,,,,,
225,2026-05-12T22:06:48.973Z,2026-05-12 22:06:48.973000+00:00,4,20,4.592782020568848,9.58723259,2.8734359741210938,5.014285564422607,94841.166,1580.6861,26.34476833333333,141.607,2,8,17.4749541285437,False,0.29971484963431916,-0.5232917390213991,30,4.571830749511719,4.6038103103637695,-0.7535914059452157,0.7988411874038411,7.942091941833496,23.8526320455979,30,0.03197956085205078,1.5524325933490568,15.910540103764404,True,True,True,True,True,,,,,
226,2026-05-12T22:09:11.284Z,2026-05-12 22:09:11.284000+00:00,4,21,4.592782020568848,9.813723564,6.222843647003174,7.816064834594727,94983.477,1583.05795,26.384299166666665,142.311,2,8,23.8526320455979,False,0.6340960804959529,-0.1978449312858982,30,4.571830749511719,4.6038103103637695,-0.7535914059452157,0.7988411874038411,7.942091941833496,23.8526320455979,30,0.03197956085205078,1.5524325933490568,15.910540103764404,True,True,True,True,True,,,,,
227,2026-05-12T22:11:32.197Z,2026-05-12 22:11:32.197000+00:00,4,22,4.6038103103637695,8.795659065246582,5.8894243240356445,2.6443545818328857,95124.39,1585.4065,26.42344166666667,140.913,2,8,17.329437971115112,False,0.6695830614110482,-0.1741955413182009,30,4.571830749511719,4.6038103103637695,-0.7535914059452157,0.7988411874038411,7.942091941833496,23.8526320455979,30,0.03197956085205078,1.5524325933490568,15.910540103764404,True,True,True,True,True,,,,,
228,2026-05-12T22:13:53.468Z,2026-05-12 22:13:53.468000+00:00,4,23,4.594987869262695,7.970355033874512,6.606223583221436,3.653001070022583,95265.661,1587.7610166666666,26.46268361111111,141.271,2,8,18.22957968711853,False,0.8288493492629336,-0.08152439915948778,30,4.571830749511719,4.6038103103637695,-0.7535914059452157,0.7988411874038411,7.942091941833496,23.8526320455979,30,0.03197956085205078,1.5524325933490568,15.910540103764404,True,True,True,True,True,,,,,
229,2026-05-12T22:16:15.287Z,2026-05-12 22:16:15.287000+00:00,4,24,4.593334197998047,3.8334975242614746,8.577958106994629,1.9208967685699463,95407.48,1590.1246666666666,26.502077777777778,141.819,2,8,14.33235239982605,False,2.2376323586245634,0.3497887337846709,30,4.571830749511719,4.6038103103637695,-0.7535914059452157,0.7988411874038411,7.942091941833496,23.8526320455979,30,0.03197956085205078,1.5524325933490568,15.910540103764404,True,True,True,True,True,,,,,
230,2026-05-12T22:18:36.977Z,2026-05-12 22:18:36.977000+00:00,4,25,4.592782020568848,6.1235527992248535,9.419863701,1.3190112113952637,95549.17,1592.4861666666666,26.54143611111111,141.69,2,8,16.862427711620118,False,1.5383003968206836,0.18704115207314903,30,4.571830749511719,4.6038103103637695,-0.7535914059452157,0.7988411874038411,7.942091941833496,23.8526320455979,30,0.03197956085205078,1.5524325933490568,15.910540103764404,True,True,True,True,True,,,,,
231,2026-05-12T22:20:58.914Z,2026-05-12 22:20:58.914000+00:00,4,26,4.595539093017578,3.0525002479553223,5.901025295257568,2.8663370609283447,95691.107,1594.8517833333333,26.580863055555554,141.937,2,8,11.819862604141235,False,1.9331776628717046,0.28627176838924867,30,4.571830749511719,4.6038103103637695,-0.7535914059452157,0.7988411874038411,7.942091941833496,23.8526320455979,30,0.03197956085205078,1.5524325933490568,15.910540103764404,True,True,True,True,True,,,,,
232,2026-05-12T22:23:21.352Z,2026-05-12 22:23:21.352000+00:00,4,27,4.592782020568848,9.476270676,8.726006507873535,3.7495408058166495,95833.545,1597.22575,26.620429166666668,142.438,2,8,21.951817989690184,False,0.9208270643823402,-0.035821924674558164,30,4.571830749511719,4.6038103103637695,-0.7535914059452157,0.7988411874038411,7.942091941833496,23.8526320455979,30,0.03197956085205078,1.5524325933490568,15.910540103764404,True,True,True,True,True,,,,,
233,2026-05-12T22:25:42.908Z,2026-05-12 22:25:42.908000+00:00,4,28,4.601053237915039,9.895938873291016,7.390047073364258,4.266472816467285,95975.101,1599.5850166666667,26.65975027777778,141.556,2,8,21.55245876312256,False,0.7467757398249376,-0.12680979922764318,30,4.571830749511719,4.6038103103637695,-0.7535914059452157,0.7988411874038411,7.942091941833496,23.8526320455979,30,0.03197956085205078,1.5524325933490568,15.910540103764404,True,True,True,True,True,,,,,
234,2026-05-12T22:28:04.624Z,2026-05-12 22:28:04.624000+00:00,4,29,4.599950790405273,1.4398677349090576,3.707204580307007,2.795019626617432,96116.817,1601.94695,26.699115833333334,141.716,2,8,7.942091941833496,False,2.574684111899455,0.4107239530376175,30,4.571830749511719,4.6038103103637695,-0.7535914059452157,0.7988411874038411,7.942091941833496,23.8526320455979,30,0.03197956085205078,1.5524325933490568,15.910540103764404,True,True,True,True,True,,,,,
235,2026-05-12T22:30:26.019Z,2026-05-12 22:30:26.019000+00:00,5,0,4.604912757873535,1.7228540182113647,8.488994598388672,5.0135698318481445,96258.212,1604.3035333333332,26.73839222222222,141.395,2,9,15.225418448448181,False,4.927286066408453,0.6926077771026189,30,4.590577125549316,4.614836692810059,-0.7104036101145238,0.6926077771026189,5.58050012588501,27.4354190826416,30,0.024259567260742188,1.4030113872171426,21.854918956756592,True,True,True,True,True,,,,,
236,2026-05-12T22:32:47.638Z,2026-05-12 22:32:47.638000+00:00,5,1,4.590577125549316,3.515377759933472,1.6301560401916504,1.575680136680603,96399.831,1606.6638500000001,26.777730833333337,141.619,2,9,6.721213936805725,False,0.4637214409135082,-0.33374282332966426,30,4.590577125549316,4.614836692810059,-0.7104036101145238,0.6926077771026189,5.58050012588501,27.4354190826416,30,0.024259567260742188,1.4030113872171426,21.854918956756592,True,True,True,True,True,,,,,
237,2026-05-12T22:35:09.056Z,2026-05-12 22:35:09.056000+00:00,5,2,4.609323501586914,5.818350315093994,5.144968032836914,7.941873550415039,96541.249,1609.0208166666666,26.81701361111111,141.418,2,9,18.905191898345947,False,0.8842657719473872,-0.05341718527783315,30,4.590577125549316,4.614836692810059,-0.7104036101145238,0.6926077771026189,5.58050012588501,27.4354190826416,30,0.024259567260742188,1.4030113872171426,21.854918956756592,True,True,True,True,True,,,,,
238,2026-05-12T22:37:30.413Z,2026-05-12 22:37:30.413000+00:00,5,3,4.602155685424805,4.173156261444092,5.681988716125488,7.495442867279053,96682.606,1611.3767666666668,26.856279444444446,141.357,2,9,17.350587844848633,False,1.3615566636268912,0.13403571999725308,30,4.590577125549316,4.614836692810059,-0.7104036101145238,0.6926077771026189,5.58050012588501,27.4354190826416,30,0.024259567260742188,1.4030113872171426,21.854918956756592,True,True,True,True,True,,,,,
239,2026-05-12T22:39:52.392Z,2026-05-12 22:39:52.392000+00:00,5,4,4.6038103103637695,7.801742076873779,7.459996700286865,3.510404348373413,96824.585,1613.7430833333335,26.89571805555556,141.979,2,9,18.772143125534058,False,0.9561962734451414,-0.019452953199699533,30,4.590577125549316,4.614836692810059,-0.7104036101145238,0.6926077771026189,5.58050012588501,27.4354190826416,30,0.024259567260742188,1.4030113872171426,21.854918956756592,True,True,True,True,True,,,,,
240,2026-05-12T22:42:14.076Z,2026-05-12 22:42:14.076000+00:00,5,5,4.596641540527344,6.238706588745117,4.696681022644043,5.638033390045166,96966.269,1616.1044833333333,26.93507472222222,141.684,2,9,16.573421001434326,False,0.7528292853388951,-0.12330349503549771,30,4.590577125549316,4.614836692810059,-0.7104036101145238,0.6926077771026189,5.58050012588501,27.4354190826416,30,0.024259567260742188,1.4030113872171426,21.854918956756592,True,True,True,True,True,,,,,
241,2026-05-12T22:44:36.576Z,2026-05-12 22:44:36.576000+00:00,5,6,4.6038103103637695,1.3071341514587402,3.0424060821533203,1.2309598922729492,97108.769,1618.4794833333333,26.974658055555555,142.5,2,9,5.58050012588501,False,2.3275392803087924,0.366897019009946,30,4.590577125549316,4.614836692810059,-0.7104036101145238,0.6926077771026189,5.58050012588501,27.4354190826416,30,0.024259567260742188,1.4030113872171426,21.854918956756592,True,True,True,True,True,,,,,
242,2026-05-12T22:46:58.299Z,2026-05-12 22:46:58.299000+00:00,5,7,4.596090316772461,4.200015068054199,7.532260417938232,5.874582290649414,97250.492,1620.8415333333332,27.014025555555556,141.723,2,9,17.606857776641846,False,1.793388903585008,0.25367447827744155,30,4.590577125549316,4.614836692810059,-0.7104036101145238,0.6926077771026189,5.58050012588501,27.4354190826416,30,0.024259567260742188,1.4030113872171426,21.854918956756592,True,True,True,True,True,,,,,
243,2026-05-12T22:49:21.053Z,2026-05-12 22:49:21.053000+00:00,5,8,4.602706909179688,7.410916328430176,2.7594308853149414,3.1268696784973145,97393.246,1623.2207666666666,27.053679444444445,142.754,2,9,13.297216892242432,False,0.37234678722913883,-0.4290523890870982,30,4.590577125549316,4.614836692810059,-0.7104036101145238,0.6926077771026189,5.58050012588501,27.4354190826416,30,0.024259567260742188,1.4030113872171426,21.854918956756592,True,True,True,True,True,,,,,
244,2026-05-12T22:51:44.195Z,2026-05-12 22:51:44.195000+00:00,5,9,4.600502014160156,1.2029705047607422,5.575952529907227,6.519660949707031,97536.388,1625.6064666666668,27.093441111111115,143.142,2,9,13.298583984375,False,4.635153154495856,0.666064088653879,30,4.590577125549316,4.614836692810059,-0.7104036101145238,0.6926077771026189,5.58050012588501,27.4354190826416,30,0.024259567260742188,1.4030113872171426,21.854918956756592,True,True,True,True,True,,,,,
245,2026-05-12T22:54:06.071Z,2026-05-12 22:54:06.071000+00:00,5,10,4.601604461669922,5.820002555847168,7.052996635437012,8.386407852172852,97678.264,1627.9710666666665,27.13285111111111,141.876,2,9,21.25940704345703,False,1.211854559814771,0.0834505012988877,30,4.590577125549316,4.614836692810059,-0.7104036101145238,0.6926077771026189,5.58050012588501,27.4354190826416,30,0.024259567260742188,1.4030113872171426,21.854918956756592,True,True,True,True,True,,,,,
246,2026-05-12T22:56:27.623Z,2026-05-12 22:56:27.623000+00:00,5,11,4.607668876647949,9.726446151733398,1.8947441577911377,3.899412631988525,97819.816,1630.3302666666668,27.172171111111115,141.552,2,9,15.520602941513062,False,0.19480333600093658,-0.7104036101145238,30,4.590577125549316,4.614836692810059,-0.7104036101145238,0.6926077771026189,5.58050012588501,27.4354190826416,30,0.024259567260742188,1.4030113872171426,21.854918956756592,True,True,True,True,True,,,,,
247,2026-05-12T22:58:49.659Z,2026-05-12 22:58:49.659000+00:00,5,12,4.602155685424805,3.651416778564453,4.073415756225586,7.582317352294922,97961.852,1632.6975333333332,27.211625555555553,142.036,2,9,15.307149887084961,False,1.1155712982802912,0.04749733209200373,30,4.590577125549316,4.614836692810059,-0.7104036101145238,0.6926077771026189,5.58050012588501,27.4354190826416,30,0.024259567260742188,1.4030113872171426,21.854918956756592,True,True,True,True,True,,,,,
248,2026-05-12T23:01:11.492Z,2026-05-12 23:01:11.492000+00:00,5,13,4.6038103103637695,5.594438552856445,7.493293285369873,5.222875118255615,98103.685,1635.0614166666667,27.251023611111112,141.833,2,9,18.310606956481934,False,1.3394182838140027,0.12691622300491862,30,4.590577125549316,4.614836692810059,-0.7104036101145238,0.6926077771026189,5.58050012588501,27.4354190826416,30,0.024259567260742188,1.4030113872171426,21.854918956756592,True,True,True,True,True,,,,,
249,2026-05-12T23:03:33.612Z,2026-05-12 23:03:33.612000+00:00,5,14,4.606015205383301,6.841993808746338,8.264070510864258,2.219604969024658,98245.805,1637.4300833333332,27.290501388888888,142.12,2,9,17.325669288635254,False,1.207845365235501,0.08201133716288787,30,4.590577125549316,4.614836692810059,-0.7104036101145238,0.6926077771026189,5.58050012588501,27.4354190826416,30,0.024259567260742188,1.4030113872171426,21.854918956756592,True,True,True,True,True,,,,,
250,2026-05-12T23:05:56.088Z,2026-05-12 23:05:56.088000+00:00,5,15,4.611528396606445,2.878544330596924,9.103222846984863,1.574152588844299,98388.281,1639.8046833333333,27.330078055555553,142.476,2,9,13.555919766426086,False,3.1624396922513704,0.5000222522638179,30,4.590577125549316,4.614836692810059,-0.7104036101145238,0.6926077771026189,5.58050012588501,27.4354190826416,30,0.024259567260742188,1.4030113872171426,21.854918956756592,True,True,True,True,True,,,,,
251,2026-05-12T23:08:18.272Z,2026-05-12 23:08:18.272000+00:00,5,16,4.602706909179688,2.555204391479492,5.955127716064453,5.529056549072266,98530.465,1642.1744166666665,27.369573611111107,142.184,2,9,14.039388656616211,False,2.330587617930778,0.36746543478139815,30,4.590577125549316,4.614836692810059,-0.7104036101145238,0.6926077771026189,5.58050012588501,27.4354190826416,30,0.024259567260742188,1.4030113872171426,21.854918956756592,True,True,True,True,True,,,,,
252,2026-05-12T23:10:40.220Z,2026-05-12 23:10:40.220000+00:00,5,17,4.601604461669922,8.315498352050781,2.356717348098755,4.011821746826172,98672.413,1644.5402166666668,27.409003611111114,141.948,2,9,14.684037446975708,False,0.28341264086926765,-0.5475807831028942,30,4.590577125549316,4.614836692810059,-0.7104036101145238,0.6926077771026189,5.58050012588501,27.4354190826416,30,0.024259567260742188,1.4030113872171426,21.854918956756592,True,True,True,True,True,,,,,
253,2026-05-12T23:13:00.777Z,2026-05-12 23:13:00.777000+00:00,5,18,4.594987869262695,3.917249917984009,1.349490761756897,5.828430176,98812.97,1646.8828333333333,27.448047222222222,140.557,2,9,11.095170855740907,False,0.3444995315620314,-0.46281136429383923,30,4.590577125549316,4.614836692810059,-0.7104036101145238,0.6926077771026189,5.58050012588501,27.4354190826416,30,0.024259567260742188,1.4030113872171426,21.854918956756592,True,True,True,True,True,,,,,
254,2026-05-12T23:15:22.111Z,2026-05-12 23:15:22.111000+00:00,5,19,4.602706909179688,9.278496742248535,8.703334808,7.292832374572754,98954.304,1649.2384,27.487306666666665,141.334,2,9,25.27466392482129,False,0.9380113018060777,-0.027791928910439148,30,4.590577125549316,4.614836692810059,-0.7104036101145238,0.6926077771026189,5.58050012588501,27.4354190826416,30,0.024259567260742188,1.4030113872171426,21.854918956756592,True,True,True,True,True,,,,,
255,2026-05-12T23:17:42.795Z,2026-05-12 23:17:42.795000+00:00,5,20,4.614836692810059,2.236849308013916,9.139513016,1.1216877698898315,99094.988,1651.5831333333333,27.526385555555557,140.684,2,9,12.498050093903748,False,4.085886779791578,0.6112863281326951,30,4.590577125549316,4.614836692810059,-0.7104036101145238,0.6926077771026189,5.58050012588501,27.4354190826416,30,0.024259567260742188,1.4030113872171426,21.854918956756592,True,True,True,True,True,,,,,
256,2026-05-12T23:20:02.918Z,2026-05-12 23:20:02.918000+00:00,5,21,4.606015205383301,8.640480041503906,9.591248512268066,9.203690528869627,99235.111,1653.9185166666668,27.565308611111114,140.123,2,9,27.4354190826416,False,1.1100365334098585,0.04533727247783713,30,4.590577125549316,4.614836692810059,-0.7104036101145238,0.6926077771026189,5.58050012588501,27.4354190826416,30,0.024259567260742188,1.4030113872171426,21.854918956756592,True,True,True,True,True,,,,,
257,2026-05-12T23:22:23.580Z,2026-05-12 23:22:23.580000+00:00,5,22,4.604912757873535,5.822964191436768,8.930428504943848,2.3932037353515625,99375.773,1656.2628833333333,27.60438138888889,140.662,2,9,17.146596431732178,False,1.5336567788063864,0.18572817855143636,30,4.590577125549316,4.614836692810059,-0.7104036101145238,0.6926077771026189,5.58050012588501,27.4354190826416,30,0.024259567260742188,1.4030113872171426,21.854918956756592,True,True,True,True,True,,,,,
258,2026-05-12T23:24:44.154Z,2026-05-12 23:24:44.154000+00:00,5,23,4.604361534118652,9.336367607,4.843417644500732,3.7927069664001465,99516.347,1658.6057833333332,27.64342972222222,140.574,2,9,17.97249221790088,False,0.5187689525923711,-0.2850260235696286,30,4.590577125549316,4.614836692810059,-0.7104036101145238,0.6926077771026189,5.58050012588501,27.4354190826416,30,0.024259567260742188,1.4030113872171426,21.854918956756592,True,True,True,True,True,,,,,
259,2026-05-12T23:27:04.854Z,2026-05-12 23:27:04.854000+00:00,5,24,4.604912757873535,8.748619079589844,9.419809341430664,7.6280694007873535,99657.047,1660.9507833333334,27.682513055555557,140.7,2,9,25.79649782180786,False,1.0767195663378097,0.03210260520051243,30,4.590577125549316,4.614836692810059,-0.7104036101145238,0.6926077771026189,5.58050012588501,27.4354190826416,30,0.024259567260742188,1.4030113872171426,21.854918956756592,True,True,True,True,True,,,,,
260,2026-05-12T23:29:25.571Z,2026-05-12 23:29:25.571000+00:00,5,25,4.601053237915039,3.835585117340088,4.897727966308594,6.061033248901367,99797.764,1663.2960666666665,27.72160111111111,140.717,2,9,14.794346332550049,False,1.2769180754630427,0.1061630346826324,30,4.590577125549316,4.614836692810059,-0.7104036101145238,0.6926077771026189,5.58050012588501,27.4354190826416,30,0.024259567260742188,1.4030113872171426,21.854918956756592,True,True,True,True,True,,,,,
261,2026-05-12T23:31:45.810Z,2026-05-12 23:31:45.810000+00:00,5,26,4.604912757873535,3.201841354370117,4.140279293060303,1.5786179304122925,99938.003,1665.6333833333333,27.76055638888889,140.239,2,9,8.920738577842712,False,1.2930932031998819,0.11162982896129248,30,4.590577125549316,4.614836692810059,-0.7104036101145238,0.6926077771026189,5.58050012588501,27.4354190826416,30,0.024259567260742188,1.4030113872171426,21.854918956756592,True,True,True,True,True,,,,,
262,2026-05-12T23:34:06.084Z,2026-05-12 23:34:06.084000+00:00,5,27,4.601604461669922,4.049111366271973,6.523565292358398,1.9995683431625368,100078.277,1667.9712833333333,27.799521388888888,140.274,2,9,12.572245001792908,False,1.611110365276187,0.20712529174678085,30,4.590577125549316,4.614836692810059,-0.7104036101145238,0.6926077771026189,5.58050012588501,27.4354190826416,30,0.024259567260742188,1.4030113872171426,21.854918956756592,True,True,True,True,True,,,,,
263,2026-05-12T23:36:26.211Z,2026-05-12 23:36:26.211000+00:00,5,28,4.596090316772461,8.351072311401367,2.42453408241272,9.145073890686035,100218.404,1670.3067333333333,27.838445555555555,140.127,2,9,19.920680284500122,False,0.29032607933505805,-0.5371139507250169,30,4.590577125549316,4.614836692810059,-0.7104036101145238,0.6926077771026189,5.58050012588501,27.4354190826416,30,0.024259567260742188,1.4030113872171426,21.854918956756592,True,True,True,True,True,,,,,
264,2026-05-12T23:38:46.676Z,2026-05-12 23:38:46.676000+00:00,5,29,4.609874725341797,6.457474708557129,7.070789337158203,1.207836627960205,100358.869,1672.6478166666668,27.877463611111114,140.465,2,9,14.736100673675537,False,1.0949774728174064,0.03940518444396296,30,4.590577125549316,4.614836692810059,-0.7104036101145238,0.6926077771026189,5.58050012588501,27.4354190826416,30,0.024259567260742188,1.4030113872171426,21.854918956756592,True,True,True,True,True,,,,,
265,2026-05-12T23:41:07.484Z,2026-05-12 23:41:07.484000+00:00,6,0,4.601053237915039,6.9601263999938965,9.867917061,8.528712272644043,100499.677,1674.9946166666666,27.916576944444444,140.808,2,10,25.35675573363794,False,1.4177784272723342,0.15160836389930887,26,4.597192764282227,4.624761581420898,-0.865744676997092,0.4789287128904496,6.172540664672852,25.35675573363794,26,0.027568817138671875,1.3446733898875416,19.184215068965088,True,True,True,True,True,,,,,
266,2026-05-12T23:43:27.810Z,2026-05-12 23:43:27.810000+00:00,6,1,4.615939140319824,3.5786707401275635,2.794595241546631,3.957703113555908,100640.003,1677.3333833333334,27.95555638888889,140.326,2,10,10.330969095230103,False,0.7809031465820229,-0.10740282721533771,26,4.597192764282227,4.624761581420898,-0.865744676997092,0.4789287128904496,6.172540664672852,25.35675573363794,26,0.027568817138671875,1.3446733898875416,19.184215068965088,True,True,True,True,True,,,,,
267,2026-05-12T23:45:48.022Z,2026-05-12 23:45:48.022000+00:00,6,2,4.608772277832031,5.733865737915039,6.970927715301514,1.164964199066162,100780.215,1679.67025,27.994504166666665,140.212,2,10,13.869757652282715,False,1.2157465894617019,0.08484305991404534,26,4.597192764282227,4.624761581420898,-0.865744676997092,0.4789287128904496,6.172540664672852,25.35675573363794,26,0.027568817138671875,1.3446733898875416,19.184215068965088,True,True,True,True,True,,,,,
268,2026-05-12T23:48:08.398Z,2026-05-12 23:48:08.398000+00:00,6,3,4.6038103103637695,2.9151618480682373,8.78195858,6.083753586,100920.591,1682.00985,28.0334975,140.376,2,10,17.78087401406824,False,3.012511495997883,0.4789287128904496,26,4.597192764282227,4.624761581420898,-0.865744676997092,0.4789287128904496,6.172540664672852,25.35675573363794,26,0.027568817138671875,1.3446733898875416,19.184215068965088,True,True,True,True,True,,,,,
269,2026-05-12T23:50:28.494Z,2026-05-12 23:50:28.494000+00:00,6,4,4.609323501586914,7.623536109924316,2.051023483276367,2.864326477050781,101060.687,1684.3447833333335,28.072413055555558,140.096,2,10,12.538886070251465,False,0.26903833781364866,-0.5701858288654036,26,4.597192764282227,4.624761581420898,-0.865744676997092,0.4789287128904496,6.172540664672852,25.35675573363794,26,0.027568817138671875,1.3446733898875416,19.184215068965088,True,True,True,True,True,,,,,
270,2026-05-12T23:52:48.978Z,2026-05-12 23:52:48.978000+00:00,6,5,4.601604461669922,5.470940589904785,6.338641644,9.759559631347656,101201.171,1686.6861833333335,28.11143638888889,140.484,2,10,21.56914186525244,False,1.1586018052720832,0.06393420085826816,26,4.597192764282227,4.624761581420898,-0.865744676997092,0.4789287128904496,6.172540664672852,25.35675573363794,26,0.027568817138671875,1.3446733898875416,19.184215068965088,True,True,True,True,True,,,,,
271,2026-05-12T23:55:09.164Z,2026-05-12 23:55:09.164000+00:00,6,6,4.604361534118652,1.0965633392333984,2.934919595718384,5.277831077575684,101341.357,1689.0226166666666,28.150376944444442,140.186,2,10,9.309314012527466,False,2.676470652183366,0.42756248565530014,26,4.597192764282227,4.624761581420898,-0.865744676997092,0.4789287128904496,6.172540664672852,25.35675573363794,26,0.027568817138671875,1.3446733898875416,19.184215068965088,True,True,True,True,True,,,,,
272,2026-05-12T23:57:29.224Z,2026-05-12 23:57:29.224000+00:00,6,7,4.613734245300293,5.123155117034912,6.431890011,7.070981979370117,101481.417,1691.35695,28.1892825,140.06,2,10,18.62602710740503,False,1.255454864057002,0.09880110363329428,26,4.597192764282227,4.624761581420898,-0.865744676997092,0.4789287128904496,6.172540664672852,25.35675573363794,26,0.027568817138671875,1.3446733898875416,19.184215068965088,True,True,True,True,True,,,,,
273,2026-05-12T23:59:49.727Z,2026-05-12 23:59:49.727000+00:00,6,8,4.619799613952637,8.438204765319824,7.929050445556641,1.6938496828079224,101621.92,1693.6986666666667,28.22831111111111,140.503,2,10,18.061104893684387,False,0.9396608243194385,-0.027028879068404586,26,4.597192764282227,4.624761581420898,-0.865744676997092,0.4789287128904496,6.172540664672852,25.35675573363794,26,0.027568817138671875,1.3446733898875416,19.184215068965088,True,True,True,True,True,,,,,
274,2026-05-13T00:02:10.508Z,2026-05-13 00:02:10.508000+00:00,6,9,4.606015205383301,8.817798614501953,1.2012004852294922,1.7742775678634644,101762.701,1696.0450166666667,28.267416944444445,140.781,2,10,11.79327666759491,False,0.13622453151220423,-0.865744676997092,26,4.597192764282227,4.624761581420898,-0.865744676997092,0.4789287128904496,6.172540664672852,25.35675573363794,26,0.027568817138671875,1.3446733898875416,19.184215068965088,True,True,True,True,True,,,,,
275,2026-05-13T00:04:31.101Z,2026-05-13 00:04:31.101000+00:00,6,10,4.62035083770752,2.5716183185577397,2.101430654525757,1.4994916915893557,101903.294,1698.3882333333333,28.306470555555556,140.593,2,10,6.172540664672852,False,0.8171627334278433,-0.08769144751645129,26,4.597192764282227,4.624761581420898,-0.865744676997092,0.4789287128904496,6.172540664672852,25.35675573363794,26,0.027568817138671875,1.3446733898875416,19.184215068965088,True,True,True,True,True,,,,,
276,2026-05-13T00:06:51.536Z,2026-05-13 00:06:51.536000+00:00,6,11,4.600502014160156,4.168999195098877,9.681185722351074,4.237885475158691,102043.729,1700.7288166666667,28.345480277777778,140.435,2,10,18.088070392608643,False,2.322184598580011,0.36589674036296793,26,4.597192764282227,4.624761581420898,-0.865744676997092,0.4789287128904496,6.172540664672852,25.35675573363794,26,0.027568817138671875,1.3446733898875416,19.184215068965088,True,True,True,True,True,,,,,
277,2026-05-13T00:09:12.293Z,2026-05-13 00:09:12.293000+00:00,6,12,4.606015205383301,8.356901168823242,1.793717384338379,3.936431407928467,102184.486,1703.0747666666668,28.384579444444448,140.757,2,10,14.087049961090088,False,0.21463905676306533,-0.668291248850355,26,4.597192764282227,4.624761581420898,-0.865744676997092,0.4789287128904496,6.172540664672852,25.35675573363794,26,0.027568817138671875,1.3446733898875416,19.184215068965088,True,True,True,True,True,,,,,
278,2026-05-13T00:11:32.752Z,2026-05-13 00:11:32.752000+00:00,6,13,4.617041588,8.838807106018066,8.286384582519531,7.180283069610596,102324.945,1705.4157500000001,28.423595833333334,140.459,2,10,24.305474758148193,False,0.9375003304323263,-0.02802857052833884,26,4.597192764282227,4.624761581420898,-0.865744676997092,0.4789287128904496,6.172540664672852,25.35675573363794,26,0.027568817138671875,1.3446733898875416,19.184215068965088,True,True,True,True,True,,,,,
279,2026-05-13T00:13:53.237Z,2026-05-13 00:13:53.237000+00:00,6,14,4.624761581420898,9.737529754638672,4.807708740234375,4.312875747680664,102465.43,1707.7571666666665,28.462619444444442,140.485,2,10,18.85811424255371,False,0.4937298125270554,-0.3065106483018651,26,4.597192764282227,4.624761581420898,-0.865744676997092,0.4789287128904496,6.172540664672852,25.35675573363794,26,0.027568817138671875,1.3446733898875416,19.184215068965088,True,True,True,True,True,,,,,
280,2026-05-13T00:16:13.983Z,2026-05-13 00:16:13.983000+00:00,6,15,4.614285469055176,8.150537490844727,2.8823812007904053,2.6563639640808105,102606.176,1710.1029333333333,28.501715555555556,140.746,2,10,13.689282655715942,False,0.3536430823155043,-0.45143483282142616,26,4.597192764282227,4.624761581420898,-0.865744676997092,0.4789287128904496,6.172540664672852,25.35675573363794,26,0.027568817138671875,1.3446733898875416,19.184215068965088,True,True,True,True,True,,,,,
281,2026-05-13T00:18:34.631Z,2026-05-13 00:18:34.631000+00:00,6,16,4.618144989013672,2.9467170238494877,5.681501388549805,1.1216145753860474,102746.824,1712.4470666666666,28.540784444444444,140.648,2,10,9.74983298778534,False,1.9280783809799593,0.28512468503110705,26,4.597192764282227,4.624761581420898,-0.865744676997092,0.4789287128904496,6.172540664672852,25.35675573363794,26,0.027568817138671875,1.3446733898875416,19.184215068965088,True,True,True,True,True,,,,,
282,2026-05-13T00:20:54.632Z,2026-05-13 00:20:54.632000+00:00,6,17,4.609874725341797,5.946578502655029,9.510712623596191,3.1371777057647705,102886.825,1714.7804166666667,28.57967361111111,140.001,2,10,18.59446883201599,False,1.5993587941956617,0.20394590268288637,26,4.597192764282227,4.624761581420898,-0.865744676997092,0.4789287128904496,6.172540664672852,25.35675573363794,26,0.027568817138671875,1.3446733898875416,19.184215068965088,True,True,True,True,True,,,,,
283,2026-05-13T00:23:15.326Z,2026-05-13 00:23:15.326000+00:00,6,18,4.597192764282227,7.675373077392578,5.905945777893066,6.379865646362305,103027.519,1717.1253166666668,28.61875527777778,140.694,2,10,19.96118450164795,False,0.7694669325311013,-0.11381003902658658,26,4.597192764282227,4.624761581420898,-0.865744676997092,0.4789287128904496,6.172540664672852,25.35675573363794,26,0.027568817138671875,1.3446733898875416,19.184215068965088,True,True,True,True,True,,,,,
284,2026-05-13T00:25:35.830Z,2026-05-13 00:25:35.830000+00:00,6,19,4.610425949,8.910871505737305,2.4682936668396,8.030412673950195,103168.023,1719.46705,28.657784166666666,140.504,2,10,19.4095778465271,False,0.2769980091453881,-0.557523352308401,26,4.597192764282227,4.624761581420898,-0.865744676997092,0.4789287128904496,6.172540664672852,25.35675573363794,26,0.027568817138671875,1.3446733898875416,19.184215068965088,True,True,True,True,True,,,,,
285,2026-05-13T00:27:56.529Z,2026-05-13 00:27:56.529000+00:00,6,20,4.612079620361328,9.24110507965088,4.796757698059082,1.9014770984649656,103308.722,1721.8120333333331,28.69686722222222,140.699,2,10,15.939339876174929,False,0.5190675418918944,-0.28477612738770514,26,4.597192764282227,4.624761581420898,-0.865744676997092,0.4789287128904496,6.172540664672852,25.35675573363794,26,0.027568817138671875,1.3446733898875416,19.184215068965088,True,True,True,True,True,,,,,
286,2026-05-13T00:30:17.156Z,2026-05-13 00:30:17.156000+00:00,6,21,4.613183022,7.324322700500488,5.197127342224121,1.580772042274475,103449.349,1724.1558166666666,28.735930277777776,140.627,2,10,14.102222084999084,False,0.7095710490567256,-0.14900411230175897,26,4.597192764282227,4.624761581420898,-0.865744676997092,0.4789287128904496,6.172540664672852,25.35675573363794,26,0.027568817138671875,1.3446733898875416,19.184215068965088,True,True,True,True,True,,,,,
287,2026-05-13T00:32:37.674Z,2026-05-13 00:32:37.674000+00:00,6,22,4.602706909179688,2.934453010559082,1.7687329053878784,2.9349048137664795,103589.867,1726.4977833333332,28.774963055555553,140.518,2,10,7.63809072971344,False,0.6027470533770426,-0.2198649040616139,26,4.597192764282227,4.624761581420898,-0.865744676997092,0.4789287128904496,6.172540664672852,25.35675573363794,26,0.027568817138671875,1.3446733898875416,19.184215068965088,True,True,True,True,True,,,,,
288,2026-05-13T00:34:57.889Z,2026-05-13 00:34:57.889000+00:00,6,23,4.621453285217285,6.464269638061523,8.355550765991211,1.354412317276001,103730.082,1728.8346999999999,28.813911666666666,140.215,2,10,16.174232721328735,False,1.2925746037562933,0.11145561874056518,26,4.597192764282227,4.624761581420898,-0.865744676997092,0.4789287128904496,6.172540664672852,25.35675573363794,26,0.027568817138671875,1.3446733898875416,19.184215068965088,True,True,True,True,True,,,,,
289,2026-05-13T00:37:18.418Z,2026-05-13 00:37:18.418000+00:00,6,24,4.621453285217285,1.9532101154327397,1.395636796951294,5.057088851928711,103870.611,1731.17685,28.852947500000003,140.529,2,10,8.405935764312744,False,0.7145349012500308,-0.1459765533669032,26,4.597192764282227,4.624761581420898,-0.865744676997092,0.4789287128904496,6.172540664672852,25.35675573363794,26,0.027568817138671875,1.3446733898875416,19.184215068965088,True,True,True,True,True,,,,,
290,2026-05-13T00:39:39.516Z,2026-05-13 00:39:39.516000+00:00,6,25,4.619248390197754,9.762156487,7.855429172515869,2.310025691986084,104011.709,1733.5284833333333,28.892141388888888,141.098,2,10,19.92761135150195,False,0.8046817506948113,-0.09437584788692996,26,4.597192764282227,4.624761581420898,-0.865744676997092,0.4789287128904496,6.172540664672852,25.35675573363794,26,0.027568817138671875,1.3446733898875416,19.184215068965088,True,True,True,True,True,,,,,
291,2026-05-13T13:32:54.593Z,2026-05-13 13:32:54.593000+00:00,1,0,4.300564765930176,2.0,2.0,6.0,150406.786,2506.7797666666665,41.77966277777777,46395.077,3,11,10.0,True,1.0,0.0,30,3.87050724,4.885552406311035,-0.5550876694360098,0.68108047358477,10.0,27.27584171295166,30,1.0150451663110354,1.2361681430207798,17.27584171295166,False,True,True,True,True,0.02,0.02,0.04,0.02,4.760753385474143
292,2026-05-13T13:35:17.721Z,2026-05-13 13:35:17.721000+00:00,1,1,3.895318031311035,5.409165859222412,1.5117745399475098,7.6568474769592285,150549.914,2509.165233333333,41.81942055555555,143.128,3,11,14.57778787612915,True,0.27948385745465626,-0.5536432712152104,30,3.87050724,4.885552406311035,-0.5550876694360098,0.68108047358477,10.0,27.27584171295166,30,1.0150451663110354,1.2361681430207798,17.27584171295166,False,True,True,True,True,0.03710553278169055,0.010370397434737076,0.047475930216427625,0.010370397434737076,4.2096561557550425
293,2026-05-13T13:37:38.080Z,2026-05-13 13:37:38.080000+00:00,1,2,4.508424758911133,4.432991027832031,6.061048984527588,2.132323265075684,150690.273,2511.5045499999997,41.85840916666666,140.359,3,11,12.626363277435303,True,1.367259474804704,0.13585094162147432,30,3.87050724,4.885552406311035,-0.5550876694360098,0.68108047358477,10.0,27.27584171295166,30,1.0150451663110354,1.2361681430207798,17.27584171295166,False,True,True,True,True,0.035109009066405315,0.04800312529704692,0.08311213436345224,0.04800312529704692,4.896122972674344
294,2026-05-13T13:39:58.499Z,2026-05-13 13:39:58.499000+00:00,1,3,4.186433792114258,7.58273983,4.223146915435791,2.022603988647461,150830.692,2513.844866666667,41.89741444444444,140.419,3,11,13.828490734083253,True,0.5569420829562856,-0.25418996525768106,30,3.87050724,4.885552406311035,-0.5550876694360098,0.68108047358477,10.0,27.27584171295166,30,1.0150451663110354,1.2361681430207798,17.27584171295166,False,True,True,True,True,0.05483418238340882,0.03053946375382057,0.08537364613722939,0.03053946375382057,4.5064996282345655
295,2026-05-13T13:42:18.727Z,2026-05-13 13:42:18.727000+00:00,1,4,3.87050724,7.342101573944092,2.0451855659484863,5.228659629821777,150970.92,2516.1820000000002,41.93636666666667,140.228,3,11,14.615946769714355,True,0.27855588013199284,-0.5550876694360098,30,3.87050724,4.885552406311035,-0.5550876694360098,0.68108047358477,10.0,27.27584171295166,30,1.0150451663110354,1.2361681430207798,17.27584171295166,False,True,True,True,True,0.050233499681030795,0.013992836715759715,0.06422633639679051,0.013992836715759715,4.20737006112886
296,2026-05-13T13:44:38.791Z,2026-05-13 13:44:38.791000+00:00,1,5,4.239914894104004,9.474337577819824,6.333772659301758,4.844608306884766,151110.984,2518.5164,41.975273333333334,140.064,3,11,20.652718544006348,True,0.6685187863824509,-0.17488638390297712,30,3.87050724,4.885552406311035,-0.5550876694360098,0.68108047358477,10.0,27.27584171295166,30,1.0150451663110354,1.2361681430207798,17.27584171295166,False,True,True,True,True,0.04587453006553166,0.03066798516527448,0.07654251523080614,0.03066798516527448,4.585726863912815
297,2026-05-13T13:46:58.938Z,2026-05-13 13:46:58.938000+00:00,1,6,4.416348457336426,7.453158855438232,8.384086608886719,2.580932378768921,151251.131,2520.8521833333334,42.014203055555555,140.147,3,11,18.418177843093872,True,1.1249037852949062,0.05111537817854743,30,3.87050724,4.885552406311035,-0.5550876694360098,0.68108047358477,10.0,27.27584171295166,30,1.0150451663110354,1.2361681430207798,17.27584171295166,False,True,True,True,True,0.040466320387024,0.04552071698031974,0.08598703736734374,0.04552071698031974,4.811428327437967
298,2026-05-13T13:49:19.297Z,2026-05-13 13:49:19.297000+00:00,1,7,4.4554948806762695,5.668975830078125,7.238452434539795,3.943468570709229,151391.49,2523.1915,42.05319166666666,140.359,3,11,16.85089683532715,True,1.2768536419108425,0.10614111953964171,30,3.87050724,4.885552406311035,-0.5550876694360098,0.68108047358477,10.0,27.27584171295166,30,1.0150451663110354,1.2361681430207798,17.27584171295166,False,True,True,True,True,0.03364198288955975,0.04295588837363661,0.07659787126319637,0.04295588837363661,4.866454197289685
299,2026-05-13T13:51:39.514Z,2026-05-13 13:51:39.514000+00:00,1,8,4.545917510986328,5.075520038604736,8.446838379,3.952305793762207,151531.707,2525.52845,42.09214083333333,140.217,3,11,17.474664211366942,True,1.664231116171899,0.22121363776499126,30,3.87050724,4.885552406311035,-0.5550876694360098,0.68108047358477,10.0,27.27584171295166,30,1.0150451663110354,1.2361681430207798,17.27584171295166,False,True,True,True,True,0.029045021851139236,0.048337629134558656,0.0773826509856979,0.048337629134558656,4.9814634605464265
300,2026-05-13T13:53:59.685Z,2026-05-13 13:53:59.685000+00:00,1,9,4.209038734436035,9.767338752746582,5.951909065246582,1.9870312213897705,151671.878,2527.864633333333,42.13107722222222,140.171,3,11,17.706279039382935,True,0.6093685512415448,-0.21511996293692676,30,3.87050724,4.885552406311035,-0.5550876694360098,0.68108047358477,10.0,27.27584171295166,30,1.0150451663110354,1.2361681430207798,17.27584171295166,False,True,True,True,True,0.05516313580635277,0.033614680148257775,0.08877781595461054,0.033614680148257775,4.545472097413006
301,2026-05-13T13:56:20.048Z,2026-05-13 13:56:20.048000+00:00,1,10,4.072303771972656,2.596588134765625,1.709921956062317,9.487032890319824,151812.241,2530.204016666667,42.17006694444445,140.363,3,11,13.793542981147766,True,0.6585264459804901,-0.18142677937680565,30,3.87050724,4.885552406311035,-0.5550876694360098,0.68108047358477,10.0,27.27584171295166,30,1.0150451663110354,1.2361681430207798,17.27584171295166,False,True,True,True,True,0.01882466410779663,0.01239653915168381,0.03122120325948044,0.01239653915168381,4.580100584702026
302,2026-05-13T13:58:40.429Z,2026-05-13 13:58:40.429000+00:00,1,11,4.324824333190918,8.935621262,7.854085445404053,4.446170330047607,151952.622,2532.5437,42.20906166666667,140.381,3,11,21.235877037451658,True,0.8789635566588602,-0.056029131149282575,30,3.87050724,4.885552406311035,-0.5550876694360098,0.68108047358477,10.0,27.27584171295166,30,1.0150451663110354,1.2361681430207798,17.27584171295166,False,True,True,True,True,0.04207794783441772,0.03698498268544578,0.0790629305198635,0.03698498268544578,4.704406625852941
303,2026-05-13T14:01:00.729Z,2026-05-13 14:01:00.729000+00:00,1,12,3.979675293,8.412832260131836,3.176182270050049,1.7354533672332764,152092.922,2534.8820333333333,42.24803388888889,140.3,3,11,13.324467897415161,True,0.3775401876371508,-0.4230368126702707,30,3.87050724,4.885552406311035,-0.5550876694360098,0.68108047358477,10.0,27.27584171295166,30,1.0150451663110354,1.2361681430207798,17.27584171295166,False,True,True,True,True,0.06313822304126575,0.023837216574075747,0.08697543961534149,0.023837216574075747,4.3381146671545325
304,2026-05-13T14:03:20.989Z,2026-05-13 14:03:20.989000+00:00,1,13,4.885552406311035,1.8670899868011477,8.915605545043945,9.862728118896484,152233.182,2537.2197,42.286995000000005,140.26,3,11,20.645423650741577,True,4.775134357781488,0.6789855958196993,30,3.87050724,4.885552406311035,-0.5550876694360098,0.68108047358477,10.0,27.27584171295166,30,1.0150451663110354,1.2361681430207798,17.27584171295166,False,True,True,True,True,0.009043602196722577,0.04318441556767812,0.0522280177644007,0.04318441556767812,5.43919673304763
305,2026-05-13T14:05:41.347Z,2026-05-13 14:05:41.347000+00:00,1,14,4.538198471069336,5.549419403076172,8.299148559570312,6.118420600891113,152373.54,2539.559,42.32598333333333,140.358,3,11,19.966988563537598,True,1.495498529984939,0.17478599047349339,30,3.87050724,4.885552406311035,-0.5550876694360098,0.68108047358477,10.0,27.27584171295166,30,1.0150451663110354,1.2361681430207798,17.27584171295166,False,True,True,True,True,0.027792971310707102,0.04156434773907605,0.06935731904978315,0.04156434773907605,4.935088771365873
306,2026-05-13T14:08:01.868Z,2026-05-13 14:08:01.868000+00:00,1,15,4.781897545,2.8602161407470703,8.312158584594727,1.0527150630950928,152514.061,2541.9010166666662,42.365016944444434,140.521,3,11,12.22508978843689,True,2.9061295285270448,0.463314967247238,30,3.87050724,4.885552406311035,-0.5550876694360098,0.68108047358477,10.0,27.27584171295166,30,1.0150451663110354,1.2361681430207798,17.27584171295166,False,True,True,True,True,0.023396279211400216,0.0679926178739136,0.09138889708531381,0.0679926178739136,5.2234640816762115
307,2026-05-13T14:10:22.260Z,2026-05-13 14:10:22.260000+00:00,1,16,4.388781547546387,8.928237915039062,9.144607543945312,9.202996253967283,152654.453,2544.2408833333334,42.40401472222222,140.392,3,11,27.27584171295166,True,1.024234303673941,0.010399317140652656,30,3.87050724,4.885552406311035,-0.5550876694360098,0.68108047358477,10.0,27.27584171295166,30,1.0150451663110354,1.2361681430207798,17.27584171295166,False,True,True,True,True,0.03273313435749841,0.03352639907571794,0.06625953343321635,0.03352639907571794,4.77084374572494
308,2026-05-13T14:12:42.655Z,2026-05-13 14:12:42.655000+00:00,1,17,4.8761796951293945,1.8514130115509035,8.883493423461914,9.643140793,152794.848,2546.5808,42.44301333333333,140.395,3,11,20.378047228012818,True,4.798223501746016,0.68108047358477,30,3.87050724,4.885552406311035,-0.5550876694360098,0.68108047358477,10.0,27.27584171295166,30,1.0150451663110354,1.2361681430207798,17.27584171295166,False,True,True,True,True,0.009085330850572603,0.04359344800835559,0.05267877885892819,0.04359344800835559,5.441289454778044
309,2026-05-13T14:15:03.051Z,2026-05-13 14:15:03.051000+00:00,1,18,4.597744941711426,5.104634761810303,8.88956356,2.187124490737915,152935.244,2548.9207333333334,42.482012222222224,140.396,3,11,16.181322812548217,True,1.7414690716966033,0.24091576583946064,30,3.87050724,4.885552406311035,-0.5550876694360098,0.68108047358477,10.0,27.27584171295166,30,1.0150451663110354,1.2361681430207798,17.27584171295166,False,True,True,True,True,0.03154646144165534,0.05493718692211222,0.08648364836376757,0.05493718692211222,5.0011319157486565
310,2026-05-13T14:17:23.187Z,2026-05-13 14:17:23.187000+00:00,1,19,4.495744705200195,2.2735037803649902,4.164804935455322,9.593246459960938,153075.38,2551.2563333333333,42.520938888888885,140.136,3,11,16.03155517578125,True,1.8318882824935092,0.2628989847379384,30,3.87050724,4.885552406311035,-0.5550876694360098,0.68108047358477,10.0,27.27584171295166,30,1.0150451663110354,1.2361681430207798,17.27584171295166,False,True,True,True,True,0.01418143003243725,0.02597879550542334,0.04016022553786059,0.02597879550542334,5.023347638536227
311,2026-05-13T14:19:43.500Z,2026-05-13 14:19:43.500000+00:00,1,20,4.130195617675781,8.890006065368652,4.594384670257568,1.1533818244934082,153215.693,2553.594883333333,42.55991472222222,140.313,3,11,14.637772560119629,True,0.5168033223458828,-0.28667470307828585,30,3.87050724,4.885552406311035,-0.5550876694360098,0.68108047358477,10.0,27.27584171295166,30,1.0150451663110354,1.2361681430207798,17.27584171295166,False,True,True,True,True,0.06073332557160595,0.03138718443252011,0.09212051000412605,0.03138718443252011,4.474029686964904
312,2026-05-13T14:22:03.557Z,2026-05-13 14:22:03.557000+00:00,1,21,4.260867118835449,7.999597549438477,6.175517082214356,5.257735252380371,153355.75,2555.929166666667,42.598819444444445,140.057,3,11,19.432849884033203,True,0.7719784706729204,-0.1123948113201295,30,3.87050724,4.885552406311035,-0.5550876694360098,0.68108047358477,10.0,27.27584171295166,30,1.0150451663110354,1.2361681430207798,17.27584171295166,False,True,True,True,True,0.04116533394317661,0.03177875154219354,0.07294408548537015,0.03177875154219354,4.6481495819840575
313,2026-05-13T14:24:23.791Z,2026-05-13 14:24:23.791000+00:00,1,22,4.3386077880859375,6.521120548248291,6.200735569000244,7.388328552246094,153495.984,2558.2664,42.637773333333335,140.234,3,11,20.11018466949463,True,0.9508696432035582,-0.02187901736102155,30,3.87050724,4.885552406311035,-0.5550876694360098,0.68108047358477,10.0,27.27584171295166,30,1.0150451663110354,1.2361681430207798,17.27584171295166,False,True,True,True,True,0.03242695507485943,0.030833807202209393,0.06326076227706882,0.030833807202209393,4.7386225664792185
314,2026-05-13T14:26:43.941Z,2026-05-13 14:26:43.941000+00:00,1,23,4.345775604248047,7.151160717010498,7.086976528167725,3.121375084,153636.134,2560.602233333333,42.67670388888889,140.15,3,11,17.359512329178223,True,0.9910246474128181,-0.0039155442006293725,30,3.87050724,4.885552406311035,-0.5550876694360098,0.68108047358477,10.0,27.27584171295166,30,1.0150451663110354,1.2361681430207798,17.27584171295166,False,True,True,True,True,0.04119447932296279,0.040824744346393826,0.08201922366935661,0.040824744346393826,4.756455533560129
315,2026-05-13T14:29:04.254Z,2026-05-13 14:29:04.254000+00:00,1,24,4.237709999084473,9.166446685791016,6.3685736656188965,2.041278123855591,153776.447,2562.940783333333,42.71567972222222,140.313,3,11,17.576298475265503,True,0.6947701638292267,-0.15815884014225476,30,3.87050724,4.885552406311035,-0.5550876694360098,0.68108047358477,10.0,27.27584171295166,30,1.0150451663110354,1.2361681430207798,17.27584171295166,False,True,True,True,True,0.05215231579442412,0.03623387298856562,0.08838618878298973,0.03623387298856562,4.602348593378473
316,2026-05-13T14:31:24.670Z,2026-05-13 14:31:24.670000+00:00,1,25,4.157212257385254,7.9552483558654785,4.838144302368164,9.51248264312744,153916.863,2565.28105,42.75468416666667,140.416,3,11,22.305875301361084,True,0.6081701143624203,-0.215974925011327,30,3.87050724,4.885552406311035,-0.5550876694360098,0.68108047358477,10.0,27.27584171295166,30,1.0150451663110354,1.2361681430207798,17.27584171295166,False,True,True,True,True,0.03566436308096843,0.02168999977361545,0.05735436285458388,0.02168999977361545,4.54494297791704
317,2026-05-13T14:33:44.994Z,2026-05-13 14:33:44.994000+00:00,1,26,4.582306861877441,2.3128554821014404,4.951000690460205,3.557969570159912,154057.187,2567.6197833333335,42.79366305555556,140.324,3,11,10.821825742721558,True,2.140644207463308,0.3305444900054081,30,3.87050724,4.885552406311035,-0.5550876694360098,0.68108047358477,10.0,27.27584171295166,30,1.0150451663110354,1.2361681430207798,17.27584171295166,False,True,True,True,True,0.021372137540257467,0.04575014242666126,0.06712227996691873,0.04575014242666126,5.090786376379755
318,2026-05-13T14:36:05.537Z,2026-05-13 14:36:05.537000+00:00,1,27,4.212899208068848,4.797491073608398,3.7779135704040527,6.544902801513672,154197.73,2569.9621666666667,42.832702777777776,140.543,3,11,15.120307445526123,True,0.7874769358481625,-0.10376215725970578,30,3.87050724,4.885552406311035,-0.5550876694360098,0.68108047358477,10.0,27.27584171295166,30,1.0150451663110354,1.2361681430207798,17.27584171295166,False,True,True,True,True,0.031728793153792026,0.0249856928109083,0.05671448596470033,0.0249856928109083,4.656922326392705
319,2026-05-13T14:38:25.717Z,2026-05-13 14:38:25.717000+00:00,1,28,4.066789627075195,9.821391105651855,4.327126979827881,1.0353699922561646,154337.91,2572.2985,42.87164166666666,140.18,3,11,15.1838880777359,True,0.4405818822689767,-0.3559733659968483,30,3.87050724,4.885552406311035,-0.5550876694360098,0.68108047358477,10.0,27.27584171295166,30,1.0150451663110354,1.2361681430207798,17.27584171295166,False,True,True,True,True,0.06468297879548347,0.028498148548478416,0.09318112734396189,0.028498148548478416,4.404890495947181
320,2026-05-13T14:40:46.005Z,2026-05-13 14:40:46.005000+00:00,1,29,4.352391242980957,6.460755348205566,6.009022235870361,3.9218573570251465,154478.198,2574.6366333333335,42.91061055555556,140.288,3,11,16.391634941101074,True,0.9300804491133268,-0.03147948467734769,30,3.87050724,4.885552406311035,-0.5550876694360098,0.68108047358477,10.0,27.27584171295166,30,1.0150451663110354,1.2361681430207798,17.27584171295166,False,True,True,True,True,0.03941495385555224,0.036659077983753084,0.07607403183930533,0.036659077983753084,4.728947301861459
321,2026-05-13T14:43:06.264Z,2026-05-13 14:43:06.264000+00:00,2,0,4.897130966186523,1.188876390457153,6.513851165771484,4.299782752990723,154618.457,2576.9742833333335,42.94957138888889,140.259,3,12,12.00251030921936,True,5.478997831950169,0.7387011285835938,30,3.622948647,5.036071777,-0.7676247208852093,0.9143276514098495,7.28399658203125,27.120080947875977,30,1.4131231300000002,1.6819523722950587,19.836084365844727,False,True,True,True,True,0.009905231154385713,0.054270740019844596,0.06417597117423031,0.054270740019844596,5.498865378058773
322,2026-05-13T14:45:26.686Z,2026-05-13 14:45:26.686000+00:00,2,1,4.239914894104004,8.400867462158203,5.926684856414795,8.766579627990723,154758.879,2579.31465,42.9885775,140.422,3,12,23.09413194656372,True,0.705484866070273,-0.1515122982139088,30,3.622948647,5.036071777,-0.7676247208852093,0.9143276514098495,7.28399658203125,27.120080947875977,30,1.4131231300000002,1.6819523722950587,19.836084365844727,False,True,True,True,True,0.03637663230467602,0.025663163569551933,0.06203979587422795,0.025663163569551933,4.609197371464946
323,2026-05-13T14:47:47.070Z,2026-05-13 14:47:47.070000+00:00,2,2,4.352943420410156,6.004016876220703,5.448150634765625,3.9401121139526367,154899.263,2581.6543833333335,43.02757305555556,140.384,3,12,15.392279624938965,True,0.907417608425349,-0.04219279751019798,30,3.622948647,5.036071777,-0.7676247208852093,0.9143276514098495,7.28399658203125,27.120080947875977,30,1.4131231300000002,1.6819523722950587,19.836084365844727,False,True,True,True,True,0.0390066775196368,0.03539534602748765,0.07440202354712445,0.03539534602748765,4.718254922225119
324,2026-05-13T14:50:07.564Z,2026-05-13 14:50:07.564000+00:00,2,3,4.060725212097168,2.151942014694214,1.4495530128479004,4.8586626052856445,155039.757,2583.99595,43.06659916666667,140.494,3,12,8.460157632827759,True,0.6736022638852928,-0.17159646190146197,30,3.622948647,5.036071777,-0.7676247208852093,0.9143276514098495,7.28399658203125,27.120080947875977,30,1.4131231300000002,1.6819523722950587,19.836084365844727,False,True,True,True,True,0.025436192894847276,0.017133877118592124,0.042570070013439404,0.017133877118592124,4.589494911177666
325,2026-05-13T14:52:27.857Z,2026-05-13 14:52:27.857000+00:00,2,4,4.469278335571289,7.0223822593688965,8.924671173095703,1.012295484542847,155180.05,2586.3341666666665,43.10556944444444,140.293,3,12,16.959348917007446,True,1.2708893995607933,0.1041077572806406,30,3.622948647,5.036071777,-0.7676247208852093,0.9143276514098495,7.28399658203125,27.120080947875977,30,1.4131231300000002,1.6819523722950587,19.836084365844727,False,True,True,True,True,0.041407145367040585,0.05262390211304469,0.09403104748008528,0.05262390211304469,4.864363874750051
326,2026-05-13T14:54:47.891Z,2026-05-13 14:54:47.891000+00:00,2,5,5.036071777,1.2410881519317627,9.475845336914062,4.738319396972656,155320.084,2588.6680666666666,43.14446777777778,140.034,3,12,15.455252885818481,True,7.635110626239434,0.8828153339945719,30,3.622948647,5.036071777,-0.7676247208852093,0.9143276514098495,7.28399658203125,27.120080947875977,30,1.4131231300000002,1.6819523722950587,19.836084365844727,False,True,True,True,True,0.008030202812602099,0.061311486825356074,0.06934168963795817,0.061311486825356074,5.6429542390242045
327,2026-05-13T14:57:07.890Z,2026-05-13 14:57:07.890000+00:00,2,6,4.456046104431152,1.400801658630371,2.6680917739868164,3.2151031494140625,155460.083,2591.0013833333337,43.183356388888896,139.999,3,12,7.28399658203125,True,1.9046891881863801,0.2798241165636259,30,3.622948647,5.036071777,-0.7676247208852093,0.9143276514098495,7.28399658203125,27.120080947875977,30,1.4131231300000002,1.6819523722950587,19.836084365844727,False,True,True,True,True,0.01923122344793491,0.03662950337687802,0.05586072682481293,0.03662950337687802,5.040138103474912
328,2026-05-13T14:59:28.022Z,2026-05-13 14:59:28.022000+00:00,2,7,3.840182304382324,7.569385528564453,2.0904858112335205,6.042367935180664,155600.215,2593.3369166666666,43.22228194444445,140.132,3,12,15.702239274978638,True,0.2761764218964263,-0.5588134013452515,30,3.622948647,5.036071777,-0.7676247208852093,0.9143276514098495,7.28399658203125,27.120080947875977,30,1.4131231300000002,1.6819523722950587,19.836084365844727,False,True,True,True,True,0.048205771138809445,0.01331329738787441,0.06151906852668385,0.01331329738787441,4.203786073959155
329,2026-05-13T15:01:48.086Z,2026-05-13 15:01:48.086000+00:00,2,8,4.6109771728515625,5.438202857971191,9.956950187683104,1.379495620727539,155740.279,2595.671316666667,43.261188611111116,140.064,3,12,16.774648666381836,True,1.830926585073677,0.26267093068257824,30,3.622948647,5.036071777,-0.7676247208852093,0.9143276514098495,7.28399658203125,27.120080947875977,30,1.4131231300000002,1.6819523722950587,19.836084365844727,False,True,True,True,True,0.032419175901251054,0.05935713102378044,0.0917763069250315,0.05935713102378044,5.022867426440579
330,2026-05-13T15:04:08.380Z,2026-05-13 15:04:08.380000+00:00,2,9,4.373343467712402,6.662702083587647,6.716535568237305,8.868682861328125,155880.573,2598.00955,43.30015916666667,140.294,3,12,22.247920513153076,True,1.0080798276696576,0.0034949243155866414,30,3.622948647,5.036071777,-0.7676247208852093,0.9143276514098495,7.28399658203125,27.120080947875977,30,1.4131231300000002,1.6819523722950587,19.836084365844727,False,True,True,True,True,0.029947527363955777,0.030189498224188895,0.06013702558814467,0.030189498224188895,4.763992321653267
331,2026-05-13T15:06:28.766Z,2026-05-13 15:06:28.766000+00:00,2,10,4.377754211425781,7.857167243957519,8.013490676879883,6.517296314239502,156020.959,2600.3493166666667,43.33915527777778,140.386,3,12,22.387954235076904,True,1.019895647893022,0.008555738563266531,30,3.622948647,5.036071777,-0.7676247208852093,0.9143276514098495,7.28399658203125,27.120080947875977,30,1.4131231300000002,1.6819523722950587,19.836084365844727,False,True,True,True,True,0.03509551235211612,0.035793760308499026,0.07088927266061515,0.035793760308499026,4.768972915296212
332,2026-05-13T15:08:49.048Z,2026-05-13 15:08:49.048000+00:00,2,11,4.682653427124023,3.221418857574463,8.051958084106445,8.465297699,156161.241,2602.68735,43.3781225,140.282,3,12,19.73867464068091,True,2.499506720516652,0.39785430879389955,30,3.622948647,5.036071777,-0.7676247208852093,0.9143276514098495,7.28399658203125,27.120080947875977,30,1.4131231300000002,1.6819523722950587,19.836084365844727,False,True,True,True,True,0.0163203402265682,0.04079280007742548,0.057113140303993684,0.04079280007742548,5.158113165691494
333,2026-05-13T15:11:09.253Z,2026-05-13 15:11:09.253000+00:00,2,12,4.331991195678711,6.122631072998047,5.759654998779297,8.033277512,156301.446,2605.0241,43.41706833333333,140.205,3,12,19.91556358377734,True,0.94071567110755,-0.026541621129901674,30,3.622948647,5.036071777,-0.7676247208852093,0.9143276514098495,7.28399658203125,27.120080947875977,30,1.4131231300000002,1.6819523722950587,19.836084365844727,False,True,True,True,True,0.030742946576643053,0.028920371620670328,0.05966331819731338,0.028920371620670328,4.733996060724158
334,2026-05-13T15:13:29.567Z,2026-05-13 15:13:29.567000+00:00,2,13,4.151146889,5.147984027862549,3.055848836898804,1.5005385875701904,156441.76,2607.362666666667,43.45604444444445,140.314,3,12,9.704371452331543,True,0.5936010718680488,-0.22650532352087802,30,3.622948647,5.036071777,-0.7676247208852093,0.9143276514098495,7.28399658203125,27.120080947875977,30,1.4131231300000002,1.6819523722950587,19.836084365844727,False,True,True,True,True,0.053048093358233,0.031489405078003435,0.08453749843623644,0.031489405078003435,4.534137028248879
335,2026-05-13T15:15:49.958Z,2026-05-13 15:15:49.958000+00:00,2,14,4.100973129272461,8.727850914001465,4.683068275,9.471365928649902,156582.151,2609.7025166666667,43.495041944444445,140.391,3,12,22.882285117651367,True,0.5365660253759937,-0.2703768297238146,30,3.622948647,5.036071777,-0.7676247208852093,0.9143276514098495,7.28399658203125,27.120080947875977,30,1.4131231300000002,1.6819523722950587,19.836084365844727,False,True,True,True,True,0.03814239211305348,0.020465911734433757,0.058608303847487234,0.020465911734433757,4.4906762599301455
336,2026-05-13T15:18:10.122Z,2026-05-13 15:18:10.122000+00:00,2,15,3.7635440826416016,8.904948234558105,2.065351963043213,8.631914138793945,156722.315,2612.0385833333335,43.53397638888889,140.164,3,12,19.602214336395264,True,0.23193306784513867,-0.6346373274342375,30,3.622948647,5.036071777,-0.7676247208852093,0.9143276514098495,7.28399658203125,27.120080947875977,30,1.4131231300000002,1.6819523722950587,19.836084365844727,False,True,True,True,True,0.0454282770392137,0.010536319660623706,0.0559645966998374,0.010536319660623706,4.129124386352028
337,2026-05-13T15:20:30.332Z,2026-05-13 15:20:30.332000+00:00,2,16,4.417451858520508,8.283895492553711,8.799889565,4.23688554763794,156862.525,2614.3754166666668,43.572923611111115,140.21,3,12,21.32067060519165,True,1.0622888196634193,0.02624261065593923,30,3.622948647,5.036071777,-0.7676247208852093,0.9143276514098495,7.28399658203125,27.120080947875977,30,1.4131231300000002,1.6819523722950587,19.836084365844727,False,True,True,True,True,0.03885382240526973,0.04127398114230609,0.08012780354757582,0.04127398114230609,4.78659730071881
338,2026-05-13T15:22:50.714Z,2026-05-13 15:22:50.714000+00:00,2,17,5.0222883224487305,1.0920008420944214,8.965006828308105,9.697868347167969,157002.907,2616.7151166666667,43.611918611111115,140.382,3,12,19.754876017570496,True,8.209706881831263,0.9143276514098495,30,3.622948647,5.036071777,-0.7676247208852093,0.9143276514098495,7.28399658203125,27.120080947875977,30,1.4131231300000002,1.6819523722950587,19.836084365844727,False,True,True,True,True,0.005527753457542167,0.04538123560145049,0.05090898905899266,0.04538123560145049,5.674513749416784
339,2026-05-13T15:25:10.890Z,2026-05-13 15:25:10.890000+00:00,2,18,4.081125259399414,4.365048885345459,2.281461715698242,6.423364639282227,157143.083,2619.0513833333334,43.65085638888889,140.176,3,12,13.069875240325928,True,0.5226657880872009,-0.2817759264016024,30,3.622948647,5.036071777,-0.7676247208852093,0.9143276514098495,7.28399658203125,27.120080947875977,30,1.4131231300000002,1.6819523722950587,19.836084365844727,False,True,True,True,True,0.03339778540408322,0.017455879828592372,0.05085366523267559,0.017455879828592372,4.479479430605197
340,2026-05-13T15:27:31.203Z,2026-05-13 15:27:31.203000+00:00,2,19,4.591128349304199,4.9071245193481445,9.37217140197754,7.457568168640137,157283.396,2621.3899333333334,43.68983222222222,140.313,3,12,21.73686408996582,True,1.9099110619720991,0.2810131441094769,30,3.622948647,5.036071777,-0.7676247208852093,0.9143276514098495,7.28399658203125,27.120080947875977,30,1.4131231300000002,1.6819523722950587,19.836084365844727,False,True,True,True,True,0.022575126287942213,0.043116483422757965,0.06569160971070018,0.043116483422757965,5.041279664365685
341,2026-05-13T15:29:51.452Z,2026-05-13 15:29:51.452000+00:00,2,20,4.526619911193848,6.487237453460693,9.469579696655272,6.0930585861206055,157423.645,2623.7274166666666,43.728790277777776,140.249,3,12,22.049875736236572,True,1.4597245383092325,0.16427090867534422,30,3.622948647,5.036071777,-0.7676247208852093,0.9143276514098495,7.28399658203125,27.120080947875977,30,1.4131231300000002,1.6819523722950587,19.836084365844727,False,True,True,True,True,0.029420743822150545,0.04294618169250291,0.07236692551465346,0.04294618169250291,4.924566828184168
342,2026-05-13T15:32:11.846Z,2026-05-13 15:32:11.846000+00:00,2,21,3.622948647,8.434318542480469,1.4402081966400146,3.873974561691284,157564.039,2626.0673166666666,43.76778861111111,140.394,3,12,13.748501300811768,True,0.17075572725718519,-0.7676247208852093,30,3.622948647,5.036071777,-0.7676247208852093,0.9143276514098495,7.28399658203125,27.120080947875977,30,1.4131231300000002,1.6819523722950587,19.836084365844727,False,True,True,True,True,0.06134718510724127,0.010475383208168142,0.07182256831540941,0.010475383208168142,3.997240668486794
343,2026-05-13T15:34:32.341Z,2026-05-13 15:34:32.341000+00:00,2,22,4.522760391235352,6.721276760101318,9.610162734985352,3.994364261627197,157704.534,2628.4089000000004,43.80681500000001,140.495,3,12,20.325803756713867,True,1.4298120845183713,0.1552789633256141,30,3.622948647,5.036071777,-0.7676247208852093,0.9143276514098495,7.28399658203125,27.120080947875977,30,1.4131231300000002,1.6819523722950587,19.836084365844727,False,True,True,True,True,0.03306770467997457,0.04728060375871235,0.08034830843868693,0.04728060375871235,4.915550053073238
344,2026-05-13T15:36:52.727Z,2026-05-13 15:36:52.727000+00:00,2,23,4.449981689453125,6.724656105041504,8.683657646,9.300100326538086,157844.92,2630.748666666667,43.84581111111111,140.386,3,12,24.70841407757959,True,1.2913162413598853,0.1110326133421504,30,3.622948647,5.036071777,-0.7676247208852093,0.9143276514098495,7.28399658203125,27.120080947875977,30,1.4131231300000002,1.6819523722950587,19.836084365844727,False,True,True,True,True,0.02721605718573195,0.03514453666971507,0.062360593855447025,0.03514453666971507,4.871413340807594
345,2026-05-13T15:39:12.631Z,2026-05-13 15:39:12.631000+00:00,2,24,4.282369613647461,3.1048383712768555,2.873502731323242,3.1825568675994877,157984.824,2633.0804,43.88467333333333,139.904,3,12,9.160897970199585,True,0.9254918896604344,-0.03362738273620187,30,3.622948647,5.036071777,-0.7676247208852093,0.9143276514098495,7.28399658203125,27.120080947875977,30,1.4131231300000002,1.6819523722950587,19.836084365844727,False,True,True,True,True,0.033892292888501756,0.031367042190304395,0.06525933507880616,0.031367042190304395,4.726872611992065
346,2026-05-13T15:41:32.916Z,2026-05-13 15:41:32.916000+00:00,2,25,4.37279224395752,9.666420936584473,9.229816436767578,8.223843574523926,158125.109,2635.4184833333334,43.92364138888889,140.285,3,12,27.120080947875977,True,0.9548328690958947,-0.02007263928690966,30,3.622948647,5.036071777,-0.7676247208852093,0.9143276514098495,7.28399658203125,27.120080947875977,30,1.4131231300000002,1.6819523722950587,19.836084365844727,False,True,True,True,True,0.03564303865892974,0.03403314486600177,0.06967618352493152,0.03403314486600177,4.740380876785293
347,2026-05-13T15:43:53.271Z,2026-05-13 15:43:53.271000+00:00,2,26,4.505117416381836,5.010132789611816,7.332557201385498,8.921291351,158265.464,2637.7577333333334,43.96262888888889,140.355,3,12,21.263981341997315,True,1.4635454805886736,0.1654062229514227,30,3.622948647,5.036071777,-0.7676247208852093,0.9143276514098495,7.28399658203125,27.120080947875977,30,1.4131231300000002,1.6819523722950587,19.836084365844727,False,True,True,True,True,0.02356159323614802,0.0344834632962331,0.05804505653238112,0.0344834632962331,4.925774319404853
348,2026-05-13T15:46:13.696Z,2026-05-13 15:46:13.696000+00:00,2,27,3.952108383178711,6.222025394439697,2.304558277130127,5.230282306671143,158405.889,2640.09815,44.00163583333333,140.425,3,12,13.756865978240967,True,0.3703871538662622,-0.4313440843598206,30,3.622948647,5.036071777,-0.7676247208852093,0.9143276514098495,7.28399658203125,27.120080947875977,30,1.4131231300000002,1.6819523722950587,19.836084365844727,False,True,True,True,True,0.045228509198831944,0.016752058795769423,0.06198056799460137,0.016752058795769423,4.33031497405125
349,2026-05-13T15:48:34.098Z,2026-05-13 15:48:34.098000+00:00,2,28,4.705258369445801,3.712399482727051,9.140630722045898,3.786210060119629,158546.291,2642.438183333333,44.040636388888885,140.402,3,12,16.639240264892578,True,2.462189418077222,0.39132146048048977,30,3.622948647,5.036071777,-0.7676247208852093,0.9143276514098495,7.28399658203125,27.120080947875977,30,1.4131231300000002,1.6819523722950587,19.836084365844727,False,True,True,True,True,0.022311111707184778,0.054934183150969186,0.07724529485815396,0.054934183150969186,5.151514537824702
350,2026-05-13T15:50:53.958Z,2026-05-13 15:50:53.958000+00:00,2,29,4.612079620361328,1.240022063,3.9018144607543945,9.68601417541504,158686.151,2644.7691833333333,44.07948638888889,139.86,3,12,14.827850699169435,True,3.1465685790418023,0.49783720157686623,30,3.622948647,5.036071777,-0.7676247208852093,0.9143276514098495,7.28399658203125,27.120080947875977,30,1.4131231300000002,1.6819523722950587,19.836084365844727,False,True,True,True,True,0.008362790320443802,0.026314093255423394,0.03467688357586719,0.026314093255423394,5.258214815720338
351,2026-05-13T15:53:14.452Z,2026-05-13 15:53:14.452000+00:00,3,0,4.524414063,6.677691459655762,9.580991744995115,4.000587463378906,158826.645,2647.11075,44.118512499999994,140.494,3,13,20.259270668029785,True,1.4347760454163032,0.15678411721611127,30,3.708959579467773,4.955574035644531,-0.7158368783526745,0.7674244728697998,9.127379655838013,27.778563499450684,30,1.2466144561767583,1.4832613512224744,18.65118384361267,False,True,True,True,True,0.03296116414592119,0.047291888745602445,0.08025305289152364,0.047291888745602445,4.917054756898399
352,2026-05-13T15:55:34.556Z,2026-05-13 15:55:34.556000+00:00,3,1,3.740939140319824,7.414548397064209,1.626594305038452,4.342222690582275,158966.749,2649.445816666667,44.15743027777778,140.104,3,13,13.383365392684937,True,0.21937874270029745,-0.6588054568671551,30,3.708959579467773,4.955574035644531,-0.7158368783526745,0.7674244728697998,9.127379655838013,27.778563499450684,30,1.2466144561767583,1.4832613512224744,18.65118384361267,False,True,True,True,True,0.05540122517402718,0.012153851122734151,0.06755507629676133,0.012153851122734151,4.104610444656122
353,2026-05-13T15:57:54.704Z,2026-05-13 15:57:54.704000+00:00,3,2,4.393192291259766,9.811089515686035,9.827285766601562,8.140188217163086,159106.897,2651.7816166666667,44.19636027777778,140.148,3,13,27.778563499450684,True,1.0016508106352136,0.0007163468355998738,30,3.708959579467773,4.955574035644531,-0.7158368783526745,0.7674244728697998,9.127379655838013,27.778563499450684,30,1.2466144561767583,1.4832613512224744,18.65118384361267,False,True,True,True,True,0.0353189232261058,0.03537722808019175,0.07069615130629756,0.03537722808019175,4.76114223183172
354,2026-05-13T16:00:15.261Z,2026-05-13 16:00:15.261000+00:00,3,3,4.468727111816406,7.396331310272217,9.313321113586426,7.598237514,159247.454,2654.1242333333334,44.23540388888889,140.557,3,13,24.307889937858643,True,1.2591811700825035,0.1000882205816917,30,3.708959579467773,4.955574035644531,-0.7158368783526745,0.7674244728697998,9.127379655838013,27.778563499450684,30,1.2466144561767583,1.4832613512224744,18.65118384361267,False,True,True,True,True,0.030427697875794243,0.0383139842141595,0.06874168208995374,0.0383139842141595,4.860441356725848
355,2026-05-13T16:02:35.448Z,2026-05-13 16:02:35.448000+00:00,3,4,4.5437116622924805,5.517484664916992,8.929527282714844,6.184117317199707,159387.641,2656.4606833333332,44.27434472222222,140.187,3,13,20.631129264831543,True,1.6184054555680734,0.2090873337513274,30,3.708959579467773,4.955574035644531,-0.7158368783526745,0.7674244728697998,9.127379655838013,27.778563499450684,30,1.2466144561767583,1.4832613512224744,18.65118384361267,False,True,True,True,True,0.026743493262495654,0.04328181539697098,0.07002530865946663,0.04328181539697098,4.969369264232093
356,2026-05-13T16:04:56.085Z,2026-05-13 16:04:56.085000+00:00,3,5,4.553636551,3.3866424560546875,5.991919994354248,9.409219741821287,159528.278,2658.804633333333,44.313410555555556,140.637,3,13,18.787782192230225,True,1.7692803631047052,0.24779665738775328,30,3.708959579467773,4.955574035644531,-0.7158368783526745,0.7674244728697998,9.127379655838013,27.778563499450684,30,1.2466144561767583,1.4832613512224744,18.65118384361267,False,True,True,True,True,0.01802577026603624,0.03189264136153459,0.04991841162757084,0.03189264136153459,5.008166752180125
357,2026-05-13T16:07:16.127Z,2026-05-13 16:07:16.127000+00:00,3,6,3.708959579467773,9.55878448486328,1.8389325141906736,3.785595655441284,159668.32,2661.1386666666667,44.35231111111111,140.042,3,13,15.183312654495237,True,0.19238141806656456,-0.7158368783526745,30,3.708959579467773,4.955574035644531,-0.7158368783526745,0.7674244728697998,9.127379655838013,27.778563499450684,30,1.2466144561767583,1.4832613512224744,18.65118384361267,False,True,True,True,True,0.06295585622438767,0.012111536896042455,0.07506739312043012,0.012111536896042455,4.047980170725967
358,2026-05-13T16:09:36.448Z,2026-05-13 16:09:36.448000+00:00,3,7,4.489127159118652,4.959897994995117,7.332588195800781,3.365722894668579,159808.641,2663.47735,44.39128916666667,140.321,3,13,15.658209085464478,True,1.4783747978688018,0.16978455044001753,30,3.708959579467773,4.955574035644531,-0.7158368783526745,0.7674244728697998,9.127379655838013,27.778563499450684,30,1.2466144561767583,1.4832613512224744,18.65118384361267,False,True,True,True,True,0.03167602353451387,0.046829034890124355,0.07850505842463823,0.046829034890124355,4.930054556737928
359,2026-05-13T16:11:57.010Z,2026-05-13 16:11:57.010000+00:00,3,8,4.333645820617676,9.802682876586914,8.599370002746582,9.221449851989746,159949.203,2665.8200500000003,44.43033416666667,140.562,3,13,27.623502731323242,True,0.8772465773921577,-0.05687831752418264,30,3.708959579467773,4.955574035644531,-0.7158368783526745,0.7674244728697998,9.127379655838013,27.778563499450684,30,1.2466144561767583,1.4832613512224744,18.65118384361267,False,True,True,True,True,0.035486748266255586,0.031130628459349798,0.06661737672560539,0.031130628459349798,4.703639825473038
360,2026-05-13T16:14:17.916Z,2026-05-13 16:14:17.916000+00:00,3,9,4.630274772644043,5.065757751464844,9.655864715576172,1.288937211036682,160090.109,2668.1684833333334,44.46947472222222,140.906,3,13,16.010559678077698,True,1.906104711142973,0.28014675476110884,30,3.708959579467773,4.955574035644531,-0.7158368783526745,0.7674244728697998,9.127379655838013,27.778563499450684,30,1.2466144561767583,1.4832613512224744,18.65118384361267,False,True,True,True,True,0.03164010411454313,0.06030935151378481,0.09194945562832793,0.06030935151378481,5.0403374548563065
361,2026-05-13T16:16:38.863Z,2026-05-13 16:16:38.863000+00:00,3,10,4.955574035644531,1.3807687759399414,8.082494735717773,3.0977044105529785,160231.056,2670.5176,44.50862666666667,140.947,3,13,12.560967922210693,True,5.853619285543095,0.7674244728697998,30,3.708959579467773,4.955574035644531,-0.7158368783526745,0.7674244728697998,9.127379655838013,27.778563499450684,30,1.2466144561767583,1.4832613512224744,18.65118384361267,False,True,True,True,True,0.010992534846764662,0.06434611397602613,0.07533864882279079,0.06434611397602613,5.527561630753009
362,2026-05-13T16:18:59.309Z,2026-05-13 16:18:59.309000+00:00,3,11,4.676589012145996,3.837014675140381,9.274188995361328,8.942249298095703,160371.502,2672.858366666667,44.54763944444445,140.446,3,13,22.053452968597412,True,2.4170324537583436,0.38328248176616964,30,3.708959579467773,4.955574035644531,-0.7158368783526745,0.7674244728697998,9.127379655838013,27.778563499450684,30,1.2466144561767583,1.4832613512224744,18.65118384361267,False,True,True,True,True,0.017398702509779415,0.042053228619423594,0.05945193112920301,0.042053228619423594,5.143536033404474
363,2026-05-13T16:21:20.182Z,2026-05-13 16:21:20.182000+00:00,3,12,4.092702865600586,8.061115264892578,4.100265502929688,3.9817376136779785,160512.375,2675.20625,44.58677083333334,140.873,3,13,16.143118381500244,True,0.5086474226199181,-0.29358315178509264,30,3.708959579467773,4.955574035644531,-0.7158368783526745,0.7674244728697998,9.127379655838013,27.778563499450684,30,1.2466144561767583,1.4832613512224744,18.65118384361267,False,True,True,True,True,0.049935304161124704,0.025399463759297754,0.07533476792042246,0.025399463759297754,4.467296082560684
364,2026-05-13T16:23:40.793Z,2026-05-13 16:23:40.793000+00:00,3,13,4.028745651245117,5.389552593231201,2.6211366653442383,6.837344169616699,160652.986,2677.5497666666665,44.62582944444444,140.611,3,13,14.848033428192139,True,0.48633659659173806,-0.31306304875418167,30,3.708959579467773,4.955574035644531,-0.7158368783526745,0.7674244728697998,9.127379655838013,27.778563499450684,30,1.2466144561767583,1.4832613512224744,18.65118384361267,False,True,True,True,True,0.03629809037874331,0.017653089737577336,0.05395118011632065,0.017653089737577336,4.448238963680629
365,2026-05-13T16:26:01.190Z,2026-05-13 16:26:01.190000+00:00,3,14,4.3634185791015625,7.284557819366455,7.186082363128662,1.7513232231140137,160793.383,2679.8897166666666,44.66482861111111,140.397,3,13,16.22196340560913,True,0.9864816151261797,-0.005911004201605032,30,3.708959579467773,4.955574035644531,-0.7158368783526745,0.7674244728697998,9.127379655838013,27.778563499450684,30,1.2466144561767583,1.4832613512224744,18.65118384361267,False,True,True,True,True,0.044905524918442644,0.04429847474963421,0.08920399966807685,0.04429847474963421,4.7544317902178586
366,2026-05-13T16:28:21.855Z,2026-05-13 16:28:21.855000+00:00,3,15,4.347980499267578,6.09321928,5.743249893188477,2.233166456222534,160934.048,2682.2341333333334,44.703902222222226,140.665,3,13,14.06963562941101,True,0.9425641240320629,-0.02568909442087909,30,3.708959579467773,4.955574035644531,-0.7158368783526745,0.7674244728697998,9.127379655838013,27.778563499450684,30,1.2466144561767583,1.4832613512224744,18.65118384361267,False,True,True,True,True,0.043307584080306966,0.04082017505259945,0.08412775913290642,0.04082017505259945,4.734691598499139
367,2026-05-13T16:30:42.492Z,2026-05-13 16:30:42.492000+00:00,3,16,4.836481094360352,2.042135000228882,7.6403069496154785,3.707382678985596,161074.685,2684.5780833333333,44.74296805555556,140.637,3,13,13.389824628829956,True,3.741332942611118,0.5730263579455508,30,3.708959579467773,4.955574035644531,-0.7158368783526745,0.7674244728697998,9.127379655838013,27.778563499450684,30,1.2466144561767583,1.4832613512224744,18.65118384361267,False,True,True,True,True,0.015251394673474,0.057060545312632015,0.07231193998610602,0.057060545312632015,5.3331938557593315
368,2026-05-13T16:33:02.680Z,2026-05-13 16:33:02.680000+00:00,3,17,3.9895992279052734,7.405407428741455,3.2787628173828125,8.155632019042969,161214.873,2686.91455,44.781909166666665,140.188,3,13,18.839802265167236,True,0.44275252225251793,-0.35383895606170385,30,3.708959579467773,4.955574035644531,-0.7158368783526745,0.7674244728697998,9.127379655838013,27.778563499450684,30,1.2466144561767583,1.4832613512224744,18.65118384361267,False,True,True,True,True,0.03930724603428166,0.017403382324478488,0.056710628358760146,0.017403382324478488,4.407568714434666
369,2026-05-13T16:35:23.025Z,2026-05-13 16:35:23.025000+00:00,3,18,4.706361770629883,2.409048318862915,6.658300399780273,6.761423587799072,161355.218,2689.2536333333333,44.82089388888889,140.345,3,13,15.82877230644226,True,2.763871669839744,0.4415178743120303,30,3.708959579467773,4.955574035644531,-0.7158368783526745,0.7674244728697998,9.127379655838013,27.778563499450684,30,1.2466144561767583,1.4832613512224744,18.65118384361267,False,True,True,True,True,0.015219426195690743,0.04206454089348652,0.05728396708917726,0.04206454089348652,5.201762041780248
370,2026-05-13T16:37:43.378Z,2026-05-13 16:37:43.378000+00:00,3,19,4.479754447937012,6.665757179260254,8.770471572875977,9.001437187194824,161495.571,2691.59285,44.859880833333335,140.353,3,13,24.437665939331055,True,1.3157502346716592,0.11917345614825303,30,3.708959579467773,4.955574035644531,-0.7158368783526745,0.7674244728697998,9.127379655838013,27.778563499450684,30,1.2466144561767583,1.4832613512224744,18.65118384361267,False,True,True,True,True,0.027276570503126863,0.03588915404052723,0.06316572454365409,0.03588915404052723,4.879543244272771
371,2026-05-13T16:40:03.657Z,2026-05-13 16:40:03.657000+00:00,3,20,4.462662696838379,3.754547595977783,5.3496503829956055,1.5680594444274902,161635.85,2693.9308333333333,44.89884722222222,140.279,3,13,10.672257423400879,True,1.4248455363108576,0.15376778619446094,30,3.708959579467773,4.955574035644531,-0.7158368783526745,0.7674244728697998,9.127379655838013,27.778563499450684,30,1.2466144561767583,1.4832613512224744,18.65118384361267,False,True,True,True,True,0.03518044446477884,0.05012669926107215,0.08530714372585099,0.05012669926107215,4.9140238583050335
372,2026-05-13T16:42:24.005Z,2026-05-13 16:42:24.005000+00:00,3,21,4.449430465698242,9.009311676,9.840830803,2.752934694290161,161776.198,2696.2699666666667,44.93783277777778,140.348,3,13,21.60307717329016,True,1.092295522333309,0.03834015334607029,30,3.708959579467773,4.955574035644531,-0.7158368783526745,0.7674244728697998,9.127379655838013,27.778563499450684,30,1.2466144561767583,1.4832613512224744,18.65118384361267,False,True,True,True,True,0.0417038350774353,0.04555291231920937,0.08725674739664467,0.04555291231920937,4.798657272767964
373,2026-05-13T16:44:44.387Z,2026-05-13 16:44:44.387000+00:00,3,22,4.2630720138549805,8.404096603393555,6.410407066345215,2.109581470489502,161916.58,2698.6096666666663,44.97682777777777,140.382,3,13,16.92408514022827,True,0.7627717015719104,-0.1176054274235366,30,3.708959579467773,4.955574035644531,-0.7158368783526745,0.7674244728697998,9.127379655838013,27.778563499450684,30,1.2466144561767583,1.4832613512224744,18.65118384361267,False,True,True,True,True,0.049657612413076056,0.037877421516320446,0.0875350339293965,0.037877421516320446,4.642854517849773
374,2026-05-13T16:47:04.908Z,2026-05-13 16:47:04.908000+00:00,3,23,4.408630371,5.933389186859131,6.872577667236328,3.266444683074951,162057.101,2700.951683333333,45.01586138888889,140.521,3,13,16.07241153717041,True,1.1582887032688245,0.06381682071223656,30,3.708959579467773,4.955574035644531,-0.7158368783526745,0.7674244728697998,9.127379655838013,27.778563499450684,30,1.2466144561767583,1.4832613512224744,18.65118384361267,False,True,True,True,True,0.03691660814643202,0.04276009017901407,0.07967669832544609,0.04276009017901407,4.824145439492888
375,2026-05-13T16:49:25.077Z,2026-05-13 16:49:25.077000+00:00,3,24,4.572381973266602,4.616175651550293,7.935174465179443,9.610655784606934,162197.27,2703.2878333333333,45.05479722222222,140.169,3,13,22.16200590133667,True,1.7189931805377683,0.23527415378961705,30,3.708959579467773,4.955574035644531,-0.7158368783526745,0.7674244728697998,9.127379655838013,27.778563499450684,30,1.2466144561767583,1.4832613512224744,18.65118384361267,False,True,True,True,True,0.020829232119606446,0.03580530796944172,0.05663454008904817,0.03580530796944172,4.9956073034446105
376,2026-05-13T16:51:45.059Z,2026-05-13 16:51:45.059000+00:00,3,25,4.402565002441406,6.2313385009765625,6.546560764312744,5.227645397186279,162337.252,2705.6208666666666,45.09368111111111,139.982,3,13,18.005544662475586,True,1.0505866056364586,0.02143185950225368,30,3.708959579467773,4.955574035644531,-0.7158368783526745,0.7674244728697998,9.127379655838013,27.778563499450684,30,1.2466144561767583,1.4832613512224744,18.65118384361267,False,True,True,True,True,0.03460788672482077,0.0363585822424805,0.07096646896730127,0.0363585822424805,4.781836629061273
377,2026-05-13T16:54:05.171Z,2026-05-13 16:54:05.171000+00:00,3,26,4.623659133911133,3.320151090621948,6.826529026031494,7.439649105072021,162477.364,2707.9560666666666,45.13260111111111,140.112,3,13,17.586329221725464,True,2.0560898705223423,0.3130420935036521,30,3.708959579467773,4.955574035644531,-0.7158368783526745,0.7674244728697998,9.127379655838013,27.778563499450684,30,1.2466144561767583,1.4832613512224744,18.65118384361267,False,True,True,True,True,0.01887915919668081,0.03881724798827414,0.05769640718495495,0.03881724798827414,5.073330886068908
378,2026-05-13T16:56:25.603Z,2026-05-13 16:56:25.603000+00:00,3,27,4.238261222839356,8.715127944946289,5.898122787475586,1.537726879119873,162617.796,2710.2966,45.17161,140.432,3,13,16.150977611541748,True,0.6767683532283398,-0.16955995779947497,30,3.708959579467773,4.955574035644531,-0.7158368783526745,0.7674244728697998,9.127379655838013,27.778563499450684,30,1.2466144561767583,1.4832613512224744,18.65118384361267,False,True,True,True,True,0.053960374130655214,0.036518673539988646,0.09047904767064385,0.036518673539988646,4.590951412063951
379,2026-05-13T16:58:46.085Z,2026-05-13 16:58:46.085000+00:00,3,28,4.535442352294922,2.852504253387451,5.100419998168945,1.1744554042816162,162758.278,2712.6379666666667,45.210632777777775,140.482,3,13,9.127379655838013,True,1.788049918632729,0.25237963922730033,30,3.708959579467773,4.955574035644531,-0.7158368783526745,0.7674244728697998,9.127379655838013,27.778563499450684,30,1.2466144561767583,1.4832613512224744,18.65118384361267,False,True,True,True,True,0.031252170512737966,0.05588044094239729,0.08713261145513526,0.05588044094239729,5.012590110338115
380,2026-05-13T17:01:06.547Z,2026-05-13 17:01:06.547000+00:00,3,29,4.3386077880859375,7.494130611419678,7.268008708953857,3.021409511566162,162898.74,2714.979,45.249649999999995,140.462,3,13,17.783548831939697,True,0.9698267999064158,-0.013305818889647457,30,3.708959579467773,4.955574035644531,-0.7158368783526745,0.7674244728697998,9.127379655838013,27.778563499450684,30,1.2466144561767583,1.4832613512224744,18.65118384361267,False,True,True,True,True,0.042140804865449764,0.040869281928139864,0.08301008679358962,0.040869281928139864,4.747068922343584
381,2026-05-13T17:03:27.121Z,2026-05-13 17:03:27.121000+00:00,4,0,4.5767927169799805,3.8935978412628174,6.928095341,4.1779890060424805,163039.314,2717.3219000000004,45.288698333333336,140.574,3,14,14.999682188305297,True,1.779355655989628,0.2502627631463855,30,3.865545272827149,5.070807456970215,-0.550814791862388,0.9038714408313984,8.919628739356995,27.516841888427734,30,1.205262184143066,1.4546862326937864,18.59721314907074,False,True,True,True,True,0.02595786892270633,0.0461882808850549,0.07214614980776124,0.0461882808850549,5.010517822126182
382,2026-05-13T17:05:47.473Z,2026-05-13 17:05:47.473000+00:00,4,1,4.201320648193359,6.918266296386719,4.3813676834106445,3.5898101329803467,163179.666,2719.6611,45.327684999999995,140.352,3,14,14.88944411277771,True,0.6333042840081121,-0.1983875741631269,30,3.865545272827149,5.070807456970215,-0.550814791862388,0.9038714408313984,8.919628739356995,27.516841888427734,30,1.205262184143066,1.4546862326937864,18.59721314907074,False,True,True,True,True,0.04646423495723157,0.029425999051574236,0.0758902340088058,0.029425999051574236,4.5622727658210875
383,2026-05-13T17:08:07.786Z,2026-05-13 17:08:07.786000+00:00,4,2,4.182023048400879,5.3710103034973145,3.775545597076416,4.444301605224609,163319.979,2721.9996499999997,45.36666083333333,140.313,3,14,13.59085750579834,True,0.7029488650613801,-0.15307626591813508,30,3.865545272827149,5.070807456970215,-0.550814791862388,0.9038714408313984,8.919628739356995,27.516841888427734,30,1.205262184143066,1.4546862326937864,18.59721314907074,False,True,True,True,True,0.03951928935466987,0.027780039599897468,0.06729932895456733,0.027780039599897468,4.607580798424084
384,2026-05-13T17:10:28.315Z,2026-05-13 17:10:28.315000+00:00,4,3,4.205731391906738,9.220062255859377,5.928615570068359,5.257707118988037,163460.508,2724.3418,45.40569666666667,140.529,3,14,20.40638494491577,True,0.6430125313200251,-0.19178056326534762,30,3.865545272827149,5.070807456970215,-0.550814791862388,0.9038714408313984,8.919628739356995,27.516841888427734,30,1.205262184143066,1.4546862326937864,18.59721314907074,False,True,True,True,True,0.04518224213033159,0.029052747882938802,0.07423499001327039,0.029052747882938802,4.568882077302621
385,2026-05-13T17:12:48.437Z,2026-05-13 17:12:48.437000+00:00,4,4,4.449430465698242,8.174140930175781,9.667536735534668,3.653695583343506,163600.63,2726.677166666667,45.44461944444445,140.122,3,14,21.495373249053955,True,1.182697584751181,0.0728737099163362,30,3.865545272827149,5.070807456970215,-0.550814791862388,0.9038714408313984,8.919628739356995,27.516841888427734,30,1.205262184143066,1.4546862326937864,18.59721314907074,False,True,True,True,True,0.03802744355944384,0.04497496565201608,0.08300240921145992,0.04497496565201608,4.833183175219586
386,2026-05-13T17:15:08.458Z,2026-05-13 17:15:08.458000+00:00,4,5,5.0564727783203125,1.198941349983215,9.586523056030272,4.771748065948486,163740.651,2729.01085,45.483514166666666,140.021,3,14,15.557212471961973,True,7.995823195325176,0.9028631823765961,30,3.865545272827149,5.070807456970215,-0.550814791862388,0.9038714408313984,8.919628739356995,27.516841888427734,30,1.205262184143066,1.4546862326937864,18.59721314907074,False,True,True,True,True,0.0077066592240995,0.0616210845825215,0.069327743806621,0.0616210845825215,5.663000752315206
387,2026-05-13T17:17:28.436Z,2026-05-13 17:17:28.436000+00:00,4,6,4.252045631408691,4.214341163635254,3.395461082458496,1.3098264932632446,163880.629,2731.3438166666665,45.522396944444445,139.978,3,14,8.919628739356995,True,0.8056920288649818,-0.09383093303843573,30,3.865545272827149,5.070807456970215,-0.550814791862388,0.9038714408313984,8.919628739356995,27.516841888427734,30,1.205262184143066,1.4546862326937864,18.59721314907074,False,True,True,True,True,0.04724794368447067,0.03806729160683958,0.08531523529131024,0.03806729160683958,4.666612910502844
388,2026-05-13T17:19:48.651Z,2026-05-13 17:19:48.651000+00:00,4,7,5.070807456970215,1.205540418624878,9.661692619,1.4911398887634275,164020.844,2733.6807333333336,45.56134555555556,140.215,3,14,12.358372926388306,True,8.014407870306654,0.9038714408313984,30,3.865545272827149,5.070807456970215,-0.550814791862388,0.9038714408313984,8.919628739356995,27.516841888427734,30,1.205262184143066,1.4546862326937864,18.59721314907074,False,True,True,True,True,0.009754847388127761,0.07817932568105143,0.0879341730691792,0.07817932568105143,5.663979710590262
389,2026-05-13T17:22:08.847Z,2026-05-13 17:22:08.847000+00:00,4,8,4.877282143,1.9447400569915767,8.059001922607422,4.22996997833252,164161.04,2736.0173333333337,45.6002888888889,140.196,3,14,14.233711957931519,True,4.143999550805945,0.6174196996612813,30,3.865545272827149,5.070807456970215,-0.550814791862388,0.9038714408313984,8.919628739356995,27.516841888427734,30,1.205262184143066,1.4546862326937864,18.59721314907074,False,True,True,True,True,0.013662915638164928,0.056619116267254986,0.07028203190541991,0.056619116267254986,5.37758502539057
390,2026-05-13T17:24:29.401Z,2026-05-13 17:24:29.401000+00:00,4,9,4.468727111816406,5.611107349395752,7.567383289337158,6.251458168029785,164301.594,2738.3599000000004,45.63933166666667,140.554,3,14,19.429948806762695,True,1.348643470553468,0.12989715409283195,30,3.865545272827149,5.070807456970215,-0.550814791862388,0.9038714408313984,8.919628739356995,27.516841888427734,30,1.205262184143066,1.4546862326937864,18.59721314907074,False,True,True,True,True,0.028878652255855543,0.038947005803243756,0.06782565805909929,0.038947005803243756,4.890234347401539
391,2026-05-13T17:26:49.569Z,2026-05-13 17:26:49.569000+00:00,4,10,4.403667449951172,9.204072952270508,9.993342399597168,8.319426536560059,164441.762,2740.696033333333,45.67826722222222,140.168,3,14,27.516841888427734,True,1.0857521937754697,0.035730715532418696,30,3.865545272827149,5.070807456970215,-0.550814791862388,0.9038714408313984,8.919628739356995,27.516841888427734,30,1.205262184143066,1.4546862326937864,18.59721314907074,False,True,True,True,True,0.03344887102084669,0.03631718509019703,0.06976605611104372,0.03631718509019703,4.796129552899184
392,2026-05-13T17:29:10.056Z,2026-05-13 17:29:10.056000+00:00,4,11,4.680998802185059,1.7836320400238037,5.515382766723633,7.602388381958008,164582.249,2743.0374833333335,45.71729138888889,140.487,3,14,14.901403188705444,True,3.092220056021211,0.49027039265737427,30,3.865545272827149,5.070807456970215,-0.550814791862388,0.9038714408313984,8.919628739356995,27.516841888427734,30,1.205262184143066,1.4546862326937864,18.59721314907074,False,True,True,True,True,0.011969557614384342,0.03701250611690066,0.048982063731285004,0.03701250611690066,5.250540001306461
393,2026-05-13T17:31:30.529Z,2026-05-13 17:31:30.529000+00:00,4,12,4.378856658935547,8.194441795349121,8.412229537963867,8.507905960083008,164722.722,2745.3787,45.75631166666667,140.473,3,14,25.114577293395996,True,1.0265774958262996,0.0113917396192875,30,3.865545272827149,5.070807456970215,-0.550814791862388,0.9038714408313984,8.919628739356995,27.516841888427734,30,1.205262184143066,1.4546862326937864,18.59721314907074,False,True,True,True,True,0.03262822901464438,0.03349540563510064,0.06612363464974502,0.03349540563510064,4.771836078109069
394,2026-05-13T17:33:51.051Z,2026-05-13 17:33:51.051000+00:00,4,13,4.0910491943359375,5.788467884063721,3.143545866012573,6.240091800689697,164863.244,2747.7207333333336,45.795345555555556,140.522,3,14,15.172105550765991,True,0.5430704512790155,-0.26514382673339926,30,3.865545272827149,5.070807456970215,-0.550814791862388,0.9038714408313984,8.919628739356995,27.516841888427734,30,1.205262184143066,1.4546862326937864,18.59721314907074,False,True,True,True,True,0.038152040695310606,0.020719245957617698,0.058871286652928304,0.020719245957617698,4.495888342153385
395,2026-05-13T17:36:11.240Z,2026-05-13 17:36:11.240000+00:00,4,14,4.359007835388184,3.979618787765503,4.505301475524902,1.7468106746673584,165003.433,2750.0572166666666,45.83428694444444,140.189,3,14,10.231730937957764,True,1.1320937295239182,0.05388238491752309,30,3.865545272827149,5.070807456970215,-0.550814791862388,0.9038714408313984,8.919628739356995,27.516841888427734,30,1.205262184143066,1.4546862326937864,18.59721314907074,False,True,True,True,True,0.03889487332980854,0.044032642207303324,0.08292751553711186,0.044032642207303324,4.814204935839968
396,2026-05-13T17:38:31.772Z,2026-05-13 17:38:31.772000+00:00,4,15,4.5944366455078125,6.047500133514404,9.564828872680664,1.5660971403121948,165143.965,2752.3994166666666,45.87332361111111,140.532,3,14,17.178426146507263,True,1.5816169758597793,0.19910131771347,30,3.865545272827149,5.070807456970215,-0.550814791862388,0.9038714408313984,8.919628739356995,27.516841888427734,30,1.205262184143066,1.4546862326937864,18.59721314907074,False,True,True,True,True,0.03520404070744275,0.05567930840175016,0.0908833491091929,0.05567930840175016,4.959322448139123
397,2026-05-13T17:40:52.003Z,2026-05-13 17:40:52.003000+00:00,4,16,3.933362007141113,4.6711931228637695,1.754760742,5.408768177032471,165284.196,2754.7365999999997,45.91227666666666,140.231,3,14,11.83472204189624,True,0.3756557898261779,-0.42520991317273216,30,3.865545272827149,5.070807456970215,-0.550814791862388,0.9038714408313984,8.919628739356995,27.516841888427734,30,1.205262184143066,1.4546862326937864,18.59721314907074,False,True,True,True,True,0.03947023940509311,0.014827223958348583,0.05429746336344169,0.014827223958348583,4.336644333642799
398,2026-05-13T17:43:12.094Z,2026-05-13 17:43:12.094000+00:00,4,17,3.9096527099609375,4.2883710861206055,1.6781761646270752,7.906450271606445,165424.287,2757.0714500000004,45.95119083333334,140.091,3,14,13.872997522354126,True,0.3913318439391881,-0.407454810713236,30,3.865545272827149,5.070807456970215,-0.550814791862388,0.9038714408313984,8.919628739356995,27.516841888427734,30,1.205262184143066,1.4546862326937864,18.59721314907074,False,True,True,True,True,0.030911640250858394,0.012096709178553242,0.04300834942941163,0.012096709178553242,4.354749710686959
399,2026-05-13T17:45:32.718Z,2026-05-13 17:45:32.718000+00:00,4,18,4.127990723,5.839771270751953,3.2426791191101074,1.489819884300232,165564.911,2759.415183333333,45.99025305555555,140.624,3,14,10.572270274162292,True,0.5552750217034728,-0.25549186223846415,30,3.865545272827149,5.070807456970215,-0.550814791862388,0.9038714408313984,8.919628739356995,27.516841888427734,30,1.205262184143066,1.4546862326937864,18.59721314907074,False,True,True,True,True,0.05523668161439124,0.030671549582258914,0.08590823119665016,0.030671549582258914,4.505196087839655
400,2026-05-13T17:47:53.245Z,2026-05-13 17:47:53.245000+00:00,4,19,4.743302345275879,2.358746052,7.256134510040283,5.081063270568848,165705.438,2761.7572999999998,46.02928833333333,140.527,3,14,14.695943832609132,True,3.076267792324548,0.48802413856328497,30,3.865545272827149,5.070807456970215,-0.550814791862388,0.9038714408313984,8.919628739356995,27.516841888427734,30,1.205262184143066,1.4546862326937864,18.59721314907074,False,True,True,True,True,0.016050320271135836,0.04937508330658898,0.0654254035777248,0.04937508330658898,5.248226534015245
401,2026-05-13T17:50:13.235Z,2026-05-13 17:50:13.235000+00:00,4,20,3.865545272827149,8.883464813232422,2.4990077018737797,1.2598663568496704,165845.428,2764.090466666667,46.06817444444445,139.99,3,14,12.642338871955872,True,0.2813100242319153,-0.550814791862388,30,3.865545272827149,5.070807456970215,-0.550814791862388,0.9038714408313984,8.919628739356995,27.516841888427734,30,1.205262184143066,1.4546862326937864,18.59721314907074,False,True,True,True,True,0.07026757392920666,0.019766972924743026,0.09003454685394968,0.019766972924743026,4.210915410404108
402,2026-05-13T17:52:33.264Z,2026-05-13 17:52:33.264000+00:00,4,21,4.328683853149414,8.037932395935059,7.418594837188721,1.377280354499817,165985.457,2766.4242833333333,46.10707138888889,140.029,3,14,16.833807587623596,True,0.9229481503154282,-0.034822696226957724,30,3.865545272827149,5.070807456970215,-0.550814791862388,0.9038714408313984,8.919628739356995,27.516841888427734,30,1.205262184143066,1.4546862326937864,18.59721314907074,False,True,True,True,True,0.04774874819078149,0.04406961882255893,0.09181836701334042,0.04406961882255893,4.7255338033904195
403,2026-05-13T17:54:53.334Z,2026-05-13 17:54:53.334000+00:00,4,22,4.377754211425781,6.453321933746338,6.581615447998047,1.031609058380127,166125.527,2768.758783333333,46.14597972222222,140.07,3,14,14.066546440124512,True,1.0198802284418547,0.008549172564880409,30,3.865545272827149,5.070807456970215,-0.550814791862388,0.9038714408313984,8.919628739356995,27.516841888427734,30,1.205262184143066,1.4546862326937864,18.59721314907074,False,True,True,True,True,0.04587708831883838,0.04678913531486403,0.09266622363370242,0.04678913531486403,4.768868387430747
404,2026-05-13T17:57:13.795Z,2026-05-13 17:57:13.795000+00:00,4,23,4.1969099044799805,9.56947898864746,5.846657752990723,3.633256912231445,166265.988,2771.0998000000004,46.18499666666667,140.461,3,14,19.049393653869625,True,0.610969286826041,-0.21398062101313892,30,3.865545272827149,5.070807456970215,-0.550814791862388,0.9038714408313984,8.919628739356995,27.516841888427734,30,1.205262184143066,1.4546862326937864,18.59721314907074,False,True,True,True,True,0.050235084446919126,0.030692093718180127,0.08092717816509926,0.030692093718180127,4.546666663068242
405,2026-05-13T17:59:34.117Z,2026-05-13 17:59:34.117000+00:00,4,24,4.200768471,5.194295883178711,3.4571218490600586,1.0810973644256592,166406.31,2773.4384999999997,46.223974999999996,140.322,3,14,9.732515096664429,True,0.6655612092209949,-0.1768119978834913,30,3.865545272827149,5.070807456970215,-0.550814791862388,0.9038714408313984,8.919628739356995,27.516841888427734,30,1.205262184143066,1.4546862326937864,18.59721314907074,False,True,True,True,True,0.05337054021071001,0.035521361279417886,0.0888919014901279,0.035521361279417886,4.5837189803073075
406,2026-05-13T18:01:53.821Z,2026-05-13 18:01:53.821000+00:00,4,25,4.521657943725586,5.980834007263184,8.279717445373535,7.92725658416748,166546.014,2775.7669,46.26278166666667,139.704,3,14,22.1878080368042,True,1.3843750612905432,0.1412537671307169,30,3.865545272827149,5.070807456970215,-0.550814791862388,0.9038714408313984,8.919628739356995,27.516841888427734,30,1.205262184143066,1.4546862326937864,18.59721314907074,False,True,True,True,True,0.02695549734945619,0.037316518295270495,0.06427201564472669,0.037316518295270495,4.9016018228112985
407,2026-05-13T18:04:13.875Z,2026-05-13 18:04:13.875000+00:00,4,26,4.1638288497924805,9.810475349,5.247830867767334,1.8307209014892576,166686.068,2778.101133333333,46.30168555555555,140.054,3,14,16.889027118256593,True,0.5349211614197935,-0.2717102211252488,30,3.865545272827149,5.070807456970215,-0.550814791862388,0.9038714408313984,8.919628739356995,27.516841888427734,30,1.205262184143066,1.4546862326937864,18.59721314907074,False,True,True,True,True,0.05808786545434068,0.03107242845323262,0.0891602939075733,0.03107242845323262,4.488985444079477
408,2026-05-13T18:06:34.141Z,2026-05-13 18:06:34.141000+00:00,4,27,4.40587329864502,3.783614635467529,4.3814873695373535,3.927225589752197,166826.334,2780.4389,46.340648333333334,140.266,3,14,12.09232759475708,True,1.1580162864540637,0.06371466739434564,30,3.865545272827149,5.070807456970215,-0.550814791862388,0.9038714408313984,8.919628739356995,27.516841888427734,30,1.205262184143066,1.4546862326937864,18.59721314907074,False,True,True,True,True,0.031289382509848696,0.03623361453949571,0.0675229970493444,0.03623361453949571,4.824102469207763
409,2026-05-13T18:08:54.033Z,2026-05-13 18:08:54.033000+00:00,4,28,4.094357490539551,8.653905868530273,4.205327511,2.459256410598755,166966.226,2782.770433333333,46.379507222222216,139.892,3,14,15.318489790129028,True,0.48594560362536127,-0.3134123426050327,30,3.865545272827149,5.070807456970215,-0.550814791862388,0.9038714408313984,8.919628739356995,27.516841888427734,30,1.205262184143066,1.4546862326937864,18.59721314907074,False,True,True,True,True,0.05649320518597533,0.027452624694830174,0.08394582988080551,0.027452624694830174,4.447426399808004
410,2026-05-13T18:11:13.919Z,2026-05-13 18:11:13.919000+00:00,4,29,4.286229133605957,8.507207870483398,7.1768107414245605,8.533608436584473,167106.112,2785.1018666666664,46.41836444444444,139.886,3,14,24.21762704849243,True,0.8436153025395344,-0.07385555108973045,30,3.865545272827149,5.070807456970215,-0.550814791862388,0.9038714408313984,8.919628739356995,27.516841888427734,30,1.205262184143066,1.4546862326937864,18.59721314907074,False,True,True,True,True,0.035128164511943706,0.029634657132401928,0.06476282164434563,0.029634657132401928,4.686700249237945
411,2026-05-13T18:13:33.788Z,2026-05-13 18:13:33.788000+00:00,5,0,4.079471588134766,7.538750171661377,3.688419342041016,3.787360668182373,167245.981,2787.433016666667,46.45721694444445,139.869,3,15,15.014530181884766,True,0.4892613839235594,-0.31045906057508815,6,3.632321357727051,4.955574035644531,-0.8079373209403984,0.7967589753258314,9.976850390434265,18.489629983901978,6,1.3232526779174805,1.60469629626623,8.512779593467712,False,True,True,True,True,0.05020969740869402,0.02456566604056079,0.07477536344925481,0.02456566604056079,4.450473742522752
412,2026-05-13T18:15:53.822Z,2026-05-13 18:15:53.822000+00:00,5,1,3.632321357727051,9.681921959,1.5066912174224854,3.7997660636901855,167386.015,2789.766916666667,46.49611527777778,140.034,3,15,14.988379240112671,True,0.15561902107896192,-0.8079373209403984,6,3.632321357727051,4.955574035644531,-0.8079373209403984,0.7967589753258314,9.976850390434265,18.489629983901978,6,1.3232526779174805,1.60469629626623,8.512779593467712,False,True,True,True,True,0.06459619018104869,0.01005239588140525,0.07464858606245393,0.01005239588140525,3.9575427401980945
413,2026-05-13T18:18:13.719Z,2026-05-13 18:18:13.719000+00:00,5,2,4.679345131,3.528120756149292,8.399980545043945,4.002233028411865,167525.912,2792.0985333333333,46.534975555555555,139.897,3,15,15.930334329605103,True,2.3808653744074117,0.3767348389979248,6,3.632321357727051,4.955574035644531,-0.8079373209403984,0.7967589753258314,9.976850390434265,18.489629983901978,6,1.3232526779174805,1.60469629626623,8.512779593467712,False,True,True,True,True,0.022147185885437414,0.0527294680152025,0.07487665390063991,0.0527294680152025,5.136937972087224
414,2026-05-13T18:20:33.353Z,2026-05-13 18:20:33.353000+00:00,5,3,4.162174224853516,4.594911575317383,3.177110433578491,8.244260787963867,167665.546,2794.4257666666667,46.57376277777778,139.634,3,15,16.01628279685974,True,0.6914410389625484,-0.16024484743456516,6,3.632321357727051,4.955574035644531,-0.8079373209403984,0.7967589753258314,9.976850390434265,18.489629983901978,6,1.3232526779174805,1.60469629626623,8.512779593467712,False,True,True,True,True,0.028689001271994845,0.019836752846305993,0.04852575411830084,0.019836752846305993,4.600683681555035
415,2026-05-13T18:22:53.318Z,2026-05-13 18:22:53.318000+00:00,5,4,4.75267505645752,3.439703226089477,9.20216941833496,5.847757339477539,167805.511,2796.7585166666668,46.61264194444445,139.965,3,15,18.489629983901978,True,2.6752800499003233,0.4273692509405381,6,3.632321357727051,4.955574035644531,-0.8079373209403984,0.7967589753258314,9.976850390434265,18.489629983901978,6,1.3232526779174805,1.60469629626623,8.512779593467712,False,True,True,True,True,0.018603418397687026,0.049769354099280745,0.06837277249696777,0.049769354099280745,5.187577450085561
416,2026-05-13T18:25:13.297Z,2026-05-13 18:25:13.297000+00:00,5,5,4.955574035644531,1.1505264043807983,7.205358028411865,1.6209659576416016,167945.49,2799.0915,46.651525,139.979,3,15,9.976850390434265,True,6.262662031028932,0.7967589753258314,6,3.632321357727051,4.955574035644531,-0.8079373209403984,0.7967589753258314,9.976850390434265,18.489629983901978,6,1.3232526779174805,1.60469629626623,8.512779593467712,False,True,True,True,True,0.011531960081148606,0.07222076854355071,0.08375272862469932,0.07222076854355071,5.556879988398794
