sample_index,utc_time,utc_datetime,elapsed_min,elapsed_h,dt_s,session_id,trial_id,split,episode_number,step_number,ph_measured,acid_flow,acetate_flow,water_flow,total_flow,valid_for_model,uninformative_flat_ph_trial,total_buffer_mol_l,ph_equilibrium_charge_balance,cumulative_transport_volume_ml,transport_delayed_volume_coordinate_ml,theta_transport_s,ph_equilibrium_transport_delayed,prediction_equilibrium_baseline,residual_equilibrium_baseline,prediction_static_calibrated,residual_static_calibrated,prediction_transport_delay_calibrated,residual_transport_delay_calibrated,prediction_transport_delay_dynamic,residual_transport_delay_dynamic
0,2026-05-11T19:46:07.807Z,2026-05-11 19:46:07.807000+00:00,0.0,0.0,,0,0,train,1,0,4.414143562316895,8.549332618713379,3.926202774047852,4.3504838943481445,16.826019287109375,True,False,0.07414430698007636,4.423065365111247,0.0,-1.0122954843494305,3.6097503529844266,,4.423065365111247,-0.00892180279435184,4.3768816506868635,0.037261911630031896,,,,
1,2026-05-11T19:48:30.329Z,2026-05-11 19:48:30.329000+00:00,2.3753666666666664,0.03958944444444444,142.522,0,0,train,1,1,4.619248390197754,7.116000175476074,6.097648143768311,7.160530090332031,20.374178409576416,True,False,0.06485487686234068,4.69347214830501,39.96796534729004,38.95566986294061,2.9811130461298725,4.68662337421341,4.69347214830501,-0.07422375810725601,4.583170542505376,0.03607784769237821,4.574689562354766,0.04455882784298826,4.574689562354766,0.04455882784298826
2,2026-05-11T19:50:50.952Z,2026-05-11 19:50:50.952000+00:00,4.719083333333333,0.07865138888888888,140.623,0,0,train,1,2,4.845854759216309,6.221703052520752,9.732967376708984,8.711876869,24.666547298229737,True,False,0.06468140934493402,4.954649299351862,87.71926685545444,86.706971371105,2.4623522833017186,4.949112519363263,4.954649299351862,-0.10879454013555367,4.782418299611988,0.0634364596043202,4.779250857789999,0.06660390142630934,4.7792508577899975,0.06660390142631112
3,2026-05-11T19:53:12.043Z,2026-05-11 19:53:12.043000+00:00,7.0706,0.11784333333333333,141.091,0,0,train,1,3,4.805054664611816,4.207277774810791,5.855237007141113,3.0271997451782227,13.089714527130127,True,False,0.07687344717179309,4.90383304682413,145.7230639363633,144.71076845201387,4.640111053230307,4.904719903643066,4.90383304682413,-0.09877838221231361,4.743651415525342,0.06140324908647443,4.7446550996518955,0.06039956495992094,4.744655099651896,0.06039956495992005
4,2026-05-11T19:55:33.210Z,2026-05-11 19:55:33.210000+00:00,9.423383333333334,0.1570563888888889,141.167,0,0,train,1,4,4.993066787719727,2.5869803428649902,6.577486038208008,4.8657331466674805,14.030199527740479,True,False,0.0653195727042444,5.165490970579203,176.52032611388628,175.50803062953685,4.32907094021545,5.156890364033897,5.165490970579203,-0.17242418285947636,4.943265946231433,0.04980084148829356,4.9411749062846555,0.05189188143507106,4.941174906284654,0.05189188143507284
5,2026-05-11T19:57:54.609Z,2026-05-11 19:57:54.609000+00:00,11.780033333333334,0.1963338888888889,141.399,0,0,train,1,5,4.670523643493652,7.768003463745117,7.414762974,7.852952003479004,23.03571844122412,True,False,0.0659096718710298,4.740267423435141,209.58459583093588,208.57230034658645,2.636676134757368,4.753286065017025,4.740267423435141,-0.06974377994148906,4.618869889004461,0.05165375448919107,4.626640687343957,0.043882956149695396,4.62664068734396,0.04388295614969273
6,2026-05-11T20:00:15.871Z,2026-05-11 20:00:15.871000+00:00,14.1344,0.23557333333333333,141.262,0,0,train,1,6,4.743302345275879,8.820981979370117,9.993937492370604,3.0263543128967285,21.84127378463745,True,False,0.08614387447024549,4.8145299840991145,263.8191234716726,262.8068279873232,2.780869360453101,4.813143862414524,4.8145299840991145,-0.07122763882323557,4.675523576319689,0.06777876895618995,4.673288668046328,0.07001367722955099,4.673288668046328,0.07001367722955099
7,2026-05-11T20:02:37.094Z,2026-05-11 20:02:37.094000+00:00,16.488116666666667,0.27480194444444445,141.223,0,0,train,1,7,4.902092933654785,3.8793654441833496,7.435241699,2.0945754051208496,13.409182548304198,True,False,0.08437954440865048,5.042741416058761,315.2272935998035,314.2149981154541,4.529562398167744,5.038247628369492,5.042741416058761,-0.14064848240397598,4.849622327997592,0.0524706056571933,4.848715038324648,0.05337789533013737,4.848715038324646,0.05337789533013915
8,2026-05-11T20:04:58.331Z,2026-05-11 20:04:58.331000+00:00,18.842066666666664,0.3140344444444444,141.237,0,0,train,1,8,4.618697166442871,5.235406398773193,4.867502212524414,5.546240329742432,15.649148941040039,True,False,0.0645588373486729,4.728858781063189,346.79183885938414,345.77954337503473,3.881216115317337,4.73892520120036,4.728858781063189,-0.11016161462031793,4.610166423195405,0.008530743247465722,4.615449074432768,0.0032480920101027877,4.615449074432771,0.003248092010100123
9,2026-05-11T20:07:19.569Z,2026-05-11 20:07:19.569000+00:00,21.196033333333332,0.35326722222222223,141.238,0,0,train,1,9,5.189899444580078,1.6605889797210691,8.562686920166016,9.065704345703123,19.28898024559021,True,False,0.053000603296404436,5.472550660107976,383.62941382829433,382.6171183439449,3.1488304870264727,5.452114028990436,5.472550660107976,-0.2826512155278982,5.177516738045475,0.012382706534602939,5.171246650059698,0.01865279452038049,5.171246650059692,0.018652794520385818
10,2026-05-11T20:09:40.352Z,2026-05-11 20:09:40.352000+00:00,23.542416666666668,0.39237361111111113,140.783,0,0,train,1,10,4.953369141,2.5687642097473145,5.994353771209717,1.7615255117416382,10.32464349269867,True,False,0.08293863112089686,5.128203715134962,428.8887555935431,427.8764601091937,5.882791895324816,5.135905569467129,5.128203715134962,-0.1748345741349624,4.914820111723523,0.038549029276476965,4.924821175700598,0.028547965299401845,4.9248211757006,0.02854796529939918
11,2026-05-11T20:12:01.263Z,2026-05-11 20:12:01.263000+00:00,25.890933333333333,0.43151555555555554,140.911,0,0,train,1,11,4.251494407653809,6.424426078796387,2.2115581035614014,7.750305652618408,16.386289834976196,True,False,0.05270249867010444,4.299034116326978,453.1363529135375,452.1240574291881,3.7066187448559837,4.333650520977553,4.299034116326978,-0.04753970867316948,4.28226024895879,-0.030765841304981834,4.299613105116214,-0.04811869746240571,4.2996131051162205,-0.04811869746241193
12,2026-05-11T20:14:21.480Z,2026-05-11 20:14:21.480000+00:00,28.227883333333335,0.47046472222222224,140.217,0,0,train,1,12,4.067340850830078,6.418696880340576,1.307341456413269,7.155996799468994,14.88203513622284,True,False,0.051915200213099116,4.0739421926136306,491.43029294338515,490.41799745903575,4.081278434367511,4.079892469283019,4.0739421926136306,-0.006601341783552428,4.110541318865049,-0.04320046803497046,4.1018560673837765,-0.03451521655369838,4.101856067383779,-0.034515216553701045
13,2026-05-11T20:16:42.488Z,2026-05-11 20:16:42.488000+00:00,30.578016666666667,0.5096336111111112,141.008,0,0,train,1,13,5.113813400268555,2.360363245010376,9.187598228,8.145929336547852,19.693890809558226,True,False,0.05863727784763432,5.350426320313486,526.4050597848603,525.3927643005109,3.0840898656494735,5.3134802807824375,5.350426320313486,-0.23661292004493095,5.0843500858530986,0.029463314415456132,5.0632075191147585,0.05060588115379616,5.06320751911475,0.050605881153805043
14,2026-05-11T20:19:03.252Z,2026-05-11 20:19:03.252000+00:00,32.924083333333336,0.5487347222222223,140.764,0,0,train,1,14,5.118224143981934,1.1490943431854248,6.300748825073242,8.297214508,15.747057676258667,True,False,0.04730942961802037,5.499259214698434,572.6082405501379,571.5959450657884,3.8570843080442994,5.495998338187054,5.499259214698434,-0.3810350707165,5.197892255491691,-0.07966811150975772,5.20544627813733,-0.0872221341553967,5.205446278137329,-0.08722213415539581
15,2026-05-11T20:21:23.783Z,2026-05-11 20:21:23.783000+00:00,35.26626666666667,0.5877711111111111,140.531,0,0,train,1,15,4.189741134643555,9.768297195,2.7110466957092285,5.772246837615967,18.251590728325198,True,False,0.06837400682748249,4.205640991120131,609.4907365885097,608.4784411041602,3.327804680975292,4.241146285686911,4.205640991120131,-0.01589985647657599,4.21101216828996,-0.021271033646405257,4.227523319485283,-0.03778218484172857,4.227523319485294,-0.03778218484173923
16,2026-05-11T20:23:44.271Z,2026-05-11 20:23:44.271000+00:00,37.607733333333336,0.6267955555555556,140.488,0,0,train,1,16,4.790167808532715,2.717064380645752,4.586766242980957,8.125826835632324,15.429657459259033,True,False,0.047336310886434,4.987810590406428,652.2262278925255,651.213932408176,3.9364275727662585,4.9692829748533445,4.987810590406428,-0.19764278187371342,4.807716503681136,-0.017548695148421167,4.794969963058959,-0.004802154526243996,4.794969963058953,-0.0048021545262377785
17,2026-05-11T20:26:05.085Z,2026-05-11 20:26:05.085000+00:00,39.95463333333333,0.6659105555555555,140.814,0,0,train,1,17,4.327580451965332,6.713934421539307,2.7263143062591557,4.685109615325928,14.12535834312439,True,False,0.06683192382438613,4.369947726639729,688.4380909836605,687.425795499311,4.299907130535228,4.387219961027784,4.369947726639729,-0.042367274674396604,4.336359077077998,-0.008778625112666028,4.341360484978949,-0.013780033013617299,4.341360484978954,-0.01378003301362174
18,2026-05-11T20:28:25.695Z,2026-05-11 20:28:25.695000+00:00,42.29813333333333,0.7049688888888889,140.61,0,0,train,1,18,4.789616584777832,6.364859580993652,8.544281005859375,3.0984294414520264,18.007570028305054,True,False,0.08279373931862108,4.888164053903471,721.5408682607724,720.528572776423,3.3728997841183306,4.87231680206675,4.888164053903471,-0.09854746912563872,4.731697798284909,0.05791878649292315,4.719402929963939,0.07021365481389275,4.719402929963935,0.07021365481389719
19,2026-05-11T20:30:46.486Z,2026-05-11 20:30:46.486000+00:00,44.64465,0.7440775,140.791,0,0,train,1,19,5.087900161743164,2.196958541870117,7.608425140380859,5.5309882164001465,15.336371898651123,True,False,0.06393548452690684,5.29966882536137,763.7959314583574,762.7836359740079,3.960371426980581,5.289810493828715,5.29966882536137,-0.2117686636182059,5.0456280269554385,0.04227213478772551,5.0447613381149115,0.04313882362825261,5.044761338114909,0.043138823628255274
20,2026-05-12T13:21:36.495Z,2026-05-12 13:21:36.495000+00:00,1055.4781333333333,17.59130222222222,60650.009,1,1,train,1,0,4.8419952392578125,8.163414001464844,7.909221172332764,2.349125385284424,18.42176055908203,True,False,0.08724809511148329,4.746618817005707,0.0,-1.0122954843494305,3.297064298831188,,4.746618817005707,0.09537642225210519,4.6237152627990845,0.218279976458728,,,,
21,2026-05-12T13:24:00.581Z,2026-05-12 13:24:00.581000+00:00,1057.8795666666667,17.63132611111111,144.086,1,1,train,1,1,4.887206077575684,3.049386978149414,4.935805320739746,2.1768593788146973,10.162051677703857,True,False,0.07857854449224211,4.969396712870982,44.2386298652649,43.22633438091547,5.976915979892919,4.964298972306138,4.969396712870982,-0.0821906352952988,4.793668859069547,0.09353721850613628,4.791085863330085,0.09612021424559902,4.791085863330085,0.09612021424559902
22,2026-05-12T13:26:21.283Z,2026-05-12 13:26:21.283000+00:00,1060.2246,17.67041,140.702,1,1,train,1,2,5.218570709228516,1.0759644508361816,6.213901519775391,4.809741020202637,12.099606990814209,True,False,0.06024878308978052,5.5217386277216995,68.06897978453637,67.05668430018693,5.01981007375502,5.498275555290348,5.5217386277216995,-0.3031679184931839,5.215041430325732,0.0035292789027838722,5.207220943830158,0.011349765398357192,5.207220943830153,0.011349765398362521
23,2026-05-12T13:28:42.658Z,2026-05-12 13:28:42.658000+00:00,1062.58085,17.709680833333334,141.375,1,1,train,1,3,4.871767997741699,6.396834850311279,8.592846870422363,6.241216659545898,21.23089838027954,True,False,0.07060314383425671,4.888496968395388,96.57867875664235,95.56638327229291,2.8608176617425887,4.910981515596856,4.888496968395388,-0.016728970653688613,4.731951773280643,0.13981622446105657,4.749534857449304,0.12223314029239507,4.749534857449309,0.12223314029239063
24,2026-05-12T13:31:01.831Z,2026-05-12 13:31:01.831000+00:00,1064.9004,17.74834,139.173,1,1,train,1,4,4.835929870605469,1.7671830654144287,3.2878217697143555,8.654005051,13.709009886128785,True,False,0.036873595373533144,5.030110045845827,145.82480909461975,144.81251361027032,4.4304971376833135,5.02719907034696,5.030110045845827,-0.19418017524035847,4.83998606320941,-0.004056192603941078,4.840104749543029,-0.004174878937559967,4.840104749543028,-0.004174878937559079
25,2026-05-12T13:33:20.143Z,2026-05-12 13:33:20.143000+00:00,1067.2056,17.78676,138.312,1,1,train,1,5,4.692578315734863,9.40855312347412,8.54344368,4.960746765136719,22.912743568610836,True,False,0.07834939866418852,4.718534994381752,177.42681868412382,176.41452319977438,2.6508274261914706,4.728515562761105,4.718534994381752,-0.025956678646888776,4.602290575967274,0.09028773976758941,4.607336704212923,0.08524161152194054,4.607336704212927,0.0852416115219361
26,2026-05-12T13:35:41.312Z,2026-05-12 13:35:41.312000+00:00,1069.5584166666665,17.82597361111111,141.169,1,1,train,1,6,4.618144989013672,4.251001358032227,3.6455094814300537,8.510936737060547,16.407447576522827,True,False,0.04812760060718573,4.69400145298998,231.33630363141089,230.32400814706145,3.7018389836499948,4.694462136173844,4.69400145298998,-0.07585646397630796,4.583574340352483,0.034570648661189196,4.580798414209647,0.037346574804025146,4.580798414209647,0.037346574804025146
27,2026-05-12T13:38:03.077Z,2026-05-12 13:38:03.077000+00:00,1071.9211666666665,17.865352777777776,141.765,1,1,train,1,7,4.325926780700684,8.786769867,3.122873544692993,5.473313808441162,17.382957220134156,True,False,0.0685133332658635,4.3123200056608075,270.1030003928402,269.0907049084908,3.4940964469851625,4.322286663588075,4.3123200056608075,0.013606775039876062,4.292395835629836,0.033530945070847196,4.29075709932822,0.03516968137246401,4.290757099328222,0.03516968137246135
28,2026-05-12T13:40:24.077Z,2026-05-12 13:40:24.077000+00:00,1074.2711666666667,17.904519444444443,141.0,1,1,train,1,8,4.607117652893066,6.329463005065918,5.166192054748535,6.474543571472168,17.97019863128662,True,False,0.06397066218177574,4.672386994036578,310.95294986015546,309.94065437580605,3.379914173860034,4.663464236697852,4.672386994036578,-0.06526934114351146,4.5670850247661985,0.04003262812686792,4.556641337280008,0.0504763156130581,4.556641337280005,0.05047631561306165
29,2026-05-12T13:42:45.457Z,2026-05-12 13:42:45.457000+00:00,1076.6275,17.943791666666666,141.38,1,1,train,1,9,5.171705246,1.5641522407531738,7.235342502593994,7.955297470092773,16.75479221343994,True,False,0.05251927109122015,5.425392403284964,353.2967279016772,352.28443241732776,3.6250959300017316,5.407390609143559,5.425392403284964,-0.25368715728496394,5.141540478777078,0.030164767222921718,5.136393091848946,0.03531215415105393,5.136393091848941,0.03531215415105926
30,2026-05-12T13:45:06.960Z,2026-05-12 13:45:06.960000+00:00,1078.9858833333333,17.983098055555555,141.503,1,1,train,1,10,4.368380546569824,3.3075551986694336,1.660105586051941,7.472054481506348,12.439715266227722,True,False,0.03993387853665715,4.462313253920476,392.810950611317,391.7986551269676,4.882565859514583,4.486985906123119,4.462313253920476,-0.09393270735065151,4.4068232201735675,-0.038442673603743316,4.41910941801529,-0.05072887144546545,4.419109418015296,-0.05072887144547167
31,2026-05-12T13:47:27.965Z,2026-05-12 13:47:27.965000+00:00,1081.3359666666668,18.02226611111111,141.005,1,1,train,1,11,4.169893264770508,7.915419578552246,1.7931630611419678,2.0687265396118164,11.77730917930603,True,False,0.08243464183442864,4.117808068540203,422.04531812989103,421.0330226455416,5.157182182810349,4.129737214716321,4.117808068540203,0.05208519623030483,4.14400587484498,0.025887389925527415,4.140700743001332,0.029192521769175528,4.140700743001335,0.029192521769172863
32,2026-05-12T13:49:51.054Z,2026-05-12 13:49:51.054000+00:00,1083.7207833333334,18.062013055555557,143.089,1,1,train,1,12,4.016615867614746,9.095129967,1.406910419464111,2.13208556175232,12.63412594821643,True,False,0.0831243920593232,3.9544379735716753,450.13204134918635,449.11974586483694,4.807434191325299,3.9603261225067836,3.9544379735716753,0.062177894043070836,4.019373513743323,-0.002757646128577207,4.008676416952739,0.007939450662006742,4.00867641695274,0.007939450662005854
33,2026-05-12T13:52:13.493Z,2026-05-12 13:52:13.493000+00:00,1086.0947666666666,18.101579444444443,142.439,1,1,train,1,13,4.113655090332031,6.596598148345947,1.4997410774230957,9.336196899414062,17.432536125183105,True,False,0.0464438402285772,4.121365677812501,480.12524578148634,479.11295029713693,3.484159081891928,4.115731729576086,4.121365677812501,-0.007710587480469933,4.146719916503395,-0.03306482617136375,4.129786081437519,-0.01613099110548788,4.129786081437518,-0.01613099110548699
34,2026-05-12T13:54:35.522Z,2026-05-12 13:54:35.522000+00:00,1088.4619166666666,18.141031944444443,142.029,1,1,train,1,14,5.025596618652344,2.5937695503234863,8.060962677001953,4.796279430389404,15.451011657714844,True,False,0.06895815279516294,5.252646582879389,521.3906736702136,520.3783781858641,3.9309872004813924,5.224894767126551,5.252646582879389,-0.22704996422704493,5.009755530792949,0.01584108785939442,4.994171645574546,0.03142497307779735,4.99417164557454,0.031424973077803564
35,2026-05-12T13:56:57.013Z,2026-05-12 13:56:57.013000+00:00,1090.8201,18.180335,141.491,1,1,train,1,15,5.144688606262207,2.6386256217956543,9.893185616,1.616839886,14.148651123795654,True,False,0.08857248035976556,5.3340950575185335,557.8269918445758,556.8146963602263,4.292828237090049,5.331832207504715,5.3340950575185335,-0.1894064512563265,5.071891233807388,0.07279737245481943,5.077509420634909,0.06717918562729785,5.077509420634908,0.06717918562729874
36,2026-05-12T13:59:18.578Z,2026-05-12 13:59:18.578000+00:00,1093.1795166666666,18.21965861111111,141.565,1,1,train,1,16,5.101132392883301,2.3411550521850586,8.106987953186035,2.909078836,13.357221841371093,True,False,0.07822092894354904,5.2995895022692245,591.2095551169114,590.1972596325619,4.547182773654617,5.300635851450949,5.2995895022692245,-0.19845710938592376,5.045567512671806,0.05556488021149519,5.0531976838445205,0.04793470903878028,5.0531976838445205,0.04793470903878028
37,2026-05-12T14:01:39.706Z,2026-05-12 14:01:39.706000+00:00,1095.5316500000001,18.258860833333337,141.128,1,1,train,1,17,4.335300445556641,9.832083702087402,3.861116647720337,9.266672134399414,22.959872484207153,True,False,0.05963970557426461,4.355651887108808,622.6275218507284,621.6152263663789,2.6453861667892107,4.386065815337523,4.355651887108808,-0.02035144155216706,4.32545301599618,0.009847429560460697,4.34046104383297,-0.005160598276328976,4.340461043832976,-0.005160598276335193
38,2026-05-12T14:04:01.828Z,2026-05-12 14:04:01.828000+00:00,1097.90035,18.298339166666665,142.122,1,1,train,1,18,4.927454948425293,5.234331607818604,9.27167510986328,1.112860918045044,15.618867635726929,True,False,0.09287489372469318,5.008495787175126,677.0125718040699,676.0002763197205,3.8887408791424205,4.996344084959366,5.008495787175126,-0.08104083874983292,4.823496900415506,0.10395804800978681,4.816059047470595,0.11139590095469831,4.816059047470591,0.11139590095470187
39,2026-05-12T14:06:23.735Z,2026-05-12 14:06:23.735000+00:00,1100.2654666666667,18.337757777777778,141.907,1,1,train,1,19,5.037725448608398,2.7481374740600586,8.593023300170898,9.474826813,20.815987587230957,True,False,0.0544829339790148,5.255348687036941,713.9530159637883,712.9407204794388,2.9178403766066743,5.2485840668080055,5.255348687036941,-0.21762323842854236,5.0118169216562105,0.025908526952187927,5.01263303310364,0.025092415504758492,5.012633033103638,0.025092415504760268
40,2026-05-12T14:08:45.405Z,2026-05-12 14:08:45.405000+00:00,1102.6266333333333,18.377110555555554,141.67,1,1,train,1,20,4.972665786743164,2.798015594482422,7.081581592559815,7.36138105392456,17.240978240966797,True,False,0.0573029966685245,5.163536304753556,763.1030319885051,762.0907365041556,3.5228702346277037,5.165427275856111,5.163536304753556,-0.19087051801039223,4.941774763790351,0.03089102295281343,4.947827835648159,0.024837951095005195,4.94782783564816,0.024837951095004307
41,2026-05-12T14:11:06.405Z,2026-05-12 14:11:06.405000+00:00,1104.9766333333332,18.41627722222222,141.0,1,1,train,1,21,4.567420006,3.407503128051758,3.0750389099121094,2.7852180004119877,9.267760038375854,True,False,0.06994723656116492,4.715893313351654,803.6193308547771,802.6070353704276,6.553657929150475,4.727077626615126,4.715893313351654,-0.14847330735165443,4.600275280915129,-0.03285527491512941,4.606216101375778,-0.038796095375777995,4.606216101375781,-0.03879609537578155
42,2026-05-12T14:13:28.000Z,2026-05-12 14:13:28+00:00,1107.33655,18.455609166666665,141.595,1,1,train,1,22,4.763151168823242,1.8840086460113523,3.156545162200928,1.175512194633484,6.216066002845764,True,False,0.08108912945751663,4.9843663243210745,825.4904722320076,824.4781767476582,9.771088182326189,4.97194017737307,4.9843663243210745,-0.22121515549783233,4.805088929677689,-0.04193776085444689,4.797040756460182,-0.03388958763693939,4.797040756460179,-0.033889587636936724
43,2026-05-12T14:15:48.903Z,2026-05-12 14:15:48.903000+00:00,1109.6849333333334,18.49474888888889,140.903,1,1,train,1,23,4.567420006,7.6740570068359375,5.443904876708984,9.056580543518066,22.17454242706299,True,False,0.05915775681366514,4.611624899203194,840.0881780319905,839.0758825476411,2.7390747412599725,4.637473102108972,4.611624899203194,-0.04420489320319376,4.520730621005667,0.04668938499433306,4.536386099074644,0.031033906925356014,4.5363860990746465,0.03103390692535335
44,2026-05-12T14:18:10.664Z,2026-05-12 14:18:10.664000+00:00,1112.0476166666667,18.534126944444445,141.761,1,1,train,1,24,4.65343189239502,9.119361877441406,8.345041275024414,9.212096214294434,26.676499366760254,True,False,0.06546737228283786,4.7219683315987755,892.4795998487051,891.4673043643556,2.276825314518101,4.719836300161789,4.7219683315987755,-0.06853643920375507,4.604909812516645,0.0485220798783752,4.600572838988229,0.052859053406791645,4.600572838988228,0.05285905340679253
45,2026-05-12T14:20:31.995Z,2026-05-12 14:20:31.995000+00:00,1114.4031333333332,18.573385555555554,141.331,1,1,train,1,25,4.345775604248047,9.048858642578123,3.539415121078491,3.339630603790283,15.927904367446898,True,False,0.07903283114497003,4.353541560318699,955.3165387154316,954.3042432310822,3.813290666479658,4.3594768710389,4.353541560318699,-0.0077659560706520026,4.32384308236299,0.021932521885056566,4.319739924539154,0.026035679708892978,4.319739924539157,0.026035679708890314
46,2026-05-12T14:22:53.376Z,2026-05-12 14:22:53.376000+00:00,1116.7594833333335,18.61265805555556,141.381,1,1,train,1,26,4.328131675720215,3.804446220397949,1.855440974235535,9.726368904,15.386256098633483,True,False,0.036785343740223866,4.450055028487928,992.8482561716652,991.8359606873157,3.94753139890608,4.447451892936763,4.450055028487928,-0.12192335276771349,4.397471621407165,-0.06933994568695034,4.388300033701367,-0.060168357981152276,4.388300033701367,-0.060168357981152276
47,2026-05-12T14:25:14.335Z,2026-05-12 14:25:14.335000+00:00,1119.1088000000002,18.651813333333337,140.959,1,1,train,1,27,4.867908477783203,4.621294021606445,7.777799606323242,4.400923728942871,16.80001735687256,True,False,0.07380405248722831,4.986352874530159,1028.9954440617864,1027.983148577437,3.6153372803581787,4.971333949974669,4.986352874530159,-0.1184443967469555,4.806604436191,0.06130404159220326,4.7965683153545715,0.07134016242863161,4.796568315354568,0.07134016242863517
48,2026-05-12T14:27:35.593Z,2026-05-12 14:27:35.593000+00:00,1121.4631,18.691051666666667,141.258,1,1,train,1,28,4.827108383178711,2.9393019676208496,5.055250644683838,6.315067291259766,14.309619903564453,True,False,0.05586837851865853,4.995836074936932,1068.5477249250714,1067.535429440722,4.2445382526083995,4.9955933632464955,4.995836074936932,-0.168727691758221,4.813839013961944,0.013269369216766691,4.815474000016504,0.011634383162206774,4.815474000016504,0.011634383162206774
49,2026-05-12T14:29:57.389Z,2026-05-12 14:29:57.389000+00:00,1123.8263666666667,18.730439444444446,141.796,1,1,train,1,29,4.637993812561035,4.788331031799316,4.447020530700684,1.4427543878555298,10.67810595035553,True,False,0.08648866761049985,4.728260976619935,1102.365172655835,1101.3528771714857,5.688062034910185,4.736270601293775,4.728260976619935,-0.09026716405889967,4.609710368008229,0.02828344455280618,4.613380309282715,0.024613503278319904,4.613380309282716,0.024613503278319016
50,2026-05-12T14:32:18.768Z,2026-05-12 14:32:18.768000+00:00,1126.1826833333332,18.769711388888886,141.379,1,2,train,2,0,4.604361534118652,8.834828377,6.996333599090576,4.639993667602539,20.471155643693116,True,False,0.07733399252898523,4.659171461817782,0.0,-1.0122954843494305,2.96699073164823,,4.659171461817782,-0.054809927699129624,4.5570031123821675,0.04735842173648486,,,,
51,2026-05-12T14:34:40.909Z,2026-05-12 14:34:40.909000+00:00,1128.5517,18.809195,142.141,1,2,train,2,1,4.560252189636231,5.993945121765137,4.859119415283203,7.390170574188232,18.243235111236572,True,False,0.059490898795486136,4.669476702812655,48.496508905836386,47.484213421486956,3.3293288548123567,4.669261595598556,4.669476702812655,-0.10922451317642334,4.564864811410744,-0.004612621774512604,4.5611592964746785,-0.0009071068384471914,4.5611592964746785,-0.0009071068384471914
52,2026-05-12T14:37:02.605Z,2026-05-12 14:37:02.605000+00:00,1130.9133,18.848554999999998,141.696,1,2,train,2,2,4.470381736755371,8.788537025,5.004181385040283,9.226182938,23.01890134804028,True,False,0.059919099532587075,4.516370923957488,91.57973294453268,90.56743746018324,2.638602431220583,4.5199683401681146,4.516370923957488,-0.04598918720211653,4.448062928417999,0.02231880833737243,4.444813069231036,0.025568667524335176,4.444813069231037,0.025568667524334288
53,2026-05-12T14:39:24.168Z,2026-05-12 14:39:24.168000+00:00,1133.2726833333334,18.887878055555557,141.563,1,2,train,2,3,4.853573799133301,6.068652629852295,9.204799652,9.646328926086426,24.91978120793872,True,False,0.061290475042319464,4.941260826720923,145.89014513674312,144.87784965239368,2.4373299490132183,4.933341274786923,4.941260826720923,-0.08768702758762181,4.772204453829133,0.08136934530416795,4.766960116322118,0.08661368281118254,4.766960116322116,0.0866136828111852
54,2026-05-12T14:41:45.518Z,2026-05-12 14:41:45.518000+00:00,1135.6285166666667,18.927141944444443,141.35,1,2,train,2,4,4.454943656921387,7.181658744812012,3.965494155883789,3.490147829055786,14.637300729751587,True,False,0.07615579611641266,4.502854026246169,204.59699636577875,203.5847008814293,4.149517057985364,4.510413573643751,4.502854026246169,-0.04791036932478221,4.4377511092514865,0.017192547669900193,4.437366912108275,0.017576744813111667,4.437366912108279,0.017576744813108114
55,2026-05-12T14:44:07.194Z,2026-05-12 14:44:07.194000+00:00,1137.9897833333334,18.966496388888892,141.676,1,2,train,2,5,4.212347984313965,6.720005989074707,2.10981822,2.2132785320281982,11.043102741102906,True,False,0.07995781997218698,4.258520740100368,239.15956666891685,238.14727118456742,5.500060126661448,4.265676963728192,4.258520740100368,-0.04617275578640356,4.251353259914714,-0.039005275600748845,4.2466404044038395,-0.03429242008987465,4.246640404403841,-0.03429242008987643
56,2026-05-12T14:46:29.068Z,2026-05-12 14:46:29.068000+00:00,1140.35435,19.005905833333333,141.874,1,2,train,2,6,4.425170898,3.9526641368865967,2.5090510845184326,8.314724922180176,14.776440143585205,True,False,0.043729850753059823,4.563760913241724,265.2717193071041,264.2594238227547,4.110443954752761,4.551927601251156,4.563760913241724,-0.1385900152417241,4.484215972573445,-0.059045074573444545,4.469719348096653,-0.04454845009665309,4.4697193480966515,-0.044548450096651315
57,2026-05-12T14:48:51.658Z,2026-05-12 14:48:51.658000+00:00,1142.73085,19.045514166666667,142.59,1,2,train,2,7,4.793475151062012,7.425939559936523,9.599676132202148,7.379024505615234,24.404640197753906,True,False,0.06976384635945435,4.871845204640053,300.3879293083343,299.3756338239849,2.4887778950560335,4.862964054397171,4.871845204640053,-0.07837005357804117,4.719248416318438,0.07422673474357389,4.712114208831964,0.08136094223004786,4.712114208831963,0.08136094223004875
58,2026-05-12T14:51:13.162Z,2026-05-12 14:51:13.162000+00:00,1145.08925,19.084820833333332,141.504,1,2,train,2,8,4.4554948806762695,6.393741130828857,3.7063279151916495,3.857410430908203,13.957479476928711,True,False,0.07236313019636256,4.5239617318108705,357.94383275071715,356.93153726636774,4.351625890717838,4.530080319958432,4.5239617318108705,-0.06846685113460094,4.4538538310040465,0.001641049672223005,4.45269347009158,0.0028014105846896342,4.452693470091582,0.002801410584687858
59,2026-05-12T14:53:35.106Z,2026-05-12 14:53:35.106000+00:00,1147.4549833333333,19.12424972222222,141.944,1,2,train,2,9,4.767561912536621,6.490094661712647,8.302104949951172,3.8765311241149902,18.66873073577881,True,False,0.0792351650523001,4.867239366257201,390.9635071986033,389.9512117142539,3.2534471636339672,4.8567153860836045,4.867239366257201,-0.09967745372058001,4.715734697895137,0.05182721464148443,4.707244538186198,0.06031737435042306,4.707244538186196,0.060317374350424835
60,2026-05-12T14:55:56.695Z,2026-05-12 14:55:56.695000+00:00,1149.8148,19.163580000000003,141.589,1,2,train,2,10,4.378856658935547,4.671301842,2.4536473751068115,1.6579327583312988,8.78288197543811,True,False,0.08112313517399171,4.481157052830006,435.01828913440636,434.00599365005695,6.91546684002162,4.490028493461333,4.481157052830006,-0.10230039389445889,4.421198844737365,-0.04234218580181803,4.4214805469510186,-0.04262388801547168,4.42148054695102,-0.042623888015473455
61,2026-05-12T14:58:17.999Z,2026-05-12 14:58:17.999000+00:00,1152.1698666666666,19.20283111111111,141.304,1,2,train,2,11,4.0662384033203125,8.486347198486328,1.842304229736328,7.040344715118408,17.368996143341064,True,False,0.059466024075216686,4.100582139962794,455.7025617120281,454.6902662276787,3.4969049771049376,4.1192076083860325,4.100582139962794,-0.034343736642481915,4.130864496974174,-0.06462609365386118,4.132494880202255,-0.06625647688194292,4.132494880202258,-0.06625647688194558
62,2026-05-12T15:00:39.600Z,2026-05-12 15:00:39.600000+00:00,1154.5298833333334,19.242164722222224,141.601,1,2,train,2,12,4.496295928955078,5.389996528625488,3.587766170501709,2.4772002696990967,11.454962968826294,True,False,0.07837443668355293,4.583837690203224,496.6936820935821,495.6813866092327,5.302306888835729,4.571903461357035,4.583837690203224,-0.08754176124814617,4.499532215833909,-0.0032362868788311516,4.485286802584567,0.011009126370510991,4.4852868025845645,0.011009126370513656
63,2026-05-12T15:03:00.933Z,2026-05-12 15:03:00.933000+00:00,1156.8854333333334,19.281423888888888,141.333,1,2,train,2,13,4.931865692138672,2.319996118545532,5.883328914642334,9.158088684082031,17.361413717269897,True,False,0.047250328612512604,5.164446167249677,523.6764201148009,522.6641246304514,3.4984322158366785,5.142663821105748,5.164446167249677,-0.2325804751110052,4.942468882938602,-0.010603190799930218,4.93008797143527,0.0017777207034015419,4.930087971435267,0.0017777207034050946
64,2026-05-12T15:05:23.209Z,2026-05-12 15:05:23.209000+00:00,1159.2567000000001,19.320945000000002,142.276,1,2,train,2,14,4.642955780029297,8.354703903198242,7.741885662078857,3.4639968872070312,19.56058645248413,True,False,0.08229093541943823,4.72731177719889,564.8449617487724,563.832666264423,3.1051077741716857,4.7380604982256544,4.72731177719889,-0.08435599716959352,4.608986239366302,0.03396954066299518,4.614775199859511,0.028180580169785863,4.614775199859514,0.028180580169783198
65,2026-05-12T15:07:45.645Z,2026-05-12 15:07:45.645000+00:00,1161.6306333333334,19.360510555555557,142.436,1,2,train,2,15,4.440056800842285,6.315206527709961,3.978550672531128,9.969668388,20.26342558824109,True,False,0.05079968910199753,4.560329334665905,611.280489947873,610.2681944635235,2.9974067709564403,4.5639695553998445,4.560329334665905,-0.12027253382361991,4.481598077662552,-0.04154127682026676,4.4791038037427,-0.03904700290041507,4.479103803742701,-0.03904700290041596
66,2026-05-12T15:10:07.556Z,2026-05-12 15:10:07.556000+00:00,1163.9958166666665,19.399930277777777,141.911,1,2,train,2,16,4.5767927169799805,8.860002517700195,6.578691482543945,3.931365966796875,19.370059967041016,True,False,0.07970390399675448,4.631226485045645,659.207206425421,658.1949109410715,3.1356500271198784,4.6297290141054805,4.631226485045645,-0.0544337680656648,4.535684348769321,0.04110836821065966,4.530351027898446,0.046441689081534676,4.530351027898445,0.046441689081535564
67,2026-05-12T15:12:29.770Z,2026-05-12 15:12:29.770000+00:00,1166.36605,19.43943416666667,142.214,1,2,train,2,17,4.197461128234863,6.807454109191895,2.1034352779388428,1.0485353469848633,9.9594247341156,True,False,0.08947192860052303,4.251451645891479,705.1187682279672,704.1064727436177,6.098517804237351,4.259825230662973,4.251451645891479,-0.053990517656616,4.245960364095723,-0.04849923586085936,4.242080070696787,-0.04461894246192344,4.2420800706967885,-0.044618942461925215
68,2026-05-12T15:14:51.128Z,2026-05-12 15:14:51.128000+00:00,1168.7220166666666,19.478700277777776,141.358,1,2,train,2,18,4.352943420410156,5.532317161560059,2.561502456665039,2.992248058319092,11.08606767654419,True,False,0.07300893206118464,4.426616918801823,728.582840920719,727.5705454363696,5.478744206971983,4.41905987544009,4.426616918801823,-0.07367349839166693,4.379591072641482,-0.02664765223132548,4.366173755390607,-0.013230334980450564,4.366173755390605,-0.013230334980448788
69,2026-05-12T15:17:13.116Z,2026-05-12 15:17:13.116000+00:00,1171.0884833333332,19.518141388888886,141.988,1,2,train,2,19,4.843097686767578,6.219867706298828,9.886786460876465,6.341348648071289,22.448002815246582,True,False,0.07175094506062574,4.961552986805224,754.8176505416717,753.8053550573222,2.7057074770016083,4.940911961622293,4.961552986805224,-0.11845530003764626,4.787685009335002,0.055412677432576274,4.772860053652836,0.07023763311474251,4.772860053652833,0.07023763311474518
70,2026-05-12T15:19:34.334Z,2026-05-12 15:19:34.334000+00:00,1173.4421166666666,19.55736861111111,141.218,1,2,train,2,20,4.722351074,1.3204381465911863,2.331531047821045,1.7338905334472656,5.385859727859497,True,False,0.06780661545122776,5.007196038164305,807.6520182343966,806.6397227500471,11.277257880814664,5.006321526803604,5.007196038164305,-0.2848449641643054,4.8225053432514535,-0.10015426925145388,4.823834601113477,-0.1014835271134773,4.823834601113477,-0.1014835271134773
71,2026-05-12T15:21:55.987Z,2026-05-12 15:21:55.987000+00:00,1175.8029999999999,19.596716666666666,141.653,1,2,train,2,21,4.517247200012207,7.322654724121094,4.923448563,5.513732433319092,17.759835720440186,True,False,0.06895392209640083,4.5882768279689445,820.3674047015712,819.3551092172218,3.4199488112979246,4.621627762750421,4.5882768279689445,-0.0710296279567375,4.502918761095475,0.014328438916732189,4.52403761455371,-0.006790414541502976,4.524037614553713,-0.0067904145415056405
72,2026-05-12T15:24:17.907Z,2026-05-12 15:24:17.907000+00:00,1178.1683333333335,19.63613888888889,141.92,1,2,train,2,22,3.930053711,8.417365074157715,1.214712142944336,8.550868988,18.18294620510205,True,False,0.05297313817273098,3.928011877932297,862.3753361256524,861.363040641303,3.3403678576535145,3.9439227596333932,3.928011877932297,0.0020418330677030028,3.9992134795897742,-0.06915976858977446,3.9958930572562483,-0.06583934625624854,3.9958930572562523,-0.06583934625625254
73,2026-05-12T15:26:39.779Z,2026-05-12 15:26:39.779000+00:00,1180.5328666666667,19.675547777777776,141.872,1,2,train,2,23,4.512285232543945,3.695390939712525,2.7524333000183105,3.100379467010498,9.548203706741333,True,False,0.06752918598896741,4.632668793060843,905.3695185258231,904.3572230414736,6.361168124019294,4.616077687627996,4.632668793060843,-0.12038356051689725,4.536784661855412,-0.02449942931146687,4.519712366909058,-0.007427134365112664,4.5197123669090535,-0.007427134365108223
74,2026-05-12T15:29:01.672Z,2026-05-12 15:29:01.672000+00:00,1182.89775,19.714962500000002,141.893,1,2,train,2,24,4.772523880004883,5.554773807525635,7.206357002258301,9.81508445739746,22.576215267181396,True,False,0.05652466836783995,4.873467699697497,927.9499063351673,926.9376108508178,2.6903415095115206,4.862672506635149,4.873467699697497,-0.10094381969261423,4.72048619113839,0.05203768886649307,4.711887001768424,0.060636878236459246,4.711887001768422,0.06063687823646102
75,2026-05-12T15:31:23.818Z,2026-05-12 15:31:23.818000+00:00,1185.26685,19.7544475,142.146,1,2,train,2,25,5.149650573730469,1.4570271968841553,7.035609245300293,8.114689826965332,16.60732626914978,True,False,0.05113789122069939,5.444048857876581,981.4352179246467,980.4229224402973,3.657285229218016,5.433249692410128,5.444048857876581,-0.29439828414611213,5.155773181439013,-0.0061226077085443364,5.156545420695752,-0.006894846965283641,5.156545420695749,-0.006894846965280088
76,2026-05-12T15:33:46.786Z,2026-05-12 15:33:46.786000+00:00,1187.64965,19.794160833333333,142.968,1,2,train,2,26,4.904297828674316,2.913615703582764,6.170339107513428,4.517364978790283,13.601319789886475,True,False,0.0667873041103757,5.086121536120309,1021.0071549587768,1019.9948594744274,4.465576135201861,5.095277727065086,5.086121536120309,-0.18182370744599297,4.882716308809598,0.02158151986471868,4.893159355674646,0.011138472999670412,4.893159355674648,0.011138472999668636
77,2026-05-12T15:36:09.161Z,2026-05-12 15:36:09.161000+00:00,1190.0225666666668,19.833709444444445,142.375,1,2,train,2,27,5.111607551574707,2.077772617340088,8.441777229309082,6.848407269,17.36795711564917,True,False,0.06056872306053006,5.369029194723838,1053.2819533768616,1052.2696578925122,3.4971141773628,5.360155827287661,5.369029194723838,-0.2574216431491312,5.0985419130751275,0.013065638499579535,5.099582395694151,0.012025155880555971,5.09958239569415,0.01202515588055686
78,2026-05-12T15:38:31.252Z,2026-05-12 15:38:31.252000+00:00,1192.39075,19.873179166666667,142.091,1,2,train,2,28,4.479203224182129,8.029460906982422,4.680170536,4.752354621887207,17.461986064869627,True,False,0.07278456984083793,4.526338452174521,1094.41245995219,1093.4001644678406,3.4782829877043144,4.547078581689419,4.526338452174521,-0.047135227992392004,4.455666991917353,0.023536232264776302,4.465940442410579,0.013262781771549825,4.465940442410584,0.013262781771544496
79,2026-05-12T15:40:53.322Z,2026-05-12 15:40:53.322000+00:00,1194.7585833333333,19.912643055555556,142.07,1,2,train,2,29,4.419105529785156,4.373124122619629,2.3989381790161133,5.145124435424805,11.917186737060547,True,False,0.056826014822573115,4.500282676794952,1135.7595326227904,1134.747237138441,5.096649939375474,4.500920597258345,4.500282676794952,-0.08117714700979572,4.435789469005245,-0.016683939220088817,4.429968908865794,-0.010863379080637614,4.429968908865794,-0.010863379080637614
80,2026-05-12T15:43:15.106Z,2026-05-12 15:43:15.106000+00:00,1197.12165,19.9520275,141.784,1,3,train,3,0,4.013307571411133,6.323430538,1.245916485786438,4.5049028396606445,12.074249863447083,True,False,0.06268999821431112,4.058920187300633,0.0,-1.0122954843494305,5.030352174907352,,4.058920187300633,-0.045612615889500496,4.099081277839785,-0.08577370642865212,,,,
81,2026-05-12T15:45:37.754Z,2026-05-12 15:45:37.754000+00:00,1199.4991166666666,19.991651944444445,142.648,1,3,train,3,1,4.808362961,3.23929214477539,5.761162757873535,7.821721076965332,16.822175979614258,True,False,0.05350351175469817,5.010404035335842,28.706126575349987,27.693831091000558,3.6105750608345843,4.976850821520344,5.010404035335842,-0.20204107433584184,4.824952671582707,-0.016589710582707085,4.800867687008545,0.007495273991454887,4.800867687008545,0.007495273991454887
82,2026-05-12T15:48:00.440Z,2026-05-12 15:48:00.440000+00:00,1201.8772166666668,20.031286944444446,142.686,1,3,train,3,2,4.669971466064453,6.256481170654297,5.423519134521484,6.229099273681641,17.909099578857422,True,False,0.06521824424363915,4.698487043926574,68.71094327247066,67.69864778812122,3.391445158564517,4.706379897536829,4.698487043926574,-0.028515577862120445,4.586996323974832,0.0829751420896212,4.590086084759636,0.07988538130481704,4.590086084759637,0.07988538130481615
83,2026-05-12T15:50:21.660Z,2026-05-12 15:50:21.660000+00:00,1204.2308833333334,20.070514722222224,141.22,1,3,train,3,3,4.4637651443481445,8.331745147705078,4.553992271,8.414236068725586,21.299973487430663,True,False,0.06049649510741921,4.4986525005496665,110.8629939812414,109.85069849689197,2.851540125005686,4.503451593416467,4.4986525005496665,-0.034887356201521946,4.434545834333301,0.029219310014843458,4.4319413479643766,0.03182379638376798,4.431941347964378,0.0318237963837662
84,2026-05-12T15:52:43.613Z,2026-05-12 15:52:43.613000+00:00,1206.5967666666666,20.10994611111111,141.953,1,3,train,3,4,4.228887557983398,8.030882835388184,2.735448837280273,7.576201438903809,18.342533111572266,True,False,0.05869599148154734,4.294245854233084,161.25624625559547,160.24395077124603,3.3113054064842617,4.298351958040609,4.294245854233084,-0.06535829624968592,4.278607362483757,-0.0497198045003584,4.272104463731211,-0.043216905747812895,4.272104463731213,-0.04321690574781467
85,2026-05-12T15:55:05.414Z,2026-05-12 15:55:05.414000+00:00,1208.9601166666666,20.149335277777777,141.801,1,3,train,3,5,4.459354400634766,9.446430206298828,5.658636569976807,8.926506042480469,24.031572818756104,True,False,0.06285509021900751,4.538297770933638,204.6060718848298,203.59377640048035,2.5274138117818654,4.532598724867436,4.538297770933638,-0.07894337029887222,4.464790559693959,-0.0054361590591938125,4.454656096661613,0.00469830397315274,4.454656096661611,0.004698303973154516
86,2026-05-12T15:57:28.706Z,2026-05-12 15:57:28.706000+00:00,1211.3483166666667,20.18913861111111,143.292,1,3,train,3,6,4.930763244628906,4.809371948242188,9.95445156097412,2.764582872390747,17.528406381607056,True,False,0.08422798506490764,5.076125972872053,261.9982740905831,260.9859786062337,3.4651027445768987,5.06663964826255,5.076125972872053,-0.1453627282431471,4.87509085784557,0.055672386783336414,4.870841318502943,0.05992192612596359,4.870841318502941,0.059921926125965363
87,2026-05-12T15:59:51.516Z,2026-05-12 15:59:51.516000+00:00,1213.7284833333333,20.228808055555554,142.81,1,3,train,3,7,4.4306840896606445,8.223516464233398,4.436218262,1.5015095472335815,14.16124427346698,True,False,0.08939705072352389,4.492641603399561,303.7188026798715,302.7065071955221,4.289010759793632,4.506799108406751,4.492641603399561,-0.06195751373891678,4.429960219663117,0.0007238699975271601,4.434550111090601,-0.003866021429956845,4.434550111090604,-0.0038660214299595097
88,2026-05-12T16:02:13.404Z,2026-05-12 16:02:13.404000+00:00,1216.0932833333331,20.268221388888886,141.888,1,3,train,3,8,4.722351074,3.125374794006348,4.181918144226074,2.473954200744629,9.78124713897705,True,False,0.07470717010220272,4.886781639066828,337.2073131377662,336.1950176534168,6.20960989922579,4.8748675176905145,4.886781639066828,-0.1644305650668283,4.730643176720626,-0.008292102720626637,4.721390736705381,0.0009603372946189737,4.721390736705378,0.0009603372946216382
89,2026-05-12T16:04:35.577Z,2026-05-12 16:04:35.577000+00:00,1218.4628333333335,20.30771388888889,142.173,1,3,train,3,9,4.813324928283691,2.937996864318848,4.786731719970703,2.405787467956543,10.130516052246094,True,False,0.07625207387709393,4.972245365465158,360.3844672959293,359.3721718115799,5.995521723446589,4.968512614510562,4.972245365465158,-0.1589204371814663,4.795842049327158,0.017482878956533554,4.794369610958374,0.01895531732531719,4.794369610958373,0.018955317325318077
90,2026-05-12T16:06:57.964Z,2026-05-12 16:06:57.964000+00:00,1220.8359500000001,20.347265833333335,142.387,1,3,train,3,10,4.172650337219238,5.659758567810059,1.6289029121398926,4.344859600067139,11.63352108001709,True,False,0.06265223941932502,4.221492236606768,384.4253637814487,383.4130682970993,5.220923969897221,4.253104368985538,4.221492236606768,-0.04884189938753014,4.223104823018369,-0.05045448579913092,4.236842413458075,-0.06419207623883683,4.2368424134580795,-0.06419207623884127
91,2026-05-12T16:09:20.287Z,2026-05-12 16:09:20.287000+00:00,1223.2079999999999,20.386799999999997,142.323,1,3,train,3,11,4.780243873596191,2.981888055801392,4.477949142456055,1.8164279460906985,9.276265144348145,True,False,0.08041854218454059,4.93684811318365,412.02065745930327,411.00836197495386,6.547649093231471,4.910606264409896,4.93684811318365,-0.15660423958745895,4.768838067177271,0.011405806418919973,4.749242419189145,0.031001454407046047,4.749242419189142,0.0310014544070496
92,2026-05-12T16:11:41.775Z,2026-05-12 16:11:41.775000+00:00,1225.5661333333333,20.42610222222222,141.488,1,3,train,3,12,4.894925117492676,4.2156829833984375,7.869575977325439,9.926755905151367,22.012014865875244,True,False,0.05490301107991434,5.031407333616514,433.8953275050288,432.88303202067937,2.7592989297461465,5.027031410612981,5.031407333616514,-0.13648221612383793,4.840975742733805,0.053949374758870405,4.839974090073833,0.05495102741884317,4.839974090073832,0.054951027418844056
93,2026-05-12T16:14:04.844Z,2026-05-12 16:14:04.844000+00:00,1227.9506166666665,20.465843611111108,143.069,1,3,train,3,13,4.648469924926758,8.045789719,7.092952728271484,8.478935241699219,23.6176776889707,True,False,0.06409919995792464,4.705794052683997,486.3826100857939,485.3703146014445,2.5717062388962124,4.712073990179808,4.705794052683997,-0.05732412775723894,4.592570720893702,0.05589920403305548,4.594523567180904,0.0539463577458541,4.5945235671809055,0.053946357745852325
94,2026-05-12T16:16:26.813Z,2026-05-12 16:16:26.813000+00:00,1230.3167666666666,20.505279444444444,141.969,1,3,train,3,14,4.021027565002441,7.409592151641846,1.482351541519165,9.951426506,18.84337019916101,True,False,0.04718871199355261,4.066812755711932,542.2655781495519,541.2532826652024,3.2232943692668172,4.078387621971194,4.066812755711932,-0.045785190709490386,4.10510238859721,-0.08407482359476859,4.100683319781725,-0.07965575477928333,4.100683319781729,-0.07965575477928777
95,2026-05-12T16:18:48.689Z,2026-05-12 16:18:48.689000+00:00,1232.6813666666667,20.544689444444444,141.876,1,3,train,3,15,4.003383636474609,9.056743621826172,1.710686445236206,9.847497940063477,20.614928007125854,True,False,0.052231228085494436,4.041824261292047,586.822611322488,585.8103158381385,2.946298383383679,4.042391977278966,4.041824261292047,-0.038440624817437374,4.086039076792648,-0.08265544031803884,4.072631433277752,-0.06924779680314241,4.072631433277752,-0.06924779680314241
96,2026-05-12T16:21:11.855Z,2026-05-12 16:21:11.855000+00:00,1235.0674666666666,20.58445777777778,143.166,1,3,train,3,16,3.941632270812988,9.695536613464355,1.3416810035705566,7.364595413208008,18.40181303024292,True,False,0.059978968370646535,3.909371620763599,636.011891040291,634.9995955559415,3.3006383099939605,3.912097442541562,3.909371620763599,0.03226065004938894,3.9849931336756432,-0.04336086286265539,3.9710911627313323,-0.0294588919183445,3.971091162731333,-0.029458891918344943
97,2026-05-12T16:23:34.427Z,2026-05-12 16:23:34.427000+00:00,1237.4436666666666,20.62406111111111,142.572,1,3,train,3,17,5.0085039138793945,3.5627453327178955,9.780977249145508,9.621156692504885,22.964879274368286,True,False,0.05810491064395313,5.1988390521312295,679.7382791627542,678.7259836784048,2.6448094211736977,5.168987008227366,5.1988390521312295,-0.190335138251835,4.968706649701921,0.03979726417747376,4.950601982612793,0.057901931266601814,4.9506019826127865,0.05790193126660803
98,2026-05-12T16:25:57.310Z,2026-05-12 16:25:57.310000+00:00,1239.82505,20.66375083333333,142.883,1,3,train,3,18,4.077816963195801,6.377004146575928,1.47468364238739,8.523088455200195,16.374776244163513,True,False,0.047949893616176326,4.128485158805922,734.426459918747,733.4141644343975,3.7092249784246474,4.148297747154828,4.128485158805922,-0.050668195610120925,4.152151251572394,-0.07433428837659317,4.155165213741337,-0.07734825054553607,4.155165213741342,-0.0773482505455414
99,2026-05-12T16:28:19.492Z,2026-05-12 16:28:19.492000+00:00,1242.1947499999999,20.70324583333333,142.182,1,3,train,3,19,4.445570945739746,9.343351364135742,4.998967170715332,3.034790277481079,17.377108812332153,True,False,0.08253570078742124,4.4891287966010704,773.2297671845413,772.2174717001918,3.4952724136630597,4.479720373666946,4.4891287966010704,-0.043557850861324354,4.4272803570758175,0.01829058866392863,4.413447291566544,0.032123654173202176,4.413447291566542,0.03212365417320395
100,2026-05-12T16:30:42.384Z,2026-05-12 16:30:42.384000+00:00,1244.5762833333333,20.742938055555555,142.892,1,3,train,3,20,4.094908714294434,6.308492183685303,1.5127555131912231,2.5563910007476807,10.377638697624207,True,False,0.07536635187219493,4.142498706772742,814.6139310580708,813.6016355737213,5.85275040215755,4.1509776040568624,4.142498706772742,-0.04758999247830875,4.162841957058319,-0.06793324276388546,4.157253662005162,-0.06234494771072807,4.157253662005163,-0.06234494771072985
101,2026-05-12T16:33:05.343Z,2026-05-12 16:33:05.343000+00:00,1246.958933333333,20.782648888888886,142.959,1,3,train,3,21,4.3976030349731445,8.745513916015625,4.401782035827637,4.147047043,17.294342994843262,True,False,0.0760207887386266,4.462726749951201,839.3402119009651,838.3279164166156,3.5119997954866684,4.449616593833048,4.462726749951201,-0.06512371497805614,4.407138669501213,-0.009535634528068826,4.3899870140118145,0.007616020961330072,4.389987014011814,0.00761602096133096
102,2026-05-12T16:35:28.904Z,2026-05-12 16:35:28.904000+00:00,1249.3516166666666,20.822526944444444,143.561,1,3,train,3,22,5.138624191,1.9713456630706787,7.977984905,5.381337642669678,15.330668210740356,True,False,0.06489821859884998,5.367311142112778,880.7200981456766,879.7078026613272,3.9618448606443786,5.3451818716265596,5.367311142112778,-0.22868695111277848,5.097231238967638,0.041392952032361485,5.087912992122906,0.05071119887709408,5.087912992122901,0.05071119887709852
103,2026-05-12T16:37:50.432Z,2026-05-12 16:37:50.432000+00:00,1251.7104166666666,20.861840277777777,141.528,1,3,train,3,23,4.910914421081543,1.8790521621704104,4.597433567047119,1.762855887413025,8.239341616630554,True,False,0.07860440834429272,5.148767061979848,916.882078321171,915.8697828368215,7.371672627139386,5.15488484602752,5.148767061979848,-0.23785264089830527,4.930507551153145,-0.019593130071601905,4.939611979325642,-0.02869755824409914,4.939611979325643,-0.02869755824410003
104,2026-05-12T16:40:12.205Z,2026-05-12 16:40:12.205000+00:00,1254.0733,20.901221666666668,141.773,1,3,train,3,24,4.879487991333008,3.4123246669769287,6.176530361175537,3.865297317504883,13.454152345657349,True,False,0.07127059945361404,5.017949301106869,936.350681304747,935.3383858203975,4.514422573828696,5.024751341742046,5.017949301106869,-0.13846130977386117,4.830708830862432,0.048779160470576066,4.838197201960408,0.04129078937260022,4.8381972019604085,0.041290789372599335
105,2026-05-12T16:42:34.978Z,2026-05-12 16:42:34.978000+00:00,1256.4528500000001,20.940880833333335,142.773,1,3,train,3,25,4.415797233581543,6.550953388214111,3.4678773880004883,1.3320295810699463,11.350860357284546,True,False,0.08826494609974564,4.484471547301714,968.3655095188559,967.3532140345064,5.350936153662281,4.501339890856963,4.484471547301714,-0.0686743137201713,4.423727418109053,-0.00793018452750971,4.430295669965389,-0.01449843638384607,4.430295669965392,-0.014498436383848734
106,2026-05-12T16:44:57.399Z,2026-05-12 16:44:57.399000+00:00,1258.8265333333334,20.980442222222223,142.421,1,3,train,3,26,4.619799613952637,5.963613510131836,5.786372184753418,5.041311264038086,16.79129695892334,True,False,0.06997664161159989,4.747341118812102,995.3088575679362,994.2965620835868,3.617214870867268,4.73746477828723,4.747341118812102,-0.12754150485946525,4.6242662949789715,-0.00446668102633474,4.614310947357751,0.005488666594885672,4.61431094735775,0.00548866659488656
107,2026-05-12T16:47:20.218Z,2026-05-12 16:47:20.218000+00:00,1261.2068499999998,21.020114166666662,142.819,1,3,train,3,27,5.121532440185547,1.5709567070007324,7.264969348907471,8.713197708129883,17.549123764038086,True,False,0.05034967087083236,5.425291066085119,1035.2774615742107,1034.2651660898614,3.461012064057036,5.4081204471129976,5.425291066085119,-0.30375862589957237,5.141463170292399,-0.01993073010685187,5.13696186432295,-0.015429424137403558,5.136961864322947,-0.015429424137400005
108,2026-05-12T16:49:42.725Z,2026-05-12 16:49:42.725000+00:00,1263.5819666666669,21.059699444444448,142.507,1,3,train,3,28,4.429581642150879,7.257782459259033,4.115303993225098,5.928508281707764,17.301594734191895,True,False,0.06573432465163642,4.514472845482777,1076.9586779115737,1075.9463824272243,3.5105277862585833,4.5365935332361325,4.514472845482777,-0.08489120333189781,4.446614915537152,-0.01703327338627325,4.457769304159963,-0.028187662009083958,4.457769304159967,-0.0281876620090884
109,2026-05-12T16:52:04.560Z,2026-05-12 16:52:04.560000+00:00,1265.9458833333333,21.099098055555555,141.835,1,3,train,3,29,4.756534576416016,7.745972633361816,9.487553596496582,2.522180557250977,19.755706787109375,True,False,0.08723315452881342,4.848363541905648,1117.8582060636422,1116.8459105792929,3.0744396905403195,4.840099484604096,4.848363541905648,-0.09182896548963271,4.701334641647833,0.05519993476818286,4.694295544316254,0.06223903209976189,4.694295544316252,0.06223903209976367
110,2026-05-12T16:54:25.586Z,2026-05-12 16:54:25.586000+00:00,1268.2963166666666,21.138271944444444,141.026,1,4,train,4,0,5.058677673339844,2.2797908782958984,7.243326187133789,2.210524082183838,11.733641147613525,True,False,0.08116080034854799,5.262203705507676,0.0,-1.0122954843494305,5.176375201598791,,5.262203705507676,-0.20352603216783205,5.017046502612063,0.041631170727781,,,,
111,2026-05-12T16:56:48.927Z,2026-05-12 16:56:48.927000+00:00,1270.6853333333333,21.17808888888889,143.341,1,4,train,4,1,4.677140235900879,1.650342345237732,2.4211604595184326,5.702972888946533,9.774475693702698,True,False,0.04165443684492735,4.926961317454788,28.03186426233451,27.01956877798508,6.213911719080412,4.9390676958394915,4.926961317454788,-0.24982108155390925,4.761295593166619,-0.08415535726574053,4.771422792704611,-0.09428255680373177,4.771422792704611,-0.09428255680373177
112,2026-05-12T16:59:11.222Z,2026-05-12 16:59:11.222000+00:00,1273.0569166666667,21.217615277777778,142.295,1,4,train,4,2,4.114206314086914,9.197636604309082,2.4440650939941406,7.301979064941406,18.94368076324463,True,False,0.06145427514219396,4.187200114911533,51.2128479095916,50.20055242524217,3.2062263833548057,4.219504909920525,4.187200114911533,-0.07299380082461937,4.196943926834242,-0.08273761274732827,4.210657906406029,-0.09645159231911471,4.210657906406032,-0.09645159231911826
113,2026-05-12T17:01:34.011Z,2026-05-12 17:01:34.011000+00:00,1275.4367333333332,21.257278888888887,142.789,1,4,train,4,3,4.698642730712891,3.1678454875946045,4.217148303985596,9.215991973876951,16.600985765457153,True,False,0.04448527271763994,4.88477453577125,96.29533511797388,95.28303963362444,3.658682075816674,4.869110993674072,4.88477453577125,-0.18613180505835913,4.729111990595339,-0.030469259882448085,4.716904600681222,-0.018261869968331013,4.716904600681218,-0.01826186996832746
114,2026-05-12T17:03:56.434Z,2026-05-12 17:03:56.434000+00:00,1277.81045,21.29684083333333,142.423,1,4,train,4,4,4.935725212097168,1.855609893798828,4.768946647644043,3.162666320800781,9.787222862243652,True,False,0.06768576372158178,5.170150811073309,135.7013717125356,134.68907622818617,6.205818536663232,5.162819824762734,5.170150811073309,-0.23442559897614146,4.946820861978097,-0.011095649880928704,4.945795814197746,-0.010070602100578085,4.945795814197745,-0.010070602100577197
115,2026-05-12T17:46:23.537Z,2026-05-12 17:46:23.537000+00:00,1320.2621666666666,22.004369444444443,2547.103,2,5,train,1,0,4.787961959838867,7.543157101,7.981068134307861,7.851915836334228,23.37614107164209,True,False,0.0664105559071104,4.784937407173089,0.0,-1.0122954843494305,2.5982786840145993,,4.784937407173089,0.0030245526657779465,4.652947885621318,0.1350140742175494,,,,
116,2026-05-12T17:48:48.799Z,2026-05-12 17:48:48.799000+00:00,1322.6832,22.044719999999998,145.262,2,5,train,1,1,4.897682189941406,4.324800491333008,7.176953315734863,8.691786766052246,20.193540573120117,True,False,0.056957588816188114,4.980314107636175,56.59441673914788,55.58212125479845,3.00778007903253,4.976819435139815,4.980314107636175,-0.08263191769476919,4.801997560151143,0.09568462979026293,4.800843227183144,0.09683896275826243,4.800843227183144,0.09683896275826243
117,2026-05-12T17:51:10.875Z,2026-05-12 17:51:10.875000+00:00,1325.0511333333334,22.084185555555557,142.076,2,5,train,1,2,5.083488464355469,1.6750736236572266,5.8752617835998535,8.555215835571289,16.10555124282837,True,False,0.04688032898358052,5.305258967781991,104.41137458025811,103.39907909590868,3.7712294441341583,5.298379813828258,5.305258967781991,-0.22177050342652205,5.049892654755959,0.03359580959951014,5.051439523603705,0.03204894075176412,5.051439523603703,0.0320489407517659
118,2026-05-12T17:53:33.387Z,2026-05-12 17:53:33.387000+00:00,1327.4263333333333,22.12377222222222,142.512,2,5,train,1,3,4.312693595886231,1.9117560386657717,1.0327486991882324,3.4475693702697754,6.392074108123779,True,False,0.04606493429279536,4.493889334996816,142.66527989222405,141.6529844078746,9.502037685040818,4.515360236038383,4.493889334996816,-0.18119573911058495,4.430912093597065,-0.11821849771083404,4.441221912157702,-0.12852831627147054,4.441221912157706,-0.12852831627147498
119,2026-05-12T17:55:56.645Z,2026-05-12 17:55:56.645000+00:00,1329.8139666666668,22.163566111111113,143.258,2,5,train,1,4,4.524414063,1.0617680549621582,1.356583833694458,6.921240329742432,9.339592218399048,True,False,0.02589354901269083,4.86734136804816,157.92720910191733,156.9149136175679,6.503252780277942,4.842570986696968,4.86734136804816,-0.3429273050481596,4.715812513385458,-0.19139845038545822,4.696221618895453,-0.1718075558954526,4.696221618895451,-0.17180755589545083
120,2026-05-12T17:58:18.896Z,2026-05-12 17:58:18.896000+00:00,1332.1848166666668,22.20308027777778,142.251,2,5,train,1,5,4.214001655578613,5.605854511260986,1.7724813222885132,8.471328735351562,15.849664568901062,True,False,0.04655199989548472,4.26272653289767,180.0699813129087,179.05768582855927,3.832114477686835,4.290367555510444,4.26272653289767,-0.0487248773190565,4.2545617901339865,-0.04056013455537322,4.26588211223582,-0.051880456657206864,4.265882112235823,-0.05188045665720953
121,2026-05-12T18:00:40.073Z,2026-05-12 18:00:40.073000+00:00,1334.5377666666668,22.242296111111113,141.177,2,5,train,1,6,4.976525307,3.2838714122772217,7.913933277130127,2.570388078689575,13.768192768096924,True,False,0.0813309697068916,5.142191927107623,217.36344956030445,216.351154075955,4.411452547476292,5.118319681134295,5.142191927107623,-0.1656666201076229,4.925491488795801,0.051033818204198944,4.911116258125092,0.0654090488749084,4.911116258125086,0.06540904887491461
122,2026-05-12T18:03:01.602Z,2026-05-12 18:03:01.602000+00:00,1336.8965833333334,22.281609722222225,141.529,2,5,train,1,7,4.827659606933594,5.267858982086182,7.759117126464844,3.1691620349884038,16.19613814353943,True,False,0.08043260679242498,4.928442494378081,249.84009213157094,248.8277966472215,3.7501365154256763,4.935105054556817,4.928442494378081,-0.10078288744448738,4.762425558704038,0.0652340482295557,4.768334653445876,0.05932495348771738,4.768334653445877,0.05932495348771649
123,2026-05-12T18:05:24.542Z,2026-05-12 18:05:24.542000+00:00,1339.2789166666666,22.321315277777778,142.94,2,5,train,1,8,4.784654617,4.264469146728516,5.835362434387207,2.391511917114258,12.49134349822998,True,False,0.08085464611990588,4.896482289557321,288.4246919021964,287.412396417847,4.862385624858716,4.897320789145532,4.896482289557321,-0.11182767255732085,4.738043643587497,0.046610973412502865,4.738888870934798,0.045765746065201895,4.738888870934798,0.045765746065201895
124,2026-05-12T18:07:47.148Z,2026-05-12 18:07:47.148000+00:00,1341.6556833333334,22.360928055555558,142.606,2,5,train,1,9,4.267482757568359,7.439232349395752,2.753178596496582,4.622891426086426,14.81530237197876,True,False,0.06879650978416728,4.329803393093204,318.1137007506728,317.1014052663234,4.099661791300557,4.349125240140859,4.329803393093204,-0.0623206355248449,4.305733624630782,-0.03825086706242242,4.311672760370664,-0.04419000280230456,4.311672760370667,-0.04419000280230723
125,2026-05-12T18:10:09.120Z,2026-05-12 18:10:09.120000+00:00,1344.0218833333333,22.40036472222222,141.972,2,5,train,1,10,4.783551216125488,3.407980204,5.189589023590088,9.268029213,17.865598440590087,True,False,0.04812360053977636,4.943065926660034,353.16966922324895,352.15737373889954,3.399703024947185,4.9253570194325516,4.943065926660034,-0.15951471053454558,4.77358153491291,0.009969681212578685,4.760737879522789,0.022813336602699685,4.760737879522785,0.022813336602703238
126,2026-05-12T18:12:31.942Z,2026-05-12 18:12:31.942000+00:00,1346.4022499999999,22.4400375,142.822,2,5,train,1,11,4.704707145690918,9.701196670532228,9.469735145568848,9.564570426940918,28.735502243041992,True,False,0.0667151444020545,4.749975640911868,395.69634423128156,394.68404874693215,2.113682529271708,4.754571918996098,4.749975640911868,-0.04526849522094967,4.626276128600795,0.07843101709012323,4.627642770517909,0.07706437517300913,4.62764277051791,0.07706437517300824
127,2026-05-12T18:14:53.430Z,2026-05-12 18:14:53.430000+00:00,1348.7603833333335,22.479339722222225,141.488,2,5,train,1,12,4.4444684982299805,9.181890487670898,5.1043243408203125,3.7697055339813232,18.055920362472534,True,False,0.07912205272118786,4.505751894951924,463.4584899206736,462.4461944363242,3.363867797467875,4.509400341923178,4.505751894951924,-0.06128339672194372,4.439961845671947,0.004506652558033508,4.436577287100285,0.007891211129695819,4.436577287100286,0.007891211129694042
128,2026-05-12T18:17:15.559Z,2026-05-12 18:17:15.559000+00:00,1351.1291999999999,22.518819999999998,142.129,2,5,train,1,13,4.828210830688477,6.375922679901123,9.206503868103027,2.367205858230591,17.94963240623474,True,False,0.08681195355617227,4.919800597868789,506.2296550073046,505.2173595229552,3.38378679219463,4.910001013700003,4.919800597868789,-0.09158976718031209,4.7558327978529364,0.07237803283554012,4.748770739229929,0.07944009145854736,4.7487707392299265,0.07944009145855002
129,2026-05-12T18:19:37.929Z,2026-05-12 18:19:37.929000+00:00,1353.5020333333334,22.558367222222223,142.37,2,5,train,1,14,4.549225807189941,6.626776695251465,5.112069129943848,2.614516496658325,14.353362321853638,True,False,0.08178464085256451,4.647780390514492,548.8211411018985,547.8088456175491,4.231602860640528,4.6542456457287615,4.647780390514492,-0.09855458332455047,4.5483130512526815,0.0009127559372599237,4.549457166255914,-0.00023135906597282485,4.549457166255916,-0.0002313590659746012
130,2026-05-12T18:22:00.204Z,2026-05-12 18:22:00.204000+00:00,1355.8732833333333,22.597888055555554,142.275,2,5,train,1,15,4.759291648864746,6.115901947021484,7.3441338539123535,2.449049234390259,15.909085035324097,True,False,0.08460597055737362,4.8397794890333055,582.856551507594,581.8442560232445,3.8178015219671932,4.834068971131126,4.8397794890333055,-0.08048784016855937,4.6947860087569255,0.06450564010782056,4.689595884650456,0.06969576421429036,4.689595884650455,0.06969576421429124
131,2026-05-12T18:24:21.438Z,2026-05-12 18:24:21.438000+00:00,1358.2271833333332,22.63711972222222,141.234,2,5,train,1,16,4.518900871276856,2.8598403930664062,2.369830369949341,8.639083862304688,13.868754625320435,True,False,0.03770829396222674,4.679347839533791,620.3049467722434,619.2926512878939,4.379465258551469,4.68368458702824,4.679347839533791,-0.1604469682569345,4.572395339421696,-0.053494468144839935,4.572399326264189,-0.05349845498733252,4.57239932626419,-0.05349845498733341
132,2026-05-12T18:26:44.184Z,2026-05-12 18:26:44.184000+00:00,1360.6062833333333,22.676771388888888,142.746,2,5,train,1,17,4.290088653564453,9.556440353393556,3.5858449935913086,7.650800228118896,20.79308557510376,True,False,0.06320507506938053,4.335892083270201,653.3001009013433,652.2878054169938,2.9210541572381685,4.346429349129881,4.335892083270201,-0.04580342970574769,4.310378586322956,-0.020289932758502438,4.309571816511659,-0.01948316294720609,4.309571816511661,-0.019483162947207866
133,2026-05-12T18:29:06.206Z,2026-05-12 18:29:06.206000+00:00,1362.9733166666667,22.716221944444445,142.022,2,5,train,1,18,4.653983116149902,3.5640995502471924,4.003465652,9.872911453,17.440476655247192,True,False,0.04339081638557392,4.811106868628389,702.5180275604664,701.5057320761169,3.482572768026504,4.801332832744149,4.811106868628389,-0.15712375247848698,4.672912137772615,-0.018929021622712483,4.664084174929416,-0.010101058779513394,4.664084174929413,-0.01010105877951073
134,2026-05-12T18:31:28.845Z,2026-05-12 18:31:28.845000+00:00,1365.3506333333332,22.755843888888887,142.639,2,5,train,1,19,4.745508193969727,4.642705917358398,5.750741004943848,4.196063995361328,14.589510917663574,True,False,0.07123917299872515,4.853298405537955,743.9795633875965,742.967267903247,4.163109332707681,4.852268286864363,4.853298405537955,-0.10779021156822832,4.705099368027698,0.04040882594202877,4.703778854389263,0.04172933958046343,4.703778854389263,0.04172933958046343
135,2026-05-12T18:33:51.356Z,2026-05-12 18:33:51.356000+00:00,1367.7258166666666,22.795430277777776,142.511,2,5,train,1,20,5.143586158752441,2.3970086574554443,9.010506629943848,1.0616852045059204,12.469200491905212,True,False,0.09148553906727903,5.3352117878418985,778.6323265607157,777.6200310763662,4.871020327277255,5.321133870351836,5.3352117878418985,-0.19162562908945713,5.072743169021979,0.07084298973046277,5.069172063652979,0.07441409509946251,5.069172063652976,0.07441409509946517
136,2026-05-12T18:36:13.764Z,2026-05-12 18:36:13.764000+00:00,1370.0992833333332,22.834988055555552,142.408,2,5,train,1,21,4.898233413696289,4.552788734436035,8.627081871032715,9.771245002746582,22.951115608215332,True,False,0.0574258385973666,5.037892942803833,808.2275582882363,807.2152628038868,2.6463954997997927,5.048062639294641,5.037892942803833,-0.13965952910754353,4.845923507417139,0.052309906279149665,4.85636400738359,0.0418694063126992,4.856364007383592,0.04186940631269742
137,2026-05-12T18:38:36.585Z,2026-05-12 18:38:36.585000+00:00,1372.4796333333334,22.874660555555558,142.821,2,5,train,1,22,4.229439735412598,6.014262199401856,2.104924201965332,3.06613564491272,11.185322046279907,True,False,0.0725878644152899,4.3055942429338945,862.8592463262517,861.8469508419022,5.430127877378945,4.3191633398023175,4.3055942429338945,-0.07615450752129682,4.287264861757132,-0.05782512634453418,4.288323051400967,-0.05888331598836949,4.288323051400971,-0.05888331598837304
138,2026-05-12T18:40:59.198Z,2026-05-12 18:40:59.198000+00:00,1374.8565166666667,22.91427527777778,142.613,2,5,train,1,23,4.5437116622924805,5.491227626800537,3.9689435958862314,2.2319869995117188,11.692158222198486,True,False,0.08091039346975212,4.619534715565545,889.4454518760202,888.4331563916708,5.194740603633849,4.607581128499326,4.619534715565545,-0.07582305327306482,4.526764889941547,0.016946772350933337,4.513090884938402,0.030620777354078754,4.5130908849384,0.03062077735408053
139,2026-05-12T18:43:20.928Z,2026-05-12 18:43:20.928000+00:00,1377.2186833333333,22.953644722222222,141.73,2,5,train,1,24,4.700296401977539,4.161565304,5.031970024108887,1.3287742137908936,10.52230954189978,True,False,0.08737183877265993,4.842769466127766,917.0642782898901,916.0519828055407,5.772281153591663,4.834587383132722,4.842769466127766,-0.1424730641502272,4.697067013153687,0.003229388823852375,4.68999989004487,0.010296511932669006,4.689999890044868,0.010296511932670782
140,2026-05-12T18:45:43.466Z,2026-05-12 18:45:43.466000+00:00,1379.5943166666666,22.99323861111111,142.538,2,5,train,1,25,4.453841209411621,8.705640793,5.346917629241943,6.670559883117676,20.72311830535962,True,False,0.06781102252650621,4.549069976598865,942.0614275812786,941.0491320969292,2.9309164849605303,4.560963759507474,4.549069976598865,-0.09522876718724405,4.473008498396808,-0.01916728898518727,4.476761346871936,-0.022920137460315182,4.476761346871938,-0.02292013746031696
141,2026-05-12T18:48:05.532Z,2026-05-12 18:48:05.532000+00:00,1381.9620833333333,23.03270138888889,142.066,2,5,train,1,26,4.932416915893555,4.965035438537598,9.921024322509766,3.1368625164031982,18.02292227745056,True,False,0.08259515039729215,5.0608397733914625,991.128936334099,990.1166408497495,3.3700266874566753,5.0502816206038545,5.0608397733914625,-0.12842285749790783,4.863429267430849,0.06898764846270566,4.8580932891445565,0.07432362674899817,4.858093289144554,0.07432362674900084
142,2026-05-12T18:50:28.022Z,2026-05-12 18:50:28.022000+00:00,1384.3369166666666,23.072281944444445,142.49,2,5,train,1,27,4.393743515014648,7.588895797729492,3.9835362434387207,4.336717606,15.909149647168213,True,False,0.07274073283500779,4.480963767559407,1033.9303729226644,1032.918077438315,3.8177860167263553,4.494678397463749,4.480963767559407,-0.08722025254475874,4.421051390580315,-0.027307875565666606,4.425104279223227,-0.03136076420857847,4.42510427922323,-0.03136076420858114
143,2026-05-12T18:52:50.405Z,2026-05-12 18:52:50.405000+00:00,1386.7099666666666,23.111832777777774,142.383,2,5,train,1,28,4.335851669311523,5.439786911010742,2.5176923274993896,8.414495468139648,16.37197470664978,True,False,0.0486042727349075,4.426965399228636,1071.683580492877,1070.6712850085275,3.709859693119125,4.428413284267855,4.426965399228636,-0.09111372991711253,4.3798569226331825,-0.044005253321659055,4.3734629917719845,-0.03761132246046106,4.373462991771985,-0.03761132246046195
144,2026-05-12T18:55:12.452Z,2026-05-12 18:55:12.452000+00:00,1389.0774166666667,23.15129027777778,142.047,2,5,train,1,29,4.720697402954102,6.504141330718994,7.309062480926514,1.4453870058059692,15.258590817451477,True,False,0.09052738864880722,4.810969254626038,1110.443412012135,1109.4311165277857,3.9805595279151986,4.800940176749412,4.810969254626038,-0.09027185167193608,4.67280715431137,0.04789024864273195,4.663778172870177,0.056919230083924965,4.663778172870174,0.05691923008392763
145,2026-05-12T18:57:34.436Z,2026-05-12 18:57:34.436000+00:00,1391.4438166666666,23.190730277777778,141.984,2,6,train,2,0,5.1237382888793945,1.734874248504639,7.588912010192871,7.268160343170166,16.591946601867676,True,False,0.05619464962386015,5.401114052015454,0.0,-1.0122954843494305,3.6606752973836643,,5.401114052015454,-0.2773757631360594,5.1230189235135075,0.0007193653658870147,,,,
146,2026-05-12T18:59:55.970Z,2026-05-12 18:59:55.970000+00:00,1393.8027166666666,23.230045277777776,141.534,2,6,train,2,1,4.657842636108398,5.649968624,6.021924018859863,7.69212532,19.36401796285986,True,False,0.06027619198271002,4.788159098798391,39.13874283914566,38.12644735479623,3.136628419652401,4.804012738599786,4.788159098798391,-0.13031646268999264,4.655405661226334,0.002436974882064291,4.666172661343437,-0.008330025235038896,4.666172661343437,-0.008330025235038896
147,2026-05-12T19:02:17.828Z,2026-05-12 19:02:17.828000+00:00,1396.1670166666665,23.269450277777775,141.858,2,6,train,2,2,4.601604461669922,1.4128093719482422,1.9532058238983157,5.430089950561523,8.796105146408081,True,False,0.038267109587941675,4.901249402036155,84.92109050873523,83.9087950243858,6.905070829646493,4.898748857413203,4.901249402036155,-0.2996449403662327,4.7416803953687126,-0.14007593369879068,4.740001783602628,-0.1383973219327057,4.740001783602627,-0.13839732193270482
148,2026-05-12T19:04:40.691Z,2026-05-12 19:04:40.691000+00:00,1398.5480666666667,23.309134444444446,142.863,2,6,train,2,3,4.842546463012695,5.638144493103027,8.750115394592285,2.549004554748535,16.937264442443848,True,False,0.08495031731121308,4.951117660438479,105.8650566675902,104.85276118324076,3.586041256388514,4.9487073522661795,4.951117660438479,-0.1085711974257837,4.779724070313669,0.0628223926990259,4.77893510566166,0.06361135735103574,4.77893510566166,0.06361135735103574
149,2026-05-12T19:07:02.830Z,2026-05-12 19:07:02.830000+00:00,1400.91705,23.3486175,142.139,2,6,train,2,4,4.651226043701172,8.275125503540039,8.169450759887695,8.868526458740234,25.31310272216797,True,False,0.06496468032354795,4.754888468495344,145.98915384399896,144.97685835964953,2.3994580880744705,4.759839157454855,4.754888468495344,-0.1036624247941722,4.630024044041084,0.021201999660087623,4.6317475997742745,0.01947844392689735,4.631747599774275,0.01947844392689646
150,2026-05-12T19:09:24.292Z,2026-05-12 19:09:24.292000+00:00,1403.27475,23.387912500000002,141.462,2,6,train,2,5,4.418003082275391,6.378178596496582,3.656946897506714,2.137426376342773,12.17255187034607,True,False,0.08244060572417997,4.519110099270805,205.66985613205438,204.65756064770494,4.989728506224804,4.523109338041845,4.519110099270805,-0.10110701699541469,4.4501526002568745,-0.03214951798148391,4.447260890811021,-0.029257808535630758,4.447260890811023,-0.029257808535632535
151,2026-05-12T19:11:46.284Z,2026-05-12 19:11:46.284000+00:00,1405.6412833333334,23.427354722222223,141.992,2,6,train,2,6,4.865151405334473,5.467805386,8.60830307,2.4208292961120605,16.49693775211206,True,False,0.08532558385993712,4.957340868507631,234.47660588495737,233.46431040060793,3.68175778884719,4.941941039210446,4.957340868507631,-0.0921894631731579,4.7844716534954905,0.08067975183898213,4.773662027556997,0.09148937777747523,4.773662027556995,0.0914893777774779
152,2026-05-12T19:14:08.675Z,2026-05-12 19:14:08.675000+00:00,1408.0144666666667,23.46690777777778,142.391,2,6,train,2,7,4.662804604,9.544548034667969,9.349561691,3.549530267715454,22.44363999338342,True,False,0.08418469433317463,4.751401680690317,273.6268636093072,272.61456812495777,2.7062334398017365,4.756726583308988,4.751401680690317,-0.08859707669031724,4.627364030916377,0.035440573083622695,4.629321929184913,0.03348267481508671,4.629321929184915,0.033482674815084934
153,2026-05-12T19:16:31.256Z,2026-05-12 19:16:31.256000+00:00,1410.3908166666665,23.50651361111111,142.581,2,6,train,2,8,4.850265502929688,6.158670425415039,9.249773979187012,4.070502758026123,19.478947162628174,True,False,0.07910306586879763,4.9369087474541455,326.96080750758387,325.94851202323446,3.1181217626328253,4.933387763400199,4.9369087474541455,-0.08664324452445715,4.768884324065945,0.08138117886374374,4.766996345519136,0.08326915741055263,4.766996345519135,0.08326915741055352
154,2026-05-12T19:18:53.626Z,2026-05-12 19:18:53.626000+00:00,1412.76365,23.546060833333335,142.37,2,6,train,2,9,4.706361770629883,5.2391438484191895,6.073420524597168,6.661333560943604,17.97389793395996,True,False,0.06293884840439842,4.824588644833719,373.18110263330675,372.16880714895734,3.3792185359085467,4.827048627669723,4.824588644833719,-0.11822687420383637,4.683197163319292,0.023164607310590668,4.684124837258972,0.022236933370910705,4.684124837258973,0.022236933370909817
155,2026-05-12T19:21:16.436Z,2026-05-12 19:21:16.436000+00:00,1415.1438166666667,23.585730277777778,142.81,2,6,train,2,10,4.304424285888672,7.571396827697754,3.112863779067993,9.827672958374023,20.51193356513977,True,False,0.052088022676339746,4.375682971949514,415.9619753657871,414.9496798814377,2.9610923255031496,4.386305129856416,4.375682971949514,-0.07125868606084218,4.340734401488463,-0.03631011559979136,4.340647544832747,-0.03622325894407474,4.340647544832748,-0.03622325894407652
156,2026-05-12T19:23:38.614Z,2026-05-12 19:23:38.614000+00:00,1417.51345,23.625224166666666,142.178,2,6,train,2,11,4.534890174865723,1.284639835357666,1.4684510231018066,7.350613594055176,10.103704452514648,True,False,0.027248331257099204,4.819049495933523,464.56773687286113,463.5554413885117,6.011431682945674,4.809815653766985,4.819049495933523,-0.2841593210678006,4.678971437637623,-0.14408126277190014,4.670694950610772,-0.1358047757450489,4.670694950610769,-0.13580477574504624
157,2026-05-12T19:26:00.338Z,2026-05-12 19:26:00.338000+00:00,1419.8755166666667,23.664591944444446,141.724,2,6,train,2,12,4.798438072,4.216410636901856,6.546890735626221,8.233444213867188,18.996745586395264,True,False,0.05665865936656192,4.95145192790175,488.43336036999756,487.42106488564815,3.197270226352026,4.945835884222254,4.95145192790175,-0.15301385590174998,4.779979077469017,0.018458994530982764,4.776697332276665,0.021740739723334457,4.776697332276664,0.021740739723335345
158,2026-05-12T19:28:21.883Z,2026-05-12 19:28:21.883000+00:00,1422.2346,23.70391,141.545,2,6,train,2,13,4.378856658935547,2.320890426635742,1.4332921504974363,3.843435049057007,7.5976176261901855,True,False,0.049412628561246875,4.551725127419354,533.2482662704361,532.2359707860867,7.99431243441277,4.56075430257819,4.551725127419354,-0.17286846848380755,4.47503406933072,-0.09617741039517291,4.476598114290384,-0.09774145535483747,4.476598114290387,-0.09774145535484013
159,2026-05-12T19:30:44.037Z,2026-05-12 19:30:44.037000+00:00,1424.6038333333333,23.74339722222222,142.154,2,6,train,2,14,4.616490364074707,8.014825820922852,7.140639781951904,3.1232385635375977,18.278704166412354,True,False,0.08291323862401231,4.710252665806722,551.2487952043268,550.2364997199774,3.3228684324665183,4.7013375549317065,4.710252665806722,-0.09376230173201527,4.595972123585126,0.020518240489581174,4.586156519844701,0.030333844230005624,4.5861565198447005,0.030333844230006513
160,2026-05-12T19:33:06.234Z,2026-05-12 19:33:06.234000+00:00,1426.9737833333334,23.78289638888889,142.197,2,6,train,2,15,4.94068718,2.79406213760376,6.997148036956787,8.972794532775879,18.764004707336426,True,False,0.05218081282367373,5.158968005198552,594.5684101435157,593.5561146591663,3.236927831147812,5.148482396947824,5.158968005198552,-0.2182808251985513,4.93828968312201,0.0023974968779905126,4.9346224652756305,0.0060647147243697574,4.934622465275628,0.006064714724372422
161,2026-05-12T19:35:29.146Z,2026-05-12 19:35:29.146000+00:00,1429.3556500000002,23.82259416666667,142.912,2,6,train,2,16,4.740546226501465,5.081352233886719,6.269730567932129,4.455780982971191,15.806863784790039,True,False,0.07181110026861424,4.8516137860663955,639.2617674890968,638.2494720047473,3.842490824739691,4.8585752968277705,4.8516137860663955,-0.11106755956493064,4.7038141995129905,0.03673202698847433,4.708693991461698,0.031852235039766974,4.708693991461699,0.031852235039766086
162,2026-05-12T19:37:50.915Z,2026-05-12 19:37:50.915000+00:00,1431.7184666666665,23.861974444444442,141.769,2,6,train,2,17,4.420207977294922,1.2416582107543943,1.198929786682129,8.027692794799805,10.468280792236328,True,False,0.023314124313961425,4.746128911585434,676.6104886875285,675.598193203179,5.802072973244205,4.748987961605833,4.746128911585434,-0.3259209342905125,4.623341522003641,-0.20313354470871925,4.623291117969551,-0.20308314067462874,4.6232911179695515,-0.20308314067462963
163,2026-05-12T19:40:13.123Z,2026-05-12 19:40:13.123000+00:00,1434.0886,23.901476666666667,142.208,2,6,train,2,18,5.171705246,1.0721098184585571,6.397107124328613,3.045468807220459,10.51468575000763,True,False,0.07103604539756932,5.535888998006595,701.4217099359008,700.4094144515514,5.776466411363912,5.50366686104685,5.535888998006595,-0.3641837520065945,5.225836515309975,-0.05413126930997514,5.211422460388139,-0.0397172143881388,5.2114224603881345,-0.03971721438813436
164,2026-05-12T19:42:34.937Z,2026-05-12 19:42:34.937000+00:00,1436.4521666666667,23.940869444444445,141.814,2,6,train,2,19,4.680447578430176,6.685596466064453,6.858957290649414,6.761167049407959,20.305720806121826,True,False,0.06670314186842566,4.771558694896335,726.2738706850938,725.2615752007443,2.9911634086219903,4.80269192802638,4.771558694896335,-0.0911111164661591,4.642741485852298,0.037706092577877826,4.665143336028799,0.015304242401376733,4.6651433360288035,0.015304242401372292
165,2026-05-12T19:44:56.678Z,2026-05-12 19:44:56.678000+00:00,1438.8145166666666,23.980241944444444,141.741,2,6,train,2,20,4.238812446594238,2.4034652709960938,1.0337040424346924,1.552214503288269,4.989383816719055,True,False,0.06888965531000214,4.394765591484838,774.2430902314358,773.2307947470863,12.173392806029115,4.402717064548705,4.394765591484838,-0.1559531448905993,4.355292218383594,-0.11647977178935598,4.353437584662152,-0.11462513806791375,4.353437584662155,-0.11462513806791641
166,2026-05-12T19:47:19.249Z,2026-05-12 19:47:19.249000+00:00,1441.1906999999999,24.019844999999997,142.571,2,6,train,2,21,4.370586395263672,8.03917408,4.065876007080078,9.923268318,22.02831840508008,True,False,0.054952220430445856,4.465156108406256,786.0987809003266,785.0864854159771,2.7572567249145425,4.459145829932345,4.465156108406256,-0.094569713142584,4.408991987149552,-0.038405591885879886,4.397413274933452,-0.026826879669780368,4.397413274933452,-0.026826879669780368
167,2026-05-12T19:49:41.611Z,2026-05-12 19:49:41.611000+00:00,1443.5634,24.05939,142.362,2,6,train,2,22,4.828210830688477,5.967372417449951,9.666806221,6.792750358581543,22.426928997031496,True,False,0.0697116339045767,4.969782863440705,838.3653719800601,837.3530764957106,2.7082499377870812,4.960009289636666,4.969782863440705,-0.14157203275222852,4.7939634469943115,0.03424738369416502,4.78774285635213,0.0404679743363463,4.787742856352128,0.040467974336348966
168,2026-05-12T19:52:03.518Z,2026-05-12 19:52:03.518000+00:00,1445.9285166666666,24.09880861111111,141.907,2,6,train,2,23,4.593334197998047,6.287487506866455,5.229246616363525,9.281452178955078,20.79818630218506,True,False,0.05537374247878543,4.680622012008411,891.4076755330892,890.3953800487398,2.9203377726539896,4.686140554842112,4.680622012008411,-0.0872878140103639,4.573367384666533,0.019966813331514288,4.574313294772358,0.019020903225689167,4.5743132947723595,0.01902090322568739
169,2026-05-12T19:54:25.656Z,2026-05-12 19:54:25.656000+00:00,1448.2974833333333,24.138291388888888,142.138,2,6,train,2,24,4.765908241271973,3.5648081302642822,5.365047931671143,3.621104001998901,12.550960063934326,True,False,0.07114878874960104,4.937831117458189,940.6778856100889,939.6655901257394,4.839289484754084,4.932546552696369,4.937831117458189,-0.17192287618621638,4.769587984986479,-0.0036797437145059675,4.766340778786229,-0.0004325375142562038,4.766340778786227,-0.00043253751425442744
170,2026-05-12T19:56:47.354Z,2026-05-12 19:56:47.354000+00:00,1450.6591166666667,24.177651944444445,141.698,2,6,train,2,25,4.570728302001953,4.845654487609863,4.221555709838867,7.144629001617432,16.211839199066162,True,False,0.055929559170381005,4.700741652432865,970.3186512624117,969.3063557780622,3.746504533826394,4.708838764283724,4.700741652432865,-0.13001335043091178,4.588716327758592,-0.017988025756638493,4.592002312445015,-0.021274010443061542,4.592002312445016,-0.021274010443063318
171,2026-05-12T19:59:09.045Z,2026-05-12 19:59:09.045000+00:00,1453.0206333333333,24.217010555555554,141.691,2,6,train,2,26,4.658393859863281,3.593733310699463,3.8036744594573975,6.83250618,14.22991395015686,True,False,0.0519849086654197,4.785205901688319,1008.6031797283264,1007.5908842439769,4.268313165751526,4.782972550997155,4.785205901688319,-0.1268120418250378,4.653152715675327,0.00524114418795385,4.649775762226952,0.00861809763632948,4.649775762226951,0.008618097636330369
172,2026-05-12T20:01:31.443Z,2026-05-12 20:01:31.443000+00:00,1455.3939333333333,24.256565555555554,142.398,2,6,train,2,27,4.14453125,9.536799430847168,2.546795129776001,3.582962989807129,15.666557550430298,True,False,0.07712986418188136,4.188779849544475,1042.3750345062338,1041.3627390218844,3.8769033251531133,4.206657440316555,4.188779849544475,-0.04424859954447502,4.198149080428941,-0.05361783042894075,4.200645701810854,-0.056114451810853616,4.200645701810857,-0.05611445181085717
173,2026-05-12T20:03:53.561Z,2026-05-12 20:03:53.561000+00:00,1457.7625666666668,24.296042777777778,142.118,2,6,train,2,28,4.797885894775391,5.612346649169922,7.919260025024414,8.927486419677734,22.45909309387207,True,False,0.060250013736691865,4.909905532631645,1079.4833649387679,1078.4710694544185,2.704371401244961,4.890233608184258,4.909905532631645,-0.11201963785625413,4.748284015170293,0.04960187960509721,4.733365736187285,0.06452015858810523,4.733365736187281,0.06452015858810967
174,2026-05-12T20:06:15.936Z,2026-05-12 20:06:15.936000+00:00,1460.1354833333332,24.335591388888886,142.375,2,6,train,2,29,4.549777030944824,6.85363245,5.102411270141602,7.131011009216309,19.08705472935791,True,False,0.06263954229539637,4.632515105748867,1132.776921259435,1131.7646257750857,3.1821425527504137,4.637784055616757,4.632515105748867,-0.08273807480404294,4.536667416330356,0.013109614614467802,4.536628429294952,0.013148601649872305,4.536628429294953,0.013148601649871416
175,2026-05-12T20:08:37.316Z,2026-05-12 20:08:37.316000+00:00,1462.4918166666669,24.374863611111113,141.38,2,7,train,3,0,4.644610404968262,9.542545318603516,8.496578216552734,2.5826752185821533,20.621798753738403,True,False,0.08747599445895109,4.709968359508254,0.0,-1.0122954843494305,2.9453167391595776,,4.709968359508254,-0.06535795453999249,4.595755230981489,0.04885517398677308,,,,
176,2026-05-12T20:10:59.201Z,2026-05-12 20:10:59.201000+00:00,1464.8565666666666,24.41427611111111,141.885,2,7,train,3,1,4.017719268798828,8.793756484985352,1.7661807537078855,5.839504718780518,16.399441957473755,True,False,0.06439205227883217,4.066997767816091,48.765398602902884,47.753103118553454,3.7036460885966727,4.080344859097751,4.066997767816091,-0.04927849901726322,4.105243531291521,-0.08752426249269263,4.102208620806473,-0.08448935200764485,4.102208620806473,-0.08448935200764485
177,2026-05-12T20:13:21.120Z,2026-05-12 20:13:21.120000+00:00,1467.2218833333332,24.453698055555552,141.919,2,7,train,3,2,4.312142372131348,5.712976932525635,2.693763971328736,9.727528572,18.13426947585437,True,False,0.046358310242647915,4.435075872594215,87.55527198894819,86.54297650459876,3.3493342062572533,4.425470174745023,4.435075872594215,-0.12293350046286733,4.38604426949981,-0.07390189736846242,4.371169387225957,-0.0590270150946095,4.371169387225955,-0.05902701509460773
178,2026-05-12T20:15:42.890Z,2026-05-12 20:15:42.890000+00:00,1469.5847166666667,24.493078611111113,141.77,2,7,train,3,3,4.925249099731445,4.074304103851318,7.760206223,2.3196709156036377,14.154181242454957,True,False,0.0836114087005904,5.040029639518721,130.40352838214608,129.39123289779664,4.29115100482006,5.025737530153098,5.040029639518721,-0.11478053978727587,4.847553558232658,0.07769554149878743,4.83896575175622,0.08628334797522541,4.838965751756216,0.08628334797522896
179,2026-05-12T20:18:04.341Z,2026-05-12 20:18:04.341000+00:00,1471.9422333333334,24.532370555555556,141.451,2,7,train,3,4,4.793475151062012,3.311570882797241,5.202599525,5.206424713134766,13.720595120932007,True,False,0.06205394396346632,4.956511828685343,163.77224656425435,162.7599510799049,4.426756166596953,4.959045480182173,4.956511828685343,-0.16303667762333163,4.783839192637101,0.009635958424910385,4.786991746775955,0.006483404286056427,4.786991746775955,0.006483404286056427
180,2026-05-12T20:20:27.025Z,2026-05-12 20:20:27.025000+00:00,1474.3202999999999,24.572004999999997,142.684,2,7,train,3,5,5.117672920227051,1.6180973052978516,6.675900936126709,7.867712497711182,16.161710739135742,True,False,0.05131881380193597,5.375732033266719,196.40073646817206,195.38844098382262,3.7581249931598406,5.36272577029545,5.375732033266719,-0.25805911303966855,5.103655398464503,0.01401752176254778,5.101585186592677,0.016087733634373436,5.101585186592675,0.0160877336343761
181,2026-05-12T20:22:49.168Z,2026-05-12 20:22:49.168000+00:00,1476.68935,24.61148916666667,142.143,2,7,train,3,6,5.138072967529297,2.0108442306518555,7.794434070587158,7.454750061035156,17.26002836227417,True,False,0.056809166795291854,5.34861622271892,234.6886372947216,233.67634181037215,3.518981996212842,5.349333138819814,5.34861622271892,-0.2105432551896227,5.082969192140093,0.0551037753892043,5.091148130072193,0.046924837457104296,5.091148130072192,0.046924837457105184
182,2026-05-12T20:25:10.893Z,2026-05-12 20:25:10.893000+00:00,1479.0514333333333,24.65085722222222,141.725,2,7,train,3,7,4.096011161804199,8.205654144,2.0521554946899414,7.715114593505859,17.9729242321958,True,False,0.057073682090722964,4.161368836303396,275.45826262211006,274.44596713776065,3.3794016085686986,4.190847772114628,4.161368836303396,-0.0653576744991966,4.177237668820331,-0.08122650701613221,4.18832501629854,-0.09231385449434093,4.188325016298548,-0.09231385449434892
183,2026-05-12T20:27:32.473Z,2026-05-12 20:27:32.473000+00:00,1481.4111,24.690185,141.58,2,7,train,3,8,4.418554306030273,3.118473052978516,2.122923851013184,3.8299639225006095,9.07136082649231,True,False,0.05777960996419134,4.593787038567966,317.86837283534805,316.85607735099865,6.69554769374682,4.583465561181985,4.593787038567966,-0.175232732537693,4.5071224102226655,-0.08856810419239203,4.494297301349356,-0.07574299531908224,4.494297301349353,-0.07574299531907958
184,2026-05-12T20:29:54.374Z,2026-05-12 20:29:54.374000+00:00,1483.7761166666667,24.729601944444443,141.901,2,7,train,3,9,4.5861663818359375,6.623647689819336,5.637491226196289,2.030766487121582,14.291905403137207,True,False,0.08579079255117508,4.690404358161881,339.32229237934945,338.30999689500004,4.249799263828973,4.685845504655682,4.690404358161881,-0.10423797632594312,4.5808301758123395,0.005336206023597967,4.5740833582227145,0.012083023613222998,4.5740833582227145,0.012083023613222998
185,2026-05-12T20:32:17.416Z,2026-05-12 20:32:17.416000+00:00,1486.16015,24.769335833333333,143.042,2,7,train,3,10,4.555841445922852,2.8945183753967285,2.5017216205596924,1.1294678449630735,6.525707840919495,True,False,0.08269202556264107,4.697086871865643,373.3946712572753,372.3823757729259,9.307454538511438,4.69688833338171,4.697086871865643,-0.14124542594279177,4.58592815571591,-0.03008670979305883,4.582689182087073,-0.026847736164221203,4.582689182087073,-0.026847736164221203
186,2026-05-12T20:34:39.218Z,2026-05-12 20:34:39.218000+00:00,1488.5235166666666,24.80872527777778,141.802,2,7,train,3,11,4.551981925964356,8.919845581054688,2.7343437671661377,4.778940200805664,16.43312954902649,True,False,0.07091886736151988,4.248418191944869,388.81731164490975,387.80501616056034,3.696053687142263,4.277867447535174,4.248418191944869,0.30356373401948744,4.243646191922829,0.3083357340415276,4.256140611195685,0.2958413147686709,4.256140611195688,0.29584131476866826
187,2026-05-12T20:37:01.024Z,2026-05-12 20:37:01.024000+00:00,1490.88695,24.848115833333335,141.806,2,7,train,3,12,4.550879478,6.321552276611328,2.450877904891968,3.098689556121826,11.871119737625122,True,False,0.07389724284979933,4.349801587946092,427.6559177920639,426.6436223077145,5.116427970013612,4.3471591153102,4.349801587946092,0.20107789005390764,4.320989918891776,0.22988955910822373,4.310140533039444,0.24073894496055548,4.310140533039443,0.24073894496055637
188,2026-05-12T20:39:22.506Z,2026-05-12 20:39:22.506000+00:00,1493.2449833333333,24.887416388888887,141.482,2,7,train,3,13,4.553636551,5.609539031982422,4.121610164642334,2.6237668991088867,12.354916095733643,True,False,0.07876337743795025,4.626673162053612,455.6484138373752,454.6361183530258,4.916077826051735,4.616660627131393,4.626673162053612,-0.07303661105361137,4.532210693474788,0.02142585752521242,4.520166659447163,0.03346989155283708,4.5201666594471615,0.03346989155283886
189,2026-05-12T20:41:43.731Z,2026-05-12 20:41:43.731000+00:00,1495.5987333333333,24.926645555555556,141.225,2,7,train,3,14,4.557495117,3.851474046707153,2.850994348526001,6.965711594,13.668179989233154,True,False,0.049037021757928956,4.630218203660799,484.72879759770825,483.71650211335884,4.443732019099164,4.630094799869419,4.630218203660799,-0.07272308666079841,4.53491514746799,0.02257996953201058,4.530636089628066,0.02685902737193402,4.530636089628066,0.02685902737193402
190,2026-05-12T20:44:05.340Z,2026-05-12 20:44:05.340000+00:00,1497.9588833333332,24.96598138888889,141.609,2,7,train,3,15,4.559700965881348,4.512784481048584,9.559214592,8.438563346862793,22.510562419911377,True,False,0.06251287200448359,5.086239080344632,516.9877525992969,515.9754571149474,2.698187985176292,5.071929011273474,5.086239080344632,-0.5265381144632846,4.882805981366953,-0.32310501548560566,4.874963389718208,-0.31526242383686043,4.874963389718205,-0.31526242383685776
191,2026-05-12T20:46:26.478Z,2026-05-12 20:46:26.478000+00:00,1500.3111833333335,25.00518638888889,141.138,2,7,train,3,16,4.548673629760742,7.070611476898193,3.827148438,3.484979152679444,14.382739067577637,True,False,0.07576971162234686,4.494224235653803,569.9393485796544,568.9270530953049,4.222959811450948,4.50554200507799,4.494224235653803,0.05444939410693905,4.431167583805495,0.11750604595524727,4.433570433682301,0.115103196078441,4.433570433682305,0.11510319607843744
192,2026-05-12T20:48:48.719Z,2026-05-12 20:48:48.719000+00:00,1502.6818666666666,25.044697777777778,142.241,2,7,train,3,17,4.553084373474121,8.379892349243164,7.891027450561523,3.3917808532714844,19.662700653076172,True,False,0.08275017804972355,4.734282520718524,604.0362683748428,603.0239728904934,3.0889820341878416,4.727155486387816,4.734282520718524,-0.18119814724440264,4.614304105060469,-0.0612197315863483,4.606276778536179,-0.0531924050620578,4.606276778536178,-0.05319240506205691
193,2026-05-12T20:51:10.789Z,2026-05-12 20:51:10.789000+00:00,1505.0497,25.084161666666667,142.07,2,7,train,3,18,4.565215110778809,4.927229881286621,8.333495140075684,5.5010600090026855,18.76178503036499,True,False,0.07067944228068118,4.988494571337388,650.5942664045517,649.5819709202023,3.237310786935514,4.982967320987309,4.988494571337388,-0.4232794605585797,4.808238301494809,-0.24302319071600031,4.805634356707503,-0.24041924592869446,4.805634356707501,-0.24041924592869268
194,2026-05-12T20:53:32.949Z,2026-05-12 20:53:32.949000+00:00,1507.4190333333333,25.123650555555557,142.16,2,7,train,3,19,4.570728302001953,7.137866020202637,7.456635952,1.0926467180252075,15.687148690227843,True,False,0.09303476533816588,4.779285082345734,695.0471890698299,694.0348935854804,3.871814455280953,4.7840492645027535,4.779285082345734,-0.20855678034378045,4.648635819884424,-0.07790751788247086,4.65061485943759,-0.07988655743563644,4.650614859437591,-0.07988655743563822
195,2026-05-12T20:55:54.568Z,2026-05-12 20:55:54.568000+00:00,1509.77935,25.162989166666666,141.619,2,7,train,3,20,4.566868782043457,7.172682285308838,1.4326977729797363,6.776312828063965,15.381692886352539,True,False,0.05594559793820697,4.065268725334604,732.0738275758529,731.0615320915034,3.9487024939144115,4.084789685462714,4.065268725334604,0.5016000567088534,4.103924473192459,0.46294430885099835,4.105672533337723,0.4611962487057344,4.105672533337728,0.46119624870572906
196,2026-05-12T20:58:16.503Z,2026-05-12 20:58:16.503000+00:00,1512.1449333333333,25.202415555555554,141.935,2,7,train,3,21,4.567971229553223,2.1303534507751465,1.1738219261169434,7.507896423339844,10.812071800231934,True,False,0.03056005766463011,4.503097339600416,768.4605039062603,767.4482084219109,5.617584694513676,4.490916729172695,4.503097339600416,0.06487388995280696,4.437936729011536,0.13003450054168653,4.42217276090015,0.1457984686530729,4.422172760900147,0.14579846865307555
197,2026-05-12T21:00:38.039Z,2026-05-12 21:00:38.039000+00:00,1514.5038666666667,25.24173111111111,141.536,2,7,train,3,22,4.578998565673828,3.3311359882354736,7.616665363311768,6.235091686248779,17.18289303779602,True,False,0.06371337659767841,5.119417064617118,793.9654604782207,792.9531649938713,3.534778976239057,5.094955243920046,5.119417064617118,-0.5404184989432901,4.908116920417764,-0.3291183547439358,4.892908040254087,-0.3139094745802593,4.892908040254083,-0.31390947458025487
198,2026-05-12T21:02:59.059Z,2026-05-12 21:02:59.059000+00:00,1516.8542,25.280903333333335,141.02,2,7,train,3,23,4.558598518371582,2.907059669494629,1.9698972702026367,1.8399066925048828,6.716863632202148,True,False,0.07260765152825259,4.591625708078474,834.350986748054,833.3386912637045,9.04257290110455,4.604855220140122,4.591625708078474,-0.03302718970689167,4.505473566705262,0.053124951666320364,4.510966548159148,0.04763197021243393,4.5109665481591525,0.047631970212429486
199,2026-05-12T21:05:20.846Z,2026-05-12 21:05:20.846000+00:00,1519.2173166666666,25.32028861111111,141.787,2,7,train,3,24,4.573485374450684,9.455929756,5.500927448272705,1.6760663986206057,16.63292360289331,True,False,0.08992320028254652,4.525351141651764,850.2237191450381,849.2114236606886,3.651656829013539,4.5295778521287655,4.525351141651764,0.04813423279891982,4.454913788942136,0.11857158550854763,4.452301890203229,0.12118348424745484,4.45230189020323,0.12118348424745395
200,2026-05-12T21:07:43.066Z,2026-05-12 21:07:43.066000+00:00,1521.5876500000002,25.35979416666667,142.22,2,7,train,3,25,4.582306861877441,1.846617579460144,8.586780548095703,4.173785209655762,14.607183337211609,True,False,0.07142648850704093,5.427609245619403,889.6492923917629,888.6369969074134,4.15807261802741,5.404442764344714,5.427609245619403,-0.845302383741962,5.143231671368872,-0.5609248094914303,5.1340957970391,-0.5517889351616585,5.134095797039095,-0.5517889351616532
201,2026-05-12T21:10:04.344Z,2026-05-12 21:10:04.344000+00:00,1523.9422833333333,25.399038055555554,141.278,2,7,train,3,26,4.5861663818359375,9.369320869,9.640662193,6.396867752075195,25.406850814075195,True,False,0.07482227215451913,4.772790584189565,924.0438531836726,923.0315576993231,2.390604388770513,4.792063107483106,4.772790584189565,-0.1866242023536273,4.643681273952811,-0.057514892116873106,4.656860154268885,-0.07069377243294728,4.656860154268889,-0.07069377243295172
202,2026-05-12T21:12:26.482Z,2026-05-12 21:12:26.482000+00:00,1526.31125,25.43852083333333,142.138,2,7,train,3,27,4.582306861877441,6.637747764587402,9.825267791748049,9.773897171020508,26.236912727355957,True,False,0.06274753332228096,4.930661077951837,984.2318358671896,983.2195403828401,2.3149724089922192,4.928005870370153,4.930661077951837,-0.3483542160743953,4.7641180796586955,-0.1818112177812541,4.7628021644245555,-0.1804953025471141,4.762802164424555,-0.1804953025471132
203,2026-05-12T21:14:49.121Z,2026-05-12 21:14:49.121000+00:00,1528.6885666666667,25.47814277777778,142.639,2,7,train,3,28,4.585063934326172,7.704174518585205,9.803174018859863,7.864185810089111,25.37153434753418,True,False,0.06900390137085494,4.864989161009946,1046.6052857758118,1045.5929902914625,2.3939320432494395,4.866054989260046,4.864989161009946,-0.2799252266837744,4.714018053285346,-0.1289541189591743,4.714523015639173,-0.12945908131300143,4.714523015639173,-0.12945908131300143
204,2026-05-12T21:17:10.855Z,2026-05-12 21:17:10.855000+00:00,1531.0508,25.517513333333333,141.734,2,7,train,3,29,4.585615158081055,3.1202094554901123,9.280196189880373,8.964114189,21.364519834370483,True,False,0.05804205168899304,5.233605413935608,1106.5387699293685,1105.5264744450192,2.842925070717158,5.227379368953168,5.233605413935608,-0.6479902558545536,4.995229335873027,-0.4096141777919726,4.996107928951154,-0.41049277087009894,4.996107928951151,-0.4104927708700963
205,2026-05-12T21:19:32.410Z,2026-05-12 21:19:32.410000+00:00,1533.41005,25.556834166666665,141.555,2,8,train,4,0,4.597192764282227,9.673283576965332,1.9706493616104128,8.322223663330078,19.966156601905823,False,True,,,0.0,-1.0122954843494305,3.042034091587174,,,,,,,,,
206,2026-05-12T21:21:54.384Z,2026-05-12 21:21:54.384000+00:00,1535.7762833333334,25.59627138888889,141.974,2,8,train,4,1,4.581754684448242,2.295010805130005,4.386499404907227,5.327077388763428,12.00858759880066,False,True,,,47.24458528998295,46.23228980563352,5.057857850579524,,,,,,,,,
207,2026-05-12T21:24:16.073Z,2026-05-12 21:24:16.073000+00:00,1538.1377666666667,25.635629444444444,141.689,2,8,train,4,2,4.571830749511719,2.172534704208374,4.306606769561768,8.992809295654297,15.471950769424438,False,True,,,75.60266476142405,74.59036927707461,3.925667161570557,,,,,,,,,
208,2026-05-12T21:26:37.098Z,2026-05-12 21:26:37.098000+00:00,1540.4881833333334,25.674803055555557,141.025,2,8,train,4,3,4.581203460693359,9.28447723388672,6.559344291687012,2.6919069290161133,18.535728454589844,False,True,,,111.96819571572541,110.95590023137598,3.276792126609185,,,,,,,,,
209,2026-05-12T21:28:59.397Z,2026-05-12 21:28:59.397000+00:00,1542.8598333333332,25.714330555555552,142.299,2,8,train,4,4,4.574036598205566,1.740973711013794,8.216662406921387,9.12351417541504,19.08115029335022,False,True,,,155.9284561050534,154.91616062070398,3.18312722908183,,,,,,,,,
210,2026-05-12T21:31:21.534Z,2026-05-12 21:31:21.534000+00:00,1545.2287833333332,25.753813055555554,142.137,2,8,train,4,5,4.585063934326172,6.323366641998291,6.031274795532227,5.825654983520508,18.180296421051025,False,True,,,201.13074709248542,200.11845160813598,3.34085471734319,,,,,,,,,
211,2026-05-12T21:33:44.159Z,2026-05-12 21:33:44.159000+00:00,1547.6058666666665,25.793431111111108,142.625,2,8,train,4,6,4.585063934326172,8.093380928,5.795618534088135,3.2466487884521484,17.135648250540285,False,True,,,244.34682671002545,243.33453122567602,3.5445247342218744,,,,,,,,,
212,2026-05-12T21:36:06.105Z,2026-05-12 21:36:06.105000+00:00,1549.9716333333333,25.832860555555555,141.946,2,8,train,4,7,4.578447341918945,1.6989171504974363,6.477692127227783,6.137236118,14.31384539572522,False,True,,,284.88577215287864,283.87347666852924,4.2432852515722255,,,,,,,,,
213,2026-05-12T21:38:27.624Z,2026-05-12 21:38:27.624000+00:00,1552.3302833333332,25.872171388888887,141.519,2,8,train,4,8,4.576241493225098,7.480860233306885,5.828138351,7.148883819580078,20.457882403886963,False,True,,,318.64712359550595,317.63482811115654,2.9689157392666297,,,,,,,,,
214,2026-05-12T21:40:49.758Z,2026-05-12 21:40:49.758000+00:00,1554.6991833333334,25.911653055555558,142.134,2,8,train,4,9,4.590025901794434,1.8320579528808596,1.8685290813446045,7.313234806060791,11.013821840286255,False,True,,,367.10980122207377,366.09750573772436,5.514682363827598,,,,,,,,,
215,2026-05-12T21:43:12.005Z,2026-05-12 21:43:12.005000+00:00,1557.0699666666667,25.95116611111111,142.247,2,8,train,4,10,4.590577125549316,1.8762457370758057,8.476800918579102,1.3862676620483398,11.739314317703247,False,True,,,393.2211864773271,392.2088909929777,5.173873653708332,,,,,,,,,
216,2026-05-12T21:45:33.393Z,2026-05-12 21:45:33.393000+00:00,1559.4264333333333,25.990440555555555,141.388,2,8,train,4,11,4.590577125549316,1.0048768520355225,6.323449135,4.086383819580078,11.414709806615601,False,True,,,420.8844893565175,419.8721938721681,5.321005096928893,,,,,,,,,
217,2026-05-12T21:47:55.343Z,2026-05-12 21:47:55.343000+00:00,1561.7922666666666,26.02987111111111,141.95,2,8,train,4,12,4.587268829345703,8.275108337402344,7.275407314300537,2.365873098373413,17.916388750076294,False,True,,,447.8897903073356,446.8774948229862,3.39006537021626,,,,,,,,,
218,2026-05-12T21:50:17.410Z,2026-05-12 21:50:17.410000+00:00,1564.16005,26.069334166666668,142.067,2,8,train,4,13,4.587268829345703,9.913923263549805,3.864881992340088,5.737701416015625,19.516506671905518,False,True,,,490.31191698328706,489.29962149893765,3.1121209385488675,,,,,,,,,
219,2026-05-12T21:52:39.223Z,2026-05-12 21:52:39.223000+00:00,1566.5236,26.108726666666666,141.813,2,8,train,4,14,4.596090316772461,8.838511467,8.579621315002441,1.7130650281906128,19.131197810193054,False,True,,,536.4401563276693,535.4278608433199,3.174800117774378,,,,,,,,,
220,2026-05-12T21:55:01.046Z,2026-05-12 21:55:01.046000+00:00,1568.8873166666667,26.148121944444444,141.823,2,8,train,4,15,4.585063934326172,2.966193914413452,3.66498065,2.9323601722717285,9.563534736685181,False,True,,,581.6608874449195,580.64859196057,6.350970716714117,,,,,,,,,
221,2026-05-12T21:57:22.758Z,2026-05-12 21:57:22.758000+00:00,1571.2491833333333,26.18748638888889,141.712,2,8,train,4,16,4.588372230529785,9.496008873,3.157712936401367,1.1277177333831787,13.781439542784545,False,True,,,604.2486813550049,603.2363858706555,4.407212241682392,,,,,,,,,
222,2026-05-12T21:59:44.397Z,2026-05-12 21:59:44.397000+00:00,1573.6098333333332,26.226830555555555,141.639,2,8,train,4,17,4.596090316772461,8.959188461303711,3.319704532623291,3.809304237365722,16.088197231292725,False,True,,,636.7818366116793,635.7695411273298,3.7752973927262956,,,,,,,,,
223,2026-05-12T22:02:05.838Z,2026-05-12 22:02:05.838000+00:00,1575.9671833333334,26.266119722222225,141.441,2,8,train,4,18,4.598296165466309,6.374973297119141,1.4010696411132812,5.901155471801758,13.67719841003418,False,True,,,674.7073483548672,673.6950528705178,4.440801927418558,,,,,,,,,
224,2026-05-12T22:04:27.366Z,2026-05-12 22:04:27.366000+00:00,1578.3259833333332,26.305433055555554,141.528,2,8,train,4,19,4.602155685424805,8.256122589111328,1.456078290939331,5.405181884765625,15.117382764816284,False,True,,,706.9691239644559,705.9568284801064,4.017741034005231,,,,,,,,,
225,2026-05-12T22:06:48.973Z,2026-05-12 22:06:48.973000+00:00,1580.6861,26.34476833333333,141.607,2,8,train,4,20,4.592782020568848,9.58723259,2.8734359741210938,5.014285564422607,17.4749541285437,False,True,,,742.6479109840782,741.6356154997287,3.4757017737606786,,,,,,,,,
226,2026-05-12T22:09:11.284Z,2026-05-12 22:09:11.284000+00:00,1583.05795,26.384299166666665,142.311,2,8,train,4,21,4.592782020568848,9.813723564,6.222843647003174,7.816064834594727,23.8526320455979,False,True,,,784.0958809338646,783.0835854495151,2.5463742929860533,,,,,,,,,
227,2026-05-12T22:11:32.197Z,2026-05-12 22:11:32.197000+00:00,1585.4065,26.42344166666667,140.913,2,8,train,4,22,4.6038103103637695,8.795659065246582,5.8894243240356445,2.6443545818328857,17.329437971115112,False,True,,,840.1149799245535,839.102684440204,3.50488741540286,,,,,,,,,
228,2026-05-12T22:13:53.468Z,2026-05-12 22:13:53.468000+00:00,1587.7610166666666,26.46268361111111,141.271,2,8,train,4,23,4.594987869262695,7.970355033874512,6.606223583221436,3.653001070022583,18.22957968711853,False,True,,,880.9174304515102,879.9051349671607,3.331822790400626,,,,,,,,,
229,2026-05-12T22:16:15.287Z,2026-05-12 22:16:15.287000+00:00,1590.1246666666666,26.502077777777778,141.819,2,8,train,4,24,4.593334197998047,3.8334975242614746,8.577958106994629,1.9208967685699463,14.33235239982605,False,True,,,924.005776478968,922.9934809946185,4.23780600466557,,,,,,,,,
230,2026-05-12T22:18:36.977Z,2026-05-12 22:18:36.977000+00:00,1592.4861666666666,26.54143611111111,141.69,2,8,train,4,25,4.592782020568848,6.1235527992248535,9.419863701,1.3190112113952637,16.862427711620118,False,True,,,957.8516266711572,956.8393311868077,3.601956378980393,,,,,,,,,
231,2026-05-12T22:20:58.914Z,2026-05-12 22:20:58.914000+00:00,1594.8517833333333,26.580863055555554,141.937,2,8,train,4,26,4.595539093017578,3.0525002479553223,5.901025295257568,2.8663370609283447,11.819862604141235,False,True,,,997.7416667062276,996.7293712218782,5.138615489463103,,,,,,,,,
232,2026-05-12T22:23:21.352Z,2026-05-12 22:23:21.352000+00:00,1597.22575,26.620429166666668,142.438,2,8,train,4,27,4.592782020568848,9.476270676,8.726006507873535,3.7495408058166495,21.951817989690184,False,True,,,1025.8016265330389,1024.7893310486895,2.766865554802418,,,,,,,,,
233,2026-05-12T22:25:42.908Z,2026-05-12 22:25:42.908000+00:00,1599.5850166666667,26.65975027777778,141.556,2,8,train,4,28,4.601053237915039,9.895938873291016,7.390047073364258,4.266472816467285,21.55245876312256,False,True,,,1077.5918189888487,1076.5795235044993,2.8181345677780127,,,,,,,,,
234,2026-05-12T22:28:04.624Z,2026-05-12 22:28:04.624000+00:00,1601.94695,26.699115833333334,141.716,2,8,train,4,29,4.599950790405273,1.4398677349090576,3.707204580307007,2.795019626617432,7.942091941833496,False,True,,,1128.49728975676,1127.4849942724106,7.647573146445348,,,,,,,,,
235,2026-05-12T22:30:26.019Z,2026-05-12 22:30:26.019000+00:00,1604.3035333333332,26.73839222222222,141.395,2,9,train,5,0,4.604912757873535,1.7228540182113647,8.488994598388672,5.0135698318481445,15.225418448448181,False,True,,,0.0,-1.0122954843494305,3.9892321689954207,,,,,,,,,
236,2026-05-12T22:32:47.638Z,2026-05-12 22:32:47.638000+00:00,1606.6638500000001,26.777730833333337,141.619,2,9,train,5,1,4.590577125549316,3.515377759933472,1.6301560401916504,1.575680136680603,6.721213936805725,False,True,,,35.93680892084638,34.92451343649695,9.036720097297126,,,,,,,,,
237,2026-05-12T22:35:09.056Z,2026-05-12 22:35:09.056000+00:00,1609.0208166666666,26.81701361111111,141.418,2,9,train,5,2,4.609323501586914,5.818350315093994,5.144968032836914,7.941873550415039,18.905191898345947,False,True,,,51.77848612943291,50.76619064508348,3.2127539031370476,,,,,,,,,
238,2026-05-12T22:37:30.413Z,2026-05-12 22:37:30.413000+00:00,1611.3767666666668,26.856279444444446,141.357,2,9,train,5,3,4.602155685424805,4.173156261444092,5.681988716125488,7.495442867279053,17.350587844848633,False,True,,,96.31817298234105,95.30587749799162,3.5006150572010033,,,,,,,,,
239,2026-05-12T22:39:52.392Z,2026-05-12 22:39:52.392000+00:00,1613.7430833333335,26.89571805555556,141.979,2,9,train,5,4,4.6038103103637695,7.801742076873779,7.459996700286865,3.510404348373413,18.772143125534058,False,True,,,137.37515817607044,136.362862691721,3.235524503238512,,,,,,,,,
240,2026-05-12T22:42:14.076Z,2026-05-12 22:42:14.076000+00:00,1616.1044833333333,26.93507472222222,141.684,2,9,train,5,5,4.596641540527344,6.238706588745117,4.696681022644043,5.638033390045166,16.573421001434326,False,True,,,181.70369695270657,180.69140146835713,3.664767162778847,,,,,,,,,
241,2026-05-12T22:44:36.576Z,2026-05-12 22:44:36.576000+00:00,1618.4794833333333,26.974658055555555,142.5,2,9,train,5,6,4.6038103103637695,1.3071341514587402,3.0424060821533203,1.2309598922729492,5.58050012588501,False,True,,,221.0655718311131,220.05327634676365,10.883922173791449,,,,,,,,,
242,2026-05-12T22:46:58.299Z,2026-05-12 22:46:58.299000+00:00,1620.8415333333332,27.014025555555556,141.723,2,9,train,5,7,4.596090316772461,4.200015068054199,7.532260417938232,5.874582290649414,17.606857776641846,False,True,,,234.2469921534598,233.23469666911035,3.449663184168137,,,,,,,,,
243,2026-05-12T22:49:21.053Z,2026-05-12 22:49:21.053000+00:00,1623.2207666666666,27.053679444444445,142.754,2,9,train,5,8,4.602706909179688,7.410916328430176,2.7594308853149414,3.1268696784973145,13.297216892242432,False,True,,,276.1378150709053,275.12551958655587,4.567702366079334,,,,,,,,,
244,2026-05-12T22:51:44.195Z,2026-05-12 22:51:44.195000+00:00,1625.6064666666668,27.093441111111115,143.142,2,9,train,5,9,4.600502014160156,1.2029705047607422,5.575952529907227,6.519660949707031,13.298583984375,False,True,,,307.86098541072806,306.84868992637865,4.56723280706644,,,,,,,,,
245,2026-05-12T22:54:06.071Z,2026-05-12 22:54:06.071000+00:00,1627.9710666666665,27.13285111111111,141.876,2,9,train,5,10,4.601604461669922,5.820002555847168,7.052996635437012,8.386407852172852,21.25940704345703,False,True,,,339.3068171001812,338.2945216158318,2.8569813323960496,,,,,,,,,
246,2026-05-12T22:56:27.623Z,2026-05-12 22:56:27.623000+00:00,1630.3302666666668,27.172171111111115,141.552,2,9,train,5,11,4.607668876647949,9.726446151733398,1.8947441577911377,3.899412631988525,15.520602941513062,False,True,,,389.46201019710503,388.4497147127556,3.913361438975429,,,,,,,,,
247,2026-05-12T22:58:49.659Z,2026-05-12 22:58:49.659000+00:00,1632.6975333333332,27.211625555555553,142.036,2,9,train,5,12,4.602155685424805,3.651416778564453,4.073415756225586,7.582317352294922,15.307149887084961,False,True,,,426.2034161871175,425.1911207027681,3.9679319474235912,,,,,,,,,
248,2026-05-12T23:01:11.492Z,2026-05-12 23:01:11.492000+00:00,1635.0614166666667,27.251023611111112,141.833,2,9,train,5,13,4.6038103103637695,5.594438552856445,7.493293285369873,5.222875118255615,18.310606956481934,False,True,,,462.38773268603285,461.37543720168344,3.31707895895088,,,,,,,,,
249,2026-05-12T23:03:33.612Z,2026-05-12 23:03:33.612000+00:00,1637.4300833333332,27.290501388888888,142.12,2,9,train,5,14,4.606015205383301,6.841993808746338,8.264070510864258,2.219604969024658,17.325669288635254,False,True,,,505.7594570302864,504.747161545937,3.5056497990993427,,,,,,,,,
250,2026-05-12T23:05:56.088Z,2026-05-12 23:05:56.088000+00:00,1639.8046833333333,27.330078055555553,142.476,2,9,train,5,15,4.611528396606445,2.878544330596924,9.103222846984863,1.574152588844299,13.555919766426086,False,True,,,546.9009913230797,545.8886958387302,4.480531760847008,,,,,,,,,
251,2026-05-12T23:08:18.272Z,2026-05-12 23:08:18.272000+00:00,1642.1744166666665,27.369573611111107,142.184,2,9,train,5,16,4.602706909179688,2.555204391479492,5.955127716064453,5.529056549072266,14.039388656616211,False,True,,,579.0249062575717,578.0126107732223,4.326237455670303,,,,,,,,,
252,2026-05-12T23:10:40.220Z,2026-05-12 23:10:40.220000+00:00,1644.5402166666668,27.409003611111114,141.948,2,9,train,5,17,4.601604461669922,8.315498352050781,2.356717348098755,4.011821746826172,14.684037446975708,False,True,,,612.2392919413944,611.226996457045,4.1363098725599645,,,,,,,,,
253,2026-05-12T23:13:00.777Z,2026-05-12 23:13:00.777000+00:00,1646.8828333333333,27.448047222222222,140.557,2,9,train,5,18,4.594987869262695,3.917249917984009,1.349490761756897,5.828430176,11.095170855740907,False,True,,,646.6383627986371,645.6260673142876,5.474249099060848,,,,,,,,,
254,2026-05-12T23:15:22.111Z,2026-05-12 23:15:22.111000+00:00,1649.2384,27.487306666666665,141.334,2,9,train,5,19,4.602706909179688,9.278496742248535,8.703334808,7.292832374572754,25.27466392482129,False,True,,,672.7737774273919,671.7614819430424,2.4031072872671357,,,,,,,,,
255,2026-05-12T23:17:42.795Z,2026-05-12 23:17:42.795000+00:00,1651.5831333333333,27.526385555555557,140.684,2,9,train,5,20,4.614836692810059,2.236849308013916,9.139513016,1.1216877698898315,12.498050093903748,False,True,,,732.0361244207179,731.0238289363684,4.859776413489674,,,,,,,,,
256,2026-05-12T23:20:02.918Z,2026-05-12 23:20:02.918000+00:00,1653.9185166666668,27.565308611111114,140.123,2,9,train,5,21,4.606015205383301,8.640480041503906,9.591248512268066,9.203690528869627,27.4354190826416,False,True,,,761.2238623091858,760.2115668248364,2.2138436769640824,,,,,,,,,
257,2026-05-12T23:22:23.580Z,2026-05-12 23:22:23.580000+00:00,1656.2628833333333,27.60438138888889,140.662,2,9,train,5,22,4.604912757873535,5.822964191436768,8.930428504943848,2.3932037353515625,17.146596431732178,False,True,,,825.5425442925614,824.5302488082119,3.5422615387717507,,,,,,,,,
258,2026-05-12T23:24:44.154Z,2026-05-12 23:24:44.154000+00:00,1658.6057833333332,27.64342972222222,140.574,2,9,train,5,23,4.604361534118652,9.336367607,4.843417644500732,3.7927069664001465,17.97249221790088,False,True,,,865.7153050724667,864.7030095881172,3.3794828410313693,,,,,,,,,
259,2026-05-12T23:27:04.854Z,2026-05-12 23:27:04.854000+00:00,1660.9507833333334,27.682513055555557,140.7,2,9,train,5,24,4.604912757873535,8.748619079589844,9.419809341430664,7.6280694007873535,25.79649782180786,False,True,,,907.8607993234442,906.8485038390947,2.3544951520364648,,,,,,,,,
260,2026-05-12T23:29:25.571Z,2026-05-12 23:29:25.571000+00:00,1663.2960666666665,27.72160111111111,140.717,2,9,train,5,25,4.601053237915039,3.835585117340088,4.897727966308594,6.061033248901367,14.794346332550049,False,True,,,968.3608957232998,967.3486002389503,4.105468920065269,,,,,,,,,
261,2026-05-12T23:31:45.810Z,2026-05-12 23:31:45.810000+00:00,1665.6333833333333,27.76055638888889,140.239,2,9,train,5,26,4.604912757873535,3.201841354370117,4.140279293060303,1.5786179304122925,8.920738577842712,False,True,,,1002.9399679788079,1001.9276724944584,6.808598697402243,,,,,,,,,
262,2026-05-12T23:34:06.084Z,2026-05-12 23:34:06.084000+00:00,1667.9712833333333,27.799521388888888,140.274,2,9,train,5,27,4.601604461669922,4.049111366271973,6.523565292358398,1.9995683431625368,12.572245001792908,False,True,,,1023.7957626999464,1022.7834672155969,4.831096518744594,,,,,,,,,
263,2026-05-12T23:36:26.211Z,2026-05-12 23:36:26.211000+00:00,1670.3067333333333,27.838445555555555,140.127,2,9,train,5,28,4.596090316772461,8.351072311401367,2.42453408241272,9.145073890686035,19.920680284500122,False,True,,,1053.1576122893837,1052.1453168050343,3.0489786590382977,,,,,,,,,
264,2026-05-12T23:38:46.676Z,2026-05-12 23:38:46.676000+00:00,1672.6478166666668,27.877463611111114,140.465,2,9,train,5,29,4.609874725341797,6.457474708557129,7.070789337158203,1.207836627960205,14.736100673675537,False,True,,,1099.7935848920888,1098.7812894077395,4.121696126131065,,,,,,,,,
265,2026-05-12T23:41:07.484Z,2026-05-12 23:41:07.484000+00:00,1674.9946166666666,27.916576944444444,140.808,2,10,train,6,0,4.601053237915039,6.9601263999938965,9.867917061,8.528712272644043,25.35675573363794,False,True,,,0.0,-1.0122954843494305,2.395327292615433,,,,,,,,,
266,2026-05-12T23:43:27.810Z,2026-05-12 23:43:27.810000+00:00,1677.3333833333334,27.95555638888889,140.326,2,10,train,6,1,4.615939140319824,3.5786707401275635,2.794595241546631,3.957703113555908,10.330969095230103,False,True,,,59.30353508464129,58.29123960029186,5.879189890231011,,,,,,,,,
267,2026-05-12T23:45:48.022Z,2026-05-12 23:45:48.022000+00:00,1679.67025,27.994504166666665,140.212,2,10,train,6,2,4.608772277832031,5.733865737915039,6.970927715301514,1.164964199066162,13.869757652282715,False,True,,,83.44563239764801,82.43333691329858,4.379148546331629,,,,,,,,,
268,2026-05-12T23:48:08.398Z,2026-05-12 23:48:08.398000+00:00,1682.00985,28.0334975,140.376,2,10,train,6,3,4.6038103103637695,2.9151618480682373,8.78195858,6.083753586,17.78087401406824,False,True,,,115.89531740092866,114.88302191657922,3.4159023348857938,,,,,,,,,
269,2026-05-12T23:50:28.494Z,2026-05-12 23:50:28.494000+00:00,1684.3447833333335,28.072413055555558,140.096,2,10,train,6,4,4.609323501586914,7.623536109924316,2.051023483276367,2.864326477050781,12.538886070251465,False,True,,,157.41247283217706,156.40017734782762,4.843949352492023,,,,,,,,,
270,2026-05-12T23:52:48.978Z,2026-05-12 23:52:48.978000+00:00,1686.6861833333335,28.11143638888889,140.484,2,10,train,6,5,4.601604461669922,5.470940589904785,6.338641644,9.759559631347656,21.56914186525244,False,True,,,186.77102067706383,185.7587251927144,2.8159548228858093,,,,,,,,,
271,2026-05-12T23:55:09.164Z,2026-05-12 23:55:09.164000+00:00,1689.0226166666666,28.150376944444442,140.186,2,10,train,6,6,4.604361534118652,1.0965633392333984,2.934919595718384,5.277831077575684,9.309314012527466,False,True,,,237.16588270243514,236.1535872180857,6.524404373859511,,,,,,,,,
272,2026-05-12T23:57:29.224Z,2026-05-12 23:57:29.224000+00:00,1691.35695,28.1892825,140.06,2,10,train,6,7,4.613734245300293,5.123155117034912,6.431890011,7.070981979370117,18.62602710740503,False,True,,,258.8969247123451,257.8846292279957,3.2609062958369006,,,,,,,,,
273,2026-05-12T23:59:49.727Z,2026-05-12 23:59:49.727000+00:00,1693.6986666666667,28.22831111111111,140.503,2,10,train,6,8,4.619799613952637,8.438204765319824,7.929050445556641,1.6938496828079224,18.061104893684387,False,True,,,302.5138028235406,301.50150733919116,3.3629021822582197,,,,,,,,,
274,2026-05-13T00:02:10.508Z,2026-05-13 00:02:10.508000+00:00,1696.0450166666667,28.267416944444445,140.781,2,10,train,6,9,4.606015205383301,8.817798614501953,1.2012004852294922,1.7742775678634644,11.79327666759491,False,True,,,344.8914762908369,343.8791808064875,5.150199624151829,,,,,,,,,
275,2026-05-13T00:04:31.101Z,2026-05-13 00:04:31.101000+00:00,1698.3882333333333,28.306470555555556,140.593,2,10,train,6,10,4.62035083770752,2.5716183185577397,2.101430654525757,1.4994916915893557,6.172540664672852,False,True,,,372.52567873295646,371.51338324860706,9.839988484577278,,,,,,,,,
276,2026-05-13T00:06:51.536Z,2026-05-13 00:06:51.536000+00:00,1700.7288166666667,28.345480277777778,140.435,2,10,train,6,11,4.600502014160156,4.168999195098877,9.681185722351074,4.237885475158691,18.088070392608643,False,True,,,386.973024537012,385.9607290526626,3.35788880420242,,,,,,,,,
277,2026-05-13T00:09:12.293Z,2026-05-13 00:09:12.293000+00:00,1703.0747666666668,28.384579444444448,140.757,2,10,train,6,12,4.606015205383301,8.356901168823242,1.793717384338379,3.936431407928467,14.087049961090088,False,True,,,429.40673327455227,428.39443779020286,4.311600315802799,,,,,,,,,
278,2026-05-13T00:11:32.752Z,2026-05-13 00:11:32.752000+00:00,1705.4157500000001,28.423595833333334,140.459,2,10,train,6,13,4.617041588,8.838807106018066,8.286384582519531,7.180283069610596,24.305474758148193,False,True,,,462.38428244929815,461.37198696494875,2.4989320169771236,,,,,,,,,
279,2026-05-13T00:13:53.237Z,2026-05-13 00:13:53.237000+00:00,1707.7571666666665,28.462619444444442,140.485,2,10,train,6,14,4.624761581420898,9.737529754638672,4.807708740234375,4.312875747680664,18.85811424255371,False,True,,,519.2935261392723,518.2812306549229,3.22077426617291,,,,,,,,,
280,2026-05-13T00:16:13.983Z,2026-05-13 00:16:13.983000+00:00,1710.1029333333333,28.501715555555556,140.746,2,10,train,6,15,4.614285469055176,8.150537490844727,2.8823812007904053,2.6563639640808105,13.689282655715942,False,True,,,563.5302619256468,562.5179664412973,4.436881799325319,,,,,,,,,
281,2026-05-13T00:18:34.631Z,2026-05-13 00:18:34.631000+00:00,1712.4470666666666,28.540784444444444,140.648,2,10,train,6,16,4.618144989013672,2.9467170238494877,5.681501388549805,1.1216145753860474,9.74983298778534,False,True,,,595.6197657083324,594.6074702239829,6.229617382888352,,,,,,,,,
282,2026-05-13T00:20:54.632Z,2026-05-13 00:20:54.632000+00:00,1714.7804166666667,28.57967361111111,140.001,2,10,train,6,17,4.609874725341797,5.946578502655029,9.510712623596191,3.1371777057647705,18.59446883201599,False,True,,,618.3695385103813,617.3572430260318,3.266440660912427,,,,,,,,,
283,2026-05-13T00:23:15.326Z,2026-05-13 00:23:15.326000+00:00,1717.1253166666668,28.61875527777778,140.694,2,10,train,6,18,4.597192764282227,7.675373077392578,5.905945777893066,6.379865646362305,19.96118450164795,False,True,,,661.9717084745756,660.9594129902262,3.0427918271058245,,,,,,,,,
284,2026-05-13T00:25:35.830Z,2026-05-13 00:25:35.830000+00:00,1719.46705,28.657784166666666,140.504,2,10,train,6,19,4.610425949,8.910871505737305,2.4682936668396,8.030412673950195,19.4095778465271,False,True,,,708.7154795949014,707.7031841105519,3.1292658470587735,,,,,,,,,
285,2026-05-13T00:27:56.529Z,2026-05-13 00:27:56.529000+00:00,1721.8120333333331,28.69686722222222,140.699,2,10,train,6,20,4.612079620361328,9.24110507965088,4.796757698059082,1.9014770984649656,15.939339876174929,False,True,,,754.2306161520434,753.2183206676939,3.8105548619207608,,,,,,,,,
286,2026-05-13T00:30:17.156Z,2026-05-13 00:30:17.156000+00:00,1724.1558166666666,28.735930277777776,140.627,2,10,train,6,21,4.613183022,7.324322700500488,5.197127342224121,1.580772042274475,14.102222084999084,False,True,,,791.5889752981576,790.5766798138081,4.306961604694497,,,,,,,,,
287,2026-05-13T00:32:37.674Z,2026-05-13 00:32:37.674000+00:00,1726.4977833333332,28.774963055555553,140.518,2,10,train,6,22,4.602706909179688,2.934453010559082,1.7687329053878784,2.9349048137664795,7.63809072971344,False,True,,,824.6159093471559,823.6036138628065,7.951951765208286,,,,,,,,,
288,2026-05-13T00:34:57.889Z,2026-05-13 00:34:57.889000+00:00,1728.8346999999999,28.813911666666666,140.215,2,10,train,6,23,4.621453285217285,6.464269638061523,8.355550765991211,1.354412317276001,16.174232721328735,False,True,,,842.4654908749354,841.453195390586,3.755215478065419,,,,,,,,,
289,2026-05-13T00:37:18.418Z,2026-05-13 00:37:18.418000+00:00,1731.17685,28.852947500000003,140.529,2,10,train,6,24,4.621453285217285,1.9532101154327397,1.395636796951294,5.057088851928711,8.405935764312744,False,True,,,880.3479700431956,879.3356745588461,7.225576159982904,,,,,,,,,
290,2026-05-13T00:39:39.516Z,2026-05-13 00:39:39.516000+00:00,1733.5284833333333,28.892141388888888,141.098,2,10,train,6,25,4.619248390197754,9.762156487,7.855429172515869,2.310025691986084,19.92761135150195,False,True,,,900.1156487844122,899.1033533000627,3.047918186962634,,,,,,,,,
291,2026-05-13T13:32:54.593Z,2026-05-13 13:32:54.593000+00:00,2506.7797666666665,41.77966277777777,46395.077,3,11,test,1,0,4.300564765930176,2.0,2.0,6.0,10.0,True,False,0.04,4.760753385474143,0.0,-1.0122954843494305,6.0737729060965835,,4.760753385474143,-0.46018861954396684,4.634498292837192,-0.33393352690701583,,,,
292,2026-05-13T13:35:17.721Z,2026-05-13 13:35:17.721000+00:00,2509.165233333333,41.81942055555555,143.128,3,11,test,1,1,3.895318031311035,5.409165859222412,1.5117745399475098,7.6568474769592285,14.57778787612915,True,False,0.047475930216427625,4.2096561557550425,23.854666666666663,22.842371182317233,4.1664571865819715,4.233042491220449,4.2096561557550425,-0.3143381244440073,4.214075271416377,-0.31875724010534157,4.221207924259877,-0.3258898929488421,4.221207924259877,-0.3258898929488421
293,2026-05-13T13:37:38.080Z,2026-05-13 13:37:38.080000+00:00,2511.5045499999997,41.85840916666666,140.359,3,11,test,1,2,4.508424758911133,4.432991027832031,6.061048984527588,2.132323265075684,12.626363277435303,True,False,0.08311213436345224,4.896122972674344,57.95672880842686,56.94443332407743,4.810389795255679,4.875745692965145,4.896122972674344,-0.387698213763211,4.737769526641444,-0.22934476773031154,4.722075110421844,-0.21365035151071154,4.722075110421839,-0.21365035151070622
294,2026-05-13T13:39:58.499Z,2026-05-13 13:39:58.499000+00:00,2513.844866666667,41.89741444444444,140.419,3,11,test,1,3,4.186433792114258,7.58273983,4.223146915435791,2.022603988647461,13.828490734083253,True,False,0.08537364613722939,4.5064996282345655,87.50641722599666,86.49412174164722,4.392216781204097,4.519847110840812,4.5064996282345655,-0.3200658361203077,4.440532279107196,-0.25409848699293835,4.444718593597678,-0.2582848014834198,4.44471859359768,-0.2582848014834225
295,2026-05-13T13:42:18.727Z,2026-05-13 13:42:18.727000+00:00,2516.1820000000002,41.93636666666667,140.228,3,11,test,1,4,3.87050724,7.342101573944092,2.0451855659484863,5.228659629821777,14.615946769714355,True,False,0.06422633639679051,4.20737006112886,119.82544387031376,118.81314838596433,4.155579519954208,4.216739387542957,4.20737006112886,-0.33686282112886046,4.212331247389104,-0.3418240073891039,4.208502697893358,-0.3379954578933586,4.208502697893361,-0.3379954578933613
296,2026-05-13T13:44:38.791Z,2026-05-13 13:44:38.791000+00:00,2518.5164,41.975273333333334,140.064,3,11,test,1,5,4.239914894104004,9.474337577819824,6.333772659301758,4.844608306884766,20.652718544006348,True,False,0.07654251523080614,4.585726863912815,153.94491000953496,152.93261452518553,2.9409072191415015,4.574501340003143,4.585726863912815,-0.34581196980881135,4.5009734354157604,-0.26105854131175654,4.487311364099017,-0.24739646999501286,4.487311364099013,-0.2473964699950093
297,2026-05-13T13:46:58.938Z,2026-05-13 13:46:58.938000+00:00,2520.8521833333334,42.014203055555555,140.147,3,11,test,1,6,4.416348457336426,7.453158855438232,8.384086608886719,2.580932378768921,18.418177843093872,True,False,0.08598703736734374,4.811428327437967,202.18518577264925,201.1728902882998,3.297705645932842,4.806692107158889,4.811428327437967,-0.395079870101541,4.673157373416521,-0.2568089160800948,4.6682607290350955,-0.2519122716986697,4.668260729035094,-0.2519122716986679
298,2026-05-13T13:49:19.297Z,2026-05-13 13:49:19.297000+00:00,2523.1915,42.05319166666666,140.359,3,11,test,1,7,4.4554948806762695,5.668975830078125,7.238452434539795,3.943468570709229,16.85089683532715,True,False,0.07659787126319637,4.866454197289685,245.27113617062946,244.25884068628002,3.6044211566017017,4.865161375869738,4.866454197289685,-0.41095931661341556,4.715135705391006,-0.2596408247147366,4.71382661079304,-0.2583317301167707,4.713826610793039,-0.2583317301167698
299,2026-05-13T13:51:39.514Z,2026-05-13 13:51:39.514000+00:00,2525.52845,42.09214083333333,140.217,3,11,test,1,8,4.545917510986328,5.075520038604736,8.446838379,3.952305793762207,17.474664211366942,True,False,0.0773826509856979,4.9814634605464265,284.65083952994723,283.6385440455978,3.47575943813885,4.978507030001715,4.9814634605464265,-0.4355459495600984,4.802874382601246,-0.25695687161491776,4.802158392390921,-0.2562408814045929,4.80215839239092,-0.256240881404592
300,2026-05-13T13:53:59.685Z,2026-05-13 13:53:59.685000+00:00,2527.864633333333,42.13107722222222,140.171,3,11,test,1,9,4.209038734436035,9.767338752746582,5.951909065246582,1.9870312213897705,17.706279039382935,True,False,0.08877781595461054,4.545472097413006,325.47485881613915,324.46256333178974,3.4302932268191877,4.556283185978814,4.545472097413006,-0.3364333629769707,4.470263735483018,-0.26122500104698254,4.473113713428443,-0.26407497899240795,4.473113713428447,-0.2640749789924115
301,2026-05-13T13:56:20.048Z,2026-05-13 13:56:20.048000+00:00,2530.204016666667,42.17006694444445,140.363,3,11,test,1,10,4.072303771972656,2.596588134765625,1.709921956062317,9.487032890319824,13.793542981147766,True,False,0.03122120325948044,4.580100584702026,366.8966328962209,365.8843374118715,4.403345039340416,4.57925430850814,4.580100584702026,-0.5077968127293699,4.496681239451787,-0.42437746747913074,4.49101541591415,-0.41871164394149396,4.49101541591415,-0.41871164394149396
302,2026-05-13T13:58:40.429Z,2026-05-13 13:58:40.429000+00:00,2532.5437,42.20906166666667,140.381,3,11,test,1,11,4.324824333190918,8.935621262,7.854085445404053,4.446170330047607,21.235877037451658,True,False,0.0790629305198635,4.704406625852941,399.16915551682933,398.1568600324799,2.860146955731971,4.700507505675268,4.704406625852941,-0.3795822926620227,4.591512275761234,-0.26668794257031614,4.585509651376769,-0.2606853181858506,4.585509651376768,-0.2606853181858497
303,2026-05-13T14:01:00.729Z,2026-05-13 14:01:00.729000+00:00,2534.8820333333333,42.24803388888889,140.3,3,11,test,1,12,3.979675293,8.412832260131836,3.176182270050049,1.7354533672332764,13.324467897415161,True,False,0.08697543961534149,4.3381146671545325,448.8257146560705,447.8134191717211,4.558360568585892,4.34558187193415,4.3381146671545325,-0.3584393741545324,4.312074159048821,-0.3323988660488211,4.308911366217947,-0.3292360732179467,4.3089113662179495,-0.32923607321794934
304,2026-05-13T14:03:20.989Z,2026-05-13 14:03:20.989000+00:00,2537.2197,42.286995000000005,140.26,3,11,test,1,13,4.885552406311035,1.8670899868011477,8.915605545043945,9.862728118896484,20.645423650741577,True,False,0.0522280177644007,5.43919673304763,479.973879110928,478.9615836265786,2.941946364892549,5.403412267968889,5.43919673304763,-0.5536443267365945,5.152071575132739,-0.2665191688217039,5.133292717454762,-0.24774031114372708,5.133292717454753,-0.2477403111437182
305,2026-05-13T14:05:41.347Z,2026-05-13 14:05:41.347000+00:00,2539.559,42.32598333333333,140.358,3,11,test,1,14,4.538198471069336,5.549419403076172,8.299148559570312,6.118420600891113,19.966988563537598,True,False,0.06935731904978315,4.935088771365873,528.2697186571078,527.2574231727583,3.041907339591564,4.945655027549226,4.935088771365873,-0.39689030029653694,4.767495894212404,-0.229297423143068,4.77655638825667,-0.2383579171873338,4.776556388256673,-0.23835791718733734
306,2026-05-13T14:08:01.868Z,2026-05-13 14:08:01.868000+00:00,2541.9010166666662,42.365016944444434,140.521,3,11,test,1,15,4.781897545,2.8602161407470703,8.312158584594727,1.0527150630950928,12.22508978843689,True,False,0.09138889708531381,5.2234640816762115,575.0327386560556,574.0204431717061,4.968284905229462,5.217221520258416,5.2234640816762115,-0.4415665366762118,4.987492680125545,-0.20559513512554517,4.988191781840967,-0.20629423684096704,4.988191781840965,-0.20629423684096526
307,2026-05-13T14:10:22.260Z,2026-05-13 14:10:22.260000+00:00,2544.2408833333334,42.40401472222222,140.392,3,11,test,1,16,4.388781547546387,8.928237915039062,9.144607543945312,9.202996253967283,27.27584171295166,True,False,0.06625953343321635,4.77084374572494,603.6378187490261,602.6255232646766,2.226795774083303,4.786861373388245,4.77084374572494,-0.382062198178553,4.64219606287684,-0.2534145153304532,4.652806373437883,-0.26402482589149656,4.652806373437887,-0.2640248258915001
308,2026-05-13T14:12:42.655Z,2026-05-13 14:12:42.655000+00:00,2546.5808,42.44301333333333,140.395,3,11,test,1,17,4.8761796951293945,1.8514130115509035,8.883493423461914,9.643140793,20.378047228012818,True,False,0.05267877885892819,5.441289454778044,667.4610153705236,666.4487198861741,2.980547075063812,5.430655559898085,5.441289454778044,-0.5651097596486494,5.1536680781551585,-0.27748838302576395,5.154523778593595,-0.2783440834642006,5.15452377859359,-0.27834408346419526
309,2026-05-13T14:15:03.051Z,2026-05-13 14:15:03.051000+00:00,2548.9207333333334,42.482012222222224,140.396,3,11,test,1,18,4.597744941711426,5.104634761810303,8.88956356,2.187124490737915,16.181322812548217,True,False,0.08648364836376757,5.0011319157486565,715.1442873475917,714.1319918632422,3.7535700736323747,5.010476272179903,5.0011319157486565,-0.4033869740372307,4.817879123900736,-0.22013418218931058,4.827072449657249,-0.2293275079458228,4.827072449657252,-0.22932750794582635
310,2026-05-13T14:17:23.187Z,2026-05-13 14:17:23.187000+00:00,2551.2563333333333,42.520938888888885,140.136,3,11,test,1,19,4.495744705200195,2.2735037803649902,4.164804935455322,9.593246459960938,16.03155517578125,True,False,0.04016022553786059,5.023347638536227,752.9373849085792,751.9250894242298,3.7886361238815973,5.022752586071339,5.023347638536227,-0.5276029333360315,4.834827133786684,-0.3390824285864884,4.836639544979868,-0.34089483977967294,4.836639544979869,-0.34089483977967383
311,2026-05-13T14:19:43.500Z,2026-05-13 14:19:43.500000+00:00,2553.594883333333,42.55991472222222,140.313,3,11,test,1,20,4.130195617675781,8.890006065368652,4.594384670257568,1.1533818244934082,14.637772560119629,True,False,0.09212051000412605,4.474029686964904,790.4279782649024,789.415682780553,4.149383303470965,4.488861996407507,4.474029686964904,-0.3438340692891231,4.415761494429317,-0.2855658767535356,4.420571480222504,-0.290375862546723,4.420571480222509,-0.2903758625467274
312,2026-05-13T14:22:03.557Z,2026-05-13 14:22:03.557000+00:00,2555.929166666667,42.598819444444445,140.057,3,11,test,1,21,4.260867118835449,7.999597549438477,6.175517082214356,5.257735252380371,19.432849884033203,True,False,0.07294408548537015,4.6481495819840575,824.5966867891137,823.5843913047643,3.1255183580083306,4.642991038068405,4.6481495819840575,-0.38728246314860826,4.548594701358592,-0.2877275825231429,4.54068630024047,-0.2798191814050206,4.540686300240468,-0.2798191814050188
313,2026-05-13T14:24:23.791Z,2026-05-13 14:24:23.791000+00:00,2558.2664,42.637773333333335,140.234,3,11,test,1,22,4.3386077880859375,6.521120548248291,6.200735569000244,7.388328552246094,20.11018466949463,True,False,0.06326076227706882,4.7386225664792185,870.0157912997389,869.0034958153894,3.0202472060388184,4.736606115590394,4.7386225664792185,-0.40001477839328103,4.617615054659591,-0.2790072665736538,4.613641780053684,-0.2750339919677467,4.613641780053684,-0.2750339919677467
314,2026-05-13T14:26:43.941Z,2026-05-13 14:26:43.941000+00:00,2560.602233333333,42.67670388888889,140.15,3,11,test,1,23,4.345775604248047,7.151160717010498,7.086976528167725,3.121375084,17.359512329178223,True,False,0.08201922366935661,4.756455533560129,916.9898309902335,915.977535505884,3.4988153992596103,4.75607123124831,4.756455533560129,-0.4106799293120824,4.6312195322304115,-0.2854439279823646,4.628811204574103,-0.28303560032605635,4.628811204574103,-0.28303560032605635
315,2026-05-13T14:29:04.254Z,2026-05-13 14:29:04.254000+00:00,2562.940783333333,42.71567972222222,140.313,3,11,test,1,24,4.237709999084473,9.166446685791016,6.3685736656188965,2.041278123855591,17.576298475265503,True,False,0.08838618878298973,4.602348593378473,957.5859185476332,956.5736230632838,3.455660994061968,4.606191371563248,4.602348593378473,-0.36463859429400003,4.513653879711866,-0.27594388062739306,4.512007828802796,-0.27429782971832317,4.512007828802798,-0.27429782971832495
316,2026-05-13T14:31:24.670Z,2026-05-13 14:31:24.670000+00:00,2565.28105,42.75468416666667,140.416,3,11,test,1,25,4.157212257385254,7.9552483558654785,4.838144302368164,9.51248264312744,22.305875301361084,True,False,0.05735436285458388,4.54494297791704,998.7191439926812,997.7068485083317,2.7229475750391052,4.546355739612218,4.54494297791704,-0.3877307205317857,4.469860078913559,-0.31264782152830506,4.4653771219288005,-0.30816486454354663,4.465377121928801,-0.3081648645435475
317,2026-05-13T14:33:44.994Z,2026-05-13 14:33:44.994000+00:00,2567.6197833333335,42.79366305555556,140.324,3,11,test,1,26,4.582306861877441,2.3128554821014404,4.951000690460205,3.557969570159912,10.821825742721558,True,False,0.06712227996691873,5.090786376379755,1050.8866380891511,1049.8743426048018,5.612521445544089,5.080194439446693,5.090786376379755,-0.508479514502314,4.8862750387950875,-0.3039681769176461,4.881404748249341,-0.29909788637189916,4.881404748249335,-0.29909788637189383
318,2026-05-13T14:36:05.537Z,2026-05-13 14:36:05.537000+00:00,2569.9621666666667,42.832702777777776,140.543,3,11,test,1,27,4.212899208068848,4.797491073608398,3.7779135704040527,6.544902801513672,15.120307445526123,True,False,0.05671448596470033,4.656922326392705,1076.2355023451398,1075.2232068607905,4.016963893081237,4.674248491943481,4.656922326392705,-0.444023118323857,4.555287283922137,-0.34238807585328956,4.565045651378752,-0.35214644330990463,4.565045651378756,-0.3521464433099082
319,2026-05-13T14:38:25.717Z,2026-05-13 14:38:25.717000+00:00,2572.2985,42.87164166666666,140.18,3,11,test,1,28,4.066789627075195,9.821391105651855,4.327126979827881,1.0353699922561646,15.1838880777359,True,False,0.09318112734396189,4.404890495947181,1111.5615806403707,1110.5492851560214,4.000143359198321,4.412112658615228,4.404890495947181,-0.33810086887198576,4.363016341634632,-0.2962267145594364,4.360759696563329,-0.2939700694881333,4.360759696563331,-0.293970069488136
320,2026-05-13T14:40:46.005Z,2026-05-13 14:40:46.005000+00:00,2574.6366333333335,42.91061055555556,140.288,3,11,test,1,29,4.352391242980957,6.460755348205566,6.009022235870361,3.9218573570251465,16.391634941101074,True,False,0.07607403183930533,4.728947301861459,1147.0635354845276,1146.0512400001783,3.7054100630724456,4.71970721233006,4.728947301861459,-0.37655605888050214,4.610233954257912,-0.2578427112769548,4.600472239117448,-0.24808099613649137,4.600472239117446,-0.2480809961364887
321,2026-05-13T14:43:06.264Z,2026-05-13 14:43:06.264000+00:00,2576.9742833333335,42.94957138888889,140.259,3,12,test,2,0,4.897130966186523,1.188876390457153,6.513851165771484,4.299782752990723,12.00251030921936,True,False,0.06417597117423031,5.498865378058773,0.0,-1.0122954843494305,5.06041882041226,,5.498865378058773,-0.6017344118722496,5.197591803990463,-0.3004608378039393,,,,
322,2026-05-13T14:45:26.686Z,2026-05-13 14:45:26.686000+00:00,2579.31465,42.9885775,140.422,3,12,test,2,1,4.239914894104004,8.400867462158203,5.926684856414795,8.766579627990723,23.09413194656372,True,False,0.06203979587422795,4.609197371464946,28.090275044020018,27.077979559670588,2.6300070165660965,4.641258535132221,4.609197371464946,-0.369282477360942,4.518878699981101,-0.2789638058770967,4.539336137570815,-0.29942124346681087,4.539336137570815,-0.29942124346681087
323,2026-05-13T14:47:47.070Z,2026-05-13 14:47:47.070000+00:00,2581.6543833333335,43.02757305555556,140.384,3,12,test,2,2,4.352943420410156,6.004016876220703,5.448150634765625,3.9401121139526367,15.392279624938965,True,False,0.07440202354712445,4.718254922225119,82.12438536379338,81.11208987944394,3.9459865946404076,4.716211796771302,4.718254922225119,-0.3653115018149631,4.602076913520872,-0.24913349311071542,4.597748215103518,-0.24480479469336203,4.597748215103518,-0.24480479469336203
324,2026-05-13T14:50:07.564Z,2026-05-13 14:50:07.564000+00:00,2583.99595,43.06659916666667,140.494,3,12,test,2,3,4.060725212097168,2.151942014694214,1.4495530128479004,4.8586626052856445,8.460157632827759,True,False,0.042570070013439404,4.589494911177666,118.16643425756297,117.15413877321353,7.17926682894023,4.59311133093594,4.589494911177666,-0.528769699080498,4.503848016760966,-0.4431228046637976,4.501814378503966,-0.4410891664067984,4.501814378503967,-0.4410891664067993
325,2026-05-13T14:52:27.857Z,2026-05-13 14:52:27.857000+00:00,2586.3341666666665,43.10556944444444,140.293,3,12,test,2,4,4.469278335571289,7.0223822593688965,8.924671173095703,1.012295484542847,16.959348917007446,True,False,0.09403104748008528,4.864363874750051,137.94811583726806,136.93582035291863,3.5813715112645537,4.8502979011627705,4.864363874750051,-0.395085539178762,4.713541032671811,-0.24426269710052217,4.702243306504437,-0.23296497093314805,4.7022433065044345,-0.2329649709331454
326,2026-05-13T14:54:47.891Z,2026-05-13 14:54:47.891000+00:00,2588.6680666666666,43.14446777777778,140.034,3,12,test,2,5,5.036071777,1.2410881519317627,9.475845336914062,4.738319396972656,15.455252885818481,True,False,0.06934168963795817,5.6429542390242045,177.52954027467175,176.5172447903223,3.9299084595825606,5.623041779553243,5.6429542390242045,-0.6068824620242044,5.3075148284829785,-0.2714430514829784,5.304452928212636,-0.26838115121263595,5.304452928212628,-0.26838115121262796
327,2026-05-13T14:57:07.890Z,2026-05-13 14:57:07.890000+00:00,2591.0013833333337,43.183356388888896,139.999,3,12,test,2,6,4.456046104431152,1.400801658630371,2.6680917739868164,3.2151031494140625,7.28399658203125,True,False,0.05586072682481293,5.040138103474912,213.5915394207001,212.57924393635065,8.338516963448138,5.057059740277089,5.040138103474912,-0.5840919990437596,4.847636303602654,-0.3915901991715014,4.863375568303873,-0.4073294638727205,4.863375568303878,-0.40732946387272584
328,2026-05-13T14:59:28.022Z,2026-05-13 14:59:28.022000+00:00,2593.3369166666666,43.22228194444445,140.132,3,12,test,2,7,3.840182304382324,7.569385528564453,2.0904858112335205,6.042367935180664,15.702239274978638,True,False,0.06151906852668385,4.203786073959155,230.60355623792015,229.5912607535707,3.8680934608957847,4.253552976490565,4.203786073959155,-0.36360376957683105,4.209597082466176,-0.3694147780838515,4.2371920192763195,-0.3970097148939953,4.237192019276327,-0.3970097148940024
329,2026-05-13T15:01:48.086Z,2026-05-13 15:01:48.086000+00:00,2595.671316666667,43.261188611111116,140.064,3,12,test,2,8,4.6109771728515625,5.438202857971191,9.956950187683104,1.379495620727539,16.774648666381836,True,False,0.0917763069250315,5.022867426440579,267.2588636014303,266.24656811708087,3.6208048388334144,5.000247172674621,5.022867426440579,-0.4118902535890161,4.834460787869325,-0.22348361501776282,4.819100775839111,-0.2081236029875484,4.819100775839105,-0.20812360298754218
330,2026-05-13T15:04:08.380Z,2026-05-13 15:04:08.380000+00:00,2598.00955,43.30015916666667,140.294,3,12,test,2,9,4.373343467712402,6.662702083587647,6.716535568237305,8.868682861328125,22.247920513153076,True,False,0.06013702558814467,4.763992321653267,306.4819062681198,305.4696107837704,2.730040725606575,4.770673549874483,4.763992321653267,-0.39064885394086435,4.636969224028972,-0.2636257563165696,4.640190986442122,-0.2668475187297199,4.640190986442124,-0.2668475187297217
331,2026-05-13T15:06:28.766Z,2026-05-13 15:06:28.766000+00:00,2600.3493166666667,43.33915527777778,140.386,3,12,test,2,10,4.377754211425781,7.857167243957519,8.013490676879883,6.517296314239502,22.387954235076904,True,False,0.07088927266061515,4.768972915296212,358.5368490874449,357.5245536030955,2.712964678380637,4.768876059317105,4.768972915296212,-0.3912187038704307,4.640768837082559,-0.263014625656778,4.638790178051588,-0.26103596662580664,4.638790178051588,-0.26103596662580664
332,2026-05-13T15:08:49.048Z,2026-05-13 15:08:49.048000+00:00,2602.68735,43.3781225,140.282,3,12,test,2,11,4.682653427124023,3.221418857574463,8.051958084106445,8.465297699,19.73867464068091,True,False,0.057113140303993684,5.158113165691494,410.8806323541959,409.8683368698465,3.077092569112361,5.150587440692858,5.158113165691494,-0.47545973856747015,4.9376375401080255,-0.25498411298400203,4.936262953971596,-0.25360952684757265,4.9362629539715925,-0.2536095268475691
333,2026-05-13T15:11:09.253Z,2026-05-13 15:11:09.253000+00:00,2605.0241,43.41706833333333,140.205,3,12,test,2,12,4.331991195678711,6.122631072998047,5.759654998779297,8.033277512,19.91556358377734,True,False,0.05966331819731338,4.733996060724158,457.004980320807,455.9926848364576,3.049762001736224,4.7433041994647756,4.733996060724158,-0.40200486504544664,4.614085569437619,-0.2820943737589081,4.618861686246358,-0.28687049056764735,4.618861686246362,-0.2868704905676509
334,2026-05-13T15:13:29.567Z,2026-05-13 15:13:29.567000+00:00,2607.362666666667,43.45604444444445,140.314,3,12,test,2,13,4.151146889,5.147984027862549,3.055848836898804,1.5005385875701904,9.704371452331543,True,False,0.08453749843623644,4.534137028248879,503.57885346570924,502.56655798135984,6.258800928974454,4.538481017323004,4.534137028248879,-0.3829901392488795,4.461616397465323,-0.3104695084653235,4.459240245709577,-0.3080933567095778,4.459240245709579,-0.3080933567095796
335,2026-05-13T15:15:49.958Z,2026-05-13 15:15:49.958000+00:00,2609.7025166666667,43.495041944444445,140.391,3,12,test,2,14,4.100973129272461,8.727850914001465,4.683068275,9.471365928649902,22.882285117651367,True,False,0.058608303847487234,4.4906762599301455,526.2856270084472,525.2733315240978,2.654355924186646,4.492613793654724,4.4906762599301455,-0.3897031306576846,4.4284608914230486,-0.3274877621505876,4.423495305909326,-0.32252217663686533,4.423495305909326,-0.32252217663686533
336,2026-05-13T15:18:10.122Z,2026-05-13 15:18:10.122000+00:00,2612.0385833333335,43.53397638888889,140.164,3,12,test,2,15,3.7635440826416016,8.904948234558105,2.065351963043213,8.631914138793945,19.602214336395264,True,False,0.0559645966998374,4.129124386352028,579.7401705289553,578.7278750446059,3.0985136688458,4.135971275407226,4.129124386352028,-0.36558030371042616,4.152638907764109,-0.38909482512250726,4.145559029731725,-0.3820149470901235,4.145559029731729,-0.38201494709012707
337,2026-05-13T15:20:30.332Z,2026-05-13 15:20:30.332000+00:00,2614.3754166666668,43.572923611111115,140.21,3,12,test,2,16,4.417451858520508,8.283895492553711,8.799889565,4.23688554763794,21.32067060519165,True,False,0.08012780354757582,4.78659730071881,625.5472783973884,624.5349829130389,2.8487719821615745,4.772067746392718,4.78659730071881,-0.3691454421983025,4.654214191133478,-0.23676233261296975,4.641277502403376,-0.22382564388286852,4.641277502403371,-0.2238256438828632
338,2026-05-13T15:22:50.714Z,2026-05-13 15:22:50.714000+00:00,2616.7151166666667,43.611918611111115,140.382,3,12,test,2,17,5.0222883224487305,1.0920008420944214,8.965006828308105,9.697868347167969,19.754876017570496,True,False,0.05090898905899266,5.674513749416784,675.4312514123553,674.4189559280059,3.0745689827131355,5.656495260568133,5.674513749416784,-0.6522254269680534,5.33159106040411,-0.3093027379553792,5.330523672621199,-0.3082353501724686,5.330523672621191,-0.3082353501724606
339,2026-05-13T15:25:10.890Z,2026-05-13 15:25:10.890000+00:00,2619.0513833333334,43.65085638888889,140.176,3,12,test,2,18,4.081125259399414,4.365048885345459,2.281461715698242,6.423364639282227,13.069875240325928,True,False,0.05085366523267559,4.479479430605197,721.583909756338,720.5716142719886,4.6471544635380315,4.5056908751456035,4.479479430605197,-0.3983541712057832,4.419919014307231,-0.33879375490781705,4.43368645011363,-0.35256119071421566,4.43368645011364,-0.3525611907142263
340,2026-05-13T15:27:31.203Z,2026-05-13 15:27:31.203000+00:00,2621.3899333333334,43.68983222222222,140.313,3,12,test,2,19,4.591128349304199,4.9071245193481445,9.37217140197754,7.457568168640137,21.73686408996582,True,False,0.06569160971070018,5.041279664365685,752.1484664996023,751.1361710152528,2.7942268401541694,5.022672889056649,5.041279664365685,-0.4501513150614862,4.848507181649127,-0.2573788323449282,4.836577436032247,-0.24544908672804766,4.836577436032242,-0.24544908672804322
341,2026-05-13T15:29:51.452Z,2026-05-13 15:29:51.452000+00:00,2623.7274166666666,43.728790277777776,140.249,3,12,test,2,20,4.526619911193848,6.487237453460693,9.469579696655272,6.0930585861206055,22.049875736236572,True,False,0.07236692551465346,4.924566828184168,802.9580240288292,801.9457285444797,2.754561059097035,4.926892136310778,4.924566828184168,-0.39794691699032025,4.759468876646148,-0.23284896545230005,4.761934216602081,-0.23531430540823361,4.761934216602082,-0.2353143054082345
342,2026-05-13T15:32:11.846Z,2026-05-13 15:32:11.846000+00:00,2626.0673166666666,43.76778861111111,140.394,3,12,test,2,21,3.622948647,8.434318542480469,1.4402081966400146,3.873974561691284,13.748501300811768,True,False,0.07182256831540941,3.997240668486794,854.5525282640491,853.5402327796996,4.417770906955482,4.015435011041209,3.997240668486794,-0.3742920214867942,4.052026986398847,-0.4290783393988469,4.0516235095731306,-0.4286748625731307,4.0516235095731385,-0.4286748625731387
343,2026-05-13T15:34:32.341Z,2026-05-13 15:34:32.341000+00:00,2628.4089000000004,43.80681500000001,140.495,3,12,test,2,22,4.522760391235352,6.721276760101318,9.610162734985352,3.994364261627197,20.325803756713867,True,False,0.08034830843868693,4.915550053073238,886.7457897683416,885.7334942839922,2.988207983701673,4.886674431287336,4.915550053073238,-0.39278966183788633,4.752590127069523,-0.22982973583417188,4.7305920221112165,-0.20783163087586498,4.730592022111209,-0.20783163087585788
344,2026-05-13T15:36:52.727Z,2026-05-13 15:36:52.727000+00:00,2630.748666666667,43.84581111111111,140.386,3,12,test,2,23,4.449981689453125,6.724656105041504,8.683657646,9.300100326538086,24.70841407757959,True,False,0.062360593855447025,4.871413340807594,934.3034278715088,933.2911323871593,2.4581799896286842,4.872352819644277,4.871413340807594,-0.42143165135446914,4.718918954496653,-0.2689372650435278,4.719430998942994,-0.2694493094898691,4.719430998942994,-0.2694493094898691
345,2026-05-13T15:39:12.631Z,2026-05-13 15:39:12.631000+00:00,2633.0804,43.88467333333333,139.904,3,12,test,2,24,4.282369613647461,3.1048383712768555,2.873502731323242,3.1825568675994877,9.160897970199585,True,False,0.06525933507880616,4.726872611992065,991.9168605900037,990.9045651056542,6.630106487218367,4.729412261517888,4.726872611992065,-0.44450299834460427,4.6086512074459804,-0.3262815937985195,4.608035513526344,-0.3256658998788833,4.608035513526346,-0.32566589987888506
346,2026-05-13T15:41:32.916Z,2026-05-13 15:41:32.916000+00:00,2635.4184833333334,43.92364138888889,140.285,3,12,test,2,25,4.37279224395752,9.666420936584473,9.229816436767578,8.223843574523926,27.120080947875977,True,False,0.06967618352493152,4.740380876785293,1013.3358034524945,1012.323507968145,2.2395850948122913,4.7397424533327746,4.740380876785293,-0.3675886328277729,4.61895644070113,-0.24616419674360923,4.616085969931088,-0.2432937259735679,4.616085969931088,-0.2432937259735679
347,2026-05-13T15:43:53.271Z,2026-05-13 15:43:53.271000+00:00,2637.7577333333334,43.96262888888889,140.355,3,12,test,2,26,4.505117416381836,5.010132789611816,7.332557201385498,8.921291351,21.263981341997315,True,False,0.05804505653238112,4.925774319404853,1076.7764528098132,1075.7641573254639,2.856366739797975,4.922816075019069,4.925774319404853,-0.4206569030230174,4.760390051858003,-0.2552726354761674,4.75875768761598,-0.25364027123414434,4.758757687615979,-0.25364027123414346
348,2026-05-13T15:46:13.696Z,2026-05-13 15:46:13.696000+00:00,2640.09815,44.00163583333333,140.425,3,12,test,2,27,3.952108383178711,6.222025394439697,2.304558277130127,5.230282306671143,13.756865978240967,True,False,0.06198056799460137,4.33031497405125,1126.543029142313,1125.5307336579635,4.4150847407421,4.342427135482404,4.33031497405125,-0.37820659087253894,4.306123901337839,-0.35401551815912846,4.306452837980684,-0.3543444548019732,4.3064528379806895,-0.3543444548019785
349,2026-05-13T15:48:34.098Z,2026-05-13 15:48:34.098000+00:00,2642.438183333333,44.040636388888885,140.402,3,12,test,2,28,4.705258369445801,3.712399482727051,9.140630722045898,3.786210060119629,16.639240264892578,True,False,0.07724529485815396,5.151514537824702,1158.734554093596,1157.7222586092466,3.6502705708936376,5.125691076170879,5.151514537824702,-0.44625616837890103,4.932603555331143,-0.22734518588534236,4.916860884696174,-0.2116025152503731,4.916860884696167,-0.211602515250366
350,2026-05-13T15:50:53.958Z,2026-05-13 15:50:53.958000+00:00,2644.7691833333333,44.07948638888889,139.86,3,12,test,2,29,4.612079620361328,1.240022063,3.9018144607543945,9.68601417541504,14.827850699169435,True,False,0.03467688357586719,5.258214815720338,1197.5206231510606,1196.5083276667112,4.096192381028492,5.255429996012712,5.258214815720338,-0.64613519535901,5.014003444135137,-0.4019238237738092,5.01796815713619,-0.4058885367748619,5.017968157136189,-0.40588853677486103
351,2026-05-13T15:53:14.452Z,2026-05-13 15:53:14.452000+00:00,2647.11075,44.118512499999994,140.494,3,13,test,3,0,4.524414063,6.677691459655762,9.580991744995115,4.000587463378906,20.259270668029785,True,False,0.08025305289152364,4.917054756898399,0.0,-1.0122954843494305,2.99802150117937,,4.917054756898399,-0.3926406938983993,4.753738040893805,-0.229323977893805,,,,
352,2026-05-13T15:55:34.556Z,2026-05-13 15:55:34.556000+00:00,2649.445816666667,44.15743027777778,140.104,3,13,test,3,1,3.740939140319824,7.414548397064209,1.626594305038452,4.342222690582275,13.383365392684937,True,False,0.06755507629676133,4.104610444656122,47.30674762789409,46.29445214354466,4.538300141918249,4.121995569396409,4.104610444656122,-0.3636713043362976,4.13393762443525,-0.3929984841154255,4.134667575441062,-0.393728435121238,4.134667575441062,-0.393728435121238
353,2026-05-13T15:57:54.704Z,2026-05-13 15:57:54.704000+00:00,2651.7816166666667,44.19636027777778,140.148,3,13,test,3,2,4.393192291259766,9.811089515686035,9.827285766601562,8.140188217163086,27.778563499450684,True,False,0.07069615130629756,4.76114223183172,78.56761251212757,77.55531702777813,2.1864963990008666,4.739882290177805,4.76114223183172,-0.36794994057195396,4.634794937334215,-0.24160264607444937,4.616194946651451,-0.22300265539168507,4.6161949466514445,-0.22300265539167885
354,2026-05-13T16:00:15.261Z,2026-05-13 16:00:15.261000+00:00,2654.1242333333334,44.23540388888889,140.557,3,13,test,3,3,4.468727111816406,7.396331310272217,9.313321113586426,7.598237514,24.307889937858643,True,False,0.06874168208995374,4.860441356725848,143.64213834199904,142.6298428576496,2.4986837284617227,4.858896665397739,4.860441356725848,-0.3917142449094415,4.710548608122419,-0.24182149630601302,4.708944438279022,-0.2402173264626155,4.70894443827902,-0.24021732646261373
355,2026-05-13T16:02:35.448Z,2026-05-13 16:02:35.448000+00:00,2656.4606833333332,44.27434472222222,140.187,3,13,test,3,4,4.5437116622924805,5.517484664916992,8.929527282714844,6.184117317199707,20.631129264831543,True,False,0.07002530865946663,4.969369264232093,200.43630778730886,199.42401230295943,2.9439847078318313,4.967427740481237,4.969369264232093,-0.4256576019396121,4.793647918953949,-0.2499362566614689,4.793524154142641,-0.24981249185016097,4.7935241541426405,-0.24981249185016008
356,2026-05-13T16:04:56.085Z,2026-05-13 16:04:56.085000+00:00,2658.804633333333,44.313410555555556,140.637,3,13,test,3,5,4.553636551,3.3866424560546875,5.991919994354248,9.409219741821287,18.787782192230225,True,False,0.04991841162757084,5.008166752180125,248.79464322761075,247.7823477432613,3.232831232527499,5.007354595982103,5.008166752180125,-0.4545302011801251,4.823245885024226,-0.26960933402422604,4.824639685717289,-0.2710031347172883,4.824639685717288,-0.27100313471728743
357,2026-05-13T16:07:16.127Z,2026-05-13 16:07:16.127000+00:00,2661.1386666666667,44.35231111111111,140.042,3,13,test,3,6,3.708959579467773,9.55878448486328,1.8389325141906736,3.785595655441284,15.183312654495237,True,False,0.07506739312043012,4.047980170725967,292.6459531236825,291.6336576393331,4.000294958227285,4.070145815101074,4.047980170725967,-0.3390205912581936,4.090735318951442,-0.3817757394836687,4.094260369647477,-0.3853007901797043,4.094260369647486,-0.3853007901797132
358,2026-05-13T16:09:36.448Z,2026-05-13 16:09:36.448000+00:00,2663.47735,44.39128916666667,140.321,3,13,test,3,7,4.489127159118652,4.959897994995117,7.332588195800781,3.365722894668579,15.658209085464478,True,False,0.07850505842463823,4.930054556737928,328.1549133735396,327.1426178891902,3.8789703681597083,4.9049082299647075,4.930054556737928,-0.4409273976192756,4.763655374590413,-0.27452821547176054,4.744801864868786,-0.25567470575013385,4.744801864868779,-0.25567470575012674
359,2026-05-13T16:11:57.010Z,2026-05-13 16:11:57.010000+00:00,2665.8200500000003,44.43033416666667,140.562,3,13,test,3,8,4.333645820617676,9.802682876586914,8.599370002746582,9.221449851989746,27.623502731323242,True,False,0.06661737672560539,4.703639825473038,364.8373997980573,363.82510431370787,2.198769998566953,4.709888000893788,4.703639825473038,-0.3699940048553625,4.5909272963507775,-0.25728147573310167,4.5928199965441046,-0.2591741759264288,4.592819996544106,-0.25917417592643055
360,2026-05-13T16:14:17.916Z,2026-05-13 16:14:17.916000+00:00,2668.1684833333334,44.46947472222222,140.906,3,13,test,3,9,4.630274772644043,5.065757751464844,9.655864715576172,1.288937211036682,16.010559678077698,True,False,0.09194945562832793,5.0403374548563065,429.70935439572116,428.69705891137176,3.79360436375815,5.0350834511511655,5.0403374548563065,-0.4100626822122635,4.847788385495958,-0.21751361285191528,4.84624915277194,-0.21597438012789727,4.8462491527719385,-0.2159743801278955
361,2026-05-13T16:16:38.863Z,2026-05-13 16:16:38.863000+00:00,2670.5176,44.50862666666667,140.947,3,13,test,3,10,4.955574035644531,1.3807687759399414,8.082494735717773,3.0977044105529785,12.560967922210693,True,False,0.07533864882279079,5.527561630753009,467.3200269781548,466.30773149380536,4.835433816654168,5.514447937238354,5.527561630753009,-0.5719875951084781,5.219483703659992,-0.2639096680154607,5.219824297007558,-0.2642502613630269,5.219824297007555,-0.2642502613630233
362,2026-05-13T16:18:59.309Z,2026-05-13 16:18:59.309000+00:00,2672.858366666667,44.54763944444445,140.446,3,13,test,3,11,4.676589012145996,3.837014675140381,9.274188995361328,8.942249298095703,22.053452968597412,True,False,0.05945193112920301,5.143536033404474,496.72232199153484,495.71002650718543,2.754114249022688,5.156757701233247,5.143536033404474,-0.46694702125847787,4.926516885404529,-0.2499278732585326,4.941071520392864,-0.2644825082468678,4.941071520392867,-0.2644825082468705
363,2026-05-13T16:21:20.182Z,2026-05-13 16:21:20.182000+00:00,2675.20625,44.58677083333334,140.873,3,13,test,3,12,4.092702865600586,8.061115264892578,4.100265502929688,3.9817376136779785,16.143118381500244,True,False,0.07533476792042246,4.467296082560684,548.5012566589552,547.4889611746057,3.762453302118524,4.480516799691556,4.467296082560684,-0.37459321696009784,4.410624538269842,-0.3179216726692564,4.414067957000993,-0.32136509140040737,4.414067957000999,-0.3213650914004127
364,2026-05-13T16:23:40.793Z,2026-05-13 16:23:40.793000+00:00,2677.5497666666665,44.62582944444444,140.611,3,13,test,3,13,4.028745651245117,5.389552593231201,2.6211366653442383,6.837344169616699,14.848033428192139,True,False,0.05395118011632065,4.448238963680629,586.332923637974,585.3206281536245,4.090624482676769,4.4487488919213725,4.448238963680629,-0.41949331243551224,4.396086175405612,-0.367340524160495,4.3893108023269365,-0.3605651510818193,4.3893108023269365,-0.3605651510818193
365,2026-05-13T16:26:01.190Z,2026-05-13 16:26:01.190000+00:00,2679.8897166666666,44.66482861111111,140.397,3,13,test,3,14,4.3634185791015625,7.284557819366455,7.186082363128662,1.7513232231140137,16.22196340560913,True,False,0.08920399966807685,4.7544317902178586,621.0765794582721,620.0642839739227,3.7441663220596535,4.745510517878327,4.7544317902178586,-0.39101321111629606,4.629675651686916,-0.26625707258535325,4.620581099643666,-0.25716252054210376,4.620581099643664,-0.2571625205421011
366,2026-05-13T16:28:21.855Z,2026-05-13 16:28:21.855000+00:00,2682.2341333333334,44.703902222222226,140.665,3,13,test,3,15,4.347980499267578,6.09321928,5.743249893188477,2.233166456222534,14.06963562941101,True,False,0.08412775913290642,4.734691598499139,659.1076208324389,658.0953253480894,4.31693688882748,4.735217035253301,4.734691598499139,-0.3867110992315608,4.614616183777704,-0.26663568451012587,4.612559251200702,-0.26457875193312397,4.612559251200702,-0.26457875193312397
367,2026-05-13T16:30:42.492Z,2026-05-13 16:30:42.492000+00:00,2684.5780833333333,44.74296805555556,140.637,3,13,test,3,16,4.836481094360352,2.042135000228882,7.6403069496154785,3.707382678985596,13.389824628829956,True,False,0.07231193998610602,5.3331938557593315,692.0861432659968,691.0738477816474,4.536110871100578,5.314822470758136,5.3331938557593315,-0.4967127613989799,5.071203721793026,-0.23472262743267436,5.064253505683051,-0.22777241132269932,5.0642535056830456,-0.227772411322694
368,2026-05-13T16:33:02.680Z,2026-05-13 16:33:02.680000+00:00,2686.91455,44.781909166666665,140.188,3,13,test,3,17,3.9895992279052734,7.405407428741455,3.2787628173828125,8.155632019042969,18.839802265167236,True,False,0.056710628358760146,4.407568714434666,723.3710221837704,722.3587266994209,3.2239048056923267,4.437519482447099,4.407568714434666,-0.41796948652939214,4.3650595105126655,-0.37546028260739206,4.38055957359434,-0.39096034568906646,4.380559573594348,-0.39096034568907445
369,2026-05-13T16:35:23.025Z,2026-05-13 16:35:23.025000+00:00,2689.2536333333333,44.82089388888889,140.345,3,13,test,3,18,4.706361770629883,2.409048318862915,6.658300399780273,6.761423587799072,15.82877230644226,True,False,0.05728396708917726,5.201762041780248,767.4388896655187,766.4265941811692,3.8371724531185385,5.1835184015744815,5.201762041780248,-0.49540027115036533,4.970936550477232,-0.264574779847349,4.961926491463884,-0.25556472083400106,4.961926491463877,-0.25556472083399395
370,2026-05-13T16:37:43.378Z,2026-05-13 16:37:43.378000+00:00,2691.59285,44.859880833333335,140.353,3,13,test,3,19,4.479754447937012,6.665757179260254,8.770471572875977,9.001437187194824,24.437665939331055,True,False,0.06316572454365409,4.879543244272771,804.4658176576202,803.4535221732707,2.4854144913738208,4.888352525824805,4.879543244272771,-0.39978879633575914,4.725121124267005,-0.24536667632999354,4.731899783589321,-0.2521453356523091,4.7318997835893235,-0.2521453356523118
371,2026-05-13T16:40:03.657Z,2026-05-13 16:40:03.657000+00:00,2693.9308333333333,44.89884722222222,140.279,3,13,test,3,20,4.462662696838379,3.754547595977783,5.3496503829956055,1.5680594444274902,10.672257423400879,True,False,0.08530714372585099,4.9140238583050335,861.6006733293439,860.5883778449944,5.6911791621318315,4.91341294278819,4.9140238583050335,-0.4513611614666546,4.751425818157914,-0.2887631213195352,4.7514297011226745,-0.2887670042842956,4.751429701122674,-0.2887670042842947
372,2026-05-13T16:42:24.005Z,2026-05-13 16:42:24.005000+00:00,2696.2699666666667,44.93783277777778,140.348,3,13,test,3,21,4.449430465698242,9.009311676,9.840830803,2.752934694290161,21.60307717329016,True,False,0.08725674739664467,4.798657272767964,886.564506410335,885.5522109259855,2.811531365358514,4.80333544351222,4.798657272767964,-0.349226807069722,4.663414545651209,-0.21398407995296687,4.665644836238802,-0.21621437054055992,4.665644836238804,-0.2162143705405617
373,2026-05-13T16:44:44.387Z,2026-05-13 16:44:44.387000+00:00,2698.6096666666663,44.97682777777777,140.382,3,13,test,3,22,4.2630720138549805,8.404096603393555,6.410407066345215,2.109581470489502,16.92408514022827,True,False,0.0875350339293965,4.642854517849773,937.109226072682,936.0969305883325,3.588833816286663,4.64597489177422,4.642854517849773,-0.3797825039947922,4.544555183934257,-0.2814831700792766,4.543011657272291,-0.27993964341731026,4.543011657272292,-0.27993964341731115
374,2026-05-13T16:47:04.908Z,2026-05-13 16:47:04.908000+00:00,2700.951683333333,45.01586138888889,140.521,3,13,test,3,23,4.408630371,5.933389186859131,6.872577667236328,3.266444683074951,16.07241153717041,True,False,0.07967669832544609,4.824145439492888,976.7457155391822,975.7334200548328,3.7790053421976317,4.819515362919432,4.824145439492888,-0.4155150684928879,4.682859049247121,-0.2742286782471206,4.678254063458797,-0.26962369245879714,4.6782540634587955,-0.26962369245879536
375,2026-05-13T16:49:25.077Z,2026-05-13 16:49:25.077000+00:00,2703.2878333333333,45.05479722222222,140.169,3,13,test,3,24,4.572381973266602,4.616175651550293,7.935174465179443,9.610655784606934,22.16200590133667,True,False,0.05663454008904817,4.9956073034446105,1014.293279751743,1013.2809842673935,2.740624171447519,4.990984631528161,4.9956073034446105,-0.4232253301780089,4.813664487949419,-0.24128251468281725,4.811882353854993,-0.23950038058839151,4.811882353854991,-0.23950038058838974
376,2026-05-13T16:51:45.059Z,2026-05-13 16:51:45.059000+00:00,2705.6208666666666,45.09368111111111,139.982,3,13,test,3,25,4.402565002441406,6.2313385009765625,6.546560764312744,5.227645397186279,18.005544662475586,True,False,0.07096646896730127,4.781836629061273,1065.9979782530913,1064.985682768742,3.373279187024326,4.7860219177223975,4.781836629061273,-0.37927162661986635,4.650582352948998,-0.24801735050759177,4.652152174429508,-0.24958717198810199,4.652152174429511,-0.24958717198810465
377,2026-05-13T16:54:05.171Z,2026-05-13 16:54:05.171000+00:00,2707.9560666666666,45.13260111111111,140.112,3,13,test,3,26,4.623659133911133,3.320151090621948,6.826529026031494,7.439649105072021,17.586329221725464,True,False,0.05769640718495495,5.073330886068908,1108.0445261489044,1107.032230664555,3.453689982440043,5.066312989598221,5.073330886068908,-0.44967175215777555,4.872958532049792,-0.24929939813865953,4.870586749044453,-0.24692761513332062,4.870586749044451,-0.24692761513331796
378,2026-05-13T16:56:25.603Z,2026-05-13 16:56:25.603000+00:00,2710.2966,45.17161,140.432,3,13,test,3,27,4.238261222839356,8.715127944946289,5.898122787475586,1.537726879119873,16.150977611541748,True,False,0.09047904767064385,4.590951412063951,1149.205915903327,1148.1936204189776,3.76062245405886,4.602814727811825,4.590951412063951,-0.35269018922459505,4.504959157355206,-0.26669793451584933,4.509376365244104,-0.27111514240474754,4.5093763652441075,-0.2711151424047511
379,2026-05-13T16:58:46.085Z,2026-05-13 16:58:46.085000+00:00,2712.6379666666667,45.210632777777775,140.482,3,13,test,3,28,4.535442352294922,2.852504253387451,5.100419998168945,1.1744554042816162,9.127379655838013,True,False,0.08713261145513526,5.012590110338115,1187.0212765170704,1186.008981032721,6.6544541096323355,5.0013030845538164,5.012590110338115,-0.4771477580431931,4.826620392282331,-0.2911780399874093,4.81992366206456,-0.2844813097696379,4.819923662064557,-0.28448130976963526
380,2026-05-13T17:01:06.547Z,2026-05-13 17:01:06.547000+00:00,2714.979,45.249649999999995,140.462,3,13,test,3,29,4.3386077880859375,7.494130611419678,7.268008708953857,3.021409511566162,17.783548831939697,True,False,0.08301008679358962,4.747068922343584,1208.3887765373756,1207.3764810530263,3.4153885501120764,4.759648115012381,4.747068922343584,-0.40846113425764674,4.624058640765626,-0.2854508526796886,4.631598717848155,-0.2929909297622171,4.631598717848156,-0.29299092976221885
381,2026-05-13T17:03:27.121Z,2026-05-13 17:03:27.121000+00:00,2717.3219000000004,45.288698333333336,140.574,3,14,test,4,0,4.5767927169799805,3.8935978412628174,6.928095341,4.1779890060424805,14.999682188305297,True,False,0.07214614980776124,5.010517822126182,0.0,-1.0122954843494305,4.049267731040382,,5.010517822126182,-0.4337251051462019,4.825039477655416,-0.2482467606754355,,,,
382,2026-05-13T17:05:47.473Z,2026-05-13 17:05:47.473000+00:00,2719.6611,45.327684999999995,140.352,3,14,test,4,1,4.201320648193359,6.918266296386719,4.3813676834106445,3.5898101329803467,14.88944411277771,True,False,0.0758902340088058,4.5622727658210875,35.08725657488375,34.07496109053432,4.07924759318868,4.5752049950881775,4.5622727658210875,-0.36095211762772816,4.483080689358135,-0.2817600411647758,4.487859731901625,-0.28653908370826553,4.487859731901625,-0.28653908370826553
383,2026-05-13T17:08:07.786Z,2026-05-13 17:08:07.786000+00:00,2721.9996499999997,45.36666083333333,140.313,3,14,test,4,2,4.182023048400879,5.3710103034973145,3.775545597076416,4.444301605224609,13.59085750579834,True,False,0.06729932895456733,4.607580798424084,69.90696610482007,68.89467062047063,4.469013749504251,4.606263581324115,4.607580798424084,-0.42555775002320484,4.517645442970295,-0.3356223945694161,4.5120641028335475,-0.3300410544326686,4.5120641028335475,-0.3300410544326686
384,2026-05-13T17:10:28.315Z,2026-05-13 17:10:28.315000+00:00,2724.3418,45.40569666666667,140.529,3,14,test,4,3,4.205731391906738,9.220062255859377,5.928615570068359,5.257707118988037,20.40638494491577,True,False,0.07423499001327039,4.568882077302621,101.73879301202565,100.72649752767622,2.9764080813391973,4.570112749382974,4.568882077302621,-0.36315068539588236,4.48812282448916,-0.28239143258242194,4.483891276834517,-0.27815988492777866,4.483891276834517,-0.27815988492777866
385,2026-05-13T17:12:48.437Z,2026-05-13 17:12:48.437000+00:00,2726.677166666667,45.44461944444445,140.122,3,14,test,4,4,4.449430465698242,8.174140930175781,9.667536735534668,3.653695583343506,21.495373249053955,True,False,0.08300240921145992,4.833183175219586,149.39518419955044,148.382888715201,2.8256187207002323,4.827569010964531,4.833183175219586,-0.3837527095213442,4.68975378933311,-0.24032332363486741,4.684530378908506,-0.2350999132102638,4.684530378908503,-0.23509991321026114
386,2026-05-13T17:15:08.458Z,2026-05-13 17:15:08.458000+00:00,2729.01085,45.483514166666666,140.021,3,14,test,4,5,5.0564727783203125,1.198941349983215,9.586523056030272,4.771748065948486,15.557212471961973,True,False,0.069327743806621,5.663000752315206,199.55857849464684,198.5462830102974,3.9041524418613274,5.646255063592746,5.663000752315206,-0.6065279739948934,5.322807984086484,-0.26633520576617187,5.322543350396441,-0.2660705720761287,5.322543350396433,-0.2660705720761207
387,2026-05-13T17:17:28.436Z,2026-05-13 17:17:28.436000+00:00,2731.3438166666665,45.522396944444445,139.978,3,14,test,4,6,4.252045631408691,4.214341163635254,3.395461082458496,1.3098264932632446,8.919628739356995,True,False,0.08531523529131024,4.666612910502844,235.85303661798505,234.84074113363562,6.809445867737354,4.694403349183585,4.666612910502844,-0.41456727909415303,4.562680071312839,-0.3106344399041472,4.580752600723244,-0.32870696931455257,4.580752600723254,-0.32870696931456234
388,2026-05-13T17:19:48.651Z,2026-05-13 17:19:48.651000+00:00,2733.6807333333336,45.56134555555556,140.215,3,14,test,4,7,5.070807456970215,1.205540418624878,9.661692619,1.4911398887634275,12.358372926388306,True,False,0.0879341730691792,5.663979710590262,256.6974656794674,255.685170195118,4.914702722012471,5.615543272010411,5.663979710590262,-0.5931722536200468,5.3235548152691665,-0.2527473582989517,5.298609241168295,-0.22780178419808017,5.298609241168286,-0.2278017841980713
389,2026-05-13T17:22:08.847Z,2026-05-13 17:22:08.847000+00:00,2736.0173333333337,45.6002888888889,140.196,3,14,test,4,8,4.877282143,1.9447400569915767,8.059001922607422,4.22996997833252,14.233711957931519,True,False,0.07028203190541991,5.37758502539057,285.57403985926635,284.56174437491694,4.267174243828973,5.38762486061355,5.37758502539057,-0.50030288239057,5.105069015709096,-0.22778687270909526,5.12098938011741,-0.24370723711740983,5.120989380117412,-0.2437072371174116
390,2026-05-13T17:24:29.401Z,2026-05-13 17:24:29.401000+00:00,2738.3599000000004,45.63933166666667,140.554,3,14,test,4,9,4.468727111816406,5.611107349395752,7.567383289337158,6.251458168029785,19.429948806762695,True,False,0.06782565805909929,4.890234347401539,318.91745903485145,317.90516355050204,3.125985027805413,4.905030157274096,4.890234347401539,-0.4215072355851328,4.733277191177393,-0.26455007936098696,4.744896884448903,-0.276169772632497,4.744896884448907,-0.27616977263250053
391,2026-05-13T17:26:49.569Z,2026-05-13 17:26:49.569000+00:00,2740.696033333333,45.67826722222222,140.168,3,14,test,4,10,4.403667449951172,9.204072952270508,9.993342399597168,8.319426536560059,27.516841888427734,True,False,0.06976605611104372,4.796129552899184,364.30841010729,363.2961146229406,2.2072928756591508,4.798228250024484,4.796129552899184,-0.392462102948012,4.661486189696527,-0.2578187397453551,4.66166473216519,-0.25799728221401796,4.661664732165191,-0.25799728221401885
392,2026-05-13T17:29:10.056Z,2026-05-13 17:29:10.056000+00:00,2743.0374833333335,45.71729138888889,140.487,3,14,test,4,11,4.680998802185059,1.7836320400238037,5.515382766723633,7.602388381958008,14.901403188705444,True,False,0.048982063731285004,5.250540001306461,428.7377195469491,427.7254240625997,4.075973805406604,5.243400430062186,5.250540001306461,-0.5695411991214021,5.008148454324408,-0.3271496521393491,5.008593355778373,-0.3275945535933147,5.00859335577837,-0.32759455359331113
393,2026-05-13T17:31:30.529Z,2026-05-13 17:31:30.529000+00:00,2745.3787,45.75631166666667,140.473,3,14,test,4,12,4.378856658935547,8.194441795349121,8.412229537963867,8.507905960083008,25.114577293395996,True,False,0.06612363464974502,4.771836078109069,463.6251330490661,462.6128375647167,2.418425297444171,4.785726182623801,4.771836078109069,-0.3929794191735221,4.642953096947583,-0.26409643801203586,4.65192170411867,-0.2730650451831229,4.651921704118673,-0.27306504518312646
394,2026-05-13T17:33:51.051Z,2026-05-13 17:33:51.051000+00:00,2747.7207333333336,45.795345555555556,140.522,3,14,test,4,13,4.0910491943359375,5.788467884063721,3.143545866012573,6.240091800689697,15.172105550765991,True,False,0.058871286652928304,4.495888342153385,522.4443102227759,521.4320147384265,4.003249836203478,4.500637484532569,4.495888342153385,-0.4048391478174471,4.4324371033109315,-0.34138790897499405,4.429748275338621,-0.33869908100268376,4.429748275338623,-0.33869908100268553
395,2026-05-13T17:36:11.240Z,2026-05-13 17:36:11.240000+00:00,2750.0572166666666,45.83428694444444,140.189,3,14,test,4,14,4.359007835388184,3.979618787765503,4.505301475524902,1.7468106746673584,10.231730937957764,True,False,0.08292751553711186,4.814204935839968,557.8936819737148,556.8813864893654,5.936212497109407,4.805115058235187,4.814204935839968,-0.45519710045178474,4.675275602343685,-0.31626776695550163,4.66703171375291,-0.3080238783647262,4.667031713752907,-0.30802387836472356
396,2026-05-13T17:38:31.772Z,2026-05-13 17:38:31.772000+00:00,2752.3994166666666,45.87332361111111,140.532,3,14,test,4,15,4.5944366455078125,6.047500133514404,9.564828872680664,1.5660971403121948,17.178426146507263,True,False,0.0908833491091929,4.959322448139123,581.8584421765995,580.84614669225,3.535698121758092,4.9531925390076825,4.959322448139123,-0.3648858026313109,4.78598336803683,-0.19154672252901772,4.7824304715732175,-0.18799382606540505,4.782430471573217,-0.18799382606540416
397,2026-05-13T17:40:52.003Z,2026-05-13 17:40:52.003000+00:00,2754.7365999999997,45.91227666666666,140.231,3,14,test,4,16,3.933362007141113,4.6711931228637695,1.754760742,5.408768177032471,11.83472204189624,True,False,0.05429746336344169,4.336644333642799,622.0075734591138,620.9952779747643,5.132163547732467,4.352344156363058,4.336644333642799,-0.4032823265016865,4.310952465771912,-0.3775904586307992,4.314181304759936,-0.38081929761882316,4.314181304759941,-0.3808192976188285
398,2026-05-13T17:43:12.094Z,2026-05-13 17:43:12.094000+00:00,2757.0714500000004,45.95119083333334,140.091,3,14,test,4,17,3.9096527099609375,4.2883710861206055,1.6781761646270752,7.906450271606445,13.872997522354126,True,False,0.04300834942941163,4.354749710686959,649.6398742186352,648.6275787342857,4.3781258493773,4.3540864292764185,4.354749710686959,-0.44509700072602154,4.3247647604277,-0.4151120504667629,4.315539081303249,-0.4058863713423113,4.315539081303248,-0.4058863713423104
399,2026-05-13T17:45:32.718Z,2026-05-13 17:45:32.718000+00:00,2759.415183333333,45.99025305555555,140.624,3,14,test,4,18,4.127990723,5.839771270751953,3.2426791191101074,1.489819884300232,10.572270274162292,True,False,0.08590823119665016,4.505196087839655,682.1544809450273,681.1421854606779,5.745003436906409,4.500512156414312,4.505196087839655,-0.3772053648396554,4.4395378295585175,-0.3115471065585176,4.429650605462747,-0.3016598824627472,4.429650605462746,-0.30165988246274633
400,2026-05-13T17:47:53.245Z,2026-05-13 17:47:53.245000+00:00,2761.7572999999998,46.02928833333333,140.527,3,14,test,4,19,4.743302345275879,2.358746052,7.256134510040283,5.081063270568848,14.695943832609132,True,False,0.0654254035777248,5.248226534015245,706.9159713586474,705.903675874298,4.132958709749124,5.217850076345154,5.248226534015245,-0.5049241887393663,5.006383548140745,-0.2630812028648659,4.988681623991519,-0.2453792787156397,4.988681623991512,-0.24537927871563348
401,2026-05-13T17:50:13.235Z,2026-05-13 17:50:13.235000+00:00,2764.090466666667,46.06817444444445,139.99,3,14,test,4,20,3.865545272827149,8.883464813232422,2.4990077018737797,1.2598663568496704,12.642338871955872,True,False,0.09003454685394968,4.210915410404108,741.2040576440967,740.1917621597472,4.804311106997658,4.241540198196439,4.210915410404108,-0.3453701375769591,4.215035936097213,-0.3494906632700645,4.227830300763276,-0.3622850279361267,4.2278303007632845,-0.3622850279361356
402,2026-05-13T17:52:33.264Z,2026-05-13 17:52:33.264000+00:00,2766.4242833333333,46.10707138888889,140.029,3,14,test,4,21,4.328683853149414,8.037932395935059,7.418594837188721,1.377280354499817,16.833807587623596,True,False,0.09181836701334042,4.7255338033904195,770.7089588091152,769.6966633247657,3.608080272084189,4.707877554604171,4.7255338033904195,-0.39684995024100544,4.607629852361879,-0.278945999212465,4.591253228908163,-0.2625693757587486,4.591253228908158,-0.2625693757587442
403,2026-05-13T17:54:53.334Z,2026-05-13 17:54:53.334000+00:00,2768.758783333333,46.14597972222222,140.07,3,14,test,4,22,4.377754211425781,6.453321933746338,6.581615447998047,1.031609058380127,14.066546440124512,True,False,0.09266622363370242,4.768868387430747,810.0074826224225,808.995187138073,4.317884942085913,4.767752126577068,4.768868387430747,-0.3911141760049661,4.640689094491503,-0.26293488306572144,4.6379142822611055,-0.2601600708353242,4.637914282261105,-0.26016007083532333
404,2026-05-13T17:57:13.795Z,2026-05-13 17:57:13.795000+00:00,2771.0998000000004,46.18499666666667,140.461,3,14,test,4,23,4.1969099044799805,9.56947898864746,5.846657752990723,3.633256912231445,19.049393653869625,True,False,0.08092717816509926,4.546666663068242,842.9375022811946,841.9252067968451,3.188433719444282,4.5534973241039065,4.546666663068242,-0.3497567585882617,4.471175049993374,-0.2742651455133931,4.470942654073934,-0.2740327495939532,4.470942654073935,-0.27403274959395496
405,2026-05-13T17:59:34.117Z,2026-05-13 17:59:34.117000+00:00,2773.4384999999997,46.223974999999996,140.322,3,14,test,4,24,4.200768471,5.194295883178711,3.4571218490600586,1.0810973644256592,9.732515096664429,True,False,0.0888919014901279,4.5837189803073075,887.4883192194995,886.4760237351501,6.240702270452387,4.5828770677229045,4.5837189803073075,-0.38295050930730756,4.499441654004848,-0.2986731830048477,4.493838680539433,-0.2930702095394331,4.493838680539432,-0.2930702095394322
406,2026-05-13T18:01:53.821Z,2026-05-13 18:01:53.821000+00:00,2775.7669,46.26278166666667,139.704,3,14,test,4,25,4.521657943725586,5.980834007263184,8.279717445373535,7.92725658416748,22.1878080368042,True,False,0.06427201564472669,4.9016018228112985,910.149507370573,909.1372118862236,2.737437107812392,4.887401712743207,4.9016018228112985,-0.3799438790857126,4.74194925138741,-0.22029130766182448,4.731158802260064,-0.20950085853447842,4.731158802260061,-0.20950085853447487
407,2026-05-13T18:04:13.875Z,2026-05-13 18:04:13.875000+00:00,2778.101133333333,46.30168555555555,140.054,3,14,test,4,26,4.1638288497924805,9.810475349,5.247830867767334,1.8307209014892576,16.889027118256593,True,False,0.0891602939075733,4.488985444079477,961.9410284836827,960.9287329993332,3.596283470663029,4.497050271834712,4.488985444079477,-0.3251565942869963,4.427170995792533,-0.2633421460000527,4.426952712588564,-0.2631238627960837,4.426952712588569,-0.2631238627960881
408,2026-05-13T18:06:34.141Z,2026-05-13 18:06:34.141000+00:00,2780.4389,46.340648333333334,140.266,3,14,test,4,27,4.40587329864502,3.783614635467529,4.3814873695373535,3.927225589752197,12.09232759475708,True,False,0.0675229970493444,4.824102469207763,1001.4236331131723,1000.4113376288228,5.022831922557254,4.8155103954464336,4.824102469207763,-0.4182291705627428,4.682826267922648,-0.2769529692776276,4.6751329388348255,-0.2692596401898051,4.675132938834823,-0.2692596401898024
409,2026-05-13T18:08:54.033Z,2026-05-13 18:08:54.033000+00:00,2782.770433333333,46.379507222222216,139.892,3,14,test,4,28,4.094357490539551,8.653905868530273,4.205327511,2.459256410598755,15.318489790129028,True,False,0.08394582988080551,4.447426399808004,1029.6172979779349,1028.6050024935855,3.9649945845251784,4.460950980097401,4.447426399808004,-0.3530689092684529,4.395466283778502,-0.3011087932389511,4.3988200525585155,-0.3044625620189647,4.398820052558518,-0.3044625620189674
410,2026-05-13T18:11:13.919Z,2026-05-13 18:11:13.919000+00:00,2785.1018666666664,46.41836444444444,139.886,3,14,test,4,29,4.286229133605957,8.507207870483398,7.1768107414245605,8.533608436584473,24.21762704849243,True,False,0.06476282164434563,4.686700249237945,1065.331335690968,1064.3190402066186,2.507996714101963,4.679918158698448,4.686700249237945,-0.400471115631988,4.57800437197684,-0.29177523837088337,4.5694640983793695,-0.2832349647734125,4.569464098379367,-0.2832349647734098
411,2026-05-13T18:13:33.788Z,2026-05-13 18:13:33.788000+00:00,2787.433016666667,46.45721694444445,139.869,3,15,test,5,0,4.079471588134766,7.538750171661377,3.688419342041016,3.787360668182373,15.014530181884766,True,False,0.07477536344925481,4.450473742522752,0.0,-1.0122954843494305,4.045263376555513,,4.450473742522752,-0.37100215438798667,4.3977910514644005,-0.3183194633296349,,,,
412,2026-05-13T18:15:53.822Z,2026-05-13 18:15:53.822000+00:00,2789.766916666667,46.49611527777778,140.034,3,15,test,5,1,3.632321357727051,9.681921959,1.5066912174224854,3.7997660636901855,14.988379240112671,True,False,0.07464858606245393,3.9575427401980945,35.042411991500856,34.030116507151426,4.052321340950354,3.9717823943597463,3.9575427401980945,-0.3252213824710437,4.021742089187898,-0.3894207314608469,4.0176044425659985,-0.3852830848389477,4.0176044425659985,-0.3852830848389477
413,2026-05-13T18:18:13.719Z,2026-05-13 18:18:13.719000+00:00,2792.0985333333333,46.534975555555555,139.897,3,15,test,5,2,4.679345131,3.528120756149292,8.399980545043945,4.002233028411865,15.930334329605103,True,False,0.07487665390063991,5.136937972087224,69.98956683406823,68.97727134971879,3.812708999339091,5.10277506317853,5.136937972087224,-0.45759284108722387,4.9214833328389815,-0.24213820183898171,4.8990021298084265,-0.2196569988084267,4.899002129808416,-0.21965699880841605
414,2026-05-13T18:20:33.353Z,2026-05-13 18:20:33.353000+00:00,2794.4257666666667,46.57376277777778,139.634,3,15,test,5,3,4.162174224853516,4.594911575317383,3.177110433578491,8.244260787963867,16.01628279685974,True,False,0.04852575411830084,4.600683681555035,107.06317189706954,106.0508764127201,3.7922487902670197,4.615326115055803,4.600683681555035,-0.4385094567015191,4.5123837458380915,-0.3502095209845759,4.519126656368938,-0.3569524315154222,4.519126656368942,-0.35695243151542666
415,2026-05-13T18:22:53.318Z,2026-05-13 18:22:53.318000+00:00,2796.7585166666668,46.61264194444445,139.965,3,15,test,5,4,4.75267505645752,3.439703226089477,9.20216941833496,5.847757339477539,18.489629983901978,True,False,0.06837277249696777,5.187577450085561,144.42515559144408,143.41286010709464,3.2849618469297233,5.171675994837998,5.187577450085561,-0.4349023936280405,4.960115358541753,-0.20744030208423236,4.952697545780423,-0.20002248932290279,4.952697545780418,-0.20002248932289746
416,2026-05-13T18:25:13.297Z,2026-05-13 18:25:13.297000+00:00,2799.0915,46.651525,139.979,3,15,test,5,5,4.955574035644531,1.1505264043807983,7.205358028411865,1.6209659576416016,9.976850390434265,True,False,0.08375272862469932,5.556879988398794,187.56115418338766,186.54885869903822,6.087866078376874,5.548213368774899,5.556879988398794,-0.601305952754263,5.24185019697519,-0.28627616133065903,5.2461381486226495,-0.29056411297811824,5.246138148622647,-0.2905641129781156
