sample_index,utc_time,utc_datetime,elapsed_min,elapsed_h,dt_s,session_id,trial_id,split,episode_number,step_number,ph_measured,acid_flow,acetate_flow,water_flow,total_flow,valid_for_model,uninformative_flat_ph_trial,total_buffer_mol_l,ph_equilibrium_charge_balance,cumulative_transport_volume_ml,transport_delayed_volume_coordinate_ml,theta_transport_s,ph_equilibrium_transport_delayed,prediction_equilibrium_baseline,residual_equilibrium_baseline,prediction_static_calibrated,residual_static_calibrated,prediction_transport_delay_calibrated,residual_transport_delay_calibrated,prediction_transport_delay_dynamic,residual_transport_delay_dynamic
417,2026-05-14T16:26:02.964Z,2026-05-14 16:26:02.964000+00:00,4119.919283333334,68.6653213888889,79249.667,4,16,train,1,0,4.528273582458496,1.0,1.0,1.0,3.0,True,False,0.06666666666666667,4.760452344018065,0.0,-0.46727071856698704,9.345414371339741,,4.760452344018065,-0.23217876155956851,4.336032530611465,0.19224105184703077,,,,
418,2026-05-14T16:27:14.194Z,2026-05-14 16:27:14.194000+00:00,4121.10645,68.6851075,71.23,4,16,train,1,1,4.8585357666015625,2.402804374694824,7.073693752288818,3.3423044681549072,12.81880259513855,True,False,0.07392654701288204,5.229110954757021,3.5615,3.0942292814330132,2.1871187192360533,5.167622692563396,5.229110954757021,-0.37057518815545887,4.724003363465214,0.1345324031363484,4.682571701992204,0.17596406460935832,4.682571701992204,0.17596406460935832
419,2026-05-14T16:30:09.975Z,2026-05-14 16:30:09.975000+00:00,4124.036133333333,68.73393555555555,175.781,4,17,train,1,0,4.743853569030762,2.828554153442383,7.536417961120605,1.0917634963989258,11.456735610961914,True,False,0.09047055345019643,5.185758187775915,0.0,-0.46727071856698704,2.4471406224294707,,5.185758187775915,-0.44190461874515297,4.688114533671488,0.055739035359273714,,,,
420,2026-05-14T16:31:21.440Z,2026-05-14 16:31:21.440000+00:00,4125.227216666667,68.75378694444446,71.465,4,17,train,1,1,4.651226043701172,3.845787525177002,7.536779880523682,7.259095191955566,18.64166259765625,True,False,0.0610598295408038,5.0524822837003525,13.64592684062322,13.178656122056234,1.5039561502172085,5.057045984516897,5.0524822837003525,-0.4012562399991806,4.577784407821452,0.0734416358797203,4.5881773718194605,0.06304867188171137,4.5881773718194605,0.06304867188171137
421,2026-05-14T16:32:31.525Z,2026-05-14 16:32:31.525000+00:00,4126.3953,68.773255,70.085,4,17,train,1,2,4.674934387207031,3.115859031677246,6.701409339904785,1.469370722770691,11.286639094352722,True,False,0.08698132623461052,5.092774467673006,35.420942226568854,34.95367150800187,2.4840205201606187,5.091909836469591,5.092774467673006,-0.4178400804659743,4.611139587509111,0.06379479969792001,4.617939064046112,0.05699532316091904,4.617692691495501,0.05724169571153048
422,2026-05-14T16:33:41.741Z,2026-05-14 16:33:41.741000+00:00,4127.565566666667,68.79275944444446,70.216,4,17,train,1,3,3.775122643,7.888556957244873,1.240579367,8.465868949890137,17.595005274135012,True,False,0.05188481720812482,3.964315948998733,48.6293197373867,48.162049018819715,1.5934205575506717,4.004237250647032,3.964315948998733,-0.18919330599873296,3.676964942471329,0.09815770052867112,3.6894422133096754,0.08568042969032463,3.697057884223862,0.07806475877613783
423,2026-05-14T16:34:51.276Z,2026-05-14 16:34:51.276000+00:00,4128.724483333333,68.81207472222222,69.535,4,17,train,1,4,4.553084373474121,3.698712348937988,6.169853210449219,4.8211445808410645,14.689710140228271,True,False,0.06718012448973928,4.982511504018605,69.02046459966967,68.55319388110267,1.9085633988951909,4.959179171682726,4.982511504018605,-0.4294271305444841,4.519860321831119,0.03322405164300246,4.504632903849423,0.04845146962469826,4.497691348050304,0.0553930254238173
424,2026-05-14T16:36:00.957Z,2026-05-14 16:36:00.957000+00:00,4129.885833333333,68.83143055555554,69.681,4,17,train,1,5,4.22447681427002,8.578654289245605,5.017170906066895,8.426432609558105,22.022257804870605,True,False,0.061736745231933246,4.5279353366868484,86.08035947102377,85.61308875245678,1.2730866817760402,4.540386183187034,4.5279353366868484,-0.303458522416828,4.1435473934138045,0.0809294208562159,4.147128287113421,0.07734852715659901,4.150111627230278,0.07436518703974215
425,2026-05-14T16:37:10.634Z,2026-05-14 16:37:10.634000+00:00,4131.047116666667,68.85078527777777,69.677,4,17,train,1,6,4.508424758911133,1.864347219467163,3.314729690551758,4.238314628601074,9.417391538619995,True,False,0.05499481346591492,5.010256082159601,111.65444042218992,111.18716970362293,2.9770709860628344,5.001443473732062,5.010256082159601,-0.5018313232484681,4.542828185520992,-0.03440342660985962,4.5407120253266875,-0.03228726641555468,4.537387052286489,-0.02896229337535594
426,2026-05-14T16:38:20.219Z,2026-05-14 16:38:20.219000+00:00,4132.206866666666,68.87011444444444,69.585,4,17,train,1,7,4.606566429138184,2.9277288913726807,5.652953147888184,1.9975014925003047,10.57818353176117,True,False,0.08111678166196706,5.045958783378884,122.57626025910446,122.10898954053746,2.650383502029431,5.044431306538703,5.045958783378884,-0.43939235424070056,4.572384042193152,0.03418238694503195,4.577408792259327,0.029157636878856863,4.5770659577566875,0.02950047138149614
427,2026-05-14T16:39:29.831Z,2026-05-14 16:39:29.831000+00:00,4133.367066666667,68.88945111111111,69.612,4,17,train,1,8,4.2878828048706055,7.530465126037598,5.418348312,8.246042251586914,21.19485568962451,True,False,0.06109413353720739,4.617749392330741,134.84906879265375,134.38179807408676,1.3227852798140902,4.6340528903691265,4.617749392330741,-0.32986658746013564,4.217898388299382,0.06998441657122356,4.2270873150148685,0.06079548985573702,4.23007977251293,0.05780303235767548
428,2026-05-14T16:40:39.613Z,2026-05-14 16:40:39.613000+00:00,4134.5301,68.908835,69.782,4,17,train,1,9,4.057416915893555,4.415274620056152,1.9086229801177976,4.258406639099121,10.582304239273071,True,False,0.05975917396803512,4.397143612156165,159.49939245487673,159.03212173630973,2.649351453152429,4.40132540801551,4.397143612156165,-0.33972669626261,4.035273752145296,0.02214316374825831,4.0284183982270685,0.0289985176664862,4.030122748517578,0.027294167375976564
429,2026-05-14T16:41:49.706Z,2026-05-14 16:41:49.706000+00:00,4135.698316666667,68.92830527777778,70.093,4,18,train,2,0,4.046389579772949,7.560497760772705,3.101325750350952,8.667284965515137,19.329108476638794,True,False,0.055159416814332445,4.374606846677111,0.0,-0.46727071856698704,1.4504674723049897,,4.374606846677111,-0.3282172669041614,4.016617085069551,0.0297724947033986,,,,
430,2026-05-14T16:42:59.811Z,2026-05-14 16:42:59.811000+00:00,4136.866733333333,68.94777888888889,70.105,4,18,train,2,1,4.505117416381836,4.129807949066162,6.361728191375732,3.069538354873657,13.561074495315552,True,False,0.0773650800610676,4.947910406244732,22.584452495912714,22.117181777345728,2.06740572981174,4.936048796303794,4.947910406244732,-0.4427929898628964,4.4912164083013595,0.013901008080476451,4.484887549433372,0.020229866948463737,4.484887549433372,0.020229866948463737
431,2026-05-14T16:44:09.815Z,2026-05-14 16:44:09.815000+00:00,4138.033466666667,68.96722444444444,70.004,4,18,train,2,2,4.192498207092285,9.582213401794434,5.372310161590576,5.394876003265381,20.34939956665039,True,False,0.07348877058708517,4.509489340417386,38.40661014541388,37.93933942684689,1.3777430150797378,4.522437089454036,4.509489340417386,-0.316991133325101,4.128277198070127,0.064221009022158,4.131805958296924,0.060692248795360726,4.134745070043401,0.057753137048884184
432,2026-05-14T16:45:19.672Z,2026-05-14 16:45:19.672000+00:00,4139.19775,68.98662916666667,69.857,4,18,train,2,3,4.1500444412231445,5.167928218841553,3.1343605518341064,6.846477985,15.14876675567566,True,False,0.05480504720006407,4.543796252556861,62.09907690420549,61.6318061856385,1.850727756668055,4.543119640212084,4.543796252556861,-0.3937518113337166,4.156677575168514,-0.006633133945369352,4.149461715640042,0.0005827255831025724,4.149337973708977,0.0007064675141679189
433,2026-05-14T16:46:29.737Z,2026-05-14 16:46:29.737000+00:00,4140.3655,69.00609166666666,70.065,4,18,train,2,4,5.025596618652344,1.1132562160491943,9.733211517333984,3.3749003410339355,14.221368074417114,True,False,0.07626880674648272,5.70178358632,79.78904928314574,79.32177856457875,1.9714167418571882,5.671195999072937,5.70178358632,-0.6761869676676566,5.1152971332425645,-0.08970051459022077,5.112449438457764,-0.08685281980542037,5.104465716469215,-0.07886909781687113
434,2026-05-14T16:47:39.835Z,2026-05-14 16:47:39.835000+00:00,4141.5338,69.02556333333334,70.098,4,18,train,2,5,3.586008071899414,9.867508888244627,1.136433243751526,8.351887702941895,19.35582983493805,True,False,0.05685078979219788,3.833312908015885,96.40387360448726,95.93660288592027,1.4484650543585933,3.8858612599928035,3.833312908015885,-0.24730483611647092,3.5685163665743653,0.017491705325048734,3.588389988625594,-0.0023819167261800445,3.6009291760223037,-0.014921104122889606
435,2026-05-14T16:48:49.585Z,2026-05-14 16:48:49.585000+00:00,4142.6963,69.04493833333332,69.75,4,18,train,2,6,4.057416915893555,2.231187582015991,1.4076043367385864,4.027916908,7.6667088267545775,True,False,0.0474622422864979,4.561004263649655,118.90502578760274,118.43775506903575,3.656881166033189,4.545892643592388,4.561004263649655,-0.5035873477560999,4.170922926139236,-0.11350601024568174,4.151828903099995,-0.09441198720644017,4.147162746170801,-0.0897458302772467
436,2026-05-14T16:49:59.628Z,2026-05-14 16:49:59.628000+00:00,4143.863683333333,69.06439472222222,70.043,4,18,train,2,7,4.459905624389648,5.994959831237793,8.221460342407227,4.029926776885986,18.246346950531006,True,False,0.07791378850894476,4.897452121068807,127.85501389347559,127.38774317490859,1.5365400641580649,4.87988648520015,4.897452121068807,-0.43754649667915846,4.4494453995638725,0.01046022482577591,4.436944326748968,0.022961297640680556,4.434538561765082,0.025367062624566117
437,2026-05-14T16:51:09.758Z,2026-05-14 16:51:09.758000+00:00,4145.032516666667,69.08387527777778,70.13,4,18,train,2,8,4.194152832,8.857570648,5.294661045074463,7.873991489,22.02622318207446,True,False,0.0642517401920813,4.537360922502143,149.18195242082123,148.71468170225424,1.2728574881977897,4.5452504783747845,4.537360922502143,-0.3432080905021424,4.151350199753217,0.042802632246782935,4.151280715722683,0.04287211627731757,4.153618367400537,0.04053446459946297
438,2026-05-14T16:52:19.842Z,2026-05-14 16:52:19.842000+00:00,4146.200583333333,69.10334305555556,70.084,4,18,train,2,9,4.080574035644531,8.736639976501465,3.9861936569213863,1.797316074371338,14.52014970779419,True,False,0.08762191774505902,4.4200893023928,174.910049512363,174.442778793796,1.9308508299311682,4.422219175970353,4.4200893023928,-0.3395152667482684,4.054268940428457,0.026305095216073937,4.0462544621299,0.03431957351463133,4.047143300319936,0.03343073532459506
439,2026-05-14T16:53:29.733Z,2026-05-14 16:53:29.733000+00:00,4147.365433333333,69.12275722222222,69.891,4,19,train,3,0,4.076163291931152,6.237651824951172,3.431779384613037,9.160170555114746,18.829601764678955,True,False,0.05135228737392829,4.501661422791494,0.0,-0.46727071856698704,1.488945091053934,,4.501661422791494,-0.4254981308603414,4.121796993393978,-0.04563370146282608,,,,
440,2026-05-14T16:54:39.864Z,2026-05-14 16:54:39.864000+00:00,4148.534283333333,69.14223805555555,70.131,4,19,train,3,1,4.245429039001465,4.500831604003906,3.641085386276245,2.401885271072388,10.543802261352539,True,False,0.07721993251071954,4.668426216248947,22.008980022644998,21.54170930407801,2.6590258826062985,4.664885647590592,4.668426216248947,-0.4229971772474821,4.259850310511861,-0.014421271510395961,4.253407844145425,-0.007978805143959988,4.253407844145425,-0.007978805143959988
441,2026-05-14T16:55:50.061Z,2026-05-14 16:55:50.061000+00:00,4149.704233333333,69.16173722222221,70.197,4,19,train,3,2,4.640750885009766,3.9728055000305176,8.63660717,9.930333137512209,22.539745807542726,True,False,0.055943011858682494,5.097533242358976,34.344701478314406,33.87743075974742,1.2438579988172334,5.081278891192476,5.097533242358976,-0.45678235734921024,4.615079055889662,0.02567182912010324,4.608863907295069,0.03188697771469684,4.605943836634512,0.034807048375253835
442,2026-05-14T16:57:00.069Z,2026-05-14 16:57:00.069000+00:00,4150.871033333333,69.18118388888888,70.008,4,19,train,3,3,4.953369141,1.310960054397583,8.813074111938477,4.5904316902160645,14.714465856552124,True,False,0.06880327335720436,5.587682469730431,60.644076886555254,60.17680616798827,1.9053524189962434,5.57897380733356,5.587682469730431,-0.634313328730431,5.020840519796374,-0.0674713787963741,5.033723528000744,-0.08035438700074415,5.030163590648081,-0.07679444964808102
443,2026-05-14T16:58:10.316Z,2026-05-14 16:58:10.316000+00:00,4152.041816666667,69.20069694444445,70.247,4,19,train,3,4,4.253699303,7.374316215515137,5.342310905456543,5.357476711273193,18.074103832244873,True,False,0.07035827191766346,4.620614267135119,77.87152827030887,77.40425755174188,1.5511830281732433,4.646844650484577,4.620614267135119,-0.3669149641351188,4.220270024792145,0.03342927820785491,4.238007061579584,0.015692241420416586,4.244492406136102,0.009206896863898528
444,2026-05-14T16:59:20.258Z,2026-05-14 16:59:20.258000+00:00,4153.207516666666,69.22012527777777,69.942,4,19,train,3,5,4.511181831359863,5.155566692352295,8.679261207580566,5.166172981262207,19.00100088119507,True,False,0.07281104814654753,4.986469564052352,98.94051110755672,98.47324038898972,1.4755140157783035,4.978355576357615,4.986469564052352,-0.4752877326924887,4.523136932593388,-0.011955101233525056,4.521002932460208,-0.00982110110034462,4.518691428878482,-0.0075095975186183495
445,2026-05-14T17:00:30.377Z,2026-05-14 17:00:30.377000+00:00,4154.376166666667,69.23960277777778,70.119,4,19,train,3,6,4.948407173156738,1.3887290954589844,9.288988113,4.429559707641602,15.107276916100586,True,False,0.0706792975845912,5.585491730083385,121.14603078736533,120.67876006879834,1.8558104991204327,5.572886507508325,5.585491730083385,-0.6370845569266468,5.019026954301248,-0.07061978114450973,5.028527075694329,-0.08011990253759116,5.024316370526182,-0.07590919736944368
446,2026-05-14T17:01:40.335Z,2026-05-14 17:01:40.335000+00:00,4155.542133333333,69.25903555555556,69.958,4,19,train,3,7,4.425722122192383,7.627596855163574,8.794168472290039,4.523181915283203,20.944947242736816,True,False,0.0784044244043072,4.822142434540979,138.76061209564142,138.29334137707443,1.338568332930105,4.842392179204403,4.822142434540979,-0.39642031234859587,4.387101592932246,0.03862052926013693,4.404937134978779,0.02078498721360411,4.410109202906717,0.015612919285666216
447,2026-05-14T17:02:50.384Z,2026-05-14 17:02:50.384000+00:00,4156.709616666666,69.2784936111111,70.049,4,19,train,3,8,4.350737571716309,5.9412126541137695,5.414473533630371,2.9679551124572754,14.323641300201416,True,False,0.07927932534574474,4.72009944813673,163.2134889190826,162.7462182005156,1.9573404922968143,4.7220493904656475,4.72009944813673,-0.3693618764204212,4.302627091632211,0.04811048008409724,4.302205943801175,0.04853162791513377,4.303101388435648,0.04763618328066066
448,2026-05-14T17:04:00.514Z,2026-05-14 17:04:00.514000+00:00,4157.87845,69.29797416666666,70.13,4,19,train,3,9,4.881141662597656,1.5714197158813477,8.664034843444824,2.6927719116210938,12.928226470947266,True,False,0.0791713742200264,5.501560879938737,179.95543832546804,179.48816760690104,2.16860705349053,5.479750155517886,5.501560879938737,-0.6204192173410812,4.9495462681758,-0.06840460557814332,4.9490207880123585,-0.0678791254147022,4.943690186974203,-0.06254852437654712
449,2026-05-14T17:05:10.631Z,2026-05-14 17:05:10.631000+00:00,4159.047066666667,69.31745111111111,70.117,4,20,train,4,0,3.69627857208252,9.325201988220217,1.729438543319702,5.946636677,17.001277208539918,True,False,0.06502241211611477,4.032921230421807,0.0,-0.46727071856698704,1.649066877160048,,4.032921230421807,-0.33664265833928697,3.7337586246143024,-0.03748005253178244,,,,
450,2026-05-14T17:06:20.722Z,2026-05-14 17:06:20.722000+00:00,4160.21525,69.33692083333334,70.091,4,20,train,4,1,4.40587329864502,4.402459144592285,6.169421195983887,8.091853141784668,18.66373348236084,True,False,0.05664397399677666,4.906939976919468,19.860608680396187,19.3933379618292,1.5021776398873448,4.886376489954434,4.906939976919468,-0.501066678274448,4.4572997550628,-0.05142645641777932,4.442484550024025,-0.03661125137900445,4.442484550024025,-0.03661125137900445
451,2026-05-14T17:07:30.567Z,2026-05-14 17:07:30.567000+00:00,4161.379333333333,69.35632222222222,69.845,4,20,train,4,2,4.519452095031738,4.198347568511963,7.026671409606934,5.835440158843994,17.06045913696289,True,False,0.0657955268847306,4.983963791885054,41.58674976498774,41.11947904642075,1.6433463419091923,4.982307217290163,4.983963791885054,-0.4645116968533154,4.521062572937101,-0.0016104779053627283,4.524376269445012,-0.004924174413273974,4.523687134075985,-0.004235039044246491
452,2026-05-14T17:08:40.810Z,2026-05-14 17:08:40.810000+00:00,4162.55005,69.37583416666666,70.243,4,20,train,4,3,4.020476341247559,8.842449188232422,3.841378688812256,9.204194068908691,21.88802194595337,True,False,0.05794871692089859,4.399328946487893,61.55971361761581,61.09244289904883,1.2808943258210927,4.413006573219896,4.399328946487893,-0.3788526052403345,4.03708284294469,-0.016606501697131293,4.038390080189616,-0.017913738942057833,4.042364269346185,-0.02188792809862683
453,2026-05-14T17:09:50.830Z,2026-05-14 17:09:50.830000+00:00,4163.71705,69.39528416666667,70.02,4,20,train,4,4,4.035363197,8.714832305908203,3.887411117553711,3.0980114936828613,15.700254917144775,True,False,0.08026776310300661,4.410386902186132,87.10303522854339,86.6357645099764,1.7857189747539366,4.410184616086317,4.410386902186132,-0.37502370518613226,4.046236978137344,-0.010873781137344274,4.0359811031264865,-0.0006179061264868224,4.036034179574799,-0.0006709825747996945
454,2026-05-14T17:11:00.673Z,2026-05-14 17:11:00.673000+00:00,4164.8811000000005,69.414685,69.843,4,20,train,4,5,4.327029228210449,7.427002906799316,7.237465381622314,5.775532245635986,20.440000534057617,True,False,0.07174397213927342,4.749204346446836,105.37891696484577,104.91164624627878,1.37163612433887,4.740541592281151,4.749204346446836,-0.4221751182363871,4.32672107257858,0.00030815563186958883,4.317991899402781,0.009037328807668388,4.315618843574119,0.011410384636330484
455,2026-05-14T17:12:10.589Z,2026-05-14 17:12:10.589000+00:00,4166.0463666666665,69.4341061111111,69.916,4,20,train,4,6,3.974713325500488,6.9090681076049805,2.674503326416016,7.608575344085693,17.19214677810669,True,False,0.055743890264043,4.349553650477558,129.19696825383198,128.729697535265,1.6307587106993484,4.3573941352265235,4.349553650477558,-0.3748403249770704,3.9958772348406963,-0.02116390934020851,3.9909162592882907,-0.01620293378780291,3.9936354586375393,-0.01892213313705149
456,2026-05-14T17:13:20.676Z,2026-05-14 17:13:20.676000+00:00,4167.214483333333,69.45357472222221,70.087,4,20,train,4,7,4.189741134643555,6.404359340667725,4.694512367248535,5.250429630279541,16.3493013381958,True,False,0.06788590826194324,4.625735243930479,149.27940144111804,148.81213072255105,1.7148282078892254,4.619309151513081,4.625735243930479,-0.4359941092869244,4.224509335853107,-0.03476820120955271,4.214501252559716,-0.02476011791616095,4.212673136584895,-0.022932001941340374
457,2026-05-14T17:14:30.795Z,2026-05-14 17:14:30.795000+00:00,4168.383133333334,69.47305222222222,70.119,4,20,train,4,8,4.212899208068848,2.976303100585937,2.511207103729248,1.943474054336548,7.430984258651733,True,False,0.07384634408189193,4.686692811653735,168.38601245000055,167.91874173143356,3.772884201897916,4.685202035164964,4.686692811653735,-0.47379360358488753,4.2749719919879015,-0.0620727839190538,4.270751024553783,-0.05785181648493509,4.270271362402749,-0.05737215433390119
458,2026-05-14T17:15:40.800Z,2026-05-14 17:15:40.800000+00:00,4169.549883333333,69.49249805555556,70.005,4,20,train,4,9,3.58711051940918,8.419623374938965,1.179525375366211,8.589582443237305,18.18873119354248,True,False,0.05277525215015079,3.9156135870416193,177.05611333378246,176.58884261521547,1.5414073040989735,3.9571705133318957,3.9156135870416193,-0.3285030676324392,3.636647544054914,-0.04953702464573384,3.6492634702383,-0.062152950829119646,3.654432492888681,-0.06732197347950075
459,2026-05-14T17:16:50.776Z,2026-05-14 17:16:50.776000+00:00,4170.71615,69.51193583333334,69.976,4,21,train,5,0,4.731724739074707,2.3828330039978027,8.089807510375977,1.2227840423583984,11.695424556732178,True,False,0.08954476567800583,5.290985743668298,0.0,-0.46727071856698704,2.3971975517452133,,5.290985743668298,-0.5592610045935906,4.775225325115949,-0.04350058604124207,,,,
460,2026-05-14T17:18:00.957Z,2026-05-14 17:18:00.957000+00:00,4171.885833333333,69.53143055555554,70.181,4,21,train,5,1,4.344673156738281,9.183122634887695,8.673872947692871,9.355525970458984,27.21252155303955,True,False,0.06562051057185474,4.7357095601126105,13.679943180267015,13.212672461700029,1.0302699461119091,4.754676327581898,4.7357095601126105,-0.3910364033743292,4.31554964977037,0.02912350696791144,4.330058083090597,0.01461507364768444,4.330058083090597,0.01461507364768444
461,2026-05-14T17:19:10.839Z,2026-05-14 17:19:10.839000+00:00,4173.050533333333,69.55084222222222,69.882,4,21,train,5,2,4.413592338562012,5.934236526489258,6.777801513671875,8.025571823120117,20.73760986328125,True,False,0.06129943674304299,4.818156644994868,45.37436703309218,44.90709631452519,1.3519515170193837,4.816941128070643,4.818156644994868,-0.40456430643285657,4.383802026778226,0.02979031178378566,4.383210724721083,0.030381613840928523,4.382764565145644,0.030827773416367776
462,2026-05-14T17:20:20.772Z,2026-05-14 17:20:20.772000+00:00,4174.216083333334,69.57026805555556,69.933,4,21,train,5,3,4.319862365722656,9.774289131,8.607541084,5.355743885040283,23.737574100040284,True,False,0.07743769492843333,4.705237920722135,69.54508820923964,69.07781749067264,1.181091336286619,4.707420876416592,4.705237920722135,-0.38537555499947906,4.290324236128441,0.02953812959421498,4.289718243547858,0.030144122174798227,4.290496547937959,0.029365817784697157
463,2026-05-14T17:21:30.796Z,2026-05-14 17:21:30.796000+00:00,4175.38315,69.58971916666665,70.024,4,21,train,5,4,4.453841209411621,6.372848510742188,8.533260345458984,7.127196311950684,22.033305168151855,True,False,0.06765262289267104,4.887121529170973,97.24841968892665,96.78114897035965,1.2724483639678508,4.884053707364857,4.887121529170973,-0.4332803197593522,4.440893399769918,0.0129478096417035,4.440501695672928,0.013339513738692688,4.439254734209362,0.014586475202259308
464,2026-05-14T17:22:40.975Z,2026-05-14 17:22:40.975000+00:00,4176.5528,69.60921333333334,70.179,4,21,train,5,5,4.328683853149414,9.544429779052734,9.169128418,3.013535976409912,21.727094173462646,True,False,0.08613005516360937,4.742942731054574,123.01967507885547,122.55240436028848,1.2903816262858812,4.745556904465168,4.742942731054574,-0.41425887790516036,4.321537503807881,0.007146349341533131,4.322273244385654,0.006410608763760095,4.323235431022788,0.00544842212662644
465,2026-05-14T17:23:50.998Z,2026-05-14 17:23:50.998000+00:00,4177.7198499999995,69.62866416666665,70.023,4,21,train,5,6,4.114757537841797,5.1971611976623535,3.163281917572021,7.597070217132568,15.957513332366943,True,False,0.052391891775999455,4.545375338011981,148.37628033399506,147.90900961542806,1.7569305774699087,4.549016103673769,4.545375338011981,-0.43061780017018414,4.157984793440263,-0.04322725559846585,4.1544952595815,-0.03973772173970325,4.155898057338667,-0.04114051949686992
466,2026-05-14T17:25:00.983Z,2026-05-14 17:25:00.983000+00:00,4178.886266666666,69.64810444444444,69.985,4,21,train,5,7,4.250391006469727,6.867644786834717,5.549808502197266,1.851370930671692,14.268824219703674,True,False,0.08702506315751543,4.667903867278796,166.9893898434234,166.5221191248564,1.9648600811343837,4.664827863568268,4.667903867278796,-0.4175128608090697,4.259417893054151,-0.009026886584424076,4.253358516541283,-0.0029675100715564895,4.252546183864682,-0.002155177394955743
467,2026-05-14T17:26:11.056Z,2026-05-14 17:26:11.056000+00:00,4180.05415,69.66756916666667,70.073,4,21,train,5,8,4.687064170837402,2.748014450073242,7.902866363525391,1.4058113098144531,12.056692123413086,True,False,0.08833999163763595,5.218920718926963,183.6537118358783,183.18644111731132,2.3253677565155026,5.2034701029145785,5.218920718926963,-0.5318565480895607,4.7155675549867775,-0.028503384149375144,4.713173013500812,-0.02610884266340996,4.709356731831875,-0.02229256099447241
468,2026-05-14T17:27:21.085Z,2026-05-14 17:27:21.085000+00:00,4181.2213,69.68702166666667,70.029,4,21,train,5,9,4.624210357666016,4.559953689575195,9.360037803649902,1.6332210302352903,15.553212523460388,True,False,0.08949914027232801,5.072503583119023,197.7256800477199,197.2584093291529,1.8026014285942207,5.077365478713835,5.072503583119023,-0.448293225453007,4.594358690321091,0.029851667344924948,4.605523204210876,0.01868715345514005,4.6063860554744664,0.01782430219154918
469,2026-05-14T17:28:31.023Z,2026-05-14 17:28:31.023000+00:00,4182.386933333333,69.70644888888889,69.938,4,22,train,6,0,4.616490364074707,1.29723858833313,3.84742283821106,2.903017044067383,8.047678470611572,True,False,0.06392727350292897,5.232361013065721,0.0,-0.46727071856698704,3.483767799173598,,5.232361013065721,-0.615870648991014,4.726693867384178,-0.11020350330947082,,,,
470,2026-05-14T17:29:40.978Z,2026-05-14 17:29:40.978000+00:00,4183.55285,69.72588083333333,69.955,4,22,train,6,1,4.041427612304688,3.992306709289551,2.0435984134674072,8.391628265,14.427533387756958,True,False,0.04183601562744578,4.470738785209681,9.382922456860541,8.915651738293555,1.9432457621488135,4.5086676679563,4.470738785209681,-0.42931117290499277,4.096198228788471,-0.054770616483782675,4.120051626466044,-0.07862401416135523,4.120051626466044,-0.07862401416135523
471,2026-05-14T17:30:51.188Z,2026-05-14 17:30:51.188000+00:00,4184.723016666667,69.74538361111111,70.21,4,22,train,6,2,3.754171371459961,8.958148956298828,2.122225046157837,6.183496475219727,17.26387047767639,True,False,0.06418244400515227,4.1377481265346665,26.26554110943414,25.798270390867152,1.6239836339291585,4.146964515742833,4.1377481265346665,-0.38357675507470557,3.820537736868857,-0.06636636540889596,3.8112820186730287,-0.0571106472130678,3.813816305580823,-0.059644934120862025
472,2026-05-14T17:32:01.117Z,2026-05-14 17:32:01.117000+00:00,4185.8885,69.76480833333333,69.929,4,22,train,6,3,4.360661506652832,1.9722771644592283,2.892667055130005,2.5380349159240723,7.402979135513306,True,False,0.06571603310687851,4.926655100268513,46.386294419991344,45.91902370142436,3.7871568460222673,4.908334060155879,4.926655100268513,-0.5659935936156808,4.473620575059008,-0.11295906840617587,4.461228733749543,-0.10056722709671106,4.455811842280181,-0.09515033562734931
473,2026-05-14T17:33:11.274Z,2026-05-14 17:33:11.274000+00:00,4187.057783333334,69.78429638888889,70.157,4,22,train,6,4,4.249288558959961,9.041465759277344,6.639795780181885,3.111891746520996,18.793153285980225,True,False,0.08344135388475504,4.626419734815743,55.042474540161464,54.57520382159448,1.4918328333401283,4.642626790700294,4.626419734815743,-0.3771311758557818,4.225075979658963,0.02421257930099774,4.234406465612008,0.01488209334795254,4.236230293726145,0.013058265233816257
474,2026-05-14T17:34:21.125Z,2026-05-14 17:34:21.125000+00:00,4188.221966666667,69.80369944444445,69.851,4,22,train,6,5,4.290639877319336,3.3639943599700928,3.486858845,5.350299358,12.201152562970094,True,False,0.05614922991588598,4.776097348910967,76.92115037647821,76.45387965791122,2.297835632275254,4.772900630479974,4.776097348910967,-0.4854574715916309,4.348983974240613,-0.05834409692127718,4.3456153455134,-0.05497546819406374,4.344695225915862,-0.05405534859652583
475,2026-05-14T17:35:31.264Z,2026-05-14 17:35:31.264000+00:00,4189.39095,69.8231825,70.139,4,22,train,6,6,3.689111709594727,6.196597099304199,1.270737886428833,9.009205818,16.47654080373303,True,False,0.04532101170192948,4.077554555307521,91.18409437004753,90.71682365148054,1.7015855116668148,4.100439633820347,4.077554555307521,-0.38844284571279397,3.7707075418691005,-0.0815958322743735,3.771565833022138,-0.08245412342741121,3.7762928064776826,-0.08718109688295561
476,2026-05-14T17:36:41.427Z,2026-05-14 17:36:41.427000+00:00,4190.560333333333,69.84267222222222,70.163,4,22,train,6,7,4.357353210449219,4.895693778991699,5.825448036193848,6.338499069213867,17.059640884399414,True,False,0.06284506155689212,4.835921457394803,110.45148657691954,109.98421585835254,1.6434251637534538,4.817529625045568,4.835921457394803,-0.4785682469455841,4.398508315971176,-0.041155105521957225,4.383713097949027,-0.02635988749980811,4.3787115228702485,-0.0213583124210297
477,2026-05-14T17:37:51.538Z,2026-05-14 17:37:51.538000+00:00,4191.72885,69.8621475,70.111,4,22,train,6,8,4.345775604248047,8.131330490112305,7.878332138061523,2.816615343093872,18.8262779712677,True,False,0.08503891556582488,4.746638843807438,130.38596127768832,129.91869055912133,1.4892079654198027,4.74873165797148,4.746638843807438,-0.4008632395593912,4.324597266095805,0.021178338152242127,4.324983387742117,0.020792216505929773,4.32542736841444,0.02034823583360712
478,2026-05-14T17:39:01.618Z,2026-05-14 17:39:01.618000+00:00,4192.89685,69.88161416666667,70.08,4,22,train,6,9,4.270791053771973,7.472982406616211,5.957310676574707,1.4764686822891235,14.906761765480042,True,False,0.09009530905828106,4.661981588374166,152.375053948129,151.907783229562,1.880773541235726,4.66378056467442,4.661981588374166,-0.39119053460219355,4.254515238058868,0.016275815713104436,4.2524644848837845,0.018326568888188177,4.253068691151633,0.017722362620339993
479,2026-05-14T17:40:11.882Z,2026-05-14 17:40:11.882000+00:00,4194.067916666667,69.90113194444444,70.264,4,23,train,7,0,4.299461364746094,3.164029359817505,3.428013801574707,9.064626693725586,15.656669855117798,True,False,0.042103737400054,4.79546389642861,0.0,-0.46727071856698704,1.7906900620284096,,4.79546389642861,-0.4960025316825165,4.365016231832285,-0.06555486708619096,,,,
480,2026-05-14T17:41:22.060Z,2026-05-14 17:41:22.060000+00:00,4195.23755,69.92062583333333,70.178,4,23,train,7,1,4.317104339599609,8.480957031,7.906256675720215,3.526937961578369,19.914151668298587,True,False,0.08228928844007494,4.729919684109611,18.312562951540947,17.84529223297396,1.407855256955295,4.7315921365822255,4.729919684109611,-0.412815344510002,4.310756602201135,0.006347737398474607,4.310352154188486,0.006752185411123435,4.310352154188486,0.006752185411123435
481,2026-05-14T17:42:32.297Z,2026-05-14 17:42:32.297000+00:00,4196.408166666666,69.9401361111111,70.237,4,23,train,7,2,4.770870208740234,2.4658637046813965,8.811050415039062,6.673189163208008,17.950103282928467,True,False,0.06282367261053826,5.313255252853064,41.624400796979074,41.15713007841209,1.5618987073285102,5.301562668502586,5.313255252853064,-0.5423850441128293,4.79366074874347,-0.02279054000323555,4.796910196377629,-0.0260399876373949,4.792924045060372,-0.022053836320137243
482,2026-05-14T17:43:42.538Z,2026-05-14 17:43:42.538000+00:00,4197.57885,69.9596475,70.241,4,23,train,7,3,4.234401702880859,6.628214359283447,4.927308082580566,4.943331718444824,16.498854160308838,True,False,0.07003833314475282,4.631804958801843,62.63828754191538,62.171016823348396,1.6992842558403716,4.646957879936042,4.631804958801843,-0.3974032559209837,4.229534043134415,0.004867659746444097,4.238103720436731,-0.0037020175558719615,4.2426478704158725,-0.008246167535013171
483,2026-05-14T17:44:52.668Z,2026-05-14 17:44:52.668000+00:00,4198.747683333333,69.97912805555555,70.13,4,23,train,7,4,4.356250762939453,6.614192962646484,6.603909492492676,1.627769112586975,14.845871567726135,True,False,0.08903554361789288,4.759663566727886,81.92269824628968,81.45542752772269,1.8884875156112768,4.756565490021449,4.759663566727886,-0.4034128037884326,4.3353795551295375,0.020871207809915582,4.331670775548343,0.024579987391110336,4.330936093185761,0.025314669753692343
484,2026-05-14T17:46:02.863Z,2026-05-14 17:46:02.863000+00:00,4199.9176,69.99862666666667,70.195,4,23,train,7,5,4.525517463684082,5.012232303619385,8.311044692993164,6.299970626831055,19.623247623443604,True,False,0.06789537212329436,4.9799099193182705,99.29113082456529,98.82386010599829,1.4287259505671597,4.973984533076717,4.9799099193182705,-0.4543924556341885,4.517706645445365,0.007810818238716877,4.517271570675746,0.008245893008336225,4.515740615764803,0.009776847919279241
485,2026-05-14T17:47:13.341Z,2026-05-14 17:47:13.341000+00:00,4201.092233333334,70.01820388888889,70.478,4,23,train,7,6,4.382164955,7.725614070892334,7.8565545082092285,8.186098098754883,23.768266677856445,True,False,0.06555870813086506,4.7677514743241085,122.34125159131625,121.87398087274926,1.1795661624807925,4.772052338082943,4.7677514743241085,-0.38558651932410815,4.342074987954731,0.04008996704526968,4.344891196693789,0.03727375830621149,4.346268003715782,0.03589695128421866
486,2026-05-14T17:48:23.411Z,2026-05-14 17:48:23.411000+00:00,4202.260066666667,70.03766777777778,70.07,4,23,train,7,7,4.0910491943359375,6.799304962158203,3.580927848815918,7.778584957122803,18.158817768096924,True,False,0.05716359370713586,4.482637180634733,150.09862569327294,149.63135497470594,1.5439464987239349,4.487436826321555,4.482637180634733,-0.3915879862987959,4.106048107307512,-0.014998912971574185,4.101927818021027,-0.010878623685089295,4.103952585765844,-0.012903391429906819
487,2026-05-14T17:49:33.343Z,2026-05-14 17:49:33.343000+00:00,4203.4256,70.05709333333333,69.932,4,23,train,7,8,4.184779167175293,6.952586650848389,4.796080589294434,9.879159927368164,21.627827167510986,True,False,0.054321995220081576,4.599572012892778,171.2633330959155,170.7960623773485,1.296304196296467,4.596990346061518,4.599572012892778,-0.41479284571748476,4.202850562700861,-0.0180713955255678,4.195448698653244,-0.010669531477951466,4.194683308936663,-0.009904141761370333
488,2026-05-14T17:50:43.358Z,2026-05-14 17:50:43.358000+00:00,4204.592516666667,70.07654194444444,70.015,4,23,train,7,9,4.492986679077148,2.677553176879883,4.500806808,1.6114833354949951,8.789843320374878,True,False,0.08166652946179856,4.985787220969632,196.5012050814702,196.0339343629032,3.1896180730583836,4.978636576180608,4.985787220969632,-0.4928005418924837,4.522572066808297,-0.029585387731148494,4.521242809289051,-0.02825613021190243,4.518526516620481,-0.025539837543332666
489,2026-05-14T17:51:53.349Z,2026-05-14 17:51:53.349000+00:00,4205.759033333333,70.09598388888888,69.991,4,24,train,8,0,4.317104339599609,7.227475166320801,6.968343734741211,4.438312530517578,18.63413143157959,True,False,0.07618181160300344,4.744553697407704,0.0,-0.46727071856698704,1.5045639887730806,,4.744553697407704,-0.42744935780809445,4.322871114123367,-0.005766774523757512,,,,
490,2026-05-14T17:53:03.417Z,2026-05-14 17:53:03.417000+00:00,4206.926833333333,70.11544722222222,70.068,4,24,train,8,1,4.399807929992676,4.365084648132324,5.503822326660156,4.360609531402588,14.229516506195068,True,False,0.06935518132675751,4.861021335264224,21.760938685798642,21.293667967231656,1.97028782403205,4.858520435941047,4.861021335264224,-0.46121340527154864,4.4192868108038486,-0.019478880811172772,4.418705097675492,-0.01889716768281602,4.418705097675492,-0.01889716768281602
491,2026-05-14T17:54:13.419Z,2026-05-14 17:54:13.419000+00:00,4208.093533333334,70.13489222222223,70.002,4,24,train,8,2,4.908709526062012,1.7738821506500244,9.966646194458008,5.418963432312012,17.159491777420044,True,False,0.06842002372446278,5.509777157805027,38.362515593576425,37.89524487500944,1.633862090887316,5.491517169548663,5.509777157805027,-0.6010676317430157,4.956347970083541,-0.04763844402152895,4.959065755231869,-0.05035622916985716,4.954567084986226,-0.04585755892421428
492,2026-05-14T17:55:23.669Z,2026-05-14 17:55:23.669000+00:00,4209.264366666666,70.1544061111111,70.25,4,24,train,8,3,4.253148078918457,1.9207905530929563,1.965026855,4.185223103,8.071040511092956,True,False,0.04814518528004205,4.7705005975195975,58.45342054963906,57.986149831072076,3.473683854700741,4.787694561171298,4.7705005975195975,-0.5173525186011405,4.344350801502869,-0.09120272258441187,4.358244254466289,-0.1050961755478319,4.363125316892186,-0.10997723797372938
493,2026-05-14T17:56:33.914Z,2026-05-14 17:56:33.914000+00:00,4210.4351166666665,70.1739186111111,70.245,4,24,train,8,4,4.241569519042969,2.913104295730591,2.5209436416625977,2.8990752696990967,8.333123207092285,True,False,0.06521021953411531,4.697744161495732,67.90259122800114,67.43532050943415,3.364434008386879,4.701342038314603,4.697744161495732,-0.45617464245276285,4.2841206586380185,-0.04255113959504975,4.284529014631545,-0.042959495588576146,4.285172566533198,-0.043603047490229585
494,2026-05-14T17:57:43.929Z,2026-05-14 17:57:43.929000+00:00,4211.602033333334,70.19336722222222,70.015,4,24,train,8,5,3.989048004150391,2.312481641769409,1.199903130531311,4.681730270385742,8.194115042686462,True,False,0.042864723695033406,4.476570522267828,77.62665158374392,77.15938086517693,3.4215095794929753,4.487198589304564,4.476570522267828,-0.48752251811743674,4.1010259302999525,-0.11197792614956148,4.101724445863919,-0.11267644171352797,4.10325035089715,-0.11420234674675855
495,2026-05-14T17:58:53.980Z,2026-05-14 17:58:53.980000+00:00,4212.76955,70.21282583333333,70.051,4,24,train,8,6,4.460456848144531,5.701928139,7.708622932434082,1.291859745979309,14.70241081741339,True,False,0.09121327949529717,4.891205322177069,87.1934174646644,86.72614674609741,1.906914686454916,4.870953263821291,4.891205322177069,-0.430748474032538,4.444274096373953,0.01618275177057793,4.429318440038832,0.0311384081056989,4.4266129056454595,0.033843942499071744
496,2026-05-14T18:00:03.998Z,2026-05-14 18:00:03.998000+00:00,4213.936516666667,70.23227527777777,70.018,4,24,train,8,7,4.092702865600586,9.628633499145508,4.599421977996826,1.657955527305603,15.886011004447937,True,False,0.08956342453217872,4.439943215071107,104.35064080822525,103.88337008965826,1.7648384547995926,4.452233173931414,4.439943215071107,-0.3472403494705212,4.070704654743112,0.021998210857473666,4.071876053542706,0.020826812057880062,4.074826117443366,0.017876748157219957
497,2026-05-14T18:01:13.966Z,2026-05-14 18:01:13.966000+00:00,4215.10265,70.25171083333333,69.968,4,24,train,8,8,4.661149978637695,2.891284465789795,7.443780899047852,5.104394912719727,15.439460277557373,True,False,0.06693929178250216,5.170919967429773,122.87584777421213,122.40857705564514,1.8158823307296816,5.152482168977237,5.170919967429773,-0.5097699887920779,4.6758309725166365,-0.014680993878941173,4.669646922374248,-0.008496943736552964,4.664683323795023,-0.0035333451573276164
498,2026-05-14T18:02:24.033Z,2026-05-14 18:02:24.033000+00:00,4216.270433333333,70.27117388888888,70.067,4,24,train,8,9,4.696437835693359,3.030916690826416,7.992038726806641,9.454823494,20.477778911633056,True,False,0.05382886232535265,5.181350108268651,140.90579216200567,140.43852144343867,1.3691056649748445,5.181079796874466,5.181350108268651,-0.4849122725752917,4.684465382160067,0.011972453533292793,4.694059422778521,0.0023784129148385347,4.693815942628765,0.0026218930645942606
499,2026-05-14T18:03:34.065Z,2026-05-14 18:03:34.065000+00:00,4217.437633333333,70.29062722222221,70.032,4,25,train,9,0,4.844201088,1.511392355,7.251422405,5.521921634674072,14.284736394674072,True,False,0.06134390245568082,5.441225457682191,0.0,-0.46727071856698704,1.9626713674935063,,5.441225457682191,-0.5970243696821909,4.899598644282694,-0.05539755628269383,,,,
500,2026-05-14T18:04:44.172Z,2026-05-14 18:04:44.172000+00:00,4218.606083333333,70.31010138888888,70.107,4,25,train,9,1,4.374997138977051,6.277174472808838,6.267149448394775,3.973879576,16.518203497203615,True,False,0.07594242269340765,4.75970363034487,16.69100024035692,16.223729521789934,1.697293723180339,4.778783085703633,4.75970363034487,-0.38470649136781887,4.335412721094042,0.039584417883008705,4.350636931256167,0.024360207720883764,4.350636931256167,0.024360207720883764
501,2026-05-14T18:05:54.325Z,2026-05-14 18:05:54.325000+00:00,4219.7753,70.32958833333333,70.153,4,25,train,9,2,3.917923927307129,9.467308044433594,2.914344072341919,1.18097186088562,13.562623977661133,True,False,0.09129245297347485,4.249800062985919,36.00435907267901,35.53708835411202,2.0671695359391697,4.262136757415318,4.249800062985919,-0.33187613567879026,3.9132979723829813,0.004625954924147635,3.9095993478758113,0.008324579431317591,3.913233391810432,0.004690535496696846
502,2026-05-14T18:07:04.399Z,2026-05-14 18:07:04.399000+00:00,4220.9432,70.34905333333333,70.074,4,25,train,9,3,4.076163291931152,3.4157159328460693,2.166432380676269,5.377462387084961,10.9596107006073,True,False,0.05093381933003348,4.563244674667458,51.844147616189446,51.37687689762246,2.5581422442738466,4.55399811884829,4.563244674667458,-0.48708138273630563,4.1727776112097645,-0.09661431927861219,4.158748180414626,-0.08258488848347323,4.156714235717458,-0.08055094378630567
503,2026-05-14T18:08:14.630Z,2026-05-14 18:08:14.630000+00:00,4222.113716666667,70.36856194444445,70.231,4,25,train,9,4,4.286780357,9.874042510986328,8.177275657653809,8.876458168029785,26.927776336669922,True,False,0.06703605207853004,4.6786615291830715,64.67255460142863,64.20528388286164,1.0411644379205498,4.6744575062980545,4.6786615291830715,-0.39188117218307195,4.268323435282384,0.018456921717615593,4.261578906633732,0.025201450366267864,4.260719444850548,0.026060912149451276
504,2026-05-14T18:09:24.442Z,2026-05-14 18:09:24.442000+00:00,4223.27725,70.38795416666667,69.812,4,25,train,9,5,4.901541709899902,1.056236743927002,7.333965778,5.684462547302246,14.074665069229248,True,False,0.059612093649532676,5.601743001412847,96.00391996168864,95.53664924312164,1.9919652067112765,5.587976319435693,5.601743001412847,-0.7002012915129443,5.032480284994739,-0.13093857509483708,5.0414085650647475,-0.1398668551648452,5.034824061577602,-0.13328235167769975
505,2026-05-14T18:10:34.510Z,2026-05-14 18:10:34.510000+00:00,4224.44505,70.40741750000001,70.068,4,25,train,9,6,4.499052047729492,2.4770569801330566,4.209453582763672,7.602771282196045,14.289281845092773,True,False,0.0467938881420623,4.990696309927767,112.44031382953455,111.97304311096755,1.9620470376296364,5.008067774064239,4.990696309927767,-0.4916442621982746,4.526635970229676,-0.02758392250018371,4.546366890657422,-0.0473148429279302,4.550415130355379,-0.05136308262588685
506,2026-05-14T18:11:44.487Z,2026-05-14 18:11:44.487000+00:00,4225.611333333333,70.42685555555555,69.977,4,25,train,9,7,3.964789390563965,7.260856628417969,2.9827704429626465,8.34233284,18.585959911380613,True,False,0.05511486692225246,4.375239785816821,129.10566509076884,128.63839437220184,1.5084635524717764,4.392496236506644,4.375239785816821,-0.4104503952528562,4.017141052664623,-0.05235166210065856,4.0208813341809115,-0.05609194361694669,4.025297412986832,-0.06050802242286757
507,2026-05-14T18:12:54.485Z,2026-05-14 18:12:54.485000+00:00,4226.7779666666665,70.44629944444445,69.998,4,25,train,9,8,4.459354400634766,5.129590988,6.924576282501221,2.0450000762939453,14.099167346795166,True,False,0.08549559682502253,4.890577790203754,150.7886654553825,150.3213947368155,1.9885034643830966,4.879472207232509,4.890577790203754,-0.43122338956898876,4.443754605006996,0.015599795627769808,4.436590676401153,0.022763724233612948,4.433165595248393,0.026188805386373026
508,2026-05-14T18:14:04.628Z,2026-05-14 18:14:04.628000+00:00,4227.947016666667,70.46578361111112,70.143,4,25,train,9,9,4.12523365020752,2.7704029083251958,1.828807711601257,6.733218669891357,11.33242928981781,True,False,0.040584507542957664,4.580797725941944,167.27129704215338,166.80402632358638,2.473983503184952,4.589579767357074,4.580797725941944,-0.4555640757344239,4.18730859765926,-0.06207494745173925,4.189122623068645,-0.0638889728611245,4.191134854629706,-0.06590120442218517
509,2026-05-14T18:15:14.837Z,2026-05-14 18:15:14.837000+00:00,4229.117166666667,70.48528611111111,70.209,4,26,train,10,0,4.5023603439331055,6.479462146759033,9.195235252380373,3.1758077144622803,18.850505113601685,True,False,0.08315266516561004,4.912287462830807,0.0,-0.46727071856698704,1.4872939979623951,,4.912287462830807,-0.40992711889770117,4.461726577733196,0.04063376619990944,,,,
510,2026-05-14T18:16:25.074Z,2026-05-14 18:16:25.074000+00:00,4230.287783333333,70.50479638888889,70.237,4,26,train,10,1,3.912410736083984,3.441640138626098,1.2914048433303833,9.146728516,13.879773497956482,True,False,0.034100304177538114,4.33724519836114,22.066715461067357,21.59944474250037,2.019935204140543,4.349421927272119,4.33724519836114,-0.42483446227715627,3.985687898062657,-0.07327716197867318,3.984110746236325,-0.07170001015234106,3.984110746236325,-0.07170001015234106
511,2026-05-14T18:17:35.018Z,2026-05-14 18:17:35.018000+00:00,4231.4535166666665,70.52422527777777,69.944,4,26,train,10,2,4.300564765930176,8.327812194824219,7.076866149902344,4.66246509552002,20.067143440246582,True,False,0.07676567614417407,4.689775368718163,38.24683008675183,37.77955936818484,1.3971217775714826,4.679594536886614,4.689775368718163,-0.3892106027879869,4.2775238329318235,0.023040932998352304,4.265964157108723,0.034600608821452994,4.263608311739358,0.03695645419081739
512,2026-05-14T18:18:44.731Z,2026-05-14 18:18:44.731000+00:00,4232.6154,70.54359,69.713,4,26,train,10,3,4.419105529785156,8.21472168,9.806729316711426,4.528498649597168,22.549949646308594,True,False,0.07991792123430094,4.83725000307465,61.562509597583656,61.09523887901667,1.243295153814622,4.834294456429134,4.83725000307465,-0.41814447328949367,4.399608129272551,0.019497400512605623,4.398024475605933,0.021081054179223457,4.396883076663762,0.022222453121393926
513,2026-05-14T18:19:54.763Z,2026-05-14 18:19:54.763000+00:00,4233.7826000000005,70.56304333333334,70.032,4,26,train,10,4,3.955415725708008,5.020756721496582,1.963243007659912,8.293488502502441,15.277488231658936,True,False,0.04571431915544747,4.354281988427927,87.88281082475504,87.41554010618805,1.8351343289481854,4.3628562372293,4.354281988427927,-0.39886626271991954,3.9997915067020973,-0.04437578099408945,3.9955790085145604,-0.04016328280655257,3.998913140360618,-0.04349741465261037
514,2026-05-14T18:21:04.717Z,2026-05-14 18:21:04.717000+00:00,4234.9485,70.582475,69.954,4,26,train,10,5,4.182023048400879,9.476554870605469,6.148540019989014,1.5100128650665283,17.13510775566101,True,False,0.09118760799991084,4.572655291355862,105.6948343540462,105.2275636354792,1.6361871494363232,4.566926607581827,4.572655291355862,-0.39063224295498333,4.18056802561933,0.0014550227815490757,4.169784646011294,0.012238402389584735,4.168357409144019,0.013665639256859485
515,2026-05-14T18:22:14.803Z,2026-05-14 18:22:14.803000+00:00,4236.1166,70.60194333333334,70.086,4,26,train,10,6,4.187536239624023,9.311367035,6.150739192962647,4.502571105957031,19.964677333919678,True,False,0.07744731341934973,4.580528726896726,125.71035372343383,125.24308300486683,1.4042923231414353,4.580344918232315,4.580528726896726,-0.39299248727270264,4.187085911505162,0.0004503281188616981,4.181239250405648,0.006296989218375515,4.1811326195402465,0.006403620083776929
516,2026-05-14T18:23:24.913Z,2026-05-14 18:23:24.913000+00:00,4237.2851,70.62141833333334,70.11,4,26,train,10,7,3.668711662292481,8.312856674194336,1.4101746082305908,4.536637783050537,14.259669065475464,True,False,0.06818553248171562,3.9947002739298236,149.03907918811896,148.57180846955197,1.966121582856271,4.006434326121797,3.9947002739298236,-0.3259886116373427,3.7021180743654107,-0.033406412072929825,3.691317757187254,-0.022606094894773054,3.6953656030265574,-0.026653940734076453
517,2026-05-14T18:24:34.064Z,2026-05-14 18:24:34.064000+00:00,4238.437616666667,70.64062694444445,69.151,4,26,train,10,8,4.333645820617676,9.238930702209473,9.218502044677734,1.3508069515228271,19.808239698410034,True,False,0.09318058054582581,4.75936309247267,165.47358544723053,165.00631472866354,1.4153828679824403,4.7376219741787216,4.75936309247267,-0.4257172718549942,4.335130812773427,-0.0014849921557509305,4.315499553591371,0.01814626702630484,4.310027287413112,0.023618533204563974
518,2026-05-14T18:25:44.101Z,2026-05-14 18:25:44.101000+00:00,4239.6049,70.66008166666667,70.037,4,26,train,10,9,3.861685752868652,6.6908955574035645,2.121742486953736,7.052425384521484,15.865063428878784,True,False,0.05554744917260067,4.26353658940927,188.59541350985626,188.12814279128926,1.7671686747237039,4.273556783562754,4.26353658940927,-0.40185083654061815,3.924669515495316,-0.06298376262666405,3.919348107246448,-0.0576623543777961,3.9225928549705684,-0.06090710210191652
519,2026-05-14T18:26:53.644Z,2026-05-14 18:26:53.644000+00:00,4240.76395,70.67939916666666,69.543,4,27,train,11,0,4.201871871948242,1.2933995723724363,1.5376322269439695,6.618128299713135,9.449160099029541,True,False,0.02996067131519088,4.835972030150779,0.0,-0.46727071856698704,2.967061920868357,,4.835972030150779,-0.6341001582025365,4.3985501817425625,-0.19667830979432033,,,,
520,2026-05-14T18:28:03.352Z,2026-05-14 18:28:03.352000+00:00,4241.92575,70.6987625,69.708,4,27,train,11,1,4.295601844787598,9.651456832885742,7.874637603759766,4.413471221923828,21.939565658569336,True,False,0.07988350685420258,4.672105157356738,10.97803420305252,10.510763484485533,1.2778850570849198,4.679080011869261,4.672105157356738,-0.37650331256913994,4.262895857553787,0.03270598723381024,4.265524930392463,0.030076914395134935,4.265524930392463,0.030076914395134935
521,2026-05-14T18:29:13.367Z,2026-05-14 18:29:13.367000+00:00,4243.092666666666,70.7182111111111,70.015,4,27,train,11,2,4.248186111450195,9.633552551269531,7.288256645202637,9.591356277,26.513165473472167,True,False,0.06382417525136083,4.639473625264621,36.57967902946472,36.112408310897735,1.0574460881357595,4.640069202601625,4.639473625264621,-0.39128751381442584,4.235882414520893,0.012303696929302,4.2322231684267635,0.01596294302343182,4.232500169499402,0.015685941950793314
522,2026-05-14T18:30:23.305Z,2026-05-14 18:30:23.305000+00:00,4244.2582999999995,70.73763833333332,69.938,4,27,train,11,3,3.7883548736572266,8.432224274,1.930387020111084,4.317152023,14.679763317111084,True,False,0.07059113331910588,4.122754865115426,67.48430847752633,67.01703775895933,1.9098566174659986,4.130567531070788,4.122754865115426,-0.33439999145819943,3.8081258276737078,-0.019770954016481213,3.7972846551023975,-0.008929781445170981,3.8009238565891788,-0.012568982931952188
523,2026-05-14T18:31:33.578Z,2026-05-14 18:31:33.578000+00:00,4245.429516666667,70.75715861111112,70.273,4,27,train,11,4,4.217309951782227,9.510834693908691,7.122383117675781,1.1234116554260254,17.756629467010498,True,False,0.09367328322352406,4.63484562427219,84.67749193724877,84.21022121868178,1.5789169428864247,4.6209281890535605,4.63484562427219,-0.41753567248996326,4.23205120485497,-0.014741253072743099,4.215883351618895,0.0014266001633318481,4.212492136387048,0.004817815395179004
524,2026-05-14T18:32:43.692Z,2026-05-14 18:32:43.692000+00:00,4246.598083333333,70.77663472222223,70.114,4,27,train,11,5,4.597744941711426,1.920279860496521,4.599637985229492,5.114728927612305,11.634646773338318,True,False,0.05603881211647012,5.139629542217668,105.42729724474835,104.96002652618135,2.409720179753666,5.128262170786275,5.139629542217668,-0.5418846005062425,4.6499277413549445,-0.052182799643518685,4.648971406287627,-0.05122646457620128,4.645365314333949,-0.04762037262252328
525,2026-05-14T18:33:54.047Z,2026-05-14 18:33:54.047000+00:00,4247.770666666666,70.79617777777777,70.355,4,27,train,11,6,4.341916084289551,5.229957580566406,5.344484806060791,8.474315643310547,19.048758029937744,True,False,0.05551250307242082,4.769939241286471,119.0698901403853,118.6026194218183,1.4718147540094955,4.782601456884696,4.769939241286471,-0.42802315699691995,4.3438860925648415,-0.001970008275290702,4.353896501886862,-0.011980417597310833,4.356265178142065,-0.014349093852514372
526,2026-05-14T18:35:04.016Z,2026-05-14 18:35:04.016000+00:00,4248.936816666666,70.8156136111111,69.969,4,27,train,11,7,4.002832412719727,8.521203994750977,3.518461942672729,1.486870288848877,13.526536226272583,True,False,0.0890077528794036,4.376842001119585,141.2835993169972,140.8163285984302,2.072684584214874,4.3851108961707945,4.376842001119585,-0.37400958839985865,4.018467418576144,-0.015635005856417195,4.0145768034491125,-0.011744390729385934,4.017427893906434,-0.014595481186707282
527,2026-05-14T18:36:14.191Z,2026-05-14 18:36:14.191000+00:00,4250.1064,70.83510666666666,70.175,4,27,train,11,8,4.058519363,3.2666709423065186,1.9919699430465696,8.502263069152832,13.76090395450592,True,False,0.03821435643136787,4.546548893635869,157.10401064497518,156.63673992640818,2.03738382352701,4.541536441053703,4.546548893635869,-0.4880295306358686,4.158956300934987,-0.10043693793498676,4.1481102101853615,-0.08959084718536126,4.147035038478342,-0.08851567547834183
528,2026-05-14T18:37:24.197Z,2026-05-14 18:37:24.197000+00:00,4251.273166666667,70.85455277777778,70.006,4,27,train,11,9,4.043081283569336,1.759478211402893,1.1705292463302612,6.557624340057373,9.487631797790527,True,False,0.03088239004400964,4.5845236987671125,173.1597746822942,172.6925039637272,2.955030687483918,4.583418518444341,4.5845236987671125,-0.5414424151977766,4.190393079085712,-0.14731179551637563,4.183863043773696,-0.1407817602043604,4.1835565230763425,-0.14047523950700658
529,2026-05-14T18:38:34.262Z,2026-05-14 18:38:34.262000+00:00,4252.440916666666,70.87401527777777,70.065,4,28,train,12,0,4.4610090255737305,5.07542896270752,7.414926052093506,5.274530410766602,17.764885425567627,True,False,0.07030923485059254,4.924938438373373,0.0,-0.46727071856698704,1.5781831654072378,,4.924938438373373,-0.4639294127996427,4.472199466537956,-0.011190440964225168,,,,
530,2026-05-14T18:39:44.305Z,2026-05-14 18:39:44.305000+00:00,4253.6083,70.89347166666667,70.043,4,28,train,12,1,4.425170898,4.405882358551025,5.561964035,9.662323951721191,19.630170345272216,True,False,0.05077819610440471,4.861672136918909,20.73843116438389,20.271160445816903,1.4282221000069695,4.863097630000202,4.861672136918909,-0.43650123891890846,4.4198255655694805,0.005345332430519711,4.422612441047505,0.002558456952495014,4.422612441047505,0.002558456952495014
531,2026-05-14T18:40:54.583Z,2026-05-14 18:40:54.583000+00:00,4254.7796,70.91299333333333,70.278,4,28,train,12,2,4.642955780029297,3.689396381378174,8.703330993652344,9.403017998,21.795745373030517,True,False,0.05685847014144767,5.132999124024782,43.73124968980124,43.26397897123425,1.2863172437640298,5.127485091193556,5.132999124024782,-0.49004334399548544,4.64443886563706,-0.0014830856077630017,4.64830804861546,-0.0053522685861633335,4.646464204438127,-0.0035084244088299243
532,2026-05-14T18:42:04.656Z,2026-05-14 18:42:04.656000+00:00,4255.947483333333,70.93245805555556,70.073,4,28,train,12,3,4.469278335571289,2.3619837760925293,4.011630058288574,8.867923736572266,15.24153757095337,True,False,0.041817394109421396,4.990499080070563,69.18613744854069,68.7188667299737,1.8394629139942824,4.993114927312375,4.990499080070563,-0.5212207444992742,4.526472696942449,-0.05719436137115963,4.533602322257318,-0.06432398668602879,4.5345373801054,-0.0652590445341108
533,2026-05-14T18:43:14.640Z,2026-05-14 18:43:14.640000+00:00,4257.113883333333,70.95189805555556,69.984,4,28,train,12,4,4.077816963195801,2.201421976089477,1.3536288738250732,2.116888999938965,5.671939849853516,True,False,0.06267786584525158,4.549625073581681,86.9638668713007,86.4965961527337,4.942972573085959,4.561213027752354,4.549625073581681,-0.4718081103858802,4.1615028626928146,-0.08368589949701377,4.164907221548044,-0.08709025835224349,4.167988298720704,-0.09017133552490364
534,2026-05-14T18:44:24.459Z,2026-05-14 18:44:24.459000+00:00,4258.277533333333,70.97129222222222,69.819,4,28,train,12,5,3.978572845458984,4.105097770690918,1.9244132041931152,5.177854061126709,11.207365036010742,True,False,0.053799541243730514,4.432346810974687,93.56401967758273,93.09674895901574,2.501590964864183,4.440649754807821,4.432346810974687,-0.45377396551570337,4.06441610449257,-0.0858432590335858,4.06198781298465,-0.08341496752566568,4.0628814163719404,-0.08430857091295652
535,2026-05-14T18:45:34.296Z,2026-05-14 18:45:34.296000+00:00,4259.441483333333,70.99069138888889,69.837,4,28,train,12,6,4.2878828048706055,3.9956326484680176,3.862049102783203,1.9417917728424072,9.799473524093628,True,False,0.08018473371994739,4.745621498927208,106.60883221124743,106.14156149268044,2.8609948325374295,4.734399866713586,4.745621498927208,-0.4577386940566024,4.323755074932689,-0.03587227006208327,4.312748986303836,-0.024866181433230494,4.3106451492241,-0.022762344353494335
536,2026-05-14T18:46:44.484Z,2026-05-14 18:46:44.484000+00:00,4260.611283333334,71.01018805555556,70.188,4,28,train,12,7,4.059070587158203,3.1880877017974854,1.805996537208557,6.567421913146973,11.561506152153015,True,False,0.04319579277372984,4.514518034470251,118.07225633973216,117.60498562116517,2.424964597609822,4.523938246153058,4.514518034470251,-0.4554474473120482,4.132440114476977,-0.073369527318774,4.133087427817874,-0.07401684065967107,4.134546962323155,-0.07547637516495165
537,2026-05-14T18:47:54.496Z,2026-05-14 18:47:54.496000+00:00,4261.77815,71.02963583333333,70.012,4,28,train,12,8,4.288434028625488,1.6275451183319092,2.1703572273254395,6.159841060638428,9.957743406295776,True,False,0.038140190911689166,4.885603291085142,131.5629924851411,131.09572176657412,2.8155217472558416,4.872750228610337,4.885603291085142,-0.5971692624596541,4.439636552928458,-0.15120252430296954,4.430852427535861,-0.14241839891037245,4.428387279391118,-0.1399532507656298
538,2026-05-14T18:49:04.302Z,2026-05-14 18:49:04.302000+00:00,4262.941583333333,71.04902638888889,69.806,4,28,train,12,9,4.667766571044922,2.707748413085937,7.060281753540039,5.103650093078613,14.87168025970459,True,False,0.0656820883454094,5.176433527894706,143.14816308880583,142.68089237023884,1.885210186369091,5.164703320512864,5.176433527894706,-0.5086669568497841,4.680395277101153,-0.012628706056231565,4.680079566224162,-0.012312995179240005,4.677955866757502,-0.010189295712580204
539,2026-05-14T18:50:14.380Z,2026-05-14 18:50:14.380000+00:00,4264.10955,71.0684925,70.078,4,29,train,13,0,4.220066070556641,5.9515767097473145,4.379785537719727,3.993240594863892,14.324602842330933,True,False,0.07212320202649261,4.627402223509564,0.0,-0.46727071856698704,1.9572091053839715,,4.627402223509564,-0.40733615295292314,4.225889315737885,-0.005823245181244552,,,,
540,2026-05-14T18:51:24.376Z,2026-05-14 18:51:24.376000+00:00,4265.27615,71.08793583333333,69.996,4,29,train,13,1,4.182023048400879,9.881648063659668,6.078583240509033,9.283128738,25.243360042168703,True,False,0.06322546316143074,4.5497941719880215,16.711081675863266,16.24381095729628,1.1106383249767482,4.551964227206735,4.5497941719880215,-0.3677711235871426,4.161642847850537,0.020380200550341954,4.1570119391886,0.025011109212279337,4.1570119391886,0.025011109212279337
541,2026-05-14T18:52:34.355Z,2026-05-14 18:52:34.355000+00:00,4266.442466666666,71.10737444444445,69.979,4,29,train,13,2,4.395397186279297,2.600984573364258,3.784827709197998,8.404079437,14.789891719562256,True,False,0.043176869740810114,4.923405377061668,46.15283321571199,45.68556249714501,1.8956354546488203,4.917475784998398,4.923405377061668,-0.528008190782371,4.470930348548252,-0.07553316226895479,4.469032610428258,-0.07363542414896074,4.466430851322802,-0.0710336650435055
542,2026-05-14T18:53:44.302Z,2026-05-14 18:53:44.302000+00:00,4267.60825,71.12680416666667,69.947,4,29,train,13,3,4.649572372436523,4.621794700622559,9.871216773986816,1.028838872909546,15.521850347518921,True,False,0.093371673802576,5.0897341969940575,63.39464248418235,62.92737176561536,1.8062436169860803,5.085226515346614,5.0897341969940575,-0.44016182455753405,4.608622752609711,0.040949619826812445,4.612233815337971,0.03733855709855227,4.611015384966279,0.03855698747024405
543,2026-05-14T18:54:54.501Z,2026-05-14 18:54:54.501000+00:00,4268.778233333333,71.1463038888889,70.199,4,29,train,13,4,4.408079147338867,9.002386093139648,9.144792556762695,5.088829517364502,23.236008167266846,True,False,0.07809938143965164,4.7671964246480405,81.5549486932737,81.08767797470671,1.2065860414662184,4.775495428801047,4.7671964246480405,-0.3591172773091733,4.341615499789646,0.06646364754922107,4.347830407381114,0.06024873995775337,4.349992175537158,0.05808697180170963
544,2026-05-14T18:56:04.628Z,2026-05-14 18:56:04.628000+00:00,4269.947016666667,71.16578361111111,70.127,4,29,train,13,5,4.448879241943359,6.643120765686035,8.314079284667969,4.912647724151611,19.869847774505615,True,False,0.07527586632820168,4.857766262743571,108.7128077723724,108.2455370538054,1.4109943584968807,4.8562079428036915,4.857766262743571,-0.40888702080021133,4.416592155957229,0.03228708598613039,4.416731026963982,0.0321482149793777,4.416180135931978,0.03269910601138104
545,2026-05-14T18:57:14.441Z,2026-05-14 18:57:14.441000+00:00,4271.110566666666,71.1851761111111,69.813,4,29,train,13,6,4.8668060302734375,1.116909146308899,6.91506815,9.036527633666992,17.06850492997589,True,False,0.04705729839409106,5.5519946528333355,131.83236915039842,131.36509843183143,1.6425716973477666,5.537963564899497,5.5519946528333355,-0.685188622559898,4.991296984849973,-0.1244909545765358,4.9987149404494,-0.1319089101759623,4.993802050053067,-0.1269960197796296
546,2026-05-14T18:58:24.451Z,2026-05-14 18:58:24.451000+00:00,4272.2774,71.20462333333333,70.01,4,29,train,13,7,4.429581642150879,6.530421733856201,7.091780662536621,2.760211944580078,16.3824143409729,True,False,0.08315137264184129,4.7961486875229555,151.74846965285863,151.28119893429164,1.7113621063715714,4.813882314007363,4.7961486875229555,-0.3665670453720766,4.3655831241609775,0.06399851798990142,4.380599553618895,0.04898208853198405,4.385701861856463,0.04387978029441619
547,2026-05-14T18:59:34.494Z,2026-05-14 18:59:34.494000+00:00,4273.444783333333,71.22407972222223,70.043,4,29,train,13,8,3.774020195007324,9.441749572753906,2.137495994567871,7.952524662017822,19.5317702293396,True,False,0.05928415822713316,4.118547167969706,170.8730271142714,170.4057563957044,1.4354174140296125,4.135103020285901,4.118547167969706,-0.3445269729623819,3.804642559195087,-0.030622364187762763,3.8011563969369093,-0.027136201929585102,3.806009289961328,-0.031989094954003594
548,2026-05-14T19:00:44.736Z,2026-05-14 19:00:44.736000+00:00,4274.615483333333,71.24359138888889,70.242,4,29,train,13,9,4.776384353637695,1.9062299728393557,7.882523536682129,9.842144966125488,19.630898475646973,True,False,0.04986401168374887,5.376723173961617,193.73887052175928,193.2715998031923,1.4281691257687192,5.351011950634903,5.376723173961617,-0.6003388203239215,4.846201557015735,-0.06981720337803932,4.8391228101085435,-0.06273845647084819,4.830661869782212,-0.05427751614451637
549,2026-05-14T19:01:54.826Z,2026-05-14 19:01:54.826000+00:00,4275.78365,71.26306083333334,70.09,4,30,train,14,0,4.566317558288574,5.259489059448242,9.143111228942873,1.390416145324707,15.793016433715822,True,False,0.09119600646804643,5.00035569635824,0.0,-0.46727071856698704,1.7752304147652167,,5.00035569635824,-0.43403813806966607,4.53463232431859,0.03168523396998424,,,,
550,2026-05-14T19:03:04.909Z,2026-05-14 19:03:04.909000+00:00,4276.9517000000005,71.28252833333335,70.083,4,30,train,14,1,3.8181285858154297,9.853396416,2.524346113204956,4.963622093200684,17.341364622405642,True,False,0.07137698098575522,4.171086081265893,18.44703284540177,17.979762126834782,1.6167264644095787,4.192091812224223,4.171086081265893,-0.35295749545046373,3.848135979526387,-0.03000739371095751,3.8498051488974907,-0.031676563082061016,3.8498051488974907,-0.031676563082061016
551,2026-05-14T19:04:14.702Z,2026-05-14 19:04:14.702000+00:00,4278.114916666666,71.30191527777778,69.793,4,30,train,14,2,4.256456375,4.267605304718018,3.907118320465088,3.5248141288757324,11.699537754058838,True,False,0.06987219321846376,4.722144617280713,38.618797196927716,38.15152647836073,2.396354770879115,4.709379570376096,4.722144617280713,-0.4656882422807129,4.3043201491327805,-0.047863774132780534,4.291390291916699,-0.03493391691669867,4.2876610221111715,-0.031204647111171546
552,2026-05-14T19:05:25.148Z,2026-05-14 19:05:25.148000+00:00,4279.289016666667,71.3214836111111,70.446,4,30,train,14,3,4.743853569030762,2.099180221557617,7.397472858428955,7.347624778747559,16.84427785873413,True,False,0.05637910487841037,5.307254100872388,52.3552244739682,51.88795375540121,1.6644372260507332,5.2873504881407705,5.307254100872388,-0.5634005318416264,4.7886928000518765,-0.044839231021114756,4.7847779013468905,-0.0409243323161288,4.780763056909967,-0.036909487879205116
553,2026-05-14T19:06:35.252Z,2026-05-14 19:06:35.252000+00:00,4280.457416666667,71.34095694444446,70.104,4,30,train,14,4,4.3490839,7.625257492,6.880172729492188,1.633256196975708,16.1386864184679,True,False,0.08987986906352716,4.715717725216125,72.03607872411315,71.56880800554616,1.737207253865262,4.729762218600317,4.715717725216125,-0.366633825216125,4.2989997589600115,0.050084141039988594,4.308790036042405,0.04029386395759538,4.312692037486729,0.03639186251327153
554,2026-05-14T19:07:45.248Z,2026-05-14 19:07:45.248000+00:00,4281.624016666667,71.36040027777777,69.996,4,30,train,14,5,3.862236976623535,9.460277557373049,2.9599454402923584,8.438806533813477,20.859029531478882,True,False,0.05954362823506117,4.2575972164390885,90.8634702998978,90.3961995813308,1.3440818553763025,4.2689671557355044,4.2575972164390885,-0.39536023981555335,3.9197527094768856,-0.05751573285335043,3.915430149729452,-0.05319317310591698,3.9187388359835564,-0.05650185936002128
555,2026-05-14T19:08:55.263Z,2026-05-14 19:08:55.263000+00:00,4282.790933333334,71.3798488888889,70.015,4,30,train,14,6,4.475343704223633,5.186836242675781,7.822379112243652,4.407233238220215,17.41644859313965,True,False,0.07469499470772574,4.938715598713079,115.2042195106727,114.73694879210571,1.609756602448947,4.925640131185011,4.938715598713079,-0.4633718944894465,4.4836046477271525,-0.008260943503519691,4.4760021431915185,-0.0006584389678856439,4.471366876925497,0.003976827298135532
556,2026-05-14T19:10:05.244Z,2026-05-14 19:10:05.244000+00:00,4283.957283333333,71.39928805555556,69.981,4,30,train,14,7,3.855069160461426,9.620897293,2.719017505645752,5.744823455810547,18.084738254456298,True,False,0.06823385898662399,4.213459444107561,135.51789432728114,135.05062360871415,1.5502708814218393,4.230142342084768,4.213459444107561,-0.358390283646135,3.8832140267355797,-0.028144866274153912,3.8822871638024186,-0.02721800334099278,3.887198485338097,-0.032129324876671195
557,2026-05-14T19:11:15.330Z,2026-05-14 19:11:15.330000+00:00,4285.125383333333,71.41875638888888,70.086,4,30,train,14,8,4.835378646850586,1.798329472541809,8.738292694091797,3.538116931915283,14.07473909854889,True,False,0.07486193593258106,5.446703757860739,156.64267708231154,156.17540636374454,1.991954729513229,5.419424946838699,5.446703757860739,-0.611325111010153,4.904133759255921,-0.06875511240533516,4.897523888109999,-0.06214524125941345,4.8891608078758795,-0.05378216102529354
558,2026-05-14T19:12:25.897Z,2026-05-14 19:12:25.897000+00:00,4286.3015,71.43835833333333,70.567,4,30,train,14,9,3.846798896789551,8.755414009094238,2.414215564727783,2.664906740188598,13.83453631401062,True,False,0.0807372890590502,4.202488570330748,173.19621231509987,172.72894159653288,2.026540136775393,4.237610090692002,4.202488570330748,-0.35568967354119696,3.8741319807882917,-0.027333083998740904,3.8886620427451137,-0.04186314595556295,3.8966757253238096,-0.04987682853425879
559,2026-05-14T19:13:36.465Z,2026-05-14 19:13:36.465000+00:00,4287.477633333333,71.45796055555554,70.568,4,31,train,15,0,4.377754211425781,7.864475727081299,8.829929352,7.83625316619873,24.53065824528003,True,False,0.06805526746227239,4.810683497238367,0.0,-0.46727071856698704,1.1429062699291286,,4.810683497238367,-0.4329292858125857,4.377615512132613,0.00013869929316800977,,,,
560,2026-05-14T19:14:46.599Z,2026-05-14 19:14:46.599000+00:00,4288.6465333333335,71.47744222222222,70.134,4,31,train,15,1,4.119168281555176,7.623489856719971,3.921891450881958,1.3328505754470823,12.878231883049011,True,False,0.08965036048775106,4.4720698683062645,28.673886422907824,28.206615704340837,2.177025803590473,4.477587928585016,4.4720698683062645,-0.35290158675108874,4.0973001426459055,0.021868138909270307,4.093520259854351,0.025648021700824586,4.093520259854351,0.025648021700824586
561,2026-05-14T19:15:56.864Z,2026-05-14 19:15:56.864000+00:00,4289.817616666666,71.49696027777777,70.265,4,31,train,15,2,4.330888748168945,3.070195436477661,3.729729652404785,4.336772918701172,11.136698007583618,True,False,0.06105871852008546,4.84492179023971,43.75536914394847,43.288098425381484,2.5174646106887097,4.833369690973114,4.84492179023971,-0.5140330420707651,4.405959084077824,-0.07507033590887868,4.397235045197576,-0.06634629702863037,4.394751607643905,-0.06386285947495995
562,2026-05-14T19:17:07.047Z,2026-05-14 19:17:07.047000+00:00,4290.9873333333335,71.51645555555555,70.183,4,31,train,15,3,3.9443883895874015,9.364230155944824,3.2790274620056152,6.7820892333984375,19.425346851348877,True,False,0.0650863931269907,4.305988480423246,56.78215041505249,56.314879696485505,1.44328146769088,4.325320021323241,4.305988480423246,-0.36160009083584477,3.9598125708782943,-0.015424181290892847,3.9635360401510784,-0.019147650563676955,3.967081869034272,-0.0226934794468705
563,2026-05-14T19:18:17.294Z,2026-05-14 19:18:17.294000+00:00,4292.1581166666665,71.5359686111111,70.247,4,31,train,15,4,4.325926780700684,5.665111541748047,5.592947006225586,9.345573425292969,20.6036319732666,True,False,0.05464113590546106,4.754991140967841,79.52502275283089,79.0577520342639,1.360742763722265,4.745766017917634,4.754991140967841,-0.4290643602671578,4.3315115691968495,-0.005584788496165949,4.322451755074065,0.003475025626618944,4.319542360186303,0.006384420514380373
564,2026-05-14T19:19:27.490Z,2026-05-14 19:19:27.490000+00:00,4293.32805,71.5554675,70.196,4,31,train,15,5,4.232748031616211,2.040876865386963,2.1050539016723637,3.905428409576416,8.051359176635742,True,False,0.05149355128871176,4.774014185434362,103.62989858608793,103.16262786752094,3.48217518296509,4.773645425532063,4.774014185434362,-0.5412661538181514,4.347259463796402,-0.11451143218019144,4.3462511433346585,-0.11350311171844751,4.346031715739255,-0.11328368412304446
565,2026-05-14T19:20:37.608Z,2026-05-14 19:20:37.608000+00:00,4294.496683333334,71.57494472222223,70.118,4,31,train,15,6,4.2476348876953125,2.016220808029175,2.104370594024658,4.759443283081055,8.880034685134888,True,False,0.04640287508056329,4.779206836888292,113.03898529854368,112.57171457997669,3.1572222528535483,4.778948961278226,4.779206836888292,-0.5315719491929798,4.3515581094696865,-0.10392322177437396,4.35077853172549,-0.10314364403017784,4.350739325345926,-0.10310443765061361
566,2026-05-14T19:21:47.646Z,2026-05-14 19:21:47.646000+00:00,4295.663983333334,71.59439972222224,70.038,4,31,train,15,7,4.844752311706543,2.0299229621887207,9.135513305664062,3.6148605346679688,14.780296802520752,True,False,0.0755427067333894,5.413402500501774,123.40464978650164,122.93737906793464,1.8968660432608966,5.384813782065729,5.413402500501774,-0.5686501887952309,4.8765658958760865,-0.031813584169543496,4.867977903490264,-0.023225591783720745,4.863682322910493,-0.01893001120394988
567,2026-05-14T19:22:57.724Z,2026-05-14 19:22:57.724000+00:00,4296.83195,71.61386583333334,70.078,4,31,train,15,8,4.856881141662598,1.6423463821411133,7.611232280731201,6.236016750335693,15.489595413208008,True,False,0.059740609202624945,5.4261767652983615,140.6675437752858,140.2002730567188,1.8100048688239243,5.425830992457809,5.4261767652983615,-0.5692956236357638,4.88714084753314,-0.030259705870542497,4.902992439271946,-0.04611129760934851,4.9026668673211375,-0.04578572565853989
568,2026-05-14T19:24:07.686Z,2026-05-14 19:24:07.686000+00:00,4297.997983333333,71.63329972222222,69.962,4,31,train,15,9,4.6947832107543945,1.8237673044204712,5.626325607299805,9.203662872314451,16.65375578403473,True,False,0.04473521173441473,5.249550968210417,158.72892834693343,158.26165762836644,1.6834786985946086,5.254120499565854,5.249550968210417,-0.5547677574560224,4.740924271054113,-0.04614106029971854,4.756410964325596,-0.06162775357120154,4.757631926335356,-0.06284871558096139
569,2026-05-14T19:25:18.011Z,2026-05-14 19:25:18.011000+00:00,4299.170066666667,71.65283444444444,70.325,4,32,train,16,0,4.299461364746094,9.872559547424316,8.229925155639648,9.582147598266602,27.684632301330566,True,False,0.06538820709637502,4.681523788728817,0.0,-0.46727071856698704,1.012700577304462,,4.681523788728817,-0.38206242398272305,4.270692906779035,0.028768457967058403,,,,
570,2026-05-14T19:26:28.328Z,2026-05-14 19:26:28.328000+00:00,4300.3420166666665,71.67236694444445,70.317,4,32,train,16,1,4.035363197,9.935533524,3.854738951,1.4510070085525513,15.241279483552551,True,False,0.09047975591472888,4.349868136882772,32.44500482554435,31.977734106977366,1.8394940624423433,4.354644618673673,4.349868136882772,-0.31450493988277195,3.996137576910075,0.039225620089924806,3.988569121469754,0.04679407553024584,3.988569121469754,0.04679407553024584
571,2026-05-14T19:27:38.411Z,2026-05-14 19:27:38.411000+00:00,4301.510066666667,71.69183444444444,70.083,4,32,train,16,2,4.460456848144531,3.2637248039245605,5.120664119720459,5.524085521697998,13.908474445343018,True,False,0.060282592146203136,4.955948146965903,50.24758132630791,49.78031060774092,2.0157669501565367,4.940040143885086,4.955948146965903,-0.49549129882137155,4.497870311356588,-0.037413463212057074,4.488294782186804,-0.02783793404227275,4.484157398814693,-0.023700550670161746
572,2026-05-14T19:28:48.431Z,2026-05-14 19:28:48.431000+00:00,4302.677066666667,71.71128444444444,70.02,4,32,train,16,3,4.509528160095215,4.943986892700195,7.945857048034668,3.8179502487182617,16.707794189453125,True,False,0.0771486875800256,4.966320716211838,66.4787710040232,66.01150028545621,1.6780337844786977,4.966022106067962,4.966320716211838,-0.45679255611662306,4.506457061363877,0.00307109873133804,4.510474407174327,-0.0009462470791117283,4.510255579513276,-0.0007274194180615368
573,2026-05-14T19:29:58.502Z,2026-05-14 19:29:58.502000+00:00,4303.844916666667,71.73074861111111,70.071,4,32,train,16,4,3.7811880111694336,9.342967987060549,2.21350622177124,7.256812572479248,18.813286781311035,True,False,0.06142719421208151,4.137911580520525,85.99096844817603,85.52369772960904,1.490236312235999,4.157750008929722,4.137911580520525,-0.3567235693510913,3.8206730493918184,-0.039485038222384805,3.8204891059787114,-0.03930109480927779,3.826204585695737,-0.045016574526303366
574,2026-05-14T19:31:08.782Z,2026-05-14 19:31:08.782000+00:00,4305.01625,71.75027083333333,70.28,4,32,train,16,5,4.830416679382324,1.2259269952774048,6.810126781463623,2.7773985862731934,10.813452363014221,True,False,0.0743153389589724,5.504831831407337,108.02759836468502,107.56032764611803,2.5927189738138536,5.475847281125574,5.504831831407337,-0.6744151520250128,4.952254068131712,-0.12183738874938754,4.945689080815434,-0.1152724014331099,4.936544584764599,-0.10612790538227479
575,2026-05-14T19:32:18.802Z,2026-05-14 19:32:18.802000+00:00,4306.18325,71.76972083333334,70.02,4,32,train,16,6,4.387678146362305,7.337582588195801,7.210770606994629,3.2103960514068604,17.75874924659729,True,False,0.08192217251999323,4.752803354223152,120.64689727232262,120.17962655375563,1.578728474889141,4.7806496624442865,4.752803354223152,-0.36512520786084757,4.329700448210285,0.05797769815201992,4.352230343325152,0.03544780303715278,4.357088954798965,0.03058919156333939
576,2026-05-14T19:33:28.844Z,2026-05-14 19:33:28.844000+00:00,4307.350616666667,71.78917694444445,70.042,4,32,train,16,7,4.667766571044922,3.1796016693115234,8.093502044677734,4.648393154144287,15.921496868133545,True,False,0.07080429564730234,5.165970437338248,141.37786918449208,140.9105984659251,1.7609049793636564,5.156657758674008,5.165970437338248,-0.49820386629332614,4.671733590610399,-0.003967019565477514,4.6732114342815585,-0.005444863236636621,4.67058680777908,-0.002820236734158321
577,2026-05-14T19:34:39.008Z,2026-05-14 19:34:39.008000+00:00,4308.520016666666,71.80866694444444,70.164,4,32,train,16,8,3.8859453201293945,3.3121330738067627,1.1336156129837036,1.0982173681259155,5.543966054916382,True,False,0.08019076312431571,4.29579956548852,159.99646762208747,159.52919690352047,5.05707337243826,4.317638232342425,4.29579956548852,-0.4098542453591252,3.9513778558799526,-0.06543253575055807,3.9569784446304417,-0.07103312450104715,3.9628539837199823,-0.07690866359058779
578,2026-05-14T22:05:44.519Z,2026-05-14 22:05:44.519000+00:00,4459.611866666667,74.32686444444445,9065.511,5,33,train,1,0,4.010000228881836,0.0,0.0,0.0,0.0,False,True,,,0.0,-0.46727071856698704,,,,,,,,,,
579,2026-05-14T22:06:56.275Z,2026-05-14 22:06:56.275000+00:00,4460.8078,74.34679666666666,71.756,5,33,train,1,1,4.001729965209961,3.6098086833953857,3.380829095840454,8.295549392700195,15.286187171936035,False,True,,,0.0,-0.46727071856698704,1.8340900054848903,,,,,,,,,
580,2026-05-14T22:08:05.659Z,2026-05-14 22:08:05.659000+00:00,4461.9642,74.36607000000001,69.384,5,33,train,1,2,4.002281188964844,8.222080231,6.795296669006348,9.768881797790527,24.786258697796875,False,True,,,17.676946845626833,17.209676127059847,1.1311204105406687,,,,,,,,,
581,2026-05-14T22:09:14.758Z,2026-05-14 22:09:14.758000+00:00,4463.11585,74.38526416666667,69.099,5,33,train,1,3,4.001178741455078,1.822758793830872,1.500499963760376,2.3474156856536865,5.670674443244934,False,True,,,46.222041674944606,45.75477095637762,4.944075593586011,,,,,,,,,
582,2026-05-14T22:10:23.994Z,2026-05-14 22:10:23.994000+00:00,4464.269783333333,74.40449638888889,69.236,5,33,train,1,4,4.002281188964844,2.751373052597046,6.811801433563232,7.061158180236816,16.624332666397095,False,True,,,52.76562193748638,52.29835121891939,1.6864582583028502,,,,,,,,,
583,2026-05-14T22:11:33.262Z,2026-05-14 22:11:33.262000+00:00,4465.42425,74.4237375,69.268,5,33,train,1,5,3.9989728927612314,9.150855064,8.600259780883789,6.527002334594727,24.278117179478514,False,True,,,71.95785985641962,71.49058913785262,1.1547947852281282,,,,,,,,,
584,2026-05-14T22:12:42.637Z,2026-05-14 22:12:42.637000+00:00,4466.5805,74.44300833333334,69.375,5,33,train,1,6,4.000075340270996,4.353733539581299,7.394618988037109,1.3861809968948364,13.134533524513245,False,True,,,100.02943284519165,99.56216212662466,2.1345442578295315,,,,,,,,,
585,2026-05-14T22:13:52.044Z,2026-05-14 22:13:52.044000+00:00,4467.737283333334,74.46228805555556,69.407,5,33,train,1,7,4.003934860229492,6.809643745422363,4.356303215026856,7.979281425476074,19.145228385925293,False,True,,,115.2232423174565,114.7559715988895,1.4643984677994335,,,,,,,,,
586,2026-05-14T22:15:01.189Z,2026-05-14 22:15:01.189000+00:00,4468.8897,74.481495,69.145,5,33,train,1,8,4.008896827697754,6.247568130493164,9.391419410705566,4.125819206237793,19.764806747436523,False,True,,,137.28652259653657,136.81925187796958,1.4184931566636996,,,,,,,,,
587,2026-05-14T22:16:10.351Z,2026-05-14 22:16:10.351000+00:00,4470.0424,74.50070666666667,69.162,5,33,train,1,9,4.006691932678223,2.2568907737731934,5.538862705230713,1.0559895038604736,8.85174298286438,False,True,,,160.06941533430665,159.60214461573966,3.167313281496435,,,,,,,,,
588,2026-05-14T22:17:19.747Z,2026-05-14 22:17:19.747000+00:00,4471.199,74.51998333333333,69.396,5,34,train,2,0,4.008896827697754,3.914367676,1.565069317817688,1.5133485794067385,6.992785573224426,True,False,0.07835843007682958,4.363048678498812,0.0,-0.46727071856698704,4.009309712194064,,4.363048678498812,-0.35415185080105793,4.007048857725284,0.0018479699724700538,,,,
589,2026-05-14T22:22:00.127Z,2026-05-14 22:22:00.127000+00:00,4475.872,74.59786666666668,280.38,5,35,train,1,0,3.975815773010254,6.762317180633545,2.423252820968628,8.400869369506836,17.58643937110901,True,False,0.0522309821093872,4.316367229431477,0.0,-0.46727071856698704,1.5941966717877607,,4.316367229431477,-0.3405514564212231,3.9684044366936995,0.00741133631655444,,,,
590,2026-05-14T22:23:11.782Z,2026-05-14 22:23:11.782000+00:00,4477.06625,74.61777083333332,71.655,5,35,train,1,1,4.661702156066895,4.191912651062012,9.074371337890623,8.639604568481445,21.905888557434082,True,False,0.06056035551431913,5.095670512098579,21.002605218946936,20.53533450037995,1.2798496185403405,5.078332396132614,5.095670512098579,-0.4339683560316834,4.613537027227544,0.048165128839351645,4.606348617841743,0.055353538225152654,4.606348617841743,0.055353538225152654
591,2026-05-14T22:24:21.051Z,2026-05-14 22:24:21.051000+00:00,4478.220733333334,74.63701222222222,69.269,5,35,train,1,2,4.785757064819336,3.014894962310791,8.386798858642578,3.4521169662475586,14.853810787200928,True,False,0.07675938507832522,5.2045056549398865,46.29258846036196,45.825317741794976,1.887478137137521,5.202494760946192,5.2045056549398865,-0.41874859012055055,4.703634296421683,0.08212276839765309,4.712340408213301,0.07341665660603525,4.711412620913884,0.07434444390545192
592,2026-05-14T22:25:30.133Z,2026-05-14 22:25:30.133000+00:00,4479.3721,74.65620166666666,69.082,5,35,train,1,3,4.684307098388672,3.5533788204193115,7.756874084472656,5.300461292266846,16.610714197158813,True,False,0.06809010600415083,5.099280752624863,63.39477107371887,62.927500355151885,1.6878409188940648,5.1021557374632005,5.099280752624863,-0.41497365423619126,4.616525701694821,0.06778139669385119,4.626685525922165,0.05762157246650723,4.6274367229381435,0.05687037545052842
593,2026-05-14T22:26:39.271Z,2026-05-14 22:26:39.271000+00:00,4480.524399999999,74.67540666666666,69.138,5,35,train,1,4,4.053006172180176,2.662097454071045,1.2840877771377563,2.4501631259918213,6.396348357200623,True,False,0.0616943451300057,4.444522487014416,82.53529704310498,82.06802632453798,4.383163884821519,4.460506863083748,4.444522487014416,-0.39151631483424065,4.074495524918118,-0.021489352737941836,4.078938927446165,-0.02593275526598937,4.083783358643189,-0.03077718646301353
594,2026-05-14T22:27:48.341Z,2026-05-14 22:27:48.341000+00:00,4481.675566666667,74.69459277777779,69.07,5,35,train,1,5,4.617041588,3.8645224571228023,7.351354598999023,6.116567611694336,17.332444667816162,True,False,0.0647103006591337,5.039542843726258,89.89856006030243,89.43128934173544,1.6175584951428381,5.001783009669895,5.039542843726258,-0.4225012557262575,4.567072718783038,0.0499688692169622,4.54100187178701,0.07603971621299,4.5369448079850185,0.08009678001498166
595,2026-05-14T22:28:57.232Z,2026-05-14 22:28:57.232000+00:00,4482.82375,74.71372916666665,68.891,5,35,train,1,6,4.314348220825195,6.411692142486572,5.222047805786133,2.944361686706543,14.578101634979248,True,False,0.0798028456624165,4.671337019668668,109.79938415381115,109.33211343524415,1.9231751716388092,4.679982480740004,4.671337019668668,-0.35698879884347257,4.262259968205426,0.052088252619769015,4.26629532721527,0.04805289360992493,4.268726483679309,0.04562173714588624
596,2026-05-14T22:30:06.420Z,2026-05-14 22:30:06.420000+00:00,4483.976883333334,74.73294805555557,69.188,5,35,train,1,7,4.210693359,9.600225448608398,5.840292453765869,4.545532227,19.986050129374267,True,False,0.07725647540371544,4.54483477014053,126.60987908582689,126.1426083672599,1.402790593065374,4.548351073335433,4.54483477014053,-0.3341414111405294,4.157537293783807,0.05315606521619376,4.153927553285655,0.05676580571434542,4.154938016160077,0.05575534283992312
597,2026-05-14T22:31:15.624Z,2026-05-14 22:31:15.624000+00:00,4485.130283333333,74.75217138888888,69.204,5,35,train,1,8,4.418003082275391,2.3097264766693115,3.261233329772949,5.898064136505127,11.469023942947388,True,False,0.048573966138312885,4.91027424884243,149.66178930504717,149.19451858648017,2.4445186664083534,4.902866655884541,4.91027424884243,-0.49227116656703895,4.4600599737492175,-0.04205689147382685,4.456561458216619,-0.03855837594122846,4.453909465736654,-0.0359063834612634
598,2026-05-14T22:32:24.746Z,2026-05-14 22:32:24.746000+00:00,4486.282316666667,74.77137194444444,69.122,5,35,train,1,9,4.380510330200195,8.033791542053223,7.745114326477051,9.095382690429688,24.87428855895996,True,False,0.06343460168168935,4.744600499221786,162.87448718812067,162.40721646955367,1.1271173865963815,4.750459597243856,4.744600499221786,-0.3640901690215905,4.3229098581864704,0.05760047201372487,4.326458451280152,0.054051878920043706,4.32758535425639,0.05292497594380574
599,2026-05-14T22:33:34.101Z,2026-05-14 22:33:34.101000+00:00,4487.438233333333,74.79063722222222,69.355,5,36,train,2,0,4.802849769592285,1.2108447551727295,5.052787780761719,2.175985097885132,8.43961763381958,True,False,0.07421701797051285,5.380598732457854,0.0,-0.46727071856698704,3.321980252004693,,5.380598732457854,-0.5777489628655692,4.849409870323342,-0.046560100731056764,,,,
600,2026-05-14T22:34:43.324Z,2026-05-14 22:34:43.324000+00:00,4488.59195,74.80986583333333,69.223,5,36,train,2,1,4.598296165466309,6.1298346519470215,9.506011962890623,4.059738159179688,19.695584774017334,True,False,0.07938757236324688,4.950806644202209,9.736927524431545,9.269656805864559,1.423478583433836,4.971432170828519,4.950806644202209,-0.35251047873590036,4.493614008231793,0.10468215723451557,4.515092734562488,0.08320343090382032,4.515092734562488,0.08320343090382032
601,2026-05-14T22:35:52.679Z,2026-05-14 22:35:52.679000+00:00,4489.747866666667,74.82913111111111,69.355,5,36,train,2,2,4.461560249328613,7.164329528808594,8.034793853759766,9.215996742248535,24.415120124816895,True,False,0.062252912559373895,4.81023256684762,32.50338222446442,32.03611150589743,1.1483147725954301,4.81311778332084,4.81023256684762,-0.3486723175190063,4.377242217296567,0.08431803203204602,4.379946908379894,0.08161334094871897,4.381122953458708,0.08043729586990533
602,2026-05-14T22:37:01.879Z,2026-05-14 22:37:01.879000+00:00,4490.901199999999,74.84835333333332,69.2,5,36,train,2,3,4.364521026611328,8.233088493347168,7.435933113098144,6.092218876,21.761240482445313,True,False,0.07200426657242007,4.71623758133379,60.66215410175324,60.19488338318625,1.2883568442082116,4.717797347669273,4.71623758133379,-0.35171655472246144,4.299430112753397,0.0650909138579312,4.298576167343544,0.06594485926778404,4.299302149917797,0.06521887669353088
603,2026-05-14T22:38:10.917Z,2026-05-14 22:38:10.917000+00:00,4492.051833333333,74.86753055555555,69.038,5,36,train,2,4,4.431786537,7.798150062561035,8.175084114074707,4.805579662322998,20.77881383895874,True,False,0.07687269494992591,4.780875120635971,85.70136277553756,85.23409205697057,1.3492706239782244,4.779668883257242,4.780875120635971,-0.3490885836359716,4.352939168987622,0.07884736801237757,4.351393096530199,0.08039344046980101,4.350929861997658,0.08085667500234184
604,2026-05-14T22:39:19.733Z,2026-05-14 22:39:19.733000+00:00,4493.198766666666,74.8866461111111,68.816,5,36,train,2,5,4.2796125411987305,9.671000480651855,7.13517952,9.075313568115234,25.88149356876709,True,False,0.06493512422688381,4.628577272454738,109.5332769945673,109.06600627600031,1.08325445127527,4.631563365988887,4.628577272454738,-0.34896473125600735,4.226862059452514,0.05275048174621677,4.2249621207449986,0.05465042045373192,4.22609946812762,0.05351307307111064
605,2026-05-14T22:40:28.956Z,2026-05-14 22:40:28.956000+00:00,4494.352483333333,74.90587472222222,69.223,5,36,train,2,6,4.053006172180176,3.197667360305786,1.6722862720489502,4.880918502807617,9.750872135162354,True,False,0.049943774924432964,4.4797545157756185,139.39318748308006,138.92591676451306,2.8752549233948512,4.482083408103655,4.4797545157756185,-0.42674834359544267,4.103661743629128,-0.05065557144895205,4.097357847222106,-0.044351675041930605,4.098488324200769,-0.04548215202059325
606,2026-05-14T22:41:38.259Z,2026-05-14 22:41:38.259000+00:00,4495.507533333333,74.92512555555555,69.303,5,36,train,2,7,4.795129776000977,2.956259250640869,9.710168838500977,9.043495178222656,21.709923267364502,True,False,0.05834395604789026,5.276704221315044,150.65593234279933,150.18866162423234,1.291402220484343,5.243640233254638,5.276704221315044,-0.48157444531406757,4.763402616656427,0.03172715934454917,4.7474644353869415,0.047665340614035046,4.741796892132516,0.05333288386846036
607,2026-05-14T22:42:47.538Z,2026-05-14 22:42:47.538000+00:00,4496.662183333334,74.94436972222223,69.279,5,36,train,2,8,4.388230323791504,9.39760685,8.926584243774414,5.5672993659973145,23.89149045977173,True,False,0.07669756361424382,4.738082278004616,175.72329524346176,175.25602452489477,1.1734823811526696,4.748122514924789,4.738082278004616,-0.3498519542131122,4.317513862772318,0.0707164610191855,4.324463389897295,0.06376693389420929,4.328113974079805,0.06011634971169855
608,2026-05-14T22:43:56.616Z,2026-05-14 22:43:56.616000+00:00,4497.813483333333,74.96355805555555,69.078,5,36,train,2,9,4.490781784057617,4.929704189300537,6.799516677856445,4.435009956359863,16.164230823516846,True,False,0.07256281474335605,4.899966448487714,203.22956820979695,202.76229749122996,1.7344619376030035,4.8972163946087734,4.899966448487714,-0.4091846644300965,4.45152684153555,0.03925494252206718,4.451738085936421,0.0390436981211959,4.4506417249994765,0.040140059058140665
609,2026-05-14T22:45:05.820Z,2026-05-14 22:45:05.820000+00:00,4498.966883333333,74.98278138888888,69.204,5,37,train,3,0,3.832463264465332,8.936424255371094,2.2494571208953857,4.462143898010254,15.648025274276733,True,False,0.07148430028838576,4.163504498871507,0.0,-0.46727071856698704,1.791679309216548,,4.163504498871507,-0.3310412344061753,3.841859699162603,-0.009396434697270806,,,,
610,2026-05-14T22:46:14.884Z,2026-05-14 22:46:14.884000+00:00,4500.11795,75.00196583333333,69.064,5,37,train,3,1,4.553636551,5.066357135772705,8.428759574890137,2.712796688079834,16.207913398742676,True,False,0.0832625173806131,4.981300075967515,18.011920292377468,17.54464957381048,1.7297873220493716,4.960084574191601,4.981300075967515,-0.4276635249675147,4.518857462310021,0.034779088689979254,4.505405804986307,0.048230746013693704,4.505405804986307,0.048230746013693704
611,2026-05-14T22:47:24.027Z,2026-05-14 22:47:24.027000+00:00,4501.270333333333,75.02117222222222,69.143,5,37,train,3,2,4.445019721984863,6.414625644683838,7.152374744415283,3.014840841293335,16.581841230392456,True,False,0.0818184193214472,4.8076105777293225,36.68964956119855,36.222378842631564,1.6907798551726734,4.811955860578281,4.8076105777293225,-0.36259085574445926,4.37507164947033,0.06994807251453317,4.3789550275314415,0.06606469445342178,4.380071481626705,0.0649482403581585
612,2026-05-14T22:48:33.056Z,2026-05-14 22:48:33.056000+00:00,4502.420816666667,75.04034694444445,69.029,5,37,train,3,3,3.7944202423095694,5.377164840698242,1.2497742176055908,2.720761775970459,9.347700834274292,True,False,0.07089378635231339,4.129244741577392,55.76678153274456,55.29951081417757,2.9992661950863355,4.145860472505017,4.129244741577392,-0.3348244992678229,3.8134983583780877,-0.01907811606851828,3.8103395469377377,-0.015919304628168263,3.8154091809774595,-0.02098893866789009
613,2026-05-14T22:49:42.004Z,2026-05-14 22:49:42.004000+00:00,4503.56995,75.05949916666667,68.948,5,37,train,3,4,4.142876625061035,3.685457706451416,2.6379354000091557,4.946763038635254,11.270156145095825,True,False,0.056107413464827435,4.6155441489191915,66.50853615143696,66.04126543286996,2.487653476408941,4.594389925836132,4.6155441489191915,-0.47266752385815636,4.21607281611652,-0.07319619105548458,4.193228837620307,-0.05035221255927169,4.189848213226358,-0.046971588165322764
614,2026-05-14T22:50:51.227Z,2026-05-14 22:50:51.227000+00:00,4504.723666666667,75.07872777777779,69.223,5,37,train,3,5,4.245429039001465,9.839513778686523,7.097188472747803,5.492161750793457,22.428864002227783,True,False,0.07551297403984464,4.618681063459982,79.51110313196976,79.04383241340277,1.2500072723805573,4.618568332772745,4.618681063459982,-0.3732520244585169,4.218669655946396,0.026759383055068753,4.213868849135805,0.03156018986565989,4.213657924527916,0.031771114473548856
615,2026-05-14T22:52:00.395Z,2026-05-14 22:52:00.395000+00:00,4505.876466666667,75.09794111111111,69.168,5,37,train,3,6,4.747161865234375,2.250961303710937,7.321437358856201,7.362955093383789,16.935353755950928,True,False,0.056523169226408904,5.27245641021339,105.36709755373795,104.89982683517096,1.6554861219930255,5.2606413521237405,5.27245641021339,-0.5252945449790154,4.7598861405410835,-0.012724275306708499,4.761977520974199,-0.014815655739823796,4.757144591676405,-0.009982726442030021
616,2026-05-14T22:53:09.633Z,2026-05-14 22:53:09.633000+00:00,4507.030433333333,75.11717388888889,69.238,5,37,train,3,7,4.399256706237793,8.911113739013672,8.773386955,9.477649688720703,27.162150382734374,True,False,0.06510714521798255,4.753705755243767,124.90993127631346,124.44266055774646,1.0321805423712131,4.766109124926269,4.753705755243767,-0.3544490490059742,4.330447485109882,0.06880922112791055,4.33981774465394,0.059438961583852645,4.343478523206292,0.05577818303150117
617,2026-05-14T22:54:18.833Z,2026-05-14 22:54:18.833000+00:00,4508.183766666667,75.13639611111111,69.2,5,37,train,3,8,4.519452095031738,4.159537315368652,6.353402614593506,6.289340019226074,16.802279949188232,True,False,0.06256853213822372,4.94429136814054,156.23694471773376,155.76967399916677,1.6685975474044958,4.941448611474529,4.94429136814054,-0.42483927310880176,4.488220450913104,0.031231644118633994,4.489497127210672,0.029954967821065992,4.488212922615764,0.03123917241597418
618,2026-05-14T22:55:28.025Z,2026-05-14 22:55:28.025000+00:00,4509.336966666667,75.15561611111112,69.192,5,37,train,3,9,4.393743515014648,5.994668006896973,6.170247554779053,3.924541711807251,16.089457273483276,True,False,0.07560799195958454,4.772925093148201,175.61333395513765,175.14606323657065,1.7425226120103636,4.777057671280934,4.772925093148201,-0.3791815781335526,4.346357877798334,0.04738563721631461,4.3491640230680115,0.04457949194663691,4.350387599900298,0.04335591511435055
619,2026-05-14T22:56:37.104Z,2026-05-14 22:56:37.104000+00:00,4510.488283333334,75.17480472222223,69.079,5,38,train,4,0,4.779691696166992,2.9302754402160645,9.124853134155272,6.995248794555664,19.050377368927002,True,False,0.06328026128256341,5.253525429734589,0.0,-0.46727071856698704,1.471689645358366,,5.253525429734589,-0.47383373356759684,4.744214459503327,0.03547723666366487,,,,
620,2026-05-14T22:57:46.357Z,2026-05-14 22:57:46.357000+00:00,4511.6425,75.19404166666666,69.253,5,38,train,4,1,4.292844772338867,9.191133499145508,6.529592514038086,1.9903440475463867,17.71107006072998,True,False,0.08876214683403295,4.61200925836805,21.988263065505027,21.52099234693804,1.58297849976794,4.625642064264258,4.61200925836805,-0.3191644860291829,4.2131465188081,0.07969825353076754,4.219907373502821,0.07293739883604644,4.219907373502821,0.07293739883604644
621,2026-05-14T22:58:55.375Z,2026-05-14 22:58:55.375000+00:00,4512.7928,75.21321333333334,69.018,5,38,train,4,2,3.755273818969727,4.273054122924805,1.0735427141189575,7.122714042663574,12.469310879707336,True,False,0.042878045856927505,4.164390830817492,42.361306956362725,41.89403623779574,2.248419610713664,4.174657288073751,4.164390830817492,-0.40911701184776517,3.8425934335598573,-0.08731961459013027,3.8349220848405268,-0.07964826587079976,3.83835037021573,-0.08307655124600277
622,2026-05-14T23:00:04.610Z,2026-05-14 23:00:04.610000+00:00,4513.946716666667,75.23244527777779,69.235,5,38,train,4,3,4.143980026245117,9.571556091308594,5.430254936218262,6.713531494140625,21.71534252166748,True,False,0.06908392539771413,4.514669629880793,56.74985260230501,56.282581883738025,1.2910799397267059,4.503294260182936,4.514669629880793,-0.37068960363567616,4.1325656100858,0.011414416159317042,4.115464591488493,0.028515434756624103,4.113033254980575,0.03094677126454215
623,2026-05-14T23:01:13.634Z,2026-05-14 23:01:13.634000+00:00,4515.097116666667,75.25161861111111,69.024,5,38,train,4,4,4.531582832336426,4.392673015594482,7.131916999816895,3.278442383,14.803032398411377,True,False,0.07785290003586136,4.970730384571505,81.73118263923128,81.26391192066428,1.8939526955995853,4.9621998605265665,4.970730384571505,-0.4391475522350792,4.510107528178967,0.021475304157458908,4.507211529177596,0.02437130315882996,4.503702820837194,0.027880011499231472
624,2026-05-14T23:02:22.995Z,2026-05-14 23:02:22.995000+00:00,4516.253133333334,75.27088555555557,69.361,5,38,train,4,5,4.831519127,2.0082030296325684,8.242362976074219,1.6465376615524292,11.897103667259216,True,False,0.08616018059854606,5.37337949145657,98.84373480900148,98.37646409043448,2.356560377898938,5.362384863908441,5.37337949145657,-0.5418603644565696,4.843433547943552,-0.011914420943551995,4.8488313513513965,-0.017312224351396566,4.84582925969576,-0.014310132695760203
625,2026-05-14T23:03:32.113Z,2026-05-14 23:03:32.113000+00:00,4517.4051,75.290085,69.118,5,38,train,4,6,3.980226516723633,6.11795187,2.331994057,4.972879409790039,13.422825336790039,True,False,0.06295206646129792,4.342688521499306,112.54880166356185,112.08153094499485,2.088699093563849,4.377829664206843,4.342688521499306,-0.36246200477567303,3.9901940579048425,-0.009967541181209683,4.00836114532172,-0.02813462859808702,4.015767940597716,-0.03554142387408277
626,2026-05-14T23:04:41.072Z,2026-05-14 23:04:41.072000+00:00,4518.554416666667,75.30924027777777,68.959,5,38,train,4,7,4.786308288574219,1.293027639389038,5.693498611450195,6.472530841827393,13.459057092666626,True,False,0.05190947777943486,5.403990122916908,127.97587853689025,127.50860781832326,2.0830763196104725,5.371844359595531,5.403990122916908,-0.6176818343426893,4.868774023739188,-0.08246573516496891,4.856906494615558,-0.07059820604133904,4.849385883598212,-0.06307759502399346
627,2026-05-14T23:05:50.268Z,2026-05-14 23:05:50.268000+00:00,4519.707683333333,75.32846138888888,69.196,5,38,train,4,8,4.7444047927856445,2.479830026626587,7.740009307861328,6.873239517211914,17.09307885169983,True,False,0.05978934177485292,5.254539449734197,143.49776044662624,143.03048972805925,1.640210248677999,5.25903851266062,5.254539449734197,-0.5101346569485523,4.745053898222181,-0.0006491054365360682,4.760609249480423,-0.016204456694778102,4.761390235992291,-0.016985443206646522
628,2026-05-14T23:06:59.332Z,2026-05-14 23:06:59.332000+00:00,4520.85875,75.34764583333335,69.064,5,38,train,4,9,4.555290222167969,5.553618431091309,8.101902008,3.4433748722076416,17.09889531129895,True,False,0.07986200389254236,4.92427924154258,163.17303374352286,162.70576302495587,1.639652305227746,4.932122635759631,4.92427924154258,-0.36898901937461126,4.471653761972634,0.08363646019533455,4.48153596390271,0.07375425826525905,4.484020230601789,0.07126999156617941
629,2026-05-14T23:08:08.487Z,2026-05-14 23:08:08.487000+00:00,4522.011333333333,75.36685555555555,69.155,5,39,train,5,0,4.451636314,7.946434020996094,9.214640617370604,8.876422882080078,26.037497520446777,True,False,0.06590907833938502,4.824702908751027,0.0,-0.46727071856698704,1.0767641203615235,,4.824702908751027,-0.37306659475102677,4.389221236717744,0.062415077282255815,,,,
630,2026-05-14T23:09:17.758Z,2026-05-14 23:09:17.758000+00:00,4523.16585,75.3860975,69.271,5,39,train,5,1,4.6782426834106445,1.6161763668060305,4.722636222839356,5.714143276,12.052955865645387,True,False,0.05259135319422303,5.225954086227071,30.06072484564781,29.593454127080825,2.326088589930964,5.219716947003456,5.225954086227071,-0.547711402816426,4.721390005074458,-0.04314732166381319,4.727042208852023,-0.04879952544137822,4.727042208852023,-0.04879952544137822
631,2026-05-14T23:10:27.017Z,2026-05-14 23:10:27.017000+00:00,4524.320166666667,75.40533611111113,69.259,5,39,train,5,2,4.436197280883789,9.014187812805176,9.798366547,1.6001893281936646,20.41274368799884,True,False,0.09216083172036078,4.796528736206573,43.97365268396004,43.506381965393054,1.373467650529626,4.810951142058662,4.796528736206573,-0.3603314553227843,4.36589774081568,0.07029954006810879,4.378097344811932,0.05809993607185682,4.381153884805031,0.055043396078757745
632,2026-05-14T23:11:36.375Z,2026-05-14 23:11:36.375000+00:00,4525.476133333334,75.42460222222222,69.358,5,39,train,5,3,4.985898971557617,1.269909143447876,8.956295013427734,8.344896317,18.57110047387561,True,False,0.055065149053827186,5.608534081563094,67.5701039624971,67.1028332439301,1.5096705310198737,5.592454277158349,5.608534081563094,-0.6226351100054766,5.038102161903634,-0.052203190346016726,5.045231194868432,-0.05933222331081467,5.039453549918445,-0.053554578360827776
633,2026-05-14T23:12:45.489Z,2026-05-14 23:12:45.489000+00:00,4526.6280333333325,75.44380055555554,69.114,5,39,train,5,4,4.695885658,3.663601875305176,8.622967720031738,8.520511627197266,20.80708122253418,True,False,0.05904994296860097,5.132007801594709,88.96215459835442,88.49488387978742,1.3474375773405365,5.142416657718284,5.132007801594709,-0.4361221435947087,4.643618216704107,0.05226744129589278,4.661054451048953,0.03483120695104702,4.664402031202958,0.03148362679704153
634,2026-05-14T23:13:54.797Z,2026-05-14 23:13:54.797000+00:00,4527.783166666666,75.46305277777778,69.308,5,39,train,5,5,3.813165664672852,6.043503761291504,1.5291234254837036,6.872276782989502,14.44490396976471,True,False,0.05242421273707199,4.166647762277043,112.99710768787773,112.52983696931074,1.9409089304230174,4.185415615809673,4.166647762277043,-0.3534820976041906,3.8444617947891007,-0.031296130116248655,3.84410598223042,-0.030940317557567987,3.8512672219824884,-0.03810155730963638
635,2026-05-14T23:15:03.803Z,2026-05-14 23:15:03.803000+00:00,4528.933266666666,75.4822211111111,69.006,5,39,train,5,6,4.416348457336426,6.634596824645996,7.689690113067627,3.5352935791015625,17.859580516815186,True,False,0.0802050581435941,4.8244205643102065,129.61019174350412,129.14292102493712,1.5698153205570806,4.805919606340529,4.8244205643102065,-0.4080721069737807,4.388987502811342,0.02736095452508369,4.373802150532377,0.042546306804048584,4.369145167556799,0.04720328977962662
636,2026-05-14T23:16:12.886Z,2026-05-14 23:16:12.886000+00:00,4530.084650000001,75.50141083333334,69.083,5,39,train,5,7,4.3386077880859375,6.049955845,5.592577934265137,8.000649452209473,19.64318323147461,True,False,0.059270097122599286,4.726410960607973,150.17341509088985,149.70614437232285,1.427275955411151,4.728638092861256,4.726410960607973,-0.38780317252203567,4.3078519668269175,0.03075582125901999,4.307830420784876,0.030777367301061176,4.308374004915158,0.030233783170779738
637,2026-05-14T23:17:21.987Z,2026-05-14 23:17:21.987000+00:00,4531.236333333333,75.52060555555555,69.101,5,39,train,5,8,4.432338714599609,5.819300174713135,6.5434346199035645,2.0591769218444824,14.421911716461182,True,False,0.0857218865131858,4.811249046880265,172.79614183219195,172.32887111362496,1.9440032407089713,4.809496722592056,4.811249046880265,-0.37891033228065574,4.378083692510739,0.054255022088870675,4.376855772750638,0.055482941848971734,4.37624939668018,0.056089317919429504
638,2026-05-14T23:18:31.133Z,2026-05-14 23:18:31.133000+00:00,4532.388766666667,75.53981277777778,69.146,5,39,train,5,9,4.487473487854004,5.560686111450195,7.556756496429443,2.346548795700073,15.463991403579712,True,False,0.08482572361520535,4.893474960951375,189.41643362463236,188.94916290606537,1.8130017265483733,4.8911632228403565,4.893474960951375,-0.4060014730973709,4.446152977131432,0.04132051072257159,4.446570767207236,0.04090272064676803,4.445950016003483,0.041523471850521076
639,2026-05-14T23:19:40.400Z,2026-05-14 23:19:40.400000+00:00,4533.543216666667,75.55905361111111,69.267,5,40,train,6,0,4.515041351318359,3.801365375518799,5.935455322265625,2.7441649436950684,12.480985641479492,True,False,0.07801323531232125,4.953774606410102,0.0,-0.46727071856698704,2.2463164303981857,,4.953774606410102,-0.43873325509174244,4.496070983828292,0.018970367490067197,,,,
640,2026-05-14T23:20:49.663Z,2026-05-14 23:20:49.663000+00:00,4534.6976,75.57829333333333,69.263,5,40,train,6,1,4.408079147338867,4.855933189,5.503447532653809,3.3494701385498047,13.708850860203613,True,False,0.07556709768961586,4.81471570473993,14.407841808096569,13.940571089529582,2.045119857230893,4.819225620504694,4.81471570473993,-0.40663655740106286,4.380953504579085,0.02712564275978213,4.385160892499693,0.022918254839174423,4.385160892499693,0.022918254839174423
641,2026-05-14T23:21:58.568Z,2026-05-14 23:21:58.568000+00:00,4535.846016666666,75.5974336111111,68.905,5,40,train,6,2,4.486371040344238,6.199004173278809,8.387766838,8.092450141906738,22.679221153185544,True,False,0.06431777754956076,4.891678999879927,30.15131461680207,29.684043898235082,1.2362083743815526,4.889394707547459,4.891678999879927,-0.40530795953568877,4.444666222174421,0.041704818169817415,4.445061065757242,0.041309974586996034,4.444523516975075,0.041847523369162865
642,2026-05-14T23:23:07.643Z,2026-05-14 23:23:07.643000+00:00,4536.997266666667,75.61662111111112,69.075,5,40,train,6,3,4.763151168823242,2.343240737915039,7.751183032989502,5.266149520874023,15.360573291778564,True,False,0.0657164519784387,5.279745730364384,56.26076796940693,55.79349725083994,1.825208120912066,5.272800651217895,5.279745730364384,-0.516594561541142,4.765920476719095,-0.002769307895852613,4.7723573641947095,-0.009206195371467274,4.769449371693724,-0.00629820287048144
643,2026-05-14T23:24:17.202Z,2026-05-14 23:24:17.202000+00:00,4538.156583333333,75.63594305555556,69.559,5,40,train,6,4,4.327580451965332,1.7146482467651367,2.178166151046753,6.697207450866699,10.590021848678589,True,False,0.03675926691593777,4.864570798550885,74.06853659612068,73.60126587755369,2.6474207055122885,4.875464869154906,4.864570798550885,-0.5369903465855526,4.422225171896453,-0.09464471993112067,4.433169793284865,-0.10558934131953279,4.436055561538981,-0.10847510957364914
644,2026-05-14T23:25:26.362Z,2026-05-14 23:25:26.362000+00:00,4539.30925,75.65515416666668,69.16,5,40,train,6,5,4.0662384033203125,8.072714805603027,3.604891777038574,7.441350936889648,19.11895751953125,True,False,0.0610786784306214,4.411164663830141,86.2753017803642,85.80803106179721,1.4664106599629394,4.428520892706168,4.411164663830141,-0.3449262605098289,4.046880834509282,0.019357568811030568,4.051633952446844,0.014604450873468622,4.0550241275352485,0.011214275785063954
645,2026-05-14T23:26:35.581Z,2026-05-14 23:26:35.581000+00:00,4540.4628999999995,75.67438166666666,69.219,5,40,train,6,6,3.814820289611816,4.432000160217285,1.3035061359405518,6.562709808349609,12.298216104507446,True,False,0.04663689633861373,4.231618017453806,108.33188712277143,107.86461640420444,2.279699988662876,4.235421729096662,4.231618017453806,-0.41679772784198965,3.8982462840400394,-0.0834259944282234,3.8867939375119485,-0.0719736479001325,3.888271566887143,-0.07345127727532708
646,2026-05-14T23:27:44.527Z,2026-05-14 23:27:44.527000+00:00,4541.611999999999,75.69353333333332,68.946,5,40,train,6,7,4.456046104431152,5.059220790863037,6.578851699829102,4.573064804077148,16.211137294769287,True,False,0.07179059851924947,4.874395214768556,122.46376724846094,121.99649652989395,1.7294433206154785,4.853141782090355,4.874395214768556,-0.4183491103374033,4.4303581430079015,0.025687961423250805,4.414113584359201,0.04193252007195092,4.409407853624931,0.04663825080622175
647,2026-05-14T23:28:53.647Z,2026-05-14 23:28:53.647000+00:00,4542.764,75.71273333333333,69.12,5,40,train,6,8,4.862946510314941,1.995943665504456,9.354022026062012,4.598310470581055,15.948276162147522,True,False,0.07116735110535065,5.43100609103968,141.13899741203517,140.67172669346817,1.7579481838019533,5.417079196332662,5.43100609103968,-0.5680595807247384,4.8911387203707415,-0.028192210055800082,4.895521427088312,-0.03257491677337043,4.891222694868755,-0.028276184553813977
648,2026-05-14T23:30:02.840Z,2026-05-14 23:30:02.840000+00:00,4543.917216666667,75.73195361111111,69.193,5,40,train,6,9,4.3799591064453125,5.730303764343262,5.552531719207764,1.1369889974594116,12.419824481010437,True,False,0.09084536984240127,4.7466561435412835,159.5308152868264,159.0635445682594,2.2573783676964077,4.764043043188499,4.7466561435412835,-0.366697037095971,4.324611587377851,0.05534751906746127,4.338054024199929,0.041905082245383696,4.342921362771687,0.037037743673625556
649,2026-05-14T23:31:11.920Z,2026-05-14 23:31:11.920000+00:00,4545.06855,75.7511425,69.08,5,41,train,7,0,4.202974319458008,6.700732707977295,4.6786088943481445,2.516784906387329,13.896126508712769,True,False,0.0818885866877412,4.6045389027178025,0.0,-0.46727071856698704,2.0175581372579403,,4.6045389027178025,-0.4015645832597947,4.206962315558808,-0.003987996100800473,,,,
650,2026-05-14T23:32:21.089Z,2026-05-14 23:32:21.089000+00:00,4546.221366666667,75.77035611111111,69.169,5,41,train,7,1,3.603099822998047,8.999819756,1.2922500371932983,1.9455376863479612,12.23760747954126,True,False,0.08410197671725869,3.9227052232728545,16.019686241352556,15.55241552278557,2.2909905519432616,3.942593310251424,3.9227052232728545,-0.31960540027480766,3.6425182310579545,-0.039418408059907595,3.636819571836165,-0.033719748838118235,3.636819571836165,-0.033719748838118235
651,2026-05-14T23:33:30.096Z,2026-05-14 23:33:30.096000+00:00,4547.371483333333,75.78952472222223,69.007,5,41,train,7,2,4.205731391906738,9.128218650817873,6.670399188995361,4.9253010749816895,20.723918914794922,True,False,0.07623373699138783,4.624320373308376,30.09436256369762,29.627091845130632,1.35284466366079,4.601027175809113,4.624320373308376,-0.4185889814016379,4.223338059958332,-0.017606668051593388,4.198894757473203,0.006836634433534883,4.193885722900343,0.011845669006395276
652,2026-05-14T23:34:39.448Z,2026-05-14 23:34:39.448000+00:00,4548.52735,75.80878916666667,69.352,5,41,train,7,3,4.517798424,4.827731609344482,7.631136417388916,2.431995153427124,14.890863180160522,True,False,0.0836678698608464,4.95908639974767,54.04844964001191,53.58117892144492,1.88278159397587,4.952556142041427,4.95908639974767,-0.4412879757476693,4.500468259025848,0.01733016497415285,4.4989791232499705,0.01881930075002991,4.496323641825633,0.02147478217436749
653,2026-05-14T23:35:48.607Z,2026-05-14 23:35:48.607000+00:00,4549.679999999999,75.82799999999999,69.159,5,41,train,7,4,4.8585357666015625,2.300534963607788,9.569996834,1.6704964637756348,13.541028261383422,True,False,0.08766344452186405,5.379215311423182,71.21240308462394,70.74513236605695,2.070466331864438,5.367777740289999,5.379215311423182,-0.5206795448216193,4.848264629419386,0.010271137182176204,4.853435005798476,0.005100760803086857,4.850285461549513,0.008250305052049711
654,2026-05-14T23:36:57.791Z,2026-05-14 23:36:57.791000+00:00,4550.833066666667,75.84721777777779,69.184,5,41,train,7,5,4.5437116622924805,3.826026439666748,6.1287384033203125,2.844087839126587,12.798852682113647,True,False,0.07777857195667867,4.964878964952323,86.82611140521645,86.35884068664946,2.1905278395148478,4.977278789412251,4.964878964952323,-0.4211673026598426,4.505263532803632,0.03844812948884879,4.52008372818797,0.023627934104510473,4.5229909669443575,0.02072069534812293
655,2026-05-14T23:38:06.961Z,2026-05-14 23:38:06.961000+00:00,4551.9859,75.86643166666666,69.17,5,41,train,7,6,4.655636787414551,1.1922907829284668,4.053720474243164,8.470541000366211,13.716552257537842,True,False,0.03824584457284971,5.291801787009329,101.5810554055798,101.11378468701281,2.0439715890421435,5.281448547988242,5.291801787009329,-0.6361649995947785,4.775900872321122,-0.12026408490657126,4.779739682202374,-0.1241028947878231,4.777476989698849,-0.12184020228429837
656,2026-05-14T23:39:16.101Z,2026-05-14 23:39:16.101000+00:00,4553.138233333333,75.88563722222221,69.14,5,41,train,7,7,4.184227943,4.342235565185547,2.7100160121917725,1.6382460594177246,8.690497636795044,True,False,0.08114899597370018,4.555887267245327,117.38709579034924,116.91982507178224,3.2260802874297387,4.577642956721191,4.555887267245327,-0.37165932424532766,4.166686910175364,0.017541032824635927,4.178932708173555,0.0052952348264447835,4.184218435752856,9.507247144213693e-06
657,2026-05-14T23:40:25.206Z,2026-05-14 23:40:25.206000+00:00,4554.289983333333,75.90483305555556,69.105,5,41,train,7,8,4.402013778686523,3.049438953399658,4.083176612854004,4.148284912109375,11.280900478363037,True,False,0.06322736008472146,4.887142139959628,127.39637644352793,126.92910572496093,2.485284146225137,4.871677921524222,4.887142139959628,-0.4851283612731043,4.440910462050769,-0.038896683364245455,4.429937047516674,-0.027923268830150505,4.427761912031795,-0.025748133345271818
658,2026-05-14T23:41:34.393Z,2026-05-14 23:41:34.393000+00:00,4555.4431,75.92405166666667,69.187,5,41,train,7,9,4.604361534118652,4.970716476,9.647238731384276,6.391611099243164,21.00956630662744,True,False,0.06957761523508013,5.04823293004935,140.40457080013633,139.93730008156933,1.334451302080197,5.042446346056506,5.04823293004935,-0.4438713959306977,4.574266654733613,0.03009487938503952,4.575714321349073,0.028647212769579156,4.574411951691608,0.029949582427044596
659,2026-05-14T23:42:43.586Z,2026-05-14 23:42:43.586000+00:00,4556.596316666666,75.94327194444443,69.193,5,42,train,8,0,4.515041351318359,6.785973549,9.176757813,9.636733055114746,25.599464417114746,True,False,0.062355723939786716,4.891443012397602,0.0,-0.46727071856698704,1.0951886593094247,,4.891443012397602,-0.37640166107924244,4.444470864065207,0.07057048725315251,,,,
660,2026-05-14T23:43:52.644Z,2026-05-14 23:43:52.644000+00:00,4557.747283333333,75.96245472222222,69.058,5,42,train,8,1,4.4444684982299805,6.070846080780029,6.9553961753845215,2.437584638595581,15.463826894760132,True,False,0.08423686028571914,4.819386663313326,29.464130228618505,28.996859510051518,1.8130210138034597,4.820529402696863,4.819386663313326,-0.3749181650833453,4.384820275926971,0.059648222303009035,4.3862738723387125,0.058194625891268004,4.3862738723387125,0.058194625891268004
661,2026-05-14T23:45:01.820Z,2026-05-14 23:45:01.820000+00:00,4558.900216666666,75.98167027777777,69.176,5,42,train,8,2,4.7168378829956055,1.7455929517745972,5.360626220703125,1.881823182106018,8.98804235458374,True,False,0.07906303611101341,5.247440193781873,47.29289171648395,46.825620997916964,3.119282487550945,5.236221417822404,5.247440193781873,-0.5306023107862679,4.739176903366326,-0.022339020370720775,4.74113132848068,-0.024293445485074727,4.7380052998775,-0.021167416881894496
662,2026-05-14T23:46:10.950Z,2026-05-14 23:46:10.950000+00:00,4560.052383333333,76.00087305555554,69.13,5,42,train,8,3,3.874917984008789,8.640649795532227,2.4715075492858887,6.962075710296631,18.074233055114746,True,False,0.061480657635282265,4.218879140429706,57.648614516023514,57.18134379745653,1.5511719378922897,4.265289851858874,4.218879140429706,-0.3439611564209173,3.8877006275314168,-0.012782643522627701,3.9122910018708437,-0.0373730178620546,3.919587851094341,-0.044669867085552095
663,2026-05-14T23:47:20.341Z,2026-05-14 23:47:20.341000+00:00,4561.2089,76.02014833333332,69.391,5,42,train,8,4,4.375548362731934,7.407989025115967,7.523542404174805,1.734657883644104,16.666189312934875,True,False,0.0895917545932482,4.767053582192356,78.5517662814813,78.08449556291431,1.682222767760107,4.754799647083596,4.767053582192356,-0.3915052194604227,4.341497250161391,0.03405111257054294,4.33016335536688,0.04538500736505391,4.326599296336275,0.048949066395658214
664,2026-05-14T23:48:29.426Z,2026-05-14 23:48:29.426000+00:00,4562.360316666667,76.03933861111112,69.085,5,42,train,8,5,4.780243873596191,2.264489889144897,8.124918937683105,1.675530195236206,12.064939022064209,True,False,0.08611240229086929,5.314991861047541,97.7414944262164,97.27422370764941,2.3237782688123736,5.3016495400224635,5.314991861047541,-0.5347479874513494,4.795098369459517,-0.014854495863325212,4.796984354661726,-0.016740481065534496,4.792814739888176,-0.012570866291985006
665,2026-05-14T23:49:38.538Z,2026-05-14 23:49:38.538000+00:00,4563.512183333334,76.0585363888889,69.112,5,42,train,8,6,4.376650810241699,9.065412521362305,8.568153381347656,4.674427032470703,22.307992935180664,True,False,0.079045954308606,4.735903659856384,111.6386955210981,111.1714248025311,1.2567801682331028,4.755374556048849,4.735903659856384,-0.35925284961468495,4.315710331847948,0.06094047839375083,4.3306541291260565,0.0459966811156427,4.334743280944041,0.041907529297658286
666,2026-05-14T23:50:47.599Z,2026-05-14 23:50:47.599000+00:00,4564.6632,76.07772,69.061,5,42,train,8,7,4.679345131,3.7740941047668457,8.326635360717773,3.138716697692871,15.23944616317749,True,False,0.07940399759883114,5.103857460719294,137.3155671893733,136.8482964708063,1.8397153553888432,5.097161394346805,5.103857460719294,-0.42451232971929453,4.620314449432381,0.05903068156761915,4.62242208128311,0.05692304971688955,4.619867832124678,0.05947729887532205
667,2026-05-14T23:51:56.438Z,2026-05-14 23:51:56.438000+00:00,4565.810516666666,76.09684194444444,68.839,5,42,train,8,8,4.385472297668457,8.925308227539062,8.953741073608398,5.588927745819092,23.467977046966553,True,False,0.07618487637586338,4.761775934946636,154.8000377631562,154.33276704458922,1.1946595591903886,4.770918029337298,4.761775934946636,-0.3763036372781787,4.337128242208668,0.048344055459788926,4.343922888664496,0.0415494090039612,4.346410445162154,0.03906185250630312
668,2026-05-14T23:53:05.526Z,2026-05-14 23:53:05.526000+00:00,4566.961983333333,76.11603305555555,69.088,5,42,train,8,9,3.968097686767578,8.363320350646973,3.061056137084961,7.558425426483154,18.982801914215088,True,False,0.06018277248722118,4.325230728689867,181.82263106683664,181.35536034826964,1.476928603096498,4.3327794043451675,4.325230728689867,-0.3571330419222889,3.975741929509321,-0.007644242741742691,3.9699037777722834,-0.0018060910047053014,3.973240545396145,-0.005142858628566671
669,2026-05-14T23:54:14.552Z,2026-05-14 23:54:14.552000+00:00,4568.112416666667,76.13520694444445,69.026,5,43,train,9,0,4.311591148376465,6.163873672485352,5.529486179351807,9.900377274,21.59373712583716,True,False,0.05415162638914371,4.713453392433487,0.0,-0.46727071856698704,1.2983506722638356,,4.713453392433487,-0.4018622440570221,4.297125270674918,0.014465877701546503,,,,
670,2026-05-14T23:55:23.527Z,2026-05-14 23:55:23.527000+00:00,4569.262,76.15436666666666,68.975,5,43,train,9,1,4.194704055786133,4.705288887023926,3.318019390106201,8.147077560424805,16.17038583755493,True,False,0.04961729644382626,4.609180046917855,24.82380030424363,24.356529585676643,1.7338017407665323,4.61114283587399,4.609180046917855,-0.41447599113172195,4.210804405599252,-0.016100349813119585,4.207530038564025,-0.012825982777892264,4.207530038564025,-0.012825982777892264
671,2026-05-14T23:56:32.491Z,2026-05-14 23:56:32.491000+00:00,4570.4114,76.17352333333334,68.964,5,43,train,9,2,4.116411209106445,6.538043975830078,3.557945966720581,2.6964848041534424,12.792474746704102,True,False,0.07892132009212546,4.496519938712688,43.410041785929266,42.94277106736228,2.1916199694857776,4.499352290254378,4.496519938712688,-0.38010872960624287,4.117540705737142,-0.0011294966306962806,4.112099510202018,0.004311698904427175,4.112952461779657,0.003458747326788192
672,2026-05-14T23:57:41.469Z,2026-05-14 23:57:41.469000+00:00,4571.561033333333,76.1926838888889,68.978,5,43,train,9,3,4.518900871276856,1.5414302349090576,3.309746742248535,3.571086883544922,8.422263860702515,True,False,0.05759944187681801,5.092152199914875,58.11669717056519,57.6494264519982,3.328825073366993,5.073227331723269,5.092152199914875,-0.573251328638019,4.610624454030609,-0.09172358275375281,4.601990655446929,-0.08308978417007307,4.59762384923846,-0.07872297796160321
673,2026-05-14T23:58:50.397Z,2026-05-14 23:58:50.397000+00:00,4572.709833333333,76.21183055555555,68.928,5,43,train,9,4,3.965340614318848,8.149163246154785,2.8008463382720947,7.873523235321045,18.823532819747925,True,False,0.058171915385294384,4.298148082831211,67.79219389374023,67.32492317517324,1.4894251457731764,4.336493904751254,4.298148082831211,-0.33280746851236254,3.9533220348804807,0.012018579438367372,3.97307467862431,-0.007734064305461974,3.978670620079039,-0.013330005760190833
674,2026-05-14T23:59:59.616Z,2026-05-14 23:59:59.616000+00:00,4573.8634833333335,76.23105805555556,69.219,5,43,train,9,5,4.385472297668457,7.768542289733887,8.025695801,5.389913082122803,21.184151172856687,True,False,0.0745568607486671,4.774534834369029,89.50796253124243,89.04069181267543,1.3234536935301962,4.7642841458752105,4.774534834369029,-0.389062536700572,4.347690473909474,0.03778182375898265,4.338259842649556,0.04721245501890081,4.335101434529112,0.05037086313934491
675,2026-05-15T00:01:08.694Z,2026-05-15 00:01:08.694000+00:00,4575.014783333333,76.25024638888888,69.078,5,43,train,9,6,4.449981689453125,4.150158405303955,5.382058143615723,7.884538650512695,17.416755199432373,True,False,0.05473015174049378,4.8733158629937385,113.89727577655233,113.43000505798534,1.6097282641334332,4.871423334009343,4.8733158629937385,-0.42333417354061353,4.429464620521762,0.020517068931362736,4.42971971767966,0.020261971773464893,4.4288805950521315,0.021101094400993503
676,2026-05-15T00:02:17.696Z,2026-05-15 00:02:17.696000+00:00,4576.164816666667,76.26941361111112,69.002,5,43,train,9,7,4.363969802856445,5.403474807739258,5.245102882385254,8.705920219421387,19.3544979095459,True,False,0.05501862016721441,4.747645514793283,133.9271248144062,133.4598540958392,1.4485647338953376,4.750577243025244,4.747645514793283,-0.3836757119368377,4.325430621062167,0.0385391817942784,4.326558880158238,0.037410922698207116,4.327471050537711,0.03649875231873434
677,2026-05-15T00:03:26.990Z,2026-05-15 00:03:26.990000+00:00,4577.319716666667,76.28866194444444,69.294,5,43,train,9,8,4.557495117,5.244602680206299,8.370645523071289,6.960899353027344,20.57614755630493,True,False,0.0661700552351726,4.9633479035830135,156.27963445014075,155.81236373157375,1.3625603644851572,4.95883872712592,4.9633479035830135,-0.40585278658301327,4.503996070431256,0.053499046568743935,4.504342281742215,0.05315283525778547,4.50279670454749,0.0546984124525105
678,2026-05-15T00:04:35.973Z,2026-05-15 00:04:35.973000+00:00,4578.469433333334,76.30782388888889,68.983,5,43,train,9,9,4.162725448608398,9.379661560058594,5.567760467529297,7.468218803405762,22.415640830993652,True,False,0.06668300112535883,4.534307362631404,179.93637423141712,179.46910351285013,1.2507446619707645,4.5427818220758756,4.534307362631404,-0.37158191402300567,4.148822363628855,0.0139030849795434,4.149173335589207,0.013552113019191125,4.152329892030443,0.010395556577955212
679,2026-05-15T00:05:45.242Z,2026-05-15 00:05:45.242000+00:00,4579.623916666666,76.32706527777778,69.269,5,44,train,10,0,4.68651294708252,3.5167548656463623,8.60333252,2.787356376647949,14.907443762294312,True,False,0.08130225127061648,5.148708743265284,0.0,-0.46727071856698704,1.8806874982102457,,5.148708743265284,-0.46219579618276363,4.657443799123596,0.029069147958924013,,,,
680,2026-05-15T00:06:54.298Z,2026-05-15 00:06:54.298000+00:00,4580.77485,76.34624749999999,69.056,5,44,train,10,1,3.840182304382324,6.674781799316406,1.7613259553909302,8.761538506,17.197646260707337,True,False,0.04905385089808424,4.184895720130074,17.1574739408166,16.690203222249615,1.6302372248506811,4.211144432815758,4.184895720130074,-0.3447134157477496,3.8595680474939376,-0.01938574311161334,3.8660695086396633,-0.025887204257339036,3.8660695086396633,-0.025887204257339036
681,2026-05-15T00:08:03.337Z,2026-05-15 00:08:03.337000+00:00,4581.9255,76.365425,69.039,5,44,train,10,2,4.249288558959961,9.088737487792969,6.565085887908936,3.984553337097168,19.638376712799072,True,False,0.07971037323823063,4.61927442990428,36.945945610699496,36.47867489213251,1.427625283089052,4.609017323886572,4.61927442990428,-0.3699858709443191,4.2191608639778,0.030127694982160946,4.205715585196124,0.04357297376383684,4.202695386109352,0.046593172850609044
682,2026-05-15T00:09:12.444Z,2026-05-15 00:09:12.444000+00:00,4583.077283333333,76.38462138888889,69.107,5,44,train,10,3,4.855778694152832,1.3817287683486938,6.990905284881592,9.847223281860352,18.219857335090637,True,False,0.0459533458426426,5.464345908771446,59.56510060222292,59.09782988365593,1.5387740199272943,5.446888264694172,5.464345908771446,-0.6085672146186143,4.91873850528068,-0.06295981112784776,4.920968079378548,-0.06518938522571638,4.914610698942507,-0.058832004789675096
683,2026-05-15T00:10:21.629Z,2026-05-15 00:10:21.629000+00:00,4584.230366666667,76.40383944444444,69.185,5,44,train,10,4,5.007401466369629,1.1108940839767456,8.545124053955078,3.445666790008545,13.101684927940369,True,False,0.07370058271924712,5.64617617689278,80.57411443102701,80.10684371246002,2.139895995684474,5.642132009911187,5.64617617689278,-0.6387747105231512,5.069263512065091,-0.061862045695462164,5.087638826552789,-0.08023736018316008,5.0861155163485305,-0.07871404997890163
684,2026-05-15T00:11:30.716Z,2026-05-15 00:11:30.716000+00:00,4585.381816666666,76.42303027777777,69.087,5,44,train,10,5,4.792923927307129,2.7738232612609863,8.611686706542969,6.824950695037842,18.210460662841797,True,False,0.06252181193326942,5.252220262988905,95.66004954130395,95.19277882273695,1.539568033620742,5.264422626423981,5.252220262988905,-0.45929633568177586,4.743134000043642,0.049789927263486966,4.7652054236770045,0.027718503630124403,4.7680496645640975,0.024874262743031395
685,2026-05-15T00:12:39.999Z,2026-05-15 00:12:39.999000+00:00,4586.536533333333,76.44227555555555,69.283,5,44,train,10,6,4.332542419433594,3.094722032546997,3.026963710784912,4.195100307,10.31678605033191,True,False,0.059337139623390406,4.75090514361711,116.68797197636509,116.2207012577981,2.7175365445440485,4.762045087507467,4.75090514361711,-0.41836272418351594,4.328129047764667,0.004413371668927191,4.336348459876685,-0.0038060404430915185,4.340123691024464,-0.007581271590869854
686,2026-05-15T00:13:49.080Z,2026-05-15 00:13:49.080000+00:00,4587.687883333333,76.46146472222222,69.081,5,44,train,10,7,4.250943183898926,7.789391994476318,5.799689769744873,8.192085266113281,21.781167030334473,True,False,0.06238913528047316,4.632564223426183,128.56620359541475,128.09893287684775,1.287178188155545,4.63721956679605,4.632564223426183,-0.381621039527257,4.230162587072181,0.020780596826744713,4.229790563334284,0.021152620564642177,4.230768852345447,0.020174331553478808
687,2026-05-15T00:14:58.089Z,2026-05-15 00:14:58.089000+00:00,4588.838033333333,76.48063388888889,69.009,5,44,train,10,8,4.142876625061035,4.130131721496582,2.529968023300171,2.8892412185668945,9.549340963363647,True,False,0.06974407731746557,4.547899582625205,153.61781285535395,153.15054213678695,2.9359348693884915,4.549478774889215,4.547899582625205,-0.40502295756416995,4.160074445187779,-0.017197820126743757,4.154890221054343,-0.012013595993307646,4.155566334682069,-0.012689709621033884
688,2026-05-15T00:16:07.219Z,2026-05-15 00:16:07.219000+00:00,4589.9902,76.49983666666667,69.13,5,44,train,10,9,4.506219863891602,5.125380039215088,7.440125465393066,7.237451553344727,19.80295705795288,True,False,0.06345267258740957,4.922193180873962,164.6202452019761,164.1529744834091,1.415760435775921,4.906297019634451,4.922193180873962,-0.4159733169823605,4.469926853138694,0.036293010752907584,4.45948980446731,0.046730059424291426,4.456804028358238,0.04941583553336315
689,2026-05-15T00:17:16.406Z,2026-05-15 00:17:16.406000+00:00,4591.143316666667,76.51905527777778,69.187,5,45,train,11,0,4.425170898,7.095794200897217,7.471175670623779,1.2137460708618164,15.780715942382812,True,False,0.09230867550437294,4.782698521385298,0.0,-0.46727071856698704,1.776614141993477,,4.782698521385298,-0.3575276233852982,4.3544486394019755,0.07072225859802472,,,,
690,2026-05-15T00:18:25.447Z,2026-05-15 00:18:25.447000+00:00,4592.294,76.53823333333334,69.041,5,45,train,11,1,4.303320885,4.186565399169922,3.598761558532715,2.8486969470977783,10.634023904800415,True,False,0.07321148633292221,4.694777074395002,18.15860682296753,17.691336104400545,2.636466060732014,4.697039534181325,4.694777074395002,-0.3914561893950026,4.281664407483677,0.021656477516322603,4.280856161614837,0.0224647233851627,4.280856161614837,0.0224647233851627
691,2026-05-15T00:19:34.535Z,2026-05-15 00:19:34.535000+00:00,4593.445466666667,76.55742444444445,69.088,5,45,train,11,2,4.440056800842285,3.9304141998291016,5.039947986602783,8.119422912597656,17.08978509902954,True,False,0.05248961373388642,4.868442764390958,30.403330881881715,29.93606016331473,1.6405263700835702,4.8618155107783485,4.868442764390958,-0.4283859635486724,4.425430511086499,0.014626289755786281,4.421517953905624,0.018538846936660747,4.420271347258034,0.019785453584250767
692,2026-05-15T00:20:43.919Z,2026-05-15 00:20:43.919000+00:00,4594.601866666667,76.57669777777778,69.384,5,45,train,11,3,4.011102676391602,9.840267181396484,4.084085464477539,8.63731575,22.561668395874023,True,False,0.06171685711159751,4.3795038190816555,50.16595837039948,49.69868765183249,1.2426493742433677,4.391064369542003,4.3795038190816555,-0.368401142690054,4.02067095801399,-0.00956828162238832,4.019659014169658,-0.008556337778056644,4.0231382520474614,-0.012035575655859887
693,2026-05-15T00:21:52.869Z,2026-05-15 00:21:52.869000+00:00,4595.751033333333,76.59585055555554,68.95,5,45,train,11,4,4.0579681396484375,6.458565711975098,3.0038137435913086,3.873577833175659,13.335957288742065,True,False,0.0709538824299801,4.42858940090312,76.09307563532471,75.62580491675772,2.102304507055285,4.427704757429083,4.42858940090312,-0.37062126125468264,4.061305598291605,-0.003337458643167146,4.050937254704872,0.007030884943565852,4.050688551047728,0.007279588600709097
694,2026-05-15T00:23:02.133Z,2026-05-15 00:23:02.133000+00:00,4596.905433333333,76.61509055555555,69.264,5,45,train,11,5,4.516144752502441,2.1568822860717773,4.080495834350586,2.3457067012786865,8.58308482170105,True,False,0.07267058697418535,5.0371290149692785,91.48810472944855,91.02083401088156,3.2664529940486853,5.01865858915828,5.0371290149692785,-0.520984262466837,4.5650744728706565,-0.04892972036821508,4.555407790087752,-0.03926303758531091,4.5509882752819175,-0.03484352277947611
695,2026-05-15T00:24:11.154Z,2026-05-15 00:24:11.154000+00:00,4598.055783333333,76.63426305555555,69.021,5,45,train,11,6,4.43895435333252,7.625329494476318,8.237989426,2.796506643295288,18.659825563771605,True,False,0.08501322194177016,4.79389154572545,101.36165635409236,100.89438563552537,1.5024922402518115,4.805402879372838,4.79389154572545,-0.35493719239292965,4.363714588807138,0.07523976452538239,4.373361044110789,0.06559330922173157,4.374942486060305,0.06401186727221564
696,2026-05-15T00:25:20.321Z,2026-05-15 00:25:20.321000+00:00,4599.208566666667,76.65347611111112,69.167,5,45,train,11,7,4.661149978637695,4.062740325927734,8.639938354492188,2.009774923324585,14.712453603744507,True,False,0.08633963458812152,5.087880434531708,122.87239226691554,122.40512154834855,1.9056130180001818,5.081494209537828,5.087880434531708,-0.4267304558940124,4.607088147782336,0.05406183085535954,4.60904771481966,0.05210226381803551,4.606984152943194,0.05416582569450146
697,2026-05-15T00:26:29.342Z,2026-05-15 00:26:29.342000+00:00,4600.358916666666,76.6726486111111,69.021,5,45,train,11,8,4.481960296630859,7.840213298797607,9.857886314,7.586202621459961,25.284302234257567,True,False,0.06999639321198489,4.8598031847251955,139.79686326998302,139.32959255141603,1.1088398981417436,4.866100209925366,4.8598031847251955,-0.3778428880943361,4.418278386188704,0.06368191044215532,4.425175607611543,0.05678468901931666,4.426794276429788,0.05516602020107175
698,2026-05-15T00:27:38.423Z,2026-05-15 00:27:38.423000+00:00,4601.510266666666,76.69183777777776,69.081,5,45,train,11,9,4.408079147338867,7.228440284729004,7.375304698944092,1.8861922025680544,16.48993718624115,True,False,0.08856155617049984,4.769069226572866,168.90794464739548,168.4406739288285,1.70020314797876,4.7705256246116265,4.769069226572866,-0.36099007923399906,4.343165866102983,0.06491328123588413,4.343587910513213,0.0644912368256545,4.344325675091623,0.06375347224724415
699,2026-05-15T00:28:47.722Z,2026-05-15 00:28:47.722000+00:00,4602.66525,76.7110875,69.299,5,46,train,12,0,3.953210830688477,3.711829185,1.4164084196090698,5.901358127593994,11.029595732203063,True,False,0.0464952454207925,4.343715686083673,0.0,-0.46727071856698704,2.5419103106528125,,4.343715686083673,-0.39050485539519597,3.991044378138256,-0.03783354744977885,,,,
700,2026-05-15T00:29:56.735Z,2026-05-15 00:29:56.735000+00:00,4603.815466666667,76.73025777777778,69.013,5,46,train,12,1,4.676589012145996,3.44446325302124,8.473745346069336,4.971662521362305,16.88987112045288,True,False,0.07056423648288326,5.151165306918412,12.6864248377755,12.219154119208513,1.6599441709219782,5.121425047597233,5.151165306918412,-0.47457629477241614,4.659477422372212,0.017111589773784353,4.64313486371786,0.03345414842813632,4.64313486371786,0.03345414842813632
701,2026-05-15T00:31:05.885Z,2026-05-15 00:31:05.885000+00:00,4604.967966666666,76.7494661111111,69.15,5,46,train,12,2,4.425722122192383,3.780649185180664,4.987875938415527,5.748745441436768,14.517270565032959,True,False,0.0604006454540877,4.880735065104321,32.152001304097446,31.68473058553046,1.931233766597197,4.887226736883646,4.880735065104321,-0.45501294291193783,4.435606477208049,-0.009884355015666202,4.443210367339283,-0.017488245146900283,4.444974687610111,-0.019252565417728462
702,2026-05-15T00:32:14.948Z,2026-05-15 00:32:14.948000+00:00,4606.1190166666665,76.76865027777778,69.063,5,46,train,12,3,3.7960739135742183,5.733279228210449,1.409136414527893,1.500279188156128,8.64269483089447,True,False,0.08264107182411233,4.152879842413175,48.86210558797863,48.394834869411646,3.2439237601910826,4.173233122508961,4.152879842413175,-0.3568059288389569,3.8330642631661864,-0.03699034959196812,3.8337063391657056,-0.03763242559148727,3.8391329401978185,-0.04305902662360017
703,2026-05-15T00:33:23.965Z,2026-05-15 00:33:23.965000+00:00,4607.2693,76.78782166666666,69.017,5,46,train,12,4,3.945490837097168,4.477007389068604,1.8530523777008057,5.797338962554932,12.12739872932434,True,False,0.05219635230977583,4.378579284022423,58.80365340704269,58.3363826884757,2.311810120188999,4.367971002275924,4.378579284022423,-0.4330884469252547,4.019905597837703,-0.07441476074053543,3.9999452519042986,-0.05445441480713065,3.9985131239086416,-0.053022286811473585
704,2026-05-15T00:34:33.068Z,2026-05-15 00:34:33.068000+00:00,4608.421016666666,76.80701694444444,69.103,5,46,train,12,5,4.506219863891602,4.072435379,6.240315437316895,3.4397571086883545,13.75250792500525,True,False,0.07498814668970975,4.945627034269285,72.77098064691768,72.30370992835068,2.0386276646343773,4.926656704071593,4.945627034269285,-0.4394071703776836,4.489326158753545,0.01689370513805688,4.476869945447492,0.029349918444109946,4.472634884668645,0.033584979222956335
705,2026-05-15T00:35:42.265Z,2026-05-15 00:35:42.265000+00:00,4609.574299999999,76.82623833333332,69.197,5,46,train,12,6,4.656740188598633,4.817472935,9.854090690612791,7.227663516998291,21.899227142611082,True,False,0.06699580551436518,5.071046840728084,88.63151882836081,88.16424810979382,1.2802389295039027,5.067351820898612,5.071046840728084,-0.4143066521294516,4.59315275161493,0.06358743698370262,4.596974997823237,0.05976519077539599,4.59588122681215,0.06085896178648298
706,2026-05-15T00:36:51.251Z,2026-05-15 00:36:51.251000+00:00,4610.724066666667,76.84540111111112,68.986,5,46,train,12,7,4.271342277526856,7.934273242950439,5.7644147872924805,7.414055347442627,21.112743377685547,True,False,0.06488350559274698,4.621903887140725,113.81052022269695,113.34324950412996,1.3279298958207038,4.630239060858507,4.621903887140725,-0.3505616096138686,4.22133761415501,0.050004663371846725,4.223831621402642,0.047510656124214456,4.227151974931921,0.04419030259493528
707,2026-05-15T00:38:00.594Z,2026-05-15 00:38:00.594000+00:00,4611.879783333334,76.86466305555557,69.343,5,46,train,12,8,4.43895435333252,7.901021003723144,9.126389503479004,9.369085311889648,26.396495819091797,True,False,0.06450632926392727,4.823022658468782,138.21086962334442,137.74359890477743,1.0621198853880236,4.819171200800996,4.823022658468782,-0.3840683051362612,4.3878302709134935,0.051124082419026884,4.385114436862068,0.05383991647045239,4.38373871158224,0.05521564175028004
708,2026-05-15T00:39:09.675Z,2026-05-15 00:39:09.675000+00:00,4613.031133333334,76.88385222222223,69.081,5,46,train,12,9,4.499052047729492,5.040310382843018,6.680240154266357,4.038823605,15.759374142109376,True,False,0.07437192893207491,4.882646936962936,168.60247508465577,168.13520436608877,1.7790200842497796,4.881730214103675,4.882646936962936,-0.38359488923344376,4.437189186882639,0.061862860846852996,4.438518234653651,0.060533813075840825,4.438032521916421,0.06101952581307124
709,2026-05-15T00:40:18.755Z,2026-05-15 00:40:18.755000+00:00,4614.182466666666,76.90304111111111,69.08,5,47,train,13,0,4.865151405334473,1.975316882133484,9.042840003967283,2.9779391288757324,13.9960960149765,True,False,0.07872307302201133,5.420810269136909,0.0,-0.46727071856698704,2.0031473836717812,,5.420810269136909,-0.555658863802436,4.882698287559725,-0.017546882225252247,,,,
710,2026-05-15T00:41:27.792Z,2026-05-15 00:41:27.792000+00:00,4615.333083333333,76.92221805555555,69.037,5,47,train,13,1,4.413041114807129,8.425569534301758,8.869358063,8.593496322631836,25.888423919933594,True,False,0.06680564120392432,4.782722046749614,16.104141343098878,15.636870624531891,1.0829644632183208,4.8012365354039135,4.782722046749614,-0.36968093194248475,4.354468114463304,0.05857300034382451,4.369804424862814,0.04323668994431529,4.369804424862814,0.04323668994431529
711,2026-05-15T00:42:37.221Z,2026-05-15 00:42:37.221000+00:00,4616.490233333333,76.94150388888889,69.429,5,47,train,13,2,3.987945556640625,7.478182792663574,2.815561532974243,4.534917831420898,14.828662157058716,True,False,0.06941788960198143,4.33721622722829,46.06093108205003,45.593660363483046,1.890679200663659,4.344165297079484,4.33721622722829,-0.34927067058766514,3.985663914817107,0.002281641823517866,3.9796233989932603,0.008322157647364659,3.9830016281554155,0.0049439284852095255
712,2026-05-15T00:43:46.576Z,2026-05-15 00:43:46.576000+00:00,4617.64615,76.96076916666667,69.355,5,47,train,13,3,4.393743515014648,9.093373299,9.670580863952637,4.453043460845947,23.216997623798584,True,False,0.08081989957098779,4.7870788157589645,63.201628813763485,62.7343580951965,1.2075740183252923,4.774815160084656,4.7870788157589645,-0.3933353007443161,4.358074789476581,0.035668725538067214,4.347249692771719,0.04649382224292964,4.34407998967426,0.04966352534038876
713,2026-05-15T00:44:55.866Z,2026-05-15 00:44:55.866000+00:00,4618.8009833333335,76.9800163888889,69.29,5,47,train,13,4,4.301115989685059,9.923107147216797,7.318453311920166,3.4484870433807373,20.6900475025177,True,False,0.08333262868071664,4.628273663128149,90.01339156964688,89.54612085107989,1.355059388365715,4.631041291592475,4.628273663128149,-0.3271576734430903,4.226610721782406,0.07450526790265233,4.224516449465574,0.07659954021948501,4.225561533224592,0.07555445646046621
714,2026-05-15T00:46:05.162Z,2026-05-15 00:46:05.162000+00:00,4619.955916666667,76.99926527777778,69.296,5,47,train,13,5,4.40587329864502,6.183122634887695,6.609888076782227,2.399478912353516,15.192489624023438,True,False,0.08420615072489969,4.789321713528858,113.90901709855467,113.44174637998768,1.8454014982301739,4.78617247442886,4.789321713528858,-0.38344841488383796,4.359931533161328,0.04594176548369244,4.356944917914719,0.04892838073030159,4.355796990223064,0.050076308421956206
715,2026-05-15T00:47:14.461Z,2026-05-15 00:47:14.461000+00:00,4621.1109,77.018515,69.299,5,47,train,13,6,4.412489891052246,9.139994621276855,9.108685493469238,2.3578906059265137,20.606570720672607,True,False,0.0885575788524528,4.758851552335023,131.45608940614136,130.98881868757437,1.3605487052677392,4.759662959153569,4.758851552335023,-0.3463616612827769,4.33470734321863,0.07778254783361582,4.334314944732997,0.07817494631924937,4.334502599929539,0.07798729112270752
716,2026-05-15T00:48:23.621Z,2026-05-15 00:48:23.621000+00:00,4622.2635666666665,77.03772611111111,69.16,5,47,train,13,7,4.572933197021484,3.940943479537964,6.500703335,4.372736930847168,14.814383745385133,True,False,0.07048316685998274,4.977636208710095,155.20859659016998,154.74132587160298,1.8925014766647221,4.973332171969731,4.977636208710095,-0.40470301168861056,4.515824393891443,0.057108803130041075,4.516714679529205,0.056218517492279574,4.515107769723786,0.057825427297698795
717,2026-05-15T00:49:32.812Z,2026-05-15 00:49:32.812000+00:00,4623.41675,77.05694583333334,69.191,5,47,train,13,8,4.034259796142578,8.707241058,3.57396936416626,3.877334356307984,16.158544778474244,True,False,0.07600443350893075,4.3744389785198905,172.29229701895235,171.82502630038536,1.735072278994329,4.3909375353965805,4.3744389785198905,-0.3401791823773124,4.016478118352042,0.017781677790535966,4.019550741601124,0.014709054541453881,4.023911751140341,0.010348045002237072
718,2026-05-15T00:50:42.103Z,2026-05-15 00:50:42.103000+00:00,4624.571599999999,77.07619333333332,69.291,5,47,train,13,9,4.757637023925781,2.243337392807007,7.889118671417236,1.087640404701233,11.220096468925476,True,False,0.09030631859794166,5.30627166574774,190.95299245637332,190.48572173780633,2.4987524119482183,5.2829382304636505,5.30627166574774,-0.548634641821959,4.787879508319258,-0.030242484393476765,4.781011356698029,-0.02337433277224754,4.774394135609568,-0.016757111683786796
719,2026-05-15T00:51:51.001Z,2026-05-15 00:51:51.001000+00:00,4625.7199,77.09533166666667,68.898,5,48,train,14,0,4.517247200012207,2.5839643478393555,4.507430553436279,8.784240723,15.875635624275635,True,False,0.04466841560933846,5.002060341303488,0.0,-0.46727071856698704,1.7659918492427886,,5.002060341303488,-0.48481314129128084,4.536043484817881,-0.01879628480567419,,,,
720,2026-05-15T00:53:00.144Z,2026-05-15 00:53:00.144000+00:00,4626.872283333333,77.11453805555556,69.143,5,48,train,14,1,4.700848579406738,4.326951026916504,9.656910896,7.605649948120117,21.58951187103662,True,False,0.06477155206865298,5.108900442671295,18.29481789948817,17.827547180921183,1.2986047707558968,5.1061716234388665,5.108900442671295,-0.4080518632645571,4.624489193826598,0.07635938558014033,4.630113705992091,0.07073487341464713,4.630113705992091,0.07073487341464713
721,2026-05-15T00:54:09.321Z,2026-05-15 00:54:09.321000+00:00,4628.025233333334,77.13375388888889,69.177,5,48,train,14,2,4.550328254699707,3.693356275558472,6.240413188934326,2.073237657546997,12.007007122039795,True,False,0.08273310212549631,4.988023176973369,43.186445611199844,42.71917489263286,2.334990129435046,4.990292309689608,4.988023176973369,-0.43769492227366236,4.5244230638733605,0.02590519082634657,4.531192781364467,0.019135473335239794,4.532064141068195,0.01826411363151159
722,2026-05-15T00:55:18.350Z,2026-05-15 00:55:18.350000+00:00,4629.175716666667,77.15292861111111,69.029,5,48,train,14,3,3.8991775512695312,1.8943029642105105,1.783003568649292,6.313404560089111,9.990711092948914,True,False,0.03680725524587648,4.734573155600494,57.00030718832126,56.53303646975427,2.806230993287975,4.743146411742272,4.734573155600494,-0.8353956043309632,4.314608897173658,-0.41543134590412656,4.320215515864124,-0.42103796459459275,4.322100604159533,-0.42292305289000165
723,2026-05-15T00:56:27.724Z,2026-05-15 00:56:27.724000+00:00,4630.331950000001,77.17219916666667,69.374,5,48,train,14,4,4.2476348876953125,4.864665985107422,4.173658371,5.718749046325684,14.757073402433106,True,False,0.061247403937268546,4.694040941141077,68.5519003776919,68.0846296591249,1.8998511662479556,4.69568050000236,4.694040941141077,-0.4464060534457648,4.2810550124462825,-0.033420124750970004,4.2796960156557855,-0.032061127960473,4.280064543017367,-0.032429655322054884
724,2026-05-15T00:57:37.029Z,2026-05-15 00:57:37.029000+00:00,4631.487033333334,77.19145055555556,69.305,5,48,train,14,5,4.767010688781738,2.1905856132507324,7.364757061004639,1.1226078271865845,10.677950501441956,True,False,0.08948667324281952,5.286740083238968,85.597549913619,85.13027919505201,2.6256202545828615,5.270492479799838,5.286740083238968,-0.5197293944572294,4.7717106293970675,-0.00469994061532919,4.770386982739334,-0.003376293957595422,4.766105556301844,0.0009051324798940996
725,2026-05-15T00:58:46.328Z,2026-05-15 00:58:46.328000+00:00,4632.642016666667,77.21070027777778,69.299,5,48,train,14,6,4.470932960510254,6.961555004119873,8.410897254943848,4.193567276000977,19.566019535064697,True,False,0.0785670904167013,4.842456702110971,97.93040477694278,97.46313405837579,1.4329047900506717,4.8592898374269815,4.842456702110971,-0.37152374160071666,4.403918403991188,0.06701455651906585,4.419361900895462,0.05157105961479225,4.42239086053689,0.04854209997336412
726,2026-05-15T00:59:55.564Z,2026-05-15 00:59:55.564000+00:00,4633.79595,77.22993249999999,69.236,5,48,train,14,7,4.713529586791992,3.230489015579224,8.379723549,3.112520217895508,14.722732782474731,True,False,0.07885908639460937,5.174145039766348,120.5082869191051,120.04101620053811,1.9042825491876267,5.167280434534527,5.174145039766348,-0.4606154529743556,4.678500792235646,0.035028794556346554,4.682279531805987,0.03125005498600508,4.679999484287021,0.03353010250497146
727,2026-05-15T01:01:04.785Z,2026-05-15 01:01:04.785000+00:00,4634.949633333334,77.24916055555556,69.221,5,48,train,14,8,3.699035645,7.117587089538574,1.3675847053527832,6.172279357910156,14.657451152801514,True,False,0.057889817993830174,4.048564304432416,137.4936583513665,137.0263876327995,1.9127638783678012,4.079529239235413,4.048564304432416,-0.34952865943241607,3.74670846979632,-0.04767282479632007,3.7537155757178366,-0.05467993071783672,3.7618503645717243,-0.06281471957172435
728,2026-05-15T01:02:13.913Z,2026-05-15 01:02:13.913000+00:00,4636.101766666668,77.2683627777778,69.128,5,48,train,14,9,4.719042778015137,3.4632859230041504,9.638237953186035,7.593172073364258,20.694695949554443,True,False,0.06330860771342843,5.204729431852629,154.3809964062142,153.9137256876472,1.3547550146356628,5.172738474597133,5.204729431852629,-0.485686653837492,4.703819546224461,0.015223231790675307,4.686938813537806,0.032103964477331104,4.678762675007898,0.04028010300723839
729,2026-05-15T01:03:23.439Z,2026-05-15 01:03:23.439000+00:00,4637.260533333333,77.28767555555555,69.526,5,49,train,15,0,4.064584732055664,7.889843940734863,3.575603485107422,9.000218391418457,20.465665817260742,True,False,0.05602284102661506,4.417660878989442,0.0,-0.46727071856698704,1.3699160029464301,,4.417660878989442,-0.35307614693377776,4.05225861259337,0.012326119462294116,,,,
730,2026-05-15T01:04:32.618Z,2026-05-15 01:04:32.618000+00:00,4638.4135166666665,77.30689194444444,69.179,5,49,train,15,1,4.723454475402832,3.227600098,8.769061088562012,2.7885570526123047,14.785218239174316,True,False,0.0811395610974219,5.194247366018998,23.596571592871346,23.12930087430436,1.8962346487206747,5.178869024958073,5.194247366018998,-0.470792890616166,4.695142151382427,0.028312324020404844,4.6921721868687225,0.031282288534109526,4.6921721868687225,0.031282288534109526
731,2026-05-15T01:05:41.752Z,2026-05-15 01:05:41.752000+00:00,4639.56575,77.32609583333333,69.134,5,49,train,15,2,4.547571182250977,4.153491973876953,6.712915420532227,2.1483588218688965,13.014766216278076,True,False,0.08349291269495214,4.968734521300777,40.632592888655964,40.16532217008898,2.1541872245813525,4.974919976646718,4.968734521300777,-0.42116333904980063,4.508455287683086,0.03911589456789066,4.518070116506641,0.029501065744335975,4.5196082381111164,0.027962944139860113
732,2026-05-15T01:06:50.871Z,2026-05-15 01:06:50.871000+00:00,4640.717733333334,77.34529555555557,69.119,5,49,train,15,3,4.257007598876953,2.058003187179565,2.038094282150269,6.040048599243164,10.136146068572998,True,False,0.04041079757157147,4.756531254153784,55.625386657038035,55.15811593847105,2.765966761365571,4.763144856305182,4.756531254153784,-0.49952365527683096,4.332786524957284,-0.07577892608033121,4.337287282715954,-0.08027968383900053,4.338899668425528,-0.08189206954857475
733,2026-05-15T01:08:00.281Z,2026-05-15 01:08:00.281000+00:00,4641.874566666666,77.3645761111111,69.41,5,49,train,15,4,4.148941993713379,1.5332051515579224,1.338006854057312,6.814852237701416,9.68606424331665,True,False,0.02964271073874366,4.702027196647479,67.3512183006989,66.88394758213191,2.8944927898206054,4.704199166268888,4.702027196647479,-0.5530852029341,4.287666294367073,-0.1387243006536938,4.28696801543223,-0.1380260217188507,4.287418230010278,-0.1384762362968992
734,2026-05-15T01:09:09.457Z,2026-05-15 01:09:09.457000+00:00,4643.0275,77.38379166666667,69.176,5,49,train,15,5,3.7514142990112314,7.951995849609375,1.652266263961792,1.151108980178833,10.75537109375,True,False,0.08929735691920712,4.080434984193641,78.51860463562679,78.0513339170598,2.606720202365795,4.106443920488834,4.080434984193641,-0.32902068518240934,3.773092054536353,-0.021677755525121523,3.7766914207544,-0.02527712174316843,3.7811905417014486,-0.02977624269021728
735,2026-05-15T01:10:18.751Z,2026-05-15 01:10:18.751000+00:00,4644.182400000001,77.40304,69.294,5,49,train,15,6,4.359007835388184,6.619947910308838,6.932364463806152,3.645730495452881,17.19804286956787,True,False,0.07880148035969814,4.7803925249699395,90.93998271179866,90.47271199323167,1.6301996294956136,4.754061335222777,4.7803925249699395,-0.4213846895817559,4.352539660607339,0.0064681747808448264,4.329533091952534,0.029474743435649486,4.324741437963392,0.03426639742479143
736,2026-05-15T01:11:27.774Z,2026-05-15 01:11:27.774000+00:00,4645.332783333333,77.42221305555556,69.023,5,49,train,15,7,4.746059417724609,2.933581113815308,8.892245292663574,7.400453567504883,19.226279973983765,True,False,0.06150865597755322,5.241830200296215,110.72432459490172,110.25705387633472,1.4582250519578799,5.23093186890882,5.241830200296215,-0.495770782571606,4.734532768392463,0.0115266493321462,4.736615880015675,0.009443537708934358,4.732949401565042,0.013110016159567195
737,2026-05-15T01:12:37.050Z,2026-05-15 01:12:37.050000+00:00,4646.487383333334,77.4414563888889,69.276,5,49,train,15,8,4.494090080261231,4.055516242980957,6.043869972229004,5.259434223175049,15.35882043838501,True,False,0.06575626204971714,4.9335892140886655,132.92298745286337,132.45571673429637,1.8254164261176329,4.940077532238213,4.9335892140886655,-0.4394991338274341,4.479360859889506,0.014729220371725305,4.488326698931406,0.005763381329825457,4.490466951372079,0.0036231288891519497
738,2026-05-15T01:13:46.234Z,2026-05-15 01:13:46.234000+00:00,4647.640450000001,77.46067416666668,69.184,5,49,train,15,9,3.8688535690307617,4.657606125,1.4004971981048584,4.148589134216309,10.206692457321168,True,False,0.05935422614560544,4.240482370911627,150.63273133968386,150.16546062111686,2.746849014139647,4.258769960767517,4.240482370911627,-0.3716288018808651,3.9055844839897174,-0.03673091495895564,3.9067252659826934,-0.03787169695193171,3.911864780043405,-0.04301121101264327
739,2026-05-15T01:14:55.539Z,2026-05-15 01:14:55.539000+00:00,4648.795533333334,77.47992555555557,69.305,5,50,train,16,0,4.860740661621094,2.039508343,9.044146537780762,8.553600311279297,19.63725519206006,True,False,0.05644197609278012,5.407042732727435,0.0,-0.46727071856698704,1.4277068174657692,,5.407042732727435,-0.5463020711063411,4.871301073372822,-0.010560411751728616,,,,
740,2026-05-15T01:16:04.815Z,2026-05-15 01:16:04.815000+00:00,4649.950133333333,77.49916888888887,69.276,5,50,train,16,1,4.822146415710449,2.79013466835022,9.908740043640137,8.287394523620605,20.986269235610962,True,False,0.06051039643788627,5.310597925611784,22.673174844752545,22.20590412618556,1.3359326900488522,5.312585553486202,5.310597925611784,-0.4884515099013349,4.791460926870276,0.03068548884017286,4.806319934314139,0.015826481396310044,4.806319934314139,0.015826481396310044
741,2026-05-15T01:17:14.006Z,2026-05-15 01:17:14.006000+00:00,4651.103316666667,77.5183886111111,69.191,5,50,train,16,2,4.977627754211426,1.705196976661682,9.764240264892578,2.522738456726074,13.992175698280334,True,False,0.08197036321494931,5.517990789078807,46.87419075610518,46.40692003753819,2.003708623917932,5.513986469066255,5.517990789078807,-0.5403630348673811,4.963147481055967,0.014480273155458967,4.97824677911008,-0.0006190248986541746,4.976733785513676,0.0008939686977500472
742,2026-05-15T01:18:22.720Z,2026-05-15 01:18:22.720000+00:00,4652.24855,77.53747583333333,68.714,5,50,train,16,3,4.121373176574707,6.0290398597717285,3.0965070724487305,4.719962120056152,13.845509052276611,True,False,0.0659097971606898,4.471615787360733,62.89849677163242,62.43122605306544,2.024934078491627,4.502128210080915,4.471615787360733,-0.3502426107860259,4.096924239678192,0.024448936896514617,4.1144691873001005,0.006903989274606559,4.122308979171308,-0.0009358025966008654
743,2026-05-15T01:19:31.754Z,2026-05-15 01:19:31.754000+00:00,4653.3991166666665,77.55665194444444,69.034,5,50,train,16,4,4.215104103088379,1.0728204250335691,1.3194022178649902,9.344726563,11.73694920589856,True,False,0.02038198002677149,4.8510641648661865,78.82867797021349,78.3614072516465,2.3887164051054457,4.83993402680901,4.8510641648661865,-0.6359600617778076,4.411043941466395,-0.19593983837801598,4.4028387215522535,-0.18773461846387463,4.400343343096543,-0.18523924000816372
744,2026-05-15T01:20:40.770Z,2026-05-15 01:20:40.770000+00:00,4654.549383333333,77.57582305555555,69.016,5,50,train,16,5,3.826950073242188,6.437691688537598,1.6673561334609983,3.693315744400024,11.79836356639862,True,False,0.06869637281801966,4.175874341490059,92.32929941011841,91.86202869155142,2.3762823510427826,4.1992433719708,4.175874341490059,-0.3489242682478708,3.8520998569939553,-0.02514978375176735,3.855910111722796,-0.02896003848060813,3.8607589407761065,-0.03380886753391854
745,2026-05-15T01:21:49.958Z,2026-05-15 01:21:49.958000+00:00,4655.702516666667,77.59504194444445,69.188,5,50,train,16,6,4.4885759353637695,7.120830059051514,9.731969833374023,1.0208641290664673,17.873664021492004,True,False,0.09428844512328899,4.895910018421253,105.93438571731821,105.46711499875121,1.568578388869083,4.871180179847905,4.895910018421253,-0.4073340830574832,4.448168796862443,0.040407138501326934,4.429512147978922,0.05906378738484719,4.424505968926413,0.06406996643735674
746,2026-05-15T01:22:59.400Z,2026-05-15 01:22:59.400000+00:00,4656.8598833333335,77.61433138888889,69.442,5,50,train,16,7,4.657842636108398,1.355652093887329,4.21019458770752,6.206289291381836,11.772135972976685,True,False,0.04727983684839718,5.252432711558478,126.62076866699233,126.15349794842534,2.3815765616687843,5.244379461485086,5.252432711558478,-0.5945900754500792,4.74330987187569,-0.08546723576729143,4.748095481064558,-0.0902528449561597,4.7452962986745435,-0.08745366256614506
747,2026-05-15T01:24:08.696Z,2026-05-15 01:24:08.696000+00:00,4658.014816666667,77.63358027777778,69.296,5,50,train,16,8,4.175957679748535,4.841530799865723,3.1150059700012207,1.7374950647354126,9.694031834602356,True,False,0.08207665196091567,4.569075182047427,140.21680090671555,139.74953018814855,2.892113786334523,4.592560928346252,4.569075182047427,-0.39311750229889153,4.177604294753676,-0.0016466150051410722,4.1916675052566035,-0.01570982550806832,4.196504690905006,-0.02054701115647095
748,2026-05-15T01:25:17.755Z,2026-05-15 01:25:17.755000+00:00,4659.1658,77.65276333333333,69.059,5,50,train,16,9,4.431235313415527,7.044685363769531,8.170198440551758,4.353118896484375,19.568002700805664,True,False,0.0777538926018998,4.824707345334441,151.3744699811456,150.90719926257862,1.4327595689091406,4.81400175585772,4.824707345334441,-0.3934720319189138,4.389224909465716,0.0420104039498117,4.380701515719759,0.05053379769576871,4.379065840949198,0.0521694724663293
749,2026-05-15T01:26:27.126Z,2026-05-15 01:26:27.126000+00:00,4660.321983333333,77.67203305555556,69.371,5,51,train,17,0,4.107038497924805,9.732174873,4.929239273071289,8.326600074768066,22.988014220839354,True,False,0.06377851520893987,4.465613954796516,0.0,-0.46727071856698704,1.2196026522640433,,4.465613954796516,-0.3585754568717112,4.091955727577419,0.015082770347385477,,,,
750,2026-05-15T01:27:36.520Z,2026-05-15 01:27:36.520000+00:00,4661.47855,77.69130916666667,69.394,5,51,train,17,1,4.467073440551758,6.604974269866943,8.684326172,6.922669887542725,22.211970329409667,True,False,0.06883360735280296,4.879204564301482,26.587170980682103,26.119900262115117,1.2622132435004179,4.871935690849832,4.879204564301482,-0.4121311237497238,4.434339478890821,0.032733961660937005,4.430157093521478,0.036916347030279795,4.430157093521478,0.036916347030279795
751,2026-05-15T01:28:45.699Z,2026-05-15 01:28:45.699000+00:00,4662.631533333333,77.71052555555555,69.179,5,51,train,17,2,3.893113136291504,8.231775283813477,2.360337257385254,5.895820140838623,16.487932682037354,True,False,0.06424160472669944,4.219830099564136,52.19720257098596,51.72993185241897,1.7004098485047239,4.23186079069609,4.219830099564136,-0.32671696327263167,3.8884878624161288,0.0046252738753751466,3.883754125592724,0.00935901069877998,3.888566539122417,0.004546597169087008
752,2026-05-15T01:29:55.079Z,2026-05-15 01:29:55.079000+00:00,4663.787866666667,77.72979777777778,69.38,5,51,train,17,3,4.559149742126465,4.960491180419922,8.309014320373535,2.227839946746826,15.497345447540283,True,False,0.08562437706323164,4.984249518567492,71.26274872898182,70.79547801041483,1.8090997073611141,4.965514633752537,4.984249518567492,-0.42509977644102737,4.521299106773062,0.037850635353402495,4.510041201030447,0.04910854109601814,4.504642341037226,0.05450740108923924
753,2026-05-15T01:31:04.038Z,2026-05-15 01:31:04.038000+00:00,4664.937183333333,77.74895305555556,68.959,5,51,train,17,4,4.495744705200195,5.664956092834473,7.566265583,4.502905368804932,17.734127044639404,True,False,0.0746088129544214,4.885994135045409,89.07410614093067,88.60683542236367,1.580920393964015,4.888571808526412,4.885994135045409,-0.3902494298452135,4.439960106264096,0.055784598936098995,4.444358594113224,0.05138611108697155,4.444897590464204,0.05084711473599146
754,2026-05-15T01:32:13.100Z,2026-05-15 01:32:13.100000+00:00,4666.088216666667,77.76813694444445,69.062,5,51,train,17,5,5.016223907470703,1.1172382831573486,8.854835510253906,7.596809864044189,17.568883657455444,True,False,0.05675986014728691,5.6592030164131,109.48667750687878,109.01940678831178,1.5957896734162673,5.6415032438992965,5.6592030164131,-0.6429791089423968,5.0800475532890035,-0.06382364581830036,5.087102077470851,-0.07087817000014773,5.081400447510742,-0.06517654004003859
755,2026-05-15T01:33:22.439Z,2026-05-15 01:33:22.439000+00:00,4667.243866666667,77.78739777777778,69.339,5,51,train,17,6,4.484165191650391,5.387366295,7.028181076049805,2.6624906063079834,15.078037977357788,True,False,0.08234192929938125,4.875752289517386,129.79015790561715,129.32288718705016,1.8594092385309255,4.893782872300678,4.875752289517386,-0.39158709786699575,4.431481573599988,0.05268361805040289,4.448807043367587,0.03535814828280337,4.454317927933863,0.029847263716527905
756,2026-05-15T01:34:31.834Z,2026-05-15 01:34:31.834000+00:00,4668.40045,77.80667416666667,69.395,5,51,train,17,7,4.177612305,9.154090881347656,5.143506050109863,7.11618185,21.41377878145752,True,False,0.06676821068048953,4.5105154474164415,147.2291653295962,146.76189461102922,1.3092618262357405,4.520301811829647,4.5105154474164415,-0.33290314241644126,4.12912664280004,0.04848566219996009,4.1299831684468025,0.04762913655319778,4.132797832184119,0.044814472815881246
757,2026-05-15T01:35:40.930Z,2026-05-15 01:35:40.930000+00:00,4669.55205,77.8258675,69.096,5,51,train,17,8,4.625312805175781,4.829179763793945,9.014965057373049,4.960478782653809,18.8046236038208,True,False,0.07362096212526202,5.031332294977897,171.8892729743227,171.4220022557557,1.4909228551813556,5.021463625055287,5.031332294977897,-0.4060194898021159,4.560275759625358,0.06503704555042322,4.557802322257196,0.06751048291858552,4.5540378062496485,0.07127499892613276
758,2026-05-15T01:36:49.895Z,2026-05-15 01:36:49.895000+00:00,4670.701466666666,77.84502444444443,68.965,5,51,train,17,9,4.278510093688965,2.045252561569214,2.0637545585632324,5.834568023681641,9.943575143814087,True,False,0.04132323697165065,4.764633889930063,193.50362075494772,193.03635003638072,2.8195334885622714,4.770399521011426,4.764633889930063,-0.486123796241098,4.3394941502487026,-0.06098405655973771,4.343480261578065,-0.0649701678891006,4.345362081874705,-0.06685198818574012
759,2026-05-15T01:37:59.180Z,2026-05-15 01:37:59.180000+00:00,4671.856216666667,77.86427027777778,69.285,5,52,train,18,0,4.865151405334473,2.222325325012207,9.451854705810549,2.481970787,14.156150817822756,True,False,0.08246719168974118,5.388848898721972,0.0,-0.46727071856698704,1.9804990406517335,,5.388848898721972,-0.5236974933874992,4.856239626148429,0.008911779186044022,,,,
760,2026-05-15T01:39:08.443Z,2026-05-15 01:39:08.443000+00:00,4673.0106,77.88350999999999,69.263,5,52,train,18,1,4.580652236938477,4.057123184204102,6.602071285247803,6.656601428985596,17.3157958984375,True,False,0.06155763519027008,4.971781368396538,16.341624568247628,15.874353849680642,1.6191137432238438,4.983706954116136,4.971781368396538,-0.3911291314580616,4.510977566754106,0.06967467018437024,4.525571161411323,0.0550810755271538,4.525571161411323,0.0550810755271538
761,2026-05-15T01:40:17.797Z,2026-05-15 01:40:17.797000+00:00,4674.1665,77.902775,69.354,5,52,train,18,2,4.913671493530273,1.4525798559188845,7.722254276275635,8.20134449,17.37617862219452,True,False,0.05280121902335617,5.485805601889944,36.35695304725154,35.88968232868455,1.6134872760923766,5.473805375503589,5.485805601889944,-0.5721341083596707,4.936503536843509,-0.02283204331323585,4.943945998417085,-0.030274504886811826,4.9403050326533675,-0.026633539123094074
762,2026-05-15T01:41:27.298Z,2026-05-15 01:41:27.298000+00:00,4675.32485,77.92208083333334,69.501,5,52,train,18,3,4.331991195678711,8.845995903015137,7.496705055236816,4.0699872970581055,20.41268825531006,True,False,0.0800614831023084,4.6885711833472135,56.48464955427056,56.017378835703575,1.3734713803178769,4.70707922769739,4.6885711833472135,-0.3565799876685025,4.276526969136787,0.05546422654192362,4.289426593501721,0.04256460217698965,4.29503428211916,0.036956913559550664
763,2026-05-15T01:42:36.720Z,2026-05-15 01:42:36.720000+00:00,4676.481883333333,77.94136472222222,69.422,5,52,train,18,4,4.459354400634766,4.384469509124756,5.961052417755127,2.483749866485596,12.829271793365479,True,False,0.08063997780630043,4.893687589808349,80.10281028860614,79.63553957003914,2.185333943000402,4.889629488429708,4.893687589808349,-0.4343331891735831,4.446328998211252,0.01302540242351391,4.445261487568569,0.014092913066196644,4.443960181356859,0.015394219277906629
764,2026-05-15T01:43:45.779Z,2026-05-15 01:43:45.779000+00:00,4677.632866666667,77.96054777777778,69.059,5,52,train,18,5,4.266380310058594,4.184394836425781,3.332782745361328,2.444040298461914,9.961217880249023,True,False,0.07546444292411347,4.661682496182333,94.86908830157324,94.40181758300625,2.8145396929434834,4.669024169332102,4.661682496182333,-0.3953021861237396,4.254267639819752,0.012112670238841439,4.256940712817288,0.00943959724130572,4.2586014527708755,0.0077788572877182105
765,2026-05-15T01:44:55.340Z,2026-05-15 01:44:55.340000+00:00,4678.792216666667,77.97987027777778,69.561,5,52,train,18,6,4.2217206954956055,5.881371021270752,3.986451387405396,5.947376251220703,15.81519865989685,True,False,0.06239455235992912,4.591847653707731,106.41762625103995,105.95035553247295,1.7727404958315003,4.594673273467298,4.591847653707731,-0.3701269582121256,4.196456087068462,0.025264608427143287,4.193470718666709,0.028249976828896628,4.194029558706663,0.02769113678894275
766,2026-05-15T01:46:04.695Z,2026-05-15 01:46:04.695000+00:00,4679.948133333333,77.99913555555555,69.355,5,52,train,18,7,4.343569755554199,7.453927993774414,7.062913417816162,1.7887964248657229,16.3056378364563,True,False,0.08902958324717408,4.736956498027511,124.69867796865906,124.23140725009206,1.7194202027065464,4.733247460112018,4.736956498027511,-0.39338674247331173,4.316581905511064,0.02698785004313553,4.3117652289541795,0.031804526600019756,4.310740687838064,0.03282906771613536
767,2026-05-15T01:47:13.927Z,2026-05-15 01:47:13.927000+00:00,4681.102,78.01836666666667,69.232,5,52,train,18,8,4.364521026611328,1.684970140457153,2.1892099380493164,1.2077327966690063,5.081912875175476,True,False,0.07623468118533411,4.87400503182147,143.51320994688476,143.04593922831776,5.516868116919683,4.870601345408299,4.87400503182147,-0.5094840052101421,4.430035136880462,-0.06551411026913367,4.429018023219985,-0.06449699660865704,4.427980072074772,-0.06345904546344361
768,2026-05-15T01:48:23.135Z,2026-05-15 01:48:23.135000+00:00,4682.2554666666665,78.03759111111111,69.208,5,52,train,18,9,4.710221290588379,1.9448988437652588,5.994935989379883,3.326789379119873,11.266624212265015,True,False,0.07047217235222702,5.249075254582889,149.37502705130382,148.90775633273682,2.4884333218018004,5.219176789758614,5.249075254582889,-0.5388539639945105,4.740530459849022,-0.030309169260642754,4.726581101063452,-0.01635981047507329,4.723956401097282,-0.01373511050890297
769,2026-05-15T01:49:32.354Z,2026-05-15 01:49:32.354000+00:00,4683.409116666667,78.05681861111111,69.219,5,53,train,19,0,4.019372940063477,4.74005127,2.1933274269104004,7.856081485748291,14.789460182658692,True,False,0.04688053932516144,4.42692211140519,0.0,-0.46727071856698704,1.895690766786267,,4.42692211140519,-0.40754917134171365,4.059925361845933,-0.040552421782455994,,,,
770,2026-05-15T01:50:41.578Z,2026-05-15 01:50:41.578000+00:00,4684.56285,78.0760475,69.224,5,53,train,19,1,4.110898017883301,7.094471454620361,3.580770492553711,2.1966326236724854,12.871874570846558,True,False,0.08293463309029109,4.463863507444965,17.063093194739423,16.595822476172437,2.1781010185974283,4.462851871836147,4.463863507444965,-0.3529654895616643,4.090506650357272,0.020391367526029214,4.080940755266349,0.029957262616951752,4.080940755266349,0.029957262616951752
771,2026-05-15T01:51:50.941Z,2026-05-15 01:51:50.941000+00:00,4685.718900000001,78.09531500000001,69.363,5,53,train,19,2,4.386023521,9.614319801330566,9.61400032,6.124859333,25.35317945433057,True,False,0.07584184916912337,4.7603832519384115,31.943623792366587,31.4763530737996,1.1058275024054374,4.751072092422309,4.7603832519384115,-0.37435973093841124,4.335975333941923,0.0500481870580769,4.326981310688117,0.05904221031188328,4.324841426013754,0.06118209498624605
772,2026-05-15T01:53:00.464Z,2026-05-15 01:53:00.464000+00:00,4686.877616666667,78.11462694444444,69.523,5,53,train,19,3,4.137363433837891,2.524498701095581,1.7730813026428225,5.805668354034424,10.103248357772827,True,False,0.042536616457934606,4.607593118432711,61.32077537909032,60.853504660523335,2.7749731691441433,4.61002338657026,4.607593118432711,-0.4702296845948206,4.209490694612294,-0.07212726077440301,4.206574415367651,-0.06921098152976057,4.2075918208056695,-0.07022838696777889
773,2026-05-15T01:54:09.830Z,2026-05-15 01:54:09.830000+00:00,4688.033716666667,78.13389527777778,69.366,5,53,train,19,4,4.745508193969727,1.7785868644714355,6.262638568878174,5.761371136,13.80259656934961,True,False,0.058258787706699726,5.306895680422922,73.00114080551148,72.53387008694449,2.0312296293783736,5.278920219150302,5.306895680422922,-0.5613874864531958,4.788396087952483,-0.04288789398275661,4.777581362323531,-0.03207316835380425,4.772625018412982,-0.02711682444325536
774,2026-05-15T01:55:18.863Z,2026-05-15 01:55:18.863000+00:00,4689.184266666666,78.1530711111111,69.033,5,53,train,19,5,4.3799591064453125,7.065398693084717,6.815913200378418,6.659376621246338,20.540688514709473,True,False,0.06757958421657839,4.744850072749066,88.88171828837667,88.41444756980968,1.3649125292923885,4.761387724181991,4.744850072749066,-0.3648909663037534,4.323116463265345,0.05684264317996757,4.335787298562655,0.04417180788265718,4.339673339287494,0.040285767157818064
775,2026-05-15T01:56:28.382Z,2026-05-15 01:56:28.382000+00:00,4690.3429166666665,78.17238194444444,69.519,5,53,train,19,6,4.543160438537598,4.009778976,7.001586437225342,8.872658729553223,19.884024142778564,True,False,0.055377952340821435,5.002412843383846,112.68118703594482,112.21391631737782,1.4099883862895712,4.997355943072871,5.002412843383846,-0.4592524048462483,4.536335297498936,0.0068251410386617195,4.5372226854335835,0.005937753104014121,4.535522779607079,0.007637658930518931
776,2026-05-15T01:57:37.471Z,2026-05-15 01:57:37.471000+00:00,4691.4944,78.19157333333332,69.089,5,53,train,19,7,4.286229133605957,1.0218379497528076,1.3900972604751587,2.324546813964844,4.73648202419281,True,False,0.050922503197697824,4.8941088870216864,135.57730943595195,135.11003871738495,5.919212396630419,4.896319185631594,4.8941088870216864,-0.6078797534157294,4.44667776173974,-0.1604486281337829,4.450972179246648,-0.16474304564069087,4.451721452585673,-0.16549231897971595
777,2026-05-15T01:58:46.713Z,2026-05-15 01:58:46.713000+00:00,4692.648433333334,78.21080722222223,69.242,5,53,train,19,8,4.587820053100586,4.506059646606445,7.862677097320557,6.358954906463623,18.727691650390625,True,False,0.06604517510661286,5.002056099658508,141.0433675746046,140.5760968560376,1.4970474545075307,4.992828138605656,5.002056099658508,-0.4142360465579218,4.5360399734462815,0.05178007965430442,4.5333575037204845,0.05446254938010142,4.532641590648497,0.055178462452088795
778,2026-05-15T01:59:56.200Z,2026-05-15 01:59:56.200000+00:00,4693.806549999999,78.23010916666665,69.487,5,53,train,19,9,4.695885658,3.864987134933472,9.484960556030272,3.106628894805908,16.456576585769653,True,False,0.08112226514053794,5.150071680963109,162.73221940311615,162.26494868454915,1.703649782073311,5.146882791685697,5.150071680963109,-0.4541860229631087,4.658572083255449,0.03731357474455077,4.664866987448015,0.03101867055198504,4.663726698823637,0.03215895917636313
779,2026-05-15T02:01:05.311Z,2026-05-15 02:01:05.311000+00:00,4694.9584,78.24930666666667,69.111,5,54,train,20,0,4.647918701171875,1.699917912483215,4.482192993164063,7.649719238,13.831830143647279,True,False,0.04469481508552659,5.181383576426558,0.0,-0.46727071856698704,2.02693662536738,,5.181383576426558,-0.5334648752546833,4.6844930881891464,-0.03657438701727145,,,,
780,2026-05-15T02:02:14.720Z,2026-05-15 02:02:14.720000+00:00,4696.115216666667,78.26858694444445,69.409,5,54,train,20,1,4.433992385864258,6.208259105682373,6.989808082580566,9.438173294067385,22.636240482330322,True,False,0.05830503169713739,4.811956416020658,16.00089164067357,15.533620922106582,1.2385556309981818,4.822744720733767,4.811956416020658,-0.37796403015640045,4.378669275679904,0.05532311018435365,4.388164989065801,0.04582739679845638,4.388164989065801,0.04582739679845638
781,2026-05-15T02:03:24.044Z,2026-05-15 02:03:24.044000+00:00,4697.270616666667,78.28784361111111,69.324,5,54,train,20,2,4.6605987548828125,2.584700584411621,5.920713424682617,3.195745944976806,11.701159954071045,True,False,0.07268863977998224,5.120177923248198,42.15480389395802,41.68753317539103,2.3960225502485253,5.114671179791799,5.120177923248198,-0.45957916836538537,4.633825058849998,0.026773696032814875,4.637369392500348,0.023229362382464203,4.635196201075977,0.025402553806835648
782,2026-05-15T02:04:33.417Z,2026-05-15 02:04:33.417000+00:00,4698.426833333333,78.30711388888888,69.373,5,54,train,20,3,3.915718078613281,6.591556072235107,2.2232565879821777,6.6599531173706055,15.47476577758789,True,False,0.05696249485716793,4.290072053525095,55.68388005218753,55.216609333620546,1.8117394160901694,4.318742463957832,4.290072053525095,-0.3743539749118141,3.9466364352899714,-0.030918356676690628,3.957921077175155,-0.04220299856187415,3.9638075035563616,-0.04808942494308077
783,2026-05-15T02:05:42.711Z,2026-05-15 02:05:42.711000+00:00,4699.581733333333,78.32636222222223,69.294,5,54,train,20,4,4.643507957458496,3.15656852722168,7.121514320373535,1.5559884309768677,11.834071278572083,True,False,0.0868516219452363,5.113538058690762,73.55568704872378,73.08841633015679,2.3691122399088775,5.092007972112285,5.113538058690762,-0.47003010123226563,4.628328363124461,0.015179594334035151,4.618022838001965,0.025485119456531535,4.61230602190659,0.031201935551906423
784,2026-05-15T02:06:51.820Z,2026-05-15 02:06:51.820000+00:00,4700.73355,78.34555916666666,69.109,5,54,train,20,5,4.416348457336426,8.734155654907227,9.325912475585938,4.951785087585449,23.011853218078613,True,False,0.07848158928940492,4.7888307387393345,87.18636758190442,86.71909686333743,1.2183392118976901,4.7999619674662,4.7888307387393345,-0.37248228140290873,4.359525088270234,0.056823369066191454,4.368716383910378,0.04763207342604758,4.37087208350269,0.04547637383373537
785,2026-05-15T02:08:00.818Z,2026-05-15 02:08:00.818000+00:00,4701.883516666667,78.36472527777778,68.998,5,54,train,20,6,4.403116226196289,7.301874638,7.8912248611450195,3.389267444610596,18.582366943755616,True,False,0.08176084104425933,4.794051939357693,113.6492317209209,113.1819610023539,1.5087552193366016,4.7939597454760365,4.794051939357693,-0.3909357131614035,4.363847367869893,0.03926885832639648,4.363592558700541,0.03952366749574843,4.363657471451729,0.039458754744559954
786,2026-05-15T02:09:10.115Z,2026-05-15 02:09:10.115000+00:00,4703.038466666667,78.38397444444445,69.297,5,54,train,20,7,4.639097213745117,3.855590581893921,7.502263546,1.2616844177246094,12.61953854561853,True,False,0.09000213507678012,5.049293504019629,135.11093642261145,134.64366570404445,2.221653590000193,5.043736307562707,5.049293504019629,-0.410196290274512,4.575144632342737,0.06395258140238003,4.576815503094105,0.06228171065101229,4.574953218373234,0.0641439953718832
787,2026-05-15T02:10:19.549Z,2026-05-15 02:10:19.549000+00:00,4704.1957,78.40326166666667,69.434,5,54,train,20,8,4.519452095031738,3.1253910064697266,5.0226240158081055,2.962446689605713,11.110461711883545,True,False,0.07333642141588828,4.96629697481429,149.71468707888607,149.24741636031908,2.5234093632699506,4.968952583551603,4.96629697481429,-0.44684487978255216,4.506437407463215,0.013014687568523087,4.512976023147903,0.006476071883835033,4.513512444850357,0.005939650181381317
788,2026-05-15T02:11:28.613Z,2026-05-15 02:11:28.613000+00:00,4705.346766666667,78.42244611111111,69.064,5,54,train,20,9,4.696989059448242,1.834064007,5.217957973480225,3.9903085231781006,11.042330503658325,True,False,0.06386352933507913,5.2143018020976335,162.5035692067115,162.0362984881445,2.538978805672481,5.205240385103209,5.2143018020976335,-0.5173127426493913,4.711743865486373,-0.014754806038130397,4.714684223269712,-0.01769516382146996,4.712898421158527,-0.015909361710284564
789,2026-05-15T02:12:37.991Z,2026-05-15 02:12:37.991000+00:00,4706.503066666667,78.44171777777778,69.378,5,55,train,21,0,4.343018531799316,3.730672836303711,3.6420857906341553,4.641317367553711,12.014075994491577,True,False,0.06136767097459894,4.75006637302362,0.0,-0.46727071856698704,2.333616262030785,,4.75006637302362,-0.40704784122430393,4.327434686201105,0.015583845598211354,,,,
790,2026-05-15T02:13:47.433Z,2026-05-15 02:13:47.433000+00:00,4707.6604333333335,78.46100722222222,69.442,5,55,train,21,1,4.209589958190918,6.200974464416504,4.269618988037109,3.392470359802246,13.86306381225586,True,False,0.07552871136030494,4.598529210319478,13.904691086824734,13.437420368257747,2.022369909978582,4.603621655629066,4.598529210319478,-0.3889392521285604,4.201987296831859,0.007602661359059404,4.201109547450928,0.008480410739990063,4.201109547450928,0.008480410739990063
791,2026-05-15T02:14:56.581Z,2026-05-15 02:14:56.581000+00:00,4708.8129,78.480215,69.148,5,55,train,21,2,4.206833839416504,4.79615593,3.6087708473205566,9.239061356,17.64398813332056,True,False,0.04763620738016655,4.637323582786116,29.881410028322534,29.414139309755548,1.5889969377769506,4.636188964698058,4.637323582786116,-0.43048974336961177,4.234102539464844,-0.027268700048340477,4.228910784975593,-0.022076945559089012,4.228665407351582,-0.021831567935078233
792,2026-05-15T02:16:05.727Z,2026-05-15 02:16:05.727000+00:00,4709.965333333333,78.49942222222221,69.146,5,55,train,21,3,4.223925590515137,8.564431190490723,5.561652660369873,7.092403411865234,21.21848726272583,True,False,0.06657441539518068,4.573235298426096,50.214930086098924,49.74765936753194,1.3213120599445387,4.574708067459669,4.573235298426096,-0.34930970791095906,4.181048174326604,0.04287741618853236,4.1764273260649105,0.0474982644502262,4.176888449783027,0.04703714073210996
793,2026-05-15T02:17:14.884Z,2026-05-15 02:17:14.884000+00:00,4711.11795,78.5186325,69.157,5,55,train,21,4,4.431235313415527,3.353492259979248,4.455084323883057,7.412999153137207,15.221575736999512,True,False,0.05129939711091657,4.883810109471006,74.6717121465711,74.2044414280041,1.8418752170230799,4.877876274235981,4.883810109471006,-0.4525747960554787,4.438152098896561,-0.006916785481033472,4.435228300645271,-0.003992987229743505,4.432949560183975,-0.0017142467684472251
794,2026-05-15T02:18:23.986Z,2026-05-15 02:18:23.986000+00:00,4712.26965,78.5378275,69.102,5,55,train,21,5,4.734480857849121,2.789015293121338,7.652313232421875,5.981151103973389,16.4224796295166,True,False,0.06357948836652359,5.19856270203279,92.20240092287344,91.73513020430644,1.707186962413938,5.1901731474651465,5.19856270203279,-0.46408184418366893,4.6987145268151,0.03576633103402127,4.7018220045482035,0.032658853300917556,4.699441419623566,0.035039438225554775
795,2026-05-15T02:19:33.424Z,2026-05-15 02:19:33.424000+00:00,4713.42695,78.55711583333333,69.438,5,55,train,21,6,4.573485374450684,4.891846656799316,7.821957111358643,4.368135452270508,17.081939220428467,True,False,0.07442833980437884,4.96411032257484,111.208136598113,110.740865879546,1.6412798776669566,4.96987451574742,4.96411032257484,-0.3906249481241568,4.504627225656968,0.06885814879371566,4.513763034930276,0.059722339520407175,4.515369668881642,0.05811570556904133
796,2026-05-15T02:20:42.735Z,2026-05-15 02:20:42.735000+00:00,4714.582133333333,78.5763688888889,69.311,5,55,train,21,7,3.654927253723145,9.299343109,1.3915855884552002,2.318131685256958,13.009060382712159,True,False,0.08218063705555906,3.94038762727788,130.94090808656497,130.47363736799798,2.155132060980884,3.964629312726105,3.94038762727788,-0.2854603735547352,3.657156299902714,-0.002229046179568872,3.6556307096429417,-0.0007034559197967027,3.663134748568878,-0.00820749484573291
797,2026-05-15T02:21:52.209Z,2026-05-15 02:21:52.209000+00:00,4715.7400333333335,78.59566722222222,69.474,5,55,train,21,8,4.590025901794434,1.5763221979141235,4.401443958282471,9.214725494384766,15.19249165058136,True,False,0.039346845097445536,5.206303677056783,146.00409910370738,145.53682838514038,1.8454012520682463,5.167034075977403,5.206303677056783,-0.6162777752623496,4.705122757579117,-0.11509685578468343,4.682069226657706,-0.0920433248632726,4.673274296985816,-0.08324839519138205
798,2026-05-15T02:23:01.485Z,2026-05-15 02:23:01.485000+00:00,4716.894633333333,78.61491055555555,69.276,5,55,train,21,9,4.663907051086426,2.892158031463623,6.9125189781188965,5.556817054748535,15.361494064331055,True,False,0.06382632423983223,5.13865205958977,163.54534996346862,163.07807924490163,1.825098717390945,5.140454189902982,5.13865205958977,-0.4747450085033442,4.649118549460129,0.01478850162629719,4.65937918111025,0.0045278699761759356,4.659500752229144,0.004406298857281499
799,2026-05-15T02:24:10.684Z,2026-05-15 02:24:10.684000+00:00,4718.047949999999,78.63413249999999,69.199,5,56,train,22,0,3.9410810470581055,8.688295364379883,2.9051220417022705,3.241466522216797,14.83488392829895,True,False,0.07814970081408328,4.285761021445182,0.0,-0.46727071856698704,1.8898862471405944,,4.285761021445182,-0.3446799743870761,3.9430676227936727,-0.001986575735567264,,,,
800,2026-05-15T02:25:20.097Z,2026-05-15 02:25:20.097000+00:00,4719.204833333333,78.65341388888889,69.413,5,56,train,22,1,4.344673156738281,8.505611419677734,7.630064487457275,1.2995209693908691,17.43519687652588,True,False,0.09254656555590435,4.713187050442069,17.16222996858358,16.694959250016595,1.6080256112144171,4.701549654365381,4.713187050442069,-0.3685138937037875,4.296904784116331,0.04776837262195066,4.284706247055919,0.05996690968236251,4.284706247055919,0.05996690968236251
801,2026-05-15T02:26:29.489Z,2026-05-15 02:26:29.489000+00:00,4720.361366666666,78.67268944444443,69.392,5,56,train,22,2,3.955415725708008,8.799474716186523,3.079986810684204,1.363316774368286,13.242778301239014,True,False,0.08970520578570185,4.305339244015244,37.32661632951498,36.85934561094799,2.1170967659706355,4.314790329417192,4.305339244015244,-0.3499235183072358,3.9592751118747467,-0.003859386166738865,3.9545473188194675,0.0008684068885402851,3.9574131142899525,-0.001997388581944648
802,2026-05-15T02:27:38.613Z,2026-05-15 02:27:38.613000+00:00,4721.513433333333,78.69189055555555,69.124,5,56,train,22,3,4.860740661621094,2.323538303375244,9.705660820007324,7.815519332885742,19.84471845626831,True,False,0.06061662779389511,5.381066361359007,52.58317978442907,52.115909065862084,1.4127810971872705,5.348119506414337,5.381066361359007,-0.5203256997379135,4.8497969887291275,0.010943672891966294,4.836653661409999,0.02408700021109489,4.82888061032948,0.03186005129161362
803,2026-05-15T02:28:48.073Z,2026-05-15 02:28:48.073000+00:00,4722.6711000000005,78.71118500000001,69.46,5,56,train,22,4,4.521106719970703,6.110586643218994,8.579456329345703,3.4469263553619385,18.136969327926636,True,False,0.08099502572320896,4.907649863720614,75.55674885063569,75.08947813206869,1.5458063917465004,4.917278914670227,4.907649863720614,-0.38654314374991117,4.457887422433379,0.0632192975373238,4.468864551140845,0.052242168829858215,4.471975005941885,0.04913171402881833
804,2026-05-15T02:29:57.291Z,2026-05-15 02:29:57.291000+00:00,4723.824733333333,78.73041222222221,69.218,5,56,train,22,5,4.518900871276856,6.073631286621094,8.666069984436035,6.474480152130127,21.214181423187256,True,False,0.06948041490277125,4.914687771962931,96.48016123297612,96.01289051440912,1.3215802464749076,4.91453059834414,4.914687771962931,-0.39578690068607436,4.463713631660634,0.05518723961622207,4.466518437901566,0.05238243337529003,4.466566368280608,0.05233450299624831
805,2026-05-15T02:31:06.589Z,2026-05-15 02:31:06.589000+00:00,4724.9797,78.74966166666667,69.298,5,56,train,22,6,4.096011161804199,7.492346764,3.755994319915772,1.7653578519821167,13.013698935897889,True,False,0.08643461892980764,4.460888522841289,120.98183363737662,120.51456291880963,2.1543638939335,4.46954291580363,4.460888522841289,-0.3648773610370899,4.088043861393264,0.007967300410935074,4.086652596617254,0.009358565186945,4.0899715389610405,0.006039622843158732
806,2026-05-15T02:32:15.855Z,2026-05-15 02:32:15.855000+00:00,4726.134133333334,78.76890222222224,69.266,5,56,train,22,7,4.387126922607422,6.396283149719238,6.580809593200684,3.4320688247680664,16.40916156768799,True,False,0.07908443517597934,4.772722415734004,136.00528147894167,135.53801076037468,1.7085725555427913,4.763023520464278,4.772722415734004,-0.3855954931265817,4.346190094846341,0.04093682776108132,4.337183703801095,0.049943218806326684,4.335019315609447,0.0521076069979749
807,2026-05-15T02:33:25.121Z,2026-05-15 02:33:25.121000+00:00,4727.288566666667,78.78814277777778,69.266,5,56,train,22,8,4.535442352294922,6.518930435180664,9.748445510864258,2.0227532386779785,18.2901291847229,True,False,0.08894073837177972,4.934995178992444,154.94856456473295,154.48129384616595,1.5328619514309887,4.930992424541263,4.934995178992444,-0.3995528266975219,4.48052476334115,0.054917588953771634,4.48057115374697,0.05487119854795175,4.479296820503938,0.05614553179098358
808,2026-05-15T02:34:34.458Z,2026-05-15 02:34:34.458000+00:00,4728.444183333334,78.80740305555557,69.337,5,56,train,22,9,4.482511520385742,7.24512767791748,8.762523651123047,4.682413101196289,20.690064430236816,True,False,0.07736878434098383,4.842908452246485,176.08494268608516,175.61767196751816,1.3550582797145172,4.844944251886803,4.842908452246485,-0.36039693186074295,4.4042923774386,0.07821914294714194,4.407115723902821,0.07539579648292083,4.4077446209360565,0.07476689944968573
809,2026-05-15T02:35:43.779Z,2026-05-15 02:35:43.779000+00:00,4729.599533333333,78.82665888888889,69.321,5,57,train,23,0,4.393743515014648,2.94284462928772,3.421968698501587,4.7456159591674805,11.110429286956787,True,False,0.057286835309427256,4.825963980387517,0.0,-0.46727071856698704,2.5234167276446,,4.825963980387517,-0.4322204653728683,4.39026519281262,0.003478322202028039,,,,
810,2026-05-15T02:36:53.152Z,2026-05-15 02:36:53.152000+00:00,4730.755749999999,78.84592916666665,69.373,5,57,train,23,1,4.28953743,9.677569389343262,6.992137432098389,3.3433055877685547,20.013012409210205,True,False,0.08329434110464085,4.619357991603793,12.846063515400887,12.3787927968339,1.4009007010417203,4.626873206574003,4.619357991603793,-0.3298205616037926,4.219230039069033,0.07030739093096727,4.220958343962413,0.06857908603758744,4.220958343962413,0.06857908603758744
811,2026-05-15T02:38:02.359Z,2026-05-15 02:38:02.359000+00:00,4731.9092,78.86515333333334,69.207,5,57,train,23,2,3.836322784423828,8.662976264953613,2.2236032485961914,8.168315887451172,19.054895401000977,True,False,0.057132717259512855,4.1725270910663035,35.93007267880439,35.46280196023741,1.4713406987553679,4.181571923551602,4.1725270910663035,-0.33620430664247536,3.849328894282683,-0.013006109858854753,3.840824796142494,-0.0045020117186660435,3.844166394681283,-0.007843610257455058
812,2026-05-15T02:39:11.724Z,2026-05-15 02:39:11.724000+00:00,4733.065283333333,78.8844213888889,69.365,5,57,train,23,3,4.606015205383301,2.8074965476989746,6.457064628601074,8.275205612182617,17.539766788482666,True,False,0.0528203213191155,5.122009832008773,57.9591196703116,57.491848951744615,1.5984387621635296,5.101869810391034,5.122009832008773,-0.5159946266254725,4.635341572472636,-0.029326367089335115,4.626441442923744,-0.020426237540442926,4.619638705122219,-0.013623499738918632
813,2026-05-15T02:40:20.992Z,2026-05-15 02:40:20.992000+00:00,4734.21975,78.90366250000001,69.268,5,57,train,23,4,4.298358917236328,5.530537128448486,4.976013184,7.999756813049316,18.506307125497802,True,False,0.05677280854143325,4.714706019887848,78.2081957687219,77.7409250501549,1.5149561132804918,4.724105023775229,4.714706019887848,-0.4163471026515202,4.29816223640133,0.0001966808349980198,4.303960744905012,-0.005601827668684223,4.306724185699,-0.008365268462672049
814,2026-05-15T02:41:30.449Z,2026-05-15 02:41:30.449000+00:00,4735.377366666667,78.9229561111111,69.457,5,57,train,23,5,4.374445915222168,6.141618251800537,5.901434898376465,3.836759567260742,15.879812717437744,True,False,0.07583876059792843,4.743088821067933,99.63140533565024,99.16413461708325,1.76552731527069,4.742469751742166,4.743088821067933,-0.368642905845765,4.321658441869949,0.052787473352219116,4.3196378818524686,0.054808033369699416,4.319526287630677,0.054919627591490716
815,2026-05-15T02:42:39.920Z,2026-05-15 02:42:39.920000+00:00,4736.535216666667,78.94225361111111,69.471,5,57,train,23,6,4.513387680053711,4.3235578536987305,6.275303840637207,2.042050361633301,12.640912055969238,True,False,0.08384570391288332,4.9220501006713215,118.01784649053553,117.55057577196854,2.217897173074633,4.917502001068385,4.9220501006713215,-0.4086624206176106,4.46980840669578,0.043579273357931214,4.46905498990048,0.04433269015323127,4.46776406850006,0.045623611553651244
816,2026-05-15T02:43:49.165Z,2026-05-15 02:43:49.165000+00:00,4737.6893,78.96148833333334,69.245,5,57,train,23,7,4.071201324462891,6.164487838745117,2.9844560623168945,6.431009769439697,15.579953670501709,True,False,0.05872253598792246,4.446172047875601,132.60651241246202,132.13924169389503,1.799507476527457,4.461414283243121,4.446172047875601,-0.3749707234127104,4.07586108502198,-0.004659760559089676,4.079713550959945,-0.00851222649705452,4.083115888892716,-0.011914564429825525
817,2026-05-15T02:44:58.557Z,2026-05-15 02:44:58.557000+00:00,4738.845833333334,78.9807638888889,69.392,5,57,train,23,8,4.304424285888672,8.493165969848633,6.94152832,7.845483303070068,23.2801775929187,True,False,0.06629972743224913,4.672947508935675,150.62524816418627,150.15797744561928,1.2042967886356335,4.667066656133182,4.672947508935675,-0.3685232230470028,4.263593183573511,0.04083110231516063,4.255269672410309,0.04915461347836292,4.253775369240417,0.05064891664825488
818,2026-05-15T02:46:08.099Z,2026-05-15 02:46:08.099000+00:00,4740.004866666667,79.00008111111111,69.542,5,57,train,23,9,3.811511993408203,5.5938873291015625,1.4550745487213137,2.823066234588623,9.872028112411499,True,False,0.0714033813270917,4.177633934212852,177.6077500002988,177.1404792817318,2.839967916903616,4.186211549861041,4.177633934212852,-0.366121940804649,3.85355650504971,-0.04204451164150669,3.844785435100449,-0.033273441692245775,3.848299247798191,-0.03678725438998809
819,2026-05-15T02:47:17.102Z,2026-05-15 02:47:17.102000+00:00,4741.154916666666,79.01924861111111,69.003,5,58,train,24,0,4.236056327819824,7.436508655548096,5.615385532,1.1237330436706543,14.175627231218751,True,False,0.09207278079945644,4.638452834387274,0.0,-0.46727071856698704,1.9777779604894987,,4.638452834387274,-0.40239650656744974,4.235037370649343,0.0010189571704808387,,,,
820,2026-05-15T02:48:26.367Z,2026-05-15 02:48:26.367000+00:00,4742.309333333334,79.03848888888889,69.265,5,58,train,24,1,4.449981689453125,1.325212001800537,2.628691434860229,3.255624532699585,7.209527969360352,True,False,0.05484275050272906,5.057765365345656,16.36458033617278,15.897309617605792,3.8887765236739447,5.045792405231795,5.057765365345656,-0.6077836758925308,4.582157914546808,-0.13217622509368265,4.578570700600633,-0.12858901114750765,4.578570700600633,-0.12858901114750765
821,2026-05-15T02:49:35.624Z,2026-05-15 02:49:35.624000+00:00,4743.463616666666,79.05772694444444,69.257,5,58,train,24,2,4.208487510681152,5.642521858215332,3.903379201889038,3.199735164642334,12.745636224746704,True,False,0.07489544571788591,4.600569246071581,24.68641831240594,24.219147593838954,2.1996738820761683,4.626240781589259,4.600569246071581,-0.3920817353904287,4.203676104743756,0.004811405937396707,4.22041847138098,-0.011930960699827686,4.223556091392381,-0.01506858071122874
822,2026-05-15T02:50:44.822Z,2026-05-15 02:50:44.822000+00:00,4744.616916666667,79.07694861111112,69.198,5,58,train,24,3,3.5716724395751958,8.242074012756348,1.0579453706741333,3.234221935272217,12.534241318702698,True,False,0.07419690707209903,3.876096954049553,39.38596057040631,38.918689851839325,2.2367722466126088,3.899126561538913,3.876096954049553,-0.30442451447435737,3.603934390680149,-0.03226195110495311,3.5997139760738177,-0.028041536498621955,3.6052012941269473,-0.033528854551751586
823,2026-05-15T02:51:53.934Z,2026-05-15 02:51:53.934000+00:00,4745.768783333333,79.09614638888888,69.112,5,58,train,24,4,4.547571182250977,5.934800624847412,9.499221801757812,2.5443897247314453,17.97841215133667,True,False,0.08584752811697961,4.964513845762582,53.82373533737599,53.35646461880901,1.5594393363562291,4.929287825735263,4.964513845762582,-0.41694266351160536,4.504961275269279,0.04260990698169742,4.479116014908525,0.06845516734245116,4.4713837030540935,0.07618747919688307
824,2026-05-15T02:53:03.178Z,2026-05-15 02:53:03.178000+00:00,4746.92285,79.11538083333333,69.244,5,58,train,24,5,4.15831470489502,9.270822525024414,5.100248814,2.6723670959472656,17.04343843497168,True,False,0.08432025846108732,4.501182398608413,74.5720215208286,74.1047508022616,1.6449874959791708,4.511617054094276,4.501182398608413,-0.34286769371339254,4.121400441603382,0.036914263291638605,4.122569383901887,0.03574532099313377,4.125627917056997,0.03268678783802326
825,2026-05-15T02:54:12.516Z,2026-05-15 02:54:12.516000+00:00,4748.078483333333,79.13464138888888,69.338,5,58,train,24,6,4.581203460693359,5.1094489097595215,9.533855438232422,8.330850601196289,22.974154949188232,True,False,0.0637381630809857,5.03117365221329,94.26798709089637,93.80071637232938,1.2203383835456307,5.018600041997271,5.03117365221329,-0.449970191519931,4.56014442998775,0.02105903070560977,4.55535781102666,0.025845649666699444,4.551613930952256,0.02958952974110307
826,2026-05-15T02:55:21.801Z,2026-05-15 02:55:21.801000+00:00,4749.233233333333,79.15388722222222,69.285,5,58,train,24,7,4.566317558288574,5.938283920288086,9.36891746520996,4.036321163,19.343522548498044,True,False,0.0791334739943041,4.958282888759636,120.79739251847148,120.33012179990449,1.4493866380193579,4.959566736583096,4.958282888759636,-0.39196533047106197,4.499803086509881,0.06651447177869318,4.504963750460933,0.06135380782764166,4.505371650925453,0.06094590736312089
827,2026-05-15T14:04:58.822Z,2026-05-15 14:04:58.822000+00:00,5418.85025,90.31417083333334,40177.021,6,59,train,1,0,4.590025901794434,6.806622505187988,8.811262130737305,8.319262504577637,23.93714714050293,True,False,0.06524538845106985,4.872469580977804,0.0,-0.46727071856698704,1.1712441315356417,,4.872469580977804,-0.28244367918337066,4.428764040758524,0.16126186103590978,,,,
828,2026-05-15T14:06:10.391Z,2026-05-15 14:06:10.391000+00:00,5420.043066666666,90.33405111111111,71.569,6,59,train,1,1,4.476998329162598,9.500473022460938,9.224074363708496,6.466681480407715,25.19122886657715,True,False,0.07432963070337754,4.74759554617711,28.552628061644235,28.08535734307725,1.112936699615188,4.749639140197447,4.74759554617711,-0.27059721701451256,4.325389255417348,0.15160907374524957,4.32575806423934,0.15124026492325804,4.32575806423934,0.15124026492325804
829,2026-05-15T14:07:19.320Z,2026-05-15 14:07:19.320000+00:00,5421.191883333333,90.35319805555555,68.929,6,59,train,1,2,4.751021385192871,3.600916624069214,9.070778846740724,9.918367385864258,22.590062856674194,True,False,0.05609411337722821,5.161493904400707,57.492731637382505,57.02546091881552,1.241087432642356,5.154811047072478,5.161493904400707,-0.41047251920783623,4.668027771124151,0.08299361406872041,4.6716349801826045,0.07938640501026661,4.668536145582741,0.0824852396101301
830,2026-05-15T14:08:28.549Z,2026-05-15 14:08:28.549000+00:00,5422.345700000001,90.37242833333335,69.229,6,59,train,1,3,4.450532913208008,4.582649230957031,4.734006881713867,3.9550681114196777,13.271724224090576,True,False,0.0701992895223025,4.77452826146407,83.5575226624608,83.0902519438938,2.1124793312935464,4.781465501584728,4.77452826146407,-0.32399534825606224,4.3476850326450815,0.10284788056292626,4.352926788268679,0.09760612493932896,4.355697008996451,0.09483590421155697
831,2026-05-15T14:09:37.504Z,2026-05-15 14:09:37.504000+00:00,5423.494949999999,90.39158249999998,68.955,6,59,train,1,4,4.222823143005371,2.744865894317627,1.998879551887512,6.732306480407715,11.476051926612854,True,False,0.041336040273610465,4.623291172507899,98.81005172699689,98.3427810084299,2.4430216326403547,4.627924414833255,4.623291172507899,-0.4004680295025276,4.222486054079029,0.0003370889263418775,4.22185571286819,0.0009674301371811467,4.223052713974018,-0.00022957096864661963
832,2026-05-15T14:10:46.950Z,2026-05-15 14:10:46.950000+00:00,5424.652383333333,90.41087305555556,69.446,6,59,train,1,5,4.911465644836426,1.6155085563659668,8.241170883178711,5.436645030975342,15.29332447052002,True,False,0.06445086193355003,5.467846981086339,112.09281676192282,111.62554604335583,1.833234047185942,5.438136585810453,5.467846981086339,-0.5563813362499133,4.921636806753789,-0.010171161917362781,4.913497167278612,-0.0020315224421860734,4.907526172736249,0.003939472100176644
833,2026-05-15T14:11:56.388Z,2026-05-15 14:11:56.388000+00:00,5425.809683333334,90.43016138888889,69.438,6,59,train,1,6,4.478652000427246,6.439124584197998,7.306734561920166,3.8204150199890137,17.566274166107178,True,False,0.07825142096802622,4.815237566645798,129.79178117165563,129.32451045308864,1.5960267299091273,4.832467121040603,4.815237566645798,-0.3365855662185515,4.381385518829148,0.0972664815980977,4.396464562102912,0.0821874383243344,4.400886665064652,0.077765335362594
834,2026-05-15T14:13:05.689Z,2026-05-15 14:13:05.689000+00:00,5426.9646999999995,90.44941166666666,69.301,6,59,train,1,7,4.487473487854004,6.1704301834106445,7.531016826629639,6.758983612060547,20.46043062210083,True,False,0.06696558475773395,4.846910895132029,150.08112060474554,149.61384988617854,1.3702665223348327,4.846181447088145,4.846910895132029,-0.3594374072780253,4.407605729768361,0.07986775808564328,4.408171861441973,0.07930162641203076,4.408108230725845,0.0793652571281589
835,2026-05-15T14:14:15.034Z,2026-05-15 14:14:15.034000+00:00,5428.12045,90.46867416666667,69.345,6,59,train,1,8,3.9642372131347656,8.903451919555664,2.8766870498657227,2.966334819793701,14.746473789215088,True,False,0.07988444653146065,4.2709112885474205,173.72826329623857,173.26099257767157,1.9012167596651939,4.282293118207539,4.2709112885474205,-0.3066740754126549,3.9307745311743467,0.033462681960418905,3.926805920664194,0.03743129247057153,3.930997101065923,0.03324011206884281
836,2026-05-15T14:15:24.262Z,2026-05-15 14:15:24.262000+00:00,5429.27425,90.48790416666667,69.228,6,59,train,1,9,4.604912757873535,4.881731033325195,8.808689117,7.916126251220703,21.6065464015459,True,False,0.0633623712734844,5.016624956962611,190.74274475423493,190.27547403566794,1.29758095500229,4.996145334204444,5.016624956962611,-0.4117121990890755,4.5481005471186355,0.05681221075489962,4.536189243443355,0.06872351443018054,4.530876883516542,0.07403587435699333
837,2026-05-15T14:16:33.579Z,2026-05-15 14:16:33.579000+00:00,5430.429533333333,90.50715888888888,69.317,6,60,train,2,0,4.849714279174805,1.697927713394165,7.753262042999268,4.338599205,13.789788961393434,True,False,0.06853759533850333,5.419728739493596,0.0,-0.46727071856698704,2.0331161841933083,,5.419728739493596,-0.5700144603187915,4.881802962163248,-0.03208868298844347,,,,
838,2026-05-15T14:17:43.312Z,2026-05-15 14:17:43.312000+00:00,5431.5917500000005,90.52652916666668,69.733,6,60,train,2,1,4.266931533813477,7.754995822906494,5.489269733428955,3.471384763717652,16.7156503200531,True,False,0.07923272683233168,4.610486733582521,16.026722560747473,15.559451842180486,1.6772451311921293,4.634080771113487,4.610486733582521,-0.34355519976904425,4.21188612329728,0.055045410516196824,4.227111115544248,0.039820418269228774,4.227111115544248,0.039820418269228774
839,2026-05-15T14:18:52.402Z,2026-05-15 14:18:52.402000+00:00,5432.7432499999995,90.54572083333332,69.09,6,60,train,2,2,4.228336334228516,9.879872322,6.483182430267334,2.012573003768921,18.375627756036256,True,False,0.08904759592168052,4.5775760645330985,35.274793904288614,34.80752318572163,1.5257298137642958,4.578375011695169,4.5775760645330985,-0.3492397303045829,4.184641601617105,0.04369473261141099,4.179557630366836,0.048778703861679595,4.179979012607299,0.048357321621216975
840,2026-05-15T14:20:01.529Z,2026-05-15 14:20:01.529000+00:00,5433.895366666667,90.56492277777778,69.127,6,60,train,2,3,4.639097213745117,1.3972582817077637,4.041726112365723,5.182224273681641,10.621208667755127,True,False,0.051208714226523684,5.22155688585103,56.44566090248058,55.978390183913596,2.6396471429032657,5.207343326191603,5.22155688585103,-0.5824596721059132,4.717749859661516,-0.07865264591639853,4.716479408882837,-0.07738219513771938,4.711737374071887,-0.07264016032676945
841,2026-05-15T14:21:11.090Z,2026-05-15 14:21:11.090000+00:00,5435.0547166666665,90.58424527777778,69.561,6,60,train,2,4,4.105383873,8.970609664916992,4.394445896148682,4.573795795440674,17.938851356506348,True,False,0.07450340769013744,4.451016800961948,68.7593591714425,68.2920884528755,1.5628783893039278,4.480256661423557,4.451016800961948,-0.34563292796194833,4.0798717291173,0.0255121438827004,4.095798436272825,0.009585436727174823,4.10108336581252,0.004300507187480207
842,2026-05-15T14:22:20.335Z,2026-05-15 14:22:20.335000+00:00,5436.208799999999,90.60347999999999,69.245,6,60,train,2,5,4.1638288497924805,8.866909027,4.892608642578125,4.179888725280762,17.939406394858885,True,False,0.07669996078310237,4.50254486849161,89.46228854113053,88.99501782256354,1.5628300344460624,4.501381866062775,4.50254486849161,-0.33871601869912915,4.122528338463078,0.04130051132940249,4.1138320671966415,0.04999678259583895,4.113720289507006,0.050108560285474724
843,2026-05-15T14:23:29.694Z,2026-05-15 14:23:29.694000+00:00,5437.364783333333,90.62274638888888,69.359,6,60,train,2,6,4.427376747131348,6.328206062316895,7.796362400054932,5.745508670806885,19.87007713317871,True,False,0.07108461818090714,4.850959601318147,110.19994334348083,109.73267262491383,1.4109780715045532,4.843108954554139,4.850959601318147,-0.4235828541867992,4.410957380362237,0.016419366769111043,4.405549013648509,0.02182773348283895,4.40301020168043,0.024366545450917876
844,2026-05-15T14:24:39.252Z,2026-05-15 14:24:39.252000+00:00,5438.524083333334,90.64206805555555,69.558,6,60,train,2,7,4.029297828674316,4.422439098358154,2.106147289276123,8.315520286560059,14.844106674194336,True,False,0.04398099886323147,4.439468394180535,133.23532376397492,132.76805304540792,1.8887120477757473,4.447815458068055,4.439468394180535,-0.41017056550621867,4.070311582574694,-0.0410137539003772,4.0681048494873275,-0.03880702081301113,4.070979021479961,-0.04168119280564486
845,2026-05-15T14:25:48.843Z,2026-05-15 14:25:48.843000+00:00,5439.683933333334,90.6613988888889,69.591,6,60,train,2,8,4.021027565002441,6.0789289474487305,2.663907766342163,2.7577035427093506,11.500540256500244,True,False,0.07602109569460737,4.402758318621281,150.4522608900392,149.98499017147222,2.4378196579219655,4.403754636564456,4.402758318621281,-0.38173075361883946,4.039921788676762,-0.018894223674320365,4.03049212067518,-0.009464555672738406,4.030838797526883,-0.009811232524441493
846,2026-05-15T14:26:58.153Z,2026-05-15 14:26:58.153000+00:00,5440.8391,90.68065166666666,69.31,6,60,train,2,9,4.488024711608887,2.539710283279419,3.972880363464356,1.4283571243286133,7.940947771072388,True,False,0.08201276263858716,4.954568450311288,163.73730164300642,163.27003092443942,3.530591551823424,4.935159799518121,4.954568450311288,-0.4665437387024012,4.496728153615514,-0.008703442006627427,4.484128653119747,0.0038960584891398753,4.480171943503547,0.007852768105339969
847,2026-05-15T14:28:07.559Z,2026-05-15 14:28:07.559000+00:00,5441.995866666666,90.6999311111111,69.406,6,61,train,3,0,4.270791053771973,5.42670488357544,4.308531284332275,8.620052337646484,18.3552885055542,True,False,0.05303777254692506,4.660518254635805,0.0,-0.46727071856698704,1.5274204546300443,,4.660518254635805,-0.38972720086383195,4.253303842821043,0.017487210950929644,,,,
848,2026-05-15T14:29:17.166Z,2026-05-15 14:29:17.166000+00:00,5443.155983333333,90.71926638888888,69.607,6,61,train,3,1,4.531031608581543,1.1787769794464111,3.0548226833343506,8.403562545776367,12.637162208557129,True,False,0.033501189530621214,5.173986613809906,21.29427611676852,20.827005398201532,2.2185552936113107,5.162719326401918,5.173986613809906,-0.6429550052283632,4.678369642078883,-0.14733803349734043,4.678385920261302,-0.14735431167975932,4.678385920261302,-0.14735431167975932
849,2026-05-15T14:30:26.351Z,2026-05-15 14:30:26.351000+00:00,5444.309066666667,90.73848444444444,69.185,6,61,train,3,2,4.284023284912109,1.6203303337097168,1.8328001499176023,4.125810623168945,7.578941106796265,True,False,0.045562175968497674,4.814098747200756,35.8659772400856,35.39870652151861,3.6992295782425697,4.825639270891906,4.814098747200756,-0.5300754622886465,4.380442767072457,-0.09641948216034724,4.390635935507923,-0.10661265059581382,4.393169237428853,-0.10914595251674353
850,2026-05-15T14:31:35.571Z,2026-05-15 14:31:35.571000+00:00,5445.462733333334,90.75771222222222,69.22,6,61,train,3,3,4.803400993347168,2.819386959075928,9.624616622924805,3.661492109298706,16.10549569129944,True,False,0.07726557332056083,5.293391933067432,44.609548963626224,44.14227824505924,1.740787346841181,5.267777724315509,5.293391933067432,-0.489990939720264,4.777217246919571,0.026183746427596688,4.76806951887146,0.035331474475707836,4.764776853172069,0.03862414017509863
851,2026-05-15T14:32:44.884Z,2026-05-15 14:32:44.884000+00:00,5446.61795,90.77696583333334,69.313,6,61,train,3,4,4.342467308044434,5.831935882568359,5.649240970611572,8.664951324,20.146128177179932,True,False,0.056989495709577453,4.7467236429244855,63.21488601114353,62.74761529257654,1.3916442339415191,4.760453148823814,4.7467236429244855,-0.40425633488005186,4.324667465561497,0.017799842482936867,4.334989493884894,0.00747781415953952,4.3387402834017355,0.00372702464269814
852,2026-05-15T14:33:54.158Z,2026-05-15 14:33:54.158000+00:00,5447.772516666667,90.79620861111111,69.274,6,61,train,3,5,4.501809120178223,7.247759819030762,9.566330909729004,4.482069492340088,21.296160221099854,True,False,0.07895362616637655,4.880836691588673,86.47493406690957,86.00766334834258,1.3164928711534305,4.878142496784419,4.880836691588673,-0.3790275714104503,4.4356906069154105,0.06611851326281215,4.4354555627837495,0.06635355739447313,4.434609265889516,0.0671998542887069
853,2026-05-15T14:35:03.595Z,2026-05-15 14:35:03.595000+00:00,5448.9298,90.81549666666666,69.437,6,61,train,3,6,4.822146415710449,2.148528814315796,7.952028274536133,7.444545745849609,17.545102834701538,True,False,0.05756909596947228,5.328548078560655,111.12062535478475,110.65335463621776,1.5979526240546056,5.320059681174783,5.328548078560655,-0.5064016628502062,4.806320646994579,0.015825768715870048,4.812700258789819,0.009446156920629889,4.809428497346361,0.012717918364088199
854,2026-05-15T14:36:12.734Z,2026-05-15 14:36:12.734000+00:00,5450.082116666667,90.83470194444446,69.139,6,61,train,3,7,3.836322784423828,5.442472935,1.5007658004760742,4.294166564941406,11.23740530041748,True,False,0.06178684980969874,4.203111155537328,131.33813976959192,130.87086905102493,2.4949036156040085,4.2291224499493545,4.203111155537328,-0.3667883711134996,3.8746473770609398,-0.03832459263711163,3.8814165280539714,-0.04509374363014329,3.8896123360537085,-0.05328955162988036
855,2026-05-15T14:37:22.132Z,2026-05-15 14:37:22.132000+00:00,5451.23875,90.85397916666668,69.398,6,61,train,3,8,4.360661506652832,8.813997268676758,8.920549392700195,1.3766767978668213,19.111223459243774,True,False,0.09279650096288866,4.7655398900248125,144.33569732023145,143.86842660166445,1.4670040970327605,4.7453202081436,4.7655398900248125,-0.40487838337198045,4.340244166578866,0.02041734007396645,4.3220711874504865,0.03859031920234557,4.318318964028493,0.0423425426243389
856,2026-05-15T14:38:31.723Z,2026-05-15 14:38:31.723000+00:00,5452.3986,90.87331,69.591,6,61,train,3,9,4.033156394958496,5.447958946228027,2.7178542613983154,8.453203201293945,16.619016408920288,True,False,0.049135357994130914,4.459373744024619,166.50184984943533,166.03457913086834,1.6869977394673439,4.46582783996454,4.459373744024619,-0.42621734906612296,4.086789878247267,-0.053633483288771266,4.083481204544121,-0.05032480958562502,4.0854920478909955,-0.05233565293249942
857,2026-05-15T14:39:40.775Z,2026-05-15 14:39:40.775000+00:00,5453.549466666666,90.89249111111111,69.052,6,62,train,4,0,4.193600654602051,4.766426086425781,3.229653596878052,2.807291269302368,10.803370952606201,True,False,0.0740146729977356,4.591587129294846,0.0,-0.46727071856698704,2.5951384282750904,,4.591587129294846,-0.3979864746927948,4.196240416490498,-0.0026397618884468343,,,,
858,2026-05-15T14:40:50.192Z,2026-05-15 14:40:50.192000+00:00,5454.706416666667,90.91177361111112,69.417,6,62,train,4,1,4.199114799499512,3.176997661590576,2.4815304279327397,4.197095871,9.855623960523316,True,False,0.05741420443990701,4.653385047864995,12.498960023617744,12.031689305050758,2.8446948895694826,4.651074747027033,4.653385047864995,-0.454270248365483,4.247398742373991,-0.04828394287447946,4.241618103513688,-0.04250330401417646,4.241618103513688,-0.04250330401417646
859,2026-05-15T14:41:59.381Z,2026-05-15 14:41:59.381000+00:00,5455.859566666667,90.93099277777779,69.189,6,62,train,4,2,4.731724739074707,3.037663698196411,8.903866768,1.8860962390899656,13.827626705286377,True,False,0.0863599424594757,5.227196067525318,23.863972793695204,23.396702075128218,2.027552790624642,5.203603917397316,5.227196067525318,-0.4954713284506109,4.722418157566759,0.009306581507948053,4.713287244867333,0.018437494207374172,4.709135886018091,0.022588853056616287
860,2026-05-15T14:43:08.713Z,2026-05-15 14:43:08.713000+00:00,5457.0151000000005,90.95025166666667,69.332,6,62,train,4,3,4.511734008789063,7.126208782196045,9.004087448120117,2.50119423866272,18.631490468978882,True,False,0.08657544739736649,4.86186075052554,39.84225637254379,39.3749856539768,1.5047772565860522,4.872544657545338,4.86186075052554,-0.3501267417364762,4.419981706044393,0.09175230274467072,4.430676940823277,0.08105706796578627,4.433103918504539,0.07863009028452428
861,2026-05-15T14:44:18.037Z,2026-05-15 14:44:18.037000+00:00,5458.170499999999,90.96950833333332,69.324,6,62,train,4,4,4.242671966552734,6.856061935424805,5.080866813659668,3.7324275970458975,15.669356346130371,True,False,0.07618008350440228,4.630409160599962,61.36908046040199,60.901809741835,1.7892402530588256,4.63543315068306,4.630409160599962,-0.3877371940472276,4.228378556009095,0.014293410543639418,4.228265580764495,0.014406385788239717,4.230051877125329,0.012620089427405112
862,2026-05-15T14:45:27.537Z,2026-05-15 14:45:27.537000+00:00,5459.328833333333,90.98881388888888,69.5,6,62,train,4,5,4.374997138977051,3.283672332763672,3.9763143062591553,6.311349868774414,13.571336507797241,True,False,0.053495001283415916,4.843590683366166,79.519418228003,79.05214750943601,2.0658424539035893,4.838102439312329,4.843590683366166,-0.4685935443891154,4.404857150537048,-0.029860011559997623,4.401275178216986,-0.026278039239935325,4.399799891003826,-0.024802752026775288
863,2026-05-15T14:46:36.715Z,2026-05-15 14:46:36.715000+00:00,5460.4818,91.00802999999999,69.178,6,62,train,4,6,4.644610404968262,1.2884308099746704,3.8422000408172607,4.389239311218262,9.519870162010193,True,False,0.05389391623497268,5.234768393849748,95.16671684360963,94.69944612504264,2.945023685921695,5.223086767879963,5.234768393849748,-0.5901579888814865,4.7286867754549435,-0.08407637048668182,4.729918872392288,-0.08530846742402609,4.7270111690641645,-0.0824007640959028
864,2026-05-15T14:47:46.364Z,2026-05-15 14:47:46.364000+00:00,5461.642616666666,91.02737694444444,69.649,6,62,train,4,7,4.7251081466674805,2.728194475,7.657481670379639,7.325005054473877,17.710681199853518,True,False,0.0586407492076902,5.208447226424125,106.21754079217376,105.75027007360677,1.5830132561050845,5.209560185138674,5.208447226424125,-0.4833390797566448,4.70689725742667,0.0182108892408106,4.7183718410151805,0.00673630565229999,4.71844552400298,0.006662622664500795
865,2026-05-15T14:48:55.539Z,2026-05-15 14:48:55.539000+00:00,5462.795533333334,91.04659222222223,69.175,6,62,train,4,8,4.269688606262207,7.048504829406738,5.8176984786987305,6.527527332305908,19.393730640411377,True,False,0.06634207490381311,4.677209851282691,126.63648032550489,126.1692096069379,1.4456343461633496,4.689366783801482,4.677209851282691,-0.4075212450204839,4.2671216891261405,0.0025669171360664933,4.274306281938699,-0.004617675676492183,4.278219083899105,-0.008530477636898404
866,2026-05-15T14:50:04.940Z,2026-05-15 14:50:04.940000+00:00,5463.952216666667,91.06587027777778,69.401,6,62,train,4,9,4.040876388549805,2.627399682998657,1.404094099998474,2.302107810974121,6.3336015939712516,True,False,0.06365246887070664,4.488845019954363,149.06888532842473,148.60161460985773,4.426587731805866,4.492768690647544,4.488845019954363,-0.44796863140455834,4.111187158497164,-0.0703107699473593,4.106479389238105,-0.06560300068830038,4.10796918063778,-0.06709279208797536
867,2026-05-15T14:51:14.274Z,2026-05-15 14:51:14.274000+00:00,5465.107783333334,91.08512972222223,69.334,6,63,train,5,0,4.1417741775512695,4.202544689178467,2.8861937522888184,7.846616744995117,14.935355186462402,True,False,0.047462804553135826,4.597770039478445,0.0,-0.46727071856698704,1.8771728401499037,,4.597770039478445,-0.45599586192717556,4.201358830530963,-0.05958465297969351,,,,
868,2026-05-15T14:52:23.531Z,2026-05-15 14:52:23.531000+00:00,5466.262066666666,91.10436777777777,69.257,6,63,train,5,1,4.682102203369141,1.828486084938049,5.523552894592285,7.372217178344727,14.724256157875061,True,False,0.049931479734534504,5.240394439472596,17.23963156914711,16.772360850580124,1.9040855316161036,5.222976459050594,5.240394439472596,-0.5582922361034557,4.733344198909785,-0.05124199554064468,4.729824706738016,-0.047722503368875735,4.729824706738016,-0.047722503368875735
869,2026-05-15T14:53:32.711Z,2026-05-15 14:53:32.711000+00:00,5467.4150666666665,91.12358444444445,69.18,6,63,train,5,2,4.6920270919799805,3.446929931640625,7.842312812805176,8.573019027709961,19.86226177215576,True,False,0.056837649578618546,5.117286661692677,34.21669891917706,33.749428200610076,1.4115332601910568,5.120675036056657,5.117286661692677,-0.4252595697126962,4.631431578546873,0.06059551343310776,4.642494612816515,0.04953247916346548,4.64326371511447,0.048763376865510466
870,2026-05-15T14:54:42.248Z,2026-05-15 14:54:42.248000+00:00,5468.5740166666665,91.14290027777777,69.537,6,63,train,5,3,4.62035083770752,3.567058563232422,7.129104137420654,4.280459403991699,14.976622104644775,True,False,0.07141905982481739,5.060962458488607,57.23606720001698,56.768796481449996,1.8720004362882467,5.062105784864152,5.060962458488607,-0.4406116207810866,4.584804572179804,0.035546265527716336,4.592496694333439,0.027854143374081097,4.59293300537629,0.027417832331230407
871,2026-05-15T14:55:51.523Z,2026-05-15 14:55:51.523000+00:00,5469.7286,91.16214333333333,69.275,6,63,train,5,4,4.006140709,3.8521130084991455,1.8646669387817385,8.916324615478516,14.6331045627594,True,False,0.03906744411455813,4.446709199841267,74.52782547167143,74.06055475310444,1.9159463389177314,4.463308007032596,4.446709199841267,-0.44056849084126704,4.076305756880585,-0.07016504788058509,4.081330137235643,-0.07518942823564245,4.085806558181687,-0.07966584918168707
872,2026-05-15T14:57:00.782Z,2026-05-15 14:57:00.782000+00:00,5470.8829166666665,91.18138194444444,69.259,6,63,train,5,5,4.410284042358398,1.7270288467407229,2.7997612953186035,1.2347458600997925,5.761536002159119,True,False,0.07856915482890196,4.970072377980584,91.41906195354065,90.95179123497365,4.8661056883984966,4.955594320759423,4.970072377980584,-0.5597883356221853,4.509562808932904,-0.09927876657450518,4.5015726788919945,-0.09128863653359609,4.497930826247959,-0.08764678388956071
873,2026-05-15T14:58:10.081Z,2026-05-15 14:58:10.081000+00:00,5472.037899999999,91.20063166666665,69.299,6,63,train,5,6,4.8668060302734375,1.983072519302368,9.066776275634766,6.500990867614746,17.55083966255188,True,False,0.06295908917972813,5.420292176853769,98.0735400104344,97.6062692918674,1.5974303026561163,5.388678197946043,5.420292176853769,-0.5534861465803314,4.882269393925896,-0.015463363652458817,4.8712767803964,-0.004470750122962386,4.868015437874989,-0.0012094076015518596
874,2026-05-15T14:59:19.610Z,2026-05-15 14:59:19.610000+00:00,5473.196716666667,91.21994527777778,69.529,6,63,train,5,7,4.865702629089356,1.959554433822632,8.051691055297852,1.059751272201538,11.070996761322021,True,False,0.09042767968369463,5.373858699962053,118.4117455253939,117.9444748068269,2.532404599012034,5.3749255101138536,5.373858699962053,-0.5081560708726967,4.843830252322226,0.021872376767130497,4.859536733338311,0.006165895751045092,4.859609642430388,0.006092986658968513
875,2026-05-15T15:00:29.014Z,2026-05-15 15:00:29.014000+00:00,5474.35345,91.23922416666666,69.404,6,63,train,5,8,4.027643203735352,9.566641807556152,4.123875617980957,2.0721607208251958,15.762678146362305,True,False,0.08685400601608169,4.3955012008749845,131.21793651244045,130.75066579387345,1.7786471850590566,4.431199388733985,4.3955012008749845,-0.36785799713963296,4.033914110696176,-0.0062709069608244405,4.053920463258052,-0.026277259522700547,4.060908146087288,-0.033264942351936
876,2026-05-15T15:01:38.148Z,2026-05-15 15:01:38.148000+00:00,5475.505683333334,91.25842805555557,69.134,6,63,train,5,9,4.212347984313965,9.634102821350098,6.711663722991943,3.916694402694702,20.262460947036743,True,False,0.08067019394666622,4.603573040573451,149.38021969528398,148.912948976717,1.3836543935754924,4.598219865696115,4.603573040573451,-0.39122505625948634,4.206162743478024,0.006185240835940853,4.196498283908516,0.01584970040544853,4.195300399702412,0.017047584611552757
877,2026-05-15T15:02:47.563Z,2026-05-15 15:02:47.563000+00:00,5476.6626,91.27771,69.415,6,64,test,6,0,4.104281425476074,9.443244934082031,4.972620010375977,7.503407955169678,21.919272899627686,True,False,0.06576798879447718,4.482425997869296,0.0,-0.46727071856698704,1.279068117012925,,4.482425997869296,-0.3781445723932215,4.105873283349275,-0.0015918578732003752,,,,
878,2026-05-15T15:03:56.809Z,2026-05-15 15:03:56.809000+00:00,5477.816699999999,91.296945,69.246,6,64,test,6,1,4.789065361022949,2.675597906112671,8.973150253295898,1.6796602010726929,13.328408360481262,True,False,0.08739789361456776,5.2856695370896825,25.297032853460312,24.829762134893326,2.1034952078109113,5.270832532768662,5.2856695370896825,-0.49660417606673324,4.770824396493992,0.018240964528957626,4.770677270565608,0.018388090457341022,4.770677270565608,0.018388090457341022
879,2026-05-15T15:05:06.042Z,2026-05-15 15:05:06.042000+00:00,5478.970583333333,91.31617638888888,69.233,6,64,test,6,2,4.019924163818359,5.703552722930908,2.783604383468628,7.33898115158081,15.826138257980347,True,False,0.05362746721942656,4.449765750382462,40.6764611204803,40.20919040191331,1.771515113605299,4.475162881945873,4.449765750382462,-0.42984158656410276,4.07883606877917,-0.058911904960810446,4.091450107313335,-0.07152594349497576,4.097410305738597,-0.07748614192023773
880,2026-05-15T15:06:15.470Z,2026-05-15 15:06:15.470000+00:00,5480.127716666667,91.33546194444445,69.428,6,64,test,6,3,4.855227470397949,1.233954906463623,7.1714396476745605,2.496415138244629,10.901809692382812,True,False,0.07710091068651753,5.524441364939839,58.98941323673129,58.5221425181643,2.5717054236975336,5.497020092637433,5.524441364939839,-0.6692138945418895,4.968487477445332,-0.1132600070473826,4.9637633515714,-0.10853588117345048,4.95626186088067,-0.10103439048272111
881,2026-05-15T15:07:24.708Z,2026-05-15 15:07:24.708000+00:00,5481.281683333334,91.35469472222222,69.238,6,64,test,6,4,4.227785110473633,2.492751121520996,2.291223764419556,4.7113776206970215,9.495352506637573,True,False,0.05038227788380044,4.724040620633543,71.56973822808465,71.10246750951765,2.9526279402919413,4.753769886863996,4.724040620633543,-0.49625551015991043,4.305889722342438,-0.07810461186880513,4.3292842956816635,-0.1014991852080307,4.334784124029305,-0.1069990135556722
882,2026-05-15T15:08:33.800Z,2026-05-15 15:08:33.800000+00:00,5482.433216666667,91.37388694444445,69.092,6,64,test,6,5,4.440608024597168,8.555809020996094,9.883586883544922,4.506051063537598,22.945446968078613,True,False,0.08036189458498519,4.822980131755352,82.50395315122803,82.03668243266104,1.2218651984867783,4.81875197849684,4.822980131755352,-0.3823721071581838,4.3877950659176825,0.05281295867948543,4.3847565657579874,0.05585145883918052,4.384313809170995,0.05629421542617319
883,2026-05-15T15:09:42.976Z,2026-05-15 15:09:42.976000+00:00,5483.58615,91.3931025,69.176,6,64,test,6,6,3.692420006,8.345844268798828,1.6624253988265991,9.080878257751465,19.089147925376892,True,False,0.05242910635272804,4.0644075480476305,108.95852380895813,108.49125309039114,1.4687006053710845,4.077806319884086,4.0644075480476305,-0.3719875420476306,3.7598240218840275,-0.06740401588402767,3.7522447974591664,-0.059824791459166526,3.757812852393891,-0.06539284639389109
884,2026-05-15T15:10:52.264Z,2026-05-15 15:10:52.264000+00:00,5484.74095,91.41234916666667,69.288,6,64,test,6,7,4.765908241271973,2.273276805877685,7.868211269378662,1.2191734313964844,11.360661506652832,True,False,0.089268464422758,5.299364058834422,131.00267183318337,130.53540111461638,2.467835442293666,5.273186634532962,5.299364058834422,-0.5334558175624498,4.782161166767908,-0.0162529254959356,4.772686860678439,-0.006778619406466291,4.763814812768336,0.002093428503636474
885,2026-05-15T15:12:01.534Z,2026-05-15 15:12:01.534000+00:00,5485.89545,91.43159083333333,69.27,6,64,test,6,8,4.597744941711426,4.222699165344238,8.329392433166504,8.691819190979004,21.243910789489746,True,False,0.05908559738784438,5.055313056161458,144.11855554261408,143.65128482404708,1.3197307874165018,5.064007696180567,5.055313056161458,-0.45756811445003187,4.580127813285875,0.017617128425550632,4.59412026993026,0.0036246717811661,4.595605570554017,0.002139371157408476
886,2026-05-15T15:13:10.841Z,2026-05-15 15:13:10.841000+00:00,5487.050566666667,91.45084277777778,69.307,6,64,test,6,9,3.99621582,8.944395065307617,3.675065755844116,7.164209842681885,19.783670663833618,True,False,0.06378725685229525,4.375103838620849,168.6577509607335,168.1904802421665,1.4171406100725317,4.388056253907513,4.375103838620849,-0.3788880186208492,4.017028511156505,-0.020812691156505192,4.017091122021156,-0.020875302021155395,4.022141937605027,-0.02592611760502672
887,2026-05-15T15:14:20.080Z,2026-05-15 15:14:20.080000+00:00,5488.2045499999995,91.47007583333333,69.239,6,65,test,7,0,4.295050621032715,5.397990703582764,4.966917991638184,9.655948638916016,20.020857334136963,True,False,0.051770553689267106,4.724488726009514,0.0,-0.46727071856698704,1.4003517754564618,,4.724488726009514,-0.429438104976799,4.306260678539418,-0.011210057506703563,,,,
888,2026-05-15T15:15:29.510Z,2026-05-15 15:15:29.510000+00:00,5489.361716666666,91.48936194444444,69.43,6,65,test,7,1,4.157212257385254,6.449989795684815,3.967228651046753,2.641309261322021,13.058527708053589,True,False,0.07977329971361899,4.549579415051543,23.16746874515216,22.700198026585173,2.1469681529816276,4.553107206555848,4.549579415051543,-0.39236715766628905,4.1614650650773255,-0.004252807692071592,4.15798764891958,-0.00077539153432582,4.15798764891958,-0.00077539153432582
889,2026-05-15T15:16:38.934Z,2026-05-15 15:16:38.934000+00:00,5490.518783333333,91.50864638888888,69.424,6,65,test,7,2,4.377754211425781,8.466106414794922,8.469292640686035,8.565243721,25.50064277648096,True,False,0.06641165559599282,4.760617324849605,38.27705587188403,37.809785153317044,1.0994328009597008,4.754090883396962,4.760617324849605,-0.3828631134238236,4.336169107106916,0.041585104318865085,4.329558315891276,0.048195895534504984,4.328072330504779,0.04968188092100245
890,2026-05-15T15:17:48.577Z,2026-05-15 15:17:48.577000+00:00,5491.6795,91.52799166666667,69.643,6,65,test,7,3,4.403116226196289,1.1225610971450806,2.146693229675293,5.541194915771484,8.810449242591858,True,False,0.03710655650810633,5.042031237942752,67.87607695325842,67.40880623469143,3.1821581785506683,5.0375886423236516,5.042031237942752,-0.6389150117464633,4.569132692406738,-0.16601646621044885,4.57156751956648,-0.16845129337019138,4.569489948473446,-0.1663737222771573
891,2026-05-15T15:18:57.867Z,2026-05-15 15:18:57.867000+00:00,5492.834333333333,91.54723888888888,69.29,6,65,test,7,4,4.644610404968262,3.470476627349853,7.575432300567627,6.023900032043457,17.069808959960938,True,False,0.06471020826200716,5.099266123471891,78.05067742024492,77.58340670167793,1.6424462148218077,5.096637599022692,5.099266123471891,-0.45465571850362885,4.616513591206434,0.028096813761827377,4.621974940925609,0.022635464042652487,4.6215161788890535,0.02309422607920819
892,2026-05-15T15:20:07.139Z,2026-05-15 15:20:07.139000+00:00,5493.988866666667,91.56648111111112,69.272,6,65,test,7,5,4.903746604919434,1.3741346597671509,8.039245605,5.798343658447266,15.211723923214416,True,False,0.06188240275910814,5.527353000506624,97.75834085815183,97.29107013958483,1.8430681003376266,5.517203016807573,5.527353000506624,-0.6236063955871902,4.970897824017288,-0.06715121909785449,4.980992600313066,-0.07724599539363197,4.977846609272445,-0.07410000435301178
893,2026-05-15T15:21:16.880Z,2026-05-15 15:21:16.880000+00:00,5495.151216666666,91.5858536111111,69.741,6,65,test,7,6,4.27023983,9.151499748,6.831424713134766,3.245405435562134,19.2283298966969,True,False,0.08312175080728339,4.633515399962855,115.43968816030011,114.97241744173311,1.4580695913083628,4.6571371370822625,4.633515399962855,-0.3632755699628545,4.2309500019295365,0.039289828070463884,4.24679329147704,0.023446538522960303,4.252989174436047,0.01725065556395311
894,2026-05-15T15:22:26.319Z,2026-05-15 15:22:26.319000+00:00,5496.308533333333,91.60514222222221,69.439,6,65,test,7,7,4.123027801513672,9.831826210021973,5.592966079711914,5.723219394683838,21.148011684417725,True,False,0.07293731684997687,4.515793391099266,137.69295482191237,137.22568410334537,1.3257153217234545,4.518265299988388,4.515793391099266,-0.3927655895855944,4.133495896153034,-0.01046809463936249,4.128244690474899,-0.005216888961227184,4.129324003042305,-0.00629620152863275
895,2026-05-15T15:23:35.703Z,2026-05-15 15:23:35.703000+00:00,5497.464933333334,91.62441555555556,69.384,6,65,test,7,8,3.863339424133301,8.514848709106445,2.530998468399048,6.905486583709717,17.95133376121521,True,False,0.06153218097571458,4.235435260635423,162.14851553377304,161.68124481520604,1.561791646623661,4.240792044175226,4.235435260635423,-0.3720958365021225,3.901406322034524,-0.03806689790122331,3.8913783323959463,-0.028038908262645545,3.8934448428894948,-0.03010541875619399
896,2026-05-15T15:24:45.024Z,2026-05-15 15:24:45.024000+00:00,5498.620283333334,91.64367138888889,69.321,6,65,test,7,9,4.318758964538574,8.885738372802734,8.401227951049805,4.075616836547852,21.36258316040039,True,False,0.08092170405635785,4.736043756463407,182.88858899479303,182.42131827622603,1.3123994838784163,4.724765122759147,4.736043756463407,-0.4172847919248328,4.315826308373422,0.0029326561651519256,4.304524241526821,0.014234723011753658,4.300938680602461,0.017820283936113235
897,2026-05-15T15:25:54.435Z,2026-05-15 15:25:54.435000+00:00,5499.777133333334,91.66295222222223,69.411,6,66,test,8,0,4.335851669311523,9.322631836,8.670869827270508,6.293560028076172,24.28706169134668,True,False,0.07408677876287305,4.728962351557077,0.0,-0.46727071856698704,1.1543694939436973,,4.728962351557077,-0.39311068224555346,4.309964091193732,0.025887578117791854,,,,
898,2026-05-15T15:27:04.058Z,2026-05-15 15:27:04.058000+00:00,5500.937516666667,91.68229194444444,69.623,6,66,test,8,1,4.160520553588867,6.780945777893066,4.1375226974487305,1.8140027523040767,12.732471227645874,True,False,0.08575294049465157,4.546062029164282,28.182301602277164,27.715030883710178,2.2019482795409298,4.549094569454168,4.546062029164282,-0.3855414755754145,4.1585532586986975,0.0019672948901696685,4.154562242266309,0.005958311322558529,4.154562242266309,0.005958311322558529
899,2026-05-15T15:28:13.701Z,2026-05-15 15:28:13.701000+00:00,5502.098233333333,91.70163722222222,69.643,6,66,test,8,2,4.161623001098633,7.223861217498779,4.599279403686523,5.634607791900635,17.457748413085938,True,False,0.0677243155384399,4.56465542692615,42.96109316405952,42.49382244549253,1.605948398993073,4.5640675473084915,4.56465542692615,-0.40303242582751686,4.173945477789431,-0.012322476690798112,4.167343995677307,-0.00572099457867381,4.167234938075358,-0.005611936976725573
900,2026-05-15T15:29:22.975Z,2026-05-15 15:29:22.975000+00:00,5503.2528,91.72088000000001,69.274,6,66,test,8,3,4.035914421081543,9.368185997009276,4.217327117919922,7.683747768,21.269260882929196,True,False,0.0638739314436309,4.414603813995723,63.11722755686144,62.64995683829445,1.3181578461206067,4.4180823939471034,4.414603813995723,-0.3786893929141799,4.049727874814262,-0.013813453732718806,4.042723078576765,-0.006808657495222192,4.043812606525837,-0.00789818544429366
901,2026-05-15T15:30:32.330Z,2026-05-15 15:30:32.330000+00:00,5504.408716666667,91.74014527777778,69.355,6,66,test,8,4,3.8660964965820312,9.028949737548828,2.626143455505371,1.2452287673950195,12.900321960449219,True,False,0.09034730473229477,4.2253186889049665,87.70272069912068,87.23544998055368,2.1732979378324706,4.2289162330300085,4.2253186889049665,-0.3592221923229353,3.893031495092368,-0.02693499851033687,3.8812404900047675,-0.015143993422736202,3.8826551998999044,-0.016558703317873125
902,2026-05-15T15:31:41.788Z,2026-05-15 15:31:41.788000+00:00,5505.56635,91.75943916666667,69.458,6,66,test,8,5,4.404218673706055,8.907128334,9.676588058,3.154108047485352,21.73782443948535,True,False,0.08549023129584156,4.7963098944168046,102.63656341126871,102.16929269270172,1.2897446656664133,4.7784439321164305,4.7963098944168046,-0.39209122071074987,4.3657165764681265,0.03850209723792819,4.3503474111912706,0.053871262514784135,4.346306106695157,0.05791256701089775
903,2026-05-15T15:32:51.223Z,2026-05-15 15:32:51.223000+00:00,5506.7236,91.77872666666667,69.435,6,66,test,8,6,4.676036834716797,3.4795165061950684,8.371276855,4.395429611206055,16.24622297240112,True,False,0.07294491391215699,5.141480034238286,127.79266074386314,127.32539002529614,1.7257083792120076,5.135068550885768,5.141480034238286,-0.4654431995214887,4.65145963880434,0.024577195912456773,4.654781704873498,0.021255129843298803,4.652111986016098,0.02392484870069911
904,2026-05-15T15:34:00.496Z,2026-05-15 15:34:00.496000+00:00,5507.8781500000005,91.79796916666668,69.273,6,66,test,8,7,4.177612305,3.0374038219451904,2.325367212295532,4.023921012878418,9.38669204711914,True,False,0.0571316392113514,4.644690378833914,146.54973747664886,146.08246675808186,2.986807596678725,4.657066255019978,4.644690378833914,-0.467078073833914,4.240201012708773,-0.06258870770877234,4.246732782669094,-0.06912047766909346,4.250280253465861,-0.07266794846586055
905,2026-05-15T15:35:09.853Z,2026-05-15 15:35:09.853000+00:00,5509.0341,91.817235,69.357,6,66,test,8,8,4.531582832336426,5.597064971923828,8.557381629943848,3.0040762424468994,17.158522844314575,True,False,0.08249222109791177,4.9446307115534935,157.40028414851622,156.93301342994923,1.6339543542531079,4.931714004309565,4.9446307115534935,-0.41304787921706776,4.4885013704215275,0.043081461914898256,4.481187133731348,0.050395698605077754,4.479178046518232,0.052404785818193744
906,2026-05-15T15:36:19.048Z,2026-05-15 15:36:19.048000+00:00,5510.187349999999,91.83645583333332,69.195,6,66,test,8,9,4.243223190307617,7.992061614990234,5.754061698913574,2.8887853622436523,16.63490867614746,True,False,0.08263419764734965,4.6178362446947,177.188350618722,176.72107990015502,1.6853860553030844,4.62555309189565,4.6178362446947,-0.3746130543870825,4.217970287509614,0.025252902798003518,4.219831421819261,0.02339176848835578,4.2221131040812345,0.021110086226382663
907,2026-05-15T15:37:28.174Z,2026-05-15 15:37:28.174000+00:00,5511.33945,91.8556575,69.126,6,67,test,9,0,5.011812210083008,1.1730668544769287,9.721030235290527,9.638673782348633,20.53277087211609,True,False,0.053057121017026775,5.678567727282116,0.0,-0.46727071856698704,1.3654388532671446,,5.678567727282116,-0.6667555171991078,5.096078290443236,-0.0842660803602282,,,,
908,2026-05-15T15:38:37.478Z,2026-05-15 15:38:37.478000+00:00,5512.494516666667,91.87490861111111,69.304,6,67,test,9,1,4.845854759216309,2.397249698638916,9.144902229309082,3.4551031589508057,14.997255086898804,True,False,0.0769617630764373,5.341621894651355,23.716719208685557,23.24944849011857,1.8694249682070772,5.3482604570910475,5.341621894651355,-0.49576713543504614,4.8171435769505395,0.028711182265769075,4.83677398462228,0.009080774594028895,4.83677398462228,0.009080774594028895
909,2026-05-15T15:39:46.508Z,2026-05-15 15:39:46.508000+00:00,5513.645016666666,91.8940836111111,69.03,6,67,test,9,2,4.329235076904297,8.762042999267578,7.699069976806641,5.447832107543945,21.908945083618164,True,False,0.07513421076755805,4.704291559762483,40.97106118616263,40.50379046759564,1.2796710661793835,4.721551319881808,4.704291559762483,-0.37505648285818616,4.289540807762284,0.03969426914201257,4.301780763489962,0.02745431341433502,4.3065409571142395,0.02269411979005742
910,2026-05-15T15:40:55.539Z,2026-05-15 15:40:55.539000+00:00,5514.795533333334,91.9132588888889,69.031,6,67,test,9,3,5.006850242614746,1.0801368951797483,8.898091316223145,2.262293815612793,12.240522027015686,True,False,0.0815179956327046,5.675934230907223,66.17766765395005,65.71039693538306,2.290445052273202,5.657922279567547,5.675934230907223,-0.6690839882924768,5.093898196535918,-0.08704795392117148,5.1011182649787585,-0.09426802236401244,5.094048861171426,-0.08719861855667954
911,2026-05-15T15:42:04.814Z,2026-05-15 15:42:04.814000+00:00,5515.950116666666,91.93250194444444,69.275,6,67,test,9,4,4.549777030944824,1.1259809732437134,2.807635545730591,4.739164352416992,8.672780871391296,True,False,0.045355885007426336,5.157136047685543,80.31037037764192,79.84309965907492,3.2326705274546637,5.1742891149087615,5.157136047685543,-0.6073590167407188,4.664420195672642,-0.1146431647278181,4.688262524978857,-0.13848549403403254,4.691813072812087,-0.1420360418672626
912,2026-05-15T15:43:14.015Z,2026-05-15 15:43:14.015000+00:00,5517.1034666666665,91.95172444444444,69.201,6,67,test,9,5,4.148941993713379,6.894925594329834,3.6857290267944336,3.856064796447754,14.436719417572021,True,False,0.07328988196754559,4.48884053806113,90.31312219566107,89.84585147709407,1.9420092822399937,4.52005943948731,4.48884053806113,-0.3398985443477507,4.111183448240251,0.03775854547312818,4.129776266149642,0.019165727563736468,4.134718930023659,0.014223063689719595
913,2026-05-15T15:44:23.298Z,2026-05-15 15:44:23.298000+00:00,5518.258183333333,91.97096972222222,69.283,6,67,test,9,6,4.160520553588867,5.277148246765137,3.5383896827697754,9.219036102294922,18.034574031829834,True,False,0.04888132047907574,4.58736239437735,106.98344271912177,106.51617200055477,1.5545830505637173,4.584600817086101,4.58736239437735,-0.42684184078848286,4.192743043590547,-0.03222249000168009,4.18487231860494,-0.024351765016072946,4.18443372674399,-0.023913173155122536
914,2026-05-15T15:45:32.592Z,2026-05-15 15:45:32.592000+00:00,5519.413083333333,91.99021805555554,69.294,6,67,test,9,7,4.511734008789063,3.0430002212524414,5.596164226531982,3.3462939262390137,11.985458374023438,True,False,0.07208038423051412,5.024837850990564,127.81157226848204,127.34430154991504,2.339188226191106,5.015023264880821,5.024837850990564,-0.5131038422015006,4.554899447775002,-0.04316543898593839,4.552304478312662,-0.04057046952359844,4.549089864831663,-0.03735585604259928
915,2026-05-15T15:46:42.382Z,2026-05-15 15:46:42.382000+00:00,5520.57625,92.00960416666666,69.79,6,67,test,9,8,4.670523643493652,3.317999839782715,8.048895835876465,3.286436080932617,14.653331756591797,True,False,0.0775720898460228,5.14505387927243,141.75265793386697,141.28538721529998,1.9133016012830752,5.141024535269616,5.14505387927243,-0.4745302357787775,4.654418183900099,0.01610545959355303,4.659866059131867,0.010657584361785766,4.658930341278817,0.011593302214835788
916,2026-05-15T15:47:51.554Z,2026-05-15 15:47:51.554000+00:00,5521.729116666666,92.0288186111111,69.172,6,67,test,9,9,4.628069877624512,3.219695806503296,6.762788296,1.3365367650985718,11.319020867601868,True,False,0.08819211678525918,5.082497316685765,158.64599567164976,158.17872495308276,2.476914164392665,5.084227634897871,5.082497316685765,-0.45442743906125305,4.602631827838172,0.02543804978633979,4.6113811163152985,0.016688761309213263,4.6118001040270045,0.016269773597507253
917,2026-05-15T15:49:00.656Z,2026-05-15 15:49:00.656000+00:00,5522.880816666667,92.04801361111112,69.102,6,68,test,10,0,4.403667449951172,8.997776031,8.708091735839844,1.5136263370513916,19.219494103891236,True,False,0.09212452560473516,4.746126223803932,0.0,-0.46727071856698704,1.4587399107629435,,4.746126223803932,-0.34245877385276025,4.324172902592947,0.07949454735822492,,,,
918,2026-05-15T15:50:09.753Z,2026-05-15 15:50:09.753000+00:00,5524.032433333333,92.06720722222221,69.097,6,68,test,10,1,4.217309951782227,7.080188751220703,4.900061607,9.592736244,21.572986602220702,True,False,0.055533573441275255,4.600967415695577,22.133489734942877,21.66621901637589,1.2995995237457385,4.604031932921889,4.600967415695577,-0.38365746391335076,4.204005722501968,0.01330422928025854,4.20145978260375,0.015850169178476925,4.20145978260375,0.015850169178476925
919,2026-05-15T15:51:19.043Z,2026-05-15 15:51:19.043000+00:00,5525.187266666666,92.08645444444443,69.29,6,68,test,10,2,4.921941757202148,1.2119569778442385,7.535095215,3.012435913085937,11.759488105930176,True,False,0.07438293328799916,5.553738070709828,47.04669376274075,46.579423044173765,2.384138056135357,5.5358679554046555,5.553738070709828,-0.6317963135076798,4.9927402428421574,-0.07079848564000901,4.996926013485812,-0.07498425628366334,4.989972983847414,-0.06803122664526562
920,2026-05-15T15:52:28.442Z,2026-05-15 15:52:28.442000+00:00,5526.343916666667,92.10573194444444,69.399,6,68,test,10,3,4.676036834716797,2.384669780731201,6.028568267822266,3.3284003734588623,11.741638422012329,True,False,0.07165301592647386,5.1629909544089685,60.64830568046489,60.1810349618979,2.387762431983854,5.176414707925561,5.1629909544089685,-0.4869541196921716,4.669267077786228,0.006769756930569137,4.690077047517875,-0.0140402128010777,4.692678912600354,-0.016642077883557427
921,2026-05-15T15:53:37.727Z,2026-05-15 15:53:37.727000+00:00,5527.498666666666,92.12497777777777,69.285,6,68,test,10,4,4.775832176208496,3.533058881759644,9.354855537,1.5001885890960691,14.388103007855713,True,False,0.0895734094461446,5.183046044470558,74.20696264828362,73.73969192971663,1.9485711979342797,5.182354887789904,5.183046044470558,-0.40721386826206185,4.685869333278522,0.0899628429299737,4.695147910173366,0.08068426603512968,4.6951263217197665,0.08070585448872958
922,2026-05-15T15:54:47.266Z,2026-05-15 15:54:47.266000+00:00,5528.657649999999,92.14429416666665,69.539,6,68,test,10,5,4.059070587158203,9.958820343017578,4.521877288818359,2.04067611694336,16.521373748779297,True,False,0.08764826613105259,4.417991788329946,90.88253423267159,90.4152635141046,1.6969680330663008,4.4394295813435445,4.417991788329946,-0.35892120117174287,4.052532550102449,0.0065380370557539536,4.0609462061319075,-0.0018756189737043627,4.066395845107646,-0.007325257949442943
923,2026-05-15T15:55:57.083Z,2026-05-15 15:55:57.083000+00:00,5529.821266666667,92.16368777777778,69.817,6,68,test,10,6,4.726210594177246,2.8971753120422363,8.102963448,1.1195892095565796,12.119727969598816,True,False,0.09076225792884987,5.206822268368318,110.10708008298033,109.63980936441334,2.31327329989134,5.187648999563678,5.206822268368318,-0.48061167419107154,4.7055520643248725,0.020658529852373597,4.699667253745567,0.026543340431679496,4.694327930094635,0.031882664082611534
924,2026-05-15T15:57:06.448Z,2026-05-15 15:57:06.448000+00:00,5530.97735,92.18295583333334,69.365,6,68,test,10,7,4.360110282897949,7.773075580596924,6.85299015,1.702354907989502,16.328420638586426,True,False,0.08957428311243654,4.705670647446108,124.11849559316737,123.65122487460037,1.7170211213058484,4.722383696734317,4.705670647446108,-0.34556036454815864,4.290682461377377,0.06942782152057259,4.302491325929665,0.057618956968283896,4.305898774096602,0.054211508801347286
925,2026-05-15T15:58:15.657Z,2026-05-15 15:58:15.657000+00:00,5532.130833333333,92.20218055555554,69.209,6,68,test,10,8,4.675485610961914,2.031219482421875,5.599815368652344,1.5043443441390991,9.135379195213318,True,False,0.08353276517599476,5.200584545189402,142.95305665943283,142.48578594086584,3.068974206205849,5.188306118746988,5.200584545189402,-0.5250989342274881,4.700388274305055,-0.024902663343141285,4.7002282066464804,-0.024742595684566382,4.696762292092404,-0.021276681130490083
926,2026-05-15T15:59:24.786Z,2026-05-15 15:59:24.786000+00:00,5533.2829833333335,92.22138305555556,69.129,6,68,test,10,9,4.704707145690918,1.3532836437225342,4.970680236816406,5.1910271644592285,11.514991044998169,True,False,0.054919399032324186,5.325249283831233,153.47838379919784,153.01111308063085,2.434760305453948,5.319714806733123,5.325249283831233,-0.6205421381403147,4.803589797482245,-0.09888265179132727,4.812405855090439,-0.10769870939952142,4.811383841339518,-0.10667669564860027
927,2026-05-15T16:00:33.952Z,2026-05-15 16:00:33.952000+00:00,5534.435750000001,92.24059583333334,69.166,6,69,test,11,0,4.002281188964844,7.778479576,3.191003799438477,7.472362995147705,18.441846370586184,True,False,0.05948148116521701,4.374525790720254,0.0,-0.46727071856698704,1.520251419008436,,4.374525790720254,-0.3722446017554102,4.016549984313544,-0.01426879534870018,,,,
928,2026-05-15T16:01:43.271Z,2026-05-15 16:01:43.271000+00:00,5535.591066666666,92.2598511111111,69.319,6,69,test,11,1,4.102075576782227,2.584921836853028,1.8162142038345337,5.558938026428223,9.960074067115784,True,False,0.044187784257733266,4.60772007339582,21.3061724760444,20.838901757477412,2.8148629141809076,4.602605834310689,4.60772007339582,-0.5056444966135931,4.209595792057734,-0.1075202152755077,4.200242386774711,-0.09816680999248462,4.200242386774711,-0.09816680999248462
929,2026-05-15T16:02:52.753Z,2026-05-15 16:02:52.753000+00:00,5536.7491,92.27915166666666,69.482,6,69,test,11,2,3.859480857849121,9.199625968933104,2.708107709884644,4.497371673583984,16.405105352401733,True,False,0.07258553616709591,4.230894319613479,32.84027024823338,32.372999529666394,1.7089950056257743,4.24616032864359,4.230894319613479,-0.37141346176435786,3.8976471834422646,-0.03816632559314348,3.8959609938399358,-0.03648013599081468,3.8985859608343314,-0.039105102985210305
930,2026-05-15T16:04:01.964Z,2026-05-15 16:04:01.964000+00:00,5537.902616666667,92.29837694444446,69.211,6,69,test,11,3,3.691316604614258,7.729015350341797,1.7057859897613523,8.430353164672852,17.865154504776,True,False,0.052811193642802734,4.108115395619895,51.76383269065132,51.29656197208433,1.5693255329263522,4.111147118437094,4.108115395619895,-0.416798791005637,3.796006798933869,-0.10469019431961124,3.780706327942712,-0.08938972332845418,3.7817422760879666,-0.09042567147370884
931,2026-05-15T16:05:11.064Z,2026-05-15 16:05:11.064000+00:00,5539.054283333333,92.31757138888888,69.1,6,69,test,11,4,4.140119552612305,8.402395248413086,5.110621929168701,7.974367141723633,21.48738431930542,True,False,0.06288814393030132,4.544907845479078,72.33853562865168,71.87126491008469,1.3047769192097503,4.534987881019549,4.544907845479078,-0.4047882928667734,4.157597787924548,-0.01747823531224313,4.1425200009185055,-0.0024004483062007864,4.1393252535985425,0.0007942990137621564
932,2026-05-15T16:06:20.292Z,2026-05-15 16:06:20.292000+00:00,5540.208083333333,92.33680138888889,69.228,6,69,test,11,5,4.415797233581543,3.5168278217315674,4.867520332336426,9.176299095153809,17.5606472492218,True,False,0.0477450975187691,4.901625173623448,97.13067965626627,96.66340893769927,1.596538140999424,4.8949019325007095,4.901625173623448,-0.4858279400419052,4.452899988123792,-0.037102754542249095,4.449762334403747,-0.033965100822204164,4.447037326274283,-0.031240092692740085
933,2026-05-15T16:07:29.464Z,2026-05-15 16:07:29.464000+00:00,5541.36095,92.35601583333333,69.172,6,69,test,11,6,4.28953743,9.299139022827148,7.716714859008789,2.809561491012573,19.82541537284851,True,False,0.08582848612160555,4.67941682777229,117.37576451498578,116.90849379641878,1.4141566563299188,4.684545551813806,4.67941682777229,-0.3898793977722894,4.2689486960073495,0.02058873399265071,4.270190614433995,0.019346815566005482,4.271748927932765,0.017788502067235257
934,2026-05-15T16:08:38.543Z,2026-05-15 16:08:38.543000+00:00,5542.512266666667,92.37520444444445,69.079,6,69,test,11,7,3.680289268493652,7.916508197784424,1.5245411396026611,7.488248825073242,16.929298162460327,True,False,0.05576751763001037,4.049714388202819,140.2010956573358,139.7338249387688,1.6560782877690616,4.062605395548385,4.049714388202819,-0.36942511970916714,3.7476605465277197,-0.06737127803406784,3.739268456455492,-0.05897918796184021,3.7439904386583933,-0.06370117016474142
935,2026-05-15T16:09:47.705Z,2026-05-15 16:09:47.705000+00:00,5543.664966666666,92.3944161111111,69.162,6,69,test,11,8,4.327580451965332,6.388840198516846,6.234550952911377,5.000342369,17.623733520428225,True,False,0.07162722437215732,4.749814673297108,159.71549764920383,159.24822693063683,1.5908231409378455,4.733050830704274,4.749814673297108,-0.42223422133177557,4.327226320985388,0.00035413097994396736,4.3115973753296295,0.01598307663570253,4.306592392234843,0.020988059730489006
936,2026-05-15T16:10:57.132Z,2026-05-15 16:10:57.132000+00:00,5544.8220833333335,92.4137013888889,69.427,6,69,test,11,9,4.628069877624512,4.637896060943604,9.386502265930176,2.1244165897369385,16.148814916610718,True,False,0.08684475238147812,5.066376679855392,180.10821343458332,179.64094271601633,1.7361176816251118,5.059123101772303,5.066376679855392,-0.4383068022308807,4.589286640629617,0.03878323699489439,4.589950512795333,0.03811936482917844,4.587496832139401,0.04057304548511098
937,2026-05-15T16:12:06.577Z,2026-05-15 16:12:06.577000+00:00,5545.9795,92.43299166666667,69.445,6,70,test,12,0,4.421862602233887,8.974524498,9.187628746032717,3.639041423797608,21.801194667830323,True,False,0.08330806417151373,4.770545709430042,0.0,-0.46727071856698704,1.2859957236834039,,4.770545709430042,-0.34868310719615536,4.344388146608806,0.07747445562508037,,,,
938,2026-05-15T16:13:15.951Z,2026-05-15 16:13:15.951000+00:00,5547.135733333333,92.45226222222222,69.374,6,70,test,12,1,4.47203540802002,8.240070343017578,9.526117324829102,2.238084554672241,20.00427222251892,True,False,0.0888119671149405,4.823280369926695,25.20726798143435,24.739997262867362,1.4015127769786428,4.8223028200104645,4.823280369926695,-0.35124496190667465,4.388043612835889,0.08399179518413113,4.387787758421881,0.08424764959813924,4.387787758421881,0.08424764959813924
939,2026-05-15T16:14:25.054Z,2026-05-15 16:14:25.054000+00:00,5548.28745,92.4714575,69.103,6,70,test,12,2,4.3137969970703125,1.7774723768234253,2.057887554168701,1.8281068801879885,5.663466811180115,True,False,0.06772106306725122,4.824005528102902,48.246521704646426,47.77925098607944,4.950367689746772,4.823990820804387,4.824005528102902,-0.5102085310325899,4.388643922347178,-0.07484692527686576,4.389228728288758,-0.07543173121844582,4.389215970876943,-0.07541897380663087
940,2026-05-15T16:15:34.258Z,2026-05-15 16:15:34.258000+00:00,5549.44085,92.49068083333333,69.204,6,70,test,12,3,4.249288558959961,2.068960666656494,2.164322853088379,1.1377668380737305,5.3710503578186035,True,False,0.07881667900548557,4.779935826033298,54.778764324661566,54.31149360609458,5.219880888513183,4.783088262730918,4.779935826033298,-0.5306472670733369,4.352161590381481,-0.10287303142152027,4.354312066001494,-0.10502350704153329,4.354618954924384,-0.1053303959644234
941,2026-05-15T16:16:43.565Z,2026-05-15 16:16:43.565000+00:00,5550.595966666666,92.50993277777776,69.307,6,70,test,12,4,4.705810547,3.1947031021118164,8.334090232849121,2.717710494995117,14.246503829956055,True,False,0.0809236671155726,5.176606065217636,60.9829541104838,60.515683391916816,1.9679384815148506,5.146730707742052,5.176606065217636,-0.47079551821763665,4.680538109105819,0.025272437894180655,4.664737160269723,0.04107338673027616,4.662029622249934,0.043780924750065786
942,2026-05-15T16:17:52.840Z,2026-05-15 16:17:52.840000+00:00,5551.75055,92.52917583333333,69.275,6,70,test,12,5,4.467624664306641,7.016859531402588,8.556081771850586,9.509085655212402,25.082026958465576,True,False,0.062088049458845926,4.846534456806213,77.43172999082057,76.96445927225358,1.1177821936179904,4.855911008518207,4.846534456806213,-0.3789097924995728,4.40729410188521,0.060330562421430756,4.416477547605817,0.0511471167008235,4.4186260782703854,0.048998586036255176
943,2026-05-15T16:19:01.914Z,2026-05-15 16:19:01.914000+00:00,5552.901783333334,92.54836305555555,69.074,6,70,test,12,6,4.763151168823242,1.5192726850509644,5.532633304595947,2.1509549617767334,9.202860951423645,True,False,0.0766273230343224,5.321456051752372,106.30699549297142,105.83972477440443,3.046470359815893,5.313770686749686,5.321456051752372,-0.5583048829291295,4.800449636659161,-0.03729846783591917,4.807331628933634,-0.04418046011039145,4.803883448826782,-0.04073228000353968
944,2026-05-15T16:20:10.749Z,2026-05-15 16:20:10.749000+00:00,5554.049033333333,92.56748388888887,68.835,6,70,test,12,7,3.8936643600463863,5.865920066833496,1.8788107633590696,7.416406154632568,15.161136984825134,True,False,0.05108278381723158,4.268039320787582,116.8649777194922,116.39770700092521,1.84921771646024,4.3146609935909295,4.268039320787582,-0.3743749607411959,3.9283970229024794,-0.03473266285609311,3.9544369106792447,-0.06077255063285847,3.9620964984066136,-0.06843213836022732
945,2026-05-15T16:21:20.020Z,2026-05-15 16:21:20.020000+00:00,5555.20355,92.58672583333333,69.271,6,70,test,12,8,4.3490839,9.442098617553713,9.434246063232422,7.369277954101562,26.245622634887695,True,False,0.07192187795801899,4.760058339770668,134.36876305408924,133.90149233552225,1.0682254905529007,4.746923690541713,4.760058339770668,-0.4109744397706683,4.335706361087408,0.01337753891259208,4.323440007788763,0.025643892211236974,4.320277460430545,0.028806439569454945
946,2026-05-15T16:22:29.128Z,2026-05-15 16:22:29.128000+00:00,5556.35535,92.60592249999999,69.108,6,70,test,12,9,4.243774414,7.910520553588867,5.714842796325684,4.242598056793213,17.867961406707764,True,False,0.07625583601719382,4.619361028363886,164.5984712049529,164.1312004863859,1.5690790054815213,4.621535833806049,4.619361028363886,-0.3755866143638862,4.219232552997755,0.024541861002244758,4.2164020704377805,0.027372343562219292,4.217321401225631,0.026453012774369178
947,2026-05-15T16:23:38.729Z,2026-05-15 16:23:38.729000+00:00,5557.515366666667,92.62525611111113,69.601,6,71,test,13,0,4.470381736755371,7.911612033843994,9.568257331848145,1.4983625411987305,18.97823190689087,True,False,0.09210483595864015,4.842841152543922,0.0,-0.46727071856698704,1.4772842513237205,,4.842841152543922,-0.37245941578855124,4.404236664557079,0.06614507219829235,,,,
948,2026-05-15T16:24:48.157Z,2026-05-15 16:24:48.157000+00:00,5558.6725,92.64454166666665,69.428,6,71,test,13,1,4.731724739074707,2.410114049911499,7.474205017089844,9.311722755432127,19.19604182243347,True,False,0.05149144369674182,5.251783521018767,21.960344747193652,21.493074028626665,1.4605220895723743,5.243082073178603,5.251783521018767,-0.5200587819440603,4.742772450843406,-0.011047711768698676,4.746987959396316,-0.015263220321608983,4.746987959396316,-0.015263220321608983
949,2026-05-15T16:25:57.557Z,2026-05-15 16:25:57.557000+00:00,5559.829166666666,92.66381944444444,69.4,6,71,test,13,2,4.516695976257324,4.018672943115234,5.932935715,8.834968566894531,18.786577225009765,True,False,0.052971909352743006,4.92958746949837,44.1637664551417,43.69649573657471,1.492355035098984,4.93636808117587,4.92958746949837,-0.41289149324104546,4.476048085631252,0.040647890626072325,4.485160108475565,0.03153586778175921,4.487431543537005,0.029264432720319533
950,2026-05-15T16:27:07.096Z,2026-05-15 16:27:07.096000+00:00,5560.98815,92.68313583333334,69.539,6,71,test,13,3,4.4885759353637695,7.218587875366211,8.894198417663574,5.518002510070801,21.630788803100586,True,False,0.07449005415244106,4.850986825111099,65.9370963493076,65.4698256307406,1.2961267094429987,4.852673649302034,4.850986825111099,-0.3624108897473297,4.410979917103018,0.0775960182607518,4.413713960588822,0.07486197477494727,4.4143474308023425,0.07422850456142704
951,2026-05-15T16:28:16.244Z,2026-05-15 16:28:16.244000+00:00,5562.140616666667,92.7023436111111,69.148,6,71,test,13,4,4.812222480773926,2.736635446548462,9.247177124023438,2.05918026,14.0429928305719,True,False,0.08533659964906398,5.288940670255413,90.86585941858758,90.39858870002058,1.9964578386014493,5.280731558260926,5.288940670255413,-0.47671818948148736,4.7735323468646955,0.03869013390923026,4.779127620528207,0.033094860245718394,4.775908019380529,0.036314461393397224
952,2026-05-15T16:29:25.606Z,2026-05-15 16:29:25.606000+00:00,5563.29665,92.72161083333334,69.362,6,71,test,13,5,4.665560722351074,4.204248905181885,9.19395351409912,6.249533653259277,19.647736072540283,True,False,0.06819209281829859,5.1000487914241655,107.1000272304897,106.63275651192271,1.4269452221115049,5.105485697397765,5.1000487914241655,-0.43448806907309123,4.617161509179846,0.048399213171228084,4.629528161980684,0.0360325603703906,4.630801356314228,0.03475936603684637
953,2026-05-15T16:30:34.766Z,2026-05-15 16:30:34.766000+00:00,5564.449316666666,92.74082194444443,69.16,6,71,test,13,6,3.7596845626831055,9.971034049987791,2.204766273498535,1.5700346231460571,13.745834946632383,True,False,0.0885781065374228,4.107200620039394,129.74731767677113,129.28004695820414,2.039617325747671,4.127685581786642,4.107200620039394,-0.3475160573562883,3.795249517971333,-0.03556495528822756,3.794824465455999,-0.03513990277289336,3.802196860666982,-0.04251229798387657
954,2026-05-15T16:31:44.104Z,2026-05-15 16:31:44.104000+00:00,5565.60495,92.7600825,69.338,6,71,test,13,7,4.720145225524902,2.496918201446533,7.547965049743652,4.939545631408691,14.984428882598877,True,False,0.06703547615922226,5.240624829363935,145.63246273559773,145.16519201703073,1.8710251377399616,5.2072845014808085,5.240624829363935,-0.5204796038390329,4.733534923151218,-0.013389697626315922,4.716429192890054,0.003716032634848432,4.708464245000655,0.011680980524247708
955,2026-05-15T16:32:53.356Z,2026-05-15 16:32:53.356000+00:00,5566.75915,92.77931916666667,69.252,6,71,test,13,8,4.222823143005371,5.724366664886475,4.297187805175781,6.728175640106201,16.749730110168457,True,False,0.05983113998940408,4.636141774332138,162.92749055189336,162.46021983332636,1.6738325292178247,4.65247347581805,4.636141774332138,-0.41331863132676716,4.233124200009094,-0.010301057003722747,4.242812134966188,-0.01998899196081716,4.246892911389426,-0.024069768384054946
956,2026-05-15T16:34:02.835Z,2026-05-15 16:34:02.835000+00:00,5567.917133333333,92.7986188888889,69.479,6,71,test,13,9,4.430132865905762,8.739266395568848,9.688598633,5.688961982727051,24.116827011295896,True,False,0.07641081896858803,4.805143005065385,182.32339885729994,181.85612813873294,1.1625179009198656,4.801071562507501,4.805143005065385,-0.375010139159623,4.373028912604692,0.057103953301069765,4.369663594968991,0.060469270936771125,4.3686042625860795,0.06152860331968224
957,2026-05-15T16:35:11.957Z,2026-05-15 16:35:11.957000+00:00,5569.069166666667,92.81781944444445,69.122,6,72,test,14,0,4.779691696166992,3.2367043495178223,9.680793762207031,3.2136807441711426,16.131178855895996,True,False,0.08007783080902031,5.23597564403862,0.0,-0.46727071856698704,1.7380157621754895,,5.23597564403862,-0.4562839478716274,4.729686176405885,0.050005519761107564,,,,
958,2026-05-15T16:36:21.169Z,2026-05-15 16:36:21.169000+00:00,5570.2227,92.837045,69.212,6,72,test,14,1,4.276304244995117,9.889732360839844,7.705867290496826,7.009294033050537,24.604893684387207,True,False,0.07151260183051222,4.652186495269529,18.607852516237894,18.140581797670908,1.1394580067545401,4.666846304874044,4.652186495269529,-0.3758822502744117,4.246406541573608,0.029897703421509547,4.255081568515045,0.02122267648007181,4.255081568515045,0.02122267648007181
959,2026-05-15T16:37:30.165Z,2026-05-15 16:37:30.165000+00:00,5571.372633333333,92.85621055555556,68.996,6,72,test,14,2,4.623106956481934,3.819732666015625,7.7725934982299805,2.718940734863281,14.311266899108887,True,False,0.08100139733238725,5.068740129463345,46.90183992703756,46.43456920847057,1.9590329292066337,5.061860812202564,5.068740129463345,-0.44563317298141136,4.591243181044738,0.03186377543719576,4.592287572261444,0.030819384220489354,4.589280238014991,0.033826718466942296
960,2026-05-15T16:38:39.375Z,2026-05-15 16:38:39.375000+00:00,5572.526133333334,92.87543555555557,69.21,6,72,test,14,3,4.6286211013793945,4.305356025695801,8.340192794799805,8.121681213378906,20.76723003387451,True,False,0.06089184161714775,5.047451763747565,63.40988629515965,62.942615576592665,1.350023237007913,5.048054344435995,5.047451763747565,-0.4188306623681708,4.573619979875291,0.05500112150410352,4.580501615707837,0.04811948567155788,4.580578769151393,0.04804233222800125
961,2026-05-15T16:39:48.968Z,2026-05-15 16:39:48.968000+00:00,5573.6860166666675,92.89476694444446,69.593,6,72,test,14,4,4.448879241943359,8.030914306640625,9.249985694885254,2.794346809387207,20.075246810913086,True,False,0.08608063534308244,4.8216818479381836,87.49745029095013,87.03017957238313,1.3965578295544774,4.826061521649045,4.8216818479381836,-0.3728026059948242,4.386720304369968,0.062158937573391526,4.390996391865226,0.05788285007813343,4.392619505252232,0.05625973669112749
962,2026-05-15T16:40:58.397Z,2026-05-15 16:40:58.397000+00:00,5574.8431666666675,92.9140527777778,69.429,6,72,test,14,5,4.671626091003418,2.8272743225097656,6.965917587280273,8.097490310668945,17.890682220458984,True,False,0.05473906354778904,5.151882701252399,110.72752213819821,110.26025141963122,1.5670863060749147,5.145240742027557,5.151882701252399,-0.4802566102489809,4.6600713047225275,0.011554786280890461,4.663465243985682,0.008160847017736117,4.6611202325362,0.01050585846721841
963,2026-05-15T16:42:08.186Z,2026-05-15 16:42:08.186000+00:00,5576.006316666667,92.93343861111111,69.789,6,72,test,14,6,4.574587821960449,5.771810054779053,9.672450065612791,7.368464469909668,22.812724590301514,True,False,0.06770019976902601,4.984508506309565,131.5370691629251,131.0697984443581,1.2289739002038542,4.988266832247539,4.984508506309565,-0.40992068434911566,4.521513505244974,0.0530743167154748,4.529463722959656,0.04512409900079284,4.530575891278241,0.04401193068220799
964,2026-05-15T16:43:17.886Z,2026-05-15 16:43:17.886000+00:00,5577.167983333334,92.95279972222222,69.7,6,72,test,14,7,4.3634185791015625,6.490137100219727,6.007671833,3.5099658966064453,16.00777482982617,True,False,0.07807336788579404,4.726870255423416,158.03785089532536,157.57058017675837,1.7514141354475603,4.731413019928914,4.726870255423416,-0.36345167632185316,4.308232186005632,0.055186393095930875,4.310199250409644,0.05321932869191848,4.312072250197487,0.0513463289040752
965,2026-05-15T16:44:27.471Z,2026-05-15 16:44:27.471000+00:00,5578.3277333333335,92.97212888888889,69.585,6,72,test,14,8,4.021027565002441,5.660436630249023,2.380804538726806,1.6003427505493164,9.641583919525146,True,False,0.08340166134623932,4.384903170766493,176.60286775421628,176.13559703564928,2.9078461949849443,4.393510284166306,4.384903170766493,-0.36387560576405154,4.025140716857711,-0.0041131518552699475,4.021746980764971,-0.0007194157625294295,4.024233967073338,-0.003206402070896175
966,2026-05-15T16:45:36.892Z,2026-05-15 16:45:36.892000+00:00,5579.4847500000005,92.99141250000001,69.421,6,72,test,14,9,4.897130966186523,1.116580843925476,7.240491390228271,8.146263122558594,16.50333535671234,True,False,0.0506386863838085,5.572076087233035,187.7583410421722,187.2910703236052,1.698822844475262,5.522348825339135,5.572076087233035,-0.6749451210465116,5.007921049041742,-0.11079008285521841,4.985385344120646,-0.08825437793412227,4.977059037219915,-0.07992807103339139
967,2026-05-15T16:46:46.877Z,2026-05-15 16:46:46.877000+00:00,5580.6511666666665,93.01085277777777,69.985,6,73,test,15,0,4.342467308044434,8.176307678222656,7.321658611297607,5.028088092803955,20.52605438232422,True,False,0.07550387425099178,4.712499626686432,0.0,-0.46727071856698704,1.3658856491271074,,4.712499626686432,-0.37003231864199826,4.296335712385039,0.04613159565939462,,,,
968,2026-05-15T16:47:56.232Z,2026-05-15 16:47:56.232000+00:00,5581.807083333333,93.03011805555555,69.355,6,73,test,15,1,4.142876625061035,7.734370708465576,4.288270950317383,1.542698860168457,13.565340518951416,True,False,0.08862764367755285,4.504525396657203,23.726408361434938,23.25913764286795,2.0667555727665867,4.5086212659699445,4.504525396657203,-0.36164877159616804,4.124167884060425,0.018708741000610374,4.120012015190776,0.0228646098702594,4.120012015190776,0.0228646098702594
969,2026-05-15T16:49:05.824Z,2026-05-15 16:49:05.824000+00:00,5582.96695,93.04944916666666,69.592,6,73,test,15,2,4.256456375,5.253758907318115,4.171286106109619,5.122701644897461,14.547746658325195,True,False,0.06478697515696764,4.660393703580476,39.46039465134939,38.9931239327824,1.9271880224814752,4.655764698925467,4.660393703580476,-0.4039373285804757,4.253200735408607,0.003255639591392523,4.245621703148876,0.010834671851124078,4.244546219679936,0.011910155320063787
970,2026-05-15T16:50:15.114Z,2026-05-15 16:50:15.114000+00:00,5584.121783333333,93.06869638888888,69.29,6,73,test,15,3,4.572933197021484,2.891408920288086,5.721688270568848,1.7824033498764038,10.395500540733337,True,False,0.08285408823853838,5.056620982466615,56.26061741727194,55.79334669870495,2.6969594204880334,5.045600568755405,5.056620982466615,-0.4836877854451309,4.581210557198599,-0.008277360177114446,4.578406938484619,-0.005473741463134729,4.5754887209879795,-0.0025555239664951657
971,2026-05-15T16:51:24.387Z,2026-05-15 16:51:24.387000+00:00,5585.276333333333,93.08793888888889,69.273,6,73,test,15,4,4.1417741775512695,6.537575721740723,3.9703214168548575,7.424096584320068,17.93199372291565,True,False,0.058598599246481614,4.5443089751007735,68.26274256657561,67.79547184800862,1.5634760722780732,4.564254476154495,4.5443089751007735,-0.40253479754950394,4.157102023557654,-0.01532784600638415,4.167503568371414,-0.02572939082014436,4.171073843813449,-0.029299666262179613
972,2026-05-15T16:52:33.886Z,2026-05-15 16:52:33.886000+00:00,5586.43465,93.10724416666667,69.499,6,73,test,15,5,4.366726875305176,9.107599258422852,8.976686477661133,2.1234521865844727,20.207737922668457,True,False,0.0894918857582647,4.754054135292434,89.03366976239086,88.56639904382386,1.3874013618599523,4.7493356279867776,4.754054135292434,-0.38732725998725837,4.330735885439107,0.03599098986606908,4.325498969604208,0.04122790570096768,4.324168327124066,0.042558548181109934
973,2026-05-15T16:53:43.482Z,2026-05-15 16:53:43.482000+00:00,5587.5945833333335,93.12657638888889,69.596,6,73,test,15,6,4.439505577087402,2.407575845718384,3.603735685348511,1.829336404800415,7.84064793586731,True,False,0.07666855571422798,4.935446680861189,112.4732985701581,112.0060278515911,3.5757558996835552,4.93183060716797,4.935446680861189,-0.4959411037737871,4.480898531265261,-0.0413929541778586,4.481286672313296,-0.04178109522589324,4.479941776418031,-0.04043619933062903
974,2026-05-15T16:54:53.026Z,2026-05-15 16:54:53.026000+00:00,5588.75365,93.14589416666666,69.544,6,73,test,15,7,4.552533149719238,5.5715813636779785,8.967796325683594,9.425886154174805,23.965263843536377,True,False,0.06066854838021306,4.967034008581846,121.5611322376907,121.0938615191237,1.1698699958849323,4.965409877478482,4.967034008581846,-0.414500858862608,4.507047547975067,0.045485601744171156,4.509951775341298,0.042581374377940406,4.509693981491109,0.042839168228129054
975,2026-05-15T16:56:02.482Z,2026-05-15 16:56:02.482000+00:00,5589.91125,93.1651875,69.456,6,73,test,15,8,4.341364860534668,7.438154220581055,6.747581481933594,1.9757425785064695,16.161478281021118,True,False,0.08777498849949489,4.718062640735477,149.30332166296841,148.83605094440142,1.7347573425224954,4.722256146452447,4.718062640735477,-0.3766977802008089,4.3009409562540935,0.04042390428057452,4.302382442027863,0.03898241850680506,4.304174055537848,0.03719080499682015
976,2026-05-15T16:57:12.130Z,2026-05-15 16:57:12.130000+00:00,5591.07205,93.18453416666667,69.648,6,73,test,15,9,4.486371040344238,7.390966892242432,9.420244216918944,6.249266147613525,23.060477256774902,True,False,0.07290053419957923,4.865690368501959,168.06356565157773,167.59629493301074,1.215770289653589,4.862013331333586,4.865690368501959,-0.3793193281577203,4.423151988296286,0.06321905204795186,4.4216868243588685,0.06468421598536978,4.420684514436571,0.0656865259076671
977,2026-05-15T16:58:21.774Z,2026-05-15 16:58:21.774000+00:00,5592.232783333334,93.20387972222223,69.644,6,74,test,16,0,3.644451141357422,8.669244766235352,1.5069795846939087,8.025522232055664,18.201746582984924,True,False,0.05590795534117611,4.006167034740492,0.0,-0.46727071856698704,1.5403051012822928,,4.006167034740492,-0.36171589338307,3.7116106317193345,-0.0671594903619126,,,,
978,2026-05-15T16:59:31.409Z,2026-05-15 16:59:31.409000+00:00,5593.393366666667,93.22322277777779,69.635,6,74,test,16,1,4.764253616333008,1.5902265310287476,6.642034530639648,2.2987780570983887,10.531039118766785,True,False,0.07817140330433431,5.380990324108458,21.124643721769253,20.657373003202267,2.6622485015801884,5.3505796495055264,5.380990324108458,-0.6167367077754502,4.849734042621347,-0.0854804262883393,4.838753774203413,-0.0745001578704052,4.838753774203413,-0.0745001578704052
979,2026-05-15T17:00:40.926Z,2026-05-15 17:00:40.926000+00:00,5594.551983333334,93.24253305555557,69.517,6,74,test,16,2,4.441160202026367,7.732209205627441,9.541670799255373,5.964903354644775,23.238783359527588,True,False,0.0743321185865815,4.851653340789509,33.3260811620911,32.85881044352411,1.2064419500913648,4.871925023840732,4.851653340789509,-0.4104931387631421,4.411531680448313,0.02962852157805429,4.430147987578675,0.011012214447692514,4.433664508406969,0.007495693619397947
980,2026-05-15T17:01:50.213Z,2026-05-15 17:01:50.213000+00:00,5595.706766666667,93.26177944444446,69.287,6,74,test,16,3,4.080574035644531,4.049408912658691,2.106831312179565,1.7407934665679932,7.89703369140625,True,False,0.07795636267245044,4.477062924122699,60.16184087261757,59.69457015405058,3.55022457920231,4.483585382776834,4.477062924122699,-0.3964888884781681,4.101433556562132,-0.02085952091760035,4.098640015010567,-0.01806597936603538,4.1015690058622765,-0.020994970217745212
981,2026-05-15T17:02:59.439Z,2026-05-15 17:02:59.439000+00:00,5596.8605333333335,93.28100888888889,69.226,6,74,test,16,4,4.267482757568359,6.034497261047363,4.827116966247559,5.965817451477051,16.827431678771973,True,False,0.06454707072735878,4.663637868846376,69.27317511130572,68.80590439273873,1.6661035177095571,4.654069455900065,4.663637868846376,-0.3961551112780164,4.2558863608751745,0.011596396693184907,4.244174550916819,0.02330820665154043,4.242922592109594,0.02456016545876505
982,2026-05-15T17:04:08.710Z,2026-05-15 17:04:08.710000+00:00,5598.01505,93.30025083333334,69.271,6,74,test,16,5,4.258110046386719,6.300592899,5.113834857940674,4.331907272338867,15.74633502927954,True,False,0.07248942522635334,4.669883333677977,88.7007254416426,88.23345472307561,1.7804932425156201,4.669733117989946,4.669883333677977,-0.4117732872912585,4.261056559686746,-0.0029465133000270427,4.257545910194442,0.0005641361922767985,4.257417924123634,0.0006921222630849044
983,2026-05-15T17:05:17.814Z,2026-05-15 17:05:17.814000+00:00,5599.166783333333,93.31944638888889,69.104,6,74,test,16,6,4.335851669311523,1.7532707452774048,2.351337194442749,3.550601005554199,7.655208945274353,True,False,0.053618496491254816,4.887894426136843,106.83630437269815,106.36903365413116,3.6623746411685225,4.882277279851296,4.887894426136843,-0.5520427568253199,4.441533229003154,-0.10568155969163051,4.438985239918317,-0.10313357060679351,4.437377870721432,-0.10152620140990898
984,2026-05-15T17:06:27.126Z,2026-05-15 17:06:27.126000+00:00,5600.321983333333,93.33869972222222,69.312,6,74,test,16,7,4.412489891052246,4.361614227294922,5.504227638244629,9.805163383483888,19.671005249023438,True,False,0.05015423330248635,4.8615320630477,115.67960174627908,115.21233102771208,1.4252572636271892,4.862925023142041,4.8615320630477,-0.4490421719954538,4.419709607865453,-0.0072197168132071,4.422465094386105,-0.009975203333858929,4.4225952483104916,-0.010105357258245462
985,2026-05-15T17:07:36.433Z,2026-05-15 17:07:36.433000+00:00,5601.4771,93.35795166666666,69.307,6,74,test,16,8,4.519452095031738,6.416856766,8.759815216064453,7.198273181915283,22.37494516397974,True,False,0.06782886782889905,4.895506323866616,138.40190775951353,137.93463704094654,1.2530195228881862,4.894807663384868,4.895506323866616,-0.37605422883487805,4.447834605387045,0.0716174896446935,4.449681861126843,0.06977023390489556,4.4494453769967155,0.07000671803502279
986,2026-05-15T17:08:45.838Z,2026-05-15 17:08:45.838000+00:00,5602.63385,93.37723083333334,69.405,6,74,test,16,9,4.272444725036621,8.520008087158203,6.097723007202148,3.9504687786102295,18.56819987297058,True,False,0.0787245462369195,4.615277853747295,164.2841255779471,163.8168548593801,1.5099063617271329,4.620337024468837,4.615277853747295,-0.34283312871067384,4.2158523683166536,0.05659235671996754,4.21537870117322,0.05706602386340087,4.217408605330177,0.055036119706444175
987,2026-05-15T17:09:55.143Z,2026-05-15 17:09:55.143000+00:00,5603.788933333333,93.39648222222222,69.305,6,75,test,17,0,4.903746604919434,1.369390845298767,7.877647399902344,4.481409072875977,13.728447318077087,True,False,0.06735676679929398,5.520023315015816,0.0,-0.46727071856698704,2.0422005828075096,,5.520023315015816,-0.6162767100963826,4.964830072098805,-0.06108346717937163,,,,
988,2026-05-15T17:11:04.560Z,2026-05-15 17:11:04.560000+00:00,5604.945883333334,93.41576472222224,69.417,6,75,test,17,1,4.6275177001953125,4.787857055664063,9.087913513183594,9.792268753051758,23.668039321899414,True,False,0.05862661617267457,5.038622905112926,15.883127124649286,15.4158564060823,1.1845612867508641,5.052785375367582,5.038622905112926,-0.4111052049176136,4.566311163694088,0.06120653650122421,4.584540282654098,0.042977417541214535,4.584540282654098,0.042977417541214535
989,2026-05-15T17:12:13.845Z,2026-05-15 17:12:13.845000+00:00,5606.1006333333335,93.43501055555556,69.285,6,75,test,17,2,4.387678146362305,4.091512680053711,4.769117355,2.949628591537476,11.810258626591185,True,False,0.07502486029479247,4.8269010574174915,43.21379553161263,42.746524813045646,2.3738890061979423,4.830520852529556,4.8269010574174915,-0.43922291105518685,4.391040935639993,-0.003362789277688627,4.394803120776956,-0.007124974414651319,4.396462147079779,-0.008784000717474427
990,2026-05-15T17:13:23.168Z,2026-05-15 17:13:23.168000+00:00,5607.256016666666,93.45426694444444,69.323,6,75,test,17,3,4.099870681762695,6.376429080963135,3.421243190765381,5.392129421234131,15.189801692962646,True,False,0.06450164702458049,4.4905635752036535,56.85917151113231,56.39190079256532,1.8457280536459053,4.502081078072827,4.4905635752036535,-0.39069289344095814,4.11260983439833,-0.012739152635634632,4.114428952838326,-0.014558271075630458,4.116888596560805,-0.017017914798109324
991,2026-05-15T17:14:32.279Z,2026-05-15 17:14:32.279000+00:00,5608.407866666666,93.47346444444445,69.111,6,75,test,17,4,4.669971466064453,3.0445187091827397,6.933326244354248,1.824148178100586,11.801993131637573,True,False,0.0845437278453366,5.117607798269981,74.35554459117134,73.88827387260434,2.375551553140845,5.100861504432674,5.117607798269981,-0.4476363322055281,4.631697425844888,0.03827404021956493,4.625580697770177,0.04439076829427613,4.621079531992548,0.048891934071905396
992,2026-05-15T17:15:41.716Z,2026-05-15 17:15:41.716000+00:00,5609.565149999999,93.4927525,69.437,6,75,test,17,5,3.9697513580322266,6.598465919494629,2.481750488,7.181560516357422,16.26177692385205,True,False,0.05583778728495637,4.337115344677351,88.01379454252998,87.54652382396299,1.7240577856468384,4.363817247990379,4.337115344677351,-0.3673639866451248,3.985580400962008,-0.0158290429297816,3.9963993798991266,-0.026648021866900073,4.001804968697831,-0.03205361066560464
993,2026-05-15T17:16:50.905Z,2026-05-15 17:16:50.905000+00:00,5610.7182999999995,93.51197166666665,69.189,6,75,test,17,6,4.610425949,4.122329711914063,9.148535728,6.041935920715332,19.312801360629397,True,False,0.06871538308765358,5.10643985546481,106.76606260226997,106.29879188370298,1.4516922009653772,5.087269757436047,5.10643985546481,-0.49601390646481036,4.622452239749719,-0.01202629074971906,4.613978038618084,-0.0035520896180845085,4.608590045492675,0.0018359035073247654
994,2026-05-15T17:18:00.320Z,2026-05-15 17:18:00.320000+00:00,5611.875216666666,93.53125361111111,69.415,6,75,test,17,7,4.813876152038574,2.463056802749634,8.913812637329102,3.569662809371948,14.946532249450684,True,False,0.07611711700215185,5.318750477414775,129.1093643764048,128.64209365783782,1.8757690845011632,5.314310375505002,5.318750477414775,-0.5048743253762007,4.798209874271247,0.015666277767326875,4.807792336793904,0.0060838152446702765,4.806065969507043,0.007810182531531318
995,2026-05-15T17:19:09.742Z,2026-05-15 17:19:09.742000+00:00,5613.03225,93.5505375,69.422,6,75,test,17,8,4.4224138259887695,3.9235527515411377,4.836359024047852,7.884774684906006,16.644686460494995,True,False,0.05262887826923043,4.8513089917472865,146.4030004067609,145.9357296881939,1.6843959891080733,4.863939170762993,4.8513089917472865,-0.42889516575851694,4.411246617117261,0.011167208871508905,4.4233308263025926,-0.0009170003138230243,4.426646175328769,-0.004232349339999608
996,2026-05-15T17:20:18.957Z,2026-05-15 17:20:18.957000+00:00,5614.185833333334,93.5697638888889,69.215,6,75,test,17,9,4.653983116149902,3.611147642,7.926257610321045,7.05866289138794,18.596068143708987,True,False,0.06204217559949159,5.101680522640408,165.60403329614692,165.13676257757993,1.5076435995693975,5.095587554318177,5.101680522640408,-0.44769740649050593,4.6185123093240295,0.03547080682587289,4.621078565293841,0.032904550856061476,4.619370324746471,0.034612791403431764
997,2026-05-15T17:21:28.614Z,2026-05-15 17:21:28.614000+00:00,5615.3467833333325,93.58911305555554,69.657,6,76,test,18,0,4.553084373474121,6.151801109313965,8.968694686889648,2.1061103343963623,17.226606130599976,True,False,0.08777408435283585,4.923971204486037,0.0,-0.46727071856698704,1.6274966120121517,,4.923971204486037,-0.3708868310119158,4.471398758883737,0.08168561459038415,,,,
998,2026-05-15T17:22:38.151Z,2026-05-15 17:22:38.151000+00:00,5616.505733333333,93.6084288888889,69.537,6,76,test,18,1,4.417451858520508,7.542778015136719,8.312520027160645,9.182067871,25.037365913297364,True,False,0.06332654200606863,4.802634530265724,19.964775175058843,19.497504456491857,1.1197760663444691,4.8054743856837945,4.802634530265724,-0.38518267174521625,4.37095231562148,0.0464995428990278,4.373422085811569,0.04402977270893871,4.373422085811569,0.04402977270893871
999,2026-05-15T17:23:47.571Z,2026-05-15 17:23:47.571000+00:00,5617.662733333334,93.62771222222223,69.42,6,76,test,18,2,4.167688369750977,9.300023078918455,5.684046268463135,5.082224369049072,20.066293716430664,True,False,0.0746728297668261,4.546874670217623,48.9330075367439,48.465736818176914,1.3971809398495254,4.5510001926897266,4.546874670217623,-0.37918630046664603,4.15922598937952,0.008462380371456746,4.1561889865604735,0.011499383190503032,4.158070972299113,0.009617397451863852
1000,2026-05-15T17:24:56.888Z,2026-05-15 17:24:56.888000+00:00,5618.818016666667,93.64696694444446,69.317,6,76,test,18,3,4.5685224533081055,5.663660049438477,9.729355812072754,5.928710460662842,21.321726322174072,True,False,0.07219404108710875,4.99524842168524,72.11526222910764,71.64799151054065,1.3149143127712983,4.986210822546798,4.99524842168524,-0.4267259683771343,4.530404356319938,0.038118096988167594,4.527708600547724,0.04081385276038141,4.524483625197121,0.044038828110984696
1001,2026-05-15T17:26:05.972Z,2026-05-15 17:26:05.972000+00:00,5619.969416666666,93.66615694444444,69.084,6,76,test,18,4,4.732275963,2.576612949371338,7.125978469848633,1.4802093505859375,11.182800769805908,True,False,0.08676351854016238,5.201956496425444,96.66509791645888,96.19782719789188,2.5070859877713647,5.198022106320046,5.201956496425444,-0.4696805334254437,4.701524020136851,0.030751942863148862,4.708522305423051,0.023753657576949472,4.706890827382221,0.02538513561777922
1002,2026-05-15T17:27:15.215Z,2026-05-15 17:27:15.215000+00:00,5621.123466666667,93.68539111111112,69.243,6,76,test,18,5,4.623106956481934,4.051094055175781,8.028575897216797,9.380104064941406,21.459774017333984,True,False,0.056289828320816936,5.057369494751545,109.57060914485338,109.10333842628638,1.3064556547227915,5.062604566107646,5.057369494751545,-0.4342625382696115,4.58183020000027,0.041276756481663845,4.592922481302633,0.030184475179300563,4.593921866336369,0.029185090145564807
1003,2026-05-15T17:28:24.244Z,2026-05-15 17:28:24.244000+00:00,5622.27395,93.70456583333333,69.029,6,76,test,18,6,4.499052047729492,7.970849037,9.819222450256348,4.977705001831055,22.767776489087403,True,False,0.078137061367337,4.850889330319044,134.25972148889585,133.79245077032886,1.2314001381495023,4.85479721220073,4.850889330319044,-0.3518372825895515,4.4108992077448494,0.08815283998464274,4.415526750107913,0.08352529762157879,4.417114159727572,0.08193788800191992
1004,2026-05-15T17:29:33.429Z,2026-05-15 17:29:33.429000+00:00,5623.4270333333325,93.72378388888887,69.185,6,76,test,18,7,4.317656517028809,7.093090534210205,6.381322383880615,9.228132247924805,22.702545166015625,True,False,0.059351992560998074,4.714641362684626,160.51286509552105,160.04559437695406,1.2349383255930189,4.717066393633063,4.714641362684626,-0.39698484565581715,4.298108711066663,0.019547805962145226,4.297952184970999,0.019704332057809637,4.299001266727898,0.01865525030091053
1005,2026-05-15T17:30:42.790Z,2026-05-15 17:30:42.790000+00:00,5624.58305,93.74305083333334,69.361,6,76,test,18,8,4.15831470489502,7.593006610870361,4.587552070617676,5.943155765533447,18.123714447021484,True,False,0.06720784923583827,4.541957259579576,186.7573856831879,186.2901149646209,1.5469369259802477,4.545031814691888,4.541957259579576,-0.3836425546845552,4.155155197000993,0.0031595078940274135,4.151094052434864,0.0072206524601563515,4.152380619538361,0.005934085356659402
1006,2026-05-15T17:31:52.164Z,2026-05-15 17:31:52.164000+00:00,5625.739283333333,93.76232138888889,69.374,6,76,test,18,9,4.203525543212891,8.214078903198242,5.299895763397217,5.013434886932373,18.527409553527832,True,False,0.07294044333371064,4.570380037491713,207.71262845064902,207.24535773208203,1.513230602098975,4.56974625185601,4.570380037491713,-0.36685449427882233,4.1786844965079455,0.024841046704945136,4.172191648691054,0.031333894521836214,4.1720194761370575,0.031506067075833144
1007,2026-05-15T17:33:01.713Z,2026-05-15 17:33:01.713000+00:00,5626.898433333334,93.78164055555557,69.549,6,77,test,19,0,4.349635124206543,7.944928169250488,7.325024604797363,2.716581106185913,17.986533880233765,True,False,0.08489658360930069,4.725105075305327,0.0,-0.46727071856698704,1.5587351793682467,,4.725105075305327,-0.37546995109878445,4.3067709125224205,0.042864211684122466,,,,
1008,2026-05-15T17:34:10.986Z,2026-05-15 17:34:10.986000+00:00,5628.052983333333,93.80088305555554,69.273,6,77,test,19,1,4.401461601257324,3.2154998779296875,4.289710521697998,7.602951526641846,15.108161926269531,True,False,0.04967652872834183,4.885644041902922,20.76635269142389,20.299081972856904,1.855701788929784,4.882031700371661,4.885644041902922,-0.4841824406455979,4.43967028778012,-0.038208686522795965,4.438775599833223,-0.037313998575898566,4.438775599833223,-0.037313998575898566
1009,2026-05-15T17:35:20.337Z,2026-05-15 17:35:20.337000+00:00,5629.208833333334,93.82014722222223,69.351,6,77,test,19,2,4.3716888427734375,1.5104063749313354,2.378084182739258,4.329346179962158,8.217836737632751,True,False,0.04731769055308248,4.957559458041246,38.229121653902524,37.76185093533554,3.411633013543587,4.955635137319417,4.957559458041246,-0.5858706152678081,4.499204207044329,-0.1275153642708915,4.501607522141613,-0.12991867936817592,4.501060606292321,-0.12937176351888358
1010,2026-05-15T17:36:29.697Z,2026-05-15 17:36:29.697000+00:00,5630.364833333334,93.8394138888889,69.36,6,77,test,19,3,4.968806266784668,1.3759686946868896,9.040133476257324,2.994435787200928,13.410537958145142,True,False,0.07767102411143618,5.57769508081111,47.728940922605986,47.261670204039,2.0906128599405576,5.5471922670349265,5.57769508081111,-0.6088888140264421,5.012572634584677,-0.043766367800008865,5.006593065705863,-0.03778679892119463,5.002195403786018,-0.03338913700135038
1011,2026-05-15T17:37:38.844Z,2026-05-15 17:37:38.844000+00:00,5631.517283333334,93.85862138888889,69.147,6,77,test,19,4,4.218963623046875,6.395733356,4.622671127319336,8.323575973510742,19.34198045683008,True,False,0.056966268309037074,4.619753922802332,63.183915392470354,62.71664467390337,1.4495021942863666,4.648716626954348,4.619753922802332,-0.40079029975545666,4.219557803785886,-0.0005941807390108522,4.239605083152887,-0.02064146010601231,4.246336272772741,-0.027372649725865728
1012,2026-05-15T17:38:48.292Z,2026-05-15 17:38:48.292000+00:00,5632.67475,93.87791250000001,69.448,6,77,test,19,5,4.511181831359863,5.8823747634887695,8.113945007324219,3.822664022445679,17.818983793258667,True,False,0.07854723890656504,4.899965073936447,85.57161303856927,85.10434232000227,1.5733918072604107,4.894116573210257,4.899965073936447,-0.3887832425765838,4.451525703637328,0.059656127722535146,4.449091908728423,0.062089922631439975,4.447338708781703,0.06384312257816038
1013,2026-05-15T17:39:57.614Z,2026-05-15 17:39:57.614000+00:00,5633.830116666666,93.8971686111111,69.322,6,77,test,19,6,3.7392845153808594,8.571643829345703,1.8388917446136477,2.450252056121826,12.860787630081177,True,False,0.08094788494609205,4.094453422596621,106.15907294717388,105.69180222860689,2.179978701183347,4.112736008685754,4.094453422596621,-0.355168907215762,3.7846969735496576,-0.04541245816879824,3.7820626916235445,-0.042778176242685095,3.7878650367013185,-0.04858052132045909
1014,2026-05-15T17:41:07.047Z,2026-05-15 17:41:07.047000+00:00,5634.9873333333335,93.91645555555556,69.433,6,77,test,19,7,4.322067260742188,9.739361763000488,8.911893844604492,3.399691343307495,22.050946950912476,True,False,0.08458256078128738,4.7218299594886375,121.04179073916433,120.57452002059733,1.271430346117588,4.702132301486725,4.7218299594886375,-0.3997626987464491,4.304059665183787,0.01800759555840159,4.285203626528665,0.03686363421352379,4.280898793728637,0.04116846701355126
1015,2026-05-15T17:42:16.206Z,2026-05-15 17:42:16.206000+00:00,5636.139983333333,93.93566638888888,69.159,6,77,test,19,8,4.671626091003418,3.1561315059661865,7.713471889,9.396247863769531,20.26585125873572,True,False,0.05363506943869816,5.148374036784406,146.4588147421336,145.9915440235666,1.383422919475639,5.14053238083463,5.148374036784406,-0.4767479457809882,4.6571667182182805,0.014459372785137425,4.659445929169122,0.012180161834296044,4.6561073320992215,0.015518758904196517
1016,2026-05-15T17:43:25.826Z,2026-05-15 17:43:25.826000+00:00,5637.300316666666,93.95500527777776,69.62,6,77,test,19,9,4.921941757202148,1.6068572998046875,8.874078750610352,6.679888725280762,17.1608247756958,True,False,0.061074780422318495,5.502318133567012,169.97395748601994,169.50668676745295,1.6337351776778146,5.495284890595134,5.502318133567012,-0.5803763763648639,4.95017314734565,-0.0282313901435014,4.9622820881354475,-0.04034033093329903,4.959665603631487,-0.03772384642933879
1017,2026-05-15T17:44:35.194Z,2026-05-15 17:44:35.194000+00:00,5638.45645,93.97427416666666,69.368,6,78,test,20,0,4.673280715942383,4.203428268432617,9.333587646484377,2.1456613540649414,15.682677268981935,True,False,0.08631827131768663,5.106628807873378,0.0,-0.46727071856698704,1.787720465909915,,5.106628807873378,-0.4333480919309949,4.622608660695887,0.05067205524649587,,,,
1018,2026-05-15T17:45:44.778Z,2026-05-15 17:45:44.778000+00:00,5639.6161833333335,93.99360305555555,69.584,6,78,test,20,1,4.550879478,5.707809448242188,8.223890305,3.1069090366363525,17.03860878987854,True,False,0.08176547701193801,4.918872566351357,18.18772358474732,17.720452866180334,1.6454537726503595,4.923696314275754,4.918872566351357,-0.3679930883513576,4.467177940492259,0.08370153750774101,4.474342794687034,0.07653668331296526,4.474342794687034,0.07653668331296526
1019,2026-05-15T17:46:54.112Z,2026-05-15 17:46:54.112000+00:00,5640.77175,94.0128625,69.334,6,78,test,20,2,4.2630720138549805,9.536493301391602,6.829023361206055,6.088335514068604,22.45385217666626,True,False,0.07288511803602449,4.615563686574148,37.876971948704636,37.40970123013765,1.2486161792386834,4.622761897271753,4.615563686574148,-0.35249167271916715,4.216088990022411,0.04698302383256969,4.217448705318118,0.045623308536862694,4.219687422876753,0.04338459097822778
1020,2026-05-15T17:48:03.450Z,2026-05-15 17:48:03.450000+00:00,5641.927383333333,94.03212305555554,69.338,6,78,test,20,3,4.367278099060059,9.602405548095703,9.410790443,7.923772811889648,26.93696880298535,True,False,0.07058402201879715,4.7516820562082005,63.825391985799385,63.3581212672324,1.0408091318319395,4.749230880826495,4.7516820562082005,-0.3844039571481419,4.328772201262998,0.038505897797060484,4.325409551695074,0.041868547364984465,4.324488482490764,0.04278961656929425
1021,2026-05-15T17:49:12.897Z,2026-05-15 17:49:12.897000+00:00,5643.084833333333,94.05141388888889,69.447,6,78,test,20,4,4.500706672668457,6.295016765594482,8.498433113098145,4.549392223358154,19.34284210205078,True,False,0.0764802287101552,4.89064076831933,95.00358652681479,94.53631580824779,1.449437624838324,4.888558180208787,4.89064076831933,-0.3899340956508732,4.443806740338325,0.0568999323301318,4.444346960235382,0.056359712433074804,4.443310489655682,0.05739618301277538
1022,2026-05-15T17:50:22.282Z,2026-05-15 17:50:22.282000+00:00,5644.24125,94.0706875,69.385,6,78,test,20,5,4.055763244628906,4.684168815612793,2.371224403381348,8.416276931762695,15.471670150756836,True,False,0.0456020141991523,4.465799587928874,117.37197151432801,116.90470079576102,1.812101915360945,4.4746744281888535,4.465799587928874,-0.41003634329996785,4.09210940071884,-0.036346156089933856,4.091033136451852,-0.03526989182294571,4.094092385436248,-0.038329140807341844
1023,2026-05-15T17:51:31.578Z,2026-05-15 17:51:31.578000+00:00,5645.396183333333,94.08993638888889,69.296,6,78,test,20,6,4.152250289916992,4.543971061706543,2.937318563461304,8.356453895568848,15.837743520736694,True,False,0.04723709293165681,4.571549209512664,135.24071909377545,134.77344837520846,1.770217018435156,4.568783839335155,4.571549209512664,-0.419298919595672,4.179652375113659,-0.02740208519666698,4.171370080687621,-0.01911979077062842,4.170694887195418,-0.018444597278425512
1024,2026-05-15T17:52:40.863Z,2026-05-15 17:52:40.863000+00:00,5646.550933333333,94.10918222222222,69.285,6,78,test,20,7,3.916269302368164,9.095899582,2.931453227996826,3.9723095893859854,15.99966239938281,True,False,0.07517254120599934,4.269919154290706,153.52935342434614,153.06208270577915,1.7523021682695457,4.277625738068226,4.269919154290706,-0.35364985192254217,3.9299532101849097,-0.013683907816745666,3.922821589518011,-0.006552287149847125,3.924988947333138,-0.008719644964974016
1025,2026-05-15T17:53:50.423Z,2026-05-15 17:53:50.423000+00:00,5647.710266666666,94.12850444444443,69.56,6,78,test,20,8,4.485819816589356,3.107830286026001,5.166165351867676,5.090665817260742,13.364661455154419,True,False,0.06190950414761612,4.981023491187712,172.0782953660306,171.6110246474636,2.097789248765919,4.963109896141558,4.981023491187712,-0.4952036745983559,4.518628496438241,-0.032808679848884914,4.507988385387444,-0.022168568798087485,4.502985743839874,-0.017165927250517576
1026,2026-05-15T17:54:59.648Z,2026-05-15 17:54:59.648000+00:00,5648.864016666667,94.14773361111112,69.225,6,78,test,20,9,4.382164955,5.975994587,6.205255031585693,3.611085891723633,15.792335510309325,True,False,0.07713393380373476,4.776726156342969,187.497773519915,187.030502801348,1.7753069579681235,4.782917167575744,4.776726156342969,-0.39456120134296846,4.349504521473734,0.03266043352626635,4.354166009812504,0.02799894518749646,4.355472613436804,0.02669234156319611
1027,2026-05-15T17:56:08.746Z,2026-05-15 17:56:08.746000+00:00,5650.01565,94.1669275,69.098,6,79,test,21,0,3.9829835891723633,6.671789646148682,2.725314855575561,1.591746807098389,10.988851308822632,True,False,0.08551489357381312,4.3722205731904635,0.0,-0.46727071856698704,2.5513351965650615,,4.3722205731904635,-0.38923698401810025,4.014641650305701,-0.03165806113333769,,,,
1028,2026-05-15T17:57:18.082Z,2026-05-15 17:57:18.082000+00:00,5651.17125,94.1861875,69.336,6,79,test,21,1,4.566317558288574,5.5311126708984375,9.09828281402588,5.575882434844971,20.205277919769287,True,False,0.07240383202356548,4.976416249911616,12.698716572475433,12.231445853908447,1.3875702786838653,4.95418384977848,4.976416249911616,-0.410098691623042,4.514814472340345,0.05150308594822928,4.500368623663489,0.06594893462508544,4.500368623663489,0.06594893462508544
1029,2026-05-15T17:58:27.534Z,2026-05-15 17:58:27.534000+00:00,5652.328783333333,94.20547972222222,69.452,6,79,test,21,2,4.017167091369629,5.799208641052246,2.5913326740264893,6.391196250915527,14.781737565994263,True,False,0.05676288919092552,4.4115431000689505,36.08699927387237,35.619728555305386,1.89668115733006,4.4228286093983895,4.4115431000689505,-0.39437600869932155,4.047194116329755,-0.030027024960125992,4.046774707860132,-0.029607616490503474,4.050695798697829,-0.033528707328200014
1030,2026-05-15T17:59:37.115Z,2026-05-15 17:59:37.115000+00:00,5653.488466666667,94.22480777777778,69.581,6,79,test,21,3,4.392641067504883,7.975622177124023,8.607713699,7.619570255279541,24.202906131403566,True,False,0.06851795311723721,4.793531682988625,53.22913396686315,52.761863248296166,1.1583833347038377,4.783119206198425,4.793531682988625,-0.4008906154837426,4.363416682735384,0.029224384769499068,4.354338481038985,0.0383025864658979,4.351736703220765,0.04090436428411781
1031,2026-05-15T18:00:46.228Z,2026-05-15 18:00:46.228000+00:00,5654.64035,94.24400583333333,69.113,6,79,test,21,4,4.385472297668457,3.2865450382232666,4.113969802856445,5.993330001831055,13.393844842910767,True,False,0.05525310265929155,4.857963077002559,81.10805815785807,80.64078743929107,2.0932184479394307,4.856883160734165,4.857963077002559,-0.4724907793341018,4.416755085198744,-0.03128278753028724,4.417307429946073,-0.031835132277615585,4.416727306262747,-0.031255008594289535
1032,2026-05-15T18:01:55.709Z,2026-05-15 18:01:55.709000+00:00,5655.798366666667,94.26330611111112,69.481,6,79,test,21,5,4.104832649230957,7.130065441131592,3.7546286582946777,2.6197898387908936,13.504483938217163,True,False,0.08060059273070784,4.48225877114008,96.61835371669612,96.15108299812913,2.0760691961488247,4.493577422051863,4.48225877114008,-0.3774261219091226,4.105734847626719,-0.0009021983957619994,4.107169766629049,-0.002337117398091948,4.109840432431247,-0.005007783200290383
1033,2026-05-15T18:03:04.850Z,2026-05-15 18:03:04.850000+00:00,5656.950716666667,94.28251194444445,69.141,6,79,test,21,6,4.012205123901367,9.215582847595217,3.760621309280396,4.261412143707275,17.237616300582886,True,False,0.0752784139674627,4.371926523664576,112.18024578290067,111.71297506433368,1.6264570822980426,4.375239425999308,4.371926523664576,-0.3597213997632087,4.014398226549378,-0.0021931026480110916,4.006149976216511,0.006055147684856266,4.007065601060309,0.0051395228410582305
1034,2026-05-15T18:04:14.293Z,2026-05-15 18:04:14.293000+00:00,5658.1080999999995,94.30180166666666,69.443,6,79,test,21,7,4.705258369445801,3.9864001274108887,9.631915092468262,5.981102943,19.59941816287915,True,False,0.06948326275150314,5.1433487623342975,132.1307755955903,131.6635048770233,1.4304630311485076,5.1252809201683975,5.1433487623342975,-0.4380903928884967,4.653006632669754,0.05225173677604644,4.6464264475877055,0.05883192185809527,4.640896091575673,0.06436227787012783
1035,2026-05-15T18:05:24.056Z,2026-05-15 18:05:24.056000+00:00,5659.270816666667,94.32118027777778,69.763,6,79,test,21,8,4.826005935668945,2.284307718276977,8.436357498168945,6.312403202056885,17.033068418502808,True,False,0.06294030501750465,5.327593891913189,154.91934575053926,154.45207503197227,1.6459889918344839,5.323816017588235,5.327593891913189,-0.5015879562442436,4.805530740269657,0.020475195399288104,4.815906873147538,0.01009906252140702,4.814425837924356,0.011580097744589679
1036,2026-05-15T18:06:33.574Z,2026-05-15 18:06:33.574000+00:00,5660.42945,94.34049083333333,69.518,6,79,test,21,9,4.7747297286987305,2.390779972076416,7.596518993377685,8.325420379638672,18.312719345092773,True,False,0.054537498103089645,5.262314059769267,174.6544265891639,174.1871558705969,1.5309710472645912,5.263859700971512,5.262314059769267,-0.48758433107053634,4.751489973141754,0.023239755556976327,4.764724879700234,0.01000484899849674,4.76515258411741,0.009577144581320418
1037,2026-05-15T18:07:42.888Z,2026-05-15 18:07:42.888000+00:00,5661.5846833333335,94.35974472222223,69.314,6,80,test,22,0,5.012914657592773,1.3725721836090088,9.402025223,6.371198654174805,17.145796060783816,True,False,0.06284104493259937,5.595843662535343,0.0,-0.46727071856698704,1.6351671870251763,,5.595843662535343,-0.5829290049425699,5.027596620499634,-0.014681962906860413,,,,
1038,2026-05-15T18:08:52.162Z,2026-05-15 18:08:52.162000+00:00,5662.73925,94.3789875,69.274,6,80,test,22,1,4.318758964538574,6.486405849456787,5.353653430938721,3.5133602619171143,15.353419542312622,True,False,0.07711675726547683,4.677124259237547,19.795964605245633,19.328693886678646,1.8260585556692368,4.698810026225969,4.677124259237547,-0.3583652946989728,4.267050833248793,0.051708131289781356,4.282367550528313,0.0363914140102608,4.282367550528313,0.0363914140102608
1039,2026-05-15T18:10:01.493Z,2026-05-15 18:10:01.493000+00:00,5663.894766666666,94.3982461111111,69.331,6,80,test,22,2,4.417451858520508,8.040309906,8.419924736,6.985508918762207,23.445743560762207,True,False,0.07020564137512425,4.7804458577550495,37.537096776713575,37.06982605814659,1.1957924491223848,4.777724545658609,4.7804458577550495,-0.3629939992345417,4.352583811220565,0.06486804729994322,4.349733303536764,0.06771855498374357,4.349146120520919,0.06830573799958906
1040,2026-05-15T18:11:10.917Z,2026-05-15 18:11:10.917000+00:00,5665.051833333333,94.41753055555554,69.424,6,80,test,22,3,4.685961723327637,3.820504665374756,9.049875259399414,7.633774757385254,20.504154682159424,True,False,0.06276961973942106,5.134764887595095,64.66538512608616,64.19811440751917,1.3673444991328239,5.12866192578847,5.134764887595095,-0.44880316426745814,4.6459006221209895,0.04006110120664719,4.649312659037253,0.03664906429038339,4.646712895933084,0.0392488273945526
1041,2026-05-15T18:12:20.347Z,2026-05-15 18:12:20.347000+00:00,5666.209,94.43681666666666,69.43,6,80,test,22,4,3.964789390563965,8.188258171081543,2.8698954582214355,9.242975234985352,20.30112886428833,True,False,0.054470634136781194,4.3067196602473485,88.39210945245831,87.92483873389132,1.3810189227130967,4.3230270646351805,4.3067196602473485,-0.3419302696833837,3.9604178653054585,0.00437152525850637,3.961578646821974,0.003210743741990818,3.9675102068600516,-0.002720816296086781
1042,2026-05-15T18:13:29.651Z,2026-05-15 18:13:29.651000+00:00,5667.364066666666,94.45606777777776,69.304,6,80,test,22,5,4.545917510986328,5.403214454650879,8.849850655,3.0675301551818848,17.32059526483276,True,False,0.08228969554291181,4.9745214951368215,111.84126669930228,111.37399598073529,1.6186651027487031,4.96121422613929,4.9745214951368215,-0.4286039841504934,4.513245932744174,0.032671578242154276,4.506370137717985,0.03954737326834312,4.501664566877359,0.04425294410896896
1043,2026-05-15T18:14:39.292Z,2026-05-15 18:14:39.292000+00:00,5668.52475,94.47541249999999,69.641,6,80,test,22,6,4.805606842041016,2.689086914,8.883833885192871,2.235269308,13.808190107192871,True,False,0.08381200366849223,5.27914831784974,131.9449929466059,131.4777222280389,2.030406801787496,5.272067879497524,5.27914831784974,-0.47354147580872397,4.76542591921913,0.0401809228218859,4.771731830147477,0.0338750118935387,4.769427223193469,0.03617961884754628
1044,2026-05-15T18:15:48.871Z,2026-05-15 18:15:48.871000+00:00,5669.6844,94.49474000000001,69.579,6,80,test,22,7,4.124131202697754,9.62049961090088,4.706995010375977,3.382960796356201,17.710455417633057,True,False,0.08089851041894709,4.450408461223667,147.95766060441213,147.49038988584513,1.5830334371924453,4.474592181050137,4.450408461223667,-0.3262772585259128,4.0793681257063925,0.044763076991361395,4.090962925792619,0.03316827690513513,4.09677717713427,0.027354025563483653
1045,2026-05-15T18:16:58.392Z,2026-05-15 18:16:58.392000+00:00,5670.843083333334,94.5140513888889,69.521,6,80,test,22,8,4.650123596191406,1.827157020568848,5.130509853363037,8.638582229614258,15.596249103546143,True,False,0.04461115507798545,5.208695537541347,168.4784701225666,168.0111994039996,1.7976272966584368,5.191428901606855,5.208695537541347,-0.5585719413499408,4.707102817441461,-0.056979221250054835,4.702893985014635,-0.05277038882322849,4.6976790826982455,-0.04755548650683927
1046,2026-05-15T18:18:08.698Z,2026-05-15 18:18:08.698000+00:00,5672.0148500000005,94.53358083333335,70.306,6,80,test,22,9,3.871058464050293,6.333928108215332,1.9674221277236936,9.090519905090332,17.391870141029358,True,False,0.04773121101194987,4.255016689710133,186.75363494713184,186.28636422856485,1.6120315346581735,4.279400940401499,4.255016689710133,-0.38395822565983995,3.9176164655643806,-0.04655800151408762,3.9243369993916706,-0.05327853534137761,3.930642810207843,-0.05958434615754982
1047,2026-05-15T18:19:18.137Z,2026-05-15 18:19:18.137000+00:00,5673.172166666667,94.55286944444445,69.439,6,81,test,23,0,3.956519127,9.63885498,3.6050901412963863,7.757990837097168,21.001935958393553,True,False,0.06306059187845187,4.334498559430221,0.0,-0.46727071856698704,1.3349361301530094,,4.334498559430221,-0.37797943243022125,3.983414141069487,-0.026895014069487022,,,,
1048,2026-05-15T18:20:27.378Z,2026-05-15 18:20:27.378000+00:00,5674.326183333334,94.57210305555556,69.241,6,81,test,23,1,4.456598281860352,4.320962905883789,6.145410537719727,7.7248382568359375,18.191211700439453,True,False,0.05753532868484333,4.91335051749489,24.23658412825213,23.769313409685143,1.5411971217586313,4.902190505466896,4.91335051749489,-0.4567522356345384,4.462606608941293,-0.006008327080941456,4.455984259212443,0.0006140226479089961,4.455984259212443,0.0006140226479089961
1049,2026-05-15T18:21:37.024Z,2026-05-15 18:21:37.024000+00:00,5675.48695,94.59144916666668,69.646,6,81,test,23,2,4.151698112487793,7.041073799133301,4.278895854949951,4.995225429534912,16.315195083618164,True,False,0.06938298681729807,4.544452622370382,45.352336296398896,44.88506557783191,1.7184129868094549,4.552615968064157,4.544452622370382,-0.39275450988258864,4.157220939437038,-0.005522826949245108,4.157568300856164,-0.005870188368371387,4.1601139493176325,-0.008415836829839485
1050,2026-05-15T18:22:46.264Z,2026-05-15 18:22:46.264000+00:00,5676.64095,94.6106825,69.24,6,81,test,23,3,4.252596855163574,9.778641700744627,7.122469425201416,2.197849750518799,19.098960876464844,True,False,0.08849230717453768,4.622831708764871,64.18007142289426,63.71280070432727,1.4679459943062956,4.62088647999603,4.622831708764871,-0.37023485360129715,4.222105695056569,0.030491160107005477,4.215847746484529,0.036749108679044795,4.215358918172522,0.037237936991052045
1051,2026-05-15T18:23:55.483Z,2026-05-15 18:23:55.483000+00:00,5677.794599999999,94.62990999999998,69.219,6,81,test,23,4,4.575690269470215,1.2127925157546997,3.220757007598877,9.058979988098145,13.492529511451721,True,False,0.03285929091050438,5.184606237659397,86.21358763802792,85.74631691946092,2.0779086004758107,5.172692533771822,5.184606237659397,-0.6089159681891818,4.687160911918104,-0.11147064244788929,4.686899595934845,-0.11120932646463011,4.682757875849025,-0.10706760637881008
1052,2026-05-15T18:25:04.863Z,2026-05-15 18:25:04.863000+00:00,5678.950933333333,94.64918222222221,69.38,6,81,test,23,5,4.4554948806762695,7.533251762390137,8.942380905151367,1.8063900470733645,18.282022714614868,True,False,0.09011930968869591,4.83475476702752,101.81544926310326,101.34817854453627,1.5335416409698863,4.845232705622434,4.83475476702752,-0.3792598863512504,4.397542491759041,0.057952388917228426,4.407361963799467,0.04813291687680277,4.40975437665713,0.04574050401913965
1053,2026-05-15T18:26:14.233Z,2026-05-15 18:26:14.233000+00:00,5680.107099999999,94.66845166666666,69.37,6,81,test,23,6,4.665009498596191,4.294641017913818,9.326129913330078,5.896692752838135,19.51746368408203,True,False,0.06978760740491434,5.097005143221132,122.95251452498383,122.48524380641683,1.4364695929668823,5.09120765335155,5.097005143221132,-0.43199564462494067,4.614641878256213,0.0503676203399781,4.617339642104032,0.04766985649215982,4.615535078311153,0.04947442028503879
1054,2026-05-15T18:27:23.505Z,2026-05-15 18:27:23.505000+00:00,5681.261633333333,94.68769388888887,69.272,6,81,test,23,7,4.063481330871582,7.808421611785889,3.4167914390563965,7.453450679779053,18.678663730621338,True,False,0.06009644593815322,4.40240564109893,145.48607693037934,145.01880621181235,1.500976917746921,4.416809311616434,4.40240564109893,-0.33892431022734826,4.039629830759122,0.0238515001124604,4.041636305819813,0.02184502505176944,4.046658833832439,0.016822497039142625
1055,2026-05-15T18:28:33.276Z,2026-05-15 18:28:33.276000+00:00,5682.424483333333,94.70707472222222,69.771,6,81,test,23,8,4.787961959838867,1.9067763090133667,7.099189758300781,4.778178691864014,13.784144759178162,True,False,0.06533568984261814,5.331094797067966,167.20656104953235,166.73929033096536,2.0339486855251803,5.311115995175038,5.331094797067966,-0.5431328372290984,4.808428903362189,-0.020466943523321568,4.805065438906537,-0.017103479067669625,4.798650906138419,-0.010688946299551638
1056,2026-05-15T18:29:43.014Z,2026-05-15 18:29:43.014000+00:00,5683.586783333333,94.72644638888889,69.738,6,81,test,23,9,4.40587329864502,1.1606085300445557,2.272826194763184,9.928920746,13.362355470807739,True,False,0.025694831516109882,5.052549809396366,183.22787250312513,182.76060178455813,2.0981512709543613,5.060673733390949,5.052549809396366,-0.6466765107513455,4.577840307787699,-0.17196700914267815,4.591274216815579,-0.1854009181705587,4.593032153434546,-0.18715885478952554
1057,2026-05-15T18:30:52.422Z,2026-05-15 18:30:52.422000+00:00,5684.743583333333,94.74572638888888,69.408,6,82,test,24,0,4.578998565673828,5.170724868774414,8.747851371765137,5.707396030426025,19.625972270965576,True,False,0.07091916796973428,4.9886192047564,0.0,-0.46727071856698704,1.4285276024513547,,4.9886192047564,-0.40962063908257207,4.524916475047481,0.0540820906263475,,,,
1058,2026-05-15T18:32:02.038Z,2026-05-15 18:32:02.038000+00:00,5685.903850000001,94.76506416666668,69.616,6,82,test,24,1,4.340813636779785,7.687489509582519,6.876101016998291,5.141491413116455,19.705081939697266,True,False,0.07390778973236056,4.712015289464186,22.771361426925658,22.30409070835867,1.4227925161548427,4.717691230741206,4.712015289464186,-0.37120165268440086,4.295934762287908,0.044878874491876886,4.298485580125659,0.0423280566541262,4.298485580125659,0.0423280566541262
1059,2026-05-15T18:33:11.302Z,2026-05-15 18:33:11.302000+00:00,5687.05825,94.78430416666667,69.264,6,82,test,24,2,4.250943183898926,3.001326799,2.7382071018218994,5.204617023468018,10.944150924289918,True,False,0.05244384823022983,4.720784332992048,45.51890801811218,45.05163729954519,2.561755892071479,4.720604202917186,4.720784332992048,-0.46984114909312247,4.303194061579287,-0.052250877680361185,4.300972252610499,-0.05002906871157364,4.300950478354609,-0.05000729445568286
1060,2026-05-15T18:34:21.146Z,2026-05-15 18:34:21.146000+00:00,5688.222316666666,94.80370527777777,69.844,6,82,test,24,3,4.529376983642578,3.855597257614136,6.407905578613281,2.941873788833618,13.205376625061035,True,False,0.07772215157233336,4.9808733870964605,58.25862930404726,57.791358585480275,2.123093033243165,4.971333775006442,4.9808733870964605,-0.4514964034538824,4.518504235392006,0.010872748250571718,4.515008738503274,0.014368245139303681,4.513207271759218,0.016169711883359916
1061,2026-05-15T18:35:30.399Z,2026-05-15 18:35:30.399000+00:00,5689.376533333333,94.82294222222222,69.253,6,82,test,24,4,4.503462791442871,6.552835464477539,8.883281707763672,7.900187969207764,23.336305141448975,True,False,0.06614636326821174,4.892488403493078,73.50049509430312,73.03322437573613,1.20140026212729,4.895198026800829,4.892488403493078,-0.38902561205020714,4.445336272797014,0.058126518645857495,4.45001509670443,0.05344769473844124,4.450568848085448,0.05289394335742337
1062,2026-05-15T18:36:40.185Z,2026-05-15 18:36:40.185000+00:00,5690.539633333334,94.84232722222222,69.786,6,82,test,24,5,4.042530059814453,9.528369903564451,4.266177177429199,2.0875582695007324,15.882105350494383,True,False,0.0868559096956516,4.411926513000171,100.64295160432242,100.17568088575543,1.7652724557167416,4.420199621950484,4.411926513000171,-0.36939645318571745,4.047511518017986,-0.004981458203532796,4.044530460282486,-0.002000400468032737,4.047961173378258,-0.005431113563805212
1063,2026-05-15T18:37:49.703Z,2026-05-15 18:37:49.703000+00:00,5691.698266666667,94.86163777777779,69.518,6,82,test,24,6,4.424619674682617,6.4165873527526855,7.310070514678955,1.816116571426392,15.542774438858032,True,False,0.0883153642963127,4.816918561197534,119.0444882669169,118.5772175483499,1.8038120043694796,4.806634587155313,4.816918561197534,-0.39229888651491684,4.382777100763878,0.041842573918739134,4.374412497288853,0.05020717739376401,4.371603201890563,0.053016472792053904
1064,2026-05-15T18:38:59.414Z,2026-05-15 18:38:59.414000+00:00,5692.860116666667,94.88100194444445,69.711,6,82,test,24,7,4.269136428833008,9.160995483398438,6.411920547485352,8.995542526245117,24.568458557128906,True,False,0.06338580824951705,4.605746572801088,137.1028607487041,136.6355900301371,1.141147827765698,4.6112107688053925,4.605746572801088,-0.3366101439680804,4.207962064111995,0.061174364721012786,4.207588029832437,0.06154839900057052,4.208980960205076,0.060155468627931974
1065,2026-05-15T18:40:08.814Z,2026-05-15 18:40:08.814000+00:00,5694.0167833333335,94.90027972222222,69.4,6,82,test,24,8,4.218963623046875,2.1954708099365234,1.9749261140823364,5.000195503234863,9.170592427253723,True,False,0.04547576350274843,4.714761920919352,165.52037781311654,165.05310709454955,3.057189961981018,4.712969375851653,4.714761920919352,-0.49579829787247665,4.2982085130924075,-0.07924489004553248,4.294454746351109,-0.07549112330423391,4.293713235644729,-0.07474961259785395
1066,2026-05-15T18:41:18.202Z,2026-05-15 18:41:18.202000+00:00,5695.173250000001,94.91955416666669,69.388,6,82,test,24,9,4.269688606262207,9.085269927978516,6.653936862945557,2.041834831237793,17.781041622161865,True,False,0.08851678729162359,4.625217322204337,176.12586226882124,175.65859155025424,1.5767491978127715,4.629162598741219,4.625217322204337,-0.3555287159421301,4.224080583411905,0.045608022850301744,4.222912694421428,0.046775911840779116,4.223527414720281,0.046161191541925994
1067,2026-05-15T18:42:28.060Z,2026-05-15 18:42:28.060000+00:00,5696.33755,94.93895916666666,69.858,6,83,test,25,0,4.625312805175781,2.2074179649353027,5.531639099121094,4.616172790527344,12.35522985458374,True,False,0.06263790439467412,5.159204954232506,0.0,-0.46727071856698704,2.269180213075347,,5.159204954232506,-0.533892149056725,4.666132903767041,-0.04082009859125968,,,,
1068,2026-05-15T18:43:37.664Z,2026-05-15 18:43:37.664000+00:00,5697.4976166666665,94.9582936111111,69.604,6,83,test,25,1,3.791111946105957,5.69184160232544,1.4646366834640503,9.371755599975586,16.528233885765076,True,False,0.04329850566764426,4.174587895368945,14.332890313307445,13.865619594740458,1.6962636968832712,4.206687681982209,4.174587895368945,-0.383475949262988,3.851034895075848,-0.05992294896989092,3.862264982197234,-0.07115303609127688,3.862264982197234,-0.07115303609127688
1069,2026-05-15T18:44:47.161Z,2026-05-15 18:44:47.161000+00:00,5698.6559,94.97759833333333,69.497,6,83,test,25,2,4.474240303039551,3.3444409370422363,5.255845546722412,5.920670509338379,14.520956993103027,True,False,0.059226719615308406,4.9566599960652065,33.47726815262437,33.00999743405738,1.9307434852493197,4.937571394934851,4.9566599960652065,-0.4824196930256557,4.498459603181372,-0.024219300141821165,4.4861873229610865,-0.011947019921535684,4.4808104054694615,-0.00657010242991074
1070,2026-05-15T18:45:56.453Z,2026-05-15 18:45:56.453000+00:00,5699.8107666666665,94.99684611111111,69.292,6,83,test,25,3,4.246531486511231,7.244839668273926,5.328485012054443,2.913440704345703,15.486765384674072,True,False,0.08118754541714124,4.627091890074904,50.24703735205928,49.779766633492294,1.8103356264287631,4.636274933912385,4.627091890074904,-0.38056040356367227,4.225632411632533,0.020899074878698798,4.228984173002287,0.017547313508944562,4.231185040443158,0.015346446068073227
1071,2026-05-15T18:47:05.722Z,2026-05-15 18:47:05.722000+00:00,5700.965249999999,95.01608749999998,69.269,6,83,test,25,4,4.699745178222656,1.1825608015060425,4.367134094238281,3.29194450378418,8.841639399528503,True,False,0.06276771359890872,5.327567108818202,68.12624987590908,67.65897915734209,3.17093265707198,5.309260286950967,5.327567108818202,-0.6278219305955455,4.805508568352978,-0.10576339013032143,4.803481304798172,-0.1037361265755159,4.79847177336455,-0.09872659514189408
1072,2026-05-15T18:48:15.301Z,2026-05-15 18:48:15.301000+00:00,5702.1249,95.035415,69.579,6,83,test,25,5,4.196358680725098,7.010666370391846,4.350043773651123,7.336872100830078,18.697582244873047,True,False,0.06076031646903504,4.553579680398588,78.3794570055723,77.91218628700531,1.4994582051755314,4.58885270836592,4.553579680398588,-0.3572209996734905,4.16477661476993,0.03158206595516777,4.188501965719746,0.007856715005351234,4.193729238232172,0.0026294424929256266
1073,2026-05-15T18:49:24.632Z,2026-05-15 18:49:24.632000+00:00,5703.2804166666665,95.05467361111111,69.331,6,83,test,25,6,4.334197044372559,7.744244575500488,7.099755287,9.553422927856444,24.397422790356934,True,False,0.06084249139776997,4.722805865453408,99.98482491589385,99.51755419732686,1.149147733960676,4.719145921247915,4.722805865453408,-0.38860882108084915,4.3048675518656125,0.029329492506946053,4.2997273835616205,0.03446966081093805,4.298803467359855,0.0353935770127034
1074,2026-05-15T18:50:34.097Z,2026-05-15 18:50:34.097000+00:00,5704.438166666666,95.07396944444443,69.465,6,83,test,25,7,4.764253616333008,2.3572354316711426,7.370981693267822,2.2783124446868896,12.006529569625854,True,False,0.08102438817582586,5.2552844981033315,128.2309411514296,127.7636704328626,2.3350830022478246,5.2464757942367495,5.2552844981033315,-0.4910308817703237,4.7456706734817535,0.01858294285125428,4.749885025439756,0.01436859089325182,4.745989118679946,0.01826449765306215
1075,2026-05-15T18:51:43.454Z,2026-05-15 18:51:43.454000+00:00,5705.594116666666,95.09323527777777,69.357,6,83,test,25,8,3.749208450317383,8.548856735229492,1.7321052551269531,4.314399719238281,14.595361709594727,True,False,0.07043992601840027,4.070398017683958,142.1098890074386,141.6426182888716,1.9209008774060532,4.110290289264629,4.070398017683958,-0.32118956736657545,3.7647831273837147,-0.015574677066331866,3.779974891664348,-0.030766441346965046,3.788380041086287,-0.039171590768904085
1076,2026-05-15T18:52:53.120Z,2026-05-15 18:52:53.120000+00:00,5706.755216666667,95.11258694444446,69.666,6,83,test,25,9,4.550879478,5.390768051147461,9.15200901031494,1.725316286087036,16.268093347549435,True,False,0.0893944775873386,4.990078861743178,159.05656348844903,158.58929276988204,1.7233883845547577,4.9647204984054385,4.990078861743178,-0.439199383743178,4.526124826550824,0.0247546514491761,4.50936328363283,0.04151619436717002,4.503221317713101,0.04765816028689862
1077,2026-05-15T18:54:02.475Z,2026-05-15 18:54:02.475000+00:00,5707.911133333333,95.13185222222222,69.355,6,84,test,26,0,4.503462791442871,5.001410484313965,7.089616775512695,6.275969505310059,18.36699676513672,True,False,0.0658301812454022,4.911863457760994,0.0,-0.46727071856698704,1.526446782374142,,4.911863457760994,-0.4084006663181228,4.461375572553093,0.042087218889777844,,,,
1078,2026-05-15T18:55:11.801Z,2026-05-15 18:55:11.801000+00:00,5709.066566666666,95.15110944444444,69.326,6,84,test,26,1,4.0485944747924805,9.176527023,3.9089934825897217,2.2533748149871826,15.338895320576905,True,False,0.08530940613458446,4.390375259954978,21.221840295664467,20.75456957709748,1.82778762929616,4.4018575895511916,4.390375259954978,-0.34178078516249766,4.029670690171461,0.018923784621019735,4.0288726975137665,0.019721777278713937,4.0288726975137665,0.019721777278713937
1079,2026-05-15T18:56:21.597Z,2026-05-15 18:56:21.597000+00:00,5710.229833333333,95.17049722222221,69.796,6,84,test,26,2,4.680998802185059,1.6517083644866943,5.018184661865234,5.281645774841309,11.951538801193237,True,False,0.05580781803332312,5.242852008970031,39.065065925580896,38.59779520701391,2.3458270587901278,5.220527714510286,5.242852008970031,-0.5618532067849724,4.735378654829015,-0.054379852643956283,4.727734324371513,-0.04673552218645405,4.721833517193928,-0.04083471500886926
1080,2026-05-15T18:57:31.333Z,2026-05-15 18:57:31.333000+00:00,5711.3921,95.18986833333334,69.736,6,84,test,26,3,3.946594238,2.483078956604004,1.1458439826965332,4.15294075,7.781863689300537,True,False,0.04663308282166426,4.425751095805061,52.95594108958109,52.4886703710141,3.602767181924157,4.453237292774553,4.425751095805061,-0.4791568578050609,4.058955957065445,-0.1123617190654449,4.072733224345548,-0.126138986345548,4.07823641420896,-0.13164217620896013
1081,2026-05-15T18:58:40.710Z,2026-05-15 18:58:40.710000+00:00,5712.548383333333,95.20913972222222,69.377,6,84,test,26,4,4.139568328857422,6.406728744506836,3.696241855621338,1.1766704320907593,11.279641032218933,True,False,0.08956819256277979,4.521752521774356,61.95398037579115,61.48670965722416,2.485561644553854,4.516767140640838,4.521752521774356,-0.3821841929169345,4.13842905824186,0.0011392706155621823,4.12696577965722,0.012602549200201985,4.126542372185436,0.013025956671985917
1082,2026-05-15T18:59:50.230Z,2026-05-15 18:59:50.230000+00:00,5713.70705,95.22845083333333,69.52,6,84,test,26,5,4.2961530685424805,7.734940052032471,6.007556438446045,2.033608913421631,15.776105403900146,True,False,0.08710956309331652,4.650693767454276,75.02332445178882,74.55605373322183,1.7771333542870562,4.6460837068290886,4.650693767454276,-0.3545406989117952,4.245170812963406,0.05098225557907465,4.2373574784266035,0.05879559011587698,4.236403983195379,0.05974908534710188
1083,2026-05-15T19:00:59.544Z,2026-05-15 19:00:59.544000+00:00,5714.862283333334,95.24770472222222,69.314,6,84,test,26,6,4.467073440551758,7.782082557678223,9.086191177368164,9.786199569702148,26.654473304748535,True,False,0.06328496362387802,4.827696650384537,93.2484072845544,92.78113656598741,1.0518400717760392,4.823158494643123,4.827696650384537,-0.36062320983277907,4.391699553360791,0.07537388719096683,4.388518209121875,0.07855523142988297,4.387190786607304,0.07988265394445371
1084,2026-05-15T19:02:08.916Z,2026-05-15 19:02:08.916000+00:00,5716.018483333333,95.26697472222222,69.372,6,84,test,26,7,4.630274772644043,3.764366626739502,7.998788833618164,3.5915589332580566,15.354714393615723,True,False,0.07660940580730452,5.087545262660793,124.06630931950465,123.59903860093766,1.8259045655499984,5.083605356315473,5.087545262660793,-0.45727049001675013,4.606810681612019,0.023464091032024292,4.610849905258249,0.019424867385794187,4.608905875496568,0.021368897147475252
1085,2026-05-15T19:03:18.401Z,2026-05-15 19:03:18.401000+00:00,5717.176566666666,95.2862761111111,69.485,6,84,test,26,8,4.993066787719727,1.5474485158920288,9.401263236999512,1.0609419345855713,12.009653687477112,True,False,0.09116592399586132,5.543682138032603,141.84834814684447,141.38107742827748,2.334475568038535,5.531695919377395,5.543682138032603,-0.5506153503128761,4.984415614879485,0.008651172840241195,4.993364535185297,-0.00029774746557009735,4.990048577531441,0.0030182101882854084
