cycle,target_ph,is_test,steps,mean_abs_error,rmse,max_abs_error,mean_error,tail_mae,tail_mean_error,tail_std_error,early_mean_error,mid_mean_error,final_error,drift_tail_minus_early,tail_ratio_action_std,tail_sum_action_std,tail_mean_sigma,tail_train_updates,mean_reward
0,5.454911231994629,False,200,0.7075316711274974,0.7570837663395935,1.5062732094468254,-0.7068082240328831,0.7151181634815066,-0.7151181634815066,0.26564836120318885,-0.648889000019621,-0.7463566484291028,-0.447336014952798,-0.06622916346188557,0.3715966650113359,0.34537573944021943,0.338066,50,-1.3527842569571893
1,4.729825973510742,False,200,0.1929424784989574,0.27025411669179344,0.732685561505015,0.11605477281075588,0.1028876838644898,0.011906759583779387,0.1624532225168804,0.2214947210031027,0.07610653056063667,-0.0573229489309223,-0.20958796141932332,0.3033631985523304,0.32111074341225126,0.324466,50,-0.31692397329874294
2,5.005549907684326,False,200,0.2405465228884401,0.26324306120208824,0.7554204665174602,-0.22257197164655498,0.24481830683462755,-0.2324877869297903,0.1268325856796368,-0.245109413141629,-0.1940521393222639,-0.1921722914704338,0.01262162621183871,0.2971648616009812,0.27753064899328095,0.310866,50,-0.35162146212741535
3,4.439845561981201,False,200,0.31022230894052816,0.3240363636789139,0.8775128163845238,0.30568628295866795,0.29994059917252897,0.29994059917252897,0.07280262200452792,0.32157635411504054,0.29273881315324823,0.3092446929311281,-0.021635754942511576,0.2890462885299666,0.3083773318243049,0.297266,50,-0.45365213345286437
4,4.791010856628418,False,200,0.06731486336214713,0.09448779545533159,0.3561659792524718,-0.015296371030105132,0.06880567649986646,-0.03211559763740946,0.08894820863110629,-0.01100026958729527,-0.002131471798009204,0.0534013880436452,-0.021115328050114193,0.31758419547096145,0.2615508222420824,0.283666,50,-0.11087153576756133
5,3.977292060852051,False,200,0.6848804278609734,0.6960931247269073,0.9534288096159608,0.6848804278609734,0.6421045152829522,0.6421045152829522,0.12750768503153326,0.724506267126267,0.6737491060013393,0.6668064354917771,-0.08240175184331477,0.2528954193945314,0.24510189864203816,0.270066,50,-1.2029095049670635
6,4.035871505737305,False,200,0.5299803025759978,0.5770750279744942,1.0883766134616015,0.5220777694795571,0.49537174907080506,0.48575567503079425,0.2677528436044585,0.5770308295364812,0.5196990032321783,0.3154976952789896,-0.09127515450568696,0.3479214605115254,0.29636097486905366,0.25646599999999997,50,-0.9028266229752601
7,5.3686203956604,False,200,0.5559464551738007,0.5600882081766352,0.6086203956604006,-0.5559464551738007,0.5569316320375993,-0.5569316320375993,0.07052472946072505,-0.5613244932928294,-0.5451955977466441,-0.6054677170841156,0.004392861255230085,0.20804454109432532,0.17732952960527137,0.24286599999999992,50,-0.8940250439684317
8,5.187441825866699,False,200,0.38185888436186316,0.3863207818703016,0.4613879590541803,-0.38185888436186316,0.3878093179402366,-0.3878093179402366,0.048338888596157335,-0.3850299428541844,-0.3797248328157966,-0.3251190648938404,-0.0027793750860521937,0.21566690262344804,0.16901942004600073,0.22926599999999994,50,-0.5522936586723761
9,4.675295352935791,False,200,0.0852734098070307,0.10775976026639571,0.4330723594755383,0.04087209128562547,0.0870812905414518,0.04502266613094672,0.10226601500973392,0.022528697002397114,0.046555418553289984,0.0472717401391031,0.022493969128549608,0.22518562489451327,0.21576743362956063,0.21566599999999997,50,-0.1202269306543367
10,5.376366138458252,False,200,0.3757297725510439,0.4239751226068899,0.6163661384582522,-0.35348880048042036,0.12474234627618631,-0.04072230733292306,0.1551817726761125,-0.5379065001189918,-0.4277061356886584,-0.0436472167638513,0.49718419278606873,0.15065852162791282,0.2209248913408575,0.20206599999999997,50,-0.5762253219678145
11,5.436836242675781,False,200,0.14302802682547888,0.17724922226894932,0.4477492081751384,-0.04127389010236015,0.1519669117958159,-0.05937989553482982,0.17775199961066265,-0.042967960059827955,-0.009981815812009583,-0.0479433282468422,-0.016411935475001867,0.16932385027041807,0.2162964630800992,0.188466,50,-0.19318888034943105
12,4.299808025360107,False,200,0.17721939629056785,0.22130894162203,0.6046052506858031,0.051151435521074665,0.1403447111897332,0.026681890177412782,0.15837580742930812,0.11886764631460207,0.035944945598718483,0.2243266441345959,-0.0921857561371893,0.18616720291510505,0.18096770369888962,0.174866,50,-0.24291867971491934
13,4.595416069030762,False,200,0.14503515943053824,0.18528574781694065,0.6247024383486206,-0.01536159153380814,0.12691069818543121,-0.009331733848411598,0.16175417679836343,-0.030928786522137267,-0.01763710378082022,-0.0555326808095131,0.02159705267372567,0.1887401714712941,0.16403498765310617,0.16126599999999996,50,-0.19339840954159226
14,3.968236923217773,False,200,0.1966337901483776,0.24363936004642023,0.7061561434612349,0.16273435052027918,0.15948730190303864,0.12458813074447622,0.158897009659331,0.1867049097641863,0.15736593037144314,0.3206971839425989,-0.06211677901971008,0.15690297169382425,0.1564025297509309,0.147666,50,-0.27227604386213655
15,4.943986892700195,False,200,0.10780371781111789,0.1400834170084003,0.4454557863918014,0.024628383577190594,0.1042202284384249,-0.004122758098361449,0.13650396937984205,0.057591548652911724,0.008551225504612129,-0.0633489864573686,-0.06171430675127317,0.1494369983682177,0.1317674075139216,0.13406599999999996,50,-0.13935684993733777
16,4.127504825592041,False,200,0.11507041079681088,0.143140787012324,0.4393478307466791,0.03896661137630176,0.10591766974574783,0.025279575145184988,0.12796935036088455,0.03963842181884604,0.04571505175455149,-0.1169158200653059,-0.014358846673661052,0.12709476595162042,0.07573102296856453,0.12046599999999998,50,-0.1429716523846775
17,5.613352298736572,False,200,0.1294430240162933,0.15698823274396928,0.4058811820963299,-0.11402653036705043,0.13353166358074392,-0.12554892797986195,0.1073105207278188,-0.11806425602803734,-0.09648584092813145,-0.1012472272465991,-0.0074846719518246035,0.10933515189937557,0.10418037765206001,0.10686599999999996,50,-0.1602585249513209
18,4.260905742645264,False,200,0.09642779196991492,0.12024622358918885,0.3610427373523466,-0.0007149237588012042,0.07787432604755379,0.011919167592065856,0.09389874256998361,-0.0178270693413937,0.012261693907392655,0.0646954198939333,0.029746236933459555,0.10374239774544765,0.09891852780137965,0.09326599999999996,50,-0.1158154583506008
19,4.816522598266602,False,200,0.07569402861037787,0.09485234480020222,0.2720040320745651,-0.03197584017939101,0.06970945867602786,-0.04266858389532944,0.07636649154332514,-0.045529795177383,-0.02446648147686932,-0.1185019227468942,0.0028612112820535635,0.07980211054650671,0.09439596922200048,0.07966599999999997,50,-0.08873423498964389
20,5.725067615509033,False,200,0.17431609096377312,0.18738881107408267,0.3611807185264419,-0.17431609096377312,0.16572338592215452,-0.16572338592215452,0.05001060582455958,-0.18136694214757315,-0.16412140895476746,-0.1355907523854842,0.01564355622541863,0.05411368612413604,0.06800376518760479,0.06606599999999997,50,-0.213341825682954
21,4.910144329071045,False,200,0.055858259304927244,0.06889431112560858,0.1866905410866666,0.033518727827874045,0.059647599344264765,0.03268014414365963,0.06447621260370076,0.03786265931235556,0.038436693390425776,0.0880598637076781,-0.005182515168695931,0.06850393777334722,0.06445257813744557,0.05246599999999997,50,-0.06283714314187264
22,4.686888217926025,False,200,0.041386267229036024,0.051801688453632914,0.1482354358395259,-0.014796046876246062,0.03269553141169191,-0.01351576338737363,0.03591758002035666,-0.039848895093625505,-0.007883824757155931,0.052155263955254,0.026333131706251876,0.038455630626816464,0.04125909599224727,0.03886599999999998,50,-0.043992928530912856
23,4.855535507202148,False,200,0.04114047101910345,0.051222804501951893,0.1490130613727114,0.028524191862755222,0.040207117517887726,0.03316837617084954,0.036616821093140677,0.029858145681501667,0.041942803756107996,-0.0058395986174026,0.0033102304893478755,0.038899614960258025,0.028824985764522654,0.025265999999999962,50,-0.04376568194053206
24,3.900802373886109,False,200,0.13714680961490916,0.13844301571214848,0.1957154636439382,0.13714680961490916,0.12331907247663411,0.12331907247663411,0.01258616481690222,0.1381269366603372,0.14524482625151325,0.1293328017741499,-0.014807864183703098,0.013850802360535737,0.014568687251471493,0.011665999999999972,50,-0.15773613606249529
25,3.908015012741089,False,200,0.11365006008165529,0.11487704594938565,0.1678217267041351,0.11365006008165529,0.1049456255990566,0.1049456255990566,0.011868852944515935,0.12455740353232451,0.11004870585890479,0.1281890474303031,-0.019611777933267918,0.012413682945236017,0.011761874106648995,0.01,50,-0.12793001210942384
26,5.740293025970459,False,200,0.1863224718933465,0.18772049422876924,0.2327370980406824,-0.1863224718933465,0.15502490868153132,-0.15502490868153132,0.017559228240179484,-0.1930685757089547,-0.19681915355858084,-0.165292809303267,0.03804366702742337,0.011189453387904008,0.028554201334521724,0.01,50,-0.2234071964961043
27,4.087711811065674,False,200,0.014569391637079359,0.02139436413248099,0.1904631546806063,0.012158158047708645,0.0187527519149277,0.01753113920142307,0.01252168514475762,0.008891965091439998,0.005668792845990077,0.0151289516876422,0.008639174109983072,0.013420267062050701,0.02523980093602274,0.01,50,-0.01285600063504721
28,4.50412130355835,False,200,0.04137611799404531,0.046708411067415016,0.09580398187921,-0.04066249441861986,0.03818815881430008,-0.03818815881430008,0.01865841946173871,-0.040526839973420006,-0.03771868059811789,-0.0582711238419575,0.0023386811591199277,0.01889787741621846,0.013489452182571714,0.01,50,-0.043598228376556886
29,5.071951389312744,False,200,0.0884484550576099,0.09273267481474924,0.206839518012579,0.0884484550576099,0.06703588990473609,0.06703588990473609,0.01615704876944625,0.12125866829039432,0.07770592566914096,0.0747738407771159,-0.05422277838565823,0.016769787113456114,0.010585248321511052,0.01,50,-0.09789174501692965
30,4.322970867156982,False,200,0.018216453292226983,0.02216128159859734,0.0633115478145347,-0.009007059841642129,0.0235612745694783,-0.012502578525636939,0.025399418677808275,-0.021429854505576128,-0.005865102309450683,0.010255744419779,0.008927275979939189,0.02509209155870522,0.027156418755937727,0.01,50,-0.017012454159356524
31,3.797871828079224,False,200,0.1642251415366782,0.16461887049402904,0.1957451925583146,0.1642251415366782,0.16041748735225161,0.16041748735225161,0.011287330538265593,0.16683424221047657,0.16864187151264204,0.1426757985494386,-0.00641675485822496,0.00995211996373546,0.01160771012338872,0.01,50,-0.19291933193346528
32,5.52488899230957,False,200,0.015444443511990431,0.01947984803583507,0.0593826505899448,0.012249869100219106,0.015385419614039388,0.013684898434425436,0.0151430725445077,0.009512025717189636,0.010035182603614802,-0.0088031746948811,0.0041728727172358,0.01465949503508098,0.013402817429106786,0.01,50,-0.013423498319604788
33,4.32970666885376,False,200,0.021513912955005394,0.026332436163781583,0.0734285307691564,-0.014496239014707096,0.022702183180565716,-0.020289151293491247,0.019207031085427168,-0.002703597126582622,-0.02346946292869119,0.0082192926031998,-0.017585554166908626,0.019009355673512633,0.015661529894856894,0.01,50,-0.020486717718115995
34,5.231163024902344,False,200,0.08508453288289652,0.09470297715482398,0.2606263277139398,0.08408051173142717,0.031014490843065734,0.02699840623718831,0.02867370706442938,0.11562970930413359,0.09969381766954032,0.0822775612467694,-0.08863130306694528,0.03417193351870358,0.019987042114506203,0.01,50,-0.09465437221139034
35,3.7912847995758057,False,200,0.16137906821649836,0.16196647738606987,0.2294674747429681,0.16137906821649836,0.16634001021038156,0.16634001021038156,0.00923682636590975,0.15747990216329333,0.15364092352454287,0.1710902509027736,0.008860108047088228,0.009205213376279825,0.010733388186266868,0.01,50,-0.18926026575480265
36,3.783494234085083,False,200,0.16960823549120654,0.17000249309225812,0.2043466199008419,0.16960823549120654,0.16694919219628473,0.16694919219628473,0.0106149636284579,0.17109709677949275,0.17032618112465042,0.1594596173126503,-0.0041479045832080175,0.011376638825845907,0.012871240865435604,0.01,50,-0.20017880142606959
37,5.7195563316345215,False,200,0.11797317279308209,0.11897929801116441,0.212262034692884,-0.11797317279308209,0.10718050609834943,-0.10718050609834943,0.010750577768224632,-0.1317756107516361,-0.11664367690272531,-0.1019591924919858,0.024595104653286667,0.012156938152541083,0.016174039092810642,0.01,50,-0.13342683684051568
38,4.476452827453613,False,200,0.021412557975917214,0.02601929280156379,0.0620933188699606,-0.01773644618490862,0.018834051307222398,-0.013292317961006227,0.018557129186418067,-0.030369595378340025,-0.00752058516858132,0.0082082687396685,0.017077277417333798,0.019189674092990546,0.01253502114081695,0.01,50,-0.0197465275605082
39,3.862059593200684,False,200,0.09962299496842668,0.10059110311827654,0.1413251989191914,0.09962299496842668,0.09902172123267672,0.09902172123267672,0.012732143845663612,0.1059133534863804,0.09644259892649436,0.0931279894691963,-0.006891632253703678,0.011526650025749048,0.012677980381232652,0.01,50,-0.11070250948945387
40,4.643530368804932,False,200,0.02619748675369636,0.03188064546045953,0.1130246004370745,-0.021816352638727454,0.026668804591656832,-0.02009746841362289,0.023565843385914952,-0.029086309364006916,-0.02307839458419637,-0.0359368371669726,0.008988840950384026,0.024552818510977296,0.01071938220898467,0.01,50,-0.026156014480496505
41,4.6603851318359375,False,200,0.018790579157587896,0.023131176049042444,0.061212071723915,-0.010561818974863786,0.018928775186315992,-0.01178115172278622,0.01952336230258779,-0.0015078300785288238,-0.020723959373330894,-0.0118066881606573,-0.010273321644257396,0.020172010329881244,0.01677024702706554,0.01,50,-0.01793039876486047
42,5.561863422393799,False,200,0.013079901378364199,0.015903211056204725,0.0395918423149783,0.009338551274803118,0.010054510682153078,0.007747035129134105,0.01025065698953944,0.012877751342870695,0.00428416653487586,-0.0099179031813347,-0.0051307162137365905,0.009847760354570292,0.01464954450196626,0.01,50,-0.010690580276156518
43,5.434678554534912,False,200,0.056203473431692796,0.058252723525886105,0.0937729605154524,0.056203473431692796,0.059748125312563634,0.059748125312563634,0.014045099992518816,0.06690803370247704,0.05360854961056986,0.0654475813869988,-0.007159908389913407,0.015033499248727007,0.013225400870344933,0.01,50,-0.060112858597046744
44,4.433226585388184,False,200,0.025698432349554587,0.03113973318894013,0.0814118184402614,-0.014137380133881485,0.029854469821609504,-0.025724692194218416,0.023580336466327553,0.008818074758274197,-0.001453351996466304,0.0080902800870905,-0.034542766952492615,0.0225094491195514,0.03225885392692055,0.01,50,-0.0251656064407007
45,5.536791324615479,False,200,0.015882651476610846,0.018889701829348272,0.0414927228055148,0.013341588199338388,0.014855117085760974,0.012763789431569323,0.012460097787773315,0.015526793006485892,0.009987355968697386,0.0048000422008405,-0.002763003574916569,0.013193640357177384,0.009366961378709904,0.01,50,-0.014119450728191506
46,4.587206840515137,False,200,0.015935421750846678,0.019989069291492707,0.0591299159318507,-0.013587214398009645,0.01940357427518062,-0.018462329518661363,0.014894359684804919,-0.011973437971297381,-0.010858953133355241,-0.0107575293487727,-0.006488891547363982,0.015430357309306265,0.01286546867122227,0.01,50,-0.0141268899753375
47,5.055301189422607,False,200,0.03672060029515631,0.04365109429820013,0.1127986672780263,0.02585307700692006,0.033956634946180314,0.029912397194057513,0.033765478099504434,0.04111614351040325,0.028475536670921647,0.0008136965432576,-0.011203746316345735,0.035981515275654095,0.02709121550920908,0.01,50,-0.037950826091536695
48,4.500186443328857,False,200,0.01882609881766738,0.023595187925034497,0.0645979134175416,-0.013803436745366535,0.03551569289223422,-0.03551569289223422,0.013042926531290754,-0.003092130087745798,-0.008877669855028058,-0.0320036201619737,-0.03242356280448842,0.013991460136779989,0.015157077506104871,0.01,50,-0.017670864390157786
49,5.474881649017334,False,200,0.03012950398781389,0.03404346579946443,0.1110129686143714,0.029772701326613485,0.035477671159481396,0.035477671159481396,0.014863845020207602,0.026571628047904028,0.025282140512813148,0.029262188550545,0.008906043111577368,0.018219506027211854,0.019767394663889864,0.01,50,-0.031047707469624805
50,5.619307041168213,False,200,0.03786180041345655,0.04009151775586351,0.0785849065044326,-0.03786180041345655,0.03067891336758608,-0.03067891336758608,0.01171116292532214,-0.045492555136690455,-0.040400479556704685,-0.0345151474485243,0.014813641769104373,0.009687722928495283,0.014475255726932508,0.01,50,-0.039778220227878185
51,5.448261260986328,False,200,0.051978767451321656,0.05802190747836231,0.1292166592715453,0.051899133756139186,0.07207160312946853,0.07207160312946853,0.018939707875933093,0.032059541839917056,0.03493932583035603,0.0427440276692276,0.040012061289551475,0.017719099088055423,0.03823384998325154,0.01,50,-0.055657566510911666
52,4.40766191482544,False,200,0.014404577614264844,0.01792526293757232,0.0479498441833881,-0.002206887539123917,0.016027624743854437,0.0018623892507985396,0.01990984242036738,-0.0021787986478022845,0.00401163029825671,0.0047810557545879,0.004041187898600824,0.020681700268299904,0.012493667808689083,0.01,50,-0.011731973483922884
53,4.17949104309082,False,200,0.012886422724925208,0.015919427628113818,0.0393003309606383,-0.002338009608307716,0.016036572197925775,0.0030830959877091923,0.018475069911616432,-0.0051565216242700435,-0.00654614749189534,0.0284128727775234,0.008239617611979236,0.019855736396795803,0.015095523811876647,0.01,50,-0.01065855133986116
54,4.608450889587402,False,200,0.016479702815045114,0.02040692434062042,0.0920583280446107,0.00034346269362252297,0.015474320264452437,0.002556475350535488,0.019591381749567555,-0.005433704792024811,0.005871243293098536,-0.0126921001143545,0.0079901801425603,0.02071348643850058,0.011282156162132472,0.01,50,-0.01500337570726655
55,5.279659748077393,False,200,0.027815284904410938,0.0329838082921987,0.1109281241610329,0.023596314127101444,0.03263448955808555,0.03231353408613266,0.014337377994019827,0.0015093582955679088,0.031020608004530957,0.0450530480281186,0.030804175790564752,0.016383471411975138,0.014368737010619255,0.01,50,-0.02843558714402463
56,5.347025871276856,False,200,0.04253359730070354,0.047479799872228765,0.1022411053322933,0.041636801015809716,0.046354103616220305,0.046354103616220305,0.0242374860300456,0.042887331607068105,0.0383206384063737,0.0583704833066827,0.0034667720091521997,0.029540695960295706,0.017805711013633173,0.01,50,-0.044904695040198964
57,4.924736976623535,False,200,0.022474501816657996,0.026029839271059993,0.0583693822526711,0.017690186146631936,0.020867697467584198,0.017667341599466514,0.015037133470238976,0.028620180128866246,0.008555078769561875,0.0204096786492646,-0.010952838529399732,0.01647819386571378,0.013640241982584692,0.01,50,-0.02240983313128361
58,5.136227130889893,False,200,0.035415824703055564,0.04343970989918588,0.0944912771948205,0.03426604818946262,0.045863122917708644,0.04457152264366438,0.029397447076155322,0.04057882923485082,0.026087736975457097,0.0338186339150219,0.003992693408813558,0.029561891748193948,0.023540750203558575,0.01,50,-0.03641793626273631
59,5.100868701934815,False,200,0.04312165557530356,0.04990425444681371,0.1107260560986533,0.04018594400237614,0.05849044260278003,0.05849044260278003,0.023366545477597766,0.028354729752268545,0.022284243623712365,0.0504152676586997,0.030135712850511486,0.025947138504193657,0.017436951770781473,0.01,50,-0.04525067273254942
60,4.430636882781982,False,200,0.023443575228636923,0.02886125634548726,0.0749641321740499,-0.013035092705729254,0.025629664700200637,0.004598526105807072,0.028527933148780812,-0.022215406149957116,-0.029316635667386074,0.048270180013251,0.026813932255764186,0.032151433755968725,0.022758993380874604,0.01,50,-0.02287394680208017
61,4.344274997711182,False,200,0.022778345237249812,0.02811800339074462,0.0725471647102793,-0.0001214175102397945,0.020359378994622156,-0.013973103839142265,0.01946844471535894,0.009291985241762247,-0.005536927195465652,-0.0384125003749584,-0.02326508908090451,0.020767644163186053,0.0122358987589557,0.01,50,-0.0221771035984991
62,5.402811527252197,False,200,0.03356407266645116,0.038347678328581936,0.106316602176995,0.02787822494518248,0.0353353428062799,0.03178729897685963,0.026169969330031337,0.03721860544544817,0.01067387911318054,0.0133687019554988,-0.00543130646858854,0.023788869693410566,0.02192128071525608,0.01,50,-0.03464085074067577
63,5.236717700958252,False,200,0.02437101513694495,0.03109044385498455,0.0756597091949631,0.015140745134469336,0.05018615696187213,0.05018615696187213,0.014568703909123645,-0.0021847750435291607,-0.005931976504665017,0.0465985910351545,0.05237093200540129,0.01874501435010999,0.018658775764175708,0.01,50,-0.02430197138272012
64,4.361003875732422,False,200,0.01621729055481118,0.020374612224381566,0.0548998866021497,-0.0004012660332866996,0.013759727778795855,0.008555960551104209,0.015902050380642015,0.000941948365492089,-0.004698100811028314,0.0093203958159975,0.007614012185612119,0.018276985656822668,0.020097095535445208,0.01,50,-0.014459370314480443
65,4.174095153808594,False,200,0.012723175481436285,0.016504548619940707,0.0473498027296708,0.0006980175968129543,0.009378403418622757,-0.0024556714790631303,0.012155646515465692,-0.01001407204741636,0.002602373883613842,0.0259721356821138,0.007558400568353229,0.014603372158908244,0.023834500529399536,0.01,50,-0.00965856300762878
66,4.781829833984375,False,200,0.020122314741339437,0.025160567066677943,0.1221758057448996,0.0017998185756878202,0.016014709909071632,0.0014720540303850265,0.019138346239344708,0.0033287076490950574,0.014044080844929014,0.0039414202898466,-0.001856653618710031,0.02034127998213727,0.027601693208480188,0.01,50,-0.01931525618238996
67,4.137288570404053,False,200,0.01728180911185248,0.02090375615636913,0.0618526752901278,0.003489479821998739,0.017814666924203405,-0.003412650402713896,0.021144082833674072,0.013480931695964704,0.002749430389600244,0.0146637222904759,-0.0168935820986786,0.023475684136204242,0.02828031912592888,0.01,50,-0.01594019725172779
68,5.715791702270508,False,200,0.07767439634431061,0.0807925800220273,0.248832933159349,-0.07767439634431061,0.06417699025179535,-0.06417699025179535,0.013462133239908946,-0.0886384866406379,-0.07328136468856124,-0.0513109352476242,0.024461496388842555,0.012164369184322446,0.014100522159251106,0.01,50,-0.08547541403611147
69,4.39620304107666,False,200,0.015807870619978973,0.01950598718922634,0.0517714885009263,-0.005224409463353277,0.01863903113932197,0.0020142139076441954,0.02135236206205723,-0.013004411502913484,0.004891258222033397,0.003106175771089,0.015018625410557679,0.02321419694080522,0.016168267107363424,0.01,50,-0.014153325264858314
70,4.614506244659424,False,200,0.014473800302529262,0.018272209524394564,0.0521693518405532,-0.001789652345279645,0.01711402072095475,-0.010662682493743308,0.018556228446510094,0.00303983002691047,0.005442045953873954,-0.0055219343566657,-0.013702512520653777,0.019315401092600624,0.011928775868522501,0.01,50,-0.012457927574447374
71,5.547001361846924,False,200,0.02756865740258626,0.03155000758072162,0.0802981317155211,0.027000009164261315,0.027209019237242744,0.02558460452290428,0.018830978834862535,0.027924619172094656,0.026209101362930927,0.0394550532076314,-0.0023400146491903764,0.012098115474279397,0.023647914994764735,0.01,50,-0.027920210835629965
72,4.450541019439697,False,200,0.016326976167513076,0.020228464970062365,0.0488605114078435,0.00326582162037841,0.016396580838986635,0.0021169357207033337,0.020290141921012545,0.005557385930719821,0.003764705702667167,0.0045251587558992,-0.0034404502100164876,0.02071791680300124,0.011494853782337224,0.01,50,-0.014781756996875539
73,3.85614275932312,False,200,0.08739214329247082,0.08843718288479953,0.1177549599614895,0.08739214329247082,0.08044647317937789,0.08044647317937789,0.013985958919333236,0.09148811709177206,0.08880437148728858,0.0820663527705329,-0.011041643912394164,0.011359119482189553,0.021256017715614275,0.01,50,-0.09604936916741554
74,3.8090195655822754,False,200,0.10769841615418382,0.10853355626139378,0.1473808265195275,0.10769841615418382,0.09689278364781004,0.09689278364781004,0.011439477440627894,0.11328264941109965,0.10926802793195488,0.0792876998771459,-0.016389865763289616,0.011052066704676088,0.011928706360654873,0.01,50,-0.12051845579522488
75,5.516296863555908,False,200,0.034174861836975816,0.038758548538572524,0.1488942624715674,0.03353260305966917,0.026813826242508106,0.026811466647182543,0.014586968149252161,0.04144203391440232,0.028063364370073538,0.0452241974716809,-0.014630567267219778,0.013026962827429732,0.020266701865771675,0.01,50,-0.036075776224713356
76,5.621523857116699,False,200,0.01662268962204023,0.019878211609356017,0.0578347661147882,-0.012383002684577333,0.013759462943872806,-0.002673534287916454,0.015475154323660837,-0.01585421618367324,-0.01591530653231047,-0.0084743994352827,0.013180681895756786,0.010281994232311928,0.02196066360987284,0.01,50,-0.015287824113668493
77,4.570443153381348,False,200,0.016745756935538224,0.020656246927185973,0.0478470023442296,-0.006540354907946471,0.014832545571912095,-0.006829476905880264,0.017015659096053064,-0.006632188039186339,-0.0009799761279385936,0.0256549409925375,-0.00019728886669392529,0.017201703659062574,0.01171194327302208,0.01,50,-0.01506485659352737
78,5.147554874420166,False,200,0.04618084465182015,0.04987766642300573,0.1111821449907006,0.0461508799563832,0.04606665522000908,0.04605889717789923,0.015898911758953166,0.04332599976092653,0.05376691825912971,0.0351227777430809,0.0027328974169727044,0.018377110995968057,0.01226856235310041,0.01,50,-0.048783409218850694
79,4.2694525718688965,False,200,0.018152740443237753,0.022292575876168976,0.064354736167286,-0.005948873139635911,0.02373670129063524,-0.011923636772210216,0.025527206390551328,0.006236386783819574,-0.016230191784126283,0.0134309100587088,-0.01816002355602979,0.025912057014038575,0.012688248299753546,0.01,50,-0.017071043240193134
80,3.884989976882935,False,200,0.0598818981590452,0.06119898792474432,0.0920204098734052,0.0598818981590452,0.056153056920696394,0.056153056920696394,0.01258718755955965,0.061094563829429294,0.06211296350425443,0.0682362038767085,-0.0049415069087329,0.011702781987242424,0.011917348430529778,0.01,50,-0.06417679032873964
81,4.934577941894531,False,200,0.03005642067194005,0.03630928649496172,0.1960386319249503,0.017938757907635133,0.02591977139915155,0.013833101620725229,0.027155510990471143,0.020385463087699254,0.0025063083906519197,0.0334766611371373,-0.006552361466974025,0.02895970858299429,0.023772264652484963,0.01,50,-0.030805830350999475
82,5.554214000701904,False,200,0.017723181798143493,0.020927434694846158,0.0507491740485974,0.015558453684990094,0.012602470589412097,0.010398880812053797,0.011346909246490407,0.02080106224560684,0.014207749132577534,0.0231920105549257,-0.010402181433553042,0.009914145429181172,0.021689074147074678,0.01,50,-0.016707855288013388
83,4.627451419830322,False,200,0.016066202799296363,0.02024610020826913,0.0615230014097596,-0.002077047346090439,0.012216760992488257,-0.0028317684403736105,0.014965765798301459,0.0026212099897637876,-0.004070030843924842,0.0247471629230711,-0.005452978430137399,0.015894304496647655,0.024540448965493723,0.01,50,-0.014511654219389656
84,3.9153201580047607,False,200,0.04569523639687644,0.04731698532288234,0.0781116036174469,0.04569523639687644,0.04670892308743116,0.04670892308743116,0.012312330487688811,0.04409034588114253,0.04469696134052126,0.0472498339954792,0.002618577206288629,0.011104308712865156,0.017992077536410755,0.01,50,-0.048344725683129045
85,5.566481590270996,False,200,0.026462795831367174,0.03181361787651377,0.1682911247554264,0.023731391637726723,0.02675045926752881,0.025081463318647457,0.01780503645264,0.027311637725300247,0.02667716451251287,0.0206501086052348,-0.0022301744066527893,0.01244556573991842,0.025283166309309272,0.01,50,-0.02731472967264083
86,4.0546488761901855,False,200,0.014111139729770713,0.017435560291604826,0.0472444597325143,0.004092079867215464,0.01887317504772528,-0.0026671505112460994,0.021428703682246607,0.007187139125576746,-0.001958881391784676,-0.0055860555438922,-0.009854289636822847,0.020510219250484258,0.013907072483842361,0.01,50,-0.012262337861714292
87,5.406574726104736,False,200,0.047415964555383855,0.05524329382101595,0.1515419667389732,0.04677508930105065,0.02702673380144653,0.025819540261837526,0.018810970035567077,0.02908985467595704,0.08086186260874573,0.027883181631223,-0.003270314414119513,0.021986409056188615,0.016631175262390822,0.01,50,-0.05067957404712553
88,4.520750045776367,False,200,0.017535781094242295,0.022403423152493485,0.0554802357472912,-0.010722480459614098,0.02308888671657827,-0.01962663108387559,0.019238950749143478,-0.0024925691960394785,-0.013123872983076672,-0.0344886708530367,-0.01713406188783611,0.020181732275417936,0.012461553834888974,0.01,50,-0.015370681602998064
89,5.6337890625,False,200,0.017924832412331934,0.02270668261432014,0.1038377804528458,-0.013454152804344796,0.01040597987022457,-0.007006079901095624,0.011219746055358675,-0.015778784022810136,-0.004622129723377702,-0.02445867727074,0.008772704121714513,0.01040360898449267,0.019330645411271035,0.01,50,-0.01664352179638133
90,4.882696628570557,False,200,0.026348216430195626,0.0314596631076479,0.0724805087868443,0.016435806589554392,0.018102071015160662,0.014953960081726525,0.015228521744579856,0.022740726556988493,0.00497402755141905,-0.0016167379501359,-0.0077867664752619675,0.016134885707030148,0.019610024797526236,0.01,50,-0.02617962280478002
91,4.102566242218018,False,200,0.012273081819228903,0.015339339902598814,0.0571208606589799,-0.003065886068078277,0.011888008029415682,0.003508054751410203,0.013737604799496504,-0.009934767616851905,-0.004739844664722154,-0.0130776179375349,0.013442822368262108,0.014997912813898426,0.02105945381900511,0.01,50,-0.009023406820165718
92,4.951372146606445,False,200,0.03925326661144251,0.04520146857309916,0.0971191700425686,0.030368815007744285,0.05495604350735505,0.05495604350735505,0.018085924430734927,0.03169200218449478,0.00674671982986217,0.0119293196752661,0.023264041322860272,0.020075953016724258,0.018648598304835718,0.01,50,-0.0408696227983353
93,4.385330677032471,False,200,0.02050061411207121,0.02546056165001616,0.0677109812238114,-0.00501417903259854,0.03038614248391188,-0.00818944500520534,0.03385687334488927,-0.0039061842339037705,-0.006601560900146087,0.0301506232150821,-0.004283260771301569,0.03640480891342511,0.01510691148941679,0.01,50,-0.019598932180341474
94,3.7729008197784415,False,200,0.1329699467858316,0.13350095519690489,0.1602732563142055,0.1329699467858316,0.12491748024116585,0.12491748024116585,0.011894670184195415,0.13718368664765282,0.13625140919573642,0.1043594181425344,-0.01226620640648697,0.010575651463192764,0.011398342315135307,0.01,50,-0.1520865481248561
95,4.067780017852783,False,200,0.011922241267642084,0.014678641961317745,0.0354302378420667,0.0003030280665821815,0.012390903934045872,-0.0027248894849822057,0.015013048276454789,-0.0053492155278242375,0.003059120316844076,-0.0280305439886552,0.0026243260428420317,0.01585785487769234,0.016021989287467377,0.01,50,-0.00885330643478355
96,4.2862935066223145,False,200,0.013626978824021897,0.01785160990484317,0.0600633244865829,-0.0028186748703567482,0.012283040669024841,-0.006146504606178942,0.01580285670869661,-0.002923534190287179,-0.0016273541310379556,-0.0311702196069481,-0.003222970415891763,0.016100741573904884,0.011666693001078643,0.01,50,-0.010226394553959666
97,4.116958141326904,False,200,0.013496426227917555,0.016645028437343303,0.0439298969197627,-0.008880934444205258,0.0122481319578776,-0.006556174212950874,0.014202068064307183,-0.008555368045171912,-0.0035596545162963444,-0.0205220833119987,0.0019991938322210384,0.013435092263282879,0.014574988607747842,0.01,50,-0.011327736249585966
98,4.374868392944336,False,200,0.01970049626476653,0.024588032039581587,0.0781875955684716,-0.0104424320301191,0.025403843328836925,-0.01386505882277841,0.02818532953116716,-0.0018088800889582827,-0.020637967464416644,-0.005977036910747,-0.012056178733820127,0.030952814695736342,0.019088605602573628,0.01,50,-0.018338636912708085
99,4.700106620788574,False,200,0.018376013639862375,0.02209187078389379,0.0551382946663006,0.0011136120921505668,0.02258775685280046,6.51247650560019e-05,0.025410679749577645,-0.0021547968328625793,0.009837172764778135,0.0037945740438853,0.002219921597918581,0.026736445373292814,0.01601143641575412,0.01,50,-0.017340231574173838
100,5.29040002822876,False,200,0.03686935583263244,0.04415545832304522,0.1072793935286036,0.03653312638386216,0.0640717256005487,0.0640717256005487,0.022895035640220704,0.02129561987784558,0.02529343129833552,0.1053486517122648,0.04277610572270313,0.01955496831650895,0.03110761318657667,0.01,50,-0.038480968710349214
101,5.0996575355529785,False,200,0.028759954243676437,0.03410021299922708,0.1012583360658396,0.026923603955315033,0.01673093182373668,0.01636068399222708,0.010236895049595112,0.015298734599279324,0.039481120310166214,-0.0013450515570134,0.0010619493929477555,0.012648505246218597,0.019125162222461318,0.01,50,-0.02923524771156913
102,5.559228420257568,False,200,0.022238696870504223,0.026751898980461805,0.0640088061165018,0.02083237635455677,0.029904456484772152,0.029058379266907543,0.019593369294095893,0.02004896846629429,0.01328900026767022,0.0197565974484588,0.009009410800613252,0.017611491638541137,0.015964545571562253,0.01,50,-0.021728604791027704
103,4.367224216461182,False,200,0.01662070792097394,0.02090820597129731,0.0872904999879029,0.0003237438724516381,0.015241150242353287,0.011777458740918113,0.015432937232661438,0.003353486754400684,-0.010815520207123855,0.0128897203779558,0.008423971986517429,0.015800610118737443,0.020546002640361948,0.01,50,-0.01503326133818398
104,5.1807050704956055,False,200,0.023223390464672963,0.028582824800744956,0.1203890332167869,0.020178665829087845,0.029152979758136018,0.029059258084108818,0.01472482506458454,0.017029152292551576,0.015008164803106247,0.0237583598598591,0.012030105791557243,0.016175106170931625,0.016156961311894768,0.01,50,-0.022895166778339027
105,4.989678859710693,False,200,0.026701116455117767,0.034820839770290934,0.099915402578711,0.020666719351841466,0.025677614011194776,0.022345890202266565,0.02088504007226435,0.04374986225689365,0.0187384754837374,0.038906205468856,-0.021403972054627088,0.02240789332785972,0.012906459751741902,0.01,50,-0.026032778025112942
106,4.186361312866211,False,200,0.013446612242104956,0.0179353539120067,0.0954761503169967,0.005234166273674252,0.014651467903757986,0.01022238878573479,0.015184430968455348,0.011252592106915408,0.00021463002358747575,0.0190349363496427,-0.0010302033211806172,0.014808965064767279,0.011357859721819127,0.01,50,-0.010436548967181698
107,5.638851642608643,False,200,0.02626093074027184,0.031135089825659577,0.1532238502066878,-0.024560715770827746,0.022019826348222117,-0.01896491787705079,0.01716370093956662,-0.030336162940487563,-0.022973405546688905,-0.0276709161890913,0.011371245063436772,0.013389883141794333,0.015992588907635434,0.01,50,-0.026829678576835575
108,4.619189739227295,False,200,0.01716447412554982,0.021286887919514393,0.062649545782909,0.00728692681533815,0.01782676331678991,0.0015810027055388135,0.021170451558750462,0.007090431427343995,0.014941752079409017,0.0048333522873411,-0.005509428721805181,0.0228641904748668,0.015287461365595167,0.01,50,-0.015602056715734527
109,4.7364044189453125,False,200,0.019071494245111596,0.02398304485779806,0.0641381093593285,0.008474018465434672,0.010980429122010029,-0.0038552389732348846,0.013463486870857674,0.010219718926289138,0.01263265024962632,-0.0112649994482847,-0.014074957899524024,0.014401289933442685,0.011048138217039656,0.01,50,-0.017442196124774892
110,3.944365978240967,False,200,0.035978388352049785,0.03816911896112537,0.0726039048651765,0.035978388352049785,0.0321046401884248,0.0321046401884248,0.012316816037612987,0.04080160484256434,0.03474864188535129,0.0323682820116051,-0.008696964654139543,0.014220577844683759,0.011122159092783046,0.01,50,-0.03771291306570269
111,3.905478239059448,False,200,0.04122451551505504,0.042666467129845835,0.0727607071145963,0.04122451551505504,0.0403290364440888,0.0403290364440888,0.011887416457930712,0.03606301814674836,0.0415573992607992,0.0300208272489639,0.00426601829734044,0.011238758372670903,0.013377030984399008,0.01,50,-0.0434225856807359
112,4.010705947875977,False,200,0.013099865884249549,0.015959960409447364,0.0480540979706529,0.004081266721634749,0.009619861492783406,0.00025239739563584994,0.011813525879510815,0.012678358120531807,-0.007750182304881999,0.0128350557067324,-0.012425960724895957,0.013073676298678763,0.018335157650941257,0.01,50,-0.010816552271215609
113,3.865864753723145,False,200,0.06525224972655749,0.06625116189405497,0.0982973671757343,0.06525224972655749,0.060601671812323794,0.060601671812323794,0.012388885109896431,0.07012400646380644,0.06708786020414458,0.0705692226103451,-0.009522334651482646,0.012332120828846655,0.013291256233485559,0.01,50,-0.07024522513090731
114,4.020958423614502,False,200,0.012363626629105076,0.0156558135538273,0.0417951425582394,0.004554653645880151,0.015915151796842865,0.015409048534412096,0.011060458191252027,-0.001898008552911256,-0.0011352619245230578,0.02945561646231,0.01730705708732335,0.010144050944992442,0.017866008403244097,0.01,50,-0.009014661139252356
115,4.120151996612549,False,200,0.013584734493516349,0.01653508173043379,0.0413079276393251,0.004556461618356624,0.011088502694054234,-0.0060433105924923925,0.012683908914026022,0.014166488481801694,0.0028963747425839585,0.0006386645231923,-0.020209799074294085,0.013236531655495027,0.009768473026754213,0.01,50,-0.011522892691394393
116,5.201063632965088,False,200,0.02204758310843366,0.029428457589821534,0.1814358164245177,0.01365608909909079,0.01874598532941955,0.007712607123374813,0.020542920359626616,0.00451836367792936,0.010160530392779815,0.0104272460985859,0.0031942434454454525,0.023639494857730002,0.017421214146009688,0.01,50,-0.022023130602300833
117,4.49151086807251,False,200,0.014612142945518625,0.018634379199812742,0.0692731872106477,-0.002401978974042615,0.009373704424504817,-0.00265640874008113,0.011750495042567654,0.0032793506645157743,-0.008685408416728713,-6.342896019084776e-06,-0.005935759404596904,0.012277035160430176,0.011652927589896854,0.01,50,-0.011839196834814245
118,5.689723014831543,False,200,0.0508761160709602,0.052871179557568614,0.152989766123385,-0.0508761160709602,0.04632906884493049,-0.04632906884493049,0.013232630526949602,-0.05029568899234691,-0.050300597815563244,-0.0535956429217607,0.003966620147416423,0.010973891017523383,0.02287329053549666,0.01,50,-0.05434312475415387
119,5.125248908996582,False,200,0.026478145966058714,0.03188284324178512,0.0668527179024032,0.024381560989692533,0.03336727118748616,0.03322904034626398,0.016258494782067402,0.015869503503088155,0.02406998627358364,0.0153678153598475,0.017359536843175823,0.017974219030983903,0.011628656514762963,0.01,50,-0.02644405939334254
120,4.679214000701904,False,200,0.014639930763948135,0.018047445530948905,0.0501919271917437,0.0008219447900497733,0.010864938352611148,-0.00774423475624052,0.011747716555575658,-0.0023739397464831113,0.0027387821611036373,0.0005967271651083,-0.005370295009757409,0.012454499910128413,0.02005691171784586,0.01,50,-0.012778483087487358
121,5.189937114715576,False,200,0.02429560151989634,0.030857345869390543,0.0796637858139774,0.01631847830008324,0.01566461729741719,0.006797002755676097,0.020639117021597108,0.016602347311383638,0.014259214561341833,-0.0130142276737164,-0.00980534455570754,0.02472085277669962,0.021573567611195565,0.01,50,-0.023871405865733126
122,5.631141185760498,False,200,0.011653174771466166,0.014791118154289573,0.0461201671640889,0.0014578874586973793,0.010943517423029441,0.005496209463062409,0.011312068034079824,-0.009284276886188964,0.010216541766265979,0.0089947599580781,0.014780486349251373,0.010911059279754508,0.015250793179272965,0.01,50,-0.009026834528516584
123,4.092722415924072,False,200,0.012742944831166478,0.0168699616895843,0.1031779915183057,-0.0031558055319611555,0.013360677856808079,-0.0102831152032629,0.01254390117481542,0.0023431696264964432,-0.0077476972483545535,-0.0175182751497251,-0.012626284829759343,0.012305521627612531,0.011554530254181645,0.01,50,-0.01060104426165594
124,4.555753231048584,False,200,0.019154880758982425,0.024727047413290626,0.0628939082167807,0.00020521828542761008,0.033753440513908155,0.0001288173568567183,0.038235591855314825,-0.004925279083802075,0.008089018668751204,-0.0471857952922176,0.005054096440658793,0.03998922321368923,0.009824112919300229,0.01,50,-0.017930362223822008
125,5.263879776000977,False,200,0.014899332975161257,0.018405684362922854,0.0644930395781129,0.0035379372457608254,0.014844040045277434,-0.0025276015121119934,0.018009125862947766,0.008598355286465322,-0.00037681181035371795,-0.0015751706755491,-0.011125956798577315,0.018779440621827705,0.011820802332065311,0.01,50,-0.012981647361628424
126,5.251918315887451,False,200,0.016718428211995942,0.021207001239722963,0.0560073418203614,0.000302374939018725,0.02674495825207378,-0.0044342287271346235,0.0312723876174134,0.0010580331399739394,0.0034591895378207117,0.0233069625507447,-0.005492261867108563,0.03611757017105856,0.021396381443364716,0.01,50,-0.01519410931880297
127,4.888257026672363,False,200,0.026746099015573614,0.03171521744624722,0.0746659663677027,0.009363465103197032,0.0321119115001627,0.02975467190247001,0.024445018830858763,0.007868117926782731,0.0069521088904849985,0.0157867091365577,0.021886553975687277,0.026120702741697144,0.021361726136904395,0.01,50,-0.026718872508398328
128,4.163868427276611,False,200,0.01135663347836985,0.01569712754000593,0.1059136323961666,0.001659057786127161,0.01373967147903805,0.0068917954019402615,0.015232796972499095,0.0029714992936418294,-0.0009907077997830355,0.0226423393644736,0.003920296108298432,0.014102918688483115,0.01842839142505501,0.01,50,-0.007405960627446242
129,5.108270645141602,False,200,0.02988166012288243,0.03645660105158267,0.1470196683433577,0.02843743703179304,0.03224306108138882,0.03224306108138882,0.01557547198919007,0.026358835762730536,0.030143385430039187,0.0351172579687757,0.005884225318658287,0.015288038453197865,0.01991544782861208,0.01,50,-0.031083147488087146
130,3.852175712585449,False,200,0.07419696738652702,0.07517125273264011,0.1073615774447782,0.07419696738652702,0.07636958309558545,0.07636958309558545,0.011802144349379106,0.07765071313660608,0.07097424828779791,0.0595512919990346,-0.0012811300410206367,0.011725253034239424,0.012981265912378756,0.01,50,-0.08056442255582877
131,4.456247329711914,False,200,0.020161459042343132,0.024740374391120562,0.0621601540459977,-0.004216794553986415,0.016628780083942026,-0.002008278354396548,0.019838550181727654,-0.018729737265424203,-0.0028062514039846644,-0.0111032036253648,0.016721458911027654,0.021315649861046036,0.01434042886210666,0.01,50,-0.018646445409293357
132,5.738742351531982,False,200,0.07065903075677843,0.07309046397652674,0.1745956322966311,-0.07065903075677843,0.057553546748193324,-0.057553546748193324,0.010442329090361378,-0.08074042052632249,-0.07913386451354247,-0.051160345364428,0.02318687377812917,0.007983772854483354,0.015309606116033058,0.01,50,-0.07685522726448121
133,4.113643646240234,False,200,0.01404594252539439,0.018951421155689784,0.1255320772062838,-0.0015160360984316622,0.0102592731169838,0.0005631009303242921,0.012889234897938912,-0.007434231268817343,0.008117009383362211,0.0097015347690936,0.007997332199141635,0.013069809021950356,0.010574550676779274,0.01,50,-0.011678765165256587
134,3.8311705589294434,False,200,0.07670173530439968,0.07760904244234271,0.1175122963672938,0.07670173530439968,0.07530794216632163,0.07530794216632163,0.011277565466793132,0.0829247451319411,0.07418609851978522,0.0914922162945859,-0.007616802965619479,0.011145488902172119,0.012753628811660223,0.01,50,-0.08344012709272629
135,3.8344886302948,False,200,0.07463827429419266,0.0755193958598905,0.1063677583877176,0.07463827429419266,0.07319499867136145,0.07319499867136145,0.010138977743678208,0.07979038058421668,0.06831311822535983,0.0956787205657283,-0.006595381912855233,0.010187457913121725,0.010441280898462624,0.01,50,-0.08103311151777
136,4.708858489990234,False,200,0.014129650978324528,0.017610984325303853,0.0707870328384823,0.004806267469529272,0.014067078779214849,0.0023769256751240923,0.01768656735983201,0.0023221699869269774,0.004799902437867924,-0.0169803078331112,5.475568819711483e-05,0.01895777687955434,0.015199265043306466,0.01,50,-0.01201845897317761
137,5.456061840057373,False,200,0.024833341439648455,0.03030455548438491,0.0783005035123514,0.02037747171403242,0.029466378749837943,0.027768062753426172,0.021094419820369956,0.020334450986031812,0.0050449288340739164,0.0266742142038758,0.0074336117673943596,0.025856860568849026,0.013885072831600244,0.01,50,-0.024084627442118617
138,5.463833332061768,False,200,0.023421852225967776,0.028825304188197738,0.0781098610391035,0.011595815633894318,0.013504276491312847,-0.0038140304482906055,0.015899238586435667,0.04061333477993433,0.010693926357866918,-0.0047978123234848,-0.044427365228224935,0.015156590961319787,0.01186321113185144,0.01,50,-0.022746174415301947
139,4.534361362457275,False,200,0.013554011051361692,0.01635842473093597,0.0373179295618344,0.001131186955614305,0.016379683065891465,0.005943366731757661,0.017661482530321806,-0.00042242405681014336,0.008416473516623156,0.010006788770501,0.0063657907885678044,0.019106394347674367,0.015245012363169518,0.01,50,-0.011939157857311495
140,4.644789218902588,False,200,0.017415937316431974,0.02162899014459639,0.0722151004358453,0.006540939095457625,0.011874400247714747,5.172190079463989e-05,0.015419692201240636,0.0031581484402887073,0.008994657048252962,0.0057827183966026,-0.0031064265394940673,0.015776090435883242,0.019373505750736847,0.01,50,-0.01589189189752334
141,4.045201778411865,False,200,0.015860271508924315,0.0200727760273613,0.0783856901903772,0.011887789191892111,0.012336810797566523,0.0080528387032255,0.013847344122245994,0.0075404035964780165,0.015180771050595739,0.0168608983334799,0.0005124351067474836,0.015380592482272424,0.01900114889512571,0.01,50,-0.014080423297991645
142,5.3153157234191895,False,200,0.026554484728822797,0.03352612214416388,0.1900846076787221,0.01283797995779668,0.021454808255229302,0.003622896249114506,0.024966983571471042,0.0051114008935166065,0.0037502551514067605,0.0457818172221964,-0.0014885046444021006,0.029959034314187935,0.016818096447834302,0.01,50,-0.0268310854763307
143,3.87451696395874,False,200,0.053391532581727234,0.05510338667659067,0.0870926161453522,0.053312600039076584,0.058792101703976744,0.058792101703976744,0.011249078239578188,0.05294975071760515,0.05177144563261919,0.0798335780194015,0.005842350986371592,0.012949994144933074,0.016595183848508416,0.01,50,-0.05696326672392676
144,5.5895843505859375,False,200,0.01839463805725524,0.021818064456659465,0.0547630009996158,0.014170230229969794,0.015378641434049075,0.004848988780393398,0.018581298184676773,0.0198644118286607,0.014815909687518034,0.0001602934423923,-0.015015423048267303,0.015302606914330972,0.015109285732868937,0.01,50,-0.01758649064550918
145,5.594977378845215,False,200,0.01349478700553769,0.01714481864076273,0.0489319758990438,0.008742301315819963,0.017602477016929602,0.017156346511576923,0.012184600801416635,0.007609891950789337,0.0018515999298551477,0.0085748216510932,0.009546454560787586,0.012635651786272054,0.0165890713815477,0.01,50,-0.010169929795588617
146,3.762500286102295,False,200,0.11543657809695024,0.11625521931867569,0.1499059652786547,0.11543657809695024,0.10785789926008209,0.10785789926008209,0.009937610081514517,0.12632602731719247,0.11452914525680019,0.0821658908824778,-0.018468128057110386,0.009102331424089772,0.011608272624873486,0.01,50,-0.13012488605268666
147,5.032551288604736,False,200,0.034757760010511236,0.04305903962772772,0.2710536224345841,0.034523599521344525,0.0360167708664054,0.0360167708664054,0.016987745501941032,0.01419577696479773,0.04333073033346722,0.0610107260585248,0.021820993901607674,0.017296191720474946,0.015655604745623136,0.01,50,-0.0364604017538832
148,4.156491756439209,False,200,0.01956252974393823,0.02629435591569646,0.1356376914759067,0.014427984291720685,0.016973040847864444,0.014267320788650024,0.019819743630746466,0.015782318205988827,0.010481427050439047,-0.0032547659801291,-0.001514997417338803,0.019830867124474478,0.012118452307466006,0.01,50,-0.01771276909457412
149,3.97355055809021,False,200,0.009516675267356776,0.01201764263369564,0.0314508799156572,0.002692568918775254,0.00940743562888489,-0.0012871784469476101,0.011582710228399396,-0.00011427766343939125,0.0025493391098337773,0.0032391366265387,-0.001172900783508219,0.011726019021671056,0.014304945318194076,0.01,50,-0.00565596520556917
150,5.510524272918701,False,200,0.04178200137191535,0.04642206445459764,0.0932765120007044,0.04126112424066891,0.05599946866310158,0.05599946866310158,0.014445939164258716,0.04601297691128301,0.03695921721907889,0.0586176740340107,0.009986491751818566,0.01619394971494595,0.011217859954384719,0.01,50,-0.04384631824400053
151,4.549242496490479,False,200,0.017448578005791825,0.0218522944853115,0.0626272597479431,-0.003975523497654134,0.016311212851548372,0.006067975042057732,0.01866527273393871,-0.021351745260298472,0.007957765264562733,-0.0106013947603846,0.027419720302356204,0.020278676869733246,0.013286272306614617,0.01,50,-0.015969399721681207
152,4.842479705810547,False,200,0.020566237158577493,0.02721144924747848,0.0759136321509483,0.013795917543685527,0.016654546766229912,-0.0007761847936750519,0.019729412119823746,0.01861967134706884,0.005469949694268974,-0.0144159478056664,-0.019395856140743892,0.020798257873066203,0.015586620073773188,0.01,50,-0.018090898141301298
153,5.044591903686523,False,200,0.019651966538082575,0.023659977070827273,0.0547219297017536,0.0072535396780169905,0.02041265553571389,-0.004042552198405372,0.02492988624235269,0.02092555363078501,0.013184069436242563,-0.0247024969803781,-0.02496810582919038,0.026849564352004515,0.010978711754798103,0.01,50,-0.018495382516293537
154,5.411802291870117,False,200,0.04194751921360412,0.0471089912615394,0.0940590378333077,0.03924929423586715,0.03652047527386194,0.03644936372564689,0.02196209882481701,0.025048366647802755,0.04991889249681677,0.0004698731394316,0.011400997077844133,0.031136762918851955,0.019621235907522544,0.01,50,-0.04395897300023781
155,4.144100666046143,False,200,0.025041800383426648,0.029705900573863984,0.1185280325438871,0.01594842588296264,0.02403413563907324,-0.007014235384211588,0.028679825493830143,0.0252582272848511,0.028945884530476595,6.846558350481757e-06,-0.03227246266906269,0.028378057147506675,0.020372916186208394,0.01,50,-0.02527310617800739
156,5.174013137817383,False,200,0.019330631120953564,0.02637239177298533,0.1725734074864222,0.010964532889809966,0.015985868783016003,0.006680373167677809,0.01822234898181316,0.019580997173294125,-0.0012997833581575957,-0.0168574593833605,-0.012900624005616316,0.018129814859022583,0.017514092251112404,0.01,50,-0.01818443842877665
157,4.957580089569092,False,200,0.01686313035967594,0.02073226689388105,0.053874407132902,0.007499540733744818,0.016924671154990082,0.01109136474864455,0.019206893840179116,0.0011715509793534871,0.008190769549169832,0.0078184083338239,0.009919813769291063,0.020927728164719547,0.015781791156516765,0.01,50,-0.01547657724172231
158,5.48292350769043,False,200,0.021787511615025103,0.026328173812457133,0.0639743525553031,0.019955189002256898,0.029953010902958998,0.029286569297528157,0.019196112884940938,0.01303674992037428,0.024366550228598828,0.0265621134670075,0.016249819377153876,0.020059572991009033,0.011224660756782563,0.01,50,-0.020957376241932436
159,5.57127571105957,False,200,0.016038078630565045,0.021076836560953632,0.0567773380427398,0.011340970195902713,0.0274388532646116,0.026430656818318844,0.01739317248264636,0.01478849601225468,-0.002381300708315492,0.0353970822222615,0.011642160806064164,0.017133701394482018,0.014032864095291512,0.01,50,-0.013096769449355405
160,4.106278896331787,False,200,0.02009465174595563,0.025152747469667766,0.1267611228689702,0.01429904914905346,0.022259899632085772,0.02084786450151344,0.016537395904970494,0.007565994063226746,0.012572617576435043,0.0289329593335079,0.013281870438286693,0.019261172255325202,0.02111164448043753,0.01,50,-0.019048472414397187
161,4.090209484100342,False,200,0.020016426268466673,0.02445787168036181,0.0588268148848669,0.01429406557775844,0.019772509764657296,0.012192945002571091,0.021574591845781314,0.016587035804405088,0.015768300461561253,-0.0030376921424473,-0.004394090801833997,0.02024109481283909,0.014166984624948479,0.01,50,-0.019201138933038528
162,3.8408613204956055,False,200,0.06649449188577541,0.06752246852388712,0.097054570766474,0.06649449188577541,0.06526582436595843,0.06526582436595843,0.0114414385385875,0.06671596978050165,0.07061170460841133,0.0495504298205644,-0.001450145414543219,0.01358818521310069,0.017388305849496535,0.01,50,-0.07166787424616688
163,5.017525672912598,False,200,0.030783599069275757,0.038851211669554096,0.168142744932136,0.029292817540188563,0.01596518826206348,0.013593384464149323,0.013894802477283075,0.026001907342998364,0.032224245255715024,0.0176659912051135,-0.01240852287884904,0.014442877257714877,0.012267727050319173,0.01,50,-0.030985483845504636
164,4.46164608001709,False,200,0.028361861010962115,0.03277391299962839,0.068273250106901,0.005495929589202405,0.03302121042825266,-0.017915421466843905,0.03319941895347902,0.005942478562937346,0.029373405969162505,0.0216321529803904,-0.02385790002978125,0.03533644015136476,0.030180042495300107,0.01,50,-0.028639245231186813
165,3.898768186569214,False,200,0.03333885579896094,0.03561494043376181,0.0685321422232037,0.03333885579896094,0.03610293086089988,0.03610293086089988,0.00901663621331147,0.032556304413751194,0.03871195899435383,0.0435114701178505,0.0035466264471486833,0.009236585602746534,0.013207644520886373,0.01,50,-0.03487873288286401
166,4.744534969329834,False,200,0.01772933955763305,0.02225452329147242,0.1168505381220503,-0.0040724353712420095,0.015352190837036438,-0.012774327426832745,0.013656179197528583,-0.010104121112841447,-0.003583831135443134,-0.015774586885084,-0.002670206313991298,0.014283175428839705,0.011518321669107089,0.01,50,-0.01676432819625186
167,4.9149932861328125,False,200,0.02300254838616392,0.027375328815474644,0.0614164693817178,0.005638914518521402,0.024863948540316042,0.02270883317041353,0.019002375091097368,-0.00449526933600298,-0.0015644677115133798,0.0124409049571383,0.027204102506416514,0.019734022915240033,0.014746155599386062,0.01,50,-0.022163850092113233
168,4.251172065734863,False,200,0.02036120878121621,0.02475109610674063,0.1164363922692075,0.010198296981299836,0.022601324211980835,0.02100727323761349,0.01488510408804591,0.006652171188209843,0.012744060067859142,0.0204209548965215,0.01435510204940365,0.01407081623269658,0.01654348327990481,0.01,50,-0.019070407886119557
169,5.535514831542969,False,200,0.032577282348259205,0.03675357974857683,0.067989210468772,0.028824774227086566,0.014266303279703872,0.0008571641768345095,0.017396125445089523,0.04275068871407838,0.040421445818722306,-0.0133921221608508,-0.04189352453724387,0.023692592452806114,0.029244335031268547,0.01,50,-0.03325232692346071
170,5.747466087341309,False,200,0.09937295162741783,0.10084911216601623,0.1391747693601441,-0.09937295162741783,0.08887855898913367,-0.08887855898913367,0.017207969959923995,-0.10699529858668176,-0.10615420694725365,-0.070936137963403,0.018116739597548087,0.008622858454815563,0.03379760009780838,0.01,50,-0.11050653570183401
171,4.820324897766113,False,200,0.021582478296117546,0.025683136287083252,0.0688643168840235,-0.0005497654276418745,0.01651188772639016,-0.005080996358669685,0.01833243277330246,-0.004562554010890696,0.013993526676628327,0.0087149775578527,-0.0005184423477789888,0.01920538126483255,0.010908350453588884,0.01,50,-0.02135161580793303
172,3.8180181980133057,False,200,0.06269099614018737,0.06394816159595505,0.0987842620640302,0.06269099614018737,0.0665042991095786,0.0665042991095786,0.013949009681739252,0.06406468357666781,0.060488345607222695,0.0651243209022167,0.002439615532910791,0.012952635636566002,0.011722960377507079,0.01,50,-0.06735919710704313
173,4.761487007141113,False,200,0.0199117104651358,0.028553738247086315,0.2352060181002508,0.003212579282881768,0.014325641929871952,-0.0027499304061569378,0.016503476479184948,0.0047461372774736015,0.00053199885099289,-0.0034794843578538,-0.00749606768363054,0.017445225742526146,0.014064111942046638,0.01,50,-0.01933429179769338
174,4.099536418914795,False,200,0.01937158224778964,0.023269619515141074,0.1067995611489358,0.015959493866855544,0.0282541633917892,0.0282541633917892,0.009867050406566562,0.01741204707617979,0.009730353921517533,0.0362592211261496,0.010842116315609409,0.00963104475013493,0.011666713726972845,0.01,50,-0.018540780400886206
175,3.8819875717163086,False,200,0.04679156687102417,0.04821913376855742,0.0788996418781819,0.04679156687102417,0.04867564740221477,0.04867564740221477,0.011957362972743212,0.04911903155802431,0.04397241824770439,0.0203210526783479,-0.00044338415580953694,0.013989137445722206,0.017051197009275303,0.01,50,-0.049532222266604864
176,5.327398777008057,False,200,0.033384946848521044,0.04047612145746503,0.1540366794813561,0.015287939813777164,0.026028024697608274,0.007479618221377488,0.029327646402490963,-0.007981335106235794,0.04296672052718705,0.0481324559236302,0.015460953327613281,0.03298358512783671,0.018421096453107612,0.01,50,-0.03385616477747462
177,5.697410106658936,False,200,0.04813057757916635,0.04985720245702147,0.086025424981198,-0.04813057757916635,0.04172009741074989,-0.04172009741074989,0.011147049175941738,-0.04396640547258817,-0.056344188290305276,-0.0238547039531198,0.00224630806183828,0.008904957909389296,0.018133857710944386,0.01,50,-0.05105329895909641
178,5.107076644897461,False,200,0.02774335666462473,0.034442714316749605,0.0883419482346736,0.023682998256019383,0.023853644859882825,0.01921073115048836,0.0204510299277241,0.019546014479822696,0.048845430087418526,0.03185874373992,-0.0003352833293343363,0.021895597307721823,0.010336392364068076,0.01,50,-0.028202147458350594
179,5.322830677032471,False,200,0.04300820381640714,0.05058695754355664,0.0999324097285043,0.03901223767595714,0.03304344588777522,0.018253551939955558,0.034924999464654126,0.033974061971174356,0.04341975548373544,0.0273300361700883,-0.0157205100312188,0.04311856091688615,0.02305392565996026,0.01,50,-0.04484697295197368
180,4.981779098510742,False,200,0.020404036869940648,0.02531686757561497,0.066455701823914,0.01828190409603136,0.017588303846455038,0.013570700088620985,0.019666239630633214,0.012965337963523114,0.03278576587070036,0.0208713644584621,0.0006053621250978712,0.02146293850579436,0.011302969189379725,0.01,50,-0.01921038595469366
181,5.214064598083496,False,200,0.02017533587010754,0.023864830615169183,0.0514406764108024,-0.0014579090410802666,0.016206152713260494,-0.007212262280081986,0.018270819610689125,0.009861892375057855,-0.012844277174583868,0.0222822015505892,-0.01707415465513984,0.019214466327039572,0.010102345543168877,0.01,50,-0.019570448416245254
182,5.198679447174072,False,200,0.029765739376426622,0.03562051227838247,0.0773868783069877,0.010093637517330625,0.04083492894416811,0.007489491595736356,0.04377705417675076,-0.0013299712709419706,0.010264810535940815,-0.038994781638534,0.008819462866678326,0.04584965902311245,0.011409717146064773,0.01,50,-0.03023770745984534
183,5.597521781921387,False,200,0.016240521307056218,0.0196304993385556,0.0459250487146958,0.01227550164254178,0.016464021160863592,0.015751874953483767,0.0114053910446659,0.018588293012717808,0.015547107892588815,0.0106150344888682,-0.0028364180592340416,0.01130124962173278,0.013731868021607729,0.01,50,-0.014452053043396241
184,5.029549598693848,False,200,0.02316309634180608,0.02864469034923928,0.118699120158471,0.017076148408032808,0.023453027092591883,0.022238920880229596,0.01634675200103717,0.032810166417391616,0.003287436867196466,-0.0038585901605143,-0.01057124553716202,0.01758854329481862,0.014676584984965099,0.01,50,-0.0228196006708727
185,4.03685998916626,False,200,0.03282721775606781,0.035269543665889816,0.0769008209357648,0.03199304063677352,0.028574686067484752,0.02831401042773815,0.010834359141543438,0.025646741888971522,0.03894988505123162,0.0331361411077235,0.002667268538766629,0.012214933584138773,0.015066149307559343,0.01,50,-0.0341556018241297
186,5.168132305145264,False,200,0.01695715693560761,0.026459622743114627,0.2437152723431195,0.007315817205843246,0.009260045892362677,0.0014786621782794762,0.01129902220519732,0.003280992102794114,0.006198221176925092,-0.0262917805720501,-0.0018023299245146377,0.012422235258349066,0.01617340472945575,0.01,50,-0.015196227684812023
187,4.879302978515625,False,200,0.01613694424980799,0.019530686772113504,0.053951711834534,-0.004554037538472887,0.01726147310989211,-0.009952500208331641,0.018542605498237226,-0.002638431827381931,-0.0017885478378046424,0.0067134847222174,-0.007314068380949711,0.019383681432146003,0.008357288365837547,0.01,50,-0.014888584734130558
188,5.494232654571533,False,200,0.025454635898024054,0.03000100374902238,0.0812550158997433,0.01994710729121475,0.014488012765803695,0.004900644866242244,0.016571369916425077,0.026886074131300237,0.03590801429571081,0.0259598483996796,-0.021985429265057994,0.018810332796242977,0.012071684074883002,0.01,50,-0.025577520296193236
189,4.794316291809082,False,200,0.016110542161461877,0.019784394366629057,0.0548418712213951,0.0038535910173088327,0.011228132827639046,0.0055022554814785265,0.012253311447322801,0.020573787285552012,-0.006960767095637171,-0.0204164452650337,-0.015071531804073486,0.01294321948719927,0.020305153734299235,0.01,50,-0.015376744668456089
190,5.447076797485352,False,200,0.025570443813099242,0.03047865067970957,0.0836660053624545,0.019041270570893554,0.02676914160842324,0.016047686626584616,0.026114720160787253,0.015987260009125637,0.033776135128384746,0.0227883036900022,6.042661745897862e-05,0.03046838149136679,0.012867375320969736,0.01,50,-0.02570296884287978
191,5.082299709320068,False,200,0.031136623693054363,0.03931437850703422,0.0943166781497888,0.023125910820729744,0.017558047378372833,-0.007516443438275313,0.02063855461399943,0.0493020992307752,0.03835541381349765,0.0017098033211713,-0.05681854266905051,0.022593019502281417,0.014059618944695453,0.01,50,-0.0314743193944881
192,3.8051137924194336,False,200,0.06898458559338164,0.07056118450708879,0.0998604163208436,0.06898458559338164,0.08241593743221609,0.08241593743221609,0.010638625218414976,0.062346774071359294,0.06364748462480697,0.098590746894291,0.020069163360856797,0.010669929145785063,0.012469375767783666,0.01,50,-0.07462079748347475
193,5.383861541748047,False,200,0.043469067670239434,0.05034026757011775,0.1694711824505077,0.04330720732386164,0.03675915360944665,0.03634333348549732,0.018907171939244394,0.03300205791792926,0.041625128013576616,-0.0103955030987332,0.0033412755675680597,0.02215462415133942,0.010623855237938762,0.01,50,-0.046008479799588074
194,3.8927695751190186,False,200,0.030885352846695316,0.03317635960105925,0.0583258071717702,0.03081478679890837,0.030497065069547392,0.030497065069547392,0.011915317603263413,0.029958400647421394,0.0314497135326469,0.0128440900163253,0.0005386644221259985,0.011994548835039165,0.015885173892704118,0.01,50,-0.032200281256971254
195,4.9388837814331055,False,200,0.019819269189080776,0.028902175611437493,0.2479606223015089,0.006765480688252552,0.026573058208401924,-0.0055703488412811,0.02873059819041168,0.010222406810882757,0.0017420285421350257,-0.0233438331017268,-0.015792755652163856,0.03172167354495107,0.01300653161413058,0.01,50,-0.0188830122865909
196,5.4696364402771,False,200,0.026273802774347165,0.03146004316205463,0.0703617598558503,0.02419082575500708,0.032940639015431934,0.032940639015431934,0.01561301880239294,0.025932736339057683,0.01284660112012851,0.017057353145347,0.007007902676374252,0.016714477375568533,0.014111054640959741,0.01,50,-0.026042917154348335
197,4.467056274414063,False,200,0.017440666016782666,0.021304744014251538,0.0582883154253943,-0.009083012976293646,0.019097639126151814,-0.010425691502166802,0.018880354221086578,-0.002348508477318265,-0.009068361712385809,0.0101649833073693,-0.008077183024848538,0.020104633949656985,0.009708796818909108,0.01,50,-0.016150478885204364
198,4.766158103942871,False,200,0.01655255793996691,0.01978575839516833,0.046448759332482,0.001172233961046884,0.018581282126574804,0.012877435465228883,0.017837050589801527,-0.009272347606919293,0.004345154856613468,-0.0331110297563039,0.022149783072148176,0.018828820982402114,0.012755258246684933,0.01,50,-0.014901202186414607
199,4.307921409606934,False,200,0.029399029248510074,0.03410417112374377,0.0874475340750837,0.011268527088744014,0.026054735013840136,0.019573312508588767,0.024892786502728893,0.013126451476770754,0.02621883858369263,-0.0062296937930179,0.006446861031818013,0.026824833897507543,0.009948201416984399,0.01,50,-0.029345498726044972
200,4.63118839263916,False,200,0.020418184324699017,0.026523677133554645,0.0821891570383668,0.011343636823365824,0.015354207364840323,0.010216165303273881,0.016060796902253018,0.03412508293790349,0.008356326094448096,0.0145646323685157,-0.02390891763462961,0.016893178366377624,0.013759714684080295,0.01,50,-0.01940839985427358
201,4.080770015716553,False,200,0.01648213214102626,0.020327167305163513,0.0637686140975786,0.013593362551683953,0.022323756850689356,0.02228298085322629,0.01132545895164807,0.016605372509445913,0.007951042802159424,-0.0010193999365766,0.005677608343780376,0.013537736054842353,0.015859351474643815,0.01,50,-0.014606572141116839
202,4.389593124389648,False,200,0.015672344804141924,0.01883616328452509,0.0496910293355723,0.011771828921831684,0.01859193689392103,0.018347236236274572,0.009758689186301716,0.0073622479857553555,0.01656985960416279,0.0392133049806835,0.010984988250519218,0.01184358765757359,0.01873758746995045,0.01,50,-0.01389783445498837
203,5.358386516571045,False,200,0.0345961549189173,0.04227827920031386,0.1424702650969678,0.03297336686133416,0.02828201169723489,0.028101881381196608,0.015502993846291783,0.06408602900473988,0.020888666282165565,0.0518974592954748,-0.03598414762354327,0.016708867743446786,0.010472630687112803,0.01,50,-0.035652633883243884
204,4.536664009094238,False,200,0.02413547957697456,0.029886957216355273,0.0889826307967398,-0.004656153845325993,0.04160429777312279,-0.04160429777312279,0.01853140426257778,0.02584490911195017,-0.007019372448121503,-0.0363853754075806,-0.06744920688507297,0.019867533402155493,0.012511714846977577,0.01,50,-0.023630621914651834
205,5.157576560974121,False,200,0.026670648311437072,0.031121033780491445,0.0698863205652555,0.025100614061458155,0.029342516481080883,0.027797007796622468,0.019537965173239736,0.027386705893181894,0.020023120114181437,0.0230796669743105,0.00041030190344057416,0.0199890168514204,0.016547677841007694,0.01,50,-0.026958497328072966
206,4.193421840667725,False,200,0.0147091948405198,0.018712826306131126,0.0866118797871404,0.005041989528922528,0.013190288289874529,0.004407437302596457,0.01667678826119186,-0.003062307638235367,0.00759075681815077,0.0381353079425466,0.007469744940831824,0.016406110365134632,0.015061402776451488,0.01,50,-0.012690193265465659
207,3.844640731811523,False,200,0.043591518440155255,0.045007971636249255,0.0739616271656116,0.043591518440155255,0.04080476659627169,0.04080476659627169,0.010524657386731272,0.0431255253564677,0.045714391047006545,0.0299253540403281,-0.0023207587601960095,0.01006261781254682,0.01301555394692299,0.01,50,-0.0460055577995896
208,3.878056526184082,False,200,0.02726512647602643,0.030606918173673874,0.0632289414104132,0.027183003287336725,0.0207145582005441,0.020648793146983715,0.01296320725344098,0.021078769302919284,0.035238420859427654,0.0091587091677007,-0.0004299761559355686,0.014228265206023305,0.010120652053506178,0.01,50,-0.027560042543553348
209,3.822213888168335,False,200,0.039232400954928935,0.040931229070846946,0.0743498442633199,0.039232400954928935,0.033354790090078745,0.033354790090078745,0.01076012943009754,0.039527832538946574,0.04053375100460028,0.0513179500645692,-0.0061730424488678284,0.010563817087325436,0.019500207933969647,0.01,50,-0.04124573333054497
210,4.129870891571045,False,200,0.015305813053517962,0.018879167318576112,0.0508342044669456,-0.012645558831712724,0.022695578455021747,-0.022695578455021747,0.01063044931316342,-0.00828857923876788,-0.015008413299631389,-0.0336512376658522,-0.014406999216253867,0.011994350757361421,0.010584073609368505,0.01,50,-0.013429727437381654
211,5.348663330078125,False,200,0.02024078335926953,0.028121587575549088,0.2052564142521209,0.017388054892180257,0.018302576439715276,0.016736780990342384,0.014672911404743392,0.02401603723482858,0.01526116531568023,0.0241697409042016,-0.0072792562444861965,0.014555724653787551,0.011355427528223865,0.01,50,-0.019123346334051473
212,5.749251842498779,False,200,0.07758077179024774,0.07884712967968652,0.1138017082678839,-0.07758077179024774,0.0811893578279113,-0.0811893578279113,0.017771624235844108,-0.07890246454281112,-0.07592569603649095,-0.0958168137521928,-0.0022868932851001778,0.007160205421079567,0.039636763431323746,0.01,50,-0.08454669176673062
213,5.66671085357666,False,200,0.013253345002786871,0.017250768591168614,0.0580144445949377,-0.0026591171905638185,0.010888264704884729,0.0007193501583443824,0.013533363676624551,-0.011489397287911431,0.0010706938565698495,-0.0058602190262089,0.012208747446255813,0.008784698660858225,0.019342690917513335,0.01,50,-0.010376416329932338
214,5.67673397064209,False,200,0.011165127057773686,0.013790293174000705,0.0349629269106026,-0.005786009085776142,0.014594394255217866,-0.013323772168765275,0.01138874808020362,-0.0005881118264115586,-0.005083414595535345,-0.0072872681021989,-0.012735660342353718,0.013439116507943225,0.024770149690160066,0.01,50,-0.0077473322745364994
215,5.54181718826294,False,200,0.024625622565877046,0.03150704654848307,0.0892509900336886,0.02251816151749813,0.019466125038742853,0.019006054929660027,0.014631499456317582,0.03510780199469877,0.016140517670609127,0.0003088170538072,-0.01610174706503874,0.018597942499455965,0.01652376544777726,0.01,50,-0.0234409386313272
216,4.8854827880859375,False,200,0.01802001865718276,0.02209371139529422,0.0631813715054256,0.002178985008001794,0.024562750939903094,0.01288605051712017,0.025796753421108667,0.013468925927326774,-0.0066749702381898425,-0.0200116190714885,-0.0005828754102066049,0.026542439463899874,0.0121793973085592,0.01,50,-0.016872837880470903
217,4.5130109786987305,False,200,0.015694754201913817,0.01975713658632914,0.0765599917053609,-0.004990993008841279,0.009898497721066385,-0.0010251016065970036,0.011947496380784801,-0.00362065453487797,-0.00561164315542233,-0.0014015229611743,0.0025955529282809665,0.012262156048169574,0.010116793131437578,0.01,50,-0.013510285824200285
218,4.071615695953369,False,200,0.010705817779024773,0.013776226997116949,0.0549186099757754,0.0014880880299270377,0.00896311802381592,-0.002401349319733754,0.0110066115698283,-0.004300763872891357,0.00823649246506023,-0.0048323796497466,0.0018994145531576034,0.011468104325967773,0.016126504499827637,0.01,50,-0.006717256249180551
219,4.421916961669922,False,200,0.014397840505896391,0.0173370965284406,0.0444686007768524,-0.0019560671006663122,0.012503437083748271,-0.005745758416662467,0.014186059449765292,0.012585502049430177,-0.015143342821206102,-0.0152504820991206,-0.018331260466092646,0.0149062176001965,0.013386920080531111,0.01,50,-0.011895392925762726
220,5.334942817687988,False,200,0.025286067545765362,0.032139471376159176,0.1626792498545493,0.01687178804726089,0.020735318725401786,0.020215288515248658,0.014131531019570539,0.010845428410098995,0.014346043647249927,0.0155777784846886,0.009369860105149662,0.017341935289195098,0.01718823787922744,0.01,50,-0.025015259741884444
221,4.601354598999023,False,200,0.019991907699398882,0.02423504704417117,0.0566454602467105,0.005063826415265284,0.01778366823773013,0.011379668445365594,0.01743310505709607,0.016112549262366316,-0.01717456139322919,-0.0259041171747167,-0.004732880817000722,0.01856463482374085,0.01050732477679565,0.01,50,-0.018887323342357945
222,5.164499759674072,False,200,0.015380821416212056,0.01925484712013225,0.0630517011534914,0.0034700093532908146,0.012772489829853718,0.010989146841497327,0.010119403451772233,-0.003159226191681214,-0.0020340211150615957,0.0259122851917616,0.01414837303317854,0.011987502299024696,0.016152140612573085,0.01,50,-0.013693864980189131
223,4.01776123046875,False,200,0.01870057168421061,0.024565008366236367,0.0892807550726946,-0.003447686723177818,0.02056152263758693,-0.010824938869709201,0.02289778227750028,0.007123702153382273,-0.005011061437502189,-0.0158063316371182,-0.017948641023091474,0.019120908746929646,0.009961766910626847,0.01,50,-0.0174432391602432
224,4.314084529876709,False,200,0.021668116482273417,0.02500190554479595,0.0625615556367549,-0.007370534511217041,0.02486426903052869,0.006000502486393298,0.02681814296714647,-0.0207324404562364,-0.007385160300745092,0.0156879886873158,0.0267329429426297,0.027447591411515215,0.015359031050487875,0.01,50,-0.021917245367204942
225,4.695571899414063,False,200,0.020646676838213772,0.025773528457221098,0.0592896826236595,-0.00813111349683921,0.023290777721675725,-0.018725409649755654,0.02104245231925994,0.006989601286227535,0.003572889641247706,-0.0281902419053512,-0.02571501093598319,0.021655276305038267,0.01357738375792796,0.01,50,-0.01959323755396612
226,3.921070337295532,False,200,0.01177002566688965,0.014788826005436233,0.0436058361561952,0.0007540466210777863,0.011866701749860936,-0.006050794679425304,0.01354165530557453,0.00045642811903425813,0.010890261498653247,-0.0265701697893954,-0.006507222798459562,0.010916821016364394,0.017123268171939383,0.01,50,-0.008498135277516665
227,3.959485292434693,False,200,0.024603260117679885,0.029082973368677295,0.0752865862077141,-0.021793886042463635,0.02291125234408815,-0.016170668224575944,0.0233357946795914,-0.02041971518451246,-0.026677439492540936,-0.0037056245786573,0.004249046959936515,0.017178439474881527,0.015671656052318038,0.01,50,-0.02470885391604367
228,4.971037864685059,False,200,0.019189456275540966,0.029847827590760087,0.2927497218227266,-0.0025514637519885386,0.016464984639362617,-0.013958502269934083,0.0127461630788835,0.006338511462876774,-0.0056790214921068885,-0.0228237257763863,-0.020297013732810856,0.014583688857521338,0.019194648995734906,0.01,50,-0.01800701839393882
229,5.296946048736572,False,200,0.032925918674768566,0.03831433994062048,0.0790469619605156,0.01944462639925289,0.04863870333816614,0.04863870333816614,0.017657981598826415,0.020369980337956714,0.0005706911581213723,0.0040688178008227,0.028268723000209425,0.02275987208485541,0.02284960644797521,0.01,50,-0.033826528203779446
230,5.627378940582275,False,200,0.01632293843754695,0.019817576245727653,0.0527985961688939,-0.014431648092334264,0.0125344728557273,-0.008839952234622311,0.013805849384621519,-0.011706861455745218,-0.01788695161402109,-0.0077437811884308,0.0028669092211229073,0.011345067673329342,0.02143013191636878,0.01,50,-0.014447179395947259
231,5.270025730133057,False,200,0.024416673782266612,0.03289552627883103,0.0966553724442915,0.012642454212158477,0.045710531649228746,0.04450612116009017,0.029965718579953653,-0.00671796185346632,-0.006985539933240862,-0.0125712362449466,0.05122408301355649,0.032270937683930204,0.015355426691570398,0.01,50,-0.023796399021724257
232,5.192734718322754,False,200,0.020374305371166426,0.024654458020067712,0.0714897197765838,0.009583313025715846,0.02982069385522883,0.021898108004202454,0.026030248301740333,0.007761799210203102,0.014698028245560537,0.0410097529317976,0.014136308793999353,0.02994531337139334,0.015879529442802767,0.01,50,-0.01962315580709934
233,4.721517086029053,False,200,0.023020163912778432,0.030076257711850622,0.0821093232985354,-0.014575313344422509,0.010150404107759985,-0.004292094923194768,0.011900313266548144,-0.013790918667789698,-0.038096419583899734,0.0034525961839113,0.00949882374459493,0.012418907085213402,0.013053563596884001,0.01,50,-0.022173266174857754
234,4.1095051765441895,False,200,0.038633836424780583,0.041821882127374164,0.0932237154708364,-0.0383644529161539,0.03368893976978602,-0.0326114057352793,0.02024760328961179,-0.03150417925564769,-0.04175486479975972,-0.0153748763650316,-0.001107226479631608,0.019677270420757235,0.010056824877061518,0.01,50,-0.04040153638639097
235,5.681170463562012,False,200,0.03364527712875504,0.03648373873666582,0.1448651762527317,-0.03364527712875504,0.031518537887901536,-0.031518537887901536,0.009423414786042535,-0.028125560511376095,-0.040925946537048015,-0.0567725529292904,-0.003392977376525441,0.007446170859679317,0.014652212356690553,0.01,50,-0.03554852248351262
236,4.181376934051514,False,200,0.012189718925899257,0.016229912276203053,0.0960089961232393,-0.002856963363601333,0.008283708971326935,0.0008219856690290362,0.010523577759146472,0.0026459805080579785,-0.005734727315982342,0.0007577142847665,-0.0018239948390289425,0.01137347126185326,0.010732903868386856,0.01,50,-0.009265527678824713
237,3.954030990600586,False,200,0.012430547002686799,0.01542991932995853,0.04918114456397,-0.0015697327462827198,0.011616585484747992,-0.003582661550167018,0.013675143608297507,0.00494000805448697,-0.001898055615563098,0.0082956132142921,-0.008522669604653987,0.013728482658880607,0.012296380914675711,0.01,50,-0.01033232966714616
238,4.572764873504639,False,200,0.01639982161821202,0.02136461405342797,0.1387691010289558,-0.009232853058013132,0.017693278258707455,-0.015462046308641182,0.01535963407995685,-0.008776055202462912,-0.0027791921515066655,-0.0399665675599152,-0.00668599110617827,0.015465193945017665,0.013811043453319932,0.01,50,-0.015144837345379143
239,5.225582599639893,False,200,0.02457888564512614,0.030025049749664516,0.12739535776688,0.003749637057164703,0.030800112929302098,0.009446015080171037,0.03625145770347413,0.015906083939669656,-0.012128677404626496,0.0734181853179052,-0.006460068859498619,0.04286723680477642,0.018001440750158342,0.01,50,-0.024339516288999663
240,4.66664457321167,False,200,0.040377116636165125,0.04871746172234616,0.097180152440516,-0.031982759638843644,0.026075768075404692,-0.001106811891580896,0.032477487767768536,-0.029028050757899958,-0.04932264000774666,0.0014898576867592,0.027921238866319063,0.03304185288943875,0.01693614021852648,0.01,50,-0.041976462166734264
241,4.240056991577148,False,200,0.030897816813944635,0.03762437284125668,0.0959885321838207,-0.02673299011939915,0.03181239509006189,-0.02971057033577189,0.02260886757749342,-0.01989756827811647,-0.01951036871172523,0.0002649101093901,-0.00981300205765542,0.055291516787852366,0.03746358448372763,0.01,50,-0.031772132800153216
242,4.734629154205322,False,200,0.018573095719303837,0.022793671296790836,0.0532809798237021,-0.016325305644252705,0.01603472425090822,-0.01223848166632741,0.015323045997486963,-0.024283162048215477,-0.01548486263088623,-0.0221684173223088,0.012044680381888067,0.01573583070021754,0.01870356877649358,0.01,50,-0.017029127781541836
243,4.310061931610107,False,200,0.01743903782422491,0.023114536834093077,0.0744386151125455,-0.00798061465635985,0.020923863417632686,-0.011502014097693612,0.024768326890774794,-0.008080931644933802,-0.0004798377238276561,-0.0160085236808624,-0.0034210824527598094,0.02399639766628524,0.009573458279571376,0.01,50,-0.015452829070520925
244,3.888047218322754,False,200,0.036459532293901135,0.04395198184066488,0.1207609925671633,0.010031242305765666,0.0394150217234214,0.014431442114839264,0.04438093278512822,0.005449488715750548,-0.008393988938971829,0.0106365050742356,0.008981953399088716,0.024654338369171427,0.011105093556185339,0.01,50,-0.038185619759919145
245,4.829076766967773,False,200,0.019127564042825593,0.03016765758016632,0.2967482921718085,-0.000884422178333355,0.02003705301071057,-0.006018582823350231,0.022181805800260544,0.0061235127438077725,-0.0021140275685208078,-0.0327082126274707,-0.012142095567158003,0.023005798675994876,0.015433229733185228,0.01,50,-0.01837648876452319
246,4.22301197052002,False,200,0.020214769483060623,0.026007545221125593,0.1244458587328658,0.00838386979416754,0.010599567671161264,0.0034165168313974124,0.012497138320001837,0.002189411351121686,0.027744697385450684,0.000319667120312,0.0012271054802757263,0.013072388979897721,0.01064070192856766,0.01,50,-0.018913071803920992
247,3.9166178703308105,False,200,0.011921595664632901,0.014914005170862967,0.0480389434292338,-0.00787744796759496,0.009352403603965975,-0.0033536753134088076,0.011277632232109114,-0.005820250329061823,-0.009673331909083817,0.0010743124036083,0.0024665750156530153,0.01354763759625759,0.01567649573070801,0.01,50,-0.008730216446069741
248,5.121255397796631,False,200,0.0269975623192151,0.03664533070042682,0.2922763052562631,0.020866808865321777,0.032787517685024435,0.022487377964664414,0.03063593869432373,0.025946646691442487,0.013422068209841632,0.0279306332370996,-0.003459268726778073,0.032057643752871616,0.01247280882294476,0.01,50,-0.027622280283939142
249,5.244452953338623,False,200,0.04139584632577105,0.048970476953514135,0.0925125521215548,0.040491382773444454,0.02535249836004625,0.02391189134422821,0.017607710688402507,0.017664561425850416,0.0682757413695861,-0.0050711511037286,0.006247329918377793,0.022564870456931726,0.024606399821256616,0.01,50,-0.043392156535282965
250,5.442206859588623,False,200,0.017824006776997834,0.021760571201830198,0.0497889225241268,0.012857659038189823,0.02614156736809126,0.02599686633895577,0.013522603349377193,0.010148414000690865,0.010889455635999747,0.0353103309627345,0.015848452338264905,0.02347307546617725,0.02502514180835785,0.01,50,-0.01630773297179484
251,4.258903503417969,False,200,0.038752098674444076,0.044815364566109586,0.1093978295348154,-0.036937899324379714,0.040581555179028,-0.040581555179028,0.013415200949922193,-0.04482830071477021,-0.04324574786269615,-0.0440982410067141,0.004246745535742211,0.013086886073582979,0.01134112531645117,0.01,50,-0.040327690166356234
252,4.839331150054932,False,200,0.016883120408534315,0.021995055689363618,0.1019270251434623,0.0011686819277598908,0.020063211884803322,0.007967825512885059,0.021899314913629293,-0.011389767642828558,-0.006050558154635999,-0.0224278681166065,0.019357593155713615,0.023279026675719783,0.015055799259965362,0.01,50,-0.015064245239400632
253,5.092761993408203,False,200,0.01973826924270311,0.023929682544286592,0.0573148798011615,0.011033620259374363,0.011734245891739653,0.004410081904799255,0.013331878214219056,0.014742725010984998,0.02861654785649038,0.0230197691800677,-0.010332643106185743,0.01598793827709157,0.023146096487468754,0.01,50,-0.018719612363710118
254,3.813780307769776,False,200,0.03388858558737749,0.0365193151515615,0.0775186623311849,0.03387755651532473,0.024737438939406508,0.02469864837234785,0.010935562513094618,0.038891228072427404,0.03815144015912742,0.0216192866530242,-0.014192579700079554,0.011066061855686135,0.01285498966142802,0.01,50,-0.0351112042822211
255,4.714254856109619,False,200,0.015705364325371715,0.026473547907119567,0.2782229367151831,0.0026028999071069075,0.013105665283116262,0.007872738845990278,0.014821504863608557,0.005481141581995824,-0.0004057934710829912,0.0055966592792717,0.0023915972639944544,0.015351009243375088,0.014614768266055005,0.01,50,-0.013956065495977756
256,5.072466850280762,False,200,0.025567678799801125,0.02977431421237398,0.0722504556910745,0.021617537669585504,0.02142829928062113,0.011859388893858904,0.021471507588744075,0.03392744275605726,0.015178650517687626,-0.0227460277816895,-0.02206805386219836,0.023758150715433118,0.013311983468297178,0.01,50,-0.02510311935304289
257,4.203061103820801,False,200,0.03234733459403582,0.03940709229494059,0.1115269695781346,0.024488273985460406,0.01720515732701945,0.008273128335077474,0.01795830568954188,0.03156616070292142,0.022028290486469485,0.0273113034237306,-0.023293032367843945,0.01743026775701456,0.009754668301633294,0.01,50,-0.03339406475122952
258,5.528782367706299,False,200,0.020514868550966858,0.026940353728346644,0.0767326991933732,0.013973019281897914,0.03764542323743581,0.036111174955660186,0.023697046680345345,0.014174517705840484,0.007938528442120429,0.0492386611083119,0.0219366572498197,0.016297804603523786,0.033949380760000245,0.01,50,-0.019783635354704284
259,4.208604335784912,False,200,0.014554686012822154,0.018009579631385615,0.0464783212566519,-0.0005276247128071414,0.01112768944874063,-0.00018090195994590206,0.013579676416829473,-0.00028698976249618666,0.005900092287735218,-0.0245037433335575,0.0001060878025502846,0.014154332651493476,0.012373224264549799,0.01,50,-0.012755381315253311
260,3.966392755508423,False,200,0.013390270762233985,0.016535921565049034,0.0558409070111398,-0.005074439296096904,0.014719613888786986,-0.010930407160777802,0.014003156093464565,-0.008727570833482275,0.002322674787607668,-0.0180319274242539,-0.002202836327295527,0.013108588330638347,0.010479870048443932,0.01,50,-0.010851866604025245
261,5.023322582244873,False,200,0.02757553976258217,0.03711212548324215,0.2980326024790054,0.009517577831136057,0.02812673298824893,-0.01938439916316863,0.023546772150493125,0.011258382666471856,0.013319606723086647,0.0161336801865195,-0.03064278182964049,0.02598069153521412,0.02047550672108258,0.01,50,-0.028234367108980002
262,3.930039167404175,False,200,0.017436577441008103,0.021736543636787682,0.0801409047152175,-0.011326943405229595,0.01598819104586188,-0.00410023031608465,0.018072635111545877,-0.010887065696075312,-0.011942081259687131,0.0054044407830091,0.006786835379990662,0.018214600130801322,0.012726782255478714,0.01,50,-0.01638584673303549
263,4.741522312164307,False,200,0.02633071028645427,0.03485890019712218,0.2355036121984604,-0.010327653280086136,0.038415477692462015,-0.038415477692462015,0.013907099393801303,-0.01243908959187771,0.0001113101830823719,-0.0100393423621163,-0.025976388100584304,0.014403705601204237,0.011498250019832455,0.01,50,-0.026232645948766793
264,4.293086051940918,False,200,0.017851431868940525,0.022098461151666863,0.0617042941139605,-0.010073630332130119,0.016226754238325012,0.0019217025296751644,0.01936444062349769,-0.014053621030565967,-0.012160382337603288,-0.0281655023184521,0.01597532356024113,0.020236790192010246,0.011017630263186832,0.01,50,-0.01597517060437871
265,5.280162334442139,False,200,0.03517919632180572,0.04416067092808535,0.2066045375809562,0.032267964027175786,0.027874306109799164,0.017547406675539022,0.03126210535888419,0.023403088948404444,0.046863000328299105,0.0414418900412254,-0.005855682272865422,0.04104867126260822,0.02143822543429791,0.01,50,-0.03644921482649153
266,4.134190559387207,False,200,0.020164064363700947,0.024236288675513924,0.0624035082115579,-0.01823866147726415,0.030074915492200194,-0.029236770937144278,0.014613966868612837,-0.023989311445059006,-0.009977677347223563,-0.0321685656529435,-0.005247459492085271,0.01344895020731927,0.01118171830952129,0.01,50,-0.019450045183678665
267,5.311043739318848,False,200,0.03854819704127932,0.042391585621888765,0.0985853232038946,0.03650310552576375,0.021491624215960695,0.013311258153898413,0.022713924838357498,0.04788618578199024,0.036128418683135856,0.01945353031868,-0.03457492762809183,0.028104236231611256,0.0149298780586516,0.01,50,-0.040411589543201246
268,4.25405216217041,False,200,0.023982652045348177,0.02957099554015195,0.0685465180505007,0.006772794020325644,0.03238586669187692,0.028188441428684995,0.024190869079480974,-0.006997763067630645,-0.006083929851843655,0.0260146921400545,0.03518620449631564,0.025833671549453992,0.011912308319646759,0.01,50,-0.02312867032337944
269,4.326322555541992,False,200,0.01944881228531502,0.023464947355903164,0.0592129048309519,-0.0006189069714737244,0.02655822877985353,-0.008476927925111101,0.029102649919629745,-0.0026669960854768175,0.0070028370748696925,0.0325954440456657,-0.005809931839634283,0.02926284774968252,0.014912141612726842,0.01,50,-0.018571227442711682
270,4.900763511657715,False,200,0.021343972467514384,0.026792002125686026,0.1357165214025517,-0.009257073530119684,0.014958213928477689,0.0015989096925351977,0.01812835753911856,-0.011197479571109573,-0.02025175739038133,-0.0032140138143113,0.012796389263644771,0.019108395856768996,0.010080190909312423,0.01,50,-0.02074335970920552
271,5.670334339141846,False,200,0.023386007052450156,0.02893973586799199,0.0837780739231046,-0.021664811295579095,0.019823781382299125,-0.01523373333471354,0.019326692998584197,-0.009872098919423974,-0.035606236443756274,-0.0522045363796301,-0.005361634415289565,0.008363272461927808,0.038534035351918745,0.01,50,-0.022811927636414472
272,4.169713020324707,False,200,0.022508807012540263,0.029504941971206927,0.1031876946590326,-0.016499386019544027,0.029115632479796105,-0.023441080610339657,0.030652244326000874,-0.005094252081509074,-0.01569446512127734,-0.0345926748238465,-0.018346828528830583,0.02470447135223057,0.012391979082958297,0.01,50,-0.021851376902539757
273,4.768860340118408,False,200,0.023315604380437602,0.03202005126603466,0.1680138724086104,-0.017473215942507024,0.01545881377695109,-0.00845115304572621,0.01659921837532281,-0.0076583030313433584,-0.03536009803623088,0.0077431871073398,-0.000792850014382852,0.017029997082912373,0.01951545025682812,0.01,50,-0.02201837293819821
274,4.233675479888916,False,200,0.024930568288342857,0.03237341276230694,0.1145307705809761,0.013395947963958422,0.033160986826235445,0.020661474739677495,0.038551752681340735,0.012076245352053056,0.006768092079550622,0.0552576255030539,0.00858522938762444,0.034894095431804224,0.014009424342040753,0.01,50,-0.02433643409101224
275,4.246513843536377,False,200,0.02261702420560008,0.027927499209234388,0.0795646896694721,0.01979486240109747,0.03281698986877969,0.031948545653073486,0.020048166011083543,0.015259100496676378,0.011234759711009021,0.0319501489824007,0.016689445156397108,0.017476079664448765,0.013367223117252178,0.01,50,-0.022264026659139863
276,4.3017778396606445,False,200,0.02289684062104774,0.027901799800798245,0.0839610884030861,0.003766565975507774,0.023284884840167903,-0.01840370437062075,0.022219941229879366,0.025962294584899216,0.006692721713061725,-0.0344822481828677,-0.044365998955519965,0.02958459863171959,0.01375437185599714,0.01,50,-0.02190223027479342
277,4.239261150360107,False,200,0.01648656804307246,0.021023278549147123,0.0634095657145694,0.004750545694839151,0.013341366062556159,0.0034945056337403594,0.01618507109788816,-0.0021745668684708987,0.010567908305172475,0.0060770733743265,0.005669072502211258,0.01622492605672396,0.008644606881760553,0.01,50,-0.013465444683882315
278,4.508080959320068,False,200,0.0333009390203805,0.03742944871049933,0.0696511539459852,-0.032307304032763016,0.032928872775066606,-0.03263775360417862,0.020801538550751206,-0.03301432747871363,-0.029451973672994614,-0.0008618330889014,0.000376573874535005,0.020890137292431533,0.013923428144602026,0.01,50,-0.03446330499567524
279,4.02838659286499,False,200,0.01331152470433568,0.017313022201187255,0.0669438671313651,0.007728118878629723,0.01449155077786975,0.012783031233468056,0.012629546376204248,0.0011651042684523417,0.00892663706522339,0.0044202112930626,0.011617926965015714,0.012401172467949197,0.012547876155142025,0.01,50,-0.010646793091857263
280,4.563246250152588,False,200,0.018532256633375776,0.0231409453951464,0.0615468949447972,-0.014356652908759307,0.01829787603099468,-0.012839011381587669,0.020055335751440032,-0.01668019245289973,-0.00487401568386477,-0.0146701969297149,0.003841181071312063,0.02046610601170224,0.010416653692540676,0.01,50,-0.01679409988491711
281,4.621254920959473,False,200,0.026325899570851307,0.030757750838248853,0.0786251595111444,-0.022693561301970155,0.025966037032346963,-0.012346553087790334,0.028745019804885242,-0.0244931479804196,-0.024912140742010182,-0.0133536085466374,0.012146594892629266,0.028465188464981965,0.01549338524006019,0.01,50,-0.026590768854667584
282,4.289360046386719,False,200,0.019698565911454018,0.02398685705161867,0.0586916751656403,-0.016969294927696783,0.02060924844009255,-0.015110544925573626,0.020182574110429348,-0.018988949005082776,-0.012388156136517225,-4.783813858022512e-05,0.0038784040795091495,0.015043029976276294,0.010630411806447068,0.01,50,-0.018205946700687085
283,5.393127918243408,False,200,0.02268771559932741,0.028196307800762117,0.1313154991893501,0.005846738467824643,0.021127392290588912,-0.00906796016827052,0.024432083256979393,0.014380601485975511,-0.002482522211621967,-0.0448671671370748,-0.023448561654246032,0.02657675712361337,0.01279413527485398,0.01,50,-0.022278511257559287
284,4.5782976150512695,False,200,0.02315977767737108,0.02962735034735542,0.1046752017042695,-0.009778069818295727,0.019073992617180627,-0.007468470156912988,0.021671829113984895,-0.010402689820890602,0.0008025652707077023,0.0079804577421001,0.0029342196639776134,0.02215957825414231,0.010987772467222923,0.01,50,-0.022533093523689266
285,5.133820056915283,False,200,0.02536267572777123,0.03359075247743727,0.2193051323328498,0.018816273604775748,0.020308357201996814,0.011859856046583586,0.023342394236151434,0.02027655960347801,0.022368478801387242,0.0410067481658842,-0.008416703556894424,0.026757205616383853,0.01209525297476229,0.01,50,-0.024788738453160833
286,4.378518581390381,False,200,0.025889303887725746,0.030752560125284854,0.0679347646327226,-0.020685563163846066,0.02974005688049364,-0.029170888631113542,0.01851561927911055,-0.02758418034643535,-0.015788382627925535,-0.0472235884308833,-0.0015867082846781934,0.016887168278687786,0.016548037990590514,0.01,50,-0.02600549106354876
287,5.143981456756592,False,200,0.02423483845785685,0.03253210498870245,0.2671896706503949,0.013841558965065733,0.021425041058103896,0.01184577666905181,0.021706023547920113,0.012321085504724204,0.00987650947218734,0.0395925883452541,-0.0004753088356723948,0.024170617046976334,0.012268443299361808,0.01,50,-0.02445117885867717
288,4.899029731750488,False,200,0.020753166129457087,0.02525519838696814,0.0697297979667048,0.006168616482481595,0.009538921812999798,0.0036945977152021397,0.011297778666765984,0.008832248553340494,-0.015197952862199883,0.0030867739691506,-0.005137650838138354,0.012315066714976534,0.014464118607452694,0.01,50,-0.019746741469731436
289,3.777200698852539,False,200,0.056951785114412214,0.061982868139646326,0.1523851018007098,0.056951785114412214,0.054626073561376484,0.054626073561376484,0.020866342071893126,0.05324407766861857,0.05171244389588673,0.0828215266326828,0.0013819958927579132,0.012808373761947999,0.010081561076970297,0.01,50,-0.06132885352426273
290,4.812532901763916,False,200,0.0208560854665686,0.027499307744474705,0.1800316748927404,-0.014286199312300747,0.021566783064758153,-0.011500069896571654,0.022405805735096585,-0.028265161689089414,-0.007113695383264641,-0.047521034328736,0.016765091792517763,0.02334766515934066,0.014401471937791817,0.01,50,-0.019635678903979138
291,4.5918402671813965,False,200,0.017619798302241897,0.022917086569762758,0.0768277802918619,-0.006812088339870023,0.013574858140399357,0.0034034079034145036,0.0168715801376849,-0.016438295420767527,-0.0063117282565736295,0.0336525671578025,0.01984170332418203,0.01708738353257754,0.011532780054886164,0.01,50,-0.015929955080732087
292,5.731537818908691,False,200,0.06437658019247289,0.06682601482598666,0.1209329736807403,-0.06437658019247289,0.06076014295233874,-0.06076014295233874,0.01214497107909473,-0.050114239840242894,-0.08441141206160996,-0.0807155936668539,-0.010645903112095845,0.005061799583321068,0.024573439977744242,0.01,50,-0.06958091789423385
293,3.995914936065674,False,200,0.037359819958398786,0.046262139112803385,0.1254155554436113,0.02578340801945056,0.03871017751341013,0.025342738048712395,0.042596008002183466,0.03842679218455188,0.023614849871313338,0.0464322984252616,-0.013084054135839487,0.035928972710803704,0.013808681028974706,0.01,50,-0.03874286245334342
294,4.632516384124756,False,200,0.014202103990803043,0.018038878370000722,0.0843520612551564,-0.004274718057174929,0.0106761615742488,-0.003286231596273372,0.012548256361782058,0.0009464573809967971,-0.0008892874909945036,-0.0118148375791005,-0.004232688977270169,0.012659223000088841,0.011766920229903352,0.01,50,-0.012107170156897907
295,3.927521228790283,False,200,0.019771945029618997,0.025210887484860073,0.0733429802634648,0.009985983817552743,0.01121904859103158,0.0011116080265139538,0.013617574362125084,0.008206797485649713,0.018641938863982025,0.0076869788665208,-0.007095189459135759,0.013856624580423372,0.01941195517716046,0.01,50,-0.018833780144133564
296,4.47491979598999,False,200,0.016467144610665275,0.02017135441368576,0.0507751397925471,-0.01049373598143906,0.020589902657745327,-0.019971302999570437,0.013397701480379144,0.0010554168286753653,-0.017598437627276992,-0.0392500065045622,-0.0210267198282458,0.013202280981043429,0.009699100572061149,0.01,50,-0.015192365167036861
297,5.014886379241943,False,200,0.02094793779757624,0.026179787808684508,0.1302991094925616,0.019138913986909187,0.018642813743004652,0.015286725132564944,0.01788476964907516,0.029360504453587823,0.013193885096499042,-0.0113867364667124,-0.014073779321022878,0.01944048055832911,0.01257447279378634,0.01,50,-0.01993995333823541
298,5.386301517486572,False,200,0.02311926072454086,0.02767931172356335,0.0581837830409934,0.021442207739887063,0.03071087332062429,0.029412812816201422,0.018814165790271495,0.011277849014348139,0.022655547339041668,0.012973508916751,0.018134963801853282,0.02035334124835635,0.015994950721195094,0.01,50,-0.022236082298992484
299,3.827981948852539,False,200,0.04196277087305418,0.05184522463038894,0.1345732320309043,0.038216337491666856,0.04439786964677319,0.0399721075116895,0.03597368286840121,0.029333769534387252,0.04429169591731856,0.0445689150201835,0.01063833797730225,0.016131247792080146,0.010236704021274976,0.01,50,-0.04410164919129796
300,4.359803676605225,False,200,0.02236484898291361,0.028541733158861386,0.07331264373191,0.006977079092388785,0.016384439854233348,-0.012057995012041493,0.015763088883929875,-0.0027848071076617326,0.01805516729236367,-0.0313000886395364,-0.00927318790437976,0.016012940209294054,0.010526787022518863,0.01,50,-0.02161510816908028
301,4.596202850341797,False,200,0.015747896158005564,0.019522882933545288,0.0477437358611929,-0.009273650689179846,0.015076495803055251,-0.005172794243370976,0.01755241431557157,-0.01869225331559909,-0.0060470403790616875,-0.0080622099705411,0.013519459072228115,0.016968661274631758,0.012987451616792415,0.01,50,-0.014009721833239447
302,4.349720001220703,False,200,0.018349596266076355,0.022489401214976962,0.0587317853873976,-0.00037401242407600886,0.012707599023945106,0.0009618601851198801,0.016927872166370855,-0.00082190007747273,0.004798726853137164,-0.0011045033058891,0.00178376026259261,0.012633103863402804,0.011139724397561166,0.01,50,-0.01622903589936068
303,5.654318332672119,False,200,0.017305791269738982,0.023299555932752607,0.1759082308325519,-0.005706840836585948,0.0203952594741755,-0.014501838583034159,0.018595376044454676,0.012845450874872587,-0.011782354385470794,-0.0209840946664421,-0.027347289457906744,0.010317030072566662,0.041579777418102266,0.01,50,-0.01584716769217499
304,4.487208366394043,False,200,0.01802702359504925,0.022538798369659094,0.0656922310202983,-0.003340222620372866,0.017417449301674496,-0.015142057893679794,0.013096555925514506,0.0031921990118509084,-0.018798117776024616,-0.0258135773416912,-0.018334256905530703,0.011091858475939999,0.010880690505028696,0.01,50,-0.016912207016171927
305,5.010191917419434,False,200,0.017979557136249803,0.02630202988131127,0.1998810921299121,0.01155911021812922,0.02723263360524069,0.027190031135414516,0.01730223032234615,-0.0033125890577588913,0.006358593704721213,0.0051751592208839,0.03050262019317341,0.01869992854204934,0.012164669967370732,0.01,50,-0.016547160496080435
306,4.800310134887695,False,200,0.013341277223401869,0.016674810512311546,0.052422284864428,-0.0032348888453261875,0.016068509622735802,-0.0035546451575560207,0.019820039776497045,0.003799551284292996,-0.0053396037795340945,0.0044785738036869,-0.007354196441849016,0.02042369332971772,0.016759547947067716,0.01,50,-0.010330746075130768
307,4.605271816253662,False,200,0.02201414021324556,0.026709539376092925,0.0710641817176922,-0.015235122708375735,0.026046387829560896,-0.018562278793350956,0.024642441651248088,0.006793586570803519,-0.017537387154617733,-0.0379979528889711,-0.025355865364154476,0.02492125005918336,0.010349763302432974,0.01,50,-0.021355405960121896
308,4.22724199295044,False,200,0.016979799102723934,0.021123729642734193,0.0697507528132979,0.008646062412623277,0.013013200357237624,0.005436921089420755,0.014939424094425315,0.017850385046679577,0.00022513300770450224,0.0045779210031104,-0.012413463957258822,0.014942352590105044,0.009388961922406586,0.01,50,-0.015828194761323043
309,4.580158710479736,False,200,0.015609430836670199,0.01950538472834018,0.0596167883720522,0.0029852551466989408,0.010419537223454168,0.003991901486109578,0.012202750938482965,0.005391433703477296,0.012066586162762561,-0.000195930221972,-0.0013995322173677178,0.012480563470821856,0.014566742489596834,0.01,50,-0.014040630359947187
310,4.807052612304688,False,200,0.013768113789315608,0.01773095202538268,0.0549479300106137,-0.0017577358499136385,0.01309640439314512,-0.005608131484413826,0.014727028526693208,0.006934497960022574,0.003615591977069234,-0.0231455096939559,-0.0125426294444364,0.015178657051723048,0.020431835814862007,0.01,50,-0.011793736051430009
311,5.31904411315918,False,200,0.028200517778767267,0.033477066070909244,0.1387220398068294,0.026428007147494492,0.03153387839215862,0.028602616635041787,0.02368373050332982,0.03185940492483866,0.02466763544039335,0.0682457796932913,-0.0032567882897968706,0.0302515533452571,0.012990995104043586,0.01,50,-0.028723618877529902
312,5.0276780128479,False,200,0.020364043264230264,0.02523368972631558,0.0884313902589699,0.005724422990594755,0.013877554687297346,0.01293487943163527,0.011311132471860273,-0.007988128316799481,-0.0022387406145392423,0.0368583882079871,0.020923007748434752,0.012137272340396233,0.01595644241074367,0.01,50,-0.018732033921385137
313,5.391214847564697,False,200,0.0313478044863841,0.0349656091050671,0.07700300186639,0.03006826281973399,0.026233414570530866,0.026233414570530866,0.012004210159814718,0.03660565996804972,0.03731273798186558,0.0397195674946502,-0.010372245397518857,0.015071824846059673,0.013212077450162328,0.01,50,-0.03228894071232647
314,4.39281177520752,False,200,0.01666127302717771,0.022740864951710425,0.1575930897351769,-0.005057874803985764,0.01155732475063854,-8.379694389214158e-05,0.014825731521502149,0.002597172247577324,-0.0018834845891465039,0.0019102062981533,-0.0026809691914694658,0.014000596631294613,0.011331630797719204,0.01,50,-0.015093504077557501
315,5.273989677429199,False,200,0.04008381564262785,0.0455614937828183,0.1545076439381043,0.039812256440349664,0.04121397567635108,0.04121397567635108,0.02202009101093332,0.03391698142731272,0.035371485223960136,0.074753504217929,0.0072969942490383605,0.028680930226068633,0.014898791314198712,0.01,50,-0.04198889091383532
316,5.091001510620117,False,200,0.03225608517802824,0.03666453683020181,0.133367219210295,0.025065086107195204,0.04289953118776027,0.04289953118776027,0.012835681302646302,0.0009185306814022656,0.027608114729694835,0.0401652199506692,0.041981000506358,0.014373456834124367,0.011529352394582908,0.01,50,-0.03345115969317899
317,5.176492691040039,False,200,0.028253790446073408,0.03345540533673776,0.075515497386684,0.01753394280895821,0.02866474098074553,0.016228257324993535,0.028970190936599884,0.023749895807822937,0.012015450393038765,-0.0416489156803887,-0.007521638482829402,0.04030268876551673,0.01396700569427779,0.01,50,-0.02841252650272646
318,4.383886337280273,False,200,0.020170305466450555,0.026421182166868163,0.0795747866326941,0.009062379651038554,0.03194166871912833,0.029992479182889477,0.024634459801072293,0.0010031245206828295,-0.008467539225700912,-0.0003112016681665,0.028989354662206646,0.02482833249704098,0.009358017093887647,0.01,50,-0.01886533595027375
319,5.658231258392334,False,200,0.04317815047688339,0.04467295332165314,0.0892781531742539,-0.04317815047688339,0.041328496546552046,-0.041328496546552046,0.008842237198159552,-0.04694189243878122,-0.04168159403410595,-0.0468045862510342,0.005613395892229173,0.004451552101446651,0.014308935429989466,0.01,50,-0.04573640818126954
320,4.772989749908447,False,200,0.03498052678890502,0.0400138831870349,0.0938770531597121,0.03135385190275754,0.05352223888150347,0.05352223888150347,0.011566316440187586,0.02644951270627203,0.025770717365228575,0.0420518545346091,0.02707272617523144,0.01324663017167224,0.014257205005927767,0.01,50,-0.03584230905962469
321,5.2354936599731445,False,200,0.02164917785850395,0.02515779803896168,0.0618468429136198,0.020356215067001155,0.02062104556993527,0.020597041664032072,0.009846821281132465,0.013363967790918358,0.027630903574432195,0.0261685057771288,0.007233073873113715,0.012502338691714404,0.012488483888141774,0.01,50,-0.02118580182673697
322,4.483653545379639,False,200,0.017901415090045513,0.024116030641338205,0.1750604087069547,0.0023877930218641286,0.019080964597951805,-0.006555762745260647,0.021149696255256253,-0.0031677588700162605,-0.004809786850341604,0.0122662645011466,-0.0033880038752443866,0.020572278206789918,0.015083212797945398,0.01,50,-0.016844873559274488
323,5.002169609069824,False,200,0.05865561804120735,0.060039707891553815,0.0983450409641006,0.05865561804120735,0.05790079580437832,0.05790079580437832,0.008763041334737941,0.04900965660629944,0.06782894807142742,0.0675234644926536,0.008891139198078879,0.010602915036503516,0.01069123492267423,0.01,50,-0.06298427663310453
324,4.827625751495361,False,200,0.027574433751619085,0.0313560057029771,0.1140522018421439,0.02306264875505036,0.02983373975357731,0.02983373975357731,0.011569661896542049,0.02579546832318009,0.007164034860948831,0.0083530090302179,0.004038271430397221,0.014301426333688425,0.0130002378751394,0.01,50,-0.02841447889190517
325,5.113893508911133,False,200,0.04334822859389867,0.04818495441680606,0.0921713249387981,0.04210420505898537,0.025588955360028316,0.02232125563282172,0.022933971549738905,0.03946150047421048,0.05626295117600635,0.0523777898359067,-0.01714024484138876,0.038624231539303354,0.013822922322613517,0.01,50,-0.04586281437194855
326,4.446512222290039,False,200,0.012486792205848345,0.02025780303389343,0.1925546849006494,0.001971946528844557,0.008330766534404056,-0.003801267791359192,0.010847802943726318,0.013243647289940319,-0.007312126833149262,-0.0075271163901451,-0.01704491508129951,0.010891146633212313,0.012598658067204744,0.01,50,-0.009356797677117886
327,4.19073486328125,False,200,0.028088772024135237,0.03450527380511662,0.0871868784428882,-0.021668948248418963,0.022021781632125145,-0.010402782176114688,0.025210437618437366,-0.02528064084908186,-0.028837177064372742,0.0105045523525779,0.014877858672967172,0.02576305026286632,0.012889085034629846,0.01,50,-0.02823913634874871
328,4.16663122177124,False,200,0.026410005400868304,0.033755143878112785,0.1223001343986016,-0.016366635224685396,0.025229688493422234,-0.01593780745102309,0.024529427173998947,-0.01963506900714996,-0.022114549419082107,-0.0060026435956119,0.0036972615561268705,0.01810723421587283,0.011068057246452998,0.01,50,-0.026571270428205035
329,4.777319431304932,False,200,0.022579105064749756,0.0277592519530078,0.0998758479208623,0.01851362975087584,0.030686870670034002,0.030550821084932678,0.014263646554124328,0.024065024708156635,0.016101231016762335,0.0124770759155499,0.006485796376776043,0.01765979875838235,0.012554991233709066,0.01,50,-0.022010330288335787
330,4.277384281158447,False,200,0.021615308236021032,0.028242572521081602,0.1716231237021874,-0.015666345359997627,0.017273151622979176,-0.011965106239407459,0.018042739407673616,-0.01513226238366675,-0.018810946283757315,0.0140294860391403,0.003167156144259291,0.02025748137197949,0.017323472052876834,0.01,50,-0.02090406155835529
331,5.25576639175415,False,200,0.038610029122378785,0.043893138115859674,0.0869149319254747,0.03342092350401377,0.02326480771051195,0.0064004646119429276,0.028213572339143716,0.038964944970707446,0.045307886863339204,-0.0302422738272492,-0.03256448035876452,0.01357650088295511,0.02439995674216325,0.01,50,-0.04061323563842373
332,4.978885173797607,False,200,0.04225588962448889,0.045446219700204384,0.1398621969708244,0.04222394779916128,0.043089159579657074,0.043089159579657074,0.008577330834350335,0.055780221458057416,0.03332057017665922,0.0375476414524724,-0.012691061878400342,0.01932632037786704,0.011680911716944554,0.01,50,-0.044664322412821686
333,3.942967176437378,False,200,0.06873648067348696,0.0902819337681972,0.2022197888345358,0.06505246705831831,0.01578023498225947,0.012458996669037386,0.014724716972863284,0.13700589456889445,0.060882864992763415,0.042987677484938,-0.12454689789985707,0.01692130363013276,0.014549004095905524,0.01,50,-0.07697291961612722
334,5.374057769775391,False,200,0.04908056145070525,0.07540484951233076,0.2257671158215046,-0.03517630532938023,0.010771106397713002,-7.325775596567205e-05,0.01365591711353396,-0.09814006729790836,-0.014366207658027298,-0.0196974910057381,0.09806680954194269,0.0061683198934908996,0.013996610668694029,0.01,50,-0.05573735999805841
335,5.662659168243408,False,200,0.057166516916740094,0.0632375360096187,0.134313270953637,-0.056869388444749626,0.050376596797536484,-0.04950229982456149,0.045107702189601924,-0.055805202083163204,-0.054681127641175484,-0.1066214283809756,0.0063029022586017155,0.007214970679515756,0.07970508368199332,0.01,50,-0.061974100201173436
336,4.272717475891113,False,200,0.014931797419647124,0.0196654009629167,0.0952119594987372,0.006456536567206855,0.008834007340509924,-0.00012089077229387614,0.01125236890315932,0.004143099694903717,0.014614766983564297,0.0015817857469011,-0.004263990467197593,0.011656120752860835,0.011051395367486729,0.01,50,-0.013120256460830669
337,4.681308746337891,False,200,0.018289421492863042,0.022811956188574324,0.0568534483076668,0.01171270295040487,0.0182094786668749,0.006760372144724157,0.021347772129901264,0.004986021360849513,0.02769726316663903,0.0551338883891734,0.001774350783874644,0.02399596388395664,0.020281254543311138,0.01,50,-0.016996317791274848
338,3.93855881690979,False,200,0.02612524151983245,0.03358104478992492,0.1176732946933052,-0.006240492959473851,0.040140168654253156,0.0026659412308023918,0.04770737630133785,-0.004848599498339921,-0.014911430081481264,-0.0220016224430663,0.007514540729142313,0.04915466253877264,0.019313996695886033,0.01,50,-0.025882675735123328
339,3.795188188552856,False,200,0.04859303281513541,0.0661832863307225,0.1855068946690519,0.04688718533541227,0.02123917500864362,0.018152991697262595,0.024888114823760948,0.08639328665730084,0.02619373486286509,0.0256113260226675,-0.06824029496003825,0.011106227554741563,0.01793144905792012,0.01,50,-0.05180057660219079
340,4.051496505737305,False,200,0.019584699281696823,0.02528316605685476,0.0733167308057582,-0.0006339215108058566,0.019722582450648358,-0.0006570372989730142,0.02501304868191786,-0.01221996694386419,0.018368321100432395,0.0007398943475109,0.011562929644891176,0.021958335215222263,0.014664488971280153,0.01,50,-0.018141284761748793
341,4.870909214019775,False,200,0.030335370831620457,0.032958453798120915,0.099223836130398,0.029541574530720018,0.01724366665830794,0.014068481454706178,0.013972456402669241,0.026154969643993234,0.036914676766850174,-0.0156048237876076,-0.012086488189287056,0.020458273095888265,0.02149314403609623,0.01,50,-0.031584011428197674
342,4.002420425415039,False,200,0.01289686895518045,0.01891102775689219,0.1253234608257711,0.002666441171769538,0.010130496185872077,0.0013364021822017747,0.013375748585801803,0.0032517159649760106,0.000707097149988836,-0.0145052817558477,-0.001915313782774236,0.012565531784951648,0.00999848769284279,0.01,50,-0.00974847289388163
343,4.992133140563965,False,200,0.026944051562083845,0.02974544117698185,0.0806172467403145,0.026846260567167865,0.0260980904724865,0.0260980904724865,0.009248707454675686,0.02054488721348676,0.022575009101721576,0.0349012973949847,0.005553203258999738,0.013729170690726574,0.012407005747317698,0.01,50,-0.028264535346888817
344,4.042686939239502,False,200,0.015010064656064182,0.01914660922262919,0.0785360195070015,0.0026734911040793715,0.01365160773927948,-0.007131126615977133,0.01505308677963818,7.038121570162951e-06,0.011297159506856749,0.0220860556145758,-0.007138164737547296,0.014920330319076552,0.00834759819480653,0.01,50,-0.012629656906826818
345,4.639067649841309,False,200,0.02454632820912044,0.03354934738822668,0.0913547173338455,-0.012237106701610663,0.010027864950529885,-0.003440816165392146,0.011569790745752305,-0.007317678887738904,-0.021706893687541532,-0.002972817467433,0.0038768627223467584,0.013034633007418125,0.011818482092297715,0.01,50,-0.023955626020115535
346,4.919586181640625,False,200,0.03141275567233151,0.035729278753785045,0.0683941668396137,0.02642494125975141,0.03570454074254765,0.0346975902212091,0.020627467875563812,0.04695373768837045,0.024946121988525173,0.0392652081629032,-0.012256147467161353,0.03370314638898731,0.014169409263268559,0.01,50,-0.03257661087173155
347,4.52815580368042,False,200,0.020620828731456594,0.025872254845683573,0.0720968006587607,-0.018974114541978993,0.03544170212290038,-0.03481326082011522,0.01950900537617045,-0.013547569614286444,-0.015369673529123454,-0.0244927814442545,-0.021265691205828774,0.020885178526132895,0.01148710729368173,0.01,50,-0.019503971100884067
348,4.691469192504883,False,200,0.02438823687531131,0.030350020994581277,0.0765751927550288,-0.010887994857580574,0.020932301049344456,-0.0033181919434853136,0.02549534831911966,-0.007982133711027238,-0.03725148137392367,0.0010394763666186,0.004663941767541924,0.02871498362139611,0.02478056490020228,0.01,50,-0.023992208040081363
349,5.499728679656982,False,200,0.044536031621438446,0.05351343488328502,0.1454286099332158,-0.043149285157184344,0.060650821298288964,-0.0600807192183723,0.04337825584749725,-0.03607195148454879,-0.04297911628269849,-0.0517644681649791,-0.02400876773382351,0.008324654108458986,0.05002098707404281,0.01,50,-0.048377329889273436
350,4.85750150680542,False,200,0.028256320673987673,0.03596060750627177,0.0921847121792298,-0.012278490521824432,0.0159712679345838,-0.009938320856624825,0.01602855687982989,-0.002097628717799307,-0.006534593369906416,-0.0204990099275415,-0.007840692138825519,0.021605669525627893,0.020931511675533823,0.01,50,-0.028400759826875396
351,3.935388565063477,False,200,0.032354910015063985,0.04163174056707922,0.1282025306846885,-0.015493620973344627,0.026937934817219907,6.740733197285575e-05,0.033596188264200695,-0.017332667467117813,-0.02154500729903525,-0.0359408856425442,0.01740007479909067,0.01812969370427165,0.01283456831953429,0.01,50,-0.03306576875475128
352,4.755321979522705,False,200,0.01631514446491277,0.021077623904156906,0.0897580666275814,0.010469879220118607,0.020371138321976002,0.02015897147896758,0.012983572971687209,0.015433544405546888,-0.0009335513348700883,0.002536123503761,0.0047254270734206905,0.01667703095493813,0.017880410021425073,0.01,50,-0.014680940401387264
353,3.9614450931549072,False,200,0.031641146449719236,0.04087197177646061,0.1226920048671189,-0.004744446566166901,0.02372333118404426,-0.006827699135472434,0.03161304728185707,0.0076070538569047805,-0.015898467265750026,0.0069202065139819,-0.014434752992377214,0.04106195975120809,0.018157874695225323,0.01,50,-0.03246812384857105
354,3.9895176887512207,False,200,0.02137632665818401,0.029398979030460723,0.1290203760774453,0.005479050100367484,0.024351237977972274,0.007869030002121455,0.028716812495825327,0.015024919185292534,-0.0032074741500202797,0.0308776269706783,-0.007155889183171079,0.021886067190802567,0.012725467020116484,0.01,50,-0.020081229107766788
355,4.063380241394043,False,200,0.022598010127571164,0.029336306765465867,0.1038325886228519,-0.0022559873203716243,0.025875390192570992,0.000960117482236987,0.034205668698210845,-0.00318853718246777,-0.0014878811148706494,0.0090294767356837,0.004148654664704757,0.0585049085619084,0.023113368865104882,0.01,50,-0.021698991717023053
356,4.650294780731201,False,200,0.019561117689873574,0.02453944271387395,0.1225373266826359,-0.00033405167845042104,0.015784661584986245,-0.004508159926205672,0.01879336941424226,0.014847004257858476,-0.007975965843870877,-0.0010034726960741,-0.019355164184064147,0.02086228284443135,0.016609462099499744,0.01,50,-0.01859049533725983
357,5.209131717681885,False,200,0.018058355582463423,0.022179403063355148,0.0957068263720106,0.012067550723227826,0.014906773055930711,0.008158667182936195,0.015619232115143203,0.02906859895827259,0.011189903650677095,0.0126367892484395,-0.020909931775336395,0.021232309660972656,0.017716574979141423,0.01,50,-0.01714260000186973
358,4.955108642578125,False,200,0.02180729800796463,0.02574778810208657,0.0784466924496838,0.007850370391595092,0.017913381759908434,0.0017651058366036562,0.02030206281883743,0.025771586550088713,-0.013549029577555447,-8.569234936128822e-05,-0.024006480713485056,0.03760870849183169,0.02358097772998105,0.01,50,-0.02103189986769346
359,5.465874671936035,False,200,0.017074992517408984,0.02379302491950694,0.1821481451808164,-0.012874557812918005,0.018266117583452257,-0.016589100613912822,0.014452925038124911,-0.005327916826040385,-0.011738603632123857,-0.0069085858332167,-0.011261183787872438,0.012601726896745264,0.01764431127594664,0.01,50,-0.01505328313632928
360,5.490251064300537,False,200,0.02202920580172891,0.027069834119088833,0.0672286519531573,-0.017323807804583514,0.022775545017129143,-0.019731326072244103,0.02228464274753324,-0.018794368400520595,-0.02230111698447314,-0.0391389877248169,-0.0009369576717235088,0.009863689722270474,0.028817221274400402,0.01,50,-0.02109210116199578
361,4.216020584106445,False,200,0.01289668442815568,0.015947337164408066,0.0479872390979529,0.0015174197630785458,0.015678519326591304,0.0074087656026712466,0.017926094395412,0.001672424224819402,0.0020808320963035423,-0.0181538139228223,0.005736341377851844,0.01871549799668897,0.011090938863043973,0.01,50,-0.010878731493791299
362,5.422768592834473,False,200,0.023517067319685597,0.030010399658463388,0.1789264055629633,-0.020058910455732756,0.02616445412141277,-0.024848513991108052,0.0160857069533512,-0.01779725303646871,-0.02475279120840999,-0.0173710727312084,-0.0070512609546393434,0.0224442414196376,0.03633494195294199,0.01,50,-0.023931871820800536
363,4.706603050231934,False,200,0.019882216175070883,0.02555558417226227,0.0670447419171083,-0.0005701486601223126,0.02329623894099946,0.020380822612526002,0.021083858306435485,-0.003964851229062909,-0.021846609786622312,0.0246294361810441,0.02434567384158891,0.024791201968419746,0.015396183493964844,0.01,50,-0.017855028854090134
364,4.319586277008057,False,200,0.018728588307632566,0.02334832766200544,0.0629792921743064,0.013519064910185126,0.019360692306883615,0.014541509851802312,0.017593640340041593,0.012654643132640357,0.01936944362683036,-0.0057580996260435,0.0018868667191619549,0.017732146424896147,0.012967639587666061,0.01,50,-0.016704325386990893
365,4.418415069580078,False,200,0.011071207589013221,0.013708637662150724,0.0357592393032062,0.002546260586006084,0.013029483645453373,-0.0002922045567858141,0.015392861848153368,0.005621632883485011,-0.00475585435833255,-0.017813262257599,-0.005913837440270826,0.015667170105782297,0.010704472542440585,0.01,50,-0.008261704625707151
366,4.337646484375,False,200,0.015631143031984377,0.019817753160262422,0.0623132262883112,-0.0046281054018102435,0.016408378544628455,-0.008877248409201965,0.018517714494255617,0.009948841456721832,-0.007026645551092804,-0.0137816289507979,-0.018826089865923795,0.022764757382365254,0.010273431684787856,0.01,50,-0.013356744511721436
367,5.116130352020264,False,200,0.03261010453174072,0.034885540311792,0.0989554132297634,-0.03162055039944309,0.03305608476179946,-0.03305608476179946,0.012519070728649936,-0.030860163691132928,-0.034744929679948154,-0.0539725394104131,-0.002195921070666535,0.017816204485896506,0.0126895170461228,0.01,50,-0.03436805559933686
368,4.75750732421875,False,200,0.01593972377788279,0.019806386931097958,0.0594634154523356,0.008246984669693095,0.013359263613691053,0.012043045898747193,0.009863796131599325,0.022506787672292722,0.0015930482644970242,0.0283760079648756,-0.010463741773545528,0.011457341695026642,0.011381131724194162,0.01,50,-0.014594514930693792
369,5.645559310913086,False,200,0.016997427463091564,0.021139638147052924,0.0676178835396399,-0.012983763081258332,0.022984564775267845,-0.022162614159169373,0.017428310593486894,-0.008339475743838053,-0.011002625114062543,0.002509821130455,-0.01382313841533132,0.008226318487339694,0.03334475542172835,0.01,50,-0.015462807853484847
370,5.57471227645874,False,200,0.020897608367840804,0.027478506477479087,0.0750344759096535,-0.01628501393785169,0.028187480523181114,-0.025425460389545004,0.021529730168414852,-0.008051264715147827,-0.015304932238417333,0.0034748050371575,-0.01737419567439718,0.00875131888949269,0.037786522170072036,0.01,50,-0.019020973106730184
371,3.8399558067321777,False,200,0.04807437613314651,0.06756172494753813,0.4738994316533214,0.037406907748587306,0.024867146717943874,0.01354313782307486,0.02873916934963808,0.09453599445218148,0.01348482331631769,-0.0109184455801676,-0.08099285662910663,0.018209962711300192,0.009503172946888898,0.01,50,-0.05286712307153835
372,4.149488925933838,False,200,0.023468847269800433,0.027512087813824804,0.0903872277277928,-0.02095491798721116,0.019848387419940917,-0.0180940724791089,0.014511831816909262,-0.0216905294251001,-0.025080990894578003,-0.0422390912946042,0.0035964569459912,0.014891695996047956,0.012100820769010926,0.01,50,-0.02359441895163332
373,4.012603282928467,False,200,0.011347532359910413,0.01447426005297822,0.0442947839561433,0.003953794059998857,0.013160906187339713,0.008314582924429445,0.014230625237170159,0.0039737746423789706,0.00464063652502679,0.0005994584317026,0.004340808282050475,0.014054889135866028,0.012862994122297139,0.01,50,-0.008313023720456177
374,5.673682689666748,False,200,0.0304391664148958,0.04227693955824376,0.3554346781941868,-0.0290474077317273,0.020359019491202605,-0.019932114231513857,0.012882640630343117,-0.033811103207789135,-0.02758130294325331,-0.0357234391195824,0.013878988976275278,0.005107318453736227,0.026648335310965467,0.01,50,-0.032623345934147945
375,4.8940749168396,False,200,0.015185132600405033,0.01920683756844823,0.089329359232912,-0.003402428879417764,0.009676993112972354,0.001564528872263028,0.012182200268325142,-0.008984861307512793,-0.007238053087801792,-0.0116702489833899,0.010549390179775821,0.018263648584036528,0.013760696910075284,0.01,50,-0.013201597454755028
376,4.725010871887207,False,200,0.013868279413241197,0.01768069704516572,0.0546225133763309,-0.0030756456429843204,0.011319942150266136,-0.00152728111264474,0.013248962568333559,-0.0015767334947556198,-0.015232609087056204,0.0133931492785475,4.945238211087979e-05,0.015159849222192233,0.016374583187512334,0.01,50,-0.01185274951862424
377,4.152121543884277,False,200,0.017662208548764973,0.026811739901796083,0.2354867173086825,0.0066907884225021075,0.023621184366481272,0.02105103067353231,0.019269760056304142,-0.001957958771913995,0.010933064175125597,0.0373567735331237,0.023008989445446305,0.018514593976803096,0.010122105420654429,0.01,50,-0.016533443199947418
378,5.355677604675293,False,200,0.017899992954001288,0.02438381680592039,0.1887307251639933,-0.002194338935591242,0.01937560411032895,-0.015210439936821798,0.017373752066916954,-0.007019507778646223,0.01601591594411404,0.0155090101953385,-0.008190932158175575,0.015227014044774608,0.027090404578371034,0.01,50,-0.016167315482438084
379,3.801212072372437,False,200,0.1867879270581301,0.19048404937463279,0.2762961791670388,0.1867879270581301,0.20713104220828027,0.20713104220828027,0.029604318495282892,0.17136109255810353,0.1939310365256562,0.1507488808471557,0.03576994965017674,0.007442897307146177,0.012986678895103968,0.01,50,-0.22541783607814955
380,4.849739074707031,False,200,0.013716079473911872,0.016770294404623343,0.0402502867480016,0.007445505679128907,0.020552716052378465,0.01965346973332532,0.011395522005877413,-0.000511590119854386,0.011562878607149354,0.0348381398595405,0.020165059853179707,0.015029361539272696,0.01973643225712455,0.01,50,-0.011256825150610548
381,5.685171604156494,False,200,0.03487939741083503,0.03735175898506869,0.0658840991458991,-0.034226150763955514,0.04012062506605488,-0.04012062506605488,0.012314260282202906,-0.03230046536167522,-0.02864454046135017,-0.052643822290757,-0.007820159704379659,0.007522752838301182,0.021992415238656606,0.01,50,-0.03684532094381844
382,4.494093418121338,False,200,0.018921309205772875,0.02551950480811023,0.1487003217698115,-0.013207732031588154,0.019688107951723356,-0.016770367945732324,0.01679933485610705,-0.002361025661070219,-0.024032176297187888,0.0100719519233862,-0.014409342284662105,0.01694157778066127,0.009950513767210118,0.01,50,-0.01797999433861448
383,4.441863536834717,False,200,0.017973651232084893,0.022136342287668517,0.0551524042448932,0.0008440977130010778,0.02313350206410081,-0.01103830323897492,0.024604239609114297,0.005741215274971249,0.007433012578116163,-0.0031951362747468,-0.01677951851394617,0.026684577284909264,0.014020187968601496,0.01,50,-0.016116321436697757
384,4.0565266609191895,False,200,0.013380606081936561,0.020110632656492072,0.1798965639370262,-0.00025769220697228893,0.01189996527617114,0.00748867172695346,0.012902138524997286,0.0016702257789527983,-0.0027227962681907743,0.0142777365577764,0.005818445948000662,0.012825571551688774,0.020891474619357052,0.01,50,-0.01097981244353108
385,4.999377250671387,False,200,0.014557728982438676,0.018096442170976206,0.0497392967799559,0.002742497918516246,0.011278926458397922,-0.006931076382197594,0.012678803985162123,0.014582604044474461,-0.003202417273558622,0.008821395114837,-0.021513680426672056,0.020378922997456653,0.01727962181615936,0.01,50,-0.012049138518992152
386,5.152986526489258,False,200,0.014357030064620427,0.017835004392826082,0.0549670862102402,-0.004373869309786568,0.013913028011745179,0.007850803492915422,0.015463685859961454,-0.012804368449640748,-0.005921278719743284,0.0088942447086974,0.020655171942556172,0.020215939882000093,0.011587091758683225,0.01,50,-0.012482028371068236
387,4.025609970092773,False,200,0.16986651953076268,0.17221006360286692,0.2522276082769918,0.16986651953076268,0.1444425858994661,0.1444425858994661,0.022018408989286226,0.20362343134296138,0.16168406938712102,0.1233998566508836,-0.05918084544349528,0.009169216740861784,0.023777738502390226,0.01,50,-0.20122199059348037
388,4.947756767272949,False,200,0.012408934276214624,0.022932819040559917,0.2568954912527799,-0.005810917747768387,0.014736212864970247,-0.00984379318169239,0.015394285435015193,0.00011764004244349144,-0.00288227514382066,-0.0105457710696725,-0.009961433224135882,0.022222210528532613,0.019730722411458564,0.01,50,-0.009396441280507184
389,4.92050313949585,False,200,0.014309482578445132,0.017596206136972853,0.0543136696473345,-0.00867907451140796,0.014395584735080687,-0.012804234923088185,0.01168650733138304,-0.010194237080797825,-0.008894544704387884,-0.0067554008476253,-0.00260999784229036,0.014267577385644421,0.022987387289756665,0.01,50,-0.012325664450050114
390,4.198076248168945,False,200,0.047214997552778054,0.053266747413486616,0.1149992391783145,0.04306005839887891,0.04739391557854469,0.04712379223207476,0.019906244052889807,0.02245120388268557,0.057945055201265444,0.0460037102943653,0.02467258834938919,0.02132126690865685,0.014740483204259348,0.01,50,-0.05026198143023736
391,4.875105857849121,False,200,0.015891707018363687,0.025333734419144213,0.202413157551458,0.0014624005144741054,0.013450676678944777,0.002494639297938536,0.017339751049499322,0.009455355217439083,-0.0027661145511466484,-0.0374199519595865,-0.006960715919500546,0.021991299745844472,0.05345737923413704,0.01,50,-0.013653602719764306
392,3.76758885383606,False,200,0.4227871418560122,0.42439410754834106,0.5120904542679714,0.4227871418560122,0.46860415147493795,0.46860415147493795,0.023120197509643357,0.38568826486203533,0.41231243778749294,0.4682039742307937,0.08291588661290261,0.003341476042823206,0.017561920534509556,0.01,50,-0.6071448538995423
393,5.050850868225098,False,200,0.1020475142919925,0.13949202851702214,0.3299880075004511,-0.08872870976019585,0.020533171977192736,0.003495766482098166,0.026812379569603216,-0.2182255077570499,-0.03143905163013921,0.0105536389961713,0.2217212742391481,0.03225168548899696,0.07056810890694909,0.01,50,-0.12202401673002296
394,5.695996284484863,False,200,0.7237214132679255,0.7777890749219648,0.9112597078784744,-0.7235550187297589,0.2957120658833707,-0.29504648773070474,0.26123356072474374,-0.8944243572777739,-0.8734949297668186,-0.607815992841223,0.5993778695470692,0.014477935340998513,0.36689292262900486,0.01,50,-1.3361956864449176
395,5.064367294311523,False,200,0.02663807706660304,0.0356246822261231,0.136441678092293,0.02249592653306478,0.011867585563483288,0.00959435947036131,0.01077511416974774,0.0064498273727145485,0.02189604640596551,0.0244505495133013,0.0031445320976467607,0.01714476838601396,0.05535692258289146,0.01,50,-0.02655977232880669
396,5.5508294105529785,False,200,0.04068192836979931,0.045711556486146436,0.0901210157309035,-0.03994466191943229,0.03544283825555554,-0.03544283825555554,0.019108965531291745,-0.049764679027784434,-0.03515865608911612,-0.0648233571507574,0.014321840772228894,0.010008005833217619,0.029791627586249658,0.01,50,-0.04256317414326455
397,5.753978252410889,False,200,0.07555944261402606,0.09650007373925838,0.3591429315690755,-0.07555944261402606,0.06499627315598375,-0.06499627315598375,0.026389594090582096,-0.12609181235978145,-0.06083180952479356,-0.0930594578857499,0.061095539203797705,0.005821707728876184,0.05617564248055267,0.01,50,-0.0857326029011502
398,5.607021808624268,False,200,0.05011060742215506,0.05816139671680874,0.1264089820275975,-0.04914063845276518,0.03846006416389244,-0.03499311849464861,0.03314434755455576,-0.07904920635281944,-0.029596868616180202,-0.004799339553605,0.04405608785817083,0.006847443284154812,0.05928014515491522,0.01,50,-0.053236064304964935
399,4.658437252044678,False,200,0.016813142013028953,0.020647084519889055,0.0581473222660502,0.013235246327450807,0.012823982038863202,0.011432959780453429,0.01198766768012402,0.016602710372576122,0.009308305174006794,0.0060866535696222,-0.005169750592122694,0.013346675717851215,0.04582202336759459,0.01,50,-0.014844078768532436
400,5.085784912109375,False,200,0.025267762429777713,0.029159698175430675,0.0629579364888561,0.0219840321808167,0.023898479728214895,0.02242472563277301,0.01742777184413838,0.01682179216116724,0.02743713152365669,0.0177845584120408,0.005602933471605769,0.026827985264279767,0.012059415958251715,0.01,50,-0.0251517409882758
401,3.850450277328491,False,200,0.23991045547191775,0.24217539076455272,0.3165271036081414,0.23991045547191775,0.27042888668351234,0.27042888668351234,0.0371852863068095,0.20599638983565685,0.24153477366195641,0.2184506129645544,0.06443249684785549,0.007101050429343717,0.043048270065339,0.01,50,-0.30092466754130287
402,5.1609086990356445,False,200,0.01480220968158358,0.027458784076710128,0.2984743781586552,-0.004249748764114526,0.01347389579346656,0.001725239625045416,0.01669669614737331,0.000345666261412311,-0.0018695516685707622,-0.0068093112010547,0.001379573363633105,0.025639136295802077,0.014715708620138001,0.01,50,-0.012217293639781617
403,3.99835991859436,False,200,0.02132662482506407,0.03594145482958312,0.3965231587527773,0.01945893760111409,0.011858465122963058,0.008167105310162532,0.01121189064043519,0.024180041626589103,0.02072398350121498,0.0130492706491143,-0.01601293631642657,0.010568209575205968,0.013302935235148527,0.01,50,-0.021845297949088148
404,5.581624507904053,False,200,0.030489998069294595,0.04381108601371328,0.4184603253311278,0.011743815632290296,0.023864769465977095,0.01584984799391983,0.02182945792451271,0.03643330577293895,0.006648727062735429,0.0470114531765615,-0.02058345777901912,0.01779134207596876,0.05663975943579762,0.01,50,-0.03270048944147872
405,3.950164556503296,False,200,0.017403191788970852,0.022278971997197656,0.1082410616364355,0.01183885796461019,0.017502998832002375,0.015083031334390724,0.015904812910733045,0.02536616779882441,-0.00015742665630921922,-0.0070000581862492,-0.010283136464433688,0.017047598279798886,0.012673584770964027,0.01,50,-0.015689637147127268
406,5.2185139656066895,False,200,0.014893231829385565,0.0180203322013389,0.0467775358015769,0.004432837182155595,0.01081250140158063,0.002814160470420726,0.013506795271463784,0.008200730860013668,0.009655711964235848,-0.0038864924164503,-0.0053865703895929415,0.08018458314095654,0.06568222757687692,0.01,50,-0.013846170102890581
407,5.5058112144470215,False,200,0.019222454587442206,0.0246694620648241,0.0726342987824342,-0.00027747841439185796,0.015161735582119513,0.0032716439837858708,0.018230092207897095,0.000419139384191474,-0.018900049414249543,-0.0209578779635046,0.0028525045995943968,0.00858520466544708,0.02628169017373963,0.01,50,-0.016877144911478768
408,5.256922721862793,False,200,0.018336456838177796,0.023008076078729844,0.0680958436171952,0.010664098710128895,0.013370127818050994,0.0019550327202407253,0.01700335772766802,0.022575316420125172,0.016374448383469024,0.0180485417099127,-0.020620283699884445,0.014508604312816384,0.012700000854915745,0.01,50,-0.017163473705953298
409,5.285261631011963,False,200,0.013211233765860784,0.016689151599067743,0.0468466931992628,0.004184681949431138,0.010505808309780542,0.0018081201379205822,0.013517299733546612,0.007207465872737447,-0.00044449669122701807,0.0183988448965664,-0.005399345734816865,0.01291724005431631,0.010725723562603212,0.01,50,-0.010039383951798193
410,5.417660236358643,False,200,0.02196819030027554,0.02815212156103499,0.0795200764724626,-0.013792676292187455,0.022480652769688372,-0.015562316169974175,0.023306918839832536,-0.020546093580336634,-0.004731522365482608,-0.0551949530699147,0.004983777410362459,0.018500650282766977,0.03863837451358576,0.01,50,-0.021179415054485416
411,4.400851726531982,False,200,0.030768067518699274,0.03787615421014842,0.1733829154752424,0.02444377702150854,0.01939256493221548,0.014745723428663919,0.020066446140024556,0.016554191113138102,0.03441432139680672,0.0324882802944879,-0.0018084676844741833,0.020737033742270004,0.013029855972191393,0.01,50,-0.0311093045487806
412,4.750649929046631,False,200,0.023678724260198247,0.02865759471577623,0.0612672107027236,0.013925581039811388,0.011921426747255015,0.0006051879757587059,0.014168272039664797,-0.0023620726117711192,0.03166741815848606,0.0004506314628072,0.0029672605875298253,0.022243233378331555,0.026460381056871513,0.01,50,-0.02337153210896622
413,5.721508502960205,False,200,0.15228659989962254,0.16467981588294509,0.2883569839955466,-0.15228659989962254,0.13526177049194202,-0.13526177049194202,0.03216243959861324,-0.1792884493460055,-0.21107675036614815,-0.0842416495479403,0.04402667885406347,0.005127724561007388,0.0567928386407656,0.01,50,-0.1809075875801672
414,5.36131763458252,False,200,0.016869449188216715,0.023005296559071967,0.1203502523731288,0.0016457665258596537,0.009512680962742402,0.004234554688282464,0.011515325045230203,-0.0012806775806863285,-0.0007494561000735944,0.0105912229158651,0.005515232268968792,0.008563405826416704,0.011625164232770874,0.01,50,-0.014858163139584829
415,4.784326076507568,False,200,0.015524986259348091,0.019627766144948308,0.0948964899107522,0.01405283123148883,0.012446784238535697,0.007236111330273004,0.017178154357092273,0.01707094932258618,0.009640729500969706,0.0010939167588137,-0.009834837992313175,0.032940767404812596,0.01643142140216648,0.01,50,-0.013441531888370748
416,5.33072566986084,False,200,0.019467488335632836,0.02516090215600734,0.128709307399907,0.012142078187865103,0.024199355095135086,0.023186719045045417,0.014421562968343378,0.010220490080407886,0.006228591878361366,0.0237118698105573,0.012966228964637531,0.017831212127601283,0.0181596622148522,0.01,50,-0.018656491828800505
417,5.429340362548828,False,200,0.015122916035703975,0.018650106933944383,0.0498369254401058,0.006039520265838169,0.019238062118345264,-0.005736386292449919,0.02206360402227825,0.014070049440235754,0.00321087675146235,-3.785677137990717e-06,-0.019806435732685673,0.01819355443805504,0.03692427260928371,0.01,50,-0.012694176468183507
418,4.8628435134887695,False,200,0.019431798369208993,0.02368837240690181,0.0534884178301764,0.0034265735978543078,0.019549912580962253,0.018792603429123582,0.015180602049641447,0.013528847952699275,-0.012180125202875173,0.0196830175618609,0.005263755476424306,0.04250532791612981,0.019740203671621073,0.01,50,-0.01816813356968779
419,4.35407829284668,False,200,0.03382598078794123,0.04500377624903926,0.2211807140683026,0.010245113439902564,0.015873435649928266,0.009976921474156823,0.01849069920364689,0.002876479107527888,0.022681520778504147,0.004905400503925,0.007100442366628935,0.019595892363133444,0.030083842188522978,0.01,50,-0.034717516293554004
420,5.264831066131592,False,200,0.02353178192975534,0.029481273718124108,0.1155370038944889,0.011947272738293888,0.02184020649619332,0.013146776759253348,0.022501376401156434,0.0015883218010641312,0.01349463628653158,0.035081601560476,0.011558454958189216,0.013266359767237038,0.021510240219484392,0.01,50,-0.023133892834635832
421,4.074278831481934,False,200,0.0146849816935661,0.024332397945392634,0.2277646676806721,0.010280417111042026,0.009870874217117248,0.00474731300371818,0.01218280749841565,0.016395619965396634,0.007189136620269182,0.00687824275224,-0.011648306961678455,0.013660772216648897,0.017415057326977797,0.01,50,-0.01250730597505567
422,4.264793872833252,False,200,0.013564365365886535,0.016845208578462712,0.0417083208109207,-0.0075789911947859775,0.012389898192457456,-0.010702810782945833,0.011550552074522633,-0.0057824842667349415,-0.0020986833798887937,-0.0114533268387138,-0.004920326516210892,0.012682985243756254,0.01073647347008299,0.01,50,-0.011211851565352472
423,4.452735424041748,False,200,0.01571136800600954,0.019401100580354727,0.0472644208650789,0.005505234862484926,0.0110917984046473,0.007910123563845444,0.011962567398141699,0.00345257892197595,8.886806047934431e-05,0.0142806896145533,0.004457544641869494,0.016274943083821207,0.03989188484946425,0.01,50,-0.013754329106862122
424,4.343690872192383,False,200,0.020165039300347548,0.02562880268801744,0.0684846662606917,-0.007051840540533546,0.017497723590175315,0.003191619957075752,0.02023901281017056,-0.039521816603773845,0.010634717229783399,-0.023292181481735,0.042713436560849596,0.02323502791815137,0.01146256627036634,0.01,50,-0.01841124378798808
425,4.962564945220947,False,200,0.018715305700552316,0.023912436303477978,0.0620082828945651,-0.011428461673810281,0.025018551940583392,-0.014627790309748772,0.0242075923673213,-0.02943320348897827,0.0005275598008279,-0.027531342824222,0.014805413179229497,0.05629731434986163,0.010021663299380557,0.01,50,-0.01666969418241974
426,4.833225727081299,False,200,0.014498427202470594,0.020202436236962554,0.0655233393252032,0.0060386647238627866,0.02735689063834612,0.02648601894815275,0.018632995305225736,0.008160557625228635,-0.010307343349759475,0.0333730260589133,0.018325461322924116,0.03733151832312064,0.019731577518437047,0.01,50,-0.011334935855825663
427,3.987265348434448,False,200,0.03002744689635929,0.03307837942014122,0.1087612136238016,0.02883919250130085,0.020782382987829466,0.020760605973153216,0.011434150427583913,0.030046146616033293,0.039333891308973704,0.0078437477041051,-0.009285540642880077,0.01665999583857841,0.024980724097734587,0.01,50,-0.03146933769219542
428,4.964737892150879,False,200,0.01160133352792096,0.01628197904771177,0.112647398458578,0.0008803603759281603,0.008220695228398583,-0.0016098714299273165,0.009782013687234475,-0.006039515418503909,0.002477233724169618,-0.0105703528179557,0.004429643988576593,0.017666702346030166,0.01386276685218418,0.01,50,-0.007821957128158854
429,4.207636833190918,False,200,0.01366676839876475,0.021481599516919418,0.1784045365072266,-0.0036404999900040073,0.010752596262530613,0.004385807852172048,0.01240941531014956,-0.0059489667379597115,-0.005376220629989948,0.0126022886489423,0.010334774590131759,0.011984553114861053,0.011287538878061547,0.01,50,-0.011234723021633176
430,4.076581954956055,False,200,0.018052576880947312,0.02107608581759141,0.0489251386057718,0.016819833520884488,0.014847842790949854,0.01276606201863532,0.01284784187187854,0.01769759545232275,0.013317760139550263,0.004895724110514,-0.004931533433687428,0.013892845954186103,0.020880806102407105,0.01,50,-0.016875093853758325
431,5.5785675048828125,False,200,0.02084656515495106,0.03571034896426738,0.3745978588266894,-0.010728379399199836,0.018404660960197324,-0.016993475958589757,0.013320023428991194,0.003703230734983716,-0.004895247704250157,-0.0118113875005532,-0.02069670669357347,0.008920676309015352,0.020805295453527897,0.01,50,-0.021068596413279402
432,4.4263787269592285,False,200,0.019392012461155912,0.024683939596408917,0.1318839141317083,0.009884806408075018,0.021602000443308702,0.010012135637978212,0.02362031808880274,0.02304076969123903,0.00944770093857211,0.0075443733866213,-0.013028634053260818,0.022254390574128646,0.05506214448242418,0.01,50,-0.018626701822886324
433,5.130878925323486,False,200,0.02924623620243043,0.035725701306328156,0.2212262456981149,0.0246803427551505,0.02436408792340674,0.023508365896535207,0.015223383872837075,0.018329446417720018,0.027278262471289266,-0.0052142187370316,0.0051789194788151895,0.0250130985730757,0.010431481458857443,0.01,50,-0.03044249422484488
434,3.7840211391448975,False,200,0.05105055098526076,0.05382340983987799,0.1048607416063642,0.05105055098526076,0.03224663007042897,0.03224663007042897,0.010872927491272272,0.05929398418202147,0.05938191086538315,0.0561116199128286,-0.027047354111592502,0.010224223950167508,0.02541494881122451,0.01,50,-0.05501965914262363
435,3.871668577194214,False,200,0.032565297204988845,0.038706520148570386,0.0927933447877777,0.029221188997402794,0.050297855266968436,0.050297855266968436,0.017365234236252833,-0.0017672217363670325,0.040958552710932655,0.0682319096664296,0.052065077003335465,0.018098622870181977,0.015736163869167492,0.01,50,-0.033579867489599916
436,5.039041519165039,False,200,0.027774114146938506,0.03362613103635852,0.1505484396836429,0.024816237829969858,0.033819473416313556,0.03345884383289511,0.016449521979942303,0.009872221512395734,0.037295927248085496,0.035911353924031,0.023586622320499375,0.017768110047090717,0.012662334636963422,0.01,50,-0.02861924436973463
437,5.076707363128662,False,200,0.022206303996431448,0.026878591902298212,0.0658828473353478,0.013118329695703623,0.017087882087422256,0.011148088445421726,0.01858418674673554,0.017057170951643514,0.02350382110310145,0.0138782090068891,-0.005909082506221788,0.039093949416062306,0.017141240684191393,0.01,50,-0.021289141904998417
438,4.006552219390869,False,200,0.020541070960551657,0.03190013645037001,0.212722386083648,0.007436283201680991,0.021987227150913533,0.009499374123558313,0.0287340089820895,0.01012212606531262,-0.007947530271188481,-0.0353858545926275,-0.0006227519417543077,0.03598428140606917,0.019642986053897592,0.01,50,-0.020252395455439522
439,5.301860332489014,False,200,0.019788392438815406,0.02495835049627246,0.0704306335589874,-0.013049305207297747,0.02693578672044433,-0.013008471207480945,0.029548577111968812,-0.018447102653520425,-0.008887037775775021,-0.0447993150124057,0.005438631446039481,0.008825405495652435,0.027167385751059647,0.01,50,-0.019217299787233
440,4.283792495727539,False,200,0.015340226549492799,0.028815748716049593,0.3023796404844043,-0.008355631047268419,0.012890353235331262,-0.002536843563898114,0.015158629456939686,-0.01715650739183144,-0.006175262971269042,-0.0120768549609255,0.014619663827933326,0.016062683666330922,0.01153184424997835,0.01,50,-0.01309573615347319
441,5.586233139038086,False,200,0.028470621576325756,0.034709482814043645,0.2266939772257332,-0.027985370581411307,0.03326418692768422,-0.03303785836770595,0.013146025060883216,-0.026197688776441307,-0.026458934546994443,0.0014164304912345,-0.006840169591264645,0.0053935227829085735,0.01976342119178444,0.01,50,-0.029402462700381687
442,4.844748497009277,False,200,0.015127365464560812,0.019127152378461253,0.05231519076563,0.0004904594335514412,0.025437140465063318,-0.01761891070682718,0.022286902731006624,0.007382343900421841,-0.0049780289802059015,0.028353249368056,-0.025001254607249022,0.03989645091712603,0.040301677849495045,0.01,50,-0.012872245446676667
443,5.514203071594238,False,200,0.03318375052443072,0.040771074894361534,0.1037732144825218,-0.023419758468711485,0.030439653694502695,-0.029162134061486652,0.02018821160924148,-0.022924252635557366,-0.036986543242974464,-0.0354658404349681,-0.006237881425929286,0.007510308699170343,0.027819467439239028,0.01,50,-0.03449717992784587
444,5.059682369232178,False,200,0.029208909506980137,0.03425021686812839,0.0731286049012371,0.025758535074207476,0.02620630196550244,0.02331606311752733,0.02077460083055148,0.012237667703310693,0.03657605574342492,0.0278656168437088,0.011078395414216636,0.026485039900229566,0.013454489090885249,0.01,50,-0.029866237639570845
445,3.9806008338928223,False,200,0.015848346712210953,0.028609933960978103,0.2978829654655603,0.012413009940628203,0.013874635372539579,0.013564518099764462,0.00914699555566336,0.005589068490713728,0.013732251097817663,0.0258544773337181,0.007975449609050732,0.01015243394978203,0.017547629187760684,0.01,50,-0.0144514153088656
446,5.151665210723877,False,200,0.02240241352641996,0.03115760679316546,0.212947488843028,0.005636667804602818,0.015143729380087022,0.008845899858873841,0.01726325470765612,-0.005121369964034177,0.014619419606482142,0.0078895292461016,0.013967269822908017,0.02677882909648111,0.008550024169938138,0.01,50,-0.021913312392697143
447,5.39920711517334,False,200,0.022644192085703486,0.027683974467509607,0.1070652503467259,-0.01044410645810224,0.019929735094236446,-0.004403661966718846,0.02300182227492248,-0.021657165713486887,-0.02401178916912272,-0.0156952206356262,0.01725350374676804,0.010410662631357743,0.02864663134422977,0.01,50,-0.02263418527418783
448,4.808524131774902,False,200,0.023585744100902,0.029383025986097294,0.1503958809404206,-0.01383117779999019,0.028611025094499077,-0.02590472852362629,0.02184987545166876,-0.001804110862221602,-0.009679407800099656,0.0128051113969718,-0.02410061766140469,0.03663086359723142,0.03815610148687456,0.01,50,-0.02331407067238921
449,4.471261024475098,False,200,0.02856422753798258,0.034597370667509404,0.1096743042058845,0.025367830975889426,0.022385299552317887,0.020569340398418578,0.01650097215888046,0.04033254523435754,0.011826434373867448,0.0013839193298696,-0.01976320483593896,0.03118766011326594,0.023388276029736674,0.01,50,-0.028700427026438807
450,4.719779014587402,False,200,0.017155420558386085,0.020677851518903785,0.0477299113909852,0.009568264649094408,0.01658871813677771,0.00166519030585201,0.018952734522713455,0.024493168629782208,-0.006543766825937868,0.0026798133965808,-0.022827978323930197,0.029352704547304424,0.02466845929647991,0.01,50,-0.016072894613652435
451,4.54271125793457,False,200,0.017550096831537153,0.020916032222786755,0.0529147855269958,0.01149396471634967,0.020429605939408364,0.013038716095222634,0.01921667237703408,0.021752090454086225,0.0048727073098564855,0.0248545157205395,-0.008713374358863591,0.02663453915116435,0.045067493789925986,0.01,50,-0.01620295263615813
452,5.756792068481445,False,200,0.06937037582866802,0.07229610273340926,0.2016137007683873,-0.06937037582866802,0.06378287499557046,-0.06378287499557046,0.007653923563678002,-0.07852650059818563,-0.06114001336790635,-0.0667312290133139,0.014743625602615162,0.005352521329128252,0.017041157178055696,0.01,50,-0.07553563363600527
453,5.6514410972595215,False,200,0.021558516941910143,0.026690495559616396,0.0672808298897233,-0.019738056957666218,0.020618870417473248,-0.018233341307735743,0.01957412395610745,-0.0075501985142408645,-0.024381584355935747,0.0032646997463432,-0.010683142793494879,0.00883869359978468,0.03402958995367219,0.01,50,-0.02059298374315782
454,5.640137672424316,False,200,0.029531121522713803,0.03420132765045037,0.0716510216522134,-0.025384758166292213,0.04064333731430694,-0.04064333731430694,0.013604239292586305,-0.016363400244503102,-0.032546924982067425,-0.0655498255563769,-0.02427993706980384,0.0067417867183191494,0.02201669571482261,0.01,50,-0.030200033810760925
455,5.222144603729248,False,200,0.018574166821764843,0.025581150427044366,0.1725074946004428,0.002793719751447975,0.01440887359050974,0.0028331520472191507,0.016879523504087397,0.007804949821261157,0.0026816026366468437,0.0268184008391854,-0.004971797774042007,0.008408315057911824,0.012320818579399987,0.01,50,-0.018041645436963114
456,4.79719877243042,False,200,0.015668566190696516,0.0226179607769849,0.1532309963359459,-0.008087756927713597,0.012293697767904638,-0.008674158899033191,0.011703737980106484,-0.01630167483775408,-0.011426969312596005,-0.0026401215596933,0.007627515938720889,0.015595264296732808,0.062204385504154164,0.01,50,-0.013326163243167146
457,4.335512638092041,False,200,0.018256494391073776,0.023050573373552083,0.1095125846456355,-0.00380654995393487,0.01608523547070194,0.0016134303406241586,0.019025881190269628,-0.026029629956470724,0.011215523997639204,-0.0190056967475262,0.027643060297094884,0.01985581495591374,0.012413484546735541,0.01,50,-0.017335801030260386
458,5.2061076164245605,False,200,0.022261127631997894,0.03264954984113936,0.2475117232436927,-0.007521530606280713,0.019714846352867025,-0.004280667105948693,0.02430529398868924,-0.013237797154045106,-0.012304366285606463,-0.0295081096347775,0.008957130048096413,0.012156054832584856,0.017614294196441595,0.01,50,-0.02251809587780968
459,4.412449836730957,False,200,0.019233772652958323,0.03601543195967735,0.3947416922400455,-0.007838074750907593,0.01621367982241881,-0.012701069042686097,0.0159285089756259,-0.015301812919633371,-0.00736483461407213,0.0172059643140904,0.0026007438769472743,0.01696282720673429,0.011646264339123013,0.01,50,-0.01846769235291407
460,5.240545272827148,False,200,0.02246433148327812,0.03303689079599835,0.2783635524455023,-0.01027790545524691,0.020371847840181062,-0.011576096601646284,0.022297494270251673,-0.01795330419541378,-0.0035331956301721656,0.026497537216505,0.0063772075937674946,0.012092204652889328,0.01732632211545414,0.01,50,-0.02257542720788316
461,3.7711026668548575,False,200,0.04264737925055858,0.0537889725187799,0.1599460154646887,0.04253687286174852,0.08390229423052867,0.08346026867528845,0.040370613196523374,0.02525699188767753,0.028001465059749563,0.0843089836803132,0.05820327678761092,0.014156250612428752,0.01414982669098922,0.01,50,-0.046226349010131014
462,4.931198120117188,False,200,0.026817545444685634,0.03138974832506335,0.1063276531349153,0.015144650347166064,0.029797649154909345,-0.0162455065301469,0.030855565941602422,0.03460268335542454,0.019831148100589526,0.0055612297700937,-0.05084818988557144,0.12103120787034294,0.06092599742409296,0.01,50,-0.02755752128692584
463,4.975030899047852,False,200,0.02029206075147183,0.0245653569709949,0.0698802839666647,0.001469394827260415,0.018067462746236506,-0.016933779527119577,0.010835886120897375,0.014903682595144773,0.013581042849220737,-0.0203584817581568,-0.03183746212226435,0.07855541492804433,0.02694513804790679,0.01,50,-0.01965504359927419
464,4.654554843902588,False,200,0.021645879510686198,0.03211522378987288,0.2512781999403399,-0.011233786796640863,0.009333762833313698,-0.005879936804413177,0.010338480757184592,-0.029857648789992083,-0.013433949797892546,-0.0208941176688002,0.023977711985578905,0.01207009006976843,0.04540437492495121,0.01,50,-0.021044449082929444
465,4.670527935028076,False,200,0.021078773512675397,0.02747232341306992,0.0715807087725988,-0.012214112825493596,0.012317156468505477,-0.001500404843484086,0.014546269078951955,-0.020288586273529845,-0.0014893934340184222,-0.0035737261962811,0.01878818143004576,0.016605056922694685,0.03782622666844874,0.01,50,-0.019603338788405828
466,5.522372722625732,False,200,0.05026153467777643,0.054633422442828226,0.126216146950111,-0.048999373208275326,0.04354187305681277,-0.04354187305681277,0.010093160357698673,-0.05910990952122756,-0.05160752158229177,-0.0281076950916672,0.015568036464414792,0.007021600324457292,0.013166336409837024,0.01,50,-0.053781256959595465
467,4.985512733459473,False,200,0.019156715164557046,0.023961769771174136,0.0811842869378143,-0.00243669366712733,0.024568869924515,-0.01270669167467878,0.02670211142537767,4.402582221877581e-05,-0.006951660679692472,-0.0188963341502148,-0.012750717496897556,0.08762542901474919,0.01728198106340842,0.01,50,-0.017534829005396414
468,5.484339237213135,False,200,0.04536729286573637,0.05343272226203335,0.12348051326342,-0.044718616946661065,0.05155800907231965,-0.05155800907231965,0.02423524748716493,-0.03544526079118768,-0.042853404027841116,-0.0532920108410648,-0.016112748281131975,0.005717389463802189,0.029914417714823886,0.01,50,-0.0482554160712283
469,4.566632270812988,False,200,0.01562388065024841,0.02487178929249215,0.2437710272427331,0.009988508297369464,0.016540771655614347,0.015846436777119985,0.013041629617153504,0.006507564270767256,0.009497172111030672,0.0081428820597349,0.009338872506352729,0.013693093301955329,0.014659640858217129,0.01,50,-0.013518751774593898
470,4.905065059661865,False,200,0.02043410632688785,0.026021713742463246,0.1123988175062811,-0.003501775425800239,0.031073595320107766,-0.017449676987978734,0.031141380031177134,0.007981041178935439,-0.00639653370966262,-0.0413147837834024,-0.025430718166914175,0.06205007903491255,0.031920472719495205,0.01,50,-0.019789149066851103
471,4.516994476318359,False,200,0.014881022045190827,0.020014031899267336,0.136834141606351,0.003479396933112502,0.014378926686659388,0.009903424418679026,0.015087531486151778,0.006163312459466581,-0.009850725946682782,0.0077536403082252,0.0037401119592124455,0.015564609332936784,0.030016022707808288,0.01,50,-0.013235069205823584
472,4.228547096252441,False,200,0.017523780960903672,0.02262031454796686,0.1109261097658516,-0.01277173914293718,0.010513484171511574,-0.00843622639656718,0.009495291286843429,-0.011433455811646743,-0.02494015572854213,-0.0204845169910186,0.0029972294150795633,0.009614782240964277,0.010204324324152012,0.01,50,-0.015583404094086756
473,4.370706081390381,False,200,0.01898535945507792,0.02422703908127314,0.0853441650122652,0.0028199446872953244,0.012888575138426988,-0.0036966483994685397,0.01535685757811225,0.008353632832033999,0.018901538666439757,0.0186690513173388,-0.012050281231502539,0.015594215634774861,0.019200411424221596,0.01,50,-0.017559127112554203
474,4.696646213531494,False,200,0.01854345272845093,0.023516330938306854,0.106878774031573,0.002232273303266134,0.011022552296150772,0.007816464006440874,0.012392352575347048,-0.015329695769216252,0.0035799787623345958,0.0097361167780638,0.02314615977565713,0.01346491186670327,0.07960251745886615,0.01,50,-0.016702969176279954
475,5.710325717926025,False,200,0.033398325036743774,0.03871790807977915,0.1890031869125676,-0.0332227024780364,0.02509781752999493,-0.024395327295165428,0.019288626853741563,-0.03679118830474768,-0.031229805887517444,-0.0201395985950165,0.012395861009582253,0.006495732270232413,0.041582739908898415,0.01,50,-0.03467866317285855
476,5.705486297607422,False,200,0.02518088726098065,0.032486495657434375,0.0885053248027007,-0.017381262799198084,0.021290736273661473,-0.016234039035157355,0.020621192317117346,-0.03948307789776388,-0.00043219856236611376,-0.0111408922027855,0.023249038862606528,0.005132197661059432,0.043108431827069346,0.01,50,-0.02496574600997757
477,4.411360740661621,False,200,0.015110614821739605,0.02455175104975634,0.2303872422698889,-0.004730186515321579,0.014374665813828293,-0.008822501287510892,0.014757361798825676,-0.005353378587782716,-0.00011465838535715672,-0.0218198233829092,-0.0034691226997281754,0.017147097443039137,0.020514606245032756,0.01,50,-0.013749988800084281
478,5.29226541519165,False,200,0.019550172289583282,0.026982868682644805,0.1583716170687168,-0.00745989353986025,0.013883356601380419,-0.00265430881319034,0.016589509390282076,-0.01601116519711072,-0.00170795437732359,0.0153708625738326,0.013356856383920382,0.015104887590760134,0.01626790215477218,0.01,50,-0.019311800924138034
479,5.413733959197998,False,200,0.029838078863347318,0.03497775372608074,0.0806616076602138,-0.026646895020439505,0.04211115911365465,-0.042018938492647546,0.015168896117582688,-0.012475646606604069,-0.018894559656179224,-0.0569193658116562,-0.029543291886043477,0.009208157201764657,0.017133125512318822,0.01,50,-0.030362030284334925
480,5.61001443862915,False,200,0.03931590923709773,0.04408267700727685,0.1053808729394019,-0.02708443958137861,0.046445526113017215,-0.046445526113017215,0.018507251461291636,-0.01424761959269294,-0.015558315112818737,-0.0513313675480855,-0.032197906520324275,0.007165556412400662,0.029116253450436454,0.01,50,-0.04169374529964495
481,5.367746353149414,False,200,0.05584415535182359,0.0604302998944513,0.1198256142698426,-0.0549399160161078,0.04250944584751636,-0.03889248850465319,0.03128440329759349,-0.05597640884622118,-0.07237191334578043,0.0044829305357847,0.01708392034156799,0.008265055242246773,0.032702351473125495,0.01,50,-0.059682131865435605
482,4.864387035369873,False,200,0.025059787977975763,0.03066635471685009,0.1580547823591844,-0.0001824369455964714,0.016838529818918053,0.016052819319759094,0.012027505827774308,-0.011840219172751618,-0.012559490997971778,-0.0004570373298662,0.02789303849251071,0.030754501051983463,0.02502632964091082,0.01,50,-0.024888478664799454
483,4.499662399291992,False,200,0.01617895432538476,0.021012078207439302,0.1051848237433139,0.008746045240536002,0.014156136273142154,0.013334322924259623,0.01002774765584572,0.01019940308729961,-0.0057245936143961815,-0.0015637081706634,0.0031349198369600133,0.010818429526259301,0.014972550513681055,0.01,50,-0.014405194980539257
484,5.3372063636779785,False,200,0.022446284051377007,0.03361048996916634,0.301621051607829,-0.013934288081781227,0.01614700042713784,-0.007698583381975535,0.018153588018250885,-0.02369583288471413,-0.02434462498068012,-0.0163951350543207,0.015997249502738592,0.0057047985289945405,0.017369297593311697,0.01,50,-0.022090173170647293
485,5.733975410461426,False,200,0.020554398554644252,0.03154854602592144,0.1657384373473176,-0.01803447115763792,0.015012745728018419,-0.012455089683505678,0.017834696677069696,-0.0177719117315566,-0.026250594385403937,-0.0149849783698527,0.005316822048050923,0.006819688736664842,0.038600317428974726,0.01,50,-0.019166784047402838
486,5.060493469238281,False,200,0.019943632710202507,0.02514450054846083,0.0787675929567361,-0.009506719350701727,0.018822198611432604,-0.008561868340472546,0.019816135097089203,-0.009712135108562912,-0.005362161080095269,-0.0098523898891604,0.001150266768090366,0.026746554146054768,0.014198759503704306,0.01,50,-0.019317213504721095
487,4.215733528137207,False,200,0.02382397479088605,0.03691010096222956,0.3531633236705298,-0.017595677964623378,0.019984708642604116,-0.018416661041484924,0.015389339837344128,-0.013424242371374769,-0.026603514574129888,-0.0313242790055925,-0.004992418670110155,0.015673438730180955,0.010848817081480486,0.01,50,-0.023948781376192673
488,4.526268005371094,False,200,0.01272724548401877,0.0157287482082053,0.0512399286366935,0.001601288282515966,0.014512585820630218,0.0004518789417109097,0.016732084070765877,0.00100323787993316,0.009696101331574914,-0.0023597424386725,-0.0005513589382222502,0.016692506698695243,0.02252566138234606,0.01,50,-0.009426348145116815
489,4.5581536293029785,False,200,0.01701159972064674,0.020509608009776664,0.0549127772385524,-0.0014570315191970037,0.01736494321586831,-0.0021435101715531904,0.019518906626260563,0.003984995524606944,-0.00427544341490263,-0.0272626056195592,-0.006128505696160134,0.019339938083772705,0.02047609679071736,0.01,50,-0.01567121621077451
490,5.500158309936523,False,200,0.03358878850685727,0.03989972273642672,0.1212620868595433,-0.03201135997562918,0.02370764989176666,-0.02328704791182499,0.015252617593799523,-0.023542150523060437,-0.05988793898873132,-0.0044545801515001,0.0002551026112354478,0.007346907348799041,0.021952779466850685,0.01,50,-0.03485497710424645
491,5.701789379119873,False,200,0.027931996157851895,0.03486539569256211,0.0854262031712718,-0.022842477971223657,0.030517966921802656,-0.030291277309785952,0.022622857730113903,-0.031110078296914537,-0.022234087394878924,-0.0655531169217331,0.0008188009871285852,0.0069394999265118456,0.05014390121269886,0.01,50,-0.02777578812131655
492,5.478093147277832,False,200,0.061220763195375304,0.06326835901161845,0.1384838266441663,-0.061220763195375304,0.06538126967979105,-0.06538126967979105,0.012033208931409712,-0.05240169782426325,-0.054339970219750455,-0.0364304037968032,-0.012979571855527797,0.006443853444472254,0.012796330057434168,0.01,50,-0.06587641807036526
493,5.427340030670166,False,200,0.054761930695113585,0.060173276177884406,0.1244996834299527,-0.054480883998761866,0.05073342829701321,-0.05073342829701321,0.01802080214863083,-0.042765511213936055,-0.056676162359698995,-0.0230637244498517,-0.007967917083077154,0.0057341591465385165,0.019632927924284522,0.01,50,-0.05856151404629793
494,5.601866722106934,False,200,0.03297393979237285,0.03673365986965336,0.0800712979747082,-0.02693003164792393,0.032513219403531336,-0.01889521796603345,0.032087574893307456,-0.02321976929676472,-0.0321776506045576,-0.0357214949539939,0.004324551330731272,0.006959380613564667,0.05901033212592635,0.01,50,-0.03418383649930633
495,5.307523250579834,False,200,0.02485554476909399,0.03267803540642894,0.1031216560091197,-0.022185864623658277,0.013841706772986254,-0.009731492114237435,0.014924107645759585,-0.030152087201833527,-0.025544520571167576,-0.0135864503057643,0.02042059508759609,0.015965020452130364,0.016556783758223653,0.01,50,-0.024433390545785375
496,5.340670585632324,False,200,0.028478546067245106,0.03430897097728372,0.0772741571214084,-0.01805390724210575,0.024657188323617508,-0.020503711868110275,0.023229684699723162,-0.01200854373087268,-0.030195684831545076,-0.0392626809681901,-0.008495168137237595,0.006744523583862828,0.02215162694376593,0.01,50,-0.0288421127064505
497,4.14300537109375,False,200,0.01552459494649747,0.029004368696516673,0.3050871398967096,-0.0058073509096966845,0.016568303283300754,-0.0141455923034701,0.01329260322543059,-0.010619978545296374,-0.0011833372944583,-0.0251892113070617,-0.0035256137581737255,0.013670691077817286,0.010972782984523552,0.01,50,-0.013357128894874934
498,5.043972015380859,False,200,0.0178370239423027,0.0253948078082745,0.2009463258520147,0.0037146383758672437,0.020548867185513152,0.01083069043645823,0.02238959926772321,-0.006151168954445502,0.00020426390367437577,-0.0166876416410151,0.01698185939090373,0.04000577380531247,0.01706236527564757,0.01,50,-0.016228504217322637
499,4.544084072113037,True,200,0.005316364206716415,0.027506763380550296,0.3461122540174379,-0.000548030961926292,0.0019335391395037997,-0.0019335391395037997,8.673617379884035e-19,-0.0015697619969999624,-0.0019335391395037997,-0.0019335391395038,-0.0003637771425038373,0.0,0.0,0.0,0,0.005150569443486396
